source_sheet,leap_sector_name_full_path,raw_leap_fuel_name,missing_code_type,missing_code,proposed_leap_display_name,source_kind,distinct_implied_display_names,review_status,note
"leap_combined_esto","Electricity Generation","Ammonia","esto_flow","09.01.01,09.02.01 Electricity plants","Electricity Generation","sector","Electricity Generation | Electricity interim","ambiguous_multiple_implied_names","The same code resolves to multiple LEAP names across active mappings; do not add automatically."
"leap_combined_esto","Electricity Generation","Anthracite","esto_flow","09.01.01,09.02.01 Electricity plants","Electricity Generation","sector","Electricity Generation | Electricity interim","ambiguous_multiple_implied_names","The same code resolves to multiple LEAP names across active mappings; do not add automatically."
"leap_combined_esto","Electricity Generation","Bagasse","esto_flow","09.01.01,09.02.01 Electricity plants","Electricity Generation","sector","Electricity Generation | Electricity interim","ambiguous_multiple_implied_names","The same code resolves to multiple LEAP names across active mappings; do not add automatically."
"leap_combined_esto","Electricity Generation","Biodiesel","esto_flow","09.01.01,09.02.01 Electricity plants","Electricity Generation","sector","Electricity Generation | Electricity interim","ambiguous_multiple_implied_names","The same code resolves to multiple LEAP names across active mappings; do not add automatically."
"leap_combined_esto","Electricity Generation","Biogas","esto_flow","09.01.01,09.02.01 Electricity plants","Electricity Generation","sector","Electricity Generation | Electricity interim","ambiguous_multiple_implied_names","The same code resolves to multiple LEAP names across active mappings; do not add automatically."
"leap_combined_esto","Electricity Generation","Bitumen","esto_flow","09.01.01,09.02.01 Electricity plants","Electricity Generation","sector","Electricity Generation | Electricity interim","ambiguous_multiple_implied_names","The same code resolves to multiple LEAP names across active mappings; do not add automatically."
"leap_combined_esto","Electricity Generation","BKB and PB","esto_flow","09.01.01,09.02.01 Electricity plants","Electricity Generation","sector","Electricity Generation | Electricity interim","ambiguous_multiple_implied_names","The same code resolves to multiple LEAP names across active mappings; do not add automatically."
"leap_combined_esto","Electricity Generation","Black liquor","esto_flow","09.01.01,09.02.01 Electricity plants","Electricity Generation","sector","Electricity Generation | Electricity interim","ambiguous_multiple_implied_names","The same code resolves to multiple LEAP names across active mappings; do not add automatically."
"leap_combined_esto","Electricity Generation","Blast furnace gas","esto_flow","09.01.01,09.02.01 Electricity plants","Electricity Generation","sector","Electricity Generation | Electricity interim","ambiguous_multiple_implied_names","The same code resolves to multiple LEAP names across active mappings; do not add automatically."
"leap_combined_esto","Electricity Generation","Coal tar","esto_flow","09.01.01,09.02.01 Electricity plants","Electricity Generation","sector","Electricity Generation | Electricity interim","ambiguous_multiple_implied_names","The same code resolves to multiple LEAP names across active mappings; do not add automatically."
"leap_combined_esto","Electricity Generation","Coke oven coke","esto_flow","09.01.01,09.02.01 Electricity plants","Electricity Generation","sector","Electricity Generation | Electricity interim","ambiguous_multiple_implied_names","The same code resolves to multiple LEAP names across active mappings; do not add automatically."
"leap_combined_esto","Electricity Generation","Coke oven gas","esto_flow","09.01.01,09.02.01 Electricity plants","Electricity Generation","sector","Electricity Generation | Electricity interim","ambiguous_multiple_implied_names","The same code resolves to multiple LEAP names across active mappings; do not add automatically."
"leap_combined_esto","Electricity Generation","Crude oil","esto_flow","09.01.01,09.02.01 Electricity plants","Electricity Generation","sector","Electricity Generation | Electricity interim","ambiguous_multiple_implied_names","The same code resolves to multiple LEAP names across active mappings; do not add automatically."
"leap_combined_esto","Electricity Generation","Electricity","esto_flow","09.01.01,09.02.01 Electricity plants","Electricity Generation","sector","Electricity Generation | Electricity interim","ambiguous_multiple_implied_names","The same code resolves to multiple LEAP names across active mappings; do not add automatically."
"leap_combined_esto","Electricity Generation","Fuel oil","esto_flow","09.01.01,09.02.01 Electricity plants","Electricity Generation","sector","Electricity Generation | Electricity interim","ambiguous_multiple_implied_names","The same code resolves to multiple LEAP names across active mappings; do not add automatically."
"leap_combined_esto","Electricity Generation","Fuelwood and woodwaste","esto_flow","09.01.01,09.02.01 Electricity plants","Electricity Generation","sector","Electricity Generation | Electricity interim","ambiguous_multiple_implied_names","The same code resolves to multiple LEAP names across active mappings; do not add automatically."
"leap_combined_esto","Electricity Generation","Gas and diesel oil","esto_flow","09.01.01,09.02.01 Electricity plants","Electricity Generation","sector","Electricity Generation | Electricity interim","ambiguous_multiple_implied_names","The same code resolves to multiple LEAP names across active mappings; do not add automatically."
"leap_combined_esto","Electricity Generation","Gas coke","esto_flow","09.01.01,09.02.01 Electricity plants","Electricity Generation","sector","Electricity Generation | Electricity interim","ambiguous_multiple_implied_names","The same code resolves to multiple LEAP names across active mappings; do not add automatically."
"leap_combined_esto","Electricity Generation","Gas works gas","esto_flow","09.01.01,09.02.01 Electricity plants","Electricity Generation","sector","Electricity Generation | Electricity interim","ambiguous_multiple_implied_names","The same code resolves to multiple LEAP names across active mappings; do not add automatically."
"leap_combined_esto","Electricity Generation","Gasoline type jet fuel","esto_flow","09.01.01,09.02.01 Electricity plants","Electricity Generation","sector","Electricity Generation | Electricity interim","ambiguous_multiple_implied_names","The same code resolves to multiple LEAP names across active mappings; do not add automatically."
"leap_combined_esto","Electricity Generation","Geothermal","esto_flow","09.01.01,09.02.01 Electricity plants","Electricity Generation","sector","Electricity Generation | Electricity interim","ambiguous_multiple_implied_names","The same code resolves to multiple LEAP names across active mappings; do not add automatically."
"leap_combined_esto","Electricity Generation","Heat","esto_flow","09.01.01,09.02.01 Electricity plants","Electricity Generation","sector","Electricity Generation | Electricity interim","ambiguous_multiple_implied_names","The same code resolves to multiple LEAP names across active mappings; do not add automatically."
"leap_combined_esto","Electricity Generation","Hydro","esto_flow","09.01.01,09.02.01 Electricity plants","Electricity Generation","sector","Electricity Generation | Electricity interim","ambiguous_multiple_implied_names","The same code resolves to multiple LEAP names across active mappings; do not add automatically."
"leap_combined_esto","Electricity Generation","Hydrogen","esto_flow","09.01.01,09.02.01 Electricity plants","Electricity Generation","sector","Electricity Generation | Electricity interim","ambiguous_multiple_implied_names","The same code resolves to multiple LEAP names across active mappings; do not add automatically."
"leap_combined_esto","Electricity Generation","Industrial waste","esto_flow","09.01.01,09.02.01 Electricity plants","Electricity Generation","sector","Electricity Generation | Electricity interim","ambiguous_multiple_implied_names","The same code resolves to multiple LEAP names across active mappings; do not add automatically."
"leap_combined_esto","Electricity Generation","Kerosene","esto_flow","09.01.01,09.02.01 Electricity plants","Electricity Generation","sector","Electricity Generation | Electricity interim","ambiguous_multiple_implied_names","The same code resolves to multiple LEAP names across active mappings; do not add automatically."
"leap_combined_esto","Electricity Generation","Kerosene type jet fuel","esto_flow","09.01.01,09.02.01 Electricity plants","Electricity Generation","sector","Electricity Generation | Electricity interim","ambiguous_multiple_implied_names","The same code resolves to multiple LEAP names across active mappings; do not add automatically."
"leap_combined_esto","Electricity Generation","Lignite","esto_flow","09.01.01,09.02.01 Electricity plants","Electricity Generation","sector","Electricity Generation | Electricity interim","ambiguous_multiple_implied_names","The same code resolves to multiple LEAP names across active mappings; do not add automatically."
"leap_combined_esto","Electricity Generation","LNG","esto_flow","09.01.01,09.02.01 Electricity plants","Electricity Generation","sector","Electricity Generation | Electricity interim","ambiguous_multiple_implied_names","The same code resolves to multiple LEAP names across active mappings; do not add automatically."
"leap_combined_esto","Electricity Generation","LPG","esto_flow","09.01.01,09.02.01 Electricity plants","Electricity Generation","sector","Electricity Generation | Electricity interim","ambiguous_multiple_implied_names","The same code resolves to multiple LEAP names across active mappings; do not add automatically."
"leap_combined_esto","Electricity Generation","Motor gasoline","esto_flow","09.01.01,09.02.01 Electricity plants","Electricity Generation","sector","Electricity Generation | Electricity interim","ambiguous_multiple_implied_names","The same code resolves to multiple LEAP names across active mappings; do not add automatically."
"leap_combined_esto","Electricity Generation","Municipal solid waste non renewable","esto_flow","09.01.01,09.02.01 Electricity plants","Electricity Generation","sector","Electricity Generation | Electricity interim","ambiguous_multiple_implied_names","The same code resolves to multiple LEAP names across active mappings; do not add automatically."
"leap_combined_esto","Electricity Generation","Municipal solid waste renewable","esto_flow","09.01.01,09.02.01 Electricity plants","Electricity Generation","sector","Electricity Generation | Electricity interim","ambiguous_multiple_implied_names","The same code resolves to multiple LEAP names across active mappings; do not add automatically."
"leap_combined_esto","Electricity Generation","Naphtha","esto_flow","09.01.01,09.02.01 Electricity plants","Electricity Generation","sector","Electricity Generation | Electricity interim","ambiguous_multiple_implied_names","The same code resolves to multiple LEAP names across active mappings; do not add automatically."
"leap_combined_esto","Electricity Generation","Natural gas","esto_flow","09.01.01,09.02.01 Electricity plants","Electricity Generation","sector","Electricity Generation | Electricity interim","ambiguous_multiple_implied_names","The same code resolves to multiple LEAP names across active mappings; do not add automatically."
"leap_combined_esto","Electricity Generation","Natural gas liquids","esto_flow","09.01.01,09.02.01 Electricity plants","Electricity Generation","sector","Electricity Generation | Electricity interim","ambiguous_multiple_implied_names","The same code resolves to multiple LEAP names across active mappings; do not add automatically."
"leap_combined_esto","Electricity Generation","Nuclear","esto_flow","09.01.01,09.02.01 Electricity plants","Electricity Generation","sector","Electricity Generation | Electricity interim","ambiguous_multiple_implied_names","The same code resolves to multiple LEAP names across active mappings; do not add automatically."
"leap_combined_esto","Electricity Generation","Other biomass","esto_flow","09.01.01,09.02.01 Electricity plants","Electricity Generation","sector","Electricity Generation | Electricity interim","ambiguous_multiple_implied_names","The same code resolves to multiple LEAP names across active mappings; do not add automatically."
"leap_combined_esto","Electricity Generation","Other bituminous coal","esto_flow","09.01.01,09.02.01 Electricity plants","Electricity Generation","sector","Electricity Generation | Electricity interim","ambiguous_multiple_implied_names","The same code resolves to multiple LEAP names across active mappings; do not add automatically."
"leap_combined_esto","Electricity Generation","Other liquid biofuels","esto_flow","09.01.01,09.02.01 Electricity plants","Electricity Generation","sector","Electricity Generation | Electricity interim","ambiguous_multiple_implied_names","The same code resolves to multiple LEAP names across active mappings; do not add automatically."
"leap_combined_esto","Electricity Generation","Other products","esto_flow","09.01.01,09.02.01 Electricity plants","Electricity Generation","sector","Electricity Generation | Electricity interim","ambiguous_multiple_implied_names","The same code resolves to multiple LEAP names across active mappings; do not add automatically."
"leap_combined_esto","Electricity Generation","Other recovered gases","esto_flow","09.01.01,09.02.01 Electricity plants","Electricity Generation","sector","Electricity Generation | Electricity interim","ambiguous_multiple_implied_names","The same code resolves to multiple LEAP names across active mappings; do not add automatically."
"leap_combined_esto","Electricity Generation","Other sources","esto_flow","09.01.01,09.02.01 Electricity plants","Electricity Generation","sector","Electricity Generation | Electricity interim","ambiguous_multiple_implied_names","The same code resolves to multiple LEAP names across active mappings; do not add automatically."
"leap_combined_esto","Electricity Generation","Patent fuel","esto_flow","09.01.01,09.02.01 Electricity plants","Electricity Generation","sector","Electricity Generation | Electricity interim","ambiguous_multiple_implied_names","The same code resolves to multiple LEAP names across active mappings; do not add automatically."
"leap_combined_esto","Electricity Generation","PetProd nonspecified","esto_flow","09.01.01,09.02.01 Electricity plants","Electricity Generation","sector","Electricity Generation | Electricity interim","ambiguous_multiple_implied_names","The same code resolves to multiple LEAP names across active mappings; do not add automatically."
"leap_combined_esto","Electricity Generation","Petroleum coke","esto_flow","09.01.01,09.02.01 Electricity plants","Electricity Generation","sector","Electricity Generation | Electricity interim","ambiguous_multiple_implied_names","The same code resolves to multiple LEAP names across active mappings; do not add automatically."
"leap_combined_esto","Electricity Generation","Refinery gas not liquefied","esto_flow","09.01.01,09.02.01 Electricity plants","Electricity Generation","sector","Electricity Generation | Electricity interim","ambiguous_multiple_implied_names","The same code resolves to multiple LEAP names across active mappings; do not add automatically."
"leap_combined_esto","Electricity Generation","Solar nonspecified","esto_flow","09.01.01,09.02.01 Electricity plants","Electricity Generation","sector","Electricity Generation | Electricity interim","ambiguous_multiple_implied_names","The same code resolves to multiple LEAP names across active mappings; do not add automatically."
"leap_combined_esto","Electricity Generation","Solar photovoltaics","esto_flow","09.01.01,09.02.01 Electricity plants","Electricity Generation","sector","Electricity Generation | Electricity interim","ambiguous_multiple_implied_names","The same code resolves to multiple LEAP names across active mappings; do not add automatically."
"leap_combined_esto","Electricity Generation","Sub bituminous coal","esto_flow","09.01.01,09.02.01 Electricity plants","Electricity Generation","sector","Electricity Generation | Electricity interim","ambiguous_multiple_implied_names","The same code resolves to multiple LEAP names across active mappings; do not add automatically."
"leap_combined_esto","Electricity Generation","Wind","esto_flow","09.01.01,09.02.01 Electricity plants","Electricity Generation","sector","Electricity Generation | Electricity interim","ambiguous_multiple_implied_names","The same code resolves to multiple LEAP names across active mappings; do not add automatically."
"leap_combined_esto","Electricity interim/Electricity interim","Ammonia","esto_flow","09.01.01,09.02.01 Electricity plants","Electricity interim","sector","Electricity Generation | Electricity interim","ambiguous_multiple_implied_names","The same code resolves to multiple LEAP names across active mappings; do not add automatically."
"leap_combined_esto","Electricity interim/Electricity interim","Anthracite","esto_flow","09.01.01,09.02.01 Electricity plants","Electricity interim","sector","Electricity Generation | Electricity interim","ambiguous_multiple_implied_names","The same code resolves to multiple LEAP names across active mappings; do not add automatically."
"leap_combined_esto","Electricity interim/Electricity interim","Bagasse","esto_flow","09.01.01,09.02.01 Electricity plants","Electricity interim","sector","Electricity Generation | Electricity interim","ambiguous_multiple_implied_names","The same code resolves to multiple LEAP names across active mappings; do not add automatically."
"leap_combined_esto","Electricity interim/Electricity interim","Biodiesel","esto_flow","09.01.01,09.02.01 Electricity plants","Electricity interim","sector","Electricity Generation | Electricity interim","ambiguous_multiple_implied_names","The same code resolves to multiple LEAP names across active mappings; do not add automatically."
"leap_combined_esto","Electricity interim/Electricity interim","Biogas","esto_flow","09.01.01,09.02.01 Electricity plants","Electricity interim","sector","Electricity Generation | Electricity interim","ambiguous_multiple_implied_names","The same code resolves to multiple LEAP names across active mappings; do not add automatically."
"leap_combined_esto","Electricity interim/Electricity interim","Bitumen","esto_flow","09.01.01,09.02.01 Electricity plants","Electricity interim","sector","Electricity Generation | Electricity interim","ambiguous_multiple_implied_names","The same code resolves to multiple LEAP names across active mappings; do not add automatically."
"leap_combined_esto","Electricity interim/Electricity interim","BKB and PB","esto_flow","09.01.01,09.02.01 Electricity plants","Electricity interim","sector","Electricity Generation | Electricity interim","ambiguous_multiple_implied_names","The same code resolves to multiple LEAP names across active mappings; do not add automatically."
"leap_combined_esto","Electricity interim/Electricity interim","Black liquor","esto_flow","09.01.01,09.02.01 Electricity plants","Electricity interim","sector","Electricity Generation | Electricity interim","ambiguous_multiple_implied_names","The same code resolves to multiple LEAP names across active mappings; do not add automatically."
"leap_combined_esto","Electricity interim/Electricity interim","Blast furnace gas","esto_flow","09.01.01,09.02.01 Electricity plants","Electricity interim","sector","Electricity Generation | Electricity interim","ambiguous_multiple_implied_names","The same code resolves to multiple LEAP names across active mappings; do not add automatically."
"leap_combined_esto","Electricity interim/Electricity interim","Coal tar","esto_flow","09.01.01,09.02.01 Electricity plants","Electricity interim","sector","Electricity Generation | Electricity interim","ambiguous_multiple_implied_names","The same code resolves to multiple LEAP names across active mappings; do not add automatically."
"leap_combined_esto","Electricity interim/Electricity interim","Coke oven coke","esto_flow","09.01.01,09.02.01 Electricity plants","Electricity interim","sector","Electricity Generation | Electricity interim","ambiguous_multiple_implied_names","The same code resolves to multiple LEAP names across active mappings; do not add automatically."
"leap_combined_esto","Electricity interim/Electricity interim","Coke oven gas","esto_flow","09.01.01,09.02.01 Electricity plants","Electricity interim","sector","Electricity Generation | Electricity interim","ambiguous_multiple_implied_names","The same code resolves to multiple LEAP names across active mappings; do not add automatically."
"leap_combined_esto","Electricity interim/Electricity interim","Crude oil","esto_flow","09.01.01,09.02.01 Electricity plants","Electricity interim","sector","Electricity Generation | Electricity interim","ambiguous_multiple_implied_names","The same code resolves to multiple LEAP names across active mappings; do not add automatically."
"leap_combined_esto","Electricity interim/Electricity interim","Electricity","esto_flow","09.01.01,09.02.01 Electricity plants","Electricity interim","sector","Electricity Generation | Electricity interim","ambiguous_multiple_implied_names","The same code resolves to multiple LEAP names across active mappings; do not add automatically."
"leap_combined_esto","Electricity interim/Electricity interim","Fuel oil","esto_flow","09.01.01,09.02.01 Electricity plants","Electricity interim","sector","Electricity Generation | Electricity interim","ambiguous_multiple_implied_names","The same code resolves to multiple LEAP names across active mappings; do not add automatically."
"leap_combined_esto","Electricity interim/Electricity interim","Fuelwood and woodwaste","esto_flow","09.01.01,09.02.01 Electricity plants","Electricity interim","sector","Electricity Generation | Electricity interim","ambiguous_multiple_implied_names","The same code resolves to multiple LEAP names across active mappings; do not add automatically."
"leap_combined_esto","Electricity interim/Electricity interim","Gas and diesel oil","esto_flow","09.01.01,09.02.01 Electricity plants","Electricity interim","sector","Electricity Generation | Electricity interim","ambiguous_multiple_implied_names","The same code resolves to multiple LEAP names across active mappings; do not add automatically."
"leap_combined_esto","Electricity interim/Electricity interim","Gas coke","esto_flow","09.01.01,09.02.01 Electricity plants","Electricity interim","sector","Electricity Generation | Electricity interim","ambiguous_multiple_implied_names","The same code resolves to multiple LEAP names across active mappings; do not add automatically."
"leap_combined_esto","Electricity interim/Electricity interim","Gas works gas","esto_flow","09.01.01,09.02.01 Electricity plants","Electricity interim","sector","Electricity Generation | Electricity interim","ambiguous_multiple_implied_names","The same code resolves to multiple LEAP names across active mappings; do not add automatically."
"leap_combined_esto","Electricity interim/Electricity interim","Gasoline type jet fuel","esto_flow","09.01.01,09.02.01 Electricity plants","Electricity interim","sector","Electricity Generation | Electricity interim","ambiguous_multiple_implied_names","The same code resolves to multiple LEAP names across active mappings; do not add automatically."
"leap_combined_esto","Electricity interim/Electricity interim","Geothermal","esto_flow","09.01.01,09.02.01 Electricity plants","Electricity interim","sector","Electricity Generation | Electricity interim","ambiguous_multiple_implied_names","The same code resolves to multiple LEAP names across active mappings; do not add automatically."
"leap_combined_esto","Electricity interim/Electricity interim","Heat","esto_flow","09.01.01,09.02.01 Electricity plants","Electricity interim","sector","Electricity Generation | Electricity interim","ambiguous_multiple_implied_names","The same code resolves to multiple LEAP names across active mappings; do not add automatically."
"leap_combined_esto","Electricity interim/Electricity interim","Hydro","esto_flow","09.01.01,09.02.01 Electricity plants","Electricity interim","sector","Electricity Generation | Electricity interim","ambiguous_multiple_implied_names","The same code resolves to multiple LEAP names across active mappings; do not add automatically."
"leap_combined_esto","Electricity interim/Electricity interim","Hydrogen","esto_flow","09.01.01,09.02.01 Electricity plants","Electricity interim","sector","Electricity Generation | Electricity interim","ambiguous_multiple_implied_names","The same code resolves to multiple LEAP names across active mappings; do not add automatically."
"leap_combined_esto","Electricity interim/Electricity interim","Industrial waste","esto_flow","09.01.01,09.02.01 Electricity plants","Electricity interim","sector","Electricity Generation | Electricity interim","ambiguous_multiple_implied_names","The same code resolves to multiple LEAP names across active mappings; do not add automatically."
"leap_combined_esto","Electricity interim/Electricity interim","Kerosene","esto_flow","09.01.01,09.02.01 Electricity plants","Electricity interim","sector","Electricity Generation | Electricity interim","ambiguous_multiple_implied_names","The same code resolves to multiple LEAP names across active mappings; do not add automatically."
"leap_combined_esto","Electricity interim/Electricity interim","Kerosene type jet fuel","esto_flow","09.01.01,09.02.01 Electricity plants","Electricity interim","sector","Electricity Generation | Electricity interim","ambiguous_multiple_implied_names","The same code resolves to multiple LEAP names across active mappings; do not add automatically."
"leap_combined_esto","Electricity interim/Electricity interim","Lignite","esto_flow","09.01.01,09.02.01 Electricity plants","Electricity interim","sector","Electricity Generation | Electricity interim","ambiguous_multiple_implied_names","The same code resolves to multiple LEAP names across active mappings; do not add automatically."
"leap_combined_esto","Electricity interim/Electricity interim","LNG","esto_flow","09.01.01,09.02.01 Electricity plants","Electricity interim","sector","Electricity Generation | Electricity interim","ambiguous_multiple_implied_names","The same code resolves to multiple LEAP names across active mappings; do not add automatically."
"leap_combined_esto","Electricity interim/Electricity interim","LPG","esto_flow","09.01.01,09.02.01 Electricity plants","Electricity interim","sector","Electricity Generation | Electricity interim","ambiguous_multiple_implied_names","The same code resolves to multiple LEAP names across active mappings; do not add automatically."
"leap_combined_esto","Electricity interim/Electricity interim","Motor gasoline","esto_flow","09.01.01,09.02.01 Electricity plants","Electricity interim","sector","Electricity Generation | Electricity interim","ambiguous_multiple_implied_names","The same code resolves to multiple LEAP names across active mappings; do not add automatically."
"leap_combined_esto","Electricity interim/Electricity interim","Municipal solid waste non renewable","esto_flow","09.01.01,09.02.01 Electricity plants","Electricity interim","sector","Electricity Generation | Electricity interim","ambiguous_multiple_implied_names","The same code resolves to multiple LEAP names across active mappings; do not add automatically."
"leap_combined_esto","Electricity interim/Electricity interim","Municipal solid waste renewable","esto_flow","09.01.01,09.02.01 Electricity plants","Electricity interim","sector","Electricity Generation | Electricity interim","ambiguous_multiple_implied_names","The same code resolves to multiple LEAP names across active mappings; do not add automatically."
"leap_combined_esto","Electricity interim/Electricity interim","Naphtha","esto_flow","09.01.01,09.02.01 Electricity plants","Electricity interim","sector","Electricity Generation | Electricity interim","ambiguous_multiple_implied_names","The same code resolves to multiple LEAP names across active mappings; do not add automatically."
"leap_combined_esto","Electricity interim/Electricity interim","Natural gas","esto_flow","09.01.01,09.02.01 Electricity plants","Electricity interim","sector","Electricity Generation | Electricity interim","ambiguous_multiple_implied_names","The same code resolves to multiple LEAP names across active mappings; do not add automatically."
"leap_combined_esto","Electricity interim/Electricity interim","Natural gas liquids","esto_flow","09.01.01,09.02.01 Electricity plants","Electricity interim","sector","Electricity Generation | Electricity interim","ambiguous_multiple_implied_names","The same code resolves to multiple LEAP names across active mappings; do not add automatically."
"leap_combined_esto","Electricity interim/Electricity interim","Nuclear","esto_flow","09.01.01,09.02.01 Electricity plants","Electricity interim","sector","Electricity Generation | Electricity interim","ambiguous_multiple_implied_names","The same code resolves to multiple LEAP names across active mappings; do not add automatically."
"leap_combined_esto","Electricity interim/Electricity interim","Other biomass","esto_flow","09.01.01,09.02.01 Electricity plants","Electricity interim","sector","Electricity Generation | Electricity interim","ambiguous_multiple_implied_names","The same code resolves to multiple LEAP names across active mappings; do not add automatically."
"leap_combined_esto","Electricity interim/Electricity interim","Other bituminous coal","esto_flow","09.01.01,09.02.01 Electricity plants","Electricity interim","sector","Electricity Generation | Electricity interim","ambiguous_multiple_implied_names","The same code resolves to multiple LEAP names across active mappings; do not add automatically."
"leap_combined_esto","Electricity interim/Electricity interim","Other liquid biofuels","esto_flow","09.01.01,09.02.01 Electricity plants","Electricity interim","sector","Electricity Generation | Electricity interim","ambiguous_multiple_implied_names","The same code resolves to multiple LEAP names across active mappings; do not add automatically."
"leap_combined_esto","Electricity interim/Electricity interim","Other products","esto_flow","09.01.01,09.02.01 Electricity plants","Electricity interim","sector","Electricity Generation | Electricity interim","ambiguous_multiple_implied_names","The same code resolves to multiple LEAP names across active mappings; do not add automatically."
"leap_combined_esto","Electricity interim/Electricity interim","Other recovered gases","esto_flow","09.01.01,09.02.01 Electricity plants","Electricity interim","sector","Electricity Generation | Electricity interim","ambiguous_multiple_implied_names","The same code resolves to multiple LEAP names across active mappings; do not add automatically."
"leap_combined_esto","Electricity interim/Electricity interim","Other sources","esto_flow","09.01.01,09.02.01 Electricity plants","Electricity interim","sector","Electricity Generation | Electricity interim","ambiguous_multiple_implied_names","The same code resolves to multiple LEAP names across active mappings; do not add automatically."
"leap_combined_esto","Electricity interim/Electricity interim","Patent fuel","esto_flow","09.01.01,09.02.01 Electricity plants","Electricity interim","sector","Electricity Generation | Electricity interim","ambiguous_multiple_implied_names","The same code resolves to multiple LEAP names across active mappings; do not add automatically."
"leap_combined_esto","Electricity interim/Electricity interim","PetProd nonspecified","esto_flow","09.01.01,09.02.01 Electricity plants","Electricity interim","sector","Electricity Generation | Electricity interim","ambiguous_multiple_implied_names","The same code resolves to multiple LEAP names across active mappings; do not add automatically."
"leap_combined_esto","Electricity interim/Electricity interim","Petroleum coke","esto_flow","09.01.01,09.02.01 Electricity plants","Electricity interim","sector","Electricity Generation | Electricity interim","ambiguous_multiple_implied_names","The same code resolves to multiple LEAP names across active mappings; do not add automatically."
"leap_combined_esto","Electricity interim/Electricity interim","Refinery gas not liquefied","esto_flow","09.01.01,09.02.01 Electricity plants","Electricity interim","sector","Electricity Generation | Electricity interim","ambiguous_multiple_implied_names","The same code resolves to multiple LEAP names across active mappings; do not add automatically."
"leap_combined_esto","Electricity interim/Electricity interim","Solar nonspecified","esto_flow","09.01.01,09.02.01 Electricity plants","Electricity interim","sector","Electricity Generation | Electricity interim","ambiguous_multiple_implied_names","The same code resolves to multiple LEAP names across active mappings; do not add automatically."
"leap_combined_esto","Electricity interim/Electricity interim","Solar photovoltaics","esto_flow","09.01.01,09.02.01 Electricity plants","Electricity interim","sector","Electricity Generation | Electricity interim","ambiguous_multiple_implied_names","The same code resolves to multiple LEAP names across active mappings; do not add automatically."
"leap_combined_esto","Electricity interim/Electricity interim","Sub bituminous coal","esto_flow","09.01.01,09.02.01 Electricity plants","Electricity interim","sector","Electricity Generation | Electricity interim","ambiguous_multiple_implied_names","The same code resolves to multiple LEAP names across active mappings; do not add automatically."
"leap_combined_esto","Electricity interim/Electricity interim","Wind","esto_flow","09.01.01,09.02.01 Electricity plants","Electricity interim","sector","Electricity Generation | Electricity interim","ambiguous_multiple_implied_names","The same code resolves to multiple LEAP names across active mappings; do not add automatically."
"leap_combined_esto","CHP interim/CHP interim","Ammonia","esto_flow","09.01.02,09.02.02 CHP plants","CHP interim","sector","CHP interim | CHP plants","ambiguous_multiple_implied_names","The same code resolves to multiple LEAP names across active mappings; do not add automatically."
"leap_combined_esto","CHP interim/CHP interim","Anthracite","esto_flow","09.01.02,09.02.02 CHP plants","CHP interim","sector","CHP interim | CHP plants","ambiguous_multiple_implied_names","The same code resolves to multiple LEAP names across active mappings; do not add automatically."
"leap_combined_esto","CHP interim/CHP interim","Bagasse","esto_flow","09.01.02,09.02.02 CHP plants","CHP interim","sector","CHP interim | CHP plants","ambiguous_multiple_implied_names","The same code resolves to multiple LEAP names across active mappings; do not add automatically."
"leap_combined_esto","CHP interim/CHP interim","Biodiesel","esto_flow","09.01.02,09.02.02 CHP plants","CHP interim","sector","CHP interim | CHP plants","ambiguous_multiple_implied_names","The same code resolves to multiple LEAP names across active mappings; do not add automatically."
"leap_combined_esto","CHP interim/CHP interim","Biogas","esto_flow","09.01.02,09.02.02 CHP plants","CHP interim","sector","CHP interim | CHP plants","ambiguous_multiple_implied_names","The same code resolves to multiple LEAP names across active mappings; do not add automatically."
"leap_combined_esto","CHP interim/CHP interim","Bitumen","esto_flow","09.01.02,09.02.02 CHP plants","CHP interim","sector","CHP interim | CHP plants","ambiguous_multiple_implied_names","The same code resolves to multiple LEAP names across active mappings; do not add automatically."
"leap_combined_esto","CHP interim/CHP interim","BKB and PB","esto_flow","09.01.02,09.02.02 CHP plants","CHP interim","sector","CHP interim | CHP plants","ambiguous_multiple_implied_names","The same code resolves to multiple LEAP names across active mappings; do not add automatically."
"leap_combined_esto","CHP interim/CHP interim","Black liquor","esto_flow","09.01.02,09.02.02 CHP plants","CHP interim","sector","CHP interim | CHP plants","ambiguous_multiple_implied_names","The same code resolves to multiple LEAP names across active mappings; do not add automatically."
"leap_combined_esto","CHP interim/CHP interim","Blast furnace gas","esto_flow","09.01.02,09.02.02 CHP plants","CHP interim","sector","CHP interim | CHP plants","ambiguous_multiple_implied_names","The same code resolves to multiple LEAP names across active mappings; do not add automatically."
"leap_combined_esto","CHP interim/CHP interim","Coal tar","esto_flow","09.01.02,09.02.02 CHP plants","CHP interim","sector","CHP interim | CHP plants","ambiguous_multiple_implied_names","The same code resolves to multiple LEAP names across active mappings; do not add automatically."
"leap_combined_esto","CHP interim/CHP interim","Coke oven coke","esto_flow","09.01.02,09.02.02 CHP plants","CHP interim","sector","CHP interim | CHP plants","ambiguous_multiple_implied_names","The same code resolves to multiple LEAP names across active mappings; do not add automatically."
"leap_combined_esto","CHP interim/CHP interim","Coke oven gas","esto_flow","09.01.02,09.02.02 CHP plants","CHP interim","sector","CHP interim | CHP plants","ambiguous_multiple_implied_names","The same code resolves to multiple LEAP names across active mappings; do not add automatically."
"leap_combined_esto","CHP interim/CHP interim","Crude oil","esto_flow","09.01.02,09.02.02 CHP plants","CHP interim","sector","CHP interim | CHP plants","ambiguous_multiple_implied_names","The same code resolves to multiple LEAP names across active mappings; do not add automatically."
"leap_combined_esto","CHP interim/CHP interim","Electricity","esto_flow","09.01.02,09.02.02 CHP plants","CHP interim","sector","CHP interim | CHP plants","ambiguous_multiple_implied_names","The same code resolves to multiple LEAP names across active mappings; do not add automatically."
"leap_combined_esto","CHP interim/CHP interim","Fuel oil","esto_flow","09.01.02,09.02.02 CHP plants","CHP interim","sector","CHP interim | CHP plants","ambiguous_multiple_implied_names","The same code resolves to multiple LEAP names across active mappings; do not add automatically."
"leap_combined_esto","CHP interim/CHP interim","Fuelwood and woodwaste","esto_flow","09.01.02,09.02.02 CHP plants","CHP interim","sector","CHP interim | CHP plants","ambiguous_multiple_implied_names","The same code resolves to multiple LEAP names across active mappings; do not add automatically."
"leap_combined_esto","CHP interim/CHP interim","Gas and diesel oil","esto_flow","09.01.02,09.02.02 CHP plants","CHP interim","sector","CHP interim | CHP plants","ambiguous_multiple_implied_names","The same code resolves to multiple LEAP names across active mappings; do not add automatically."
"leap_combined_esto","CHP interim/CHP interim","Gas coke","esto_flow","09.01.02,09.02.02 CHP plants","CHP interim","sector","CHP interim | CHP plants","ambiguous_multiple_implied_names","The same code resolves to multiple LEAP names across active mappings; do not add automatically."
"leap_combined_esto","CHP interim/CHP interim","Gasoline type jet fuel","esto_flow","09.01.02,09.02.02 CHP plants","CHP interim","sector","CHP interim | CHP plants","ambiguous_multiple_implied_names","The same code resolves to multiple LEAP names across active mappings; do not add automatically."
"leap_combined_esto","CHP interim/CHP interim","Geothermal","esto_flow","09.01.02,09.02.02 CHP plants","CHP interim","sector","CHP interim | CHP plants","ambiguous_multiple_implied_names","The same code resolves to multiple LEAP names across active mappings; do not add automatically."
"leap_combined_esto","CHP interim/CHP interim","Heat","esto_flow","09.01.02,09.02.02 CHP plants","CHP interim","sector","CHP interim | CHP plants","ambiguous_multiple_implied_names","The same code resolves to multiple LEAP names across active mappings; do not add automatically."
"leap_combined_esto","CHP interim/CHP interim","Hydrogen","esto_flow","09.01.02,09.02.02 CHP plants","CHP interim","sector","CHP interim | CHP plants","ambiguous_multiple_implied_names","The same code resolves to multiple LEAP names across active mappings; do not add automatically."
"leap_combined_esto","CHP interim/CHP interim","Industrial waste","esto_flow","09.01.02,09.02.02 CHP plants","CHP interim","sector","CHP interim | CHP plants","ambiguous_multiple_implied_names","The same code resolves to multiple LEAP names across active mappings; do not add automatically."
"leap_combined_esto","CHP interim/CHP interim","Kerosene","esto_flow","09.01.02,09.02.02 CHP plants","CHP interim","sector","CHP interim | CHP plants","ambiguous_multiple_implied_names","The same code resolves to multiple LEAP names across active mappings; do not add automatically."
"leap_combined_esto","CHP interim/CHP interim","Lignite","esto_flow","09.01.02,09.02.02 CHP plants","CHP interim","sector","CHP interim | CHP plants","ambiguous_multiple_implied_names","The same code resolves to multiple LEAP names across active mappings; do not add automatically."
"leap_combined_esto","CHP interim/CHP interim","LPG","esto_flow","09.01.02,09.02.02 CHP plants","CHP interim","sector","CHP interim | CHP plants","ambiguous_multiple_implied_names","The same code resolves to multiple LEAP names across active mappings; do not add automatically."
"leap_combined_esto","CHP interim/CHP interim","Municipal solid waste non renewable","esto_flow","09.01.02,09.02.02 CHP plants","CHP interim","sector","CHP interim | CHP plants","ambiguous_multiple_implied_names","The same code resolves to multiple LEAP names across active mappings; do not add automatically."
"leap_combined_esto","CHP interim/CHP interim","Municipal solid waste renewable","esto_flow","09.01.02,09.02.02 CHP plants","CHP interim","sector","CHP interim | CHP plants","ambiguous_multiple_implied_names","The same code resolves to multiple LEAP names across active mappings; do not add automatically."
"leap_combined_esto","CHP interim/CHP interim","Naphtha","esto_flow","09.01.02,09.02.02 CHP plants","CHP interim","sector","CHP interim | CHP plants","ambiguous_multiple_implied_names","The same code resolves to multiple LEAP names across active mappings; do not add automatically."
"leap_combined_esto","CHP interim/CHP interim","Natural gas","esto_flow","09.01.02,09.02.02 CHP plants","CHP interim","sector","CHP interim | CHP plants","ambiguous_multiple_implied_names","The same code resolves to multiple LEAP names across active mappings; do not add automatically."
"leap_combined_esto","CHP interim/CHP interim","Nuclear","esto_flow","09.01.02,09.02.02 CHP plants","CHP interim","sector","CHP interim | CHP plants","ambiguous_multiple_implied_names","The same code resolves to multiple LEAP names across active mappings; do not add automatically."
"leap_combined_esto","CHP interim/CHP interim","Other biomass","esto_flow","09.01.02,09.02.02 CHP plants","CHP interim","sector","CHP interim | CHP plants","ambiguous_multiple_implied_names","The same code resolves to multiple LEAP names across active mappings; do not add automatically."
"leap_combined_esto","CHP interim/CHP interim","Other bituminous coal","esto_flow","09.01.02,09.02.02 CHP plants","CHP interim","sector","CHP interim | CHP plants","ambiguous_multiple_implied_names","The same code resolves to multiple LEAP names across active mappings; do not add automatically."
"leap_combined_esto","CHP interim/CHP interim","Other liquid biofuels","esto_flow","09.01.02,09.02.02 CHP plants","CHP interim","sector","CHP interim | CHP plants","ambiguous_multiple_implied_names","The same code resolves to multiple LEAP names across active mappings; do not add automatically."
"leap_combined_esto","CHP interim/CHP interim","Other products","esto_flow","09.01.02,09.02.02 CHP plants","CHP interim","sector","CHP interim | CHP plants","ambiguous_multiple_implied_names","The same code resolves to multiple LEAP names across active mappings; do not add automatically."
"leap_combined_esto","CHP interim/CHP interim","Other recovered gases","esto_flow","09.01.02,09.02.02 CHP plants","CHP interim","sector","CHP interim | CHP plants","ambiguous_multiple_implied_names","The same code resolves to multiple LEAP names across active mappings; do not add automatically."
"leap_combined_esto","CHP interim/CHP interim","Other sources","esto_flow","09.01.02,09.02.02 CHP plants","CHP interim","sector","CHP interim | CHP plants","ambiguous_multiple_implied_names","The same code resolves to multiple LEAP names across active mappings; do not add automatically."
"leap_combined_esto","CHP interim/CHP interim","Patent fuel","esto_flow","09.01.02,09.02.02 CHP plants","CHP interim","sector","CHP interim | CHP plants","ambiguous_multiple_implied_names","The same code resolves to multiple LEAP names across active mappings; do not add automatically."
"leap_combined_esto","CHP interim/CHP interim","Peat","esto_flow","09.01.02,09.02.02 CHP plants","CHP interim","sector","CHP interim | CHP plants","ambiguous_multiple_implied_names","The same code resolves to multiple LEAP names across active mappings; do not add automatically."
"leap_combined_esto","CHP interim/CHP interim","PetProd nonspecified","esto_flow","09.01.02,09.02.02 CHP plants","CHP interim","sector","CHP interim | CHP plants","ambiguous_multiple_implied_names","The same code resolves to multiple LEAP names across active mappings; do not add automatically."
"leap_combined_esto","CHP interim/CHP interim","Petroleum coke","esto_flow","09.01.02,09.02.02 CHP plants","CHP interim","sector","CHP interim | CHP plants","ambiguous_multiple_implied_names","The same code resolves to multiple LEAP names across active mappings; do not add automatically."
"leap_combined_esto","CHP interim/CHP interim","Refinery gas not liquefied","esto_flow","09.01.02,09.02.02 CHP plants","CHP interim","sector","CHP interim | CHP plants","ambiguous_multiple_implied_names","The same code resolves to multiple LEAP names across active mappings; do not add automatically."
"leap_combined_esto","CHP interim/CHP interim","Sub bituminous coal","esto_flow","09.01.02,09.02.02 CHP plants","CHP interim","sector","CHP interim | CHP plants","ambiguous_multiple_implied_names","The same code resolves to multiple LEAP names across active mappings; do not add automatically."
"leap_combined_esto","CHP plants","Ammonia","esto_flow","09.01.02,09.02.02 CHP plants","CHP plants","sector","CHP interim | CHP plants","ambiguous_multiple_implied_names","The same code resolves to multiple LEAP names across active mappings; do not add automatically."
"leap_combined_esto","CHP plants","Anthracite","esto_flow","09.01.02,09.02.02 CHP plants","CHP plants","sector","CHP interim | CHP plants","ambiguous_multiple_implied_names","The same code resolves to multiple LEAP names across active mappings; do not add automatically."
"leap_combined_esto","CHP plants","Bagasse","esto_flow","09.01.02,09.02.02 CHP plants","CHP plants","sector","CHP interim | CHP plants","ambiguous_multiple_implied_names","The same code resolves to multiple LEAP names across active mappings; do not add automatically."
"leap_combined_esto","CHP plants","Biodiesel","esto_flow","09.01.02,09.02.02 CHP plants","CHP plants","sector","CHP interim | CHP plants","ambiguous_multiple_implied_names","The same code resolves to multiple LEAP names across active mappings; do not add automatically."
"leap_combined_esto","CHP plants","Biogas","esto_flow","09.01.02,09.02.02 CHP plants","CHP plants","sector","CHP interim | CHP plants","ambiguous_multiple_implied_names","The same code resolves to multiple LEAP names across active mappings; do not add automatically."
"leap_combined_esto","CHP plants","Bitumen","esto_flow","09.01.02,09.02.02 CHP plants","CHP plants","sector","CHP interim | CHP plants","ambiguous_multiple_implied_names","The same code resolves to multiple LEAP names across active mappings; do not add automatically."
"leap_combined_esto","CHP plants","BKB and PB","esto_flow","09.01.02,09.02.02 CHP plants","CHP plants","sector","CHP interim | CHP plants","ambiguous_multiple_implied_names","The same code resolves to multiple LEAP names across active mappings; do not add automatically."
"leap_combined_esto","CHP plants","Black liquor","esto_flow","09.01.02,09.02.02 CHP plants","CHP plants","sector","CHP interim | CHP plants","ambiguous_multiple_implied_names","The same code resolves to multiple LEAP names across active mappings; do not add automatically."
"leap_combined_esto","CHP plants","Blast furnace gas","esto_flow","09.01.02,09.02.02 CHP plants","CHP plants","sector","CHP interim | CHP plants","ambiguous_multiple_implied_names","The same code resolves to multiple LEAP names across active mappings; do not add automatically."
"leap_combined_esto","CHP plants","Coal tar","esto_flow","09.01.02,09.02.02 CHP plants","CHP plants","sector","CHP interim | CHP plants","ambiguous_multiple_implied_names","The same code resolves to multiple LEAP names across active mappings; do not add automatically."
"leap_combined_esto","CHP plants","Coke oven coke","esto_flow","09.01.02,09.02.02 CHP plants","CHP plants","sector","CHP interim | CHP plants","ambiguous_multiple_implied_names","The same code resolves to multiple LEAP names across active mappings; do not add automatically."
"leap_combined_esto","CHP plants","Coke oven gas","esto_flow","09.01.02,09.02.02 CHP plants","CHP plants","sector","CHP interim | CHP plants","ambiguous_multiple_implied_names","The same code resolves to multiple LEAP names across active mappings; do not add automatically."
"leap_combined_esto","CHP plants","Crude oil","esto_flow","09.01.02,09.02.02 CHP plants","CHP plants","sector","CHP interim | CHP plants","ambiguous_multiple_implied_names","The same code resolves to multiple LEAP names across active mappings; do not add automatically."
"leap_combined_esto","CHP plants","Electricity","esto_flow","09.01.02,09.02.02 CHP plants","CHP plants","sector","CHP interim | CHP plants","ambiguous_multiple_implied_names","The same code resolves to multiple LEAP names across active mappings; do not add automatically."
"leap_combined_esto","CHP plants","Fuel oil","esto_flow","09.01.02,09.02.02 CHP plants","CHP plants","sector","CHP interim | CHP plants","ambiguous_multiple_implied_names","The same code resolves to multiple LEAP names across active mappings; do not add automatically."
"leap_combined_esto","CHP plants","Fuelwood and woodwaste","esto_flow","09.01.02,09.02.02 CHP plants","CHP plants","sector","CHP interim | CHP plants","ambiguous_multiple_implied_names","The same code resolves to multiple LEAP names across active mappings; do not add automatically."
"leap_combined_esto","CHP plants","Gas and diesel oil","esto_flow","09.01.02,09.02.02 CHP plants","CHP plants","sector","CHP interim | CHP plants","ambiguous_multiple_implied_names","The same code resolves to multiple LEAP names across active mappings; do not add automatically."
"leap_combined_esto","CHP plants","Gas coke","esto_flow","09.01.02,09.02.02 CHP plants","CHP plants","sector","CHP interim | CHP plants","ambiguous_multiple_implied_names","The same code resolves to multiple LEAP names across active mappings; do not add automatically."
"leap_combined_esto","CHP plants","Gasoline type jet fuel","esto_flow","09.01.02,09.02.02 CHP plants","CHP plants","sector","CHP interim | CHP plants","ambiguous_multiple_implied_names","The same code resolves to multiple LEAP names across active mappings; do not add automatically."
"leap_combined_esto","CHP plants","Geothermal","esto_flow","09.01.02,09.02.02 CHP plants","CHP plants","sector","CHP interim | CHP plants","ambiguous_multiple_implied_names","The same code resolves to multiple LEAP names across active mappings; do not add automatically."
"leap_combined_esto","CHP plants","Heat","esto_flow","09.01.02,09.02.02 CHP plants","CHP plants","sector","CHP interim | CHP plants","ambiguous_multiple_implied_names","The same code resolves to multiple LEAP names across active mappings; do not add automatically."
"leap_combined_esto","CHP plants","Hydrogen","esto_flow","09.01.02,09.02.02 CHP plants","CHP plants","sector","CHP interim | CHP plants","ambiguous_multiple_implied_names","The same code resolves to multiple LEAP names across active mappings; do not add automatically."
"leap_combined_esto","CHP plants","Industrial waste","esto_flow","09.01.02,09.02.02 CHP plants","CHP plants","sector","CHP interim | CHP plants","ambiguous_multiple_implied_names","The same code resolves to multiple LEAP names across active mappings; do not add automatically."
"leap_combined_esto","CHP plants","Kerosene","esto_flow","09.01.02,09.02.02 CHP plants","CHP plants","sector","CHP interim | CHP plants","ambiguous_multiple_implied_names","The same code resolves to multiple LEAP names across active mappings; do not add automatically."
"leap_combined_esto","CHP plants","Lignite","esto_flow","09.01.02,09.02.02 CHP plants","CHP plants","sector","CHP interim | CHP plants","ambiguous_multiple_implied_names","The same code resolves to multiple LEAP names across active mappings; do not add automatically."
"leap_combined_esto","CHP plants","LPG","esto_flow","09.01.02,09.02.02 CHP plants","CHP plants","sector","CHP interim | CHP plants","ambiguous_multiple_implied_names","The same code resolves to multiple LEAP names across active mappings; do not add automatically."
"leap_combined_esto","CHP plants","Municipal solid waste non renewable","esto_flow","09.01.02,09.02.02 CHP plants","CHP plants","sector","CHP interim | CHP plants","ambiguous_multiple_implied_names","The same code resolves to multiple LEAP names across active mappings; do not add automatically."
"leap_combined_esto","CHP plants","Municipal solid waste renewable","esto_flow","09.01.02,09.02.02 CHP plants","CHP plants","sector","CHP interim | CHP plants","ambiguous_multiple_implied_names","The same code resolves to multiple LEAP names across active mappings; do not add automatically."
"leap_combined_esto","CHP plants","Naphtha","esto_flow","09.01.02,09.02.02 CHP plants","CHP plants","sector","CHP interim | CHP plants","ambiguous_multiple_implied_names","The same code resolves to multiple LEAP names across active mappings; do not add automatically."
"leap_combined_esto","CHP plants","Natural gas","esto_flow","09.01.02,09.02.02 CHP plants","CHP plants","sector","CHP interim | CHP plants","ambiguous_multiple_implied_names","The same code resolves to multiple LEAP names across active mappings; do not add automatically."
"leap_combined_esto","CHP plants","Nuclear","esto_flow","09.01.02,09.02.02 CHP plants","CHP plants","sector","CHP interim | CHP plants","ambiguous_multiple_implied_names","The same code resolves to multiple LEAP names across active mappings; do not add automatically."
"leap_combined_esto","CHP plants","Other biomass","esto_flow","09.01.02,09.02.02 CHP plants","CHP plants","sector","CHP interim | CHP plants","ambiguous_multiple_implied_names","The same code resolves to multiple LEAP names across active mappings; do not add automatically."
"leap_combined_esto","CHP plants","Other bituminous coal","esto_flow","09.01.02,09.02.02 CHP plants","CHP plants","sector","CHP interim | CHP plants","ambiguous_multiple_implied_names","The same code resolves to multiple LEAP names across active mappings; do not add automatically."
"leap_combined_esto","CHP plants","Other liquid biofuels","esto_flow","09.01.02,09.02.02 CHP plants","CHP plants","sector","CHP interim | CHP plants","ambiguous_multiple_implied_names","The same code resolves to multiple LEAP names across active mappings; do not add automatically."
"leap_combined_esto","CHP plants","Other products","esto_flow","09.01.02,09.02.02 CHP plants","CHP plants","sector","CHP interim | CHP plants","ambiguous_multiple_implied_names","The same code resolves to multiple LEAP names across active mappings; do not add automatically."
"leap_combined_esto","CHP plants","Other recovered gases","esto_flow","09.01.02,09.02.02 CHP plants","CHP plants","sector","CHP interim | CHP plants","ambiguous_multiple_implied_names","The same code resolves to multiple LEAP names across active mappings; do not add automatically."
"leap_combined_esto","CHP plants","Other sources","esto_flow","09.01.02,09.02.02 CHP plants","CHP plants","sector","CHP interim | CHP plants","ambiguous_multiple_implied_names","The same code resolves to multiple LEAP names across active mappings; do not add automatically."
"leap_combined_esto","CHP plants","Patent fuel","esto_flow","09.01.02,09.02.02 CHP plants","CHP plants","sector","CHP interim | CHP plants","ambiguous_multiple_implied_names","The same code resolves to multiple LEAP names across active mappings; do not add automatically."
"leap_combined_esto","CHP plants","Peat","esto_flow","09.01.02,09.02.02 CHP plants","CHP plants","sector","CHP interim | CHP plants","ambiguous_multiple_implied_names","The same code resolves to multiple LEAP names across active mappings; do not add automatically."
"leap_combined_esto","CHP plants","PetProd nonspecified","esto_flow","09.01.02,09.02.02 CHP plants","CHP plants","sector","CHP interim | CHP plants","ambiguous_multiple_implied_names","The same code resolves to multiple LEAP names across active mappings; do not add automatically."
"leap_combined_esto","CHP plants","Petroleum coke","esto_flow","09.01.02,09.02.02 CHP plants","CHP plants","sector","CHP interim | CHP plants","ambiguous_multiple_implied_names","The same code resolves to multiple LEAP names across active mappings; do not add automatically."
"leap_combined_esto","CHP plants","Refinery gas not liquefied","esto_flow","09.01.02,09.02.02 CHP plants","CHP plants","sector","CHP interim | CHP plants","ambiguous_multiple_implied_names","The same code resolves to multiple LEAP names across active mappings; do not add automatically."
"leap_combined_esto","CHP plants","Sub bituminous coal","esto_flow","09.01.02,09.02.02 CHP plants","CHP plants","sector","CHP interim | CHP plants","ambiguous_multiple_implied_names","The same code resolves to multiple LEAP names across active mappings; do not add automatically."
"leap_combined_esto","Heat plant interim/Heat plant interim","Anthracite","esto_flow","09.01.03,09.02.03 Heat plants","Heat plant interim","sector","Heat plant interim | Heat plants","ambiguous_multiple_implied_names","The same code resolves to multiple LEAP names across active mappings; do not add automatically."
"leap_combined_esto","Heat plant interim/Heat plant interim","Biogas","esto_flow","09.01.03,09.02.03 Heat plants","Heat plant interim","sector","Heat plant interim | Heat plants","ambiguous_multiple_implied_names","The same code resolves to multiple LEAP names across active mappings; do not add automatically."
"leap_combined_esto","Heat plant interim/Heat plant interim","Bitumen","esto_flow","09.01.03,09.02.03 Heat plants","Heat plant interim","sector","Heat plant interim | Heat plants","ambiguous_multiple_implied_names","The same code resolves to multiple LEAP names across active mappings; do not add automatically."
"leap_combined_esto","Heat plant interim/Heat plant interim","BKB and PB","esto_flow","09.01.03,09.02.03 Heat plants","Heat plant interim","sector","Heat plant interim | Heat plants","ambiguous_multiple_implied_names","The same code resolves to multiple LEAP names across active mappings; do not add automatically."
"leap_combined_esto","Heat plant interim/Heat plant interim","Blast furnace gas","esto_flow","09.01.03,09.02.03 Heat plants","Heat plant interim","sector","Heat plant interim | Heat plants","ambiguous_multiple_implied_names","The same code resolves to multiple LEAP names across active mappings; do not add automatically."
"leap_combined_esto","Heat plant interim/Heat plant interim","Coal tar","esto_flow","09.01.03,09.02.03 Heat plants","Heat plant interim","sector","Heat plant interim | Heat plants","ambiguous_multiple_implied_names","The same code resolves to multiple LEAP names across active mappings; do not add automatically."
"leap_combined_esto","Heat plant interim/Heat plant interim","Coke oven coke","esto_flow","09.01.03,09.02.03 Heat plants","Heat plant interim","sector","Heat plant interim | Heat plants","ambiguous_multiple_implied_names","The same code resolves to multiple LEAP names across active mappings; do not add automatically."
"leap_combined_esto","Heat plant interim/Heat plant interim","Coke oven gas","esto_flow","09.01.03,09.02.03 Heat plants","Heat plant interim","sector","Heat plant interim | Heat plants","ambiguous_multiple_implied_names","The same code resolves to multiple LEAP names across active mappings; do not add automatically."
"leap_combined_esto","Heat plant interim/Heat plant interim","Crude oil","esto_flow","09.01.03,09.02.03 Heat plants","Heat plant interim","sector","Heat plant interim | Heat plants","ambiguous_multiple_implied_names","The same code resolves to multiple LEAP names across active mappings; do not add automatically."
"leap_combined_esto","Heat plant interim/Heat plant interim","Electricity","esto_flow","09.01.03,09.02.03 Heat plants","Heat plant interim","sector","Heat plant interim | Heat plants","ambiguous_multiple_implied_names","The same code resolves to multiple LEAP names across active mappings; do not add automatically."
"leap_combined_esto","Heat plant interim/Heat plant interim","Fuel oil","esto_flow","09.01.03,09.02.03 Heat plants","Heat plant interim","sector","Heat plant interim | Heat plants","ambiguous_multiple_implied_names","The same code resolves to multiple LEAP names across active mappings; do not add automatically."
"leap_combined_esto","Heat plant interim/Heat plant interim","Gas and diesel oil","esto_flow","09.01.03,09.02.03 Heat plants","Heat plant interim","sector","Heat plant interim | Heat plants","ambiguous_multiple_implied_names","The same code resolves to multiple LEAP names across active mappings; do not add automatically."
"leap_combined_esto","Heat plant interim/Heat plant interim","Gas coke","esto_flow","09.01.03,09.02.03 Heat plants","Heat plant interim","sector","Heat plant interim | Heat plants","ambiguous_multiple_implied_names","The same code resolves to multiple LEAP names across active mappings; do not add automatically."
"leap_combined_esto","Heat plant interim/Heat plant interim","Gas works gas","esto_flow","09.01.03,09.02.03 Heat plants","Heat plant interim","sector","Heat plant interim | Heat plants","ambiguous_multiple_implied_names","The same code resolves to multiple LEAP names across active mappings; do not add automatically."
"leap_combined_esto","Heat plant interim/Heat plant interim","Heat","esto_flow","09.01.03,09.02.03 Heat plants","Heat plant interim","sector","Heat plant interim | Heat plants","ambiguous_multiple_implied_names","The same code resolves to multiple LEAP names across active mappings; do not add automatically."
"leap_combined_esto","Heat plant interim/Heat plant interim","Industrial waste","esto_flow","09.01.03,09.02.03 Heat plants","Heat plant interim","sector","Heat plant interim | Heat plants","ambiguous_multiple_implied_names","The same code resolves to multiple LEAP names across active mappings; do not add automatically."
"leap_combined_esto","Heat plant interim/Heat plant interim","Kerosene","esto_flow","09.01.03,09.02.03 Heat plants","Heat plant interim","sector","Heat plant interim | Heat plants","ambiguous_multiple_implied_names","The same code resolves to multiple LEAP names across active mappings; do not add automatically."
"leap_combined_esto","Heat plant interim/Heat plant interim","Lignite","esto_flow","09.01.03,09.02.03 Heat plants","Heat plant interim","sector","Heat plant interim | Heat plants","ambiguous_multiple_implied_names","The same code resolves to multiple LEAP names across active mappings; do not add automatically."
"leap_combined_esto","Heat plant interim/Heat plant interim","LPG","esto_flow","09.01.03,09.02.03 Heat plants","Heat plant interim","sector","Heat plant interim | Heat plants","ambiguous_multiple_implied_names","The same code resolves to multiple LEAP names across active mappings; do not add automatically."
"leap_combined_esto","Heat plant interim/Heat plant interim","Municipal solid waste non renewable","esto_flow","09.01.03,09.02.03 Heat plants","Heat plant interim","sector","Heat plant interim | Heat plants","ambiguous_multiple_implied_names","The same code resolves to multiple LEAP names across active mappings; do not add automatically."
"leap_combined_esto","Heat plant interim/Heat plant interim","Municipal solid waste renewable","esto_flow","09.01.03,09.02.03 Heat plants","Heat plant interim","sector","Heat plant interim | Heat plants","ambiguous_multiple_implied_names","The same code resolves to multiple LEAP names across active mappings; do not add automatically."
"leap_combined_esto","Heat plant interim/Heat plant interim","Naphtha","esto_flow","09.01.03,09.02.03 Heat plants","Heat plant interim","sector","Heat plant interim | Heat plants","ambiguous_multiple_implied_names","The same code resolves to multiple LEAP names across active mappings; do not add automatically."
"leap_combined_esto","Heat plant interim/Heat plant interim","Natural gas","esto_flow","09.01.03,09.02.03 Heat plants","Heat plant interim","sector","Heat plant interim | Heat plants","ambiguous_multiple_implied_names","The same code resolves to multiple LEAP names across active mappings; do not add automatically."
"leap_combined_esto","Heat plant interim/Heat plant interim","Natural gas liquids","esto_flow","09.01.03,09.02.03 Heat plants","Heat plant interim","sector","Heat plant interim | Heat plants","ambiguous_multiple_implied_names","The same code resolves to multiple LEAP names across active mappings; do not add automatically."
"leap_combined_esto","Heat plant interim/Heat plant interim","Other biomass","esto_flow","09.01.03,09.02.03 Heat plants","Heat plant interim","sector","Heat plant interim | Heat plants","ambiguous_multiple_implied_names","The same code resolves to multiple LEAP names across active mappings; do not add automatically."
"leap_combined_esto","Heat plant interim/Heat plant interim","Other bituminous coal","esto_flow","09.01.03,09.02.03 Heat plants","Heat plant interim","sector","Heat plant interim | Heat plants","ambiguous_multiple_implied_names","The same code resolves to multiple LEAP names across active mappings; do not add automatically."
"leap_combined_esto","Heat plant interim/Heat plant interim","Other products","esto_flow","09.01.03,09.02.03 Heat plants","Heat plant interim","sector","Heat plant interim | Heat plants","ambiguous_multiple_implied_names","The same code resolves to multiple LEAP names across active mappings; do not add automatically."
"leap_combined_esto","Heat plant interim/Heat plant interim","Other recovered gases","esto_flow","09.01.03,09.02.03 Heat plants","Heat plant interim","sector","Heat plant interim | Heat plants","ambiguous_multiple_implied_names","The same code resolves to multiple LEAP names across active mappings; do not add automatically."
"leap_combined_esto","Heat plant interim/Heat plant interim","Other sources","esto_flow","09.01.03,09.02.03 Heat plants","Heat plant interim","sector","Heat plant interim | Heat plants","ambiguous_multiple_implied_names","The same code resolves to multiple LEAP names across active mappings; do not add automatically."
"leap_combined_esto","Heat plant interim/Heat plant interim","Patent fuel","esto_flow","09.01.03,09.02.03 Heat plants","Heat plant interim","sector","Heat plant interim | Heat plants","ambiguous_multiple_implied_names","The same code resolves to multiple LEAP names across active mappings; do not add automatically."
"leap_combined_esto","Heat plant interim/Heat plant interim","Peat","esto_flow","09.01.03,09.02.03 Heat plants","Heat plant interim","sector","Heat plant interim | Heat plants","ambiguous_multiple_implied_names","The same code resolves to multiple LEAP names across active mappings; do not add automatically."
"leap_combined_esto","Heat plant interim/Heat plant interim","Peat products","esto_flow","09.01.03,09.02.03 Heat plants","Heat plant interim","sector","Heat plant interim | Heat plants","ambiguous_multiple_implied_names","The same code resolves to multiple LEAP names across active mappings; do not add automatically."
"leap_combined_esto","Heat plant interim/Heat plant interim","PetProd nonspecified","esto_flow","09.01.03,09.02.03 Heat plants","Heat plant interim","sector","Heat plant interim | Heat plants","ambiguous_multiple_implied_names","The same code resolves to multiple LEAP names across active mappings; do not add automatically."
"leap_combined_esto","Heat plant interim/Heat plant interim","Petroleum coke","esto_flow","09.01.03,09.02.03 Heat plants","Heat plant interim","sector","Heat plant interim | Heat plants","ambiguous_multiple_implied_names","The same code resolves to multiple LEAP names across active mappings; do not add automatically."
"leap_combined_esto","Heat plant interim/Heat plant interim","Refinery gas not liquefied","esto_flow","09.01.03,09.02.03 Heat plants","Heat plant interim","sector","Heat plant interim | Heat plants","ambiguous_multiple_implied_names","The same code resolves to multiple LEAP names across active mappings; do not add automatically."
"leap_combined_esto","Heat plant interim/Heat plant interim","Sub bituminous coal","esto_flow","09.01.03,09.02.03 Heat plants","Heat plant interim","sector","Heat plant interim | Heat plants","ambiguous_multiple_implied_names","The same code resolves to multiple LEAP names across active mappings; do not add automatically."
"leap_combined_esto","Heat plants","Anthracite","esto_flow","09.01.03,09.02.03 Heat plants","Heat plants","sector","Heat plant interim | Heat plants","ambiguous_multiple_implied_names","The same code resolves to multiple LEAP names across active mappings; do not add automatically."
"leap_combined_esto","Heat plants","Biogas","esto_flow","09.01.03,09.02.03 Heat plants","Heat plants","sector","Heat plant interim | Heat plants","ambiguous_multiple_implied_names","The same code resolves to multiple LEAP names across active mappings; do not add automatically."
"leap_combined_esto","Heat plants","Bitumen","esto_flow","09.01.03,09.02.03 Heat plants","Heat plants","sector","Heat plant interim | Heat plants","ambiguous_multiple_implied_names","The same code resolves to multiple LEAP names across active mappings; do not add automatically."
"leap_combined_esto","Heat plants","BKB and PB","esto_flow","09.01.03,09.02.03 Heat plants","Heat plants","sector","Heat plant interim | Heat plants","ambiguous_multiple_implied_names","The same code resolves to multiple LEAP names across active mappings; do not add automatically."
"leap_combined_esto","Heat plants","Blast furnace gas","esto_flow","09.01.03,09.02.03 Heat plants","Heat plants","sector","Heat plant interim | Heat plants","ambiguous_multiple_implied_names","The same code resolves to multiple LEAP names across active mappings; do not add automatically."
"leap_combined_esto","Heat plants","Coal tar","esto_flow","09.01.03,09.02.03 Heat plants","Heat plants","sector","Heat plant interim | Heat plants","ambiguous_multiple_implied_names","The same code resolves to multiple LEAP names across active mappings; do not add automatically."
"leap_combined_esto","Heat plants","Coke oven coke","esto_flow","09.01.03,09.02.03 Heat plants","Heat plants","sector","Heat plant interim | Heat plants","ambiguous_multiple_implied_names","The same code resolves to multiple LEAP names across active mappings; do not add automatically."
"leap_combined_esto","Heat plants","Coke oven gas","esto_flow","09.01.03,09.02.03 Heat plants","Heat plants","sector","Heat plant interim | Heat plants","ambiguous_multiple_implied_names","The same code resolves to multiple LEAP names across active mappings; do not add automatically."
"leap_combined_esto","Heat plants","Crude oil","esto_flow","09.01.03,09.02.03 Heat plants","Heat plants","sector","Heat plant interim | Heat plants","ambiguous_multiple_implied_names","The same code resolves to multiple LEAP names across active mappings; do not add automatically."
"leap_combined_esto","Heat plants","Electricity","esto_flow","09.01.03,09.02.03 Heat plants","Heat plants","sector","Heat plant interim | Heat plants","ambiguous_multiple_implied_names","The same code resolves to multiple LEAP names across active mappings; do not add automatically."
"leap_combined_esto","Heat plants","Fuel oil","esto_flow","09.01.03,09.02.03 Heat plants","Heat plants","sector","Heat plant interim | Heat plants","ambiguous_multiple_implied_names","The same code resolves to multiple LEAP names across active mappings; do not add automatically."
"leap_combined_esto","Heat plants","Gas and diesel oil","esto_flow","09.01.03,09.02.03 Heat plants","Heat plants","sector","Heat plant interim | Heat plants","ambiguous_multiple_implied_names","The same code resolves to multiple LEAP names across active mappings; do not add automatically."
"leap_combined_esto","Heat plants","Gas coke","esto_flow","09.01.03,09.02.03 Heat plants","Heat plants","sector","Heat plant interim | Heat plants","ambiguous_multiple_implied_names","The same code resolves to multiple LEAP names across active mappings; do not add automatically."
"leap_combined_esto","Heat plants","Gas works gas","esto_flow","09.01.03,09.02.03 Heat plants","Heat plants","sector","Heat plant interim | Heat plants","ambiguous_multiple_implied_names","The same code resolves to multiple LEAP names across active mappings; do not add automatically."
"leap_combined_esto","Heat plants","Heat","esto_flow","09.01.03,09.02.03 Heat plants","Heat plants","sector","Heat plant interim | Heat plants","ambiguous_multiple_implied_names","The same code resolves to multiple LEAP names across active mappings; do not add automatically."
"leap_combined_esto","Heat plants","Industrial waste","esto_flow","09.01.03,09.02.03 Heat plants","Heat plants","sector","Heat plant interim | Heat plants","ambiguous_multiple_implied_names","The same code resolves to multiple LEAP names across active mappings; do not add automatically."
"leap_combined_esto","Heat plants","Kerosene","esto_flow","09.01.03,09.02.03 Heat plants","Heat plants","sector","Heat plant interim | Heat plants","ambiguous_multiple_implied_names","The same code resolves to multiple LEAP names across active mappings; do not add automatically."
"leap_combined_esto","Heat plants","Lignite","esto_flow","09.01.03,09.02.03 Heat plants","Heat plants","sector","Heat plant interim | Heat plants","ambiguous_multiple_implied_names","The same code resolves to multiple LEAP names across active mappings; do not add automatically."
"leap_combined_esto","Heat plants","LPG","esto_flow","09.01.03,09.02.03 Heat plants","Heat plants","sector","Heat plant interim | Heat plants","ambiguous_multiple_implied_names","The same code resolves to multiple LEAP names across active mappings; do not add automatically."
"leap_combined_esto","Heat plants","Municipal solid waste non renewable","esto_flow","09.01.03,09.02.03 Heat plants","Heat plants","sector","Heat plant interim | Heat plants","ambiguous_multiple_implied_names","The same code resolves to multiple LEAP names across active mappings; do not add automatically."
"leap_combined_esto","Heat plants","Municipal solid waste renewable","esto_flow","09.01.03,09.02.03 Heat plants","Heat plants","sector","Heat plant interim | Heat plants","ambiguous_multiple_implied_names","The same code resolves to multiple LEAP names across active mappings; do not add automatically."
"leap_combined_esto","Heat plants","Naphtha","esto_flow","09.01.03,09.02.03 Heat plants","Heat plants","sector","Heat plant interim | Heat plants","ambiguous_multiple_implied_names","The same code resolves to multiple LEAP names across active mappings; do not add automatically."
"leap_combined_esto","Heat plants","Natural gas","esto_flow","09.01.03,09.02.03 Heat plants","Heat plants","sector","Heat plant interim | Heat plants","ambiguous_multiple_implied_names","The same code resolves to multiple LEAP names across active mappings; do not add automatically."
"leap_combined_esto","Heat plants","Natural gas liquids","esto_flow","09.01.03,09.02.03 Heat plants","Heat plants","sector","Heat plant interim | Heat plants","ambiguous_multiple_implied_names","The same code resolves to multiple LEAP names across active mappings; do not add automatically."
"leap_combined_esto","Heat plants","Other biomass","esto_flow","09.01.03,09.02.03 Heat plants","Heat plants","sector","Heat plant interim | Heat plants","ambiguous_multiple_implied_names","The same code resolves to multiple LEAP names across active mappings; do not add automatically."
"leap_combined_esto","Heat plants","Other bituminous coal","esto_flow","09.01.03,09.02.03 Heat plants","Heat plants","sector","Heat plant interim | Heat plants","ambiguous_multiple_implied_names","The same code resolves to multiple LEAP names across active mappings; do not add automatically."
"leap_combined_esto","Heat plants","Other products","esto_flow","09.01.03,09.02.03 Heat plants","Heat plants","sector","Heat plant interim | Heat plants","ambiguous_multiple_implied_names","The same code resolves to multiple LEAP names across active mappings; do not add automatically."
"leap_combined_esto","Heat plants","Other recovered gases","esto_flow","09.01.03,09.02.03 Heat plants","Heat plants","sector","Heat plant interim | Heat plants","ambiguous_multiple_implied_names","The same code resolves to multiple LEAP names across active mappings; do not add automatically."
"leap_combined_esto","Heat plants","Other sources","esto_flow","09.01.03,09.02.03 Heat plants","Heat plants","sector","Heat plant interim | Heat plants","ambiguous_multiple_implied_names","The same code resolves to multiple LEAP names across active mappings; do not add automatically."
"leap_combined_esto","Heat plants","Patent fuel","esto_flow","09.01.03,09.02.03 Heat plants","Heat plants","sector","Heat plant interim | Heat plants","ambiguous_multiple_implied_names","The same code resolves to multiple LEAP names across active mappings; do not add automatically."
"leap_combined_esto","Heat plants","Peat","esto_flow","09.01.03,09.02.03 Heat plants","Heat plants","sector","Heat plant interim | Heat plants","ambiguous_multiple_implied_names","The same code resolves to multiple LEAP names across active mappings; do not add automatically."
"leap_combined_esto","Heat plants","Peat products","esto_flow","09.01.03,09.02.03 Heat plants","Heat plants","sector","Heat plant interim | Heat plants","ambiguous_multiple_implied_names","The same code resolves to multiple LEAP names across active mappings; do not add automatically."
"leap_combined_esto","Heat plants","PetProd nonspecified","esto_flow","09.01.03,09.02.03 Heat plants","Heat plants","sector","Heat plant interim | Heat plants","ambiguous_multiple_implied_names","The same code resolves to multiple LEAP names across active mappings; do not add automatically."
"leap_combined_esto","Heat plants","Petroleum coke","esto_flow","09.01.03,09.02.03 Heat plants","Heat plants","sector","Heat plant interim | Heat plants","ambiguous_multiple_implied_names","The same code resolves to multiple LEAP names across active mappings; do not add automatically."
"leap_combined_esto","Heat plants","Refinery gas not liquefied","esto_flow","09.01.03,09.02.03 Heat plants","Heat plants","sector","Heat plant interim | Heat plants","ambiguous_multiple_implied_names","The same code resolves to multiple LEAP names across active mappings; do not add automatically."
"leap_combined_esto","Heat plants","Sub bituminous coal","esto_flow","09.01.03,09.02.03 Heat plants","Heat plants","sector","Heat plant interim | Heat plants","ambiguous_multiple_implied_names","The same code resolves to multiple LEAP names across active mappings; do not add automatically."
"leap_combined_esto","Buildings/Services/Educational","Additives and oxygenates","esto_flow","16.01.99 Commercial and public services unallocated","Educational","sector","Educational | Hospitals | Others_Unspecified | Service Buildings","ambiguous_multiple_implied_names","The same code resolves to multiple LEAP names across active mappings; do not add automatically."
"leap_combined_esto","Buildings/Services/Educational","Anthracite","esto_flow","16.01.99 Commercial and public services unallocated","Educational","sector","Educational | Hospitals | Others_Unspecified | Service Buildings","ambiguous_multiple_implied_names","The same code resolves to multiple LEAP names across active mappings; do not add automatically."
"leap_combined_esto","Buildings/Services/Educational","Aviation gasoline","esto_flow","16.01.99 Commercial and public services unallocated","Educational","sector","Educational | Hospitals | Others_Unspecified | Service Buildings","ambiguous_multiple_implied_names","The same code resolves to multiple LEAP names across active mappings; do not add automatically."
"leap_combined_esto","Buildings/Services/Educational","Bagasse","esto_flow","16.01.99 Commercial and public services unallocated","Educational","sector","Educational | Hospitals | Others_Unspecified | Service Buildings","ambiguous_multiple_implied_names","The same code resolves to multiple LEAP names across active mappings; do not add automatically."
"leap_combined_esto","Buildings/Services/Educational","Bio jet kerosene","esto_flow","16.01.99 Commercial and public services unallocated","Educational","sector","Educational | Hospitals | Others_Unspecified | Service Buildings","ambiguous_multiple_implied_names","The same code resolves to multiple LEAP names across active mappings; do not add automatically."
"leap_combined_esto","Buildings/Services/Educational","Biodiesel","esto_flow","16.01.99 Commercial and public services unallocated","Educational","sector","Educational | Hospitals | Others_Unspecified | Service Buildings","ambiguous_multiple_implied_names","The same code resolves to multiple LEAP names across active mappings; do not add automatically."
"leap_combined_esto","Buildings/Services/Educational","Biogas","esto_flow","16.01.99 Commercial and public services unallocated","Educational","sector","Educational | Hospitals | Others_Unspecified | Service Buildings","ambiguous_multiple_implied_names","The same code resolves to multiple LEAP names across active mappings; do not add automatically."
"leap_combined_esto","Buildings/Services/Educational","Biogasoline","esto_flow","16.01.99 Commercial and public services unallocated","Educational","sector","Educational | Hospitals | Others_Unspecified | Service Buildings","ambiguous_multiple_implied_names","The same code resolves to multiple LEAP names across active mappings; do not add automatically."
"leap_combined_esto","Buildings/Services/Educational","Bitumen","esto_flow","16.01.99 Commercial and public services unallocated","Educational","sector","Educational | Hospitals | Others_Unspecified | Service Buildings","ambiguous_multiple_implied_names","The same code resolves to multiple LEAP names across active mappings; do not add automatically."
"leap_combined_esto","Buildings/Services/Educational","BKB and PB","esto_flow","16.01.99 Commercial and public services unallocated","Educational","sector","Educational | Hospitals | Others_Unspecified | Service Buildings","ambiguous_multiple_implied_names","The same code resolves to multiple LEAP names across active mappings; do not add automatically."
"leap_combined_esto","Buildings/Services/Educational","Black liquor","esto_flow","16.01.99 Commercial and public services unallocated","Educational","sector","Educational | Hospitals | Others_Unspecified | Service Buildings","ambiguous_multiple_implied_names","The same code resolves to multiple LEAP names across active mappings; do not add automatically."
"leap_combined_esto","Buildings/Services/Educational","Blast furnace gas","esto_flow","16.01.99 Commercial and public services unallocated","Educational","sector","Educational | Hospitals | Others_Unspecified | Service Buildings","ambiguous_multiple_implied_names","The same code resolves to multiple LEAP names across active mappings; do not add automatically."
"leap_combined_esto","Buildings/Services/Educational","Charcoal","esto_flow","16.01.99 Commercial and public services unallocated","Educational","sector","Educational | Hospitals | Others_Unspecified | Service Buildings","ambiguous_multiple_implied_names","The same code resolves to multiple LEAP names across active mappings; do not add automatically."
"leap_combined_esto","Buildings/Services/Educational","Coal nonspecified","esto_flow","16.01.99 Commercial and public services unallocated","Educational","sector","Educational | Hospitals | Others_Unspecified | Service Buildings","ambiguous_multiple_implied_names","The same code resolves to multiple LEAP names across active mappings; do not add automatically."
"leap_combined_esto","Buildings/Services/Educational","Coal tar","esto_flow","16.01.99 Commercial and public services unallocated","Educational","sector","Educational | Hospitals | Others_Unspecified | Service Buildings","ambiguous_multiple_implied_names","The same code resolves to multiple LEAP names across active mappings; do not add automatically."
"leap_combined_esto","Buildings/Services/Educational","Coke oven coke","esto_flow","16.01.99 Commercial and public services unallocated","Educational","sector","Educational | Hospitals | Others_Unspecified | Service Buildings","ambiguous_multiple_implied_names","The same code resolves to multiple LEAP names across active mappings; do not add automatically."
"leap_combined_esto","Buildings/Services/Educational","Coke oven gas","esto_flow","16.01.99 Commercial and public services unallocated","Educational","sector","Educational | Hospitals | Others_Unspecified | Service Buildings","ambiguous_multiple_implied_names","The same code resolves to multiple LEAP names across active mappings; do not add automatically."
"leap_combined_esto","Buildings/Services/Educational","Coking coal","esto_flow","16.01.99 Commercial and public services unallocated","Educational","sector","Educational | Hospitals | Others_Unspecified | Service Buildings","ambiguous_multiple_implied_names","The same code resolves to multiple LEAP names across active mappings; do not add automatically."
"leap_combined_esto","Buildings/Services/Educational","Crude oil","esto_flow","16.01.99 Commercial and public services unallocated","Educational","sector","Educational | Hospitals | Others_Unspecified | Service Buildings","ambiguous_multiple_implied_names","The same code resolves to multiple LEAP names across active mappings; do not add automatically."
"leap_combined_esto","Buildings/Services/Educational","Electricity","esto_flow","16.01.99 Commercial and public services unallocated","Educational","sector","Educational | Hospitals | Others_Unspecified | Service Buildings","ambiguous_multiple_implied_names","The same code resolves to multiple LEAP names across active mappings; do not add automatically."
"leap_combined_esto","Buildings/Services/Educational","Ethane","esto_flow","16.01.99 Commercial and public services unallocated","Educational","sector","Educational | Hospitals | Others_Unspecified | Service Buildings","ambiguous_multiple_implied_names","The same code resolves to multiple LEAP names across active mappings; do not add automatically."
"leap_combined_esto","Buildings/Services/Educational","Fuel oil","esto_flow","16.01.99 Commercial and public services unallocated","Educational","sector","Educational | Hospitals | Others_Unspecified | Service Buildings","ambiguous_multiple_implied_names","The same code resolves to multiple LEAP names across active mappings; do not add automatically."
"leap_combined_esto","Buildings/Services/Educational","Fuelwood and woodwaste","esto_flow","16.01.99 Commercial and public services unallocated","Educational","sector","Educational | Hospitals | Others_Unspecified | Service Buildings","ambiguous_multiple_implied_names","The same code resolves to multiple LEAP names across active mappings; do not add automatically."
"leap_combined_esto","Buildings/Services/Educational","Gas and diesel oil","esto_flow","16.01.99 Commercial and public services unallocated","Educational","sector","Educational | Hospitals | Others_Unspecified | Service Buildings","ambiguous_multiple_implied_names","The same code resolves to multiple LEAP names across active mappings; do not add automatically."
"leap_combined_esto","Buildings/Services/Educational","Gas coke","esto_flow","16.01.99 Commercial and public services unallocated","Educational","sector","Educational | Hospitals | Others_Unspecified | Service Buildings","ambiguous_multiple_implied_names","The same code resolves to multiple LEAP names across active mappings; do not add automatically."
"leap_combined_esto","Buildings/Services/Educational","Gas nonspecified","esto_flow","16.01.99 Commercial and public services unallocated","Educational","sector","Educational | Hospitals | Others_Unspecified | Service Buildings","ambiguous_multiple_implied_names","The same code resolves to multiple LEAP names across active mappings; do not add automatically."
"leap_combined_esto","Buildings/Services/Educational","Gas works gas","esto_flow","16.01.99 Commercial and public services unallocated","Educational","sector","Educational | Hospitals | Others_Unspecified | Service Buildings","ambiguous_multiple_implied_names","The same code resolves to multiple LEAP names across active mappings; do not add automatically."
"leap_combined_esto","Buildings/Services/Educational","Gasoline type jet fuel","esto_flow","16.01.99 Commercial and public services unallocated","Educational","sector","Educational | Hospitals | Others_Unspecified | Service Buildings","ambiguous_multiple_implied_names","The same code resolves to multiple LEAP names across active mappings; do not add automatically."
"leap_combined_esto","Buildings/Services/Educational","Geothermal","esto_flow","16.01.99 Commercial and public services unallocated","Educational","sector","Educational | Hospitals | Others_Unspecified | Service Buildings","ambiguous_multiple_implied_names","The same code resolves to multiple LEAP names across active mappings; do not add automatically."
"leap_combined_esto","Buildings/Services/Educational","Heat","esto_flow","16.01.99 Commercial and public services unallocated","Educational","sector","Educational | Hospitals | Others_Unspecified | Service Buildings","ambiguous_multiple_implied_names","The same code resolves to multiple LEAP names across active mappings; do not add automatically."
"leap_combined_esto","Buildings/Services/Educational","Hydro","esto_flow","16.01.99 Commercial and public services unallocated","Educational","sector","Educational | Hospitals | Others_Unspecified | Service Buildings","ambiguous_multiple_implied_names","The same code resolves to multiple LEAP names across active mappings; do not add automatically."
"leap_combined_esto","Buildings/Services/Educational","Hydrogen","esto_flow","16.01.99 Commercial and public services unallocated","Educational","sector","Educational | Hospitals | Others_Unspecified | Service Buildings","ambiguous_multiple_implied_names","The same code resolves to multiple LEAP names across active mappings; do not add automatically."
"leap_combined_esto","Buildings/Services/Educational","Industrial waste","esto_flow","16.01.99 Commercial and public services unallocated","Educational","sector","Educational | Hospitals | Others_Unspecified | Service Buildings","ambiguous_multiple_implied_names","The same code resolves to multiple LEAP names across active mappings; do not add automatically."
"leap_combined_esto","Buildings/Services/Educational","Kerosene","esto_flow","16.01.99 Commercial and public services unallocated","Educational","sector","Educational | Hospitals | Others_Unspecified | Service Buildings","ambiguous_multiple_implied_names","The same code resolves to multiple LEAP names across active mappings; do not add automatically."
"leap_combined_esto","Buildings/Services/Educational","Kerosene type jet fuel","esto_flow","16.01.99 Commercial and public services unallocated","Educational","sector","Educational | Hospitals | Others_Unspecified | Service Buildings","ambiguous_multiple_implied_names","The same code resolves to multiple LEAP names across active mappings; do not add automatically."
"leap_combined_esto","Buildings/Services/Educational","Lignite","esto_flow","16.01.99 Commercial and public services unallocated","Educational","sector","Educational | Hospitals | Others_Unspecified | Service Buildings","ambiguous_multiple_implied_names","The same code resolves to multiple LEAP names across active mappings; do not add automatically."
"leap_combined_esto","Buildings/Services/Educational","LNG","esto_flow","16.01.99 Commercial and public services unallocated","Educational","sector","Educational | Hospitals | Others_Unspecified | Service Buildings","ambiguous_multiple_implied_names","The same code resolves to multiple LEAP names across active mappings; do not add automatically."
"leap_combined_esto","Buildings/Services/Educational","LPG","esto_flow","16.01.99 Commercial and public services unallocated","Educational","sector","Educational | Hospitals | Others_Unspecified | Service Buildings","ambiguous_multiple_implied_names","The same code resolves to multiple LEAP names across active mappings; do not add automatically."
"leap_combined_esto","Buildings/Services/Educational","Lubricants","esto_flow","16.01.99 Commercial and public services unallocated","Educational","sector","Educational | Hospitals | Others_Unspecified | Service Buildings","ambiguous_multiple_implied_names","The same code resolves to multiple LEAP names across active mappings; do not add automatically."
"leap_combined_esto","Buildings/Services/Educational","Motor gasoline","esto_flow","16.01.99 Commercial and public services unallocated","Educational","sector","Educational | Hospitals | Others_Unspecified | Service Buildings","ambiguous_multiple_implied_names","The same code resolves to multiple LEAP names across active mappings; do not add automatically."
"leap_combined_esto","Buildings/Services/Educational","Municipal solid waste non renewable","esto_flow","16.01.99 Commercial and public services unallocated","Educational","sector","Educational | Hospitals | Others_Unspecified | Service Buildings","ambiguous_multiple_implied_names","The same code resolves to multiple LEAP names across active mappings; do not add automatically."
"leap_combined_esto","Buildings/Services/Educational","Municipal solid waste renewable","esto_flow","16.01.99 Commercial and public services unallocated","Educational","sector","Educational | Hospitals | Others_Unspecified | Service Buildings","ambiguous_multiple_implied_names","The same code resolves to multiple LEAP names across active mappings; do not add automatically."
"leap_combined_esto","Buildings/Services/Educational","Naphtha","esto_flow","16.01.99 Commercial and public services unallocated","Educational","sector","Educational | Hospitals | Others_Unspecified | Service Buildings","ambiguous_multiple_implied_names","The same code resolves to multiple LEAP names across active mappings; do not add automatically."
"leap_combined_esto","Buildings/Services/Educational","Natural gas","esto_flow","16.01.99 Commercial and public services unallocated","Educational","sector","Educational | Hospitals | Others_Unspecified | Service Buildings","ambiguous_multiple_implied_names","The same code resolves to multiple LEAP names across active mappings; do not add automatically."
"leap_combined_esto","Buildings/Services/Educational","Natural gas liquids","esto_flow","16.01.99 Commercial and public services unallocated","Educational","sector","Educational | Hospitals | Others_Unspecified | Service Buildings","ambiguous_multiple_implied_names","The same code resolves to multiple LEAP names across active mappings; do not add automatically."
"leap_combined_esto","Buildings/Services/Educational","Nuclear","esto_flow","16.01.99 Commercial and public services unallocated","Educational","sector","Educational | Hospitals | Others_Unspecified | Service Buildings","ambiguous_multiple_implied_names","The same code resolves to multiple LEAP names across active mappings; do not add automatically."
"leap_combined_esto","Buildings/Services/Educational","Other biomass","esto_flow","16.01.99 Commercial and public services unallocated","Educational","sector","Educational | Hospitals | Others_Unspecified | Service Buildings","ambiguous_multiple_implied_names","The same code resolves to multiple LEAP names across active mappings; do not add automatically."
"leap_combined_esto","Buildings/Services/Educational","Other bituminous coal","esto_flow","16.01.99 Commercial and public services unallocated","Educational","sector","Educational | Hospitals | Others_Unspecified | Service Buildings","ambiguous_multiple_implied_names","The same code resolves to multiple LEAP names across active mappings; do not add automatically."
"leap_combined_esto","Buildings/Services/Educational","Other liquid biofuels","esto_flow","16.01.99 Commercial and public services unallocated","Educational","sector","Educational | Hospitals | Others_Unspecified | Service Buildings","ambiguous_multiple_implied_names","The same code resolves to multiple LEAP names across active mappings; do not add automatically."
"leap_combined_esto","Buildings/Services/Educational","Other products","esto_flow","16.01.99 Commercial and public services unallocated","Educational","sector","Educational | Hospitals | Others_Unspecified | Service Buildings","ambiguous_multiple_implied_names","The same code resolves to multiple LEAP names across active mappings; do not add automatically."
"leap_combined_esto","Buildings/Services/Educational","Other recovered gases","esto_flow","16.01.99 Commercial and public services unallocated","Educational","sector","Educational | Hospitals | Others_Unspecified | Service Buildings","ambiguous_multiple_implied_names","The same code resolves to multiple LEAP names across active mappings; do not add automatically."
"leap_combined_esto","Buildings/Services/Educational","Other sources","esto_flow","16.01.99 Commercial and public services unallocated","Educational","sector","Educational | Hospitals | Others_Unspecified | Service Buildings","ambiguous_multiple_implied_names","The same code resolves to multiple LEAP names across active mappings; do not add automatically."
"leap_combined_esto","Buildings/Services/Educational","Paraffin waxes","esto_flow","16.01.99 Commercial and public services unallocated","Educational","sector","Educational | Hospitals | Others_Unspecified | Service Buildings","ambiguous_multiple_implied_names","The same code resolves to multiple LEAP names across active mappings; do not add automatically."
"leap_combined_esto","Buildings/Services/Educational","Patent fuel","esto_flow","16.01.99 Commercial and public services unallocated","Educational","sector","Educational | Hospitals | Others_Unspecified | Service Buildings","ambiguous_multiple_implied_names","The same code resolves to multiple LEAP names across active mappings; do not add automatically."
"leap_combined_esto","Buildings/Services/Educational","Peat","esto_flow","16.01.99 Commercial and public services unallocated","Educational","sector","Educational | Hospitals | Others_Unspecified | Service Buildings","ambiguous_multiple_implied_names","The same code resolves to multiple LEAP names across active mappings; do not add automatically."
"leap_combined_esto","Buildings/Services/Educational","Peat products","esto_flow","16.01.99 Commercial and public services unallocated","Educational","sector","Educational | Hospitals | Others_Unspecified | Service Buildings","ambiguous_multiple_implied_names","The same code resolves to multiple LEAP names across active mappings; do not add automatically."
"leap_combined_esto","Buildings/Services/Educational","PetProd nonspecified","esto_flow","16.01.99 Commercial and public services unallocated","Educational","sector","Educational | Hospitals | Others_Unspecified | Service Buildings","ambiguous_multiple_implied_names","The same code resolves to multiple LEAP names across active mappings; do not add automatically."
"leap_combined_esto","Buildings/Services/Educational","Petroleum coke","esto_flow","16.01.99 Commercial and public services unallocated","Educational","sector","Educational | Hospitals | Others_Unspecified | Service Buildings","ambiguous_multiple_implied_names","The same code resolves to multiple LEAP names across active mappings; do not add automatically."
"leap_combined_esto","Buildings/Services/Educational","Refinery gas not liquefied","esto_flow","16.01.99 Commercial and public services unallocated","Educational","sector","Educational | Hospitals | Others_Unspecified | Service Buildings","ambiguous_multiple_implied_names","The same code resolves to multiple LEAP names across active mappings; do not add automatically."
"leap_combined_esto","Buildings/Services/Educational","Solar nonspecified","esto_flow","16.01.99 Commercial and public services unallocated","Educational","sector","Educational | Hospitals | Others_Unspecified | Service Buildings","ambiguous_multiple_implied_names","The same code resolves to multiple LEAP names across active mappings; do not add automatically."
"leap_combined_esto","Buildings/Services/Educational","Solar photovoltaics","esto_flow","16.01.99 Commercial and public services unallocated","Educational","sector","Educational | Hospitals | Others_Unspecified | Service Buildings","ambiguous_multiple_implied_names","The same code resolves to multiple LEAP names across active mappings; do not add automatically."
"leap_combined_esto","Buildings/Services/Educational","Sub bituminous coal","esto_flow","16.01.99 Commercial and public services unallocated","Educational","sector","Educational | Hospitals | Others_Unspecified | Service Buildings","ambiguous_multiple_implied_names","The same code resolves to multiple LEAP names across active mappings; do not add automatically."
"leap_combined_esto","Buildings/Services/Educational","White spirit SBP","esto_flow","16.01.99 Commercial and public services unallocated","Educational","sector","Educational | Hospitals | Others_Unspecified | Service Buildings","ambiguous_multiple_implied_names","The same code resolves to multiple LEAP names across active mappings; do not add automatically."
"leap_combined_esto","Buildings/Services/Educational","Wind","esto_flow","16.01.99 Commercial and public services unallocated","Educational","sector","Educational | Hospitals | Others_Unspecified | Service Buildings","ambiguous_multiple_implied_names","The same code resolves to multiple LEAP names across active mappings; do not add automatically."
"leap_combined_esto","Buildings/Services/Hospitals","Additives and oxygenates","esto_flow","16.01.99 Commercial and public services unallocated","Hospitals","sector","Educational | Hospitals | Others_Unspecified | Service Buildings","ambiguous_multiple_implied_names","The same code resolves to multiple LEAP names across active mappings; do not add automatically."
"leap_combined_esto","Buildings/Services/Hospitals","Anthracite","esto_flow","16.01.99 Commercial and public services unallocated","Hospitals","sector","Educational | Hospitals | Others_Unspecified | Service Buildings","ambiguous_multiple_implied_names","The same code resolves to multiple LEAP names across active mappings; do not add automatically."
"leap_combined_esto","Buildings/Services/Hospitals","Aviation gasoline","esto_flow","16.01.99 Commercial and public services unallocated","Hospitals","sector","Educational | Hospitals | Others_Unspecified | Service Buildings","ambiguous_multiple_implied_names","The same code resolves to multiple LEAP names across active mappings; do not add automatically."
"leap_combined_esto","Buildings/Services/Hospitals","Bagasse","esto_flow","16.01.99 Commercial and public services unallocated","Hospitals","sector","Educational | Hospitals | Others_Unspecified | Service Buildings","ambiguous_multiple_implied_names","The same code resolves to multiple LEAP names across active mappings; do not add automatically."
"leap_combined_esto","Buildings/Services/Hospitals","Bio jet kerosene","esto_flow","16.01.99 Commercial and public services unallocated","Hospitals","sector","Educational | Hospitals | Others_Unspecified | Service Buildings","ambiguous_multiple_implied_names","The same code resolves to multiple LEAP names across active mappings; do not add automatically."
"leap_combined_esto","Buildings/Services/Hospitals","Biodiesel","esto_flow","16.01.99 Commercial and public services unallocated","Hospitals","sector","Educational | Hospitals | Others_Unspecified | Service Buildings","ambiguous_multiple_implied_names","The same code resolves to multiple LEAP names across active mappings; do not add automatically."
"leap_combined_esto","Buildings/Services/Hospitals","Biogas","esto_flow","16.01.99 Commercial and public services unallocated","Hospitals","sector","Educational | Hospitals | Others_Unspecified | Service Buildings","ambiguous_multiple_implied_names","The same code resolves to multiple LEAP names across active mappings; do not add automatically."
"leap_combined_esto","Buildings/Services/Hospitals","Biogasoline","esto_flow","16.01.99 Commercial and public services unallocated","Hospitals","sector","Educational | Hospitals | Others_Unspecified | Service Buildings","ambiguous_multiple_implied_names","The same code resolves to multiple LEAP names across active mappings; do not add automatically."
"leap_combined_esto","Buildings/Services/Hospitals","Bitumen","esto_flow","16.01.99 Commercial and public services unallocated","Hospitals","sector","Educational | Hospitals | Others_Unspecified | Service Buildings","ambiguous_multiple_implied_names","The same code resolves to multiple LEAP names across active mappings; do not add automatically."
"leap_combined_esto","Buildings/Services/Hospitals","BKB and PB","esto_flow","16.01.99 Commercial and public services unallocated","Hospitals","sector","Educational | Hospitals | Others_Unspecified | Service Buildings","ambiguous_multiple_implied_names","The same code resolves to multiple LEAP names across active mappings; do not add automatically."
"leap_combined_esto","Buildings/Services/Hospitals","Black liquor","esto_flow","16.01.99 Commercial and public services unallocated","Hospitals","sector","Educational | Hospitals | Others_Unspecified | Service Buildings","ambiguous_multiple_implied_names","The same code resolves to multiple LEAP names across active mappings; do not add automatically."
"leap_combined_esto","Buildings/Services/Hospitals","Blast furnace gas","esto_flow","16.01.99 Commercial and public services unallocated","Hospitals","sector","Educational | Hospitals | Others_Unspecified | Service Buildings","ambiguous_multiple_implied_names","The same code resolves to multiple LEAP names across active mappings; do not add automatically."
"leap_combined_esto","Buildings/Services/Hospitals","Charcoal","esto_flow","16.01.99 Commercial and public services unallocated","Hospitals","sector","Educational | Hospitals | Others_Unspecified | Service Buildings","ambiguous_multiple_implied_names","The same code resolves to multiple LEAP names across active mappings; do not add automatically."
"leap_combined_esto","Buildings/Services/Hospitals","Coal nonspecified","esto_flow","16.01.99 Commercial and public services unallocated","Hospitals","sector","Educational | Hospitals | Others_Unspecified | Service Buildings","ambiguous_multiple_implied_names","The same code resolves to multiple LEAP names across active mappings; do not add automatically."
"leap_combined_esto","Buildings/Services/Hospitals","Coal tar","esto_flow","16.01.99 Commercial and public services unallocated","Hospitals","sector","Educational | Hospitals | Others_Unspecified | Service Buildings","ambiguous_multiple_implied_names","The same code resolves to multiple LEAP names across active mappings; do not add automatically."
"leap_combined_esto","Buildings/Services/Hospitals","Coke oven coke","esto_flow","16.01.99 Commercial and public services unallocated","Hospitals","sector","Educational | Hospitals | Others_Unspecified | Service Buildings","ambiguous_multiple_implied_names","The same code resolves to multiple LEAP names across active mappings; do not add automatically."
"leap_combined_esto","Buildings/Services/Hospitals","Coke oven gas","esto_flow","16.01.99 Commercial and public services unallocated","Hospitals","sector","Educational | Hospitals | Others_Unspecified | Service Buildings","ambiguous_multiple_implied_names","The same code resolves to multiple LEAP names across active mappings; do not add automatically."
"leap_combined_esto","Buildings/Services/Hospitals","Coking coal","esto_flow","16.01.99 Commercial and public services unallocated","Hospitals","sector","Educational | Hospitals | Others_Unspecified | Service Buildings","ambiguous_multiple_implied_names","The same code resolves to multiple LEAP names across active mappings; do not add automatically."
"leap_combined_esto","Buildings/Services/Hospitals","Crude oil","esto_flow","16.01.99 Commercial and public services unallocated","Hospitals","sector","Educational | Hospitals | Others_Unspecified | Service Buildings","ambiguous_multiple_implied_names","The same code resolves to multiple LEAP names across active mappings; do not add automatically."
"leap_combined_esto","Buildings/Services/Hospitals","Electricity","esto_flow","16.01.99 Commercial and public services unallocated","Hospitals","sector","Educational | Hospitals | Others_Unspecified | Service Buildings","ambiguous_multiple_implied_names","The same code resolves to multiple LEAP names across active mappings; do not add automatically."
"leap_combined_esto","Buildings/Services/Hospitals","Ethane","esto_flow","16.01.99 Commercial and public services unallocated","Hospitals","sector","Educational | Hospitals | Others_Unspecified | Service Buildings","ambiguous_multiple_implied_names","The same code resolves to multiple LEAP names across active mappings; do not add automatically."
"leap_combined_esto","Buildings/Services/Hospitals","Fuel oil","esto_flow","16.01.99 Commercial and public services unallocated","Hospitals","sector","Educational | Hospitals | Others_Unspecified | Service Buildings","ambiguous_multiple_implied_names","The same code resolves to multiple LEAP names across active mappings; do not add automatically."
"leap_combined_esto","Buildings/Services/Hospitals","Fuelwood and woodwaste","esto_flow","16.01.99 Commercial and public services unallocated","Hospitals","sector","Educational | Hospitals | Others_Unspecified | Service Buildings","ambiguous_multiple_implied_names","The same code resolves to multiple LEAP names across active mappings; do not add automatically."
"leap_combined_esto","Buildings/Services/Hospitals","Gas and diesel oil","esto_flow","16.01.99 Commercial and public services unallocated","Hospitals","sector","Educational | Hospitals | Others_Unspecified | Service Buildings","ambiguous_multiple_implied_names","The same code resolves to multiple LEAP names across active mappings; do not add automatically."
"leap_combined_esto","Buildings/Services/Hospitals","Gas coke","esto_flow","16.01.99 Commercial and public services unallocated","Hospitals","sector","Educational | Hospitals | Others_Unspecified | Service Buildings","ambiguous_multiple_implied_names","The same code resolves to multiple LEAP names across active mappings; do not add automatically."
"leap_combined_esto","Buildings/Services/Hospitals","Gas nonspecified","esto_flow","16.01.99 Commercial and public services unallocated","Hospitals","sector","Educational | Hospitals | Others_Unspecified | Service Buildings","ambiguous_multiple_implied_names","The same code resolves to multiple LEAP names across active mappings; do not add automatically."
"leap_combined_esto","Buildings/Services/Hospitals","Gas works gas","esto_flow","16.01.99 Commercial and public services unallocated","Hospitals","sector","Educational | Hospitals | Others_Unspecified | Service Buildings","ambiguous_multiple_implied_names","The same code resolves to multiple LEAP names across active mappings; do not add automatically."
"leap_combined_esto","Buildings/Services/Hospitals","Gasoline type jet fuel","esto_flow","16.01.99 Commercial and public services unallocated","Hospitals","sector","Educational | Hospitals | Others_Unspecified | Service Buildings","ambiguous_multiple_implied_names","The same code resolves to multiple LEAP names across active mappings; do not add automatically."
"leap_combined_esto","Buildings/Services/Hospitals","Geothermal","esto_flow","16.01.99 Commercial and public services unallocated","Hospitals","sector","Educational | Hospitals | Others_Unspecified | Service Buildings","ambiguous_multiple_implied_names","The same code resolves to multiple LEAP names across active mappings; do not add automatically."
"leap_combined_esto","Buildings/Services/Hospitals","Heat","esto_flow","16.01.99 Commercial and public services unallocated","Hospitals","sector","Educational | Hospitals | Others_Unspecified | Service Buildings","ambiguous_multiple_implied_names","The same code resolves to multiple LEAP names across active mappings; do not add automatically."
"leap_combined_esto","Buildings/Services/Hospitals","Hydro","esto_flow","16.01.99 Commercial and public services unallocated","Hospitals","sector","Educational | Hospitals | Others_Unspecified | Service Buildings","ambiguous_multiple_implied_names","The same code resolves to multiple LEAP names across active mappings; do not add automatically."
"leap_combined_esto","Buildings/Services/Hospitals","Hydrogen","esto_flow","16.01.99 Commercial and public services unallocated","Hospitals","sector","Educational | Hospitals | Others_Unspecified | Service Buildings","ambiguous_multiple_implied_names","The same code resolves to multiple LEAP names across active mappings; do not add automatically."
"leap_combined_esto","Buildings/Services/Hospitals","Industrial waste","esto_flow","16.01.99 Commercial and public services unallocated","Hospitals","sector","Educational | Hospitals | Others_Unspecified | Service Buildings","ambiguous_multiple_implied_names","The same code resolves to multiple LEAP names across active mappings; do not add automatically."
"leap_combined_esto","Buildings/Services/Hospitals","Kerosene","esto_flow","16.01.99 Commercial and public services unallocated","Hospitals","sector","Educational | Hospitals | Others_Unspecified | Service Buildings","ambiguous_multiple_implied_names","The same code resolves to multiple LEAP names across active mappings; do not add automatically."
"leap_combined_esto","Buildings/Services/Hospitals","Kerosene type jet fuel","esto_flow","16.01.99 Commercial and public services unallocated","Hospitals","sector","Educational | Hospitals | Others_Unspecified | Service Buildings","ambiguous_multiple_implied_names","The same code resolves to multiple LEAP names across active mappings; do not add automatically."
"leap_combined_esto","Buildings/Services/Hospitals","Lignite","esto_flow","16.01.99 Commercial and public services unallocated","Hospitals","sector","Educational | Hospitals | Others_Unspecified | Service Buildings","ambiguous_multiple_implied_names","The same code resolves to multiple LEAP names across active mappings; do not add automatically."
"leap_combined_esto","Buildings/Services/Hospitals","LNG","esto_flow","16.01.99 Commercial and public services unallocated","Hospitals","sector","Educational | Hospitals | Others_Unspecified | Service Buildings","ambiguous_multiple_implied_names","The same code resolves to multiple LEAP names across active mappings; do not add automatically."
"leap_combined_esto","Buildings/Services/Hospitals","LPG","esto_flow","16.01.99 Commercial and public services unallocated","Hospitals","sector","Educational | Hospitals | Others_Unspecified | Service Buildings","ambiguous_multiple_implied_names","The same code resolves to multiple LEAP names across active mappings; do not add automatically."
"leap_combined_esto","Buildings/Services/Hospitals","Lubricants","esto_flow","16.01.99 Commercial and public services unallocated","Hospitals","sector","Educational | Hospitals | Others_Unspecified | Service Buildings","ambiguous_multiple_implied_names","The same code resolves to multiple LEAP names across active mappings; do not add automatically."
"leap_combined_esto","Buildings/Services/Hospitals","Motor gasoline","esto_flow","16.01.99 Commercial and public services unallocated","Hospitals","sector","Educational | Hospitals | Others_Unspecified | Service Buildings","ambiguous_multiple_implied_names","The same code resolves to multiple LEAP names across active mappings; do not add automatically."
"leap_combined_esto","Buildings/Services/Hospitals","Municipal solid waste non renewable","esto_flow","16.01.99 Commercial and public services unallocated","Hospitals","sector","Educational | Hospitals | Others_Unspecified | Service Buildings","ambiguous_multiple_implied_names","The same code resolves to multiple LEAP names across active mappings; do not add automatically."
"leap_combined_esto","Buildings/Services/Hospitals","Municipal solid waste renewable","esto_flow","16.01.99 Commercial and public services unallocated","Hospitals","sector","Educational | Hospitals | Others_Unspecified | Service Buildings","ambiguous_multiple_implied_names","The same code resolves to multiple LEAP names across active mappings; do not add automatically."
"leap_combined_esto","Buildings/Services/Hospitals","Naphtha","esto_flow","16.01.99 Commercial and public services unallocated","Hospitals","sector","Educational | Hospitals | Others_Unspecified | Service Buildings","ambiguous_multiple_implied_names","The same code resolves to multiple LEAP names across active mappings; do not add automatically."
"leap_combined_esto","Buildings/Services/Hospitals","Natural gas","esto_flow","16.01.99 Commercial and public services unallocated","Hospitals","sector","Educational | Hospitals | Others_Unspecified | Service Buildings","ambiguous_multiple_implied_names","The same code resolves to multiple LEAP names across active mappings; do not add automatically."
"leap_combined_esto","Buildings/Services/Hospitals","Natural gas liquids","esto_flow","16.01.99 Commercial and public services unallocated","Hospitals","sector","Educational | Hospitals | Others_Unspecified | Service Buildings","ambiguous_multiple_implied_names","The same code resolves to multiple LEAP names across active mappings; do not add automatically."
"leap_combined_esto","Buildings/Services/Hospitals","Nuclear","esto_flow","16.01.99 Commercial and public services unallocated","Hospitals","sector","Educational | Hospitals | Others_Unspecified | Service Buildings","ambiguous_multiple_implied_names","The same code resolves to multiple LEAP names across active mappings; do not add automatically."
"leap_combined_esto","Buildings/Services/Hospitals","Other biomass","esto_flow","16.01.99 Commercial and public services unallocated","Hospitals","sector","Educational | Hospitals | Others_Unspecified | Service Buildings","ambiguous_multiple_implied_names","The same code resolves to multiple LEAP names across active mappings; do not add automatically."
"leap_combined_esto","Buildings/Services/Hospitals","Other bituminous coal","esto_flow","16.01.99 Commercial and public services unallocated","Hospitals","sector","Educational | Hospitals | Others_Unspecified | Service Buildings","ambiguous_multiple_implied_names","The same code resolves to multiple LEAP names across active mappings; do not add automatically."
"leap_combined_esto","Buildings/Services/Hospitals","Other liquid biofuels","esto_flow","16.01.99 Commercial and public services unallocated","Hospitals","sector","Educational | Hospitals | Others_Unspecified | Service Buildings","ambiguous_multiple_implied_names","The same code resolves to multiple LEAP names across active mappings; do not add automatically."
"leap_combined_esto","Buildings/Services/Hospitals","Other products","esto_flow","16.01.99 Commercial and public services unallocated","Hospitals","sector","Educational | Hospitals | Others_Unspecified | Service Buildings","ambiguous_multiple_implied_names","The same code resolves to multiple LEAP names across active mappings; do not add automatically."
"leap_combined_esto","Buildings/Services/Hospitals","Other recovered gases","esto_flow","16.01.99 Commercial and public services unallocated","Hospitals","sector","Educational | Hospitals | Others_Unspecified | Service Buildings","ambiguous_multiple_implied_names","The same code resolves to multiple LEAP names across active mappings; do not add automatically."
"leap_combined_esto","Buildings/Services/Hospitals","Other sources","esto_flow","16.01.99 Commercial and public services unallocated","Hospitals","sector","Educational | Hospitals | Others_Unspecified | Service Buildings","ambiguous_multiple_implied_names","The same code resolves to multiple LEAP names across active mappings; do not add automatically."
"leap_combined_esto","Buildings/Services/Hospitals","Paraffin waxes","esto_flow","16.01.99 Commercial and public services unallocated","Hospitals","sector","Educational | Hospitals | Others_Unspecified | Service Buildings","ambiguous_multiple_implied_names","The same code resolves to multiple LEAP names across active mappings; do not add automatically."
"leap_combined_esto","Buildings/Services/Hospitals","Patent fuel","esto_flow","16.01.99 Commercial and public services unallocated","Hospitals","sector","Educational | Hospitals | Others_Unspecified | Service Buildings","ambiguous_multiple_implied_names","The same code resolves to multiple LEAP names across active mappings; do not add automatically."
"leap_combined_esto","Buildings/Services/Hospitals","Peat","esto_flow","16.01.99 Commercial and public services unallocated","Hospitals","sector","Educational | Hospitals | Others_Unspecified | Service Buildings","ambiguous_multiple_implied_names","The same code resolves to multiple LEAP names across active mappings; do not add automatically."
"leap_combined_esto","Buildings/Services/Hospitals","Peat products","esto_flow","16.01.99 Commercial and public services unallocated","Hospitals","sector","Educational | Hospitals | Others_Unspecified | Service Buildings","ambiguous_multiple_implied_names","The same code resolves to multiple LEAP names across active mappings; do not add automatically."
"leap_combined_esto","Buildings/Services/Hospitals","PetProd nonspecified","esto_flow","16.01.99 Commercial and public services unallocated","Hospitals","sector","Educational | Hospitals | Others_Unspecified | Service Buildings","ambiguous_multiple_implied_names","The same code resolves to multiple LEAP names across active mappings; do not add automatically."
"leap_combined_esto","Buildings/Services/Hospitals","Petroleum coke","esto_flow","16.01.99 Commercial and public services unallocated","Hospitals","sector","Educational | Hospitals | Others_Unspecified | Service Buildings","ambiguous_multiple_implied_names","The same code resolves to multiple LEAP names across active mappings; do not add automatically."
"leap_combined_esto","Buildings/Services/Hospitals","Refinery gas not liquefied","esto_flow","16.01.99 Commercial and public services unallocated","Hospitals","sector","Educational | Hospitals | Others_Unspecified | Service Buildings","ambiguous_multiple_implied_names","The same code resolves to multiple LEAP names across active mappings; do not add automatically."
"leap_combined_esto","Buildings/Services/Hospitals","Solar nonspecified","esto_flow","16.01.99 Commercial and public services unallocated","Hospitals","sector","Educational | Hospitals | Others_Unspecified | Service Buildings","ambiguous_multiple_implied_names","The same code resolves to multiple LEAP names across active mappings; do not add automatically."
"leap_combined_esto","Buildings/Services/Hospitals","Solar photovoltaics","esto_flow","16.01.99 Commercial and public services unallocated","Hospitals","sector","Educational | Hospitals | Others_Unspecified | Service Buildings","ambiguous_multiple_implied_names","The same code resolves to multiple LEAP names across active mappings; do not add automatically."
"leap_combined_esto","Buildings/Services/Hospitals","Sub bituminous coal","esto_flow","16.01.99 Commercial and public services unallocated","Hospitals","sector","Educational | Hospitals | Others_Unspecified | Service Buildings","ambiguous_multiple_implied_names","The same code resolves to multiple LEAP names across active mappings; do not add automatically."
"leap_combined_esto","Buildings/Services/Hospitals","White spirit SBP","esto_flow","16.01.99 Commercial and public services unallocated","Hospitals","sector","Educational | Hospitals | Others_Unspecified | Service Buildings","ambiguous_multiple_implied_names","The same code resolves to multiple LEAP names across active mappings; do not add automatically."
"leap_combined_esto","Buildings/Services/Hospitals","Wind","esto_flow","16.01.99 Commercial and public services unallocated","Hospitals","sector","Educational | Hospitals | Others_Unspecified | Service Buildings","ambiguous_multiple_implied_names","The same code resolves to multiple LEAP names across active mappings; do not add automatically."
"leap_combined_esto","Buildings/Services/Others_Unspecified","Additives and oxygenates","esto_flow","16.01.99 Commercial and public services unallocated","Others_Unspecified","sector","Educational | Hospitals | Others_Unspecified | Service Buildings","ambiguous_multiple_implied_names","The same code resolves to multiple LEAP names across active mappings; do not add automatically."
"leap_combined_esto","Buildings/Services/Others_Unspecified","Anthracite","esto_flow","16.01.99 Commercial and public services unallocated","Others_Unspecified","sector","Educational | Hospitals | Others_Unspecified | Service Buildings","ambiguous_multiple_implied_names","The same code resolves to multiple LEAP names across active mappings; do not add automatically."
"leap_combined_esto","Buildings/Services/Others_Unspecified","Aviation gasoline","esto_flow","16.01.99 Commercial and public services unallocated","Others_Unspecified","sector","Educational | Hospitals | Others_Unspecified | Service Buildings","ambiguous_multiple_implied_names","The same code resolves to multiple LEAP names across active mappings; do not add automatically."
"leap_combined_esto","Buildings/Services/Others_Unspecified","Bagasse","esto_flow","16.01.99 Commercial and public services unallocated","Others_Unspecified","sector","Educational | Hospitals | Others_Unspecified | Service Buildings","ambiguous_multiple_implied_names","The same code resolves to multiple LEAP names across active mappings; do not add automatically."
"leap_combined_esto","Buildings/Services/Others_Unspecified","Bio jet kerosene","esto_flow","16.01.99 Commercial and public services unallocated","Others_Unspecified","sector","Educational | Hospitals | Others_Unspecified | Service Buildings","ambiguous_multiple_implied_names","The same code resolves to multiple LEAP names across active mappings; do not add automatically."
"leap_combined_esto","Buildings/Services/Others_Unspecified","Biodiesel","esto_flow","16.01.99 Commercial and public services unallocated","Others_Unspecified","sector","Educational | Hospitals | Others_Unspecified | Service Buildings","ambiguous_multiple_implied_names","The same code resolves to multiple LEAP names across active mappings; do not add automatically."
"leap_combined_esto","Buildings/Services/Others_Unspecified","Biogas","esto_flow","16.01.99 Commercial and public services unallocated","Others_Unspecified","sector","Educational | Hospitals | Others_Unspecified | Service Buildings","ambiguous_multiple_implied_names","The same code resolves to multiple LEAP names across active mappings; do not add automatically."
"leap_combined_esto","Buildings/Services/Others_Unspecified","Biogasoline","esto_flow","16.01.99 Commercial and public services unallocated","Others_Unspecified","sector","Educational | Hospitals | Others_Unspecified | Service Buildings","ambiguous_multiple_implied_names","The same code resolves to multiple LEAP names across active mappings; do not add automatically."
"leap_combined_esto","Buildings/Services/Others_Unspecified","Bitumen","esto_flow","16.01.99 Commercial and public services unallocated","Others_Unspecified","sector","Educational | Hospitals | Others_Unspecified | Service Buildings","ambiguous_multiple_implied_names","The same code resolves to multiple LEAP names across active mappings; do not add automatically."
"leap_combined_esto","Buildings/Services/Others_Unspecified","BKB and PB","esto_flow","16.01.99 Commercial and public services unallocated","Others_Unspecified","sector","Educational | Hospitals | Others_Unspecified | Service Buildings","ambiguous_multiple_implied_names","The same code resolves to multiple LEAP names across active mappings; do not add automatically."
"leap_combined_esto","Buildings/Services/Others_Unspecified","Black liquor","esto_flow","16.01.99 Commercial and public services unallocated","Others_Unspecified","sector","Educational | Hospitals | Others_Unspecified | Service Buildings","ambiguous_multiple_implied_names","The same code resolves to multiple LEAP names across active mappings; do not add automatically."
"leap_combined_esto","Buildings/Services/Others_Unspecified","Blast furnace gas","esto_flow","16.01.99 Commercial and public services unallocated","Others_Unspecified","sector","Educational | Hospitals | Others_Unspecified | Service Buildings","ambiguous_multiple_implied_names","The same code resolves to multiple LEAP names across active mappings; do not add automatically."
"leap_combined_esto","Buildings/Services/Others_Unspecified","Charcoal","esto_flow","16.01.99 Commercial and public services unallocated","Others_Unspecified","sector","Educational | Hospitals | Others_Unspecified | Service Buildings","ambiguous_multiple_implied_names","The same code resolves to multiple LEAP names across active mappings; do not add automatically."
"leap_combined_esto","Buildings/Services/Others_Unspecified","Coal nonspecified","esto_flow","16.01.99 Commercial and public services unallocated","Others_Unspecified","sector","Educational | Hospitals | Others_Unspecified | Service Buildings","ambiguous_multiple_implied_names","The same code resolves to multiple LEAP names across active mappings; do not add automatically."
"leap_combined_esto","Buildings/Services/Others_Unspecified","Coal tar","esto_flow","16.01.99 Commercial and public services unallocated","Others_Unspecified","sector","Educational | Hospitals | Others_Unspecified | Service Buildings","ambiguous_multiple_implied_names","The same code resolves to multiple LEAP names across active mappings; do not add automatically."
"leap_combined_esto","Buildings/Services/Others_Unspecified","Coke oven coke","esto_flow","16.01.99 Commercial and public services unallocated","Others_Unspecified","sector","Educational | Hospitals | Others_Unspecified | Service Buildings","ambiguous_multiple_implied_names","The same code resolves to multiple LEAP names across active mappings; do not add automatically."
"leap_combined_esto","Buildings/Services/Others_Unspecified","Coke oven gas","esto_flow","16.01.99 Commercial and public services unallocated","Others_Unspecified","sector","Educational | Hospitals | Others_Unspecified | Service Buildings","ambiguous_multiple_implied_names","The same code resolves to multiple LEAP names across active mappings; do not add automatically."
"leap_combined_esto","Buildings/Services/Others_Unspecified","Coking coal","esto_flow","16.01.99 Commercial and public services unallocated","Others_Unspecified","sector","Educational | Hospitals | Others_Unspecified | Service Buildings","ambiguous_multiple_implied_names","The same code resolves to multiple LEAP names across active mappings; do not add automatically."
"leap_combined_esto","Buildings/Services/Others_Unspecified","Crude oil","esto_flow","16.01.99 Commercial and public services unallocated","Others_Unspecified","sector","Educational | Hospitals | Others_Unspecified | Service Buildings","ambiguous_multiple_implied_names","The same code resolves to multiple LEAP names across active mappings; do not add automatically."
"leap_combined_esto","Buildings/Services/Others_Unspecified","Electricity","esto_flow","16.01.99 Commercial and public services unallocated","Others_Unspecified","sector","Educational | Hospitals | Others_Unspecified | Service Buildings","ambiguous_multiple_implied_names","The same code resolves to multiple LEAP names across active mappings; do not add automatically."
"leap_combined_esto","Buildings/Services/Others_Unspecified","Ethane","esto_flow","16.01.99 Commercial and public services unallocated","Others_Unspecified","sector","Educational | Hospitals | Others_Unspecified | Service Buildings","ambiguous_multiple_implied_names","The same code resolves to multiple LEAP names across active mappings; do not add automatically."
"leap_combined_esto","Buildings/Services/Others_Unspecified","Fuel oil","esto_flow","16.01.99 Commercial and public services unallocated","Others_Unspecified","sector","Educational | Hospitals | Others_Unspecified | Service Buildings","ambiguous_multiple_implied_names","The same code resolves to multiple LEAP names across active mappings; do not add automatically."
"leap_combined_esto","Buildings/Services/Others_Unspecified","Fuelwood and woodwaste","esto_flow","16.01.99 Commercial and public services unallocated","Others_Unspecified","sector","Educational | Hospitals | Others_Unspecified | Service Buildings","ambiguous_multiple_implied_names","The same code resolves to multiple LEAP names across active mappings; do not add automatically."
"leap_combined_esto","Buildings/Services/Others_Unspecified","Gas and diesel oil","esto_flow","16.01.99 Commercial and public services unallocated","Others_Unspecified","sector","Educational | Hospitals | Others_Unspecified | Service Buildings","ambiguous_multiple_implied_names","The same code resolves to multiple LEAP names across active mappings; do not add automatically."
"leap_combined_esto","Buildings/Services/Others_Unspecified","Gas coke","esto_flow","16.01.99 Commercial and public services unallocated","Others_Unspecified","sector","Educational | Hospitals | Others_Unspecified | Service Buildings","ambiguous_multiple_implied_names","The same code resolves to multiple LEAP names across active mappings; do not add automatically."
"leap_combined_esto","Buildings/Services/Others_Unspecified","Gas nonspecified","esto_flow","16.01.99 Commercial and public services unallocated","Others_Unspecified","sector","Educational | Hospitals | Others_Unspecified | Service Buildings","ambiguous_multiple_implied_names","The same code resolves to multiple LEAP names across active mappings; do not add automatically."
"leap_combined_esto","Buildings/Services/Others_Unspecified","Gas works gas","esto_flow","16.01.99 Commercial and public services unallocated","Others_Unspecified","sector","Educational | Hospitals | Others_Unspecified | Service Buildings","ambiguous_multiple_implied_names","The same code resolves to multiple LEAP names across active mappings; do not add automatically."
"leap_combined_esto","Buildings/Services/Others_Unspecified","Gasoline type jet fuel","esto_flow","16.01.99 Commercial and public services unallocated","Others_Unspecified","sector","Educational | Hospitals | Others_Unspecified | Service Buildings","ambiguous_multiple_implied_names","The same code resolves to multiple LEAP names across active mappings; do not add automatically."
"leap_combined_esto","Buildings/Services/Others_Unspecified","Geothermal","esto_flow","16.01.99 Commercial and public services unallocated","Others_Unspecified","sector","Educational | Hospitals | Others_Unspecified | Service Buildings","ambiguous_multiple_implied_names","The same code resolves to multiple LEAP names across active mappings; do not add automatically."
"leap_combined_esto","Buildings/Services/Others_Unspecified","Heat","esto_flow","16.01.99 Commercial and public services unallocated","Others_Unspecified","sector","Educational | Hospitals | Others_Unspecified | Service Buildings","ambiguous_multiple_implied_names","The same code resolves to multiple LEAP names across active mappings; do not add automatically."
"leap_combined_esto","Buildings/Services/Others_Unspecified","Hydro","esto_flow","16.01.99 Commercial and public services unallocated","Others_Unspecified","sector","Educational | Hospitals | Others_Unspecified | Service Buildings","ambiguous_multiple_implied_names","The same code resolves to multiple LEAP names across active mappings; do not add automatically."
"leap_combined_esto","Buildings/Services/Others_Unspecified","Hydrogen","esto_flow","16.01.99 Commercial and public services unallocated","Others_Unspecified","sector","Educational | Hospitals | Others_Unspecified | Service Buildings","ambiguous_multiple_implied_names","The same code resolves to multiple LEAP names across active mappings; do not add automatically."
"leap_combined_esto","Buildings/Services/Others_Unspecified","Industrial waste","esto_flow","16.01.99 Commercial and public services unallocated","Others_Unspecified","sector","Educational | Hospitals | Others_Unspecified | Service Buildings","ambiguous_multiple_implied_names","The same code resolves to multiple LEAP names across active mappings; do not add automatically."
"leap_combined_esto","Buildings/Services/Others_Unspecified","Kerosene","esto_flow","16.01.99 Commercial and public services unallocated","Others_Unspecified","sector","Educational | Hospitals | Others_Unspecified | Service Buildings","ambiguous_multiple_implied_names","The same code resolves to multiple LEAP names across active mappings; do not add automatically."
"leap_combined_esto","Buildings/Services/Others_Unspecified","Kerosene type jet fuel","esto_flow","16.01.99 Commercial and public services unallocated","Others_Unspecified","sector","Educational | Hospitals | Others_Unspecified | Service Buildings","ambiguous_multiple_implied_names","The same code resolves to multiple LEAP names across active mappings; do not add automatically."
"leap_combined_esto","Buildings/Services/Others_Unspecified","Lignite","esto_flow","16.01.99 Commercial and public services unallocated","Others_Unspecified","sector","Educational | Hospitals | Others_Unspecified | Service Buildings","ambiguous_multiple_implied_names","The same code resolves to multiple LEAP names across active mappings; do not add automatically."
"leap_combined_esto","Buildings/Services/Others_Unspecified","LNG","esto_flow","16.01.99 Commercial and public services unallocated","Others_Unspecified","sector","Educational | Hospitals | Others_Unspecified | Service Buildings","ambiguous_multiple_implied_names","The same code resolves to multiple LEAP names across active mappings; do not add automatically."
"leap_combined_esto","Buildings/Services/Others_Unspecified","LPG","esto_flow","16.01.99 Commercial and public services unallocated","Others_Unspecified","sector","Educational | Hospitals | Others_Unspecified | Service Buildings","ambiguous_multiple_implied_names","The same code resolves to multiple LEAP names across active mappings; do not add automatically."
"leap_combined_esto","Buildings/Services/Others_Unspecified","Lubricants","esto_flow","16.01.99 Commercial and public services unallocated","Others_Unspecified","sector","Educational | Hospitals | Others_Unspecified | Service Buildings","ambiguous_multiple_implied_names","The same code resolves to multiple LEAP names across active mappings; do not add automatically."
"leap_combined_esto","Buildings/Services/Others_Unspecified","Motor gasoline","esto_flow","16.01.99 Commercial and public services unallocated","Others_Unspecified","sector","Educational | Hospitals | Others_Unspecified | Service Buildings","ambiguous_multiple_implied_names","The same code resolves to multiple LEAP names across active mappings; do not add automatically."
"leap_combined_esto","Buildings/Services/Others_Unspecified","Municipal solid waste non renewable","esto_flow","16.01.99 Commercial and public services unallocated","Others_Unspecified","sector","Educational | Hospitals | Others_Unspecified | Service Buildings","ambiguous_multiple_implied_names","The same code resolves to multiple LEAP names across active mappings; do not add automatically."
"leap_combined_esto","Buildings/Services/Others_Unspecified","Municipal solid waste renewable","esto_flow","16.01.99 Commercial and public services unallocated","Others_Unspecified","sector","Educational | Hospitals | Others_Unspecified | Service Buildings","ambiguous_multiple_implied_names","The same code resolves to multiple LEAP names across active mappings; do not add automatically."
"leap_combined_esto","Buildings/Services/Others_Unspecified","Naphtha","esto_flow","16.01.99 Commercial and public services unallocated","Others_Unspecified","sector","Educational | Hospitals | Others_Unspecified | Service Buildings","ambiguous_multiple_implied_names","The same code resolves to multiple LEAP names across active mappings; do not add automatically."
"leap_combined_esto","Buildings/Services/Others_Unspecified","Natural gas","esto_flow","16.01.99 Commercial and public services unallocated","Others_Unspecified","sector","Educational | Hospitals | Others_Unspecified | Service Buildings","ambiguous_multiple_implied_names","The same code resolves to multiple LEAP names across active mappings; do not add automatically."
"leap_combined_esto","Buildings/Services/Others_Unspecified","Natural gas liquids","esto_flow","16.01.99 Commercial and public services unallocated","Others_Unspecified","sector","Educational | Hospitals | Others_Unspecified | Service Buildings","ambiguous_multiple_implied_names","The same code resolves to multiple LEAP names across active mappings; do not add automatically."
"leap_combined_esto","Buildings/Services/Others_Unspecified","Nuclear","esto_flow","16.01.99 Commercial and public services unallocated","Others_Unspecified","sector","Educational | Hospitals | Others_Unspecified | Service Buildings","ambiguous_multiple_implied_names","The same code resolves to multiple LEAP names across active mappings; do not add automatically."
"leap_combined_esto","Buildings/Services/Others_Unspecified","Other biomass","esto_flow","16.01.99 Commercial and public services unallocated","Others_Unspecified","sector","Educational | Hospitals | Others_Unspecified | Service Buildings","ambiguous_multiple_implied_names","The same code resolves to multiple LEAP names across active mappings; do not add automatically."
"leap_combined_esto","Buildings/Services/Others_Unspecified","Other bituminous coal","esto_flow","16.01.99 Commercial and public services unallocated","Others_Unspecified","sector","Educational | Hospitals | Others_Unspecified | Service Buildings","ambiguous_multiple_implied_names","The same code resolves to multiple LEAP names across active mappings; do not add automatically."
"leap_combined_esto","Buildings/Services/Others_Unspecified","Other liquid biofuels","esto_flow","16.01.99 Commercial and public services unallocated","Others_Unspecified","sector","Educational | Hospitals | Others_Unspecified | Service Buildings","ambiguous_multiple_implied_names","The same code resolves to multiple LEAP names across active mappings; do not add automatically."
"leap_combined_esto","Buildings/Services/Others_Unspecified","Other products","esto_flow","16.01.99 Commercial and public services unallocated","Others_Unspecified","sector","Educational | Hospitals | Others_Unspecified | Service Buildings","ambiguous_multiple_implied_names","The same code resolves to multiple LEAP names across active mappings; do not add automatically."
"leap_combined_esto","Buildings/Services/Others_Unspecified","Other recovered gases","esto_flow","16.01.99 Commercial and public services unallocated","Others_Unspecified","sector","Educational | Hospitals | Others_Unspecified | Service Buildings","ambiguous_multiple_implied_names","The same code resolves to multiple LEAP names across active mappings; do not add automatically."
"leap_combined_esto","Buildings/Services/Others_Unspecified","Other sources","esto_flow","16.01.99 Commercial and public services unallocated","Others_Unspecified","sector","Educational | Hospitals | Others_Unspecified | Service Buildings","ambiguous_multiple_implied_names","The same code resolves to multiple LEAP names across active mappings; do not add automatically."
"leap_combined_esto","Buildings/Services/Others_Unspecified","Paraffin waxes","esto_flow","16.01.99 Commercial and public services unallocated","Others_Unspecified","sector","Educational | Hospitals | Others_Unspecified | Service Buildings","ambiguous_multiple_implied_names","The same code resolves to multiple LEAP names across active mappings; do not add automatically."
"leap_combined_esto","Buildings/Services/Others_Unspecified","Patent fuel","esto_flow","16.01.99 Commercial and public services unallocated","Others_Unspecified","sector","Educational | Hospitals | Others_Unspecified | Service Buildings","ambiguous_multiple_implied_names","The same code resolves to multiple LEAP names across active mappings; do not add automatically."
"leap_combined_esto","Buildings/Services/Others_Unspecified","Peat","esto_flow","16.01.99 Commercial and public services unallocated","Others_Unspecified","sector","Educational | Hospitals | Others_Unspecified | Service Buildings","ambiguous_multiple_implied_names","The same code resolves to multiple LEAP names across active mappings; do not add automatically."
"leap_combined_esto","Buildings/Services/Others_Unspecified","Peat products","esto_flow","16.01.99 Commercial and public services unallocated","Others_Unspecified","sector","Educational | Hospitals | Others_Unspecified | Service Buildings","ambiguous_multiple_implied_names","The same code resolves to multiple LEAP names across active mappings; do not add automatically."
"leap_combined_esto","Buildings/Services/Others_Unspecified","PetProd nonspecified","esto_flow","16.01.99 Commercial and public services unallocated","Others_Unspecified","sector","Educational | Hospitals | Others_Unspecified | Service Buildings","ambiguous_multiple_implied_names","The same code resolves to multiple LEAP names across active mappings; do not add automatically."
"leap_combined_esto","Buildings/Services/Others_Unspecified","Petroleum coke","esto_flow","16.01.99 Commercial and public services unallocated","Others_Unspecified","sector","Educational | Hospitals | Others_Unspecified | Service Buildings","ambiguous_multiple_implied_names","The same code resolves to multiple LEAP names across active mappings; do not add automatically."
"leap_combined_esto","Buildings/Services/Others_Unspecified","Refinery gas not liquefied","esto_flow","16.01.99 Commercial and public services unallocated","Others_Unspecified","sector","Educational | Hospitals | Others_Unspecified | Service Buildings","ambiguous_multiple_implied_names","The same code resolves to multiple LEAP names across active mappings; do not add automatically."
"leap_combined_esto","Buildings/Services/Others_Unspecified","Solar nonspecified","esto_flow","16.01.99 Commercial and public services unallocated","Others_Unspecified","sector","Educational | Hospitals | Others_Unspecified | Service Buildings","ambiguous_multiple_implied_names","The same code resolves to multiple LEAP names across active mappings; do not add automatically."
"leap_combined_esto","Buildings/Services/Others_Unspecified","Solar photovoltaics","esto_flow","16.01.99 Commercial and public services unallocated","Others_Unspecified","sector","Educational | Hospitals | Others_Unspecified | Service Buildings","ambiguous_multiple_implied_names","The same code resolves to multiple LEAP names across active mappings; do not add automatically."
"leap_combined_esto","Buildings/Services/Others_Unspecified","Sub bituminous coal","esto_flow","16.01.99 Commercial and public services unallocated","Others_Unspecified","sector","Educational | Hospitals | Others_Unspecified | Service Buildings","ambiguous_multiple_implied_names","The same code resolves to multiple LEAP names across active mappings; do not add automatically."
"leap_combined_esto","Buildings/Services/Others_Unspecified","White spirit SBP","esto_flow","16.01.99 Commercial and public services unallocated","Others_Unspecified","sector","Educational | Hospitals | Others_Unspecified | Service Buildings","ambiguous_multiple_implied_names","The same code resolves to multiple LEAP names across active mappings; do not add automatically."
"leap_combined_esto","Buildings/Services/Others_Unspecified","Wind","esto_flow","16.01.99 Commercial and public services unallocated","Others_Unspecified","sector","Educational | Hospitals | Others_Unspecified | Service Buildings","ambiguous_multiple_implied_names","The same code resolves to multiple LEAP names across active mappings; do not add automatically."
"leap_combined_esto","Buildings/Services/Service Buildings","Additives and oxygenates","esto_flow","16.01.99 Commercial and public services unallocated","Service Buildings","sector","Educational | Hospitals | Others_Unspecified | Service Buildings","ambiguous_multiple_implied_names","The same code resolves to multiple LEAP names across active mappings; do not add automatically."
"leap_combined_esto","Buildings/Services/Service Buildings","Anthracite","esto_flow","16.01.99 Commercial and public services unallocated","Service Buildings","sector","Educational | Hospitals | Others_Unspecified | Service Buildings","ambiguous_multiple_implied_names","The same code resolves to multiple LEAP names across active mappings; do not add automatically."
"leap_combined_esto","Buildings/Services/Service Buildings","Aviation gasoline","esto_flow","16.01.99 Commercial and public services unallocated","Service Buildings","sector","Educational | Hospitals | Others_Unspecified | Service Buildings","ambiguous_multiple_implied_names","The same code resolves to multiple LEAP names across active mappings; do not add automatically."
"leap_combined_esto","Buildings/Services/Service Buildings","Bagasse","esto_flow","16.01.99 Commercial and public services unallocated","Service Buildings","sector","Educational | Hospitals | Others_Unspecified | Service Buildings","ambiguous_multiple_implied_names","The same code resolves to multiple LEAP names across active mappings; do not add automatically."
"leap_combined_esto","Buildings/Services/Service Buildings","Bio jet kerosene","esto_flow","16.01.99 Commercial and public services unallocated","Service Buildings","sector","Educational | Hospitals | Others_Unspecified | Service Buildings","ambiguous_multiple_implied_names","The same code resolves to multiple LEAP names across active mappings; do not add automatically."
"leap_combined_esto","Buildings/Services/Service Buildings","Biodiesel","esto_flow","16.01.99 Commercial and public services unallocated","Service Buildings","sector","Educational | Hospitals | Others_Unspecified | Service Buildings","ambiguous_multiple_implied_names","The same code resolves to multiple LEAP names across active mappings; do not add automatically."
"leap_combined_esto","Buildings/Services/Service Buildings","Biogas","esto_flow","16.01.99 Commercial and public services unallocated","Service Buildings","sector","Educational | Hospitals | Others_Unspecified | Service Buildings","ambiguous_multiple_implied_names","The same code resolves to multiple LEAP names across active mappings; do not add automatically."
"leap_combined_esto","Buildings/Services/Service Buildings","Biogasoline","esto_flow","16.01.99 Commercial and public services unallocated","Service Buildings","sector","Educational | Hospitals | Others_Unspecified | Service Buildings","ambiguous_multiple_implied_names","The same code resolves to multiple LEAP names across active mappings; do not add automatically."
"leap_combined_esto","Buildings/Services/Service Buildings","Bitumen","esto_flow","16.01.99 Commercial and public services unallocated","Service Buildings","sector","Educational | Hospitals | Others_Unspecified | Service Buildings","ambiguous_multiple_implied_names","The same code resolves to multiple LEAP names across active mappings; do not add automatically."
"leap_combined_esto","Buildings/Services/Service Buildings","BKB and PB","esto_flow","16.01.99 Commercial and public services unallocated","Service Buildings","sector","Educational | Hospitals | Others_Unspecified | Service Buildings","ambiguous_multiple_implied_names","The same code resolves to multiple LEAP names across active mappings; do not add automatically."
"leap_combined_esto","Buildings/Services/Service Buildings","Black liquor","esto_flow","16.01.99 Commercial and public services unallocated","Service Buildings","sector","Educational | Hospitals | Others_Unspecified | Service Buildings","ambiguous_multiple_implied_names","The same code resolves to multiple LEAP names across active mappings; do not add automatically."
"leap_combined_esto","Buildings/Services/Service Buildings","Blast furnace gas","esto_flow","16.01.99 Commercial and public services unallocated","Service Buildings","sector","Educational | Hospitals | Others_Unspecified | Service Buildings","ambiguous_multiple_implied_names","The same code resolves to multiple LEAP names across active mappings; do not add automatically."
"leap_combined_esto","Buildings/Services/Service Buildings","Charcoal","esto_flow","16.01.99 Commercial and public services unallocated","Service Buildings","sector","Educational | Hospitals | Others_Unspecified | Service Buildings","ambiguous_multiple_implied_names","The same code resolves to multiple LEAP names across active mappings; do not add automatically."
"leap_combined_esto","Buildings/Services/Service Buildings","Coal nonspecified","esto_flow","16.01.99 Commercial and public services unallocated","Service Buildings","sector","Educational | Hospitals | Others_Unspecified | Service Buildings","ambiguous_multiple_implied_names","The same code resolves to multiple LEAP names across active mappings; do not add automatically."
"leap_combined_esto","Buildings/Services/Service Buildings","Coal tar","esto_flow","16.01.99 Commercial and public services unallocated","Service Buildings","sector","Educational | Hospitals | Others_Unspecified | Service Buildings","ambiguous_multiple_implied_names","The same code resolves to multiple LEAP names across active mappings; do not add automatically."
"leap_combined_esto","Buildings/Services/Service Buildings","Coke oven coke","esto_flow","16.01.99 Commercial and public services unallocated","Service Buildings","sector","Educational | Hospitals | Others_Unspecified | Service Buildings","ambiguous_multiple_implied_names","The same code resolves to multiple LEAP names across active mappings; do not add automatically."
"leap_combined_esto","Buildings/Services/Service Buildings","Coke oven gas","esto_flow","16.01.99 Commercial and public services unallocated","Service Buildings","sector","Educational | Hospitals | Others_Unspecified | Service Buildings","ambiguous_multiple_implied_names","The same code resolves to multiple LEAP names across active mappings; do not add automatically."
"leap_combined_esto","Buildings/Services/Service Buildings","Coking coal","esto_flow","16.01.99 Commercial and public services unallocated","Service Buildings","sector","Educational | Hospitals | Others_Unspecified | Service Buildings","ambiguous_multiple_implied_names","The same code resolves to multiple LEAP names across active mappings; do not add automatically."
"leap_combined_esto","Buildings/Services/Service Buildings","Crude oil","esto_flow","16.01.99 Commercial and public services unallocated","Service Buildings","sector","Educational | Hospitals | Others_Unspecified | Service Buildings","ambiguous_multiple_implied_names","The same code resolves to multiple LEAP names across active mappings; do not add automatically."
"leap_combined_esto","Buildings/Services/Service Buildings","Electricity","esto_flow","16.01.99 Commercial and public services unallocated","Service Buildings","sector","Educational | Hospitals | Others_Unspecified | Service Buildings","ambiguous_multiple_implied_names","The same code resolves to multiple LEAP names across active mappings; do not add automatically."
"leap_combined_esto","Buildings/Services/Service Buildings","Ethane","esto_flow","16.01.99 Commercial and public services unallocated","Service Buildings","sector","Educational | Hospitals | Others_Unspecified | Service Buildings","ambiguous_multiple_implied_names","The same code resolves to multiple LEAP names across active mappings; do not add automatically."
"leap_combined_esto","Buildings/Services/Service Buildings","Fuel oil","esto_flow","16.01.99 Commercial and public services unallocated","Service Buildings","sector","Educational | Hospitals | Others_Unspecified | Service Buildings","ambiguous_multiple_implied_names","The same code resolves to multiple LEAP names across active mappings; do not add automatically."
"leap_combined_esto","Buildings/Services/Service Buildings","Fuelwood and woodwaste","esto_flow","16.01.99 Commercial and public services unallocated","Service Buildings","sector","Educational | Hospitals | Others_Unspecified | Service Buildings","ambiguous_multiple_implied_names","The same code resolves to multiple LEAP names across active mappings; do not add automatically."
"leap_combined_esto","Buildings/Services/Service Buildings","Gas and diesel oil","esto_flow","16.01.99 Commercial and public services unallocated","Service Buildings","sector","Educational | Hospitals | Others_Unspecified | Service Buildings","ambiguous_multiple_implied_names","The same code resolves to multiple LEAP names across active mappings; do not add automatically."
"leap_combined_esto","Buildings/Services/Service Buildings","Gas coke","esto_flow","16.01.99 Commercial and public services unallocated","Service Buildings","sector","Educational | Hospitals | Others_Unspecified | Service Buildings","ambiguous_multiple_implied_names","The same code resolves to multiple LEAP names across active mappings; do not add automatically."
"leap_combined_esto","Buildings/Services/Service Buildings","Gas nonspecified","esto_flow","16.01.99 Commercial and public services unallocated","Service Buildings","sector","Educational | Hospitals | Others_Unspecified | Service Buildings","ambiguous_multiple_implied_names","The same code resolves to multiple LEAP names across active mappings; do not add automatically."
"leap_combined_esto","Buildings/Services/Service Buildings","Gas works gas","esto_flow","16.01.99 Commercial and public services unallocated","Service Buildings","sector","Educational | Hospitals | Others_Unspecified | Service Buildings","ambiguous_multiple_implied_names","The same code resolves to multiple LEAP names across active mappings; do not add automatically."
"leap_combined_esto","Buildings/Services/Service Buildings","Gasoline type jet fuel","esto_flow","16.01.99 Commercial and public services unallocated","Service Buildings","sector","Educational | Hospitals | Others_Unspecified | Service Buildings","ambiguous_multiple_implied_names","The same code resolves to multiple LEAP names across active mappings; do not add automatically."
"leap_combined_esto","Buildings/Services/Service Buildings","Geothermal","esto_flow","16.01.99 Commercial and public services unallocated","Service Buildings","sector","Educational | Hospitals | Others_Unspecified | Service Buildings","ambiguous_multiple_implied_names","The same code resolves to multiple LEAP names across active mappings; do not add automatically."
"leap_combined_esto","Buildings/Services/Service Buildings","Heat","esto_flow","16.01.99 Commercial and public services unallocated","Service Buildings","sector","Educational | Hospitals | Others_Unspecified | Service Buildings","ambiguous_multiple_implied_names","The same code resolves to multiple LEAP names across active mappings; do not add automatically."
"leap_combined_esto","Buildings/Services/Service Buildings","Hydro","esto_flow","16.01.99 Commercial and public services unallocated","Service Buildings","sector","Educational | Hospitals | Others_Unspecified | Service Buildings","ambiguous_multiple_implied_names","The same code resolves to multiple LEAP names across active mappings; do not add automatically."
"leap_combined_esto","Buildings/Services/Service Buildings","Hydrogen","esto_flow","16.01.99 Commercial and public services unallocated","Service Buildings","sector","Educational | Hospitals | Others_Unspecified | Service Buildings","ambiguous_multiple_implied_names","The same code resolves to multiple LEAP names across active mappings; do not add automatically."
"leap_combined_esto","Buildings/Services/Service Buildings","Industrial waste","esto_flow","16.01.99 Commercial and public services unallocated","Service Buildings","sector","Educational | Hospitals | Others_Unspecified | Service Buildings","ambiguous_multiple_implied_names","The same code resolves to multiple LEAP names across active mappings; do not add automatically."
"leap_combined_esto","Buildings/Services/Service Buildings","Kerosene","esto_flow","16.01.99 Commercial and public services unallocated","Service Buildings","sector","Educational | Hospitals | Others_Unspecified | Service Buildings","ambiguous_multiple_implied_names","The same code resolves to multiple LEAP names across active mappings; do not add automatically."
"leap_combined_esto","Buildings/Services/Service Buildings","Kerosene type jet fuel","esto_flow","16.01.99 Commercial and public services unallocated","Service Buildings","sector","Educational | Hospitals | Others_Unspecified | Service Buildings","ambiguous_multiple_implied_names","The same code resolves to multiple LEAP names across active mappings; do not add automatically."
"leap_combined_esto","Buildings/Services/Service Buildings","Lignite","esto_flow","16.01.99 Commercial and public services unallocated","Service Buildings","sector","Educational | Hospitals | Others_Unspecified | Service Buildings","ambiguous_multiple_implied_names","The same code resolves to multiple LEAP names across active mappings; do not add automatically."
"leap_combined_esto","Buildings/Services/Service Buildings","LNG","esto_flow","16.01.99 Commercial and public services unallocated","Service Buildings","sector","Educational | Hospitals | Others_Unspecified | Service Buildings","ambiguous_multiple_implied_names","The same code resolves to multiple LEAP names across active mappings; do not add automatically."
"leap_combined_esto","Buildings/Services/Service Buildings","LPG","esto_flow","16.01.99 Commercial and public services unallocated","Service Buildings","sector","Educational | Hospitals | Others_Unspecified | Service Buildings","ambiguous_multiple_implied_names","The same code resolves to multiple LEAP names across active mappings; do not add automatically."
"leap_combined_esto","Buildings/Services/Service Buildings","Lubricants","esto_flow","16.01.99 Commercial and public services unallocated","Service Buildings","sector","Educational | Hospitals | Others_Unspecified | Service Buildings","ambiguous_multiple_implied_names","The same code resolves to multiple LEAP names across active mappings; do not add automatically."
"leap_combined_esto","Buildings/Services/Service Buildings","Motor gasoline","esto_flow","16.01.99 Commercial and public services unallocated","Service Buildings","sector","Educational | Hospitals | Others_Unspecified | Service Buildings","ambiguous_multiple_implied_names","The same code resolves to multiple LEAP names across active mappings; do not add automatically."
"leap_combined_esto","Buildings/Services/Service Buildings","Municipal solid waste non renewable","esto_flow","16.01.99 Commercial and public services unallocated","Service Buildings","sector","Educational | Hospitals | Others_Unspecified | Service Buildings","ambiguous_multiple_implied_names","The same code resolves to multiple LEAP names across active mappings; do not add automatically."
"leap_combined_esto","Buildings/Services/Service Buildings","Municipal solid waste renewable","esto_flow","16.01.99 Commercial and public services unallocated","Service Buildings","sector","Educational | Hospitals | Others_Unspecified | Service Buildings","ambiguous_multiple_implied_names","The same code resolves to multiple LEAP names across active mappings; do not add automatically."
"leap_combined_esto","Buildings/Services/Service Buildings","Naphtha","esto_flow","16.01.99 Commercial and public services unallocated","Service Buildings","sector","Educational | Hospitals | Others_Unspecified | Service Buildings","ambiguous_multiple_implied_names","The same code resolves to multiple LEAP names across active mappings; do not add automatically."
"leap_combined_esto","Buildings/Services/Service Buildings","Natural gas","esto_flow","16.01.99 Commercial and public services unallocated","Service Buildings","sector","Educational | Hospitals | Others_Unspecified | Service Buildings","ambiguous_multiple_implied_names","The same code resolves to multiple LEAP names across active mappings; do not add automatically."
"leap_combined_esto","Buildings/Services/Service Buildings","Natural gas liquids","esto_flow","16.01.99 Commercial and public services unallocated","Service Buildings","sector","Educational | Hospitals | Others_Unspecified | Service Buildings","ambiguous_multiple_implied_names","The same code resolves to multiple LEAP names across active mappings; do not add automatically."
"leap_combined_esto","Buildings/Services/Service Buildings","Nuclear","esto_flow","16.01.99 Commercial and public services unallocated","Service Buildings","sector","Educational | Hospitals | Others_Unspecified | Service Buildings","ambiguous_multiple_implied_names","The same code resolves to multiple LEAP names across active mappings; do not add automatically."
"leap_combined_esto","Buildings/Services/Service Buildings","Other biomass","esto_flow","16.01.99 Commercial and public services unallocated","Service Buildings","sector","Educational | Hospitals | Others_Unspecified | Service Buildings","ambiguous_multiple_implied_names","The same code resolves to multiple LEAP names across active mappings; do not add automatically."
"leap_combined_esto","Buildings/Services/Service Buildings","Other bituminous coal","esto_flow","16.01.99 Commercial and public services unallocated","Service Buildings","sector","Educational | Hospitals | Others_Unspecified | Service Buildings","ambiguous_multiple_implied_names","The same code resolves to multiple LEAP names across active mappings; do not add automatically."
"leap_combined_esto","Buildings/Services/Service Buildings","Other liquid biofuels","esto_flow","16.01.99 Commercial and public services unallocated","Service Buildings","sector","Educational | Hospitals | Others_Unspecified | Service Buildings","ambiguous_multiple_implied_names","The same code resolves to multiple LEAP names across active mappings; do not add automatically."
"leap_combined_esto","Buildings/Services/Service Buildings","Other products","esto_flow","16.01.99 Commercial and public services unallocated","Service Buildings","sector","Educational | Hospitals | Others_Unspecified | Service Buildings","ambiguous_multiple_implied_names","The same code resolves to multiple LEAP names across active mappings; do not add automatically."
"leap_combined_esto","Buildings/Services/Service Buildings","Other recovered gases","esto_flow","16.01.99 Commercial and public services unallocated","Service Buildings","sector","Educational | Hospitals | Others_Unspecified | Service Buildings","ambiguous_multiple_implied_names","The same code resolves to multiple LEAP names across active mappings; do not add automatically."
"leap_combined_esto","Buildings/Services/Service Buildings","Other sources","esto_flow","16.01.99 Commercial and public services unallocated","Service Buildings","sector","Educational | Hospitals | Others_Unspecified | Service Buildings","ambiguous_multiple_implied_names","The same code resolves to multiple LEAP names across active mappings; do not add automatically."
"leap_combined_esto","Buildings/Services/Service Buildings","Paraffin waxes","esto_flow","16.01.99 Commercial and public services unallocated","Service Buildings","sector","Educational | Hospitals | Others_Unspecified | Service Buildings","ambiguous_multiple_implied_names","The same code resolves to multiple LEAP names across active mappings; do not add automatically."
"leap_combined_esto","Buildings/Services/Service Buildings","Patent fuel","esto_flow","16.01.99 Commercial and public services unallocated","Service Buildings","sector","Educational | Hospitals | Others_Unspecified | Service Buildings","ambiguous_multiple_implied_names","The same code resolves to multiple LEAP names across active mappings; do not add automatically."
"leap_combined_esto","Buildings/Services/Service Buildings","Peat","esto_flow","16.01.99 Commercial and public services unallocated","Service Buildings","sector","Educational | Hospitals | Others_Unspecified | Service Buildings","ambiguous_multiple_implied_names","The same code resolves to multiple LEAP names across active mappings; do not add automatically."
"leap_combined_esto","Buildings/Services/Service Buildings","Peat products","esto_flow","16.01.99 Commercial and public services unallocated","Service Buildings","sector","Educational | Hospitals | Others_Unspecified | Service Buildings","ambiguous_multiple_implied_names","The same code resolves to multiple LEAP names across active mappings; do not add automatically."
"leap_combined_esto","Buildings/Services/Service Buildings","PetProd nonspecified","esto_flow","16.01.99 Commercial and public services unallocated","Service Buildings","sector","Educational | Hospitals | Others_Unspecified | Service Buildings","ambiguous_multiple_implied_names","The same code resolves to multiple LEAP names across active mappings; do not add automatically."
"leap_combined_esto","Buildings/Services/Service Buildings","Petroleum coke","esto_flow","16.01.99 Commercial and public services unallocated","Service Buildings","sector","Educational | Hospitals | Others_Unspecified | Service Buildings","ambiguous_multiple_implied_names","The same code resolves to multiple LEAP names across active mappings; do not add automatically."
"leap_combined_esto","Buildings/Services/Service Buildings","Refinery gas not liquefied","esto_flow","16.01.99 Commercial and public services unallocated","Service Buildings","sector","Educational | Hospitals | Others_Unspecified | Service Buildings","ambiguous_multiple_implied_names","The same code resolves to multiple LEAP names across active mappings; do not add automatically."
"leap_combined_esto","Buildings/Services/Service Buildings","Solar nonspecified","esto_flow","16.01.99 Commercial and public services unallocated","Service Buildings","sector","Educational | Hospitals | Others_Unspecified | Service Buildings","ambiguous_multiple_implied_names","The same code resolves to multiple LEAP names across active mappings; do not add automatically."
"leap_combined_esto","Buildings/Services/Service Buildings","Solar photovoltaics","esto_flow","16.01.99 Commercial and public services unallocated","Service Buildings","sector","Educational | Hospitals | Others_Unspecified | Service Buildings","ambiguous_multiple_implied_names","The same code resolves to multiple LEAP names across active mappings; do not add automatically."
"leap_combined_esto","Buildings/Services/Service Buildings","Sub bituminous coal","esto_flow","16.01.99 Commercial and public services unallocated","Service Buildings","sector","Educational | Hospitals | Others_Unspecified | Service Buildings","ambiguous_multiple_implied_names","The same code resolves to multiple LEAP names across active mappings; do not add automatically."
"leap_combined_esto","Buildings/Services/Service Buildings","White spirit SBP","esto_flow","16.01.99 Commercial and public services unallocated","Service Buildings","sector","Educational | Hospitals | Others_Unspecified | Service Buildings","ambiguous_multiple_implied_names","The same code resolves to multiple LEAP names across active mappings; do not add automatically."
"leap_combined_esto","Buildings/Services/Service Buildings","Wind","esto_flow","16.01.99 Commercial and public services unallocated","Service Buildings","sector","Educational | Hospitals | Others_Unspecified | Service Buildings","ambiguous_multiple_implied_names","The same code resolves to multiple LEAP names across active mappings; do not add automatically."
"leap_combined_esto","International transport","Ammonia","esto_flow","04-05 International transport (bunkers)","International transport","sector","International transport","ready_to_add_display_authority","Missing code authority inferred from an active non-rollup LEAP mapping pair; review before adding."
"leap_combined_esto","International transport","Aviation gasoline","esto_flow","04-05 International transport (bunkers)","International transport","sector","International transport","ready_to_add_display_authority","Missing code authority inferred from an active non-rollup LEAP mapping pair; review before adding."
"leap_combined_esto","International transport","Bio jet kerosene","esto_flow","04-05 International transport (bunkers)","International transport","sector","International transport","ready_to_add_display_authority","Missing code authority inferred from an active non-rollup LEAP mapping pair; review before adding."
"leap_combined_esto","International transport","Biodiesel","esto_flow","04-05 International transport (bunkers)","International transport","sector","International transport","ready_to_add_display_authority","Missing code authority inferred from an active non-rollup LEAP mapping pair; review before adding."
"leap_combined_esto","International transport","Efuel","esto_flow","04-05 International transport (bunkers)","International transport","sector","International transport","ready_to_add_display_authority","Missing code authority inferred from an active non-rollup LEAP mapping pair; review before adding."
"leap_combined_esto","International transport","Fuel oil","esto_flow","04-05 International transport (bunkers)","International transport","sector","International transport","ready_to_add_display_authority","Missing code authority inferred from an active non-rollup LEAP mapping pair; review before adding."
"leap_combined_esto","International transport","Gas and diesel oil","esto_flow","04-05 International transport (bunkers)","International transport","sector","International transport","ready_to_add_display_authority","Missing code authority inferred from an active non-rollup LEAP mapping pair; review before adding."
"leap_combined_esto","International transport","Hydrogen","esto_flow","04-05 International transport (bunkers)","International transport","sector","International transport","ready_to_add_display_authority","Missing code authority inferred from an active non-rollup LEAP mapping pair; review before adding."
"leap_combined_esto","International transport","Kerosene type jet fuel","esto_flow","04-05 International transport (bunkers)","International transport","sector","International transport","ready_to_add_display_authority","Missing code authority inferred from an active non-rollup LEAP mapping pair; review before adding."
"leap_combined_esto","International transport","LNG","esto_flow","04-05 International transport (bunkers)","International transport","sector","International transport","ready_to_add_display_authority","Missing code authority inferred from an active non-rollup LEAP mapping pair; review before adding."
"leap_combined_esto","International transport","LPG","esto_flow","04-05 International transport (bunkers)","International transport","sector","International transport","ready_to_add_display_authority","Missing code authority inferred from an active non-rollup LEAP mapping pair; review before adding."
"leap_combined_esto","International transport","Lubricants","esto_flow","04-05 International transport (bunkers)","International transport","sector","International transport","ready_to_add_display_authority","Missing code authority inferred from an active non-rollup LEAP mapping pair; review before adding."
"leap_combined_esto","International transport","Motor gasoline","esto_flow","04-05 International transport (bunkers)","International transport","sector","International transport","ready_to_add_display_authority","Missing code authority inferred from an active non-rollup LEAP mapping pair; review before adding."
"leap_combined_esto","International transport","Natural gas","esto_flow","04-05 International transport (bunkers)","International transport","sector","International transport","ready_to_add_display_authority","Missing code authority inferred from an active non-rollup LEAP mapping pair; review before adding."
"leap_combined_esto","International transport","Other products","esto_flow","04-05 International transport (bunkers)","International transport","sector","International transport","ready_to_add_display_authority","Missing code authority inferred from an active non-rollup LEAP mapping pair; review before adding."
"leap_combined_esto","CHP plants/Processes/Coal CHP","Anthracite","esto_flow","09.01.02.01 Coal CHP","Coal CHP","sector","Coal CHP","ready_to_add_display_authority","Missing code authority inferred from an active non-rollup LEAP mapping pair; review before adding."
"leap_combined_esto","CHP plants/Processes/Coal CHP","Blast furnace gas","esto_flow","09.01.02.01 Coal CHP","Coal CHP","sector","Coal CHP","ready_to_add_display_authority","Missing code authority inferred from an active non-rollup LEAP mapping pair; review before adding."
"leap_combined_esto","CHP plants/Processes/Coal CHP","Electricity","esto_flow","09.01.02.01 Coal CHP","Coal CHP","sector","Coal CHP","ready_to_add_display_authority","Missing code authority inferred from an active non-rollup LEAP mapping pair; review before adding."
"leap_combined_esto","CHP plants/Processes/Coal CHP","Lignite","esto_flow","09.01.02.01 Coal CHP","Coal CHP","sector","Coal CHP","ready_to_add_display_authority","Missing code authority inferred from an active non-rollup LEAP mapping pair; review before adding."
"leap_combined_esto","CHP plants/Processes/Coal CHP","Other bituminous coal","esto_flow","09.01.02.01 Coal CHP","Coal CHP","sector","Coal CHP","ready_to_add_display_authority","Missing code authority inferred from an active non-rollup LEAP mapping pair; review before adding."
"leap_combined_esto","CHP plants/Processes/Coal CHP","Sub bituminous coal","esto_flow","09.01.02.01 Coal CHP","Coal CHP","sector","Coal CHP","ready_to_add_display_authority","Missing code authority inferred from an active non-rollup LEAP mapping pair; review before adding."
"leap_combined_esto","CHP plants/Processes/Gas CHP","Electricity","esto_flow","09.01.02.02 Gas CHP","Gas CHP","sector","Gas CHP","ready_to_add_display_authority","Missing code authority inferred from an active non-rollup LEAP mapping pair; review before adding."
"leap_combined_esto","CHP plants/Processes/Gas CHP","Natural gas","esto_flow","09.01.02.02 Gas CHP","Gas CHP","sector","Gas CHP","ready_to_add_display_authority","Missing code authority inferred from an active non-rollup LEAP mapping pair; review before adding."
"leap_combined_esto","CHP plants/Processes/Others CHP","Biodiesel","esto_flow","09.01.02.03 Others CHP","Others CHP","sector","Others CHP","ready_to_add_display_authority","Missing code authority inferred from an active non-rollup LEAP mapping pair; review before adding."
"leap_combined_esto","CHP plants/Processes/Others CHP","Biogas","esto_flow","09.01.02.03 Others CHP","Others CHP","sector","Others CHP","ready_to_add_display_authority","Missing code authority inferred from an active non-rollup LEAP mapping pair; review before adding."
"leap_combined_esto","CHP plants/Processes/Others CHP","Electricity","esto_flow","09.01.02.03 Others CHP","Others CHP","sector","Others CHP","ready_to_add_display_authority","Missing code authority inferred from an active non-rollup LEAP mapping pair; review before adding."
"leap_combined_esto","CHP plants/Processes/Others CHP","Industrial waste","esto_flow","09.01.02.03 Others CHP","Others CHP","sector","Others CHP","ready_to_add_display_authority","Missing code authority inferred from an active non-rollup LEAP mapping pair; review before adding."
"leap_combined_esto","CHP plants/Processes/Others CHP","Municipal solid waste non renewable","esto_flow","09.01.02.03 Others CHP","Others CHP","sector","Others CHP","ready_to_add_display_authority","Missing code authority inferred from an active non-rollup LEAP mapping pair; review before adding."
"leap_combined_esto","CHP plants/Processes/Others CHP","Municipal solid waste renewable","esto_flow","09.01.02.03 Others CHP","Others CHP","sector","Others CHP","ready_to_add_display_authority","Missing code authority inferred from an active non-rollup LEAP mapping pair; review before adding."
"leap_combined_esto","CHP plants/Processes/Others CHP","Nuclear","esto_flow","09.01.02.03 Others CHP","Others CHP","sector","Others CHP","ready_to_add_display_authority","Missing code authority inferred from an active non-rollup LEAP mapping pair; review before adding."
"leap_combined_esto","CHP plants/Processes/Others CHP","Other biomass","esto_flow","09.01.02.03 Others CHP","Others CHP","sector","Others CHP","ready_to_add_display_authority","Missing code authority inferred from an active non-rollup LEAP mapping pair; review before adding."
"leap_combined_esto","CHP plants/Processes/Others CHP","Peat","esto_flow","09.01.02.03 Others CHP","Others CHP","sector","Others CHP","ready_to_add_display_authority","Missing code authority inferred from an active non-rollup LEAP mapping pair; review before adding."
"leap_combined_esto","CHP plants/Processes/Others CHP","Refinery gas not liquefied","esto_flow","09.01.02.03 Others CHP","Others CHP","sector","Others CHP","ready_to_add_display_authority","Missing code authority inferred from an active non-rollup LEAP mapping pair; review before adding."
"leap_combined_esto","CHP plants/Processes/Petroleum products CHP","Electricity","esto_flow","09.01.02.04 Petroleum products CHP","Petroleum products CHP","sector","Petroleum products CHP","ready_to_add_display_authority","Missing code authority inferred from an active non-rollup LEAP mapping pair; review before adding."
"leap_combined_esto","CHP plants/Processes/Petroleum products CHP","Fuel oil","esto_flow","09.01.02.04 Petroleum products CHP","Petroleum products CHP","sector","Petroleum products CHP","ready_to_add_display_authority","Missing code authority inferred from an active non-rollup LEAP mapping pair; review before adding."
"leap_combined_esto","CHP plants/Processes/Petroleum products CHP","Gas and diesel oil","esto_flow","09.01.02.04 Petroleum products CHP","Petroleum products CHP","sector","Petroleum products CHP","ready_to_add_display_authority","Missing code authority inferred from an active non-rollup LEAP mapping pair; review before adding."
"leap_combined_esto","CHP plants/Processes/Petroleum products CHP","Kerosene","esto_flow","09.01.02.04 Petroleum products CHP","Petroleum products CHP","sector","Petroleum products CHP","ready_to_add_display_authority","Missing code authority inferred from an active non-rollup LEAP mapping pair; review before adding."
"leap_combined_esto","CHP plants/Processes/Petroleum products CHP","LPG","esto_flow","09.01.02.04 Petroleum products CHP","Petroleum products CHP","sector","Petroleum products CHP","ready_to_add_display_authority","Missing code authority inferred from an active non-rollup LEAP mapping pair; review before adding."
"leap_combined_esto","CHP plants/Processes/Petroleum products CHP","Other products","esto_flow","09.01.02.04 Petroleum products CHP","Petroleum products CHP","sector","Petroleum products CHP","ready_to_add_display_authority","Missing code authority inferred from an active non-rollup LEAP mapping pair; review before adding."
"leap_combined_esto","CHP plants/Processes/Petroleum products CHP","Petroleum coke","esto_flow","09.01.02.04 Petroleum products CHP","Petroleum products CHP","sector","Petroleum products CHP","ready_to_add_display_authority","Missing code authority inferred from an active non-rollup LEAP mapping pair; review before adding."
"leap_combined_esto","Heat plants/Processes/Coal HP","Blast furnace gas","esto_flow","09.01.03.01 Coal HP","Coal HP","sector","Coal HP","ready_to_add_display_authority","Missing code authority inferred from an active non-rollup LEAP mapping pair; review before adding."
"leap_combined_esto","Heat plants/Processes/Coal HP","Coke oven coke","esto_flow","09.01.03.01 Coal HP","Coal HP","sector","Coal HP","ready_to_add_display_authority","Missing code authority inferred from an active non-rollup LEAP mapping pair; review before adding."
"leap_combined_esto","Heat plants/Processes/Coal HP","Coke oven gas","esto_flow","09.01.03.01 Coal HP","Coal HP","sector","Coal HP","ready_to_add_display_authority","Missing code authority inferred from an active non-rollup LEAP mapping pair; review before adding."
"leap_combined_esto","Heat plants/Processes/Coal HP","Electricity","esto_flow","09.01.03.01 Coal HP","Coal HP","sector","Coal HP","ready_to_add_display_authority","Missing code authority inferred from an active non-rollup LEAP mapping pair; review before adding."
"leap_combined_esto","Heat plants/Processes/Coal HP","Other bituminous coal","esto_flow","09.01.03.01 Coal HP","Coal HP","sector","Coal HP","ready_to_add_display_authority","Missing code authority inferred from an active non-rollup LEAP mapping pair; review before adding."
"leap_combined_esto","Heat plants/Processes/Coal HP","Other recovered gases","esto_flow","09.01.03.01 Coal HP","Coal HP","sector","Coal HP","ready_to_add_display_authority","Missing code authority inferred from an active non-rollup LEAP mapping pair; review before adding."
"leap_combined_esto","Heat plants/Processes/Gas HP","Electricity","esto_flow","09.01.03.02 Gas HP","Gas HP","sector","Gas HP","ready_to_add_display_authority","Missing code authority inferred from an active non-rollup LEAP mapping pair; review before adding."
"leap_combined_esto","Heat plants/Processes/Gas HP","Gas works gas","esto_flow","09.01.03.02 Gas HP","Gas HP","sector","Gas HP","ready_to_add_display_authority","Missing code authority inferred from an active non-rollup LEAP mapping pair; review before adding."
"leap_combined_esto","Heat plants/Processes/Gas HP","Natural gas","esto_flow","09.01.03.02 Gas HP","Gas HP","sector","Gas HP","ready_to_add_display_authority","Missing code authority inferred from an active non-rollup LEAP mapping pair; review before adding."
"leap_combined_esto","Heat plants/Processes/Others HP","Biogas","esto_flow","09.01.03.03 Others HP","Others HP","sector","Others HP","ready_to_add_display_authority","Missing code authority inferred from an active non-rollup LEAP mapping pair; review before adding."
"leap_combined_esto","Heat plants/Processes/Others HP","Electricity","esto_flow","09.01.03.03 Others HP","Others HP","sector","Others HP","ready_to_add_display_authority","Missing code authority inferred from an active non-rollup LEAP mapping pair; review before adding."
"leap_combined_esto","Heat plants/Processes/Others HP","Industrial waste","esto_flow","09.01.03.03 Others HP","Others HP","sector","Others HP","ready_to_add_display_authority","Missing code authority inferred from an active non-rollup LEAP mapping pair; review before adding."
"leap_combined_esto","Heat plants/Processes/Others HP","Municipal solid waste non renewable","esto_flow","09.01.03.03 Others HP","Others HP","sector","Others HP","ready_to_add_display_authority","Missing code authority inferred from an active non-rollup LEAP mapping pair; review before adding."
"leap_combined_esto","Heat plants/Processes/Others HP","Municipal solid waste renewable","esto_flow","09.01.03.03 Others HP","Others HP","sector","Others HP","ready_to_add_display_authority","Missing code authority inferred from an active non-rollup LEAP mapping pair; review before adding."
"leap_combined_esto","Heat plants/Processes/Others HP","Other biomass","esto_flow","09.01.03.03 Others HP","Others HP","sector","Others HP","ready_to_add_display_authority","Missing code authority inferred from an active non-rollup LEAP mapping pair; review before adding."
"leap_combined_esto","Heat plants/Processes/Petroleum products HP","Electricity","esto_flow","09.01.03.04 Petroleum products HP","Petroleum products HP","sector","Petroleum products HP","ready_to_add_display_authority","Missing code authority inferred from an active non-rollup LEAP mapping pair; review before adding."
"leap_combined_esto","Heat plants/Processes/Petroleum products HP","Fuel oil","esto_flow","09.01.03.04 Petroleum products HP","Petroleum products HP","sector","Petroleum products HP","ready_to_add_display_authority","Missing code authority inferred from an active non-rollup LEAP mapping pair; review before adding."
"leap_combined_esto","Heat plants/Processes/Petroleum products HP","Gas and diesel oil","esto_flow","09.01.03.04 Petroleum products HP","Petroleum products HP","sector","Petroleum products HP","ready_to_add_display_authority","Missing code authority inferred from an active non-rollup LEAP mapping pair; review before adding."
"leap_combined_esto","Heat plants/Processes/Petroleum products HP","Kerosene","esto_flow","09.01.03.04 Petroleum products HP","Petroleum products HP","sector","Petroleum products HP","ready_to_add_display_authority","Missing code authority inferred from an active non-rollup LEAP mapping pair; review before adding."
"leap_combined_esto","Heat plants/Processes/Petroleum products HP","LPG","esto_flow","09.01.03.04 Petroleum products HP","Petroleum products HP","sector","Petroleum products HP","ready_to_add_display_authority","Missing code authority inferred from an active non-rollup LEAP mapping pair; review before adding."
"leap_combined_esto","Heat plants/Processes/Petroleum products HP","Other products","esto_flow","09.01.03.04 Petroleum products HP","Petroleum products HP","sector","Petroleum products HP","ready_to_add_display_authority","Missing code authority inferred from an active non-rollup LEAP mapping pair; review before adding."
"leap_combined_esto","Heat plants/Processes/Petroleum products HP","Petroleum coke","esto_flow","09.01.03.04 Petroleum products HP","Petroleum products HP","sector","Petroleum products HP","ready_to_add_display_authority","Missing code authority inferred from an active non-rollup LEAP mapping pair; review before adding."
"leap_combined_esto","Heat plants/Processes/Petroleum products HP","Refinery gas not liquefied","esto_flow","09.01.03.04 Petroleum products HP","Petroleum products HP","sector","Petroleum products HP","ready_to_add_display_authority","Missing code authority inferred from an active non-rollup LEAP mapping pair; review before adding."
"leap_combined_esto","CHP plants/Processes/Coal CHP","Anthracite","esto_flow","09.02.02.01 Coal CHP","Coal CHP","sector","Coal CHP","ready_to_add_display_authority","Missing code authority inferred from an active non-rollup LEAP mapping pair; review before adding."
"leap_combined_esto","CHP plants/Processes/Coal CHP","Blast furnace gas","esto_flow","09.02.02.01 Coal CHP","Coal CHP","sector","Coal CHP","ready_to_add_display_authority","Missing code authority inferred from an active non-rollup LEAP mapping pair; review before adding."
"leap_combined_esto","CHP plants/Processes/Coal CHP","Electricity","esto_flow","09.02.02.01 Coal CHP","Coal CHP","sector","Coal CHP","ready_to_add_display_authority","Missing code authority inferred from an active non-rollup LEAP mapping pair; review before adding."
"leap_combined_esto","CHP plants/Processes/Coal CHP","Lignite","esto_flow","09.02.02.01 Coal CHP","Coal CHP","sector","Coal CHP","ready_to_add_display_authority","Missing code authority inferred from an active non-rollup LEAP mapping pair; review before adding."
"leap_combined_esto","CHP plants/Processes/Coal CHP","Other bituminous coal","esto_flow","09.02.02.01 Coal CHP","Coal CHP","sector","Coal CHP","ready_to_add_display_authority","Missing code authority inferred from an active non-rollup LEAP mapping pair; review before adding."
"leap_combined_esto","CHP plants/Processes/Coal CHP","Sub bituminous coal","esto_flow","09.02.02.01 Coal CHP","Coal CHP","sector","Coal CHP","ready_to_add_display_authority","Missing code authority inferred from an active non-rollup LEAP mapping pair; review before adding."
"leap_combined_esto","CHP plants/Processes/Gas CHP","Electricity","esto_flow","09.02.02.02 Gas CHP","Gas CHP","sector","Gas CHP","ready_to_add_display_authority","Missing code authority inferred from an active non-rollup LEAP mapping pair; review before adding."
"leap_combined_esto","CHP plants/Processes/Gas CHP","Natural gas","esto_flow","09.02.02.02 Gas CHP","Gas CHP","sector","Gas CHP","ready_to_add_display_authority","Missing code authority inferred from an active non-rollup LEAP mapping pair; review before adding."
"leap_combined_esto","CHP plants/Processes/Others CHP","Biodiesel","esto_flow","09.02.02.03 Others CHP","Others CHP","sector","Others CHP","ready_to_add_display_authority","Missing code authority inferred from an active non-rollup LEAP mapping pair; review before adding."
"leap_combined_esto","CHP plants/Processes/Others CHP","Biogas","esto_flow","09.02.02.03 Others CHP","Others CHP","sector","Others CHP","ready_to_add_display_authority","Missing code authority inferred from an active non-rollup LEAP mapping pair; review before adding."
"leap_combined_esto","CHP plants/Processes/Others CHP","Electricity","esto_flow","09.02.02.03 Others CHP","Others CHP","sector","Others CHP","ready_to_add_display_authority","Missing code authority inferred from an active non-rollup LEAP mapping pair; review before adding."
"leap_combined_esto","CHP plants/Processes/Others CHP","Industrial waste","esto_flow","09.02.02.03 Others CHP","Others CHP","sector","Others CHP","ready_to_add_display_authority","Missing code authority inferred from an active non-rollup LEAP mapping pair; review before adding."
"leap_combined_esto","CHP plants/Processes/Others CHP","Municipal solid waste non renewable","esto_flow","09.02.02.03 Others CHP","Others CHP","sector","Others CHP","ready_to_add_display_authority","Missing code authority inferred from an active non-rollup LEAP mapping pair; review before adding."
"leap_combined_esto","CHP plants/Processes/Others CHP","Municipal solid waste renewable","esto_flow","09.02.02.03 Others CHP","Others CHP","sector","Others CHP","ready_to_add_display_authority","Missing code authority inferred from an active non-rollup LEAP mapping pair; review before adding."
"leap_combined_esto","CHP plants/Processes/Others CHP","Nuclear","esto_flow","09.02.02.03 Others CHP","Others CHP","sector","Others CHP","ready_to_add_display_authority","Missing code authority inferred from an active non-rollup LEAP mapping pair; review before adding."
"leap_combined_esto","CHP plants/Processes/Others CHP","Other biomass","esto_flow","09.02.02.03 Others CHP","Others CHP","sector","Others CHP","ready_to_add_display_authority","Missing code authority inferred from an active non-rollup LEAP mapping pair; review before adding."
"leap_combined_esto","CHP plants/Processes/Others CHP","Peat","esto_flow","09.02.02.03 Others CHP","Others CHP","sector","Others CHP","ready_to_add_display_authority","Missing code authority inferred from an active non-rollup LEAP mapping pair; review before adding."
"leap_combined_esto","CHP plants/Processes/Others CHP","Refinery gas not liquefied","esto_flow","09.02.02.03 Others CHP","Others CHP","sector","Others CHP","ready_to_add_display_authority","Missing code authority inferred from an active non-rollup LEAP mapping pair; review before adding."
"leap_combined_esto","CHP plants/Processes/Petroleum products CHP","Electricity","esto_flow","09.02.02.04 Petroleum products CHP","Petroleum products CHP","sector","Petroleum products CHP","ready_to_add_display_authority","Missing code authority inferred from an active non-rollup LEAP mapping pair; review before adding."
"leap_combined_esto","CHP plants/Processes/Petroleum products CHP","Fuel oil","esto_flow","09.02.02.04 Petroleum products CHP","Petroleum products CHP","sector","Petroleum products CHP","ready_to_add_display_authority","Missing code authority inferred from an active non-rollup LEAP mapping pair; review before adding."
"leap_combined_esto","CHP plants/Processes/Petroleum products CHP","Gas and diesel oil","esto_flow","09.02.02.04 Petroleum products CHP","Petroleum products CHP","sector","Petroleum products CHP","ready_to_add_display_authority","Missing code authority inferred from an active non-rollup LEAP mapping pair; review before adding."
"leap_combined_esto","CHP plants/Processes/Petroleum products CHP","Kerosene","esto_flow","09.02.02.04 Petroleum products CHP","Petroleum products CHP","sector","Petroleum products CHP","ready_to_add_display_authority","Missing code authority inferred from an active non-rollup LEAP mapping pair; review before adding."
"leap_combined_esto","CHP plants/Processes/Petroleum products CHP","LPG","esto_flow","09.02.02.04 Petroleum products CHP","Petroleum products CHP","sector","Petroleum products CHP","ready_to_add_display_authority","Missing code authority inferred from an active non-rollup LEAP mapping pair; review before adding."
"leap_combined_esto","CHP plants/Processes/Petroleum products CHP","Other products","esto_flow","09.02.02.04 Petroleum products CHP","Petroleum products CHP","sector","Petroleum products CHP","ready_to_add_display_authority","Missing code authority inferred from an active non-rollup LEAP mapping pair; review before adding."
"leap_combined_esto","CHP plants/Processes/Petroleum products CHP","Petroleum coke","esto_flow","09.02.02.04 Petroleum products CHP","Petroleum products CHP","sector","Petroleum products CHP","ready_to_add_display_authority","Missing code authority inferred from an active non-rollup LEAP mapping pair; review before adding."
"leap_combined_esto","Heat plants/Processes/Coal HP","Blast furnace gas","esto_flow","09.02.03.01 Coal HP","Coal HP","sector","Coal HP","ready_to_add_display_authority","Missing code authority inferred from an active non-rollup LEAP mapping pair; review before adding."
"leap_combined_esto","Heat plants/Processes/Coal HP","Coke oven coke","esto_flow","09.02.03.01 Coal HP","Coal HP","sector","Coal HP","ready_to_add_display_authority","Missing code authority inferred from an active non-rollup LEAP mapping pair; review before adding."
"leap_combined_esto","Heat plants/Processes/Coal HP","Coke oven gas","esto_flow","09.02.03.01 Coal HP","Coal HP","sector","Coal HP","ready_to_add_display_authority","Missing code authority inferred from an active non-rollup LEAP mapping pair; review before adding."
"leap_combined_esto","Heat plants/Processes/Coal HP","Electricity","esto_flow","09.02.03.01 Coal HP","Coal HP","sector","Coal HP","ready_to_add_display_authority","Missing code authority inferred from an active non-rollup LEAP mapping pair; review before adding."
"leap_combined_esto","Heat plants/Processes/Coal HP","Other bituminous coal","esto_flow","09.02.03.01 Coal HP","Coal HP","sector","Coal HP","ready_to_add_display_authority","Missing code authority inferred from an active non-rollup LEAP mapping pair; review before adding."
"leap_combined_esto","Heat plants/Processes/Coal HP","Other recovered gases","esto_flow","09.02.03.01 Coal HP","Coal HP","sector","Coal HP","ready_to_add_display_authority","Missing code authority inferred from an active non-rollup LEAP mapping pair; review before adding."
"leap_combined_esto","Heat plants/Processes/Gas HP","Electricity","esto_flow","09.02.03.02 Gas HP","Gas HP","sector","Gas HP","ready_to_add_display_authority","Missing code authority inferred from an active non-rollup LEAP mapping pair; review before adding."
"leap_combined_esto","Heat plants/Processes/Gas HP","Gas works gas","esto_flow","09.02.03.02 Gas HP","Gas HP","sector","Gas HP","ready_to_add_display_authority","Missing code authority inferred from an active non-rollup LEAP mapping pair; review before adding."
"leap_combined_esto","Heat plants/Processes/Gas HP","Natural gas","esto_flow","09.02.03.02 Gas HP","Gas HP","sector","Gas HP","ready_to_add_display_authority","Missing code authority inferred from an active non-rollup LEAP mapping pair; review before adding."
"leap_combined_esto","Heat plants/Processes/Others HP","Biogas","esto_flow","09.02.03.03 Others HP","Others HP","sector","Others HP","ready_to_add_display_authority","Missing code authority inferred from an active non-rollup LEAP mapping pair; review before adding."
"leap_combined_esto","Heat plants/Processes/Others HP","Electricity","esto_flow","09.02.03.03 Others HP","Others HP","sector","Others HP","ready_to_add_display_authority","Missing code authority inferred from an active non-rollup LEAP mapping pair; review before adding."
"leap_combined_esto","Heat plants/Processes/Others HP","Industrial waste","esto_flow","09.02.03.03 Others HP","Others HP","sector","Others HP","ready_to_add_display_authority","Missing code authority inferred from an active non-rollup LEAP mapping pair; review before adding."
"leap_combined_esto","Heat plants/Processes/Others HP","Municipal solid waste non renewable","esto_flow","09.02.03.03 Others HP","Others HP","sector","Others HP","ready_to_add_display_authority","Missing code authority inferred from an active non-rollup LEAP mapping pair; review before adding."
"leap_combined_esto","Heat plants/Processes/Others HP","Municipal solid waste renewable","esto_flow","09.02.03.03 Others HP","Others HP","sector","Others HP","ready_to_add_display_authority","Missing code authority inferred from an active non-rollup LEAP mapping pair; review before adding."
"leap_combined_esto","Heat plants/Processes/Others HP","Other biomass","esto_flow","09.02.03.03 Others HP","Others HP","sector","Others HP","ready_to_add_display_authority","Missing code authority inferred from an active non-rollup LEAP mapping pair; review before adding."
"leap_combined_esto","Heat plants/Processes/Petroleum products HP","Electricity","esto_flow","09.02.03.04 Petroleum products HP","Petroleum products HP","sector","Petroleum products HP","ready_to_add_display_authority","Missing code authority inferred from an active non-rollup LEAP mapping pair; review before adding."
"leap_combined_esto","Heat plants/Processes/Petroleum products HP","Fuel oil","esto_flow","09.02.03.04 Petroleum products HP","Petroleum products HP","sector","Petroleum products HP","ready_to_add_display_authority","Missing code authority inferred from an active non-rollup LEAP mapping pair; review before adding."
"leap_combined_esto","Heat plants/Processes/Petroleum products HP","Gas and diesel oil","esto_flow","09.02.03.04 Petroleum products HP","Petroleum products HP","sector","Petroleum products HP","ready_to_add_display_authority","Missing code authority inferred from an active non-rollup LEAP mapping pair; review before adding."
"leap_combined_esto","Heat plants/Processes/Petroleum products HP","Kerosene","esto_flow","09.02.03.04 Petroleum products HP","Petroleum products HP","sector","Petroleum products HP","ready_to_add_display_authority","Missing code authority inferred from an active non-rollup LEAP mapping pair; review before adding."
"leap_combined_esto","Heat plants/Processes/Petroleum products HP","LPG","esto_flow","09.02.03.04 Petroleum products HP","Petroleum products HP","sector","Petroleum products HP","ready_to_add_display_authority","Missing code authority inferred from an active non-rollup LEAP mapping pair; review before adding."
"leap_combined_esto","Heat plants/Processes/Petroleum products HP","Other products","esto_flow","09.02.03.04 Petroleum products HP","Petroleum products HP","sector","Petroleum products HP","ready_to_add_display_authority","Missing code authority inferred from an active non-rollup LEAP mapping pair; review before adding."
"leap_combined_esto","Heat plants/Processes/Petroleum products HP","Petroleum coke","esto_flow","09.02.03.04 Petroleum products HP","Petroleum products HP","sector","Petroleum products HP","ready_to_add_display_authority","Missing code authority inferred from an active non-rollup LEAP mapping pair; review before adding."
"leap_combined_esto","Heat plants/Processes/Petroleum products HP","Refinery gas not liquefied","esto_flow","09.02.03.04 Petroleum products HP","Petroleum products HP","sector","Petroleum products HP","ready_to_add_display_authority","Missing code authority inferred from an active non-rollup LEAP mapping pair; review before adding."
"leap_combined_esto","Gas works plants/Gas works plants","Anthracite","esto_flow","09.06.01 Gas works plants (including own use)","Gas works plants","sector","Gas works plants","ready_to_add_display_authority","Missing code authority inferred from an active non-rollup LEAP mapping pair; review before adding."
"leap_combined_esto","Gas works plants/Gas works plants","BKB and PB","esto_flow","09.06.01 Gas works plants (including own use)","Gas works plants","sector","Gas works plants","ready_to_add_display_authority","Missing code authority inferred from an active non-rollup LEAP mapping pair; review before adding."
"leap_combined_esto","Gas works plants/Gas works plants","Blast furnace gas","esto_flow","09.06.01 Gas works plants (including own use)","Gas works plants","sector","Gas works plants","ready_to_add_display_authority","Missing code authority inferred from an active non-rollup LEAP mapping pair; review before adding."
"leap_combined_esto","Gas works plants/Gas works plants","Coal tar","esto_flow","09.06.01 Gas works plants (including own use)","Gas works plants","sector","Gas works plants","ready_to_add_display_authority","Missing code authority inferred from an active non-rollup LEAP mapping pair; review before adding."
"leap_combined_esto","Gas works plants/Gas works plants","Coke oven coke","esto_flow","09.06.01 Gas works plants (including own use)","Gas works plants","sector","Gas works plants","ready_to_add_display_authority","Missing code authority inferred from an active non-rollup LEAP mapping pair; review before adding."
"leap_combined_esto","Gas works plants/Gas works plants","Coke oven gas","esto_flow","09.06.01 Gas works plants (including own use)","Gas works plants","sector","Gas works plants","ready_to_add_display_authority","Missing code authority inferred from an active non-rollup LEAP mapping pair; review before adding."
"leap_combined_esto","Gas works plants/Gas works plants","Coking coal","esto_flow","09.06.01 Gas works plants (including own use)","Gas works plants","sector","Gas works plants","ready_to_add_display_authority","Missing code authority inferred from an active non-rollup LEAP mapping pair; review before adding."
"leap_combined_esto","Gas works plants/Gas works plants","Electricity","esto_flow","09.06.01 Gas works plants (including own use)","Gas works plants","sector","Gas works plants","ready_to_add_display_authority","Missing code authority inferred from an active non-rollup LEAP mapping pair; review before adding."
"leap_combined_esto","Gas works plants/Gas works plants","Fuel oil","esto_flow","09.06.01 Gas works plants (including own use)","Gas works plants","sector","Gas works plants","ready_to_add_display_authority","Missing code authority inferred from an active non-rollup LEAP mapping pair; review before adding."
"leap_combined_esto","Gas works plants/Gas works plants","Gas and diesel oil","esto_flow","09.06.01 Gas works plants (including own use)","Gas works plants","sector","Gas works plants","ready_to_add_display_authority","Missing code authority inferred from an active non-rollup LEAP mapping pair; review before adding."
"leap_combined_esto","Gas works plants/Gas works plants","Gas coke","esto_flow","09.06.01 Gas works plants (including own use)","Gas works plants","sector","Gas works plants","ready_to_add_display_authority","Missing code authority inferred from an active non-rollup LEAP mapping pair; review before adding."
"leap_combined_esto","Gas works plants/Gas works plants","Gas works gas","esto_flow","09.06.01 Gas works plants (including own use)","Gas works plants","sector","Gas works plants","ready_to_add_display_authority","Missing code authority inferred from an active non-rollup LEAP mapping pair; review before adding."
"leap_combined_esto","Gas works plants/Gas works plants","Heat","esto_flow","09.06.01 Gas works plants (including own use)","Gas works plants","sector","Gas works plants","ready_to_add_display_authority","Missing code authority inferred from an active non-rollup LEAP mapping pair; review before adding."
"leap_combined_esto","Gas works plants/Gas works plants","Lignite","esto_flow","09.06.01 Gas works plants (including own use)","Gas works plants","sector","Gas works plants","ready_to_add_display_authority","Missing code authority inferred from an active non-rollup LEAP mapping pair; review before adding."
"leap_combined_esto","Gas works plants/Gas works plants","LPG","esto_flow","09.06.01 Gas works plants (including own use)","Gas works plants","sector","Gas works plants","ready_to_add_display_authority","Missing code authority inferred from an active non-rollup LEAP mapping pair; review before adding."
"leap_combined_esto","Gas works plants/Gas works plants","Motor gasoline","esto_flow","09.06.01 Gas works plants (including own use)","Gas works plants","sector","Gas works plants","ready_to_add_display_authority","Missing code authority inferred from an active non-rollup LEAP mapping pair; review before adding."
"leap_combined_esto","Gas works plants/Gas works plants","Naphtha","esto_flow","09.06.01 Gas works plants (including own use)","Gas works plants","sector","Gas works plants","ready_to_add_display_authority","Missing code authority inferred from an active non-rollup LEAP mapping pair; review before adding."
"leap_combined_esto","Gas works plants/Gas works plants","Natural gas","esto_flow","09.06.01 Gas works plants (including own use)","Gas works plants","sector","Gas works plants","ready_to_add_display_authority","Missing code authority inferred from an active non-rollup LEAP mapping pair; review before adding."
"leap_combined_esto","Gas works plants/Gas works plants","Other bituminous coal","esto_flow","09.06.01 Gas works plants (including own use)","Gas works plants","sector","Gas works plants","ready_to_add_display_authority","Missing code authority inferred from an active non-rollup LEAP mapping pair; review before adding."
"leap_combined_esto","Gas works plants/Gas works plants","Other products","esto_flow","09.06.01 Gas works plants (including own use)","Gas works plants","sector","Gas works plants","ready_to_add_display_authority","Missing code authority inferred from an active non-rollup LEAP mapping pair; review before adding."
"leap_combined_esto","Gas works plants/Gas works plants","Other recovered gases","esto_flow","09.06.01 Gas works plants (including own use)","Gas works plants","sector","Gas works plants","ready_to_add_display_authority","Missing code authority inferred from an active non-rollup LEAP mapping pair; review before adding."
"leap_combined_esto","Gas works plants/Gas works plants","Patent fuel","esto_flow","09.06.01 Gas works plants (including own use)","Gas works plants","sector","Gas works plants","ready_to_add_display_authority","Missing code authority inferred from an active non-rollup LEAP mapping pair; review before adding."
"leap_combined_esto","Gas works plants/Gas works plants","PetProd nonspecified","esto_flow","09.06.01 Gas works plants (including own use)","Gas works plants","sector","Gas works plants","ready_to_add_display_authority","Missing code authority inferred from an active non-rollup LEAP mapping pair; review before adding."
"leap_combined_esto","Gas works plants/Gas works plants","Petroleum coke","esto_flow","09.06.01 Gas works plants (including own use)","Gas works plants","sector","Gas works plants","ready_to_add_display_authority","Missing code authority inferred from an active non-rollup LEAP mapping pair; review before adding."
"leap_combined_esto","Gas works plants/Gas works plants","Refinery gas not liquefied","esto_flow","09.06.01 Gas works plants (including own use)","Gas works plants","sector","Gas works plants","ready_to_add_display_authority","Missing code authority inferred from an active non-rollup LEAP mapping pair; review before adding."
"leap_combined_esto","Gas works plants/Gas works plants","Sub bituminous coal","esto_flow","09.06.01 Gas works plants (including own use)","Gas works plants","sector","Gas works plants","ready_to_add_display_authority","Missing code authority inferred from an active non-rollup LEAP mapping pair; review before adding."
"leap_combined_esto","Oil Refining/Oil Refining","Additives and oxygenates","esto_flow","09.07 Oil refineries (including own use)","Oil Refining","sector","Oil Refining","ready_to_add_display_authority","Missing code authority inferred from an active non-rollup LEAP mapping pair; review before adding."
"leap_combined_esto","Oil Refining/Oil Refining","Aviation gasoline","esto_flow","09.07 Oil refineries (including own use)","Oil Refining","sector","Oil Refining","ready_to_add_display_authority","Missing code authority inferred from an active non-rollup LEAP mapping pair; review before adding."
"leap_combined_esto","Oil Refining/Oil Refining","Bitumen","esto_flow","09.07 Oil refineries (including own use)","Oil Refining","sector","Oil Refining","ready_to_add_display_authority","Missing code authority inferred from an active non-rollup LEAP mapping pair; review before adding."
"leap_combined_esto","Oil Refining/Oil Refining","Crude oil","esto_flow","09.07 Oil refineries (including own use)","Oil Refining","sector","Oil Refining","ready_to_add_display_authority","Missing code authority inferred from an active non-rollup LEAP mapping pair; review before adding."
"leap_combined_esto","Oil Refining/Oil Refining","Electricity","esto_flow","09.07 Oil refineries (including own use)","Oil Refining","sector","Oil Refining","ready_to_add_display_authority","Missing code authority inferred from an active non-rollup LEAP mapping pair; review before adding."
"leap_combined_esto","Oil Refining/Oil Refining","Ethane","esto_flow","09.07 Oil refineries (including own use)","Oil Refining","sector","Oil Refining","ready_to_add_display_authority","Missing code authority inferred from an active non-rollup LEAP mapping pair; review before adding."
"leap_combined_esto","Oil Refining/Oil Refining","Fuel oil","esto_flow","09.07 Oil refineries (including own use)","Oil Refining","sector","Oil Refining","ready_to_add_display_authority","Missing code authority inferred from an active non-rollup LEAP mapping pair; review before adding."
"leap_combined_esto","Oil Refining/Oil Refining","Gas and diesel oil","esto_flow","09.07 Oil refineries (including own use)","Oil Refining","sector","Oil Refining","ready_to_add_display_authority","Missing code authority inferred from an active non-rollup LEAP mapping pair; review before adding."
"leap_combined_esto","Oil Refining/Oil Refining","Gasoline type jet fuel","esto_flow","09.07 Oil refineries (including own use)","Oil Refining","sector","Oil Refining","ready_to_add_display_authority","Missing code authority inferred from an active non-rollup LEAP mapping pair; review before adding."
"leap_combined_esto","Oil Refining/Oil Refining","Heat","esto_flow","09.07 Oil refineries (including own use)","Oil Refining","sector","Oil Refining","ready_to_add_display_authority","Missing code authority inferred from an active non-rollup LEAP mapping pair; review before adding."
"leap_combined_esto","Oil Refining/Oil Refining","Industrial waste","esto_flow","09.07 Oil refineries (including own use)","Oil Refining","sector","Oil Refining","ready_to_add_display_authority","Missing code authority inferred from an active non-rollup LEAP mapping pair; review before adding."
"leap_combined_esto","Oil Refining/Oil Refining","Kerosene","esto_flow","09.07 Oil refineries (including own use)","Oil Refining","sector","Oil Refining","ready_to_add_display_authority","Missing code authority inferred from an active non-rollup LEAP mapping pair; review before adding."
"leap_combined_esto","Oil Refining/Oil Refining","Kerosene type jet fuel","esto_flow","09.07 Oil refineries (including own use)","Oil Refining","sector","Oil Refining","ready_to_add_display_authority","Missing code authority inferred from an active non-rollup LEAP mapping pair; review before adding."
"leap_combined_esto","Oil Refining/Oil Refining","LPG","esto_flow","09.07 Oil refineries (including own use)","Oil Refining","sector","Oil Refining","ready_to_add_display_authority","Missing code authority inferred from an active non-rollup LEAP mapping pair; review before adding."
"leap_combined_esto","Oil Refining/Oil Refining","Lubricants","esto_flow","09.07 Oil refineries (including own use)","Oil Refining","sector","Oil Refining","ready_to_add_display_authority","Missing code authority inferred from an active non-rollup LEAP mapping pair; review before adding."
"leap_combined_esto","Oil Refining/Oil Refining","Motor gasoline","esto_flow","09.07 Oil refineries (including own use)","Oil Refining","sector","Oil Refining","ready_to_add_display_authority","Missing code authority inferred from an active non-rollup LEAP mapping pair; review before adding."
"leap_combined_esto","Oil Refining/Oil Refining","Naphtha","esto_flow","09.07 Oil refineries (including own use)","Oil Refining","sector","Oil Refining","ready_to_add_display_authority","Missing code authority inferred from an active non-rollup LEAP mapping pair; review before adding."
"leap_combined_esto","Oil Refining/Oil Refining","Natural gas","esto_flow","09.07 Oil refineries (including own use)","Oil Refining","sector","Oil Refining","ready_to_add_display_authority","Missing code authority inferred from an active non-rollup LEAP mapping pair; review before adding."
"leap_combined_esto","Oil Refining/Oil Refining","Natural gas liquids","esto_flow","09.07 Oil refineries (including own use)","Oil Refining","sector","Oil Refining","ready_to_add_display_authority","Missing code authority inferred from an active non-rollup LEAP mapping pair; review before adding."
"leap_combined_esto","Oil Refining/Oil Refining","Other bituminous coal","esto_flow","09.07 Oil refineries (including own use)","Oil Refining","sector","Oil Refining","ready_to_add_display_authority","Missing code authority inferred from an active non-rollup LEAP mapping pair; review before adding."
"leap_combined_esto","Oil Refining/Oil Refining","Other hydrocarbons","esto_flow","09.07 Oil refineries (including own use)","Oil Refining","sector","Oil Refining","ready_to_add_display_authority","Missing code authority inferred from an active non-rollup LEAP mapping pair; review before adding."
"leap_combined_esto","Oil Refining/Oil Refining","Other products","esto_flow","09.07 Oil refineries (including own use)","Oil Refining","sector","Oil Refining","ready_to_add_display_authority","Missing code authority inferred from an active non-rollup LEAP mapping pair; review before adding."
"leap_combined_esto","Oil Refining/Oil Refining","Paraffin waxes","esto_flow","09.07 Oil refineries (including own use)","Oil Refining","sector","Oil Refining","ready_to_add_display_authority","Missing code authority inferred from an active non-rollup LEAP mapping pair; review before adding."
"leap_combined_esto","Oil Refining/Oil Refining","PetProd nonspecified","esto_flow","09.07 Oil refineries (including own use)","Oil Refining","sector","Oil Refining","ready_to_add_display_authority","Missing code authority inferred from an active non-rollup LEAP mapping pair; review before adding."
"leap_combined_esto","Oil Refining/Oil Refining","Petroleum coke","esto_flow","09.07 Oil refineries (including own use)","Oil Refining","sector","Oil Refining","ready_to_add_display_authority","Missing code authority inferred from an active non-rollup LEAP mapping pair; review before adding."
"leap_combined_esto","Oil Refining/Oil Refining","Refinery feedstocks","esto_flow","09.07 Oil refineries (including own use)","Oil Refining","sector","Oil Refining","ready_to_add_display_authority","Missing code authority inferred from an active non-rollup LEAP mapping pair; review before adding."
"leap_combined_esto","Oil Refining/Oil Refining","Refinery gas not liquefied","esto_flow","09.07 Oil refineries (including own use)","Oil Refining","sector","Oil Refining","ready_to_add_display_authority","Missing code authority inferred from an active non-rollup LEAP mapping pair; review before adding."
"leap_combined_esto","Oil Refining/Oil Refining","Sub bituminous coal","esto_flow","09.07 Oil refineries (including own use)","Oil Refining","sector","Oil Refining","ready_to_add_display_authority","Missing code authority inferred from an active non-rollup LEAP mapping pair; review before adding."
"leap_combined_esto","Oil Refining/Oil Refining","White spirit SBP","esto_flow","09.07 Oil refineries (including own use)","Oil Refining","sector","Oil Refining","ready_to_add_display_authority","Missing code authority inferred from an active non-rollup LEAP mapping pair; review before adding."
"leap_combined_esto","Coke ovens/Coke ovens","Anthracite","esto_flow","09.08.01 Coke ovens (including own use)","Coke ovens","sector","Coke ovens","ready_to_add_display_authority","Missing code authority inferred from an active non-rollup LEAP mapping pair; review before adding."
"leap_combined_esto","Coke ovens/Coke ovens","BKB and PB","esto_flow","09.08.01 Coke ovens (including own use)","Coke ovens","sector","Coke ovens","ready_to_add_display_authority","Missing code authority inferred from an active non-rollup LEAP mapping pair; review before adding."
"leap_combined_esto","Coke ovens/Coke ovens","Blast furnace gas","esto_flow","09.08.01 Coke ovens (including own use)","Coke ovens","sector","Coke ovens","ready_to_add_display_authority","Missing code authority inferred from an active non-rollup LEAP mapping pair; review before adding."
"leap_combined_esto","Coke ovens/Coke ovens","Coal tar","esto_flow","09.08.01 Coke ovens (including own use)","Coke ovens","sector","Coke ovens","ready_to_add_display_authority","Missing code authority inferred from an active non-rollup LEAP mapping pair; review before adding."
"leap_combined_esto","Coke ovens/Coke ovens","Coke oven coke","esto_flow","09.08.01 Coke ovens (including own use)","Coke ovens","sector","Coke ovens","ready_to_add_display_authority","Missing code authority inferred from an active non-rollup LEAP mapping pair; review before adding."
"leap_combined_esto","Coke ovens/Coke ovens","Coke oven gas","esto_flow","09.08.01 Coke ovens (including own use)","Coke ovens","sector","Coke ovens","ready_to_add_display_authority","Missing code authority inferred from an active non-rollup LEAP mapping pair; review before adding."
"leap_combined_esto","Coke ovens/Coke ovens","Coking coal","esto_flow","09.08.01 Coke ovens (including own use)","Coke ovens","sector","Coke ovens","ready_to_add_display_authority","Missing code authority inferred from an active non-rollup LEAP mapping pair; review before adding."
"leap_combined_esto","Coke ovens/Coke ovens","Electricity","esto_flow","09.08.01 Coke ovens (including own use)","Coke ovens","sector","Coke ovens","ready_to_add_display_authority","Missing code authority inferred from an active non-rollup LEAP mapping pair; review before adding."
"leap_combined_esto","Coke ovens/Coke ovens","Fuel oil","esto_flow","09.08.01 Coke ovens (including own use)","Coke ovens","sector","Coke ovens","ready_to_add_display_authority","Missing code authority inferred from an active non-rollup LEAP mapping pair; review before adding."
"leap_combined_esto","Coke ovens/Coke ovens","Gas and diesel oil","esto_flow","09.08.01 Coke ovens (including own use)","Coke ovens","sector","Coke ovens","ready_to_add_display_authority","Missing code authority inferred from an active non-rollup LEAP mapping pair; review before adding."
"leap_combined_esto","Coke ovens/Coke ovens","Gas coke","esto_flow","09.08.01 Coke ovens (including own use)","Coke ovens","sector","Coke ovens","ready_to_add_display_authority","Missing code authority inferred from an active non-rollup LEAP mapping pair; review before adding."
"leap_combined_esto","Coke ovens/Coke ovens","Gas works gas","esto_flow","09.08.01 Coke ovens (including own use)","Coke ovens","sector","Coke ovens","ready_to_add_display_authority","Missing code authority inferred from an active non-rollup LEAP mapping pair; review before adding."
"leap_combined_esto","Coke ovens/Coke ovens","Heat","esto_flow","09.08.01 Coke ovens (including own use)","Coke ovens","sector","Coke ovens","ready_to_add_display_authority","Missing code authority inferred from an active non-rollup LEAP mapping pair; review before adding."
"leap_combined_esto","Coke ovens/Coke ovens","Industrial waste","esto_flow","09.08.01 Coke ovens (including own use)","Coke ovens","sector","Coke ovens","ready_to_add_display_authority","Missing code authority inferred from an active non-rollup LEAP mapping pair; review before adding."
"leap_combined_esto","Coke ovens/Coke ovens","Kerosene","esto_flow","09.08.01 Coke ovens (including own use)","Coke ovens","sector","Coke ovens","ready_to_add_display_authority","Missing code authority inferred from an active non-rollup LEAP mapping pair; review before adding."
"leap_combined_esto","Coke ovens/Coke ovens","Lignite","esto_flow","09.08.01 Coke ovens (including own use)","Coke ovens","sector","Coke ovens","ready_to_add_display_authority","Missing code authority inferred from an active non-rollup LEAP mapping pair; review before adding."
"leap_combined_esto","Coke ovens/Coke ovens","LPG","esto_flow","09.08.01 Coke ovens (including own use)","Coke ovens","sector","Coke ovens","ready_to_add_display_authority","Missing code authority inferred from an active non-rollup LEAP mapping pair; review before adding."
"leap_combined_esto","Coke ovens/Coke ovens","Motor gasoline","esto_flow","09.08.01 Coke ovens (including own use)","Coke ovens","sector","Coke ovens","ready_to_add_display_authority","Missing code authority inferred from an active non-rollup LEAP mapping pair; review before adding."
"leap_combined_esto","Coke ovens/Coke ovens","Natural gas","esto_flow","09.08.01 Coke ovens (including own use)","Coke ovens","sector","Coke ovens","ready_to_add_display_authority","Missing code authority inferred from an active non-rollup LEAP mapping pair; review before adding."
"leap_combined_esto","Coke ovens/Coke ovens","Natural gas liquids","esto_flow","09.08.01 Coke ovens (including own use)","Coke ovens","sector","Coke ovens","ready_to_add_display_authority","Missing code authority inferred from an active non-rollup LEAP mapping pair; review before adding."
"leap_combined_esto","Coke ovens/Coke ovens","Other bituminous coal","esto_flow","09.08.01 Coke ovens (including own use)","Coke ovens","sector","Coke ovens","ready_to_add_display_authority","Missing code authority inferred from an active non-rollup LEAP mapping pair; review before adding."
"leap_combined_esto","Coke ovens/Coke ovens","Other products","esto_flow","09.08.01 Coke ovens (including own use)","Coke ovens","sector","Coke ovens","ready_to_add_display_authority","Missing code authority inferred from an active non-rollup LEAP mapping pair; review before adding."
"leap_combined_esto","Coke ovens/Coke ovens","Other recovered gases","esto_flow","09.08.01 Coke ovens (including own use)","Coke ovens","sector","Coke ovens","ready_to_add_display_authority","Missing code authority inferred from an active non-rollup LEAP mapping pair; review before adding."
"leap_combined_esto","Coke ovens/Coke ovens","Patent fuel","esto_flow","09.08.01 Coke ovens (including own use)","Coke ovens","sector","Coke ovens","ready_to_add_display_authority","Missing code authority inferred from an active non-rollup LEAP mapping pair; review before adding."
"leap_combined_esto","Coke ovens/Coke ovens","Petroleum coke","esto_flow","09.08.01 Coke ovens (including own use)","Coke ovens","sector","Coke ovens","ready_to_add_display_authority","Missing code authority inferred from an active non-rollup LEAP mapping pair; review before adding."
"leap_combined_esto","Coke ovens/Coke ovens","Sub bituminous coal","esto_flow","09.08.01 Coke ovens (including own use)","Coke ovens","sector","Coke ovens","ready_to_add_display_authority","Missing code authority inferred from an active non-rollup LEAP mapping pair; review before adding."
"leap_combined_esto","Blast furnaces/Blast furnaces","Anthracite","esto_flow","09.08.02 Blast furnaces (including own use)","Blast furnaces","sector","Blast furnaces","ready_to_add_display_authority","Missing code authority inferred from an active non-rollup LEAP mapping pair; review before adding."
"leap_combined_esto","Blast furnaces/Blast furnaces","Blast furnace gas","esto_flow","09.08.02 Blast furnaces (including own use)","Blast furnaces","sector","Blast furnaces","ready_to_add_display_authority","Missing code authority inferred from an active non-rollup LEAP mapping pair; review before adding."
"leap_combined_esto","Blast furnaces/Blast furnaces","Coal tar","esto_flow","09.08.02 Blast furnaces (including own use)","Blast furnaces","sector","Blast furnaces","ready_to_add_display_authority","Missing code authority inferred from an active non-rollup LEAP mapping pair; review before adding."
"leap_combined_esto","Blast furnaces/Blast furnaces","Coke oven coke","esto_flow","09.08.02 Blast furnaces (including own use)","Blast furnaces","sector","Blast furnaces","ready_to_add_display_authority","Missing code authority inferred from an active non-rollup LEAP mapping pair; review before adding."
"leap_combined_esto","Blast furnaces/Blast furnaces","Coke oven gas","esto_flow","09.08.02 Blast furnaces (including own use)","Blast furnaces","sector","Blast furnaces","ready_to_add_display_authority","Missing code authority inferred from an active non-rollup LEAP mapping pair; review before adding."
"leap_combined_esto","Blast furnaces/Blast furnaces","Coking coal","esto_flow","09.08.02 Blast furnaces (including own use)","Blast furnaces","sector","Blast furnaces","ready_to_add_display_authority","Missing code authority inferred from an active non-rollup LEAP mapping pair; review before adding."
"leap_combined_esto","Blast furnaces/Blast furnaces","Electricity","esto_flow","09.08.02 Blast furnaces (including own use)","Blast furnaces","sector","Blast furnaces","ready_to_add_display_authority","Missing code authority inferred from an active non-rollup LEAP mapping pair; review before adding."
"leap_combined_esto","Blast furnaces/Blast furnaces","Fuel oil","esto_flow","09.08.02 Blast furnaces (including own use)","Blast furnaces","sector","Blast furnaces","ready_to_add_display_authority","Missing code authority inferred from an active non-rollup LEAP mapping pair; review before adding."
"leap_combined_esto","Blast furnaces/Blast furnaces","Natural gas","esto_flow","09.08.02 Blast furnaces (including own use)","Blast furnaces","sector","Blast furnaces","ready_to_add_display_authority","Missing code authority inferred from an active non-rollup LEAP mapping pair; review before adding."
"leap_combined_esto","Blast furnaces/Blast furnaces","Other bituminous coal","esto_flow","09.08.02 Blast furnaces (including own use)","Blast furnaces","sector","Blast furnaces","ready_to_add_display_authority","Missing code authority inferred from an active non-rollup LEAP mapping pair; review before adding."
"leap_combined_esto","Blast furnaces/Blast furnaces","Other recovered gases","esto_flow","09.08.02 Blast furnaces (including own use)","Blast furnaces","sector","Blast furnaces","ready_to_add_display_authority","Missing code authority inferred from an active non-rollup LEAP mapping pair; review before adding."
"leap_combined_esto","Blast furnaces/Blast furnaces","Patent fuel","esto_flow","09.08.02 Blast furnaces (including own use)","Blast furnaces","sector","Blast furnaces","ready_to_add_display_authority","Missing code authority inferred from an active non-rollup LEAP mapping pair; review before adding."
"leap_combined_esto","Hydrogen transformation","Ammonia","esto_flow","09.13 Hydrogen transformation","Hydrogen transformation","sector","Hydrogen transformation","ready_to_add_display_authority","Missing code authority inferred from an active non-rollup LEAP mapping pair; review before adding."
"leap_combined_esto","Hydrogen transformation","Efuel","esto_flow","09.13 Hydrogen transformation","Hydrogen transformation","sector","Hydrogen transformation","ready_to_add_display_authority","Missing code authority inferred from an active non-rollup LEAP mapping pair; review before adding."
"leap_combined_esto","Hydrogen transformation","Electricity","esto_flow","09.13 Hydrogen transformation","Hydrogen transformation","sector","Hydrogen transformation","ready_to_add_display_authority","Missing code authority inferred from an active non-rollup LEAP mapping pair; review before adding."
"leap_combined_esto","Hydrogen transformation","Hydrogen","esto_flow","09.13 Hydrogen transformation","Hydrogen transformation","sector","Hydrogen transformation","ready_to_add_display_authority","Missing code authority inferred from an active non-rollup LEAP mapping pair; review before adding."
"leap_combined_esto","Hydrogen transformation","Natural gas","esto_flow","09.13 Hydrogen transformation","Hydrogen transformation","sector","Hydrogen transformation","ready_to_add_display_authority","Missing code authority inferred from an active non-rollup LEAP mapping pair; review before adding."
"leap_combined_esto","Hydrogen transformation/Electrolysers","Ammonia","esto_flow","09.13.01 Electrolysers","Electrolysers","sector","Electrolysers","ready_to_add_display_authority","Missing code authority inferred from an active non-rollup LEAP mapping pair; review before adding."
"leap_combined_esto","Hydrogen transformation/Electrolysers","Efuel","esto_flow","09.13.01 Electrolysers","Electrolysers","sector","Electrolysers","ready_to_add_display_authority","Missing code authority inferred from an active non-rollup LEAP mapping pair; review before adding."
"leap_combined_esto","Hydrogen transformation/Electrolysers","Electricity","esto_flow","09.13.01 Electrolysers","Electrolysers","sector","Electrolysers","ready_to_add_display_authority","Missing code authority inferred from an active non-rollup LEAP mapping pair; review before adding."
"leap_combined_esto","Hydrogen transformation/Electrolysers","Electricity for hydrogen","esto_flow","09.13.01 Electrolysers","Electrolysers","sector","Electrolysers","ready_to_add_display_authority","Missing code authority inferred from an active non-rollup LEAP mapping pair; review before adding."
"leap_combined_esto","Hydrogen transformation/Electrolysers","Hydrogen","esto_flow","09.13.01 Electrolysers","Electrolysers","sector","Electrolysers","ready_to_add_display_authority","Missing code authority inferred from an active non-rollup LEAP mapping pair; review before adding."
"leap_combined_esto","Hydrogen transformation/Processes/SMR with CCS","Natural gas","esto_flow","09.13.02 SMR with CCS","SMR with CCS","sector","SMR with CCS","ready_to_add_display_authority","Missing code authority inferred from an active non-rollup LEAP mapping pair; review before adding."
"leap_combined_esto","Industry/Manufacturing/Iron and steel/Blast Furnace Basic Oxygen Furnace","Anthracite","esto_flow","14.03.01.01 Blast Furnace Basic Oxygen Furnace","Blast Furnace Basic Oxygen Furnace","sector","Blast Furnace Basic Oxygen Furnace","ready_to_add_display_authority","Missing code authority inferred from an active non-rollup LEAP mapping pair; review before adding."
"leap_combined_esto","Industry/Manufacturing/Iron and steel/Blast Furnace Basic Oxygen Furnace","Biodiesel","esto_flow","14.03.01.01 Blast Furnace Basic Oxygen Furnace","Blast Furnace Basic Oxygen Furnace","sector","Blast Furnace Basic Oxygen Furnace","ready_to_add_display_authority","Missing code authority inferred from an active non-rollup LEAP mapping pair; review before adding."
"leap_combined_esto","Industry/Manufacturing/Iron and steel/Blast Furnace Basic Oxygen Furnace","Biogas","esto_flow","14.03.01.01 Blast Furnace Basic Oxygen Furnace","Blast Furnace Basic Oxygen Furnace","sector","Blast Furnace Basic Oxygen Furnace","ready_to_add_display_authority","Missing code authority inferred from an active non-rollup LEAP mapping pair; review before adding."
"leap_combined_esto","Industry/Manufacturing/Iron and steel/Blast Furnace Basic Oxygen Furnace","BKB and PB","esto_flow","14.03.01.01 Blast Furnace Basic Oxygen Furnace","Blast Furnace Basic Oxygen Furnace","sector","Blast Furnace Basic Oxygen Furnace","ready_to_add_display_authority","Missing code authority inferred from an active non-rollup LEAP mapping pair; review before adding."
"leap_combined_esto","Industry/Manufacturing/Iron and steel/Blast Furnace Basic Oxygen Furnace","Blast furnace gas","esto_flow","14.03.01.01 Blast Furnace Basic Oxygen Furnace","Blast Furnace Basic Oxygen Furnace","sector","Blast Furnace Basic Oxygen Furnace","ready_to_add_display_authority","Missing code authority inferred from an active non-rollup LEAP mapping pair; review before adding."
"leap_combined_esto","Industry/Manufacturing/Iron and steel/Blast Furnace Basic Oxygen Furnace","Coal tar","esto_flow","14.03.01.01 Blast Furnace Basic Oxygen Furnace","Blast Furnace Basic Oxygen Furnace","sector","Blast Furnace Basic Oxygen Furnace","ready_to_add_display_authority","Missing code authority inferred from an active non-rollup LEAP mapping pair; review before adding."
"leap_combined_esto","Industry/Manufacturing/Iron and steel/Blast Furnace Basic Oxygen Furnace","Coke oven coke","esto_flow","14.03.01.01 Blast Furnace Basic Oxygen Furnace","Blast Furnace Basic Oxygen Furnace","sector","Blast Furnace Basic Oxygen Furnace","ready_to_add_display_authority","Missing code authority inferred from an active non-rollup LEAP mapping pair; review before adding."
"leap_combined_esto","Industry/Manufacturing/Iron and steel/Blast Furnace Basic Oxygen Furnace","Coke oven gas","esto_flow","14.03.01.01 Blast Furnace Basic Oxygen Furnace","Blast Furnace Basic Oxygen Furnace","sector","Blast Furnace Basic Oxygen Furnace","ready_to_add_display_authority","Missing code authority inferred from an active non-rollup LEAP mapping pair; review before adding."
"leap_combined_esto","Industry/Manufacturing/Iron and steel/Blast Furnace Basic Oxygen Furnace","Coking coal","esto_flow","14.03.01.01 Blast Furnace Basic Oxygen Furnace","Blast Furnace Basic Oxygen Furnace","sector","Blast Furnace Basic Oxygen Furnace","ready_to_add_display_authority","Missing code authority inferred from an active non-rollup LEAP mapping pair; review before adding."
"leap_combined_esto","Industry/Manufacturing/Iron and steel/Blast Furnace Basic Oxygen Furnace","Electricity","esto_flow","14.03.01.01 Blast Furnace Basic Oxygen Furnace","Blast Furnace Basic Oxygen Furnace","sector","Blast Furnace Basic Oxygen Furnace","ready_to_add_display_authority","Missing code authority inferred from an active non-rollup LEAP mapping pair; review before adding."
"leap_combined_esto","Industry/Manufacturing/Iron and steel/Blast Furnace Basic Oxygen Furnace","Fuel oil","esto_flow","14.03.01.01 Blast Furnace Basic Oxygen Furnace","Blast Furnace Basic Oxygen Furnace","sector","Blast Furnace Basic Oxygen Furnace","ready_to_add_display_authority","Missing code authority inferred from an active non-rollup LEAP mapping pair; review before adding."
"leap_combined_esto","Industry/Manufacturing/Iron and steel/Blast Furnace Basic Oxygen Furnace","Gas and diesel oil","esto_flow","14.03.01.01 Blast Furnace Basic Oxygen Furnace","Blast Furnace Basic Oxygen Furnace","sector","Blast Furnace Basic Oxygen Furnace","ready_to_add_display_authority","Missing code authority inferred from an active non-rollup LEAP mapping pair; review before adding."
"leap_combined_esto","Industry/Manufacturing/Iron and steel/Blast Furnace Basic Oxygen Furnace","Gas works gas","esto_flow","14.03.01.01 Blast Furnace Basic Oxygen Furnace","Blast Furnace Basic Oxygen Furnace","sector","Blast Furnace Basic Oxygen Furnace","ready_to_add_display_authority","Missing code authority inferred from an active non-rollup LEAP mapping pair; review before adding."
"leap_combined_esto","Industry/Manufacturing/Iron and steel/Blast Furnace Basic Oxygen Furnace","Heat","esto_flow","14.03.01.01 Blast Furnace Basic Oxygen Furnace","Blast Furnace Basic Oxygen Furnace","sector","Blast Furnace Basic Oxygen Furnace","ready_to_add_display_authority","Missing code authority inferred from an active non-rollup LEAP mapping pair; review before adding."
"leap_combined_esto","Industry/Manufacturing/Iron and steel/Blast Furnace Basic Oxygen Furnace","Industrial waste","esto_flow","14.03.01.01 Blast Furnace Basic Oxygen Furnace","Blast Furnace Basic Oxygen Furnace","sector","Blast Furnace Basic Oxygen Furnace","ready_to_add_display_authority","Missing code authority inferred from an active non-rollup LEAP mapping pair; review before adding."
"leap_combined_esto","Industry/Manufacturing/Iron and steel/Blast Furnace Basic Oxygen Furnace","Kerosene","esto_flow","14.03.01.01 Blast Furnace Basic Oxygen Furnace","Blast Furnace Basic Oxygen Furnace","sector","Blast Furnace Basic Oxygen Furnace","ready_to_add_display_authority","Missing code authority inferred from an active non-rollup LEAP mapping pair; review before adding."
"leap_combined_esto","Industry/Manufacturing/Iron and steel/Blast Furnace Basic Oxygen Furnace","Kerosene type jet fuel","esto_flow","14.03.01.01 Blast Furnace Basic Oxygen Furnace","Blast Furnace Basic Oxygen Furnace","sector","Blast Furnace Basic Oxygen Furnace","ready_to_add_display_authority","Missing code authority inferred from an active non-rollup LEAP mapping pair; review before adding."
"leap_combined_esto","Industry/Manufacturing/Iron and steel/Blast Furnace Basic Oxygen Furnace","LPG","esto_flow","14.03.01.01 Blast Furnace Basic Oxygen Furnace","Blast Furnace Basic Oxygen Furnace","sector","Blast Furnace Basic Oxygen Furnace","ready_to_add_display_authority","Missing code authority inferred from an active non-rollup LEAP mapping pair; review before adding."
"leap_combined_esto","Industry/Manufacturing/Iron and steel/Blast Furnace Basic Oxygen Furnace","Motor gasoline","esto_flow","14.03.01.01 Blast Furnace Basic Oxygen Furnace","Blast Furnace Basic Oxygen Furnace","sector","Blast Furnace Basic Oxygen Furnace","ready_to_add_display_authority","Missing code authority inferred from an active non-rollup LEAP mapping pair; review before adding."
"leap_combined_esto","Industry/Manufacturing/Iron and steel/Blast Furnace Basic Oxygen Furnace","Natural gas","esto_flow","14.03.01.01 Blast Furnace Basic Oxygen Furnace","Blast Furnace Basic Oxygen Furnace","sector","Blast Furnace Basic Oxygen Furnace","ready_to_add_display_authority","Missing code authority inferred from an active non-rollup LEAP mapping pair; review before adding."
"leap_combined_esto","Industry/Manufacturing/Iron and steel/Blast Furnace Basic Oxygen Furnace","Other biomass","esto_flow","14.03.01.01 Blast Furnace Basic Oxygen Furnace","Blast Furnace Basic Oxygen Furnace","sector","Blast Furnace Basic Oxygen Furnace","ready_to_add_display_authority","Missing code authority inferred from an active non-rollup LEAP mapping pair; review before adding."
"leap_combined_esto","Industry/Manufacturing/Iron and steel/Blast Furnace Basic Oxygen Furnace","Other bituminous coal","esto_flow","14.03.01.01 Blast Furnace Basic Oxygen Furnace","Blast Furnace Basic Oxygen Furnace","sector","Blast Furnace Basic Oxygen Furnace","ready_to_add_display_authority","Missing code authority inferred from an active non-rollup LEAP mapping pair; review before adding."
"leap_combined_esto","Industry/Manufacturing/Iron and steel/Blast Furnace Basic Oxygen Furnace","Other products","esto_flow","14.03.01.01 Blast Furnace Basic Oxygen Furnace","Blast Furnace Basic Oxygen Furnace","sector","Blast Furnace Basic Oxygen Furnace","ready_to_add_display_authority","Missing code authority inferred from an active non-rollup LEAP mapping pair; review before adding."
"leap_combined_esto","Industry/Manufacturing/Iron and steel/Blast Furnace Basic Oxygen Furnace","Other recovered gases","esto_flow","14.03.01.01 Blast Furnace Basic Oxygen Furnace","Blast Furnace Basic Oxygen Furnace","sector","Blast Furnace Basic Oxygen Furnace","ready_to_add_display_authority","Missing code authority inferred from an active non-rollup LEAP mapping pair; review before adding."
"leap_combined_esto","Industry/Manufacturing/Iron and steel/Blast Furnace Basic Oxygen Furnace","Petroleum coke","esto_flow","14.03.01.01 Blast Furnace Basic Oxygen Furnace","Blast Furnace Basic Oxygen Furnace","sector","Blast Furnace Basic Oxygen Furnace","ready_to_add_display_authority","Missing code authority inferred from an active non-rollup LEAP mapping pair; review before adding."
"leap_combined_esto","Industry/Manufacturing/Iron and steel/Blast Furnace Basic Oxygen Furnace","Refinery gas not liquefied","esto_flow","14.03.01.01 Blast Furnace Basic Oxygen Furnace","Blast Furnace Basic Oxygen Furnace","sector","Blast Furnace Basic Oxygen Furnace","ready_to_add_display_authority","Missing code authority inferred from an active non-rollup LEAP mapping pair; review before adding."
"leap_combined_esto","Industry/Manufacturing/Iron and steel/Blast Furnace Basic Oxygen Furnace","Sub bituminous coal","esto_flow","14.03.01.01 Blast Furnace Basic Oxygen Furnace","Blast Furnace Basic Oxygen Furnace","sector","Blast Furnace Basic Oxygen Furnace","ready_to_add_display_authority","Missing code authority inferred from an active non-rollup LEAP mapping pair; review before adding."
"leap_combined_esto","Industry/Manufacturing/Iron and steel/Blast Furnace Basic Oxygen Furnace","White spirit SBP","esto_flow","14.03.01.01 Blast Furnace Basic Oxygen Furnace","Blast Furnace Basic Oxygen Furnace","sector","Blast Furnace Basic Oxygen Furnace","ready_to_add_display_authority","Missing code authority inferred from an active non-rollup LEAP mapping pair; review before adding."
"leap_combined_esto","Industry/Manufacturing/Iron and steel/Direct Reduced Iron Electric Arc Furnace","Biodiesel","esto_flow","14.03.01.02 Direct Reduced Iron Electric Arc Furnace","Direct Reduced Iron Electric Arc Furnace","sector","Direct Reduced Iron Electric Arc Furnace","ready_to_add_display_authority","Missing code authority inferred from an active non-rollup LEAP mapping pair; review before adding."
"leap_combined_esto","Industry/Manufacturing/Iron and steel/Direct Reduced Iron Electric Arc Furnace","Biogas","esto_flow","14.03.01.02 Direct Reduced Iron Electric Arc Furnace","Direct Reduced Iron Electric Arc Furnace","sector","Direct Reduced Iron Electric Arc Furnace","ready_to_add_display_authority","Missing code authority inferred from an active non-rollup LEAP mapping pair; review before adding."
"leap_combined_esto","Industry/Manufacturing/Iron and steel/Direct Reduced Iron Electric Arc Furnace","Electricity","esto_flow","14.03.01.02 Direct Reduced Iron Electric Arc Furnace","Direct Reduced Iron Electric Arc Furnace","sector","Direct Reduced Iron Electric Arc Furnace","ready_to_add_display_authority","Missing code authority inferred from an active non-rollup LEAP mapping pair; review before adding."
"leap_combined_esto","Industry/Manufacturing/Iron and steel/Direct Reduced Iron Electric Arc Furnace","Fuel oil","esto_flow","14.03.01.02 Direct Reduced Iron Electric Arc Furnace","Direct Reduced Iron Electric Arc Furnace","sector","Direct Reduced Iron Electric Arc Furnace","ready_to_add_display_authority","Missing code authority inferred from an active non-rollup LEAP mapping pair; review before adding."
"leap_combined_esto","Industry/Manufacturing/Iron and steel/Direct Reduced Iron Electric Arc Furnace","Gas and diesel oil","esto_flow","14.03.01.02 Direct Reduced Iron Electric Arc Furnace","Direct Reduced Iron Electric Arc Furnace","sector","Direct Reduced Iron Electric Arc Furnace","ready_to_add_display_authority","Missing code authority inferred from an active non-rollup LEAP mapping pair; review before adding."
"leap_combined_esto","Industry/Manufacturing/Iron and steel/Direct Reduced Iron Electric Arc Furnace","Gas works gas","esto_flow","14.03.01.02 Direct Reduced Iron Electric Arc Furnace","Direct Reduced Iron Electric Arc Furnace","sector","Direct Reduced Iron Electric Arc Furnace","ready_to_add_display_authority","Missing code authority inferred from an active non-rollup LEAP mapping pair; review before adding."
"leap_combined_esto","Industry/Manufacturing/Iron and steel/Direct Reduced Iron Electric Arc Furnace","Heat","esto_flow","14.03.01.02 Direct Reduced Iron Electric Arc Furnace","Direct Reduced Iron Electric Arc Furnace","sector","Direct Reduced Iron Electric Arc Furnace","ready_to_add_display_authority","Missing code authority inferred from an active non-rollup LEAP mapping pair; review before adding."
"leap_combined_esto","Industry/Manufacturing/Iron and steel/Direct Reduced Iron Electric Arc Furnace","Hydrogen","esto_flow","14.03.01.02 Direct Reduced Iron Electric Arc Furnace","Direct Reduced Iron Electric Arc Furnace","sector","Direct Reduced Iron Electric Arc Furnace","ready_to_add_display_authority","Missing code authority inferred from an active non-rollup LEAP mapping pair; review before adding."
"leap_combined_esto","Industry/Manufacturing/Iron and steel/Direct Reduced Iron Electric Arc Furnace","Industrial waste","esto_flow","14.03.01.02 Direct Reduced Iron Electric Arc Furnace","Direct Reduced Iron Electric Arc Furnace","sector","Direct Reduced Iron Electric Arc Furnace","ready_to_add_display_authority","Missing code authority inferred from an active non-rollup LEAP mapping pair; review before adding."
"leap_combined_esto","Industry/Manufacturing/Iron and steel/Direct Reduced Iron Electric Arc Furnace","Kerosene","esto_flow","14.03.01.02 Direct Reduced Iron Electric Arc Furnace","Direct Reduced Iron Electric Arc Furnace","sector","Direct Reduced Iron Electric Arc Furnace","ready_to_add_display_authority","Missing code authority inferred from an active non-rollup LEAP mapping pair; review before adding."
"leap_combined_esto","Industry/Manufacturing/Iron and steel/Direct Reduced Iron Electric Arc Furnace","Kerosene type jet fuel","esto_flow","14.03.01.02 Direct Reduced Iron Electric Arc Furnace","Direct Reduced Iron Electric Arc Furnace","sector","Direct Reduced Iron Electric Arc Furnace","ready_to_add_display_authority","Missing code authority inferred from an active non-rollup LEAP mapping pair; review before adding."
"leap_combined_esto","Industry/Manufacturing/Iron and steel/Direct Reduced Iron Electric Arc Furnace","LPG","esto_flow","14.03.01.02 Direct Reduced Iron Electric Arc Furnace","Direct Reduced Iron Electric Arc Furnace","sector","Direct Reduced Iron Electric Arc Furnace","ready_to_add_display_authority","Missing code authority inferred from an active non-rollup LEAP mapping pair; review before adding."
"leap_combined_esto","Industry/Manufacturing/Iron and steel/Direct Reduced Iron Electric Arc Furnace","Motor gasoline","esto_flow","14.03.01.02 Direct Reduced Iron Electric Arc Furnace","Direct Reduced Iron Electric Arc Furnace","sector","Direct Reduced Iron Electric Arc Furnace","ready_to_add_display_authority","Missing code authority inferred from an active non-rollup LEAP mapping pair; review before adding."
"leap_combined_esto","Industry/Manufacturing/Iron and steel/Direct Reduced Iron Electric Arc Furnace","Natural gas","esto_flow","14.03.01.02 Direct Reduced Iron Electric Arc Furnace","Direct Reduced Iron Electric Arc Furnace","sector","Direct Reduced Iron Electric Arc Furnace","ready_to_add_display_authority","Missing code authority inferred from an active non-rollup LEAP mapping pair; review before adding."
"leap_combined_esto","Industry/Manufacturing/Iron and steel/Direct Reduced Iron Electric Arc Furnace","Other biomass","esto_flow","14.03.01.02 Direct Reduced Iron Electric Arc Furnace","Direct Reduced Iron Electric Arc Furnace","sector","Direct Reduced Iron Electric Arc Furnace","ready_to_add_display_authority","Missing code authority inferred from an active non-rollup LEAP mapping pair; review before adding."
"leap_combined_esto","Industry/Manufacturing/Iron and steel/Direct Reduced Iron Electric Arc Furnace","Other products","esto_flow","14.03.01.02 Direct Reduced Iron Electric Arc Furnace","Direct Reduced Iron Electric Arc Furnace","sector","Direct Reduced Iron Electric Arc Furnace","ready_to_add_display_authority","Missing code authority inferred from an active non-rollup LEAP mapping pair; review before adding."
"leap_combined_esto","Industry/Manufacturing/Iron and steel/Direct Reduced Iron Electric Arc Furnace","Refinery gas not liquefied","esto_flow","14.03.01.02 Direct Reduced Iron Electric Arc Furnace","Direct Reduced Iron Electric Arc Furnace","sector","Direct Reduced Iron Electric Arc Furnace","ready_to_add_display_authority","Missing code authority inferred from an active non-rollup LEAP mapping pair; review before adding."
"leap_combined_esto","Industry/Manufacturing/Iron and steel/Direct Reduced Iron Electric Arc Furnace","White spirit SBP","esto_flow","14.03.01.02 Direct Reduced Iron Electric Arc Furnace","Direct Reduced Iron Electric Arc Furnace","sector","Direct Reduced Iron Electric Arc Furnace","ready_to_add_display_authority","Missing code authority inferred from an active non-rollup LEAP mapping pair; review before adding."
"leap_combined_esto","Industry/Manufacturing/Iron and steel/Scrap Electric Arc Furnace","Biodiesel","esto_flow","14.03.01.03 Scrap Electric Arc Furnace","Scrap Electric Arc Furnace","sector","Scrap Electric Arc Furnace","ready_to_add_display_authority","Missing code authority inferred from an active non-rollup LEAP mapping pair; review before adding."
"leap_combined_esto","Industry/Manufacturing/Iron and steel/Scrap Electric Arc Furnace","Biogas","esto_flow","14.03.01.03 Scrap Electric Arc Furnace","Scrap Electric Arc Furnace","sector","Scrap Electric Arc Furnace","ready_to_add_display_authority","Missing code authority inferred from an active non-rollup LEAP mapping pair; review before adding."
"leap_combined_esto","Industry/Manufacturing/Iron and steel/Scrap Electric Arc Furnace","Electricity","esto_flow","14.03.01.03 Scrap Electric Arc Furnace","Scrap Electric Arc Furnace","sector","Scrap Electric Arc Furnace","ready_to_add_display_authority","Missing code authority inferred from an active non-rollup LEAP mapping pair; review before adding."
"leap_combined_esto","Industry/Manufacturing/Iron and steel/Scrap Electric Arc Furnace","Fuel oil","esto_flow","14.03.01.03 Scrap Electric Arc Furnace","Scrap Electric Arc Furnace","sector","Scrap Electric Arc Furnace","ready_to_add_display_authority","Missing code authority inferred from an active non-rollup LEAP mapping pair; review before adding."
"leap_combined_esto","Industry/Manufacturing/Iron and steel/Scrap Electric Arc Furnace","Gas and diesel oil","esto_flow","14.03.01.03 Scrap Electric Arc Furnace","Scrap Electric Arc Furnace","sector","Scrap Electric Arc Furnace","ready_to_add_display_authority","Missing code authority inferred from an active non-rollup LEAP mapping pair; review before adding."
"leap_combined_esto","Industry/Manufacturing/Iron and steel/Scrap Electric Arc Furnace","Gas works gas","esto_flow","14.03.01.03 Scrap Electric Arc Furnace","Scrap Electric Arc Furnace","sector","Scrap Electric Arc Furnace","ready_to_add_display_authority","Missing code authority inferred from an active non-rollup LEAP mapping pair; review before adding."
"leap_combined_esto","Industry/Manufacturing/Iron and steel/Scrap Electric Arc Furnace","Heat","esto_flow","14.03.01.03 Scrap Electric Arc Furnace","Scrap Electric Arc Furnace","sector","Scrap Electric Arc Furnace","ready_to_add_display_authority","Missing code authority inferred from an active non-rollup LEAP mapping pair; review before adding."
"leap_combined_esto","Industry/Manufacturing/Iron and steel/Scrap Electric Arc Furnace","Industrial waste","esto_flow","14.03.01.03 Scrap Electric Arc Furnace","Scrap Electric Arc Furnace","sector","Scrap Electric Arc Furnace","ready_to_add_display_authority","Missing code authority inferred from an active non-rollup LEAP mapping pair; review before adding."
"leap_combined_esto","Industry/Manufacturing/Iron and steel/Scrap Electric Arc Furnace","Kerosene","esto_flow","14.03.01.03 Scrap Electric Arc Furnace","Scrap Electric Arc Furnace","sector","Scrap Electric Arc Furnace","ready_to_add_display_authority","Missing code authority inferred from an active non-rollup LEAP mapping pair; review before adding."
"leap_combined_esto","Industry/Manufacturing/Iron and steel/Scrap Electric Arc Furnace","Kerosene type jet fuel","esto_flow","14.03.01.03 Scrap Electric Arc Furnace","Scrap Electric Arc Furnace","sector","Scrap Electric Arc Furnace","ready_to_add_display_authority","Missing code authority inferred from an active non-rollup LEAP mapping pair; review before adding."
"leap_combined_esto","Industry/Manufacturing/Iron and steel/Scrap Electric Arc Furnace","LPG","esto_flow","14.03.01.03 Scrap Electric Arc Furnace","Scrap Electric Arc Furnace","sector","Scrap Electric Arc Furnace","ready_to_add_display_authority","Missing code authority inferred from an active non-rollup LEAP mapping pair; review before adding."
"leap_combined_esto","Industry/Manufacturing/Iron and steel/Scrap Electric Arc Furnace","Motor gasoline","esto_flow","14.03.01.03 Scrap Electric Arc Furnace","Scrap Electric Arc Furnace","sector","Scrap Electric Arc Furnace","ready_to_add_display_authority","Missing code authority inferred from an active non-rollup LEAP mapping pair; review before adding."
"leap_combined_esto","Industry/Manufacturing/Iron and steel/Scrap Electric Arc Furnace","Natural gas","esto_flow","14.03.01.03 Scrap Electric Arc Furnace","Scrap Electric Arc Furnace","sector","Scrap Electric Arc Furnace","ready_to_add_display_authority","Missing code authority inferred from an active non-rollup LEAP mapping pair; review before adding."
"leap_combined_esto","Industry/Manufacturing/Iron and steel/Scrap Electric Arc Furnace","Other biomass","esto_flow","14.03.01.03 Scrap Electric Arc Furnace","Scrap Electric Arc Furnace","sector","Scrap Electric Arc Furnace","ready_to_add_display_authority","Missing code authority inferred from an active non-rollup LEAP mapping pair; review before adding."
"leap_combined_esto","Industry/Manufacturing/Iron and steel/Scrap Electric Arc Furnace","Other products","esto_flow","14.03.01.03 Scrap Electric Arc Furnace","Scrap Electric Arc Furnace","sector","Scrap Electric Arc Furnace","ready_to_add_display_authority","Missing code authority inferred from an active non-rollup LEAP mapping pair; review before adding."
"leap_combined_esto","Industry/Manufacturing/Iron and steel/Scrap Electric Arc Furnace","Refinery gas not liquefied","esto_flow","14.03.01.03 Scrap Electric Arc Furnace","Scrap Electric Arc Furnace","sector","Scrap Electric Arc Furnace","ready_to_add_display_authority","Missing code authority inferred from an active non-rollup LEAP mapping pair; review before adding."
"leap_combined_esto","Industry/Manufacturing/Iron and steel/Scrap Electric Arc Furnace","White spirit SBP","esto_flow","14.03.01.03 Scrap Electric Arc Furnace","Scrap Electric Arc Furnace","sector","Scrap Electric Arc Furnace","ready_to_add_display_authority","Missing code authority inferred from an active non-rollup LEAP mapping pair; review before adding."
"leap_combined_esto","All demand aggregated/Transport non road","Ammonia","esto_flow","15.01,15.03-15.06 Transport non-road","Transport non road","sector","Transport non road","ready_to_add_display_authority","Missing code authority inferred from an active non-rollup LEAP mapping pair; review before adding."
"leap_combined_esto","All demand aggregated/Transport non road","Aviation gasoline","esto_flow","15.01,15.03-15.06 Transport non-road","Transport non road","sector","Transport non road","ready_to_add_display_authority","Missing code authority inferred from an active non-rollup LEAP mapping pair; review before adding."
"leap_combined_esto","All demand aggregated/Transport non road","Bio jet kerosene","esto_flow","15.01,15.03-15.06 Transport non-road","Transport non road","sector","Transport non road","ready_to_add_display_authority","Missing code authority inferred from an active non-rollup LEAP mapping pair; review before adding."
"leap_combined_esto","All demand aggregated/Transport non road","Biodiesel","esto_flow","15.01,15.03-15.06 Transport non-road","Transport non road","sector","Transport non road","ready_to_add_display_authority","Missing code authority inferred from an active non-rollup LEAP mapping pair; review before adding."
"leap_combined_esto","All demand aggregated/Transport non road","Biogasoline","esto_flow","15.01,15.03-15.06 Transport non-road","Transport non road","sector","Transport non road","ready_to_add_display_authority","Missing code authority inferred from an active non-rollup LEAP mapping pair; review before adding."
"leap_combined_esto","All demand aggregated/Transport non road","Coal tar","esto_flow","15.01,15.03-15.06 Transport non-road","Transport non road","sector","Transport non road","ready_to_add_display_authority","Missing code authority inferred from an active non-rollup LEAP mapping pair; review before adding."
"leap_combined_esto","All demand aggregated/Transport non road","Coke oven coke","esto_flow","15.01,15.03-15.06 Transport non-road","Transport non road","sector","Transport non road","ready_to_add_display_authority","Missing code authority inferred from an active non-rollup LEAP mapping pair; review before adding."
"leap_combined_esto","All demand aggregated/Transport non road","Efuel","esto_flow","15.01,15.03-15.06 Transport non-road","Transport non road","sector","Transport non road","ready_to_add_display_authority","Missing code authority inferred from an active non-rollup LEAP mapping pair; review before adding."
"leap_combined_esto","All demand aggregated/Transport non road","Electricity","esto_flow","15.01,15.03-15.06 Transport non-road","Transport non road","sector","Transport non road","ready_to_add_display_authority","Missing code authority inferred from an active non-rollup LEAP mapping pair; review before adding."
"leap_combined_esto","All demand aggregated/Transport non road","Fuel oil","esto_flow","15.01,15.03-15.06 Transport non-road","Transport non road","sector","Transport non road","ready_to_add_display_authority","Missing code authority inferred from an active non-rollup LEAP mapping pair; review before adding."
"leap_combined_esto","All demand aggregated/Transport non road","Gas and diesel oil","esto_flow","15.01,15.03-15.06 Transport non-road","Transport non road","sector","Transport non road","ready_to_add_display_authority","Missing code authority inferred from an active non-rollup LEAP mapping pair; review before adding."
"leap_combined_esto","All demand aggregated/Transport non road","Hydrogen","esto_flow","15.01,15.03-15.06 Transport non-road","Transport non road","sector","Transport non road","ready_to_add_display_authority","Missing code authority inferred from an active non-rollup LEAP mapping pair; review before adding."
"leap_combined_esto","All demand aggregated/Transport non road","Kerosene","esto_flow","15.01,15.03-15.06 Transport non-road","Transport non road","sector","Transport non road","ready_to_add_display_authority","Missing code authority inferred from an active non-rollup LEAP mapping pair; review before adding."
"leap_combined_esto","All demand aggregated/Transport non road","Kerosene type jet fuel","esto_flow","15.01,15.03-15.06 Transport non-road","Transport non road","sector","Transport non road","ready_to_add_display_authority","Missing code authority inferred from an active non-rollup LEAP mapping pair; review before adding."
"leap_combined_esto","All demand aggregated/Transport non road","LNG","esto_flow","15.01,15.03-15.06 Transport non-road","Transport non road","sector","Transport non road","ready_to_add_display_authority","Missing code authority inferred from an active non-rollup LEAP mapping pair; review before adding."
"leap_combined_esto","All demand aggregated/Transport non road","LPG","esto_flow","15.01,15.03-15.06 Transport non-road","Transport non road","sector","Transport non road","ready_to_add_display_authority","Missing code authority inferred from an active non-rollup LEAP mapping pair; review before adding."
"leap_combined_esto","All demand aggregated/Transport non road","Lubricants","esto_flow","15.01,15.03-15.06 Transport non-road","Transport non road","sector","Transport non road","ready_to_add_display_authority","Missing code authority inferred from an active non-rollup LEAP mapping pair; review before adding."
"leap_combined_esto","All demand aggregated/Transport non road","Motor gasoline","esto_flow","15.01,15.03-15.06 Transport non-road","Transport non road","sector","Transport non road","ready_to_add_display_authority","Missing code authority inferred from an active non-rollup LEAP mapping pair; review before adding."
"leap_combined_esto","All demand aggregated/Transport non road","Natural gas","esto_flow","15.01,15.03-15.06 Transport non-road","Transport non road","sector","Transport non road","ready_to_add_display_authority","Missing code authority inferred from an active non-rollup LEAP mapping pair; review before adding."
"leap_combined_esto","All demand aggregated/Transport non road","Other bituminous coal","esto_flow","15.01,15.03-15.06 Transport non-road","Transport non road","sector","Transport non road","ready_to_add_display_authority","Missing code authority inferred from an active non-rollup LEAP mapping pair; review before adding."
"leap_combined_esto","All demand aggregated/Transport non road","Other products","esto_flow","15.01,15.03-15.06 Transport non-road","Transport non road","sector","Transport non road","ready_to_add_display_authority","Missing code authority inferred from an active non-rollup LEAP mapping pair; review before adding."
"leap_combined_esto","All demand aggregated/Transport non road","PetProd nonspecified","esto_flow","15.01,15.03-15.06 Transport non-road","Transport non road","sector","Transport non road","ready_to_add_display_authority","Missing code authority inferred from an active non-rollup LEAP mapping pair; review before adding."
"leap_combined_esto","Transport non road","Ammonia","esto_flow","15.01,15.03-15.06 Transport non-road","Transport non road","sector","Transport non road","ready_to_add_display_authority","Missing code authority inferred from an active non-rollup LEAP mapping pair; review before adding."
"leap_combined_esto","Transport non road","Aviation gasoline","esto_flow","15.01,15.03-15.06 Transport non-road","Transport non road","sector","Transport non road","ready_to_add_display_authority","Missing code authority inferred from an active non-rollup LEAP mapping pair; review before adding."
"leap_combined_esto","Transport non road","Bio jet kerosene","esto_flow","15.01,15.03-15.06 Transport non-road","Transport non road","sector","Transport non road","ready_to_add_display_authority","Missing code authority inferred from an active non-rollup LEAP mapping pair; review before adding."
"leap_combined_esto","Transport non road","Biodiesel","esto_flow","15.01,15.03-15.06 Transport non-road","Transport non road","sector","Transport non road","ready_to_add_display_authority","Missing code authority inferred from an active non-rollup LEAP mapping pair; review before adding."
"leap_combined_esto","Transport non road","Biogasoline","esto_flow","15.01,15.03-15.06 Transport non-road","Transport non road","sector","Transport non road","ready_to_add_display_authority","Missing code authority inferred from an active non-rollup LEAP mapping pair; review before adding."
"leap_combined_esto","Transport non road","Coal tar","esto_flow","15.01,15.03-15.06 Transport non-road","Transport non road","sector","Transport non road","ready_to_add_display_authority","Missing code authority inferred from an active non-rollup LEAP mapping pair; review before adding."
"leap_combined_esto","Transport non road","Coke oven coke","esto_flow","15.01,15.03-15.06 Transport non-road","Transport non road","sector","Transport non road","ready_to_add_display_authority","Missing code authority inferred from an active non-rollup LEAP mapping pair; review before adding."
"leap_combined_esto","Transport non road","Efuel","esto_flow","15.01,15.03-15.06 Transport non-road","Transport non road","sector","Transport non road","ready_to_add_display_authority","Missing code authority inferred from an active non-rollup LEAP mapping pair; review before adding."
"leap_combined_esto","Transport non road","Electricity","esto_flow","15.01,15.03-15.06 Transport non-road","Transport non road","sector","Transport non road","ready_to_add_display_authority","Missing code authority inferred from an active non-rollup LEAP mapping pair; review before adding."
"leap_combined_esto","Transport non road","Fuel oil","esto_flow","15.01,15.03-15.06 Transport non-road","Transport non road","sector","Transport non road","ready_to_add_display_authority","Missing code authority inferred from an active non-rollup LEAP mapping pair; review before adding."
"leap_combined_esto","Transport non road","Gas and diesel oil","esto_flow","15.01,15.03-15.06 Transport non-road","Transport non road","sector","Transport non road","ready_to_add_display_authority","Missing code authority inferred from an active non-rollup LEAP mapping pair; review before adding."
"leap_combined_esto","Transport non road","Hydrogen","esto_flow","15.01,15.03-15.06 Transport non-road","Transport non road","sector","Transport non road","ready_to_add_display_authority","Missing code authority inferred from an active non-rollup LEAP mapping pair; review before adding."
"leap_combined_esto","Transport non road","Kerosene","esto_flow","15.01,15.03-15.06 Transport non-road","Transport non road","sector","Transport non road","ready_to_add_display_authority","Missing code authority inferred from an active non-rollup LEAP mapping pair; review before adding."
"leap_combined_esto","Transport non road","Kerosene type jet fuel","esto_flow","15.01,15.03-15.06 Transport non-road","Transport non road","sector","Transport non road","ready_to_add_display_authority","Missing code authority inferred from an active non-rollup LEAP mapping pair; review before adding."
"leap_combined_esto","Transport non road","LNG","esto_flow","15.01,15.03-15.06 Transport non-road","Transport non road","sector","Transport non road","ready_to_add_display_authority","Missing code authority inferred from an active non-rollup LEAP mapping pair; review before adding."
"leap_combined_esto","Transport non road","LPG","esto_flow","15.01,15.03-15.06 Transport non-road","Transport non road","sector","Transport non road","ready_to_add_display_authority","Missing code authority inferred from an active non-rollup LEAP mapping pair; review before adding."
"leap_combined_esto","Transport non road","Lubricants","esto_flow","15.01,15.03-15.06 Transport non-road","Transport non road","sector","Transport non road","ready_to_add_display_authority","Missing code authority inferred from an active non-rollup LEAP mapping pair; review before adding."
"leap_combined_esto","Transport non road","Motor gasoline","esto_flow","15.01,15.03-15.06 Transport non-road","Transport non road","sector","Transport non road","ready_to_add_display_authority","Missing code authority inferred from an active non-rollup LEAP mapping pair; review before adding."
"leap_combined_esto","Transport non road","Natural gas","esto_flow","15.01,15.03-15.06 Transport non-road","Transport non road","sector","Transport non road","ready_to_add_display_authority","Missing code authority inferred from an active non-rollup LEAP mapping pair; review before adding."
"leap_combined_esto","Transport non road","Other bituminous coal","esto_flow","15.01,15.03-15.06 Transport non-road","Transport non road","sector","Transport non road","ready_to_add_display_authority","Missing code authority inferred from an active non-rollup LEAP mapping pair; review before adding."
"leap_combined_esto","Transport non road","Other products","esto_flow","15.01,15.03-15.06 Transport non-road","Transport non road","sector","Transport non road","ready_to_add_display_authority","Missing code authority inferred from an active non-rollup LEAP mapping pair; review before adding."
"leap_combined_esto","Freight road","Biodiesel","esto_flow","15.02.01 Freight road","Freight road","sector","Freight road","ready_to_add_display_authority","Missing code authority inferred from an active non-rollup LEAP mapping pair; review before adding."
"leap_combined_esto","Freight road","Biogas","esto_flow","15.02.01 Freight road","Freight road","sector","Freight road","ready_to_add_display_authority","Missing code authority inferred from an active non-rollup LEAP mapping pair; review before adding."
"leap_combined_esto","Freight road","Biogasoline","esto_flow","15.02.01 Freight road","Freight road","sector","Freight road","ready_to_add_display_authority","Missing code authority inferred from an active non-rollup LEAP mapping pair; review before adding."
"leap_combined_esto","Freight road","Efuel","esto_flow","15.02.01 Freight road","Freight road","sector","Freight road","ready_to_add_display_authority","Missing code authority inferred from an active non-rollup LEAP mapping pair; review before adding."
"leap_combined_esto","Freight road","Electricity","esto_flow","15.02.01 Freight road","Freight road","sector","Freight road","ready_to_add_display_authority","Missing code authority inferred from an active non-rollup LEAP mapping pair; review before adding."
"leap_combined_esto","Freight road","Gas and diesel oil","esto_flow","15.02.01 Freight road","Freight road","sector","Freight road","ready_to_add_display_authority","Missing code authority inferred from an active non-rollup LEAP mapping pair; review before adding."
"leap_combined_esto","Freight road","Hydrogen","esto_flow","15.02.01 Freight road","Freight road","sector","Freight road","ready_to_add_display_authority","Missing code authority inferred from an active non-rollup LEAP mapping pair; review before adding."
"leap_combined_esto","Freight road","LPG","esto_flow","15.02.01 Freight road","Freight road","sector","Freight road","ready_to_add_display_authority","Missing code authority inferred from an active non-rollup LEAP mapping pair; review before adding."
"leap_combined_esto","Freight road","Motor gasoline","esto_flow","15.02.01 Freight road","Freight road","sector","Freight road","ready_to_add_display_authority","Missing code authority inferred from an active non-rollup LEAP mapping pair; review before adding."
"leap_combined_esto","Freight road","Natural gas","esto_flow","15.02.01 Freight road","Freight road","sector","Freight road","ready_to_add_display_authority","Missing code authority inferred from an active non-rollup LEAP mapping pair; review before adding."
"leap_combined_esto","Freight road/LCVs","Biodiesel","esto_flow","15.02.01.01 LCVs","LCVs","sector","LCVs","ready_to_add_display_authority","Missing code authority inferred from an active non-rollup LEAP mapping pair; review before adding."
"leap_combined_esto","Freight road/LCVs","Biogas","esto_flow","15.02.01.01 LCVs","LCVs","sector","LCVs","ready_to_add_display_authority","Missing code authority inferred from an active non-rollup LEAP mapping pair; review before adding."
"leap_combined_esto","Freight road/LCVs","Biogasoline","esto_flow","15.02.01.01 LCVs","LCVs","sector","LCVs","ready_to_add_display_authority","Missing code authority inferred from an active non-rollup LEAP mapping pair; review before adding."
"leap_combined_esto","Freight road/LCVs","Efuel","esto_flow","15.02.01.01 LCVs","LCVs","sector","LCVs","ready_to_add_display_authority","Missing code authority inferred from an active non-rollup LEAP mapping pair; review before adding."
"leap_combined_esto","Freight road/LCVs","Electricity","esto_flow","15.02.01.01 LCVs","LCVs","sector","LCVs","ready_to_add_display_authority","Missing code authority inferred from an active non-rollup LEAP mapping pair; review before adding."
"leap_combined_esto","Freight road/LCVs","Gas and diesel oil","esto_flow","15.02.01.01 LCVs","LCVs","sector","LCVs","ready_to_add_display_authority","Missing code authority inferred from an active non-rollup LEAP mapping pair; review before adding."
"leap_combined_esto","Freight road/LCVs","LPG","esto_flow","15.02.01.01 LCVs","LCVs","sector","LCVs","ready_to_add_display_authority","Missing code authority inferred from an active non-rollup LEAP mapping pair; review before adding."
"leap_combined_esto","Freight road/LCVs","Motor gasoline","esto_flow","15.02.01.01 LCVs","LCVs","sector","LCVs","ready_to_add_display_authority","Missing code authority inferred from an active non-rollup LEAP mapping pair; review before adding."
"leap_combined_esto","Freight road/LCVs","Natural gas","esto_flow","15.02.01.01 LCVs","LCVs","sector","LCVs","ready_to_add_display_authority","Missing code authority inferred from an active non-rollup LEAP mapping pair; review before adding."
"leap_combined_esto","Freight road/LCVs/BEV","Electricity","esto_flow","15.02.01.01.01 BEV","BEV","sector","BEV","ready_to_add_display_authority","Missing code authority inferred from an active non-rollup LEAP mapping pair; review before adding."
"leap_combined_esto","Freight road/LCVs/ICE","Biodiesel","esto_flow","15.02.01.01.02 ICE","ICE","sector","ICE","ready_to_add_display_authority","Missing code authority inferred from an active non-rollup LEAP mapping pair; review before adding."
"leap_combined_esto","Freight road/LCVs/ICE","Biogas","esto_flow","15.02.01.01.02 ICE","ICE","sector","ICE","ready_to_add_display_authority","Missing code authority inferred from an active non-rollup LEAP mapping pair; review before adding."
"leap_combined_esto","Freight road/LCVs/ICE","Biogasoline","esto_flow","15.02.01.01.02 ICE","ICE","sector","ICE","ready_to_add_display_authority","Missing code authority inferred from an active non-rollup LEAP mapping pair; review before adding."
"leap_combined_esto","Freight road/LCVs/ICE","Efuel","esto_flow","15.02.01.01.02 ICE","ICE","sector","ICE","ready_to_add_display_authority","Missing code authority inferred from an active non-rollup LEAP mapping pair; review before adding."
"leap_combined_esto","Freight road/LCVs/ICE","Gas and diesel oil","esto_flow","15.02.01.01.02 ICE","ICE","sector","ICE","ready_to_add_display_authority","Missing code authority inferred from an active non-rollup LEAP mapping pair; review before adding."
"leap_combined_esto","Freight road/LCVs/ICE","LPG","esto_flow","15.02.01.01.02 ICE","ICE","sector","ICE","ready_to_add_display_authority","Missing code authority inferred from an active non-rollup LEAP mapping pair; review before adding."
"leap_combined_esto","Freight road/LCVs/ICE","Motor gasoline","esto_flow","15.02.01.01.02 ICE","ICE","sector","ICE","ready_to_add_display_authority","Missing code authority inferred from an active non-rollup LEAP mapping pair; review before adding."
"leap_combined_esto","Freight road/LCVs/ICE","Natural gas","esto_flow","15.02.01.01.02 ICE","ICE","sector","ICE","ready_to_add_display_authority","Missing code authority inferred from an active non-rollup LEAP mapping pair; review before adding."
"leap_combined_esto","Freight road/LCVs/PHEV","Biogasoline","esto_flow","15.02.01.01.03 PHEV","PHEV","sector","PHEV","ready_to_add_display_authority","Missing code authority inferred from an active non-rollup LEAP mapping pair; review before adding."
"leap_combined_esto","Freight road/LCVs/PHEV","Efuel","esto_flow","15.02.01.01.03 PHEV","PHEV","sector","PHEV","ready_to_add_display_authority","Missing code authority inferred from an active non-rollup LEAP mapping pair; review before adding."
"leap_combined_esto","Freight road/LCVs/PHEV","Electricity","esto_flow","15.02.01.01.03 PHEV","PHEV","sector","PHEV","ready_to_add_display_authority","Missing code authority inferred from an active non-rollup LEAP mapping pair; review before adding."
"leap_combined_esto","Freight road/LCVs/PHEV","Motor gasoline","esto_flow","15.02.01.01.03 PHEV","PHEV","sector","PHEV","ready_to_add_display_authority","Missing code authority inferred from an active non-rollup LEAP mapping pair; review before adding."
"leap_combined_esto","Freight road/Trucks","Biodiesel","esto_flow","15.02.01.02 Trucks","Trucks","sector","Trucks","ready_to_add_display_authority","Missing code authority inferred from an active non-rollup LEAP mapping pair; review before adding."
"leap_combined_esto","Freight road/Trucks","Biogas","esto_flow","15.02.01.02 Trucks","Trucks","sector","Trucks","ready_to_add_display_authority","Missing code authority inferred from an active non-rollup LEAP mapping pair; review before adding."
"leap_combined_esto","Freight road/Trucks","Biogasoline","esto_flow","15.02.01.02 Trucks","Trucks","sector","Trucks","ready_to_add_display_authority","Missing code authority inferred from an active non-rollup LEAP mapping pair; review before adding."
"leap_combined_esto","Freight road/Trucks","Efuel","esto_flow","15.02.01.02 Trucks","Trucks","sector","Trucks","ready_to_add_display_authority","Missing code authority inferred from an active non-rollup LEAP mapping pair; review before adding."
"leap_combined_esto","Freight road/Trucks","Electricity","esto_flow","15.02.01.02 Trucks","Trucks","sector","Trucks","ready_to_add_display_authority","Missing code authority inferred from an active non-rollup LEAP mapping pair; review before adding."
"leap_combined_esto","Freight road/Trucks","Gas and diesel oil","esto_flow","15.02.01.02 Trucks","Trucks","sector","Trucks","ready_to_add_display_authority","Missing code authority inferred from an active non-rollup LEAP mapping pair; review before adding."
"leap_combined_esto","Freight road/Trucks","Hydrogen","esto_flow","15.02.01.02 Trucks","Trucks","sector","Trucks","ready_to_add_display_authority","Missing code authority inferred from an active non-rollup LEAP mapping pair; review before adding."
"leap_combined_esto","Freight road/Trucks","LPG","esto_flow","15.02.01.02 Trucks","Trucks","sector","Trucks","ready_to_add_display_authority","Missing code authority inferred from an active non-rollup LEAP mapping pair; review before adding."
"leap_combined_esto","Freight road/Trucks","Motor gasoline","esto_flow","15.02.01.02 Trucks","Trucks","sector","Trucks","ready_to_add_display_authority","Missing code authority inferred from an active non-rollup LEAP mapping pair; review before adding."
"leap_combined_esto","Freight road/Trucks","Natural gas","esto_flow","15.02.01.02 Trucks","Trucks","sector","Trucks","ready_to_add_display_authority","Missing code authority inferred from an active non-rollup LEAP mapping pair; review before adding."
"leap_combined_esto","Freight road/Trucks/BEV heavy","Electricity","esto_flow","15.02.01.02.01 BEV heavy","BEV heavy","sector","BEV heavy","ready_to_add_display_authority","Missing code authority inferred from an active non-rollup LEAP mapping pair; review before adding."
"leap_combined_esto","Freight road/Trucks/BEV medium","Electricity","esto_flow","15.02.01.02.02 BEV medium","BEV medium","sector","BEV medium","ready_to_add_display_authority","Missing code authority inferred from an active non-rollup LEAP mapping pair; review before adding."
"leap_combined_esto","Freight road/Trucks/FCEV heavy","Hydrogen","esto_flow","15.02.01.02.03 FCEV heavy","FCEV heavy","sector","FCEV heavy","ready_to_add_display_authority","Missing code authority inferred from an active non-rollup LEAP mapping pair; review before adding."
"leap_combined_esto","Freight road/Trucks/FCEV medium","Hydrogen","esto_flow","15.02.01.02.04 FCEV medium","FCEV medium","sector","FCEV medium","ready_to_add_display_authority","Missing code authority inferred from an active non-rollup LEAP mapping pair; review before adding."
"leap_combined_esto","Freight road/Trucks/ICE heavy","Biodiesel","esto_flow","15.02.01.02.05 ICE heavy","ICE heavy","sector","ICE heavy","ready_to_add_display_authority","Missing code authority inferred from an active non-rollup LEAP mapping pair; review before adding."
"leap_combined_esto","Freight road/Trucks/ICE heavy","Biogas","esto_flow","15.02.01.02.05 ICE heavy","ICE heavy","sector","ICE heavy","ready_to_add_display_authority","Missing code authority inferred from an active non-rollup LEAP mapping pair; review before adding."
"leap_combined_esto","Freight road/Trucks/ICE heavy","Biogasoline","esto_flow","15.02.01.02.05 ICE heavy","ICE heavy","sector","ICE heavy","ready_to_add_display_authority","Missing code authority inferred from an active non-rollup LEAP mapping pair; review before adding."
"leap_combined_esto","Freight road/Trucks/ICE heavy","Efuel","esto_flow","15.02.01.02.05 ICE heavy","ICE heavy","sector","ICE heavy","ready_to_add_display_authority","Missing code authority inferred from an active non-rollup LEAP mapping pair; review before adding."
"leap_combined_esto","Freight road/Trucks/ICE heavy","Gas and diesel oil","esto_flow","15.02.01.02.05 ICE heavy","ICE heavy","sector","ICE heavy","ready_to_add_display_authority","Missing code authority inferred from an active non-rollup LEAP mapping pair; review before adding."
"leap_combined_esto","Freight road/Trucks/ICE heavy","LPG","esto_flow","15.02.01.02.05 ICE heavy","ICE heavy","sector","ICE heavy","ready_to_add_display_authority","Missing code authority inferred from an active non-rollup LEAP mapping pair; review before adding."
"leap_combined_esto","Freight road/Trucks/ICE heavy","Motor gasoline","esto_flow","15.02.01.02.05 ICE heavy","ICE heavy","sector","ICE heavy","ready_to_add_display_authority","Missing code authority inferred from an active non-rollup LEAP mapping pair; review before adding."
"leap_combined_esto","Freight road/Trucks/ICE heavy","Natural gas","esto_flow","15.02.01.02.05 ICE heavy","ICE heavy","sector","ICE heavy","ready_to_add_display_authority","Missing code authority inferred from an active non-rollup LEAP mapping pair; review before adding."
"leap_combined_esto","Freight road/Trucks/ICE medium","Biodiesel","esto_flow","15.02.01.02.06 ICE medium","ICE medium","sector","ICE medium","ready_to_add_display_authority","Missing code authority inferred from an active non-rollup LEAP mapping pair; review before adding."
"leap_combined_esto","Freight road/Trucks/ICE medium","Biogas","esto_flow","15.02.01.02.06 ICE medium","ICE medium","sector","ICE medium","ready_to_add_display_authority","Missing code authority inferred from an active non-rollup LEAP mapping pair; review before adding."
"leap_combined_esto","Freight road/Trucks/ICE medium","Biogasoline","esto_flow","15.02.01.02.06 ICE medium","ICE medium","sector","ICE medium","ready_to_add_display_authority","Missing code authority inferred from an active non-rollup LEAP mapping pair; review before adding."
"leap_combined_esto","Freight road/Trucks/ICE medium","Efuel","esto_flow","15.02.01.02.06 ICE medium","ICE medium","sector","ICE medium","ready_to_add_display_authority","Missing code authority inferred from an active non-rollup LEAP mapping pair; review before adding."
"leap_combined_esto","Freight road/Trucks/ICE medium","Gas and diesel oil","esto_flow","15.02.01.02.06 ICE medium","ICE medium","sector","ICE medium","ready_to_add_display_authority","Missing code authority inferred from an active non-rollup LEAP mapping pair; review before adding."
"leap_combined_esto","Freight road/Trucks/ICE medium","LPG","esto_flow","15.02.01.02.06 ICE medium","ICE medium","sector","ICE medium","ready_to_add_display_authority","Missing code authority inferred from an active non-rollup LEAP mapping pair; review before adding."
"leap_combined_esto","Freight road/Trucks/ICE medium","Motor gasoline","esto_flow","15.02.01.02.06 ICE medium","ICE medium","sector","ICE medium","ready_to_add_display_authority","Missing code authority inferred from an active non-rollup LEAP mapping pair; review before adding."
"leap_combined_esto","Freight road/Trucks/ICE medium","Natural gas","esto_flow","15.02.01.02.06 ICE medium","ICE medium","sector","ICE medium","ready_to_add_display_authority","Missing code authority inferred from an active non-rollup LEAP mapping pair; review before adding."
"leap_combined_esto","Passenger road","Biodiesel","esto_flow","15.02.02 Passenger road","Passenger road","sector","Passenger road","ready_to_add_display_authority","Missing code authority inferred from an active non-rollup LEAP mapping pair; review before adding."
"leap_combined_esto","Passenger road","Biogas","esto_flow","15.02.02 Passenger road","Passenger road","sector","Passenger road","ready_to_add_display_authority","Missing code authority inferred from an active non-rollup LEAP mapping pair; review before adding."
"leap_combined_esto","Passenger road","Biogasoline","esto_flow","15.02.02 Passenger road","Passenger road","sector","Passenger road","ready_to_add_display_authority","Missing code authority inferred from an active non-rollup LEAP mapping pair; review before adding."
"leap_combined_esto","Passenger road","Efuel","esto_flow","15.02.02 Passenger road","Passenger road","sector","Passenger road","ready_to_add_display_authority","Missing code authority inferred from an active non-rollup LEAP mapping pair; review before adding."
"leap_combined_esto","Passenger road","Electricity","esto_flow","15.02.02 Passenger road","Passenger road","sector","Passenger road","ready_to_add_display_authority","Missing code authority inferred from an active non-rollup LEAP mapping pair; review before adding."
"leap_combined_esto","Passenger road","Gas and diesel oil","esto_flow","15.02.02 Passenger road","Passenger road","sector","Passenger road","ready_to_add_display_authority","Missing code authority inferred from an active non-rollup LEAP mapping pair; review before adding."
"leap_combined_esto","Passenger road","Hydrogen","esto_flow","15.02.02 Passenger road","Passenger road","sector","Passenger road","ready_to_add_display_authority","Missing code authority inferred from an active non-rollup LEAP mapping pair; review before adding."
"leap_combined_esto","Passenger road","LPG","esto_flow","15.02.02 Passenger road","Passenger road","sector","Passenger road","ready_to_add_display_authority","Missing code authority inferred from an active non-rollup LEAP mapping pair; review before adding."
"leap_combined_esto","Passenger road","Motor gasoline","esto_flow","15.02.02 Passenger road","Passenger road","sector","Passenger road","ready_to_add_display_authority","Missing code authority inferred from an active non-rollup LEAP mapping pair; review before adding."
"leap_combined_esto","Passenger road","Natural gas","esto_flow","15.02.02 Passenger road","Passenger road","sector","Passenger road","ready_to_add_display_authority","Missing code authority inferred from an active non-rollup LEAP mapping pair; review before adding."
"leap_combined_esto","Passenger road/Buses","Biodiesel","esto_flow","15.02.02.01 Buses","Buses","sector","Buses","ready_to_add_display_authority","Missing code authority inferred from an active non-rollup LEAP mapping pair; review before adding."
"leap_combined_esto","Passenger road/Buses","Biogas","esto_flow","15.02.02.01 Buses","Buses","sector","Buses","ready_to_add_display_authority","Missing code authority inferred from an active non-rollup LEAP mapping pair; review before adding."
"leap_combined_esto","Passenger road/Buses","Biogasoline","esto_flow","15.02.02.01 Buses","Buses","sector","Buses","ready_to_add_display_authority","Missing code authority inferred from an active non-rollup LEAP mapping pair; review before adding."
"leap_combined_esto","Passenger road/Buses","Efuel","esto_flow","15.02.02.01 Buses","Buses","sector","Buses","ready_to_add_display_authority","Missing code authority inferred from an active non-rollup LEAP mapping pair; review before adding."
"leap_combined_esto","Passenger road/Buses","Electricity","esto_flow","15.02.02.01 Buses","Buses","sector","Buses","ready_to_add_display_authority","Missing code authority inferred from an active non-rollup LEAP mapping pair; review before adding."
"leap_combined_esto","Passenger road/Buses","Gas and diesel oil","esto_flow","15.02.02.01 Buses","Buses","sector","Buses","ready_to_add_display_authority","Missing code authority inferred from an active non-rollup LEAP mapping pair; review before adding."
"leap_combined_esto","Passenger road/Buses","Hydrogen","esto_flow","15.02.02.01 Buses","Buses","sector","Buses","ready_to_add_display_authority","Missing code authority inferred from an active non-rollup LEAP mapping pair; review before adding."
"leap_combined_esto","Passenger road/Buses","LPG","esto_flow","15.02.02.01 Buses","Buses","sector","Buses","ready_to_add_display_authority","Missing code authority inferred from an active non-rollup LEAP mapping pair; review before adding."
"leap_combined_esto","Passenger road/Buses","Motor gasoline","esto_flow","15.02.02.01 Buses","Buses","sector","Buses","ready_to_add_display_authority","Missing code authority inferred from an active non-rollup LEAP mapping pair; review before adding."
"leap_combined_esto","Passenger road/Buses","Natural gas","esto_flow","15.02.02.01 Buses","Buses","sector","Buses","ready_to_add_display_authority","Missing code authority inferred from an active non-rollup LEAP mapping pair; review before adding."
"leap_combined_esto","Passenger road/Buses/BEV","Electricity","esto_flow","15.02.02.01.01 BEV","BEV","sector","BEV","ready_to_add_display_authority","Missing code authority inferred from an active non-rollup LEAP mapping pair; review before adding."
"leap_combined_esto","Passenger road/Buses/FCEV","Hydrogen","esto_flow","15.02.02.01.02 FCEV","FCEV","sector","FCEV","ready_to_add_display_authority","Missing code authority inferred from an active non-rollup LEAP mapping pair; review before adding."
"leap_combined_esto","Passenger road/Buses/ICE","Biodiesel","esto_flow","15.02.02.01.03 ICE","ICE","sector","ICE","ready_to_add_display_authority","Missing code authority inferred from an active non-rollup LEAP mapping pair; review before adding."
"leap_combined_esto","Passenger road/Buses/ICE","Biogas","esto_flow","15.02.02.01.03 ICE","ICE","sector","ICE","ready_to_add_display_authority","Missing code authority inferred from an active non-rollup LEAP mapping pair; review before adding."
"leap_combined_esto","Passenger road/Buses/ICE","Biogasoline","esto_flow","15.02.02.01.03 ICE","ICE","sector","ICE","ready_to_add_display_authority","Missing code authority inferred from an active non-rollup LEAP mapping pair; review before adding."
"leap_combined_esto","Passenger road/Buses/ICE","Efuel","esto_flow","15.02.02.01.03 ICE","ICE","sector","ICE","ready_to_add_display_authority","Missing code authority inferred from an active non-rollup LEAP mapping pair; review before adding."
"leap_combined_esto","Passenger road/Buses/ICE","Gas and diesel oil","esto_flow","15.02.02.01.03 ICE","ICE","sector","ICE","ready_to_add_display_authority","Missing code authority inferred from an active non-rollup LEAP mapping pair; review before adding."
"leap_combined_esto","Passenger road/Buses/ICE","LPG","esto_flow","15.02.02.01.03 ICE","ICE","sector","ICE","ready_to_add_display_authority","Missing code authority inferred from an active non-rollup LEAP mapping pair; review before adding."
"leap_combined_esto","Passenger road/Buses/ICE","Motor gasoline","esto_flow","15.02.02.01.03 ICE","ICE","sector","ICE","ready_to_add_display_authority","Missing code authority inferred from an active non-rollup LEAP mapping pair; review before adding."
"leap_combined_esto","Passenger road/Buses/ICE","Natural gas","esto_flow","15.02.02.01.03 ICE","ICE","sector","ICE","ready_to_add_display_authority","Missing code authority inferred from an active non-rollup LEAP mapping pair; review before adding."
"leap_combined_esto","Passenger road/LPVs","Biodiesel","esto_flow","15.02.02.02 LPVs","LPVs","sector","LPVs","ready_to_add_display_authority","Missing code authority inferred from an active non-rollup LEAP mapping pair; review before adding."
"leap_combined_esto","Passenger road/LPVs","Biogas","esto_flow","15.02.02.02 LPVs","LPVs","sector","LPVs","ready_to_add_display_authority","Missing code authority inferred from an active non-rollup LEAP mapping pair; review before adding."
"leap_combined_esto","Passenger road/LPVs","Biogasoline","esto_flow","15.02.02.02 LPVs","LPVs","sector","LPVs","ready_to_add_display_authority","Missing code authority inferred from an active non-rollup LEAP mapping pair; review before adding."
"leap_combined_esto","Passenger road/LPVs","Efuel","esto_flow","15.02.02.02 LPVs","LPVs","sector","LPVs","ready_to_add_display_authority","Missing code authority inferred from an active non-rollup LEAP mapping pair; review before adding."
"leap_combined_esto","Passenger road/LPVs","Electricity","esto_flow","15.02.02.02 LPVs","LPVs","sector","LPVs","ready_to_add_display_authority","Missing code authority inferred from an active non-rollup LEAP mapping pair; review before adding."
"leap_combined_esto","Passenger road/LPVs","Gas and diesel oil","esto_flow","15.02.02.02 LPVs","LPVs","sector","LPVs","ready_to_add_display_authority","Missing code authority inferred from an active non-rollup LEAP mapping pair; review before adding."
"leap_combined_esto","Passenger road/LPVs","LPG","esto_flow","15.02.02.02 LPVs","LPVs","sector","LPVs","ready_to_add_display_authority","Missing code authority inferred from an active non-rollup LEAP mapping pair; review before adding."
"leap_combined_esto","Passenger road/LPVs","Motor gasoline","esto_flow","15.02.02.02 LPVs","LPVs","sector","LPVs","ready_to_add_display_authority","Missing code authority inferred from an active non-rollup LEAP mapping pair; review before adding."
"leap_combined_esto","Passenger road/LPVs","Natural gas","esto_flow","15.02.02.02 LPVs","LPVs","sector","LPVs","ready_to_add_display_authority","Missing code authority inferred from an active non-rollup LEAP mapping pair; review before adding."
"leap_combined_esto","Passenger road/LPVs/BEV large","Electricity","esto_flow","15.02.02.02.01 BEV large","BEV large","sector","BEV large","ready_to_add_display_authority","Missing code authority inferred from an active non-rollup LEAP mapping pair; review before adding."
"leap_combined_esto","Passenger road/LPVs/BEV medium","Electricity","esto_flow","15.02.02.02.02 BEV medium","BEV medium","sector","BEV medium","ready_to_add_display_authority","Missing code authority inferred from an active non-rollup LEAP mapping pair; review before adding."
"leap_combined_esto","Passenger road/LPVs/BEV small","Electricity","esto_flow","15.02.02.02.03 BEV small","BEV small","sector","BEV small","ready_to_add_display_authority","Missing code authority inferred from an active non-rollup LEAP mapping pair; review before adding."
"leap_combined_esto","Passenger road/LPVs/EREV large","Biogasoline","esto_flow","15.02.02.02.04 EREV large","EREV large","sector","EREV large","ready_to_add_display_authority","Missing code authority inferred from an active non-rollup LEAP mapping pair; review before adding."
"leap_combined_esto","Passenger road/LPVs/EREV large","Efuel","esto_flow","15.02.02.02.04 EREV large","EREV large","sector","EREV large","ready_to_add_display_authority","Missing code authority inferred from an active non-rollup LEAP mapping pair; review before adding."
"leap_combined_esto","Passenger road/LPVs/EREV large","Electricity","esto_flow","15.02.02.02.04 EREV large","EREV large","sector","EREV large","ready_to_add_display_authority","Missing code authority inferred from an active non-rollup LEAP mapping pair; review before adding."
"leap_combined_esto","Passenger road/LPVs/EREV large","Motor gasoline","esto_flow","15.02.02.02.04 EREV large","EREV large","sector","EREV large","ready_to_add_display_authority","Missing code authority inferred from an active non-rollup LEAP mapping pair; review before adding."
"leap_combined_esto","Passenger road/LPVs/EREV medium","Biogasoline","esto_flow","15.02.02.02.05 EREV medium","EREV medium","sector","EREV medium","ready_to_add_display_authority","Missing code authority inferred from an active non-rollup LEAP mapping pair; review before adding."
"leap_combined_esto","Passenger road/LPVs/EREV medium","Efuel","esto_flow","15.02.02.02.05 EREV medium","EREV medium","sector","EREV medium","ready_to_add_display_authority","Missing code authority inferred from an active non-rollup LEAP mapping pair; review before adding."
"leap_combined_esto","Passenger road/LPVs/EREV medium","Electricity","esto_flow","15.02.02.02.05 EREV medium","EREV medium","sector","EREV medium","ready_to_add_display_authority","Missing code authority inferred from an active non-rollup LEAP mapping pair; review before adding."
"leap_combined_esto","Passenger road/LPVs/EREV medium","Motor gasoline","esto_flow","15.02.02.02.05 EREV medium","EREV medium","sector","EREV medium","ready_to_add_display_authority","Missing code authority inferred from an active non-rollup LEAP mapping pair; review before adding."
"leap_combined_esto","Passenger road/LPVs/EREV small","Biogasoline","esto_flow","15.02.02.02.06 EREV small","EREV small","sector","EREV small","ready_to_add_display_authority","Missing code authority inferred from an active non-rollup LEAP mapping pair; review before adding."
"leap_combined_esto","Passenger road/LPVs/EREV small","Efuel","esto_flow","15.02.02.02.06 EREV small","EREV small","sector","EREV small","ready_to_add_display_authority","Missing code authority inferred from an active non-rollup LEAP mapping pair; review before adding."
"leap_combined_esto","Passenger road/LPVs/EREV small","Electricity","esto_flow","15.02.02.02.06 EREV small","EREV small","sector","EREV small","ready_to_add_display_authority","Missing code authority inferred from an active non-rollup LEAP mapping pair; review before adding."
"leap_combined_esto","Passenger road/LPVs/EREV small","Motor gasoline","esto_flow","15.02.02.02.06 EREV small","EREV small","sector","EREV small","ready_to_add_display_authority","Missing code authority inferred from an active non-rollup LEAP mapping pair; review before adding."
"leap_combined_esto","Passenger road/LPVs/HEV large","Biodiesel","esto_flow","15.02.02.02.07 HEV large","HEV large","sector","HEV large","ready_to_add_display_authority","Missing code authority inferred from an active non-rollup LEAP mapping pair; review before adding."
"leap_combined_esto","Passenger road/LPVs/HEV large","Biogasoline","esto_flow","15.02.02.02.07 HEV large","HEV large","sector","HEV large","ready_to_add_display_authority","Missing code authority inferred from an active non-rollup LEAP mapping pair; review before adding."
"leap_combined_esto","Passenger road/LPVs/HEV large","Efuel","esto_flow","15.02.02.02.07 HEV large","HEV large","sector","HEV large","ready_to_add_display_authority","Missing code authority inferred from an active non-rollup LEAP mapping pair; review before adding."
"leap_combined_esto","Passenger road/LPVs/HEV large","Gas and diesel oil","esto_flow","15.02.02.02.07 HEV large","HEV large","sector","HEV large","ready_to_add_display_authority","Missing code authority inferred from an active non-rollup LEAP mapping pair; review before adding."
"leap_combined_esto","Passenger road/LPVs/HEV large","Motor gasoline","esto_flow","15.02.02.02.07 HEV large","HEV large","sector","HEV large","ready_to_add_display_authority","Missing code authority inferred from an active non-rollup LEAP mapping pair; review before adding."
"leap_combined_esto","Passenger road/LPVs/HEV medium","Biodiesel","esto_flow","15.02.02.02.08 HEV medium","HEV medium","sector","HEV medium","ready_to_add_display_authority","Missing code authority inferred from an active non-rollup LEAP mapping pair; review before adding."
"leap_combined_esto","Passenger road/LPVs/HEV medium","Biogasoline","esto_flow","15.02.02.02.08 HEV medium","HEV medium","sector","HEV medium","ready_to_add_display_authority","Missing code authority inferred from an active non-rollup LEAP mapping pair; review before adding."
"leap_combined_esto","Passenger road/LPVs/HEV medium","Efuel","esto_flow","15.02.02.02.08 HEV medium","HEV medium","sector","HEV medium","ready_to_add_display_authority","Missing code authority inferred from an active non-rollup LEAP mapping pair; review before adding."
"leap_combined_esto","Passenger road/LPVs/HEV medium","Gas and diesel oil","esto_flow","15.02.02.02.08 HEV medium","HEV medium","sector","HEV medium","ready_to_add_display_authority","Missing code authority inferred from an active non-rollup LEAP mapping pair; review before adding."
"leap_combined_esto","Passenger road/LPVs/HEV medium","Motor gasoline","esto_flow","15.02.02.02.08 HEV medium","HEV medium","sector","HEV medium","ready_to_add_display_authority","Missing code authority inferred from an active non-rollup LEAP mapping pair; review before adding."
"leap_combined_esto","Passenger road/LPVs/HEV small","Biodiesel","esto_flow","15.02.02.02.09 HEV small","HEV small","sector","HEV small","ready_to_add_display_authority","Missing code authority inferred from an active non-rollup LEAP mapping pair; review before adding."
"leap_combined_esto","Passenger road/LPVs/HEV small","Biogasoline","esto_flow","15.02.02.02.09 HEV small","HEV small","sector","HEV small","ready_to_add_display_authority","Missing code authority inferred from an active non-rollup LEAP mapping pair; review before adding."
"leap_combined_esto","Passenger road/LPVs/HEV small","Efuel","esto_flow","15.02.02.02.09 HEV small","HEV small","sector","HEV small","ready_to_add_display_authority","Missing code authority inferred from an active non-rollup LEAP mapping pair; review before adding."
"leap_combined_esto","Passenger road/LPVs/HEV small","Gas and diesel oil","esto_flow","15.02.02.02.09 HEV small","HEV small","sector","HEV small","ready_to_add_display_authority","Missing code authority inferred from an active non-rollup LEAP mapping pair; review before adding."
"leap_combined_esto","Passenger road/LPVs/HEV small","Motor gasoline","esto_flow","15.02.02.02.09 HEV small","HEV small","sector","HEV small","ready_to_add_display_authority","Missing code authority inferred from an active non-rollup LEAP mapping pair; review before adding."
"leap_combined_esto","Passenger road/LPVs/ICE large","Biodiesel","esto_flow","15.02.02.02.10 ICE large","ICE large","sector","ICE large","ready_to_add_display_authority","Missing code authority inferred from an active non-rollup LEAP mapping pair; review before adding."
"leap_combined_esto","Passenger road/LPVs/ICE large","Biogas","esto_flow","15.02.02.02.10 ICE large","ICE large","sector","ICE large","ready_to_add_display_authority","Missing code authority inferred from an active non-rollup LEAP mapping pair; review before adding."
"leap_combined_esto","Passenger road/LPVs/ICE large","Biogasoline","esto_flow","15.02.02.02.10 ICE large","ICE large","sector","ICE large","ready_to_add_display_authority","Missing code authority inferred from an active non-rollup LEAP mapping pair; review before adding."
"leap_combined_esto","Passenger road/LPVs/ICE large","Efuel","esto_flow","15.02.02.02.10 ICE large","ICE large","sector","ICE large","ready_to_add_display_authority","Missing code authority inferred from an active non-rollup LEAP mapping pair; review before adding."
"leap_combined_esto","Passenger road/LPVs/ICE large","Gas and diesel oil","esto_flow","15.02.02.02.10 ICE large","ICE large","sector","ICE large","ready_to_add_display_authority","Missing code authority inferred from an active non-rollup LEAP mapping pair; review before adding."
"leap_combined_esto","Passenger road/LPVs/ICE large","LPG","esto_flow","15.02.02.02.10 ICE large","ICE large","sector","ICE large","ready_to_add_display_authority","Missing code authority inferred from an active non-rollup LEAP mapping pair; review before adding."
"leap_combined_esto","Passenger road/LPVs/ICE large","Motor gasoline","esto_flow","15.02.02.02.10 ICE large","ICE large","sector","ICE large","ready_to_add_display_authority","Missing code authority inferred from an active non-rollup LEAP mapping pair; review before adding."
"leap_combined_esto","Passenger road/LPVs/ICE large","Natural gas","esto_flow","15.02.02.02.10 ICE large","ICE large","sector","ICE large","ready_to_add_display_authority","Missing code authority inferred from an active non-rollup LEAP mapping pair; review before adding."
"leap_combined_esto","Passenger road/LPVs/ICE medium","Biodiesel","esto_flow","15.02.02.02.11 ICE medium","ICE medium","sector","ICE medium","ready_to_add_display_authority","Missing code authority inferred from an active non-rollup LEAP mapping pair; review before adding."
"leap_combined_esto","Passenger road/LPVs/ICE medium","Biogas","esto_flow","15.02.02.02.11 ICE medium","ICE medium","sector","ICE medium","ready_to_add_display_authority","Missing code authority inferred from an active non-rollup LEAP mapping pair; review before adding."
"leap_combined_esto","Passenger road/LPVs/ICE medium","Biogasoline","esto_flow","15.02.02.02.11 ICE medium","ICE medium","sector","ICE medium","ready_to_add_display_authority","Missing code authority inferred from an active non-rollup LEAP mapping pair; review before adding."
"leap_combined_esto","Passenger road/LPVs/ICE medium","Efuel","esto_flow","15.02.02.02.11 ICE medium","ICE medium","sector","ICE medium","ready_to_add_display_authority","Missing code authority inferred from an active non-rollup LEAP mapping pair; review before adding."
"leap_combined_esto","Passenger road/LPVs/ICE medium","Gas and diesel oil","esto_flow","15.02.02.02.11 ICE medium","ICE medium","sector","ICE medium","ready_to_add_display_authority","Missing code authority inferred from an active non-rollup LEAP mapping pair; review before adding."
"leap_combined_esto","Passenger road/LPVs/ICE medium","LPG","esto_flow","15.02.02.02.11 ICE medium","ICE medium","sector","ICE medium","ready_to_add_display_authority","Missing code authority inferred from an active non-rollup LEAP mapping pair; review before adding."
"leap_combined_esto","Passenger road/LPVs/ICE medium","Motor gasoline","esto_flow","15.02.02.02.11 ICE medium","ICE medium","sector","ICE medium","ready_to_add_display_authority","Missing code authority inferred from an active non-rollup LEAP mapping pair; review before adding."
"leap_combined_esto","Passenger road/LPVs/ICE medium","Natural gas","esto_flow","15.02.02.02.11 ICE medium","ICE medium","sector","ICE medium","ready_to_add_display_authority","Missing code authority inferred from an active non-rollup LEAP mapping pair; review before adding."
"leap_combined_esto","Passenger road/LPVs/ICE small","Biodiesel","esto_flow","15.02.02.02.12 ICE small","ICE small","sector","ICE small","ready_to_add_display_authority","Missing code authority inferred from an active non-rollup LEAP mapping pair; review before adding."
"leap_combined_esto","Passenger road/LPVs/ICE small","Biogasoline","esto_flow","15.02.02.02.12 ICE small","ICE small","sector","ICE small","ready_to_add_display_authority","Missing code authority inferred from an active non-rollup LEAP mapping pair; review before adding."
"leap_combined_esto","Passenger road/LPVs/ICE small","Efuel","esto_flow","15.02.02.02.12 ICE small","ICE small","sector","ICE small","ready_to_add_display_authority","Missing code authority inferred from an active non-rollup LEAP mapping pair; review before adding."
"leap_combined_esto","Passenger road/LPVs/ICE small","Gas and diesel oil","esto_flow","15.02.02.02.12 ICE small","ICE small","sector","ICE small","ready_to_add_display_authority","Missing code authority inferred from an active non-rollup LEAP mapping pair; review before adding."
"leap_combined_esto","Passenger road/LPVs/ICE small","Motor gasoline","esto_flow","15.02.02.02.12 ICE small","ICE small","sector","ICE small","ready_to_add_display_authority","Missing code authority inferred from an active non-rollup LEAP mapping pair; review before adding."
"leap_combined_esto","Passenger road/LPVs/PHEV large","Biogasoline","esto_flow","15.02.02.02.13 PHEV large","PHEV large","sector","PHEV large","ready_to_add_display_authority","Missing code authority inferred from an active non-rollup LEAP mapping pair; review before adding."
"leap_combined_esto","Passenger road/LPVs/PHEV large","Efuel","esto_flow","15.02.02.02.13 PHEV large","PHEV large","sector","PHEV large","ready_to_add_display_authority","Missing code authority inferred from an active non-rollup LEAP mapping pair; review before adding."
"leap_combined_esto","Passenger road/LPVs/PHEV large","Electricity","esto_flow","15.02.02.02.13 PHEV large","PHEV large","sector","PHEV large","ready_to_add_display_authority","Missing code authority inferred from an active non-rollup LEAP mapping pair; review before adding."
"leap_combined_esto","Passenger road/LPVs/PHEV large","Motor gasoline","esto_flow","15.02.02.02.13 PHEV large","PHEV large","sector","PHEV large","ready_to_add_display_authority","Missing code authority inferred from an active non-rollup LEAP mapping pair; review before adding."
"leap_combined_esto","Passenger road/LPVs/PHEV medium","Biodiesel","esto_flow","15.02.02.02.14 PHEV medium","PHEV medium","sector","PHEV medium","ready_to_add_display_authority","Missing code authority inferred from an active non-rollup LEAP mapping pair; review before adding."
"leap_combined_esto","Passenger road/LPVs/PHEV medium","Biogasoline","esto_flow","15.02.02.02.14 PHEV medium","PHEV medium","sector","PHEV medium","ready_to_add_display_authority","Missing code authority inferred from an active non-rollup LEAP mapping pair; review before adding."
"leap_combined_esto","Passenger road/LPVs/PHEV medium","Efuel","esto_flow","15.02.02.02.14 PHEV medium","PHEV medium","sector","PHEV medium","ready_to_add_display_authority","Missing code authority inferred from an active non-rollup LEAP mapping pair; review before adding."
"leap_combined_esto","Passenger road/LPVs/PHEV medium","Electricity","esto_flow","15.02.02.02.14 PHEV medium","PHEV medium","sector","PHEV medium","ready_to_add_display_authority","Missing code authority inferred from an active non-rollup LEAP mapping pair; review before adding."
"leap_combined_esto","Passenger road/LPVs/PHEV medium","Motor gasoline","esto_flow","15.02.02.02.14 PHEV medium","PHEV medium","sector","PHEV medium","ready_to_add_display_authority","Missing code authority inferred from an active non-rollup LEAP mapping pair; review before adding."
"leap_combined_esto","Passenger road/LPVs/PHEV small","Biogasoline","esto_flow","15.02.02.02.15 PHEV small","PHEV small","sector","PHEV small","ready_to_add_display_authority","Missing code authority inferred from an active non-rollup LEAP mapping pair; review before adding."
"leap_combined_esto","Passenger road/LPVs/PHEV small","Efuel","esto_flow","15.02.02.02.15 PHEV small","PHEV small","sector","PHEV small","ready_to_add_display_authority","Missing code authority inferred from an active non-rollup LEAP mapping pair; review before adding."
"leap_combined_esto","Passenger road/LPVs/PHEV small","Electricity","esto_flow","15.02.02.02.15 PHEV small","PHEV small","sector","PHEV small","ready_to_add_display_authority","Missing code authority inferred from an active non-rollup LEAP mapping pair; review before adding."
"leap_combined_esto","Passenger road/LPVs/PHEV small","Motor gasoline","esto_flow","15.02.02.02.15 PHEV small","PHEV small","sector","PHEV small","ready_to_add_display_authority","Missing code authority inferred from an active non-rollup LEAP mapping pair; review before adding."
"leap_combined_esto","Passenger road/Motorcycles","Biodiesel","esto_flow","15.02.02.03 Motorcycles","Motorcycles","sector","Motorcycles","ready_to_add_display_authority","Missing code authority inferred from an active non-rollup LEAP mapping pair; review before adding."
"leap_combined_esto","Passenger road/Motorcycles","Biogasoline","esto_flow","15.02.02.03 Motorcycles","Motorcycles","sector","Motorcycles","ready_to_add_display_authority","Missing code authority inferred from an active non-rollup LEAP mapping pair; review before adding."
"leap_combined_esto","Passenger road/Motorcycles","Efuel","esto_flow","15.02.02.03 Motorcycles","Motorcycles","sector","Motorcycles","ready_to_add_display_authority","Missing code authority inferred from an active non-rollup LEAP mapping pair; review before adding."
"leap_combined_esto","Passenger road/Motorcycles","Electricity","esto_flow","15.02.02.03 Motorcycles","Motorcycles","sector","Motorcycles","ready_to_add_display_authority","Missing code authority inferred from an active non-rollup LEAP mapping pair; review before adding."
"leap_combined_esto","Passenger road/Motorcycles","Gas and diesel oil","esto_flow","15.02.02.03 Motorcycles","Motorcycles","sector","Motorcycles","ready_to_add_display_authority","Missing code authority inferred from an active non-rollup LEAP mapping pair; review before adding."
"leap_combined_esto","Passenger road/Motorcycles","Motor gasoline","esto_flow","15.02.02.03 Motorcycles","Motorcycles","sector","Motorcycles","ready_to_add_display_authority","Missing code authority inferred from an active non-rollup LEAP mapping pair; review before adding."
"leap_combined_esto","Passenger road/Motorcycles/BEV","Electricity","esto_flow","15.02.02.03.01 BEV","BEV","sector","BEV","ready_to_add_display_authority","Missing code authority inferred from an active non-rollup LEAP mapping pair; review before adding."
"leap_combined_esto","Passenger road/Motorcycles/ICE","Biodiesel","esto_flow","15.02.02.03.02 ICE","ICE","sector","ICE","ready_to_add_display_authority","Missing code authority inferred from an active non-rollup LEAP mapping pair; review before adding."
"leap_combined_esto","Passenger road/Motorcycles/ICE","Biogasoline","esto_flow","15.02.02.03.02 ICE","ICE","sector","ICE","ready_to_add_display_authority","Missing code authority inferred from an active non-rollup LEAP mapping pair; review before adding."
"leap_combined_esto","Passenger road/Motorcycles/ICE","Efuel","esto_flow","15.02.02.03.02 ICE","ICE","sector","ICE","ready_to_add_display_authority","Missing code authority inferred from an active non-rollup LEAP mapping pair; review before adding."
"leap_combined_esto","Passenger road/Motorcycles/ICE","Gas and diesel oil","esto_flow","15.02.02.03.02 ICE","ICE","sector","ICE","ready_to_add_display_authority","Missing code authority inferred from an active non-rollup LEAP mapping pair; review before adding."
"leap_combined_esto","Passenger road/Motorcycles/ICE","Motor gasoline","esto_flow","15.02.02.03.02 ICE","ICE","sector","ICE","ready_to_add_display_authority","Missing code authority inferred from an active non-rollup LEAP mapping pair; review before adding."
"leap_combined_esto","All demand aggregated/Other sector","Anthracite","esto_flow","16.03-16.05 Other sector (all demand aggregate)","Other sector","sector","Other sector","ready_to_add_display_authority","Missing code authority inferred from an active non-rollup LEAP mapping pair; review before adding."
"leap_combined_esto","All demand aggregated/Other sector","Aviation gasoline","esto_flow","16.03-16.05 Other sector (all demand aggregate)","Other sector","sector","Other sector","ready_to_add_display_authority","Missing code authority inferred from an active non-rollup LEAP mapping pair; review before adding."
"leap_combined_esto","All demand aggregated/Other sector","Bagasse","esto_flow","16.03-16.05 Other sector (all demand aggregate)","Other sector","sector","Other sector","ready_to_add_display_authority","Missing code authority inferred from an active non-rollup LEAP mapping pair; review before adding."
"leap_combined_esto","All demand aggregated/Other sector","Biodiesel","esto_flow","16.03-16.05 Other sector (all demand aggregate)","Other sector","sector","Other sector","ready_to_add_display_authority","Missing code authority inferred from an active non-rollup LEAP mapping pair; review before adding."
"leap_combined_esto","All demand aggregated/Other sector","Biogas","esto_flow","16.03-16.05 Other sector (all demand aggregate)","Other sector","sector","Other sector","ready_to_add_display_authority","Missing code authority inferred from an active non-rollup LEAP mapping pair; review before adding."
"leap_combined_esto","All demand aggregated/Other sector","Biogasoline","esto_flow","16.03-16.05 Other sector (all demand aggregate)","Other sector","sector","Other sector","ready_to_add_display_authority","Missing code authority inferred from an active non-rollup LEAP mapping pair; review before adding."
"leap_combined_esto","All demand aggregated/Other sector","BKB and PB","esto_flow","16.03-16.05 Other sector (all demand aggregate)","Other sector","sector","Other sector","ready_to_add_display_authority","Missing code authority inferred from an active non-rollup LEAP mapping pair; review before adding."
"leap_combined_esto","All demand aggregated/Other sector","Blast furnace gas","esto_flow","16.03-16.05 Other sector (all demand aggregate)","Other sector","sector","Other sector","ready_to_add_display_authority","Missing code authority inferred from an active non-rollup LEAP mapping pair; review before adding."
"leap_combined_esto","All demand aggregated/Other sector","Charcoal","esto_flow","16.03-16.05 Other sector (all demand aggregate)","Other sector","sector","Other sector","ready_to_add_display_authority","Missing code authority inferred from an active non-rollup LEAP mapping pair; review before adding."
"leap_combined_esto","All demand aggregated/Other sector","Coal tar","esto_flow","16.03-16.05 Other sector (all demand aggregate)","Other sector","sector","Other sector","ready_to_add_display_authority","Missing code authority inferred from an active non-rollup LEAP mapping pair; review before adding."
"leap_combined_esto","All demand aggregated/Other sector","Coke oven coke","esto_flow","16.03-16.05 Other sector (all demand aggregate)","Other sector","sector","Other sector","ready_to_add_display_authority","Missing code authority inferred from an active non-rollup LEAP mapping pair; review before adding."
"leap_combined_esto","All demand aggregated/Other sector","Coke oven gas","esto_flow","16.03-16.05 Other sector (all demand aggregate)","Other sector","sector","Other sector","ready_to_add_display_authority","Missing code authority inferred from an active non-rollup LEAP mapping pair; review before adding."
"leap_combined_esto","All demand aggregated/Other sector","Crude oil","esto_flow","16.03-16.05 Other sector (all demand aggregate)","Other sector","sector","Other sector","ready_to_add_display_authority","Missing code authority inferred from an active non-rollup LEAP mapping pair; review before adding."
"leap_combined_esto","All demand aggregated/Other sector","Electricity","esto_flow","16.03-16.05 Other sector (all demand aggregate)","Other sector","sector","Other sector","ready_to_add_display_authority","Missing code authority inferred from an active non-rollup LEAP mapping pair; review before adding."
"leap_combined_esto","All demand aggregated/Other sector","Fuel oil","esto_flow","16.03-16.05 Other sector (all demand aggregate)","Other sector","sector","Other sector","ready_to_add_display_authority","Missing code authority inferred from an active non-rollup LEAP mapping pair; review before adding."
"leap_combined_esto","All demand aggregated/Other sector","Fuelwood and woodwaste","esto_flow","16.03-16.05 Other sector (all demand aggregate)","Other sector","sector","Other sector","ready_to_add_display_authority","Missing code authority inferred from an active non-rollup LEAP mapping pair; review before adding."
"leap_combined_esto","All demand aggregated/Other sector","Gas and diesel oil","esto_flow","16.03-16.05 Other sector (all demand aggregate)","Other sector","sector","Other sector","ready_to_add_display_authority","Missing code authority inferred from an active non-rollup LEAP mapping pair; review before adding."
"leap_combined_esto","All demand aggregated/Other sector","Gas works gas","esto_flow","16.03-16.05 Other sector (all demand aggregate)","Other sector","sector","Other sector","ready_to_add_display_authority","Missing code authority inferred from an active non-rollup LEAP mapping pair; review before adding."
"leap_combined_esto","All demand aggregated/Other sector","Geothermal","esto_flow","16.03-16.05 Other sector (all demand aggregate)","Other sector","sector","Other sector","ready_to_add_display_authority","Missing code authority inferred from an active non-rollup LEAP mapping pair; review before adding."
"leap_combined_esto","All demand aggregated/Other sector","Heat","esto_flow","16.03-16.05 Other sector (all demand aggregate)","Other sector","sector","Other sector","ready_to_add_display_authority","Missing code authority inferred from an active non-rollup LEAP mapping pair; review before adding."
"leap_combined_esto","All demand aggregated/Other sector","Hydrogen","esto_flow","16.03-16.05 Other sector (all demand aggregate)","Other sector","sector","Other sector","ready_to_add_display_authority","Missing code authority inferred from an active non-rollup LEAP mapping pair; review before adding."
"leap_combined_esto","All demand aggregated/Other sector","Industrial waste","esto_flow","16.03-16.05 Other sector (all demand aggregate)","Other sector","sector","Other sector","ready_to_add_display_authority","Missing code authority inferred from an active non-rollup LEAP mapping pair; review before adding."
"leap_combined_esto","All demand aggregated/Other sector","Kerosene","esto_flow","16.03-16.05 Other sector (all demand aggregate)","Other sector","sector","Other sector","ready_to_add_display_authority","Missing code authority inferred from an active non-rollup LEAP mapping pair; review before adding."
"leap_combined_esto","All demand aggregated/Other sector","Kerosene type jet fuel","esto_flow","16.03-16.05 Other sector (all demand aggregate)","Other sector","sector","Other sector","ready_to_add_display_authority","Missing code authority inferred from an active non-rollup LEAP mapping pair; review before adding."
"leap_combined_esto","All demand aggregated/Other sector","Lignite","esto_flow","16.03-16.05 Other sector (all demand aggregate)","Other sector","sector","Other sector","ready_to_add_display_authority","Missing code authority inferred from an active non-rollup LEAP mapping pair; review before adding."
"leap_combined_esto","All demand aggregated/Other sector","LPG","esto_flow","16.03-16.05 Other sector (all demand aggregate)","Other sector","sector","Other sector","ready_to_add_display_authority","Missing code authority inferred from an active non-rollup LEAP mapping pair; review before adding."
"leap_combined_esto","All demand aggregated/Other sector","Lubricants","esto_flow","16.03-16.05 Other sector (all demand aggregate)","Other sector","sector","Other sector","ready_to_add_display_authority","Missing code authority inferred from an active non-rollup LEAP mapping pair; review before adding."
"leap_combined_esto","All demand aggregated/Other sector","Motor gasoline","esto_flow","16.03-16.05 Other sector (all demand aggregate)","Other sector","sector","Other sector","ready_to_add_display_authority","Missing code authority inferred from an active non-rollup LEAP mapping pair; review before adding."
"leap_combined_esto","All demand aggregated/Other sector","Municipal solid waste non renewable","esto_flow","16.03-16.05 Other sector (all demand aggregate)","Other sector","sector","Other sector","ready_to_add_display_authority","Missing code authority inferred from an active non-rollup LEAP mapping pair; review before adding."
"leap_combined_esto","All demand aggregated/Other sector","Municipal solid waste renewable","esto_flow","16.03-16.05 Other sector (all demand aggregate)","Other sector","sector","Other sector","ready_to_add_display_authority","Missing code authority inferred from an active non-rollup LEAP mapping pair; review before adding."
"leap_combined_esto","All demand aggregated/Other sector","Natural gas","esto_flow","16.03-16.05 Other sector (all demand aggregate)","Other sector","sector","Other sector","ready_to_add_display_authority","Missing code authority inferred from an active non-rollup LEAP mapping pair; review before adding."
"leap_combined_esto","All demand aggregated/Other sector","Other biomass","esto_flow","16.03-16.05 Other sector (all demand aggregate)","Other sector","sector","Other sector","ready_to_add_display_authority","Missing code authority inferred from an active non-rollup LEAP mapping pair; review before adding."
"leap_combined_esto","All demand aggregated/Other sector","Other bituminous coal","esto_flow","16.03-16.05 Other sector (all demand aggregate)","Other sector","sector","Other sector","ready_to_add_display_authority","Missing code authority inferred from an active non-rollup LEAP mapping pair; review before adding."
"leap_combined_esto","All demand aggregated/Other sector","Other liquid biofuels","esto_flow","16.03-16.05 Other sector (all demand aggregate)","Other sector","sector","Other sector","ready_to_add_display_authority","Missing code authority inferred from an active non-rollup LEAP mapping pair; review before adding."
"leap_combined_esto","All demand aggregated/Other sector","Other products","esto_flow","16.03-16.05 Other sector (all demand aggregate)","Other sector","sector","Other sector","ready_to_add_display_authority","Missing code authority inferred from an active non-rollup LEAP mapping pair; review before adding."
"leap_combined_esto","All demand aggregated/Other sector","Other recovered gases","esto_flow","16.03-16.05 Other sector (all demand aggregate)","Other sector","sector","Other sector","ready_to_add_display_authority","Missing code authority inferred from an active non-rollup LEAP mapping pair; review before adding."
"leap_combined_esto","All demand aggregated/Other sector","Other sources","esto_flow","16.03-16.05 Other sector (all demand aggregate)","Other sector","sector","Other sector","ready_to_add_display_authority","Missing code authority inferred from an active non-rollup LEAP mapping pair; review before adding."
"leap_combined_esto","All demand aggregated/Other sector","Patent fuel","esto_flow","16.03-16.05 Other sector (all demand aggregate)","Other sector","sector","Other sector","ready_to_add_display_authority","Missing code authority inferred from an active non-rollup LEAP mapping pair; review before adding."
"leap_combined_esto","All demand aggregated/Other sector","Peat","esto_flow","16.03-16.05 Other sector (all demand aggregate)","Other sector","sector","Other sector","ready_to_add_display_authority","Missing code authority inferred from an active non-rollup LEAP mapping pair; review before adding."
"leap_combined_esto","All demand aggregated/Other sector","Peat products","esto_flow","16.03-16.05 Other sector (all demand aggregate)","Other sector","sector","Other sector","ready_to_add_display_authority","Missing code authority inferred from an active non-rollup LEAP mapping pair; review before adding."
"leap_combined_esto","All demand aggregated/Other sector","PetProd nonspecified","esto_flow","16.03-16.05 Other sector (all demand aggregate)","Other sector","sector","Other sector","ready_to_add_display_authority","Missing code authority inferred from an active non-rollup LEAP mapping pair; review before adding."
"leap_combined_esto","All demand aggregated/Other sector","Solar nonspecified","esto_flow","16.03-16.05 Other sector (all demand aggregate)","Other sector","sector","Other sector","ready_to_add_display_authority","Missing code authority inferred from an active non-rollup LEAP mapping pair; review before adding."
"leap_combined_esto","All demand aggregated/Other sector","Sub bituminous coal","esto_flow","16.03-16.05 Other sector (all demand aggregate)","Other sector","sector","Other sector","ready_to_add_display_authority","Missing code authority inferred from an active non-rollup LEAP mapping pair; review before adding."
"leap_combined_esto","All demand aggregated/Transport non road","Ammonia","esto_product","16.10 Ammonia","Ammonia","fuel","Ammonia","ready_to_add_display_authority","Missing code authority inferred from an active non-rollup LEAP mapping pair; review before adding."
"leap_combined_esto","CHP interim/CHP interim","Ammonia","esto_product","16.10 Ammonia","Ammonia","fuel","Ammonia","ready_to_add_display_authority","Missing code authority inferred from an active non-rollup LEAP mapping pair; review before adding."
"leap_combined_esto","CHP plants","Ammonia","esto_product","16.10 Ammonia","Ammonia","fuel","Ammonia","ready_to_add_display_authority","Missing code authority inferred from an active non-rollup LEAP mapping pair; review before adding."
"leap_combined_esto","Electricity Generation","Ammonia","esto_product","16.10 Ammonia","Ammonia","fuel","Ammonia","ready_to_add_display_authority","Missing code authority inferred from an active non-rollup LEAP mapping pair; review before adding."
"leap_combined_esto","Electricity interim/Electricity interim","Ammonia","esto_product","16.10 Ammonia","Ammonia","fuel","Ammonia","ready_to_add_display_authority","Missing code authority inferred from an active non-rollup LEAP mapping pair; review before adding."
"leap_combined_esto","Exports","Ammonia","esto_product","16.10 Ammonia","Ammonia","fuel","Ammonia","ready_to_add_display_authority","Missing code authority inferred from an active non-rollup LEAP mapping pair; review before adding."
"leap_combined_esto","Hydrogen transformation","Ammonia","esto_product","16.10 Ammonia","Ammonia","fuel","Ammonia","ready_to_add_display_authority","Missing code authority inferred from an active non-rollup LEAP mapping pair; review before adding."
"leap_combined_esto","Hydrogen transformation/Electrolysers","Ammonia","esto_product","16.10 Ammonia","Ammonia","fuel","Ammonia","ready_to_add_display_authority","Missing code authority inferred from an active non-rollup LEAP mapping pair; review before adding."
"leap_combined_esto","Hydrogen transformation/SMR with CCS","Ammonia","esto_product","16.10 Ammonia","Ammonia","fuel","Ammonia","ready_to_add_display_authority","Missing code authority inferred from an active non-rollup LEAP mapping pair; review before adding."
"leap_combined_esto","Imports","Ammonia","esto_product","16.10 Ammonia","Ammonia","fuel","Ammonia","ready_to_add_display_authority","Missing code authority inferred from an active non-rollup LEAP mapping pair; review before adding."
"leap_combined_esto","Industry/Manufacturing/Iron and steel","Ammonia","esto_product","16.10 Ammonia","Ammonia","fuel","Ammonia","ready_to_add_display_authority","Missing code authority inferred from an active non-rollup LEAP mapping pair; review before adding."
"leap_combined_esto","International transport","Ammonia","esto_product","16.10 Ammonia","Ammonia","fuel","Ammonia","ready_to_add_display_authority","Missing code authority inferred from an active non-rollup LEAP mapping pair; review before adding."
"leap_combined_esto","Production","Ammonia","esto_product","16.10 Ammonia","Ammonia","fuel","Ammonia","ready_to_add_display_authority","Missing code authority inferred from an active non-rollup LEAP mapping pair; review before adding."
"leap_combined_esto","Transport non road","Ammonia","esto_product","16.10 Ammonia","Ammonia","fuel","Ammonia","ready_to_add_display_authority","Missing code authority inferred from an active non-rollup LEAP mapping pair; review before adding."
"leap_combined_esto","Transport non road/Freight non road/Shipping","Ammonia","esto_product","16.10 Ammonia","Ammonia","fuel","Ammonia","ready_to_add_display_authority","Missing code authority inferred from an active non-rollup LEAP mapping pair; review before adding."
"leap_combined_esto","Transport non road/International transport/Shipping","Ammonia","esto_product","16.10 Ammonia","Ammonia","fuel","Ammonia","ready_to_add_display_authority","Missing code authority inferred from an active non-rollup LEAP mapping pair; review before adding."
"leap_combined_esto","Transport non road/Passenger non road/Shipping","Ammonia","esto_product","16.10 Ammonia","Ammonia","fuel","Ammonia","ready_to_add_display_authority","Missing code authority inferred from an active non-rollup LEAP mapping pair; review before adding."
"leap_combined_esto","All demand aggregated/Buildings","Hydrogen","esto_product","16.12 Hydrogen","Hydrogen","fuel","Hydrogen","ready_to_add_display_authority","Missing code authority inferred from an active non-rollup LEAP mapping pair; review before adding."
"leap_combined_esto","All demand aggregated/Industry","Hydrogen","esto_product","16.12 Hydrogen","Hydrogen","fuel","Hydrogen","ready_to_add_display_authority","Missing code authority inferred from an active non-rollup LEAP mapping pair; review before adding."
"leap_combined_esto","All demand aggregated/Non Energy Use","Hydrogen","esto_product","16.12 Hydrogen","Hydrogen","fuel","Hydrogen","ready_to_add_display_authority","Missing code authority inferred from an active non-rollup LEAP mapping pair; review before adding."
"leap_combined_esto","All demand aggregated/Other sector","Hydrogen","esto_product","16.12 Hydrogen","Hydrogen","fuel","Hydrogen","ready_to_add_display_authority","Missing code authority inferred from an active non-rollup LEAP mapping pair; review before adding."
"leap_combined_esto","All demand aggregated/Road","Hydrogen","esto_product","16.12 Hydrogen","Hydrogen","fuel","Hydrogen","ready_to_add_display_authority","Missing code authority inferred from an active non-rollup LEAP mapping pair; review before adding."
"leap_combined_esto","All demand aggregated/Transport non road","Hydrogen","esto_product","16.12 Hydrogen","Hydrogen","fuel","Hydrogen","ready_to_add_display_authority","Missing code authority inferred from an active non-rollup LEAP mapping pair; review before adding."
"leap_combined_esto","Buildings","Hydrogen","esto_product","16.12 Hydrogen","Hydrogen","fuel","Hydrogen","ready_to_add_display_authority","Missing code authority inferred from an active non-rollup LEAP mapping pair; review before adding."
"leap_combined_esto","Buildings/Services","Hydrogen","esto_product","16.12 Hydrogen","Hydrogen","fuel","Hydrogen","ready_to_add_display_authority","Missing code authority inferred from an active non-rollup LEAP mapping pair; review before adding."
"leap_combined_esto","Buildings/Services/Data_Centers","Hydrogen","esto_product","16.12 Hydrogen","Hydrogen","fuel","Hydrogen","ready_to_add_display_authority","Missing code authority inferred from an active non-rollup LEAP mapping pair; review before adding."
"leap_combined_esto","Buildings/Services/Educational","Hydrogen","esto_product","16.12 Hydrogen","Hydrogen","fuel","Hydrogen","ready_to_add_display_authority","Missing code authority inferred from an active non-rollup LEAP mapping pair; review before adding."
"leap_combined_esto","Buildings/Services/Hospitals","Hydrogen","esto_product","16.12 Hydrogen","Hydrogen","fuel","Hydrogen","ready_to_add_display_authority","Missing code authority inferred from an active non-rollup LEAP mapping pair; review before adding."
"leap_combined_esto","Buildings/Services/Others_Unspecified","Hydrogen","esto_product","16.12 Hydrogen","Hydrogen","fuel","Hydrogen","ready_to_add_display_authority","Missing code authority inferred from an active non-rollup LEAP mapping pair; review before adding."
"leap_combined_esto","Buildings/Services/Service Buildings","Hydrogen","esto_product","16.12 Hydrogen","Hydrogen","fuel","Hydrogen","ready_to_add_display_authority","Missing code authority inferred from an active non-rollup LEAP mapping pair; review before adding."
"leap_combined_esto","CHP interim/CHP interim","Hydrogen","esto_product","16.12 Hydrogen","Hydrogen","fuel","Hydrogen","ready_to_add_display_authority","Missing code authority inferred from an active non-rollup LEAP mapping pair; review before adding."
"leap_combined_esto","CHP plants","Hydrogen","esto_product","16.12 Hydrogen","Hydrogen","fuel","Hydrogen","ready_to_add_display_authority","Missing code authority inferred from an active non-rollup LEAP mapping pair; review before adding."
"leap_combined_esto","Electricity Generation","Hydrogen","esto_product","16.12 Hydrogen","Hydrogen","fuel","Hydrogen","ready_to_add_display_authority","Missing code authority inferred from an active non-rollup LEAP mapping pair; review before adding."
"leap_combined_esto","Electricity interim/Electricity interim","Hydrogen","esto_product","16.12 Hydrogen","Hydrogen","fuel","Hydrogen","ready_to_add_display_authority","Missing code authority inferred from an active non-rollup LEAP mapping pair; review before adding."
"leap_combined_esto","Exports","Hydrogen","esto_product","16.12 Hydrogen","Hydrogen","fuel","Hydrogen","ready_to_add_display_authority","Missing code authority inferred from an active non-rollup LEAP mapping pair; review before adding."
"leap_combined_esto","Freight road","Hydrogen","esto_product","16.12 Hydrogen","Hydrogen","fuel","Hydrogen","ready_to_add_display_authority","Missing code authority inferred from an active non-rollup LEAP mapping pair; review before adding."
"leap_combined_esto","Freight road/Trucks","Hydrogen","esto_product","16.12 Hydrogen","Hydrogen","fuel","Hydrogen","ready_to_add_display_authority","Missing code authority inferred from an active non-rollup LEAP mapping pair; review before adding."
"leap_combined_esto","Freight road/Trucks/FCEV heavy","Hydrogen","esto_product","16.12 Hydrogen","Hydrogen","fuel","Hydrogen","ready_to_add_display_authority","Missing code authority inferred from an active non-rollup LEAP mapping pair; review before adding."
"leap_combined_esto","Freight road/Trucks/FCEV medium","Hydrogen","esto_product","16.12 Hydrogen","Hydrogen","fuel","Hydrogen","ready_to_add_display_authority","Missing code authority inferred from an active non-rollup LEAP mapping pair; review before adding."
"leap_combined_esto","Hydrogen transformation","Hydrogen","esto_product","16.12 Hydrogen","Hydrogen","fuel","Hydrogen","ready_to_add_display_authority","Missing code authority inferred from an active non-rollup LEAP mapping pair; review before adding."
"leap_combined_esto","Hydrogen transformation/Electrolysers","Hydrogen","esto_product","16.12 Hydrogen","Hydrogen","fuel","Hydrogen","ready_to_add_display_authority","Missing code authority inferred from an active non-rollup LEAP mapping pair; review before adding."
"leap_combined_esto","Hydrogen transformation/SMR with CCS","Hydrogen","esto_product","16.12 Hydrogen","Hydrogen","fuel","Hydrogen","ready_to_add_display_authority","Missing code authority inferred from an active non-rollup LEAP mapping pair; review before adding."
"leap_combined_esto","Imports","Hydrogen","esto_product","16.12 Hydrogen","Hydrogen","fuel","Hydrogen","ready_to_add_display_authority","Missing code authority inferred from an active non-rollup LEAP mapping pair; review before adding."
"leap_combined_esto","Industry","Hydrogen","esto_product","16.12 Hydrogen","Hydrogen","fuel","Hydrogen","ready_to_add_display_authority","Missing code authority inferred from an active non-rollup LEAP mapping pair; review before adding."
"leap_combined_esto","Industry/Manufacturing","Hydrogen","esto_product","16.12 Hydrogen","Hydrogen","fuel","Hydrogen","ready_to_add_display_authority","Missing code authority inferred from an active non-rollup LEAP mapping pair; review before adding."
"leap_combined_esto","Industry/Manufacturing/Chemical","Hydrogen","esto_product","16.12 Hydrogen","Hydrogen","fuel","Hydrogen","ready_to_add_display_authority","Missing code authority inferred from an active non-rollup LEAP mapping pair; review before adding."
"leap_combined_esto","Industry/Manufacturing/Iron and steel","Hydrogen","esto_product","16.12 Hydrogen","Hydrogen","fuel","Hydrogen","ready_to_add_display_authority","Missing code authority inferred from an active non-rollup LEAP mapping pair; review before adding."
"leap_combined_esto","Industry/Manufacturing/Iron and steel/Direct Reduced Iron Electric Arc Furnace","Hydrogen","esto_product","16.12 Hydrogen","Hydrogen","fuel","Hydrogen","ready_to_add_display_authority","Missing code authority inferred from an active non-rollup LEAP mapping pair; review before adding."
"leap_combined_esto","Industry/Manufacturing/Non ferrous metals","Hydrogen","esto_product","16.12 Hydrogen","Hydrogen","fuel","Hydrogen","ready_to_add_display_authority","Missing code authority inferred from an active non-rollup LEAP mapping pair; review before adding."
"leap_combined_esto","Industry/Manufacturing/Non metallic mineral products","Hydrogen","esto_product","16.12 Hydrogen","Hydrogen","fuel","Hydrogen","ready_to_add_display_authority","Missing code authority inferred from an active non-rollup LEAP mapping pair; review before adding."
"leap_combined_esto","Industry/Manufacturing/Non specified industry","Hydrogen","esto_product","16.12 Hydrogen","Hydrogen","fuel","Hydrogen","ready_to_add_display_authority","Missing code authority inferred from an active non-rollup LEAP mapping pair; review before adding."
"leap_combined_esto","Industry/Mining and quarrying","Hydrogen","esto_product","16.12 Hydrogen","Hydrogen","fuel","Hydrogen","ready_to_add_display_authority","Missing code authority inferred from an active non-rollup LEAP mapping pair; review before adding."
"leap_combined_esto","International transport","Hydrogen","esto_product","16.12 Hydrogen","Hydrogen","fuel","Hydrogen","ready_to_add_display_authority","Missing code authority inferred from an active non-rollup LEAP mapping pair; review before adding."
"leap_combined_esto","Non-energy use","Hydrogen","esto_product","16.12 Hydrogen","Hydrogen","fuel","Hydrogen","ready_to_add_display_authority","Missing code authority inferred from an active non-rollup LEAP mapping pair; review before adding."
"leap_combined_esto","Other sector/Agriculture","Hydrogen","esto_product","16.12 Hydrogen","Hydrogen","fuel","Hydrogen","ready_to_add_display_authority","Missing code authority inferred from an active non-rollup LEAP mapping pair; review before adding."
"leap_combined_esto","Other sector/Fishing","Hydrogen","esto_product","16.12 Hydrogen","Hydrogen","fuel","Hydrogen","ready_to_add_display_authority","Missing code authority inferred from an active non-rollup LEAP mapping pair; review before adding."
"leap_combined_esto","Passenger road","Hydrogen","esto_product","16.12 Hydrogen","Hydrogen","fuel","Hydrogen","ready_to_add_display_authority","Missing code authority inferred from an active non-rollup LEAP mapping pair; review before adding."
"leap_combined_esto","Passenger road/Buses","Hydrogen","esto_product","16.12 Hydrogen","Hydrogen","fuel","Hydrogen","ready_to_add_display_authority","Missing code authority inferred from an active non-rollup LEAP mapping pair; review before adding."
"leap_combined_esto","Passenger road/Buses/FCEV","Hydrogen","esto_product","16.12 Hydrogen","Hydrogen","fuel","Hydrogen","ready_to_add_display_authority","Missing code authority inferred from an active non-rollup LEAP mapping pair; review before adding."
"leap_combined_esto","Production","Hydrogen","esto_product","16.12 Hydrogen","Hydrogen","fuel","Hydrogen","ready_to_add_display_authority","Missing code authority inferred from an active non-rollup LEAP mapping pair; review before adding."
"leap_combined_esto","Transport non road","Hydrogen","esto_product","16.12 Hydrogen","Hydrogen","fuel","Hydrogen","ready_to_add_display_authority","Missing code authority inferred from an active non-rollup LEAP mapping pair; review before adding."
"leap_combined_esto","Transport non road/Freight non road/Air","Hydrogen","esto_product","16.12 Hydrogen","Hydrogen","fuel","Hydrogen","ready_to_add_display_authority","Missing code authority inferred from an active non-rollup LEAP mapping pair; review before adding."
"leap_combined_esto","Transport non road/Freight non road/Rail","Hydrogen","esto_product","16.12 Hydrogen","Hydrogen","fuel","Hydrogen","ready_to_add_display_authority","Missing code authority inferred from an active non-rollup LEAP mapping pair; review before adding."
"leap_combined_esto","Transport non road/Freight non road/Shipping","Hydrogen","esto_product","16.12 Hydrogen","Hydrogen","fuel","Hydrogen","ready_to_add_display_authority","Missing code authority inferred from an active non-rollup LEAP mapping pair; review before adding."
"leap_combined_esto","Transport non road/International transport/Air","Hydrogen","esto_product","16.12 Hydrogen","Hydrogen","fuel","Hydrogen","ready_to_add_display_authority","Missing code authority inferred from an active non-rollup LEAP mapping pair; review before adding."
"leap_combined_esto","Transport non road/Passenger non road/Air","Hydrogen","esto_product","16.12 Hydrogen","Hydrogen","fuel","Hydrogen","ready_to_add_display_authority","Missing code authority inferred from an active non-rollup LEAP mapping pair; review before adding."
"leap_combined_esto","Transport non road/Passenger non road/Rail","Hydrogen","esto_product","16.12 Hydrogen","Hydrogen","fuel","Hydrogen","ready_to_add_display_authority","Missing code authority inferred from an active non-rollup LEAP mapping pair; review before adding."
"leap_combined_esto","Transport non road/Passenger non road/Shipping","Hydrogen","esto_product","16.12 Hydrogen","Hydrogen","fuel","Hydrogen","ready_to_add_display_authority","Missing code authority inferred from an active non-rollup LEAP mapping pair; review before adding."
"leap_combined_esto","Hydrogen transformation/Electrolysers","Electricity for hydrogen","esto_product","20 Green electricity","Electricity for hydrogen","fuel","Electricity for hydrogen","ready_to_add_display_authority","Missing code authority inferred from an active non-rollup LEAP mapping pair; review before adding."
"leap_combined_ninth","All demand aggregated/International transport","Ammonia","ninth_sector","04-05 International transport (bunkers)","International transport","sector","International transport","ready_to_add_display_authority","Missing code authority inferred from an active non-rollup LEAP mapping pair; review before adding."
"leap_combined_ninth","All demand aggregated/International transport","Aviation gasoline","ninth_sector","04-05 International transport (bunkers)","International transport","sector","International transport","ready_to_add_display_authority","Missing code authority inferred from an active non-rollup LEAP mapping pair; review before adding."
"leap_combined_ninth","All demand aggregated/International transport","Bio jet kerosene","ninth_sector","04-05 International transport (bunkers)","International transport","sector","International transport","ready_to_add_display_authority","Missing code authority inferred from an active non-rollup LEAP mapping pair; review before adding."
"leap_combined_ninth","All demand aggregated/International transport","Biodiesel","ninth_sector","04-05 International transport (bunkers)","International transport","sector","International transport","ready_to_add_display_authority","Missing code authority inferred from an active non-rollup LEAP mapping pair; review before adding."
"leap_combined_ninth","All demand aggregated/International transport","Biogas","ninth_sector","04-05 International transport (bunkers)","International transport","sector","International transport","ready_to_add_display_authority","Missing code authority inferred from an active non-rollup LEAP mapping pair; review before adding."
"leap_combined_ninth","All demand aggregated/International transport","Biogasoline","ninth_sector","04-05 International transport (bunkers)","International transport","sector","International transport","ready_to_add_display_authority","Missing code authority inferred from an active non-rollup LEAP mapping pair; review before adding."
"leap_combined_ninth","All demand aggregated/International transport","Bitumen","ninth_sector","04-05 International transport (bunkers)","International transport","sector","International transport","ready_to_add_display_authority","Missing code authority inferred from an active non-rollup LEAP mapping pair; review before adding."
"leap_combined_ninth","All demand aggregated/International transport","Efuel","ninth_sector","04-05 International transport (bunkers)","International transport","sector","International transport","ready_to_add_display_authority","Missing code authority inferred from an active non-rollup LEAP mapping pair; review before adding."
"leap_combined_ninth","All demand aggregated/International transport","Fuel oil","ninth_sector","04-05 International transport (bunkers)","International transport","sector","International transport","ready_to_add_display_authority","Missing code authority inferred from an active non-rollup LEAP mapping pair; review before adding."
"leap_combined_ninth","All demand aggregated/International transport","Gas and diesel oil","ninth_sector","04-05 International transport (bunkers)","International transport","sector","International transport","ready_to_add_display_authority","Missing code authority inferred from an active non-rollup LEAP mapping pair; review before adding."
"leap_combined_ninth","All demand aggregated/International transport","Gasoline type jet fuel","ninth_sector","04-05 International transport (bunkers)","International transport","sector","International transport","ready_to_add_display_authority","Missing code authority inferred from an active non-rollup LEAP mapping pair; review before adding."
"leap_combined_ninth","All demand aggregated/International transport","Hydrogen","ninth_sector","04-05 International transport (bunkers)","International transport","sector","International transport","ready_to_add_display_authority","Missing code authority inferred from an active non-rollup LEAP mapping pair; review before adding."
"leap_combined_ninth","All demand aggregated/International transport","Kerosene","ninth_sector","04-05 International transport (bunkers)","International transport","sector","International transport","ready_to_add_display_authority","Missing code authority inferred from an active non-rollup LEAP mapping pair; review before adding."
"leap_combined_ninth","All demand aggregated/International transport","Kerosene type jet fuel","ninth_sector","04-05 International transport (bunkers)","International transport","sector","International transport","ready_to_add_display_authority","Missing code authority inferred from an active non-rollup LEAP mapping pair; review before adding."
"leap_combined_ninth","All demand aggregated/International transport","LNG","ninth_sector","04-05 International transport (bunkers)","International transport","sector","International transport","ready_to_add_display_authority","Missing code authority inferred from an active non-rollup LEAP mapping pair; review before adding."
"leap_combined_ninth","All demand aggregated/International transport","LPG","ninth_sector","04-05 International transport (bunkers)","International transport","sector","International transport","ready_to_add_display_authority","Missing code authority inferred from an active non-rollup LEAP mapping pair; review before adding."
"leap_combined_ninth","All demand aggregated/International transport","Lubricants","ninth_sector","04-05 International transport (bunkers)","International transport","sector","International transport","ready_to_add_display_authority","Missing code authority inferred from an active non-rollup LEAP mapping pair; review before adding."
"leap_combined_ninth","All demand aggregated/International transport","Motor gasoline","ninth_sector","04-05 International transport (bunkers)","International transport","sector","International transport","ready_to_add_display_authority","Missing code authority inferred from an active non-rollup LEAP mapping pair; review before adding."
"leap_combined_ninth","All demand aggregated/International transport","Natural gas","ninth_sector","04-05 International transport (bunkers)","International transport","sector","International transport","ready_to_add_display_authority","Missing code authority inferred from an active non-rollup LEAP mapping pair; review before adding."
"leap_combined_ninth","All demand aggregated/International transport","Other products","ninth_sector","04-05 International transport (bunkers)","International transport","sector","International transport","ready_to_add_display_authority","Missing code authority inferred from an active non-rollup LEAP mapping pair; review before adding."
"leap_combined_ninth","All demand aggregated/International transport","Paraffin waxes","ninth_sector","04-05 International transport (bunkers)","International transport","sector","International transport","ready_to_add_display_authority","Missing code authority inferred from an active non-rollup LEAP mapping pair; review before adding."
"leap_combined_ninth","All demand aggregated/International transport","Petroleum coke","ninth_sector","04-05 International transport (bunkers)","International transport","sector","International transport","ready_to_add_display_authority","Missing code authority inferred from an active non-rollup LEAP mapping pair; review before adding."
"leap_combined_ninth","All demand aggregated/International transport","White spirit SBP","ninth_sector","04-05 International transport (bunkers)","International transport","sector","International transport","ready_to_add_display_authority","Missing code authority inferred from an active non-rollup LEAP mapping pair; review before adding."
"leap_combined_ninth","International transport","Ammonia","ninth_sector","04-05 International transport (bunkers)","International transport","sector","International transport","ready_to_add_display_authority","Missing code authority inferred from an active non-rollup LEAP mapping pair; review before adding."
"leap_combined_ninth","International transport","Aviation gasoline","ninth_sector","04-05 International transport (bunkers)","International transport","sector","International transport","ready_to_add_display_authority","Missing code authority inferred from an active non-rollup LEAP mapping pair; review before adding."
"leap_combined_ninth","International transport","Bio jet kerosene","ninth_sector","04-05 International transport (bunkers)","International transport","sector","International transport","ready_to_add_display_authority","Missing code authority inferred from an active non-rollup LEAP mapping pair; review before adding."
"leap_combined_ninth","International transport","Biodiesel","ninth_sector","04-05 International transport (bunkers)","International transport","sector","International transport","ready_to_add_display_authority","Missing code authority inferred from an active non-rollup LEAP mapping pair; review before adding."
"leap_combined_ninth","International transport","Efuel","ninth_sector","04-05 International transport (bunkers)","International transport","sector","International transport","ready_to_add_display_authority","Missing code authority inferred from an active non-rollup LEAP mapping pair; review before adding."
"leap_combined_ninth","International transport","Fuel oil","ninth_sector","04-05 International transport (bunkers)","International transport","sector","International transport","ready_to_add_display_authority","Missing code authority inferred from an active non-rollup LEAP mapping pair; review before adding."
"leap_combined_ninth","International transport","Gas and diesel oil","ninth_sector","04-05 International transport (bunkers)","International transport","sector","International transport","ready_to_add_display_authority","Missing code authority inferred from an active non-rollup LEAP mapping pair; review before adding."
"leap_combined_ninth","International transport","Hydrogen","ninth_sector","04-05 International transport (bunkers)","International transport","sector","International transport","ready_to_add_display_authority","Missing code authority inferred from an active non-rollup LEAP mapping pair; review before adding."
"leap_combined_ninth","International transport","Kerosene type jet fuel","ninth_sector","04-05 International transport (bunkers)","International transport","sector","International transport","ready_to_add_display_authority","Missing code authority inferred from an active non-rollup LEAP mapping pair; review before adding."
"leap_combined_ninth","International transport","LNG","ninth_sector","04-05 International transport (bunkers)","International transport","sector","International transport","ready_to_add_display_authority","Missing code authority inferred from an active non-rollup LEAP mapping pair; review before adding."
"leap_combined_ninth","International transport","LPG","ninth_sector","04-05 International transport (bunkers)","International transport","sector","International transport","ready_to_add_display_authority","Missing code authority inferred from an active non-rollup LEAP mapping pair; review before adding."
"leap_combined_ninth","International transport","Lubricants","ninth_sector","04-05 International transport (bunkers)","International transport","sector","International transport","ready_to_add_display_authority","Missing code authority inferred from an active non-rollup LEAP mapping pair; review before adding."
"leap_combined_ninth","International transport","Motor gasoline","ninth_sector","04-05 International transport (bunkers)","International transport","sector","International transport","ready_to_add_display_authority","Missing code authority inferred from an active non-rollup LEAP mapping pair; review before adding."
"leap_combined_ninth","International transport","Natural gas","ninth_sector","04-05 International transport (bunkers)","International transport","sector","International transport","ready_to_add_display_authority","Missing code authority inferred from an active non-rollup LEAP mapping pair; review before adding."
"leap_combined_ninth","International transport","Other products","ninth_sector","04-05 International transport (bunkers)","International transport","sector","International transport","ready_to_add_display_authority","Missing code authority inferred from an active non-rollup LEAP mapping pair; review before adding."
"leap_combined_ninth","Gas works plants/Gas works plants","Anthracite","ninth_sector","09_06_01_gas_works_plants_incl_own_use","Gas works plants","sector","Gas works plants","ready_to_add_display_authority","Missing code authority inferred from an active non-rollup LEAP mapping pair; review before adding."
"leap_combined_ninth","Gas works plants/Gas works plants","Biogas","ninth_sector","09_06_01_gas_works_plants_incl_own_use","Gas works plants","sector","Gas works plants","ready_to_add_display_authority","Missing code authority inferred from an active non-rollup LEAP mapping pair; review before adding."
"leap_combined_ninth","Gas works plants/Gas works plants","Bitumen","ninth_sector","09_06_01_gas_works_plants_incl_own_use","Gas works plants","sector","Gas works plants","ready_to_add_display_authority","Missing code authority inferred from an active non-rollup LEAP mapping pair; review before adding."
"leap_combined_ninth","Gas works plants/Gas works plants","BKB and PB","ninth_sector","09_06_01_gas_works_plants_incl_own_use","Gas works plants","sector","Gas works plants","ready_to_add_display_authority","Missing code authority inferred from an active non-rollup LEAP mapping pair; review before adding."
"leap_combined_ninth","Gas works plants/Gas works plants","Blast furnace gas","ninth_sector","09_06_01_gas_works_plants_incl_own_use","Gas works plants","sector","Gas works plants","ready_to_add_display_authority","Missing code authority inferred from an active non-rollup LEAP mapping pair; review before adding."
"leap_combined_ninth","Gas works plants/Gas works plants","Coal tar","ninth_sector","09_06_01_gas_works_plants_incl_own_use","Gas works plants","sector","Gas works plants","ready_to_add_display_authority","Missing code authority inferred from an active non-rollup LEAP mapping pair; review before adding."
"leap_combined_ninth","Gas works plants/Gas works plants","Coke oven coke","ninth_sector","09_06_01_gas_works_plants_incl_own_use","Gas works plants","sector","Gas works plants","ready_to_add_display_authority","Missing code authority inferred from an active non-rollup LEAP mapping pair; review before adding."
"leap_combined_ninth","Gas works plants/Gas works plants","Coke oven gas","ninth_sector","09_06_01_gas_works_plants_incl_own_use","Gas works plants","sector","Gas works plants","ready_to_add_display_authority","Missing code authority inferred from an active non-rollup LEAP mapping pair; review before adding."
"leap_combined_ninth","Gas works plants/Gas works plants","Coking coal","ninth_sector","09_06_01_gas_works_plants_incl_own_use","Gas works plants","sector","Gas works plants","ready_to_add_display_authority","Missing code authority inferred from an active non-rollup LEAP mapping pair; review before adding."
"leap_combined_ninth","Gas works plants/Gas works plants","Electricity","ninth_sector","09_06_01_gas_works_plants_incl_own_use","Gas works plants","sector","Gas works plants","ready_to_add_display_authority","Missing code authority inferred from an active non-rollup LEAP mapping pair; review before adding."
"leap_combined_ninth","Gas works plants/Gas works plants","Fuel oil","ninth_sector","09_06_01_gas_works_plants_incl_own_use","Gas works plants","sector","Gas works plants","ready_to_add_display_authority","Missing code authority inferred from an active non-rollup LEAP mapping pair; review before adding."
"leap_combined_ninth","Gas works plants/Gas works plants","Gas and diesel oil","ninth_sector","09_06_01_gas_works_plants_incl_own_use","Gas works plants","sector","Gas works plants","ready_to_add_display_authority","Missing code authority inferred from an active non-rollup LEAP mapping pair; review before adding."
"leap_combined_ninth","Gas works plants/Gas works plants","Gas coke","ninth_sector","09_06_01_gas_works_plants_incl_own_use","Gas works plants","sector","Gas works plants","ready_to_add_display_authority","Missing code authority inferred from an active non-rollup LEAP mapping pair; review before adding."
"leap_combined_ninth","Gas works plants/Gas works plants","Gas works gas","ninth_sector","09_06_01_gas_works_plants_incl_own_use","Gas works plants","sector","Gas works plants","ready_to_add_display_authority","Missing code authority inferred from an active non-rollup LEAP mapping pair; review before adding."
"leap_combined_ninth","Gas works plants/Gas works plants","Heat","ninth_sector","09_06_01_gas_works_plants_incl_own_use","Gas works plants","sector","Gas works plants","ready_to_add_display_authority","Missing code authority inferred from an active non-rollup LEAP mapping pair; review before adding."
"leap_combined_ninth","Gas works plants/Gas works plants","Kerosene","ninth_sector","09_06_01_gas_works_plants_incl_own_use","Gas works plants","sector","Gas works plants","ready_to_add_display_authority","Missing code authority inferred from an active non-rollup LEAP mapping pair; review before adding."
"leap_combined_ninth","Gas works plants/Gas works plants","Lignite","ninth_sector","09_06_01_gas_works_plants_incl_own_use","Gas works plants","sector","Gas works plants","ready_to_add_display_authority","Missing code authority inferred from an active non-rollup LEAP mapping pair; review before adding."
"leap_combined_ninth","Gas works plants/Gas works plants","LNG","ninth_sector","09_06_01_gas_works_plants_incl_own_use","Gas works plants","sector","Gas works plants","ready_to_add_display_authority","Missing code authority inferred from an active non-rollup LEAP mapping pair; review before adding."
"leap_combined_ninth","Gas works plants/Gas works plants","LPG","ninth_sector","09_06_01_gas_works_plants_incl_own_use","Gas works plants","sector","Gas works plants","ready_to_add_display_authority","Missing code authority inferred from an active non-rollup LEAP mapping pair; review before adding."
"leap_combined_ninth","Gas works plants/Gas works plants","Lubricants","ninth_sector","09_06_01_gas_works_plants_incl_own_use","Gas works plants","sector","Gas works plants","ready_to_add_display_authority","Missing code authority inferred from an active non-rollup LEAP mapping pair; review before adding."
"leap_combined_ninth","Gas works plants/Gas works plants","Motor gasoline","ninth_sector","09_06_01_gas_works_plants_incl_own_use","Gas works plants","sector","Gas works plants","ready_to_add_display_authority","Missing code authority inferred from an active non-rollup LEAP mapping pair; review before adding."
"leap_combined_ninth","Gas works plants/Gas works plants","Naphtha","ninth_sector","09_06_01_gas_works_plants_incl_own_use","Gas works plants","sector","Gas works plants","ready_to_add_display_authority","Missing code authority inferred from an active non-rollup LEAP mapping pair; review before adding."
"leap_combined_ninth","Gas works plants/Gas works plants","Natural gas","ninth_sector","09_06_01_gas_works_plants_incl_own_use","Gas works plants","sector","Gas works plants","ready_to_add_display_authority","Missing code authority inferred from an active non-rollup LEAP mapping pair; review before adding."
"leap_combined_ninth","Gas works plants/Gas works plants","Other bituminous coal","ninth_sector","09_06_01_gas_works_plants_incl_own_use","Gas works plants","sector","Gas works plants","ready_to_add_display_authority","Missing code authority inferred from an active non-rollup LEAP mapping pair; review before adding."
"leap_combined_ninth","Gas works plants/Gas works plants","Other products","ninth_sector","09_06_01_gas_works_plants_incl_own_use","Gas works plants","sector","Gas works plants","ready_to_add_display_authority","Missing code authority inferred from an active non-rollup LEAP mapping pair; review before adding."
"leap_combined_ninth","Gas works plants/Gas works plants","Other recovered gases","ninth_sector","09_06_01_gas_works_plants_incl_own_use","Gas works plants","sector","Gas works plants","ready_to_add_display_authority","Missing code authority inferred from an active non-rollup LEAP mapping pair; review before adding."
"leap_combined_ninth","Gas works plants/Gas works plants","Paraffin waxes","ninth_sector","09_06_01_gas_works_plants_incl_own_use","Gas works plants","sector","Gas works plants","ready_to_add_display_authority","Missing code authority inferred from an active non-rollup LEAP mapping pair; review before adding."
"leap_combined_ninth","Gas works plants/Gas works plants","Patent fuel","ninth_sector","09_06_01_gas_works_plants_incl_own_use","Gas works plants","sector","Gas works plants","ready_to_add_display_authority","Missing code authority inferred from an active non-rollup LEAP mapping pair; review before adding."
"leap_combined_ninth","Gas works plants/Gas works plants","PetProd nonspecified","ninth_sector","09_06_01_gas_works_plants_incl_own_use","Gas works plants","sector","Gas works plants","ready_to_add_display_authority","Missing code authority inferred from an active non-rollup LEAP mapping pair; review before adding."
"leap_combined_ninth","Gas works plants/Gas works plants","Petroleum coke","ninth_sector","09_06_01_gas_works_plants_incl_own_use","Gas works plants","sector","Gas works plants","ready_to_add_display_authority","Missing code authority inferred from an active non-rollup LEAP mapping pair; review before adding."
"leap_combined_ninth","Gas works plants/Gas works plants","Refinery gas not liquefied","ninth_sector","09_06_01_gas_works_plants_incl_own_use","Gas works plants","sector","Gas works plants","ready_to_add_display_authority","Missing code authority inferred from an active non-rollup LEAP mapping pair; review before adding."
"leap_combined_ninth","Gas works plants/Gas works plants","Sub bituminous coal","ninth_sector","09_06_01_gas_works_plants_incl_own_use","Gas works plants","sector","Gas works plants","ready_to_add_display_authority","Missing code authority inferred from an active non-rollup LEAP mapping pair; review before adding."
"leap_combined_ninth","Gas works plants/Gas works plants","White spirit SBP","ninth_sector","09_06_01_gas_works_plants_incl_own_use","Gas works plants","sector","Gas works plants","ready_to_add_display_authority","Missing code authority inferred from an active non-rollup LEAP mapping pair; review before adding."
"leap_combined_ninth","Oil Refining/Oil Refining","Additives and oxygenates","ninth_sector","09_07_oil_refineries_incl_own_use","Oil Refining","sector","Oil Refining","ready_to_add_display_authority","Missing code authority inferred from an active non-rollup LEAP mapping pair; review before adding."
"leap_combined_ninth","Oil Refining/Oil Refining","Anthracite","ninth_sector","09_07_oil_refineries_incl_own_use","Oil Refining","sector","Oil Refining","ready_to_add_display_authority","Missing code authority inferred from an active non-rollup LEAP mapping pair; review before adding."
"leap_combined_ninth","Oil Refining/Oil Refining","Aviation gasoline","ninth_sector","09_07_oil_refineries_incl_own_use","Oil Refining","sector","Oil Refining","ready_to_add_display_authority","Missing code authority inferred from an active non-rollup LEAP mapping pair; review before adding."
"leap_combined_ninth","Oil Refining/Oil Refining","Bitumen","ninth_sector","09_07_oil_refineries_incl_own_use","Oil Refining","sector","Oil Refining","ready_to_add_display_authority","Missing code authority inferred from an active non-rollup LEAP mapping pair; review before adding."
"leap_combined_ninth","Oil Refining/Oil Refining","Crude oil","ninth_sector","09_07_oil_refineries_incl_own_use","Oil Refining","sector","Oil Refining","ready_to_add_display_authority","Missing code authority inferred from an active non-rollup LEAP mapping pair; review before adding."
"leap_combined_ninth","Oil Refining/Oil Refining","Electricity","ninth_sector","09_07_oil_refineries_incl_own_use","Oil Refining","sector","Oil Refining","ready_to_add_display_authority","Missing code authority inferred from an active non-rollup LEAP mapping pair; review before adding."
"leap_combined_ninth","Oil Refining/Oil Refining","Ethane","ninth_sector","09_07_oil_refineries_incl_own_use","Oil Refining","sector","Oil Refining","ready_to_add_display_authority","Missing code authority inferred from an active non-rollup LEAP mapping pair; review before adding."
"leap_combined_ninth","Oil Refining/Oil Refining","Fuel oil","ninth_sector","09_07_oil_refineries_incl_own_use","Oil Refining","sector","Oil Refining","ready_to_add_display_authority","Missing code authority inferred from an active non-rollup LEAP mapping pair; review before adding."
"leap_combined_ninth","Oil Refining/Oil Refining","Gas and diesel oil","ninth_sector","09_07_oil_refineries_incl_own_use","Oil Refining","sector","Oil Refining","ready_to_add_display_authority","Missing code authority inferred from an active non-rollup LEAP mapping pair; review before adding."
"leap_combined_ninth","Oil Refining/Oil Refining","Gasoline type jet fuel","ninth_sector","09_07_oil_refineries_incl_own_use","Oil Refining","sector","Oil Refining","ready_to_add_display_authority","Missing code authority inferred from an active non-rollup LEAP mapping pair; review before adding."
"leap_combined_ninth","Oil Refining/Oil Refining","Kerosene","ninth_sector","09_07_oil_refineries_incl_own_use","Oil Refining","sector","Oil Refining","ready_to_add_display_authority","Missing code authority inferred from an active non-rollup LEAP mapping pair; review before adding."
"leap_combined_ninth","Oil Refining/Oil Refining","Kerosene type jet fuel","ninth_sector","09_07_oil_refineries_incl_own_use","Oil Refining","sector","Oil Refining","ready_to_add_display_authority","Missing code authority inferred from an active non-rollup LEAP mapping pair; review before adding."
"leap_combined_ninth","Oil Refining/Oil Refining","LPG","ninth_sector","09_07_oil_refineries_incl_own_use","Oil Refining","sector","Oil Refining","ready_to_add_display_authority","Missing code authority inferred from an active non-rollup LEAP mapping pair; review before adding."
"leap_combined_ninth","Oil Refining/Oil Refining","Lubricants","ninth_sector","09_07_oil_refineries_incl_own_use","Oil Refining","sector","Oil Refining","ready_to_add_display_authority","Missing code authority inferred from an active non-rollup LEAP mapping pair; review before adding."
"leap_combined_ninth","Oil Refining/Oil Refining","Motor gasoline","ninth_sector","09_07_oil_refineries_incl_own_use","Oil Refining","sector","Oil Refining","ready_to_add_display_authority","Missing code authority inferred from an active non-rollup LEAP mapping pair; review before adding."
"leap_combined_ninth","Oil Refining/Oil Refining","Naphtha","ninth_sector","09_07_oil_refineries_incl_own_use","Oil Refining","sector","Oil Refining","ready_to_add_display_authority","Missing code authority inferred from an active non-rollup LEAP mapping pair; review before adding."
"leap_combined_ninth","Oil Refining/Oil Refining","Natural gas","ninth_sector","09_07_oil_refineries_incl_own_use","Oil Refining","sector","Oil Refining","ready_to_add_display_authority","Missing code authority inferred from an active non-rollup LEAP mapping pair; review before adding."
"leap_combined_ninth","Oil Refining/Oil Refining","Natural gas liquids","ninth_sector","09_07_oil_refineries_incl_own_use","Oil Refining","sector","Oil Refining","ready_to_add_display_authority","Missing code authority inferred from an active non-rollup LEAP mapping pair; review before adding."
"leap_combined_ninth","Oil Refining/Oil Refining","Other bituminous coal","ninth_sector","09_07_oil_refineries_incl_own_use","Oil Refining","sector","Oil Refining","ready_to_add_display_authority","Missing code authority inferred from an active non-rollup LEAP mapping pair; review before adding."
"leap_combined_ninth","Oil Refining/Oil Refining","Other products","ninth_sector","09_07_oil_refineries_incl_own_use","Oil Refining","sector","Oil Refining","ready_to_add_display_authority","Missing code authority inferred from an active non-rollup LEAP mapping pair; review before adding."
"leap_combined_ninth","Oil Refining/Oil Refining","Paraffin waxes","ninth_sector","09_07_oil_refineries_incl_own_use","Oil Refining","sector","Oil Refining","ready_to_add_display_authority","Missing code authority inferred from an active non-rollup LEAP mapping pair; review before adding."
"leap_combined_ninth","Oil Refining/Oil Refining","PetProd nonspecified","ninth_sector","09_07_oil_refineries_incl_own_use","Oil Refining","sector","Oil Refining","ready_to_add_display_authority","Missing code authority inferred from an active non-rollup LEAP mapping pair; review before adding."
"leap_combined_ninth","Oil Refining/Oil Refining","Petroleum coke","ninth_sector","09_07_oil_refineries_incl_own_use","Oil Refining","sector","Oil Refining","ready_to_add_display_authority","Missing code authority inferred from an active non-rollup LEAP mapping pair; review before adding."
"leap_combined_ninth","Oil Refining/Oil Refining","Refinery feedstocks","ninth_sector","09_07_oil_refineries_incl_own_use","Oil Refining","sector","Oil Refining","ready_to_add_display_authority","Missing code authority inferred from an active non-rollup LEAP mapping pair; review before adding."
"leap_combined_ninth","Oil Refining/Oil Refining","Refinery gas not liquefied","ninth_sector","09_07_oil_refineries_incl_own_use","Oil Refining","sector","Oil Refining","ready_to_add_display_authority","Missing code authority inferred from an active non-rollup LEAP mapping pair; review before adding."
"leap_combined_ninth","Oil Refining/Oil Refining","Sub bituminous coal","ninth_sector","09_07_oil_refineries_incl_own_use","Oil Refining","sector","Oil Refining","ready_to_add_display_authority","Missing code authority inferred from an active non-rollup LEAP mapping pair; review before adding."
"leap_combined_ninth","Oil Refining/Oil Refining","White spirit SBP","ninth_sector","09_07_oil_refineries_incl_own_use","Oil Refining","sector","Oil Refining","ready_to_add_display_authority","Missing code authority inferred from an active non-rollup LEAP mapping pair; review before adding."
"leap_combined_ninth","All demand aggregated/Transport non road","Ammonia","ninth_sector","15_01,15_03-15_06 Transport non-road","Transport non road","sector","Transport non road","ready_to_add_display_authority","Missing code authority inferred from an active non-rollup LEAP mapping pair; review before adding."
"leap_combined_ninth","All demand aggregated/Transport non road","Anthracite","ninth_sector","15_01,15_03-15_06 Transport non-road","Transport non road","sector","Transport non road","ready_to_add_display_authority","Missing code authority inferred from an active non-rollup LEAP mapping pair; review before adding."
"leap_combined_ninth","All demand aggregated/Transport non road","Aviation gasoline","ninth_sector","15_01,15_03-15_06 Transport non-road","Transport non road","sector","Transport non road","ready_to_add_display_authority","Missing code authority inferred from an active non-rollup LEAP mapping pair; review before adding."
"leap_combined_ninth","All demand aggregated/Transport non road","Bio jet kerosene","ninth_sector","15_01,15_03-15_06 Transport non-road","Transport non road","sector","Transport non road","ready_to_add_display_authority","Missing code authority inferred from an active non-rollup LEAP mapping pair; review before adding."
"leap_combined_ninth","All demand aggregated/Transport non road","Biodiesel","ninth_sector","15_01,15_03-15_06 Transport non-road","Transport non road","sector","Transport non road","ready_to_add_display_authority","Missing code authority inferred from an active non-rollup LEAP mapping pair; review before adding."
"leap_combined_ninth","All demand aggregated/Transport non road","Biogasoline","ninth_sector","15_01,15_03-15_06 Transport non-road","Transport non road","sector","Transport non road","ready_to_add_display_authority","Missing code authority inferred from an active non-rollup LEAP mapping pair; review before adding."
"leap_combined_ninth","All demand aggregated/Transport non road","Bitumen","ninth_sector","15_01,15_03-15_06 Transport non-road","Transport non road","sector","Transport non road","ready_to_add_display_authority","Missing code authority inferred from an active non-rollup LEAP mapping pair; review before adding."
"leap_combined_ninth","All demand aggregated/Transport non road","BKB and PB","ninth_sector","15_01,15_03-15_06 Transport non-road","Transport non road","sector","Transport non road","ready_to_add_display_authority","Missing code authority inferred from an active non-rollup LEAP mapping pair; review before adding."
"leap_combined_ninth","All demand aggregated/Transport non road","Blast furnace gas","ninth_sector","15_01,15_03-15_06 Transport non-road","Transport non road","sector","Transport non road","ready_to_add_display_authority","Missing code authority inferred from an active non-rollup LEAP mapping pair; review before adding."
"leap_combined_ninth","All demand aggregated/Transport non road","Coal tar","ninth_sector","15_01,15_03-15_06 Transport non-road","Transport non road","sector","Transport non road","ready_to_add_display_authority","Missing code authority inferred from an active non-rollup LEAP mapping pair; review before adding."
"leap_combined_ninth","All demand aggregated/Transport non road","Coke oven coke","ninth_sector","15_01,15_03-15_06 Transport non-road","Transport non road","sector","Transport non road","ready_to_add_display_authority","Missing code authority inferred from an active non-rollup LEAP mapping pair; review before adding."
"leap_combined_ninth","All demand aggregated/Transport non road","Coke oven gas","ninth_sector","15_01,15_03-15_06 Transport non-road","Transport non road","sector","Transport non road","ready_to_add_display_authority","Missing code authority inferred from an active non-rollup LEAP mapping pair; review before adding."
"leap_combined_ninth","All demand aggregated/Transport non road","Coking coal","ninth_sector","15_01,15_03-15_06 Transport non-road","Transport non road","sector","Transport non road","ready_to_add_display_authority","Missing code authority inferred from an active non-rollup LEAP mapping pair; review before adding."
"leap_combined_ninth","All demand aggregated/Transport non road","Crude oil","ninth_sector","15_01,15_03-15_06 Transport non-road","Transport non road","sector","Transport non road","ready_to_add_display_authority","Missing code authority inferred from an active non-rollup LEAP mapping pair; review before adding."
"leap_combined_ninth","All demand aggregated/Transport non road","Efuel","ninth_sector","15_01,15_03-15_06 Transport non-road","Transport non road","sector","Transport non road","ready_to_add_display_authority","Missing code authority inferred from an active non-rollup LEAP mapping pair; review before adding."
"leap_combined_ninth","All demand aggregated/Transport non road","Electricity","ninth_sector","15_01,15_03-15_06 Transport non-road","Transport non road","sector","Transport non road","ready_to_add_display_authority","Missing code authority inferred from an active non-rollup LEAP mapping pair; review before adding."
"leap_combined_ninth","All demand aggregated/Transport non road","Fuel oil","ninth_sector","15_01,15_03-15_06 Transport non-road","Transport non road","sector","Transport non road","ready_to_add_display_authority","Missing code authority inferred from an active non-rollup LEAP mapping pair; review before adding."
"leap_combined_ninth","All demand aggregated/Transport non road","Gas and diesel oil","ninth_sector","15_01,15_03-15_06 Transport non-road","Transport non road","sector","Transport non road","ready_to_add_display_authority","Missing code authority inferred from an active non-rollup LEAP mapping pair; review before adding."
"leap_combined_ninth","All demand aggregated/Transport non road","Gas coke","ninth_sector","15_01,15_03-15_06 Transport non-road","Transport non road","sector","Transport non road","ready_to_add_display_authority","Missing code authority inferred from an active non-rollup LEAP mapping pair; review before adding."
"leap_combined_ninth","All demand aggregated/Transport non road","Gasoline type jet fuel","ninth_sector","15_01,15_03-15_06 Transport non-road","Transport non road","sector","Transport non road","ready_to_add_display_authority","Missing code authority inferred from an active non-rollup LEAP mapping pair; review before adding."
"leap_combined_ninth","All demand aggregated/Transport non road","Hydrogen","ninth_sector","15_01,15_03-15_06 Transport non-road","Transport non road","sector","Transport non road","ready_to_add_display_authority","Missing code authority inferred from an active non-rollup LEAP mapping pair; review before adding."
"leap_combined_ninth","All demand aggregated/Transport non road","Kerosene","ninth_sector","15_01,15_03-15_06 Transport non-road","Transport non road","sector","Transport non road","ready_to_add_display_authority","Missing code authority inferred from an active non-rollup LEAP mapping pair; review before adding."
"leap_combined_ninth","All demand aggregated/Transport non road","Kerosene type jet fuel","ninth_sector","15_01,15_03-15_06 Transport non-road","Transport non road","sector","Transport non road","ready_to_add_display_authority","Missing code authority inferred from an active non-rollup LEAP mapping pair; review before adding."
"leap_combined_ninth","All demand aggregated/Transport non road","Lignite","ninth_sector","15_01,15_03-15_06 Transport non-road","Transport non road","sector","Transport non road","ready_to_add_display_authority","Missing code authority inferred from an active non-rollup LEAP mapping pair; review before adding."
"leap_combined_ninth","All demand aggregated/Transport non road","LNG","ninth_sector","15_01,15_03-15_06 Transport non-road","Transport non road","sector","Transport non road","ready_to_add_display_authority","Missing code authority inferred from an active non-rollup LEAP mapping pair; review before adding."
"leap_combined_ninth","All demand aggregated/Transport non road","LPG","ninth_sector","15_01,15_03-15_06 Transport non-road","Transport non road","sector","Transport non road","ready_to_add_display_authority","Missing code authority inferred from an active non-rollup LEAP mapping pair; review before adding."
"leap_combined_ninth","All demand aggregated/Transport non road","Lubricants","ninth_sector","15_01,15_03-15_06 Transport non-road","Transport non road","sector","Transport non road","ready_to_add_display_authority","Missing code authority inferred from an active non-rollup LEAP mapping pair; review before adding."
"leap_combined_ninth","All demand aggregated/Transport non road","Motor gasoline","ninth_sector","15_01,15_03-15_06 Transport non-road","Transport non road","sector","Transport non road","ready_to_add_display_authority","Missing code authority inferred from an active non-rollup LEAP mapping pair; review before adding."
"leap_combined_ninth","All demand aggregated/Transport non road","Natural gas","ninth_sector","15_01,15_03-15_06 Transport non-road","Transport non road","sector","Transport non road","ready_to_add_display_authority","Missing code authority inferred from an active non-rollup LEAP mapping pair; review before adding."
"leap_combined_ninth","All demand aggregated/Transport non road","Other bituminous coal","ninth_sector","15_01,15_03-15_06 Transport non-road","Transport non road","sector","Transport non road","ready_to_add_display_authority","Missing code authority inferred from an active non-rollup LEAP mapping pair; review before adding."
"leap_combined_ninth","All demand aggregated/Transport non road","Other products","ninth_sector","15_01,15_03-15_06 Transport non-road","Transport non road","sector","Transport non road","ready_to_add_display_authority","Missing code authority inferred from an active non-rollup LEAP mapping pair; review before adding."
"leap_combined_ninth","All demand aggregated/Transport non road","Other recovered gases","ninth_sector","15_01,15_03-15_06 Transport non-road","Transport non road","sector","Transport non road","ready_to_add_display_authority","Missing code authority inferred from an active non-rollup LEAP mapping pair; review before adding."
"leap_combined_ninth","All demand aggregated/Transport non road","Paraffin waxes","ninth_sector","15_01,15_03-15_06 Transport non-road","Transport non road","sector","Transport non road","ready_to_add_display_authority","Missing code authority inferred from an active non-rollup LEAP mapping pair; review before adding."
"leap_combined_ninth","All demand aggregated/Transport non road","Patent fuel","ninth_sector","15_01,15_03-15_06 Transport non-road","Transport non road","sector","Transport non road","ready_to_add_display_authority","Missing code authority inferred from an active non-rollup LEAP mapping pair; review before adding."
"leap_combined_ninth","All demand aggregated/Transport non road","PetProd nonspecified","ninth_sector","15_01,15_03-15_06 Transport non-road","Transport non road","sector","Transport non road","ready_to_add_display_authority","Missing code authority inferred from an active non-rollup LEAP mapping pair; review before adding."
"leap_combined_ninth","All demand aggregated/Transport non road","Petroleum coke","ninth_sector","15_01,15_03-15_06 Transport non-road","Transport non road","sector","Transport non road","ready_to_add_display_authority","Missing code authority inferred from an active non-rollup LEAP mapping pair; review before adding."
"leap_combined_ninth","All demand aggregated/Transport non road","Sub bituminous coal","ninth_sector","15_01,15_03-15_06 Transport non-road","Transport non road","sector","Transport non road","ready_to_add_display_authority","Missing code authority inferred from an active non-rollup LEAP mapping pair; review before adding."
"leap_combined_ninth","All demand aggregated/Transport non road","White spirit SBP","ninth_sector","15_01,15_03-15_06 Transport non-road","Transport non road","sector","Transport non road","ready_to_add_display_authority","Missing code authority inferred from an active non-rollup LEAP mapping pair; review before adding."
"leap_combined_ninth","Transport non road","Ammonia","ninth_sector","15_01,15_03-15_06 Transport non-road","Transport non road","sector","Transport non road","ready_to_add_display_authority","Missing code authority inferred from an active non-rollup LEAP mapping pair; review before adding."
"leap_combined_ninth","Transport non road","Anthracite","ninth_sector","15_01,15_03-15_06 Transport non-road","Transport non road","sector","Transport non road","ready_to_add_display_authority","Missing code authority inferred from an active non-rollup LEAP mapping pair; review before adding."
"leap_combined_ninth","Transport non road","Aviation gasoline","ninth_sector","15_01,15_03-15_06 Transport non-road","Transport non road","sector","Transport non road","ready_to_add_display_authority","Missing code authority inferred from an active non-rollup LEAP mapping pair; review before adding."
"leap_combined_ninth","Transport non road","Bio jet kerosene","ninth_sector","15_01,15_03-15_06 Transport non-road","Transport non road","sector","Transport non road","ready_to_add_display_authority","Missing code authority inferred from an active non-rollup LEAP mapping pair; review before adding."
"leap_combined_ninth","Transport non road","Biodiesel","ninth_sector","15_01,15_03-15_06 Transport non-road","Transport non road","sector","Transport non road","ready_to_add_display_authority","Missing code authority inferred from an active non-rollup LEAP mapping pair; review before adding."
"leap_combined_ninth","Transport non road","Biogasoline","ninth_sector","15_01,15_03-15_06 Transport non-road","Transport non road","sector","Transport non road","ready_to_add_display_authority","Missing code authority inferred from an active non-rollup LEAP mapping pair; review before adding."
"leap_combined_ninth","Transport non road","Coal tar","ninth_sector","15_01,15_03-15_06 Transport non-road","Transport non road","sector","Transport non road","ready_to_add_display_authority","Missing code authority inferred from an active non-rollup LEAP mapping pair; review before adding."
"leap_combined_ninth","Transport non road","Coke oven coke","ninth_sector","15_01,15_03-15_06 Transport non-road","Transport non road","sector","Transport non road","ready_to_add_display_authority","Missing code authority inferred from an active non-rollup LEAP mapping pair; review before adding."
"leap_combined_ninth","Transport non road","Coking coal","ninth_sector","15_01,15_03-15_06 Transport non-road","Transport non road","sector","Transport non road","ready_to_add_display_authority","Missing code authority inferred from an active non-rollup LEAP mapping pair; review before adding."
"leap_combined_ninth","Transport non road","Crude oil","ninth_sector","15_01,15_03-15_06 Transport non-road","Transport non road","sector","Transport non road","ready_to_add_display_authority","Missing code authority inferred from an active non-rollup LEAP mapping pair; review before adding."
"leap_combined_ninth","Transport non road","Efuel","ninth_sector","15_01,15_03-15_06 Transport non-road","Transport non road","sector","Transport non road","ready_to_add_display_authority","Missing code authority inferred from an active non-rollup LEAP mapping pair; review before adding."
"leap_combined_ninth","Transport non road","Electricity","ninth_sector","15_01,15_03-15_06 Transport non-road","Transport non road","sector","Transport non road","ready_to_add_display_authority","Missing code authority inferred from an active non-rollup LEAP mapping pair; review before adding."
"leap_combined_ninth","Transport non road","Fuel oil","ninth_sector","15_01,15_03-15_06 Transport non-road","Transport non road","sector","Transport non road","ready_to_add_display_authority","Missing code authority inferred from an active non-rollup LEAP mapping pair; review before adding."
"leap_combined_ninth","Transport non road","Gas and diesel oil","ninth_sector","15_01,15_03-15_06 Transport non-road","Transport non road","sector","Transport non road","ready_to_add_display_authority","Missing code authority inferred from an active non-rollup LEAP mapping pair; review before adding."
"leap_combined_ninth","Transport non road","Hydrogen","ninth_sector","15_01,15_03-15_06 Transport non-road","Transport non road","sector","Transport non road","ready_to_add_display_authority","Missing code authority inferred from an active non-rollup LEAP mapping pair; review before adding."
"leap_combined_ninth","Transport non road","Kerosene","ninth_sector","15_01,15_03-15_06 Transport non-road","Transport non road","sector","Transport non road","ready_to_add_display_authority","Missing code authority inferred from an active non-rollup LEAP mapping pair; review before adding."
"leap_combined_ninth","Transport non road","Kerosene type jet fuel","ninth_sector","15_01,15_03-15_06 Transport non-road","Transport non road","sector","Transport non road","ready_to_add_display_authority","Missing code authority inferred from an active non-rollup LEAP mapping pair; review before adding."
"leap_combined_ninth","Transport non road","Lignite","ninth_sector","15_01,15_03-15_06 Transport non-road","Transport non road","sector","Transport non road","ready_to_add_display_authority","Missing code authority inferred from an active non-rollup LEAP mapping pair; review before adding."
"leap_combined_ninth","Transport non road","LNG","ninth_sector","15_01,15_03-15_06 Transport non-road","Transport non road","sector","Transport non road","ready_to_add_display_authority","Missing code authority inferred from an active non-rollup LEAP mapping pair; review before adding."
"leap_combined_ninth","Transport non road","LPG","ninth_sector","15_01,15_03-15_06 Transport non-road","Transport non road","sector","Transport non road","ready_to_add_display_authority","Missing code authority inferred from an active non-rollup LEAP mapping pair; review before adding."
"leap_combined_ninth","Transport non road","Lubricants","ninth_sector","15_01,15_03-15_06 Transport non-road","Transport non road","sector","Transport non road","ready_to_add_display_authority","Missing code authority inferred from an active non-rollup LEAP mapping pair; review before adding."
"leap_combined_ninth","Transport non road","Motor gasoline","ninth_sector","15_01,15_03-15_06 Transport non-road","Transport non road","sector","Transport non road","ready_to_add_display_authority","Missing code authority inferred from an active non-rollup LEAP mapping pair; review before adding."
"leap_combined_ninth","Transport non road","Natural gas","ninth_sector","15_01,15_03-15_06 Transport non-road","Transport non road","sector","Transport non road","ready_to_add_display_authority","Missing code authority inferred from an active non-rollup LEAP mapping pair; review before adding."
"leap_combined_ninth","Transport non road","Other bituminous coal","ninth_sector","15_01,15_03-15_06 Transport non-road","Transport non road","sector","Transport non road","ready_to_add_display_authority","Missing code authority inferred from an active non-rollup LEAP mapping pair; review before adding."
"leap_combined_ninth","Transport non road","Other products","ninth_sector","15_01,15_03-15_06 Transport non-road","Transport non road","sector","Transport non road","ready_to_add_display_authority","Missing code authority inferred from an active non-rollup LEAP mapping pair; review before adding."
"leap_combined_ninth","Transport non road","Sub bituminous coal","ninth_sector","15_01,15_03-15_06 Transport non-road","Transport non road","sector","Transport non road","ready_to_add_display_authority","Missing code authority inferred from an active non-rollup LEAP mapping pair; review before adding."
"leap_combined_ninth","Buildings/Services","Additives and oxygenates","ninth_sector","16_01_01_commercial_and_public_services_incl_datacentres","Services","sector","Services","ready_to_add_display_authority","Missing code authority inferred from an active non-rollup LEAP mapping pair; review before adding."
"leap_combined_ninth","Buildings/Services","Anthracite","ninth_sector","16_01_01_commercial_and_public_services_incl_datacentres","Services","sector","Services","ready_to_add_display_authority","Missing code authority inferred from an active non-rollup LEAP mapping pair; review before adding."
"leap_combined_ninth","Buildings/Services","Aviation gasoline","ninth_sector","16_01_01_commercial_and_public_services_incl_datacentres","Services","sector","Services","ready_to_add_display_authority","Missing code authority inferred from an active non-rollup LEAP mapping pair; review before adding."
"leap_combined_ninth","Buildings/Services","Bagasse","ninth_sector","16_01_01_commercial_and_public_services_incl_datacentres","Services","sector","Services","ready_to_add_display_authority","Missing code authority inferred from an active non-rollup LEAP mapping pair; review before adding."
"leap_combined_ninth","Buildings/Services","Bio jet kerosene","ninth_sector","16_01_01_commercial_and_public_services_incl_datacentres","Services","sector","Services","ready_to_add_display_authority","Missing code authority inferred from an active non-rollup LEAP mapping pair; review before adding."
"leap_combined_ninth","Buildings/Services","Biodiesel","ninth_sector","16_01_01_commercial_and_public_services_incl_datacentres","Services","sector","Services","ready_to_add_display_authority","Missing code authority inferred from an active non-rollup LEAP mapping pair; review before adding."
"leap_combined_ninth","Buildings/Services","Biogas","ninth_sector","16_01_01_commercial_and_public_services_incl_datacentres","Services","sector","Services","ready_to_add_display_authority","Missing code authority inferred from an active non-rollup LEAP mapping pair; review before adding."
"leap_combined_ninth","Buildings/Services","Biogasoline","ninth_sector","16_01_01_commercial_and_public_services_incl_datacentres","Services","sector","Services","ready_to_add_display_authority","Missing code authority inferred from an active non-rollup LEAP mapping pair; review before adding."
"leap_combined_ninth","Buildings/Services","Bitumen","ninth_sector","16_01_01_commercial_and_public_services_incl_datacentres","Services","sector","Services","ready_to_add_display_authority","Missing code authority inferred from an active non-rollup LEAP mapping pair; review before adding."
"leap_combined_ninth","Buildings/Services","BKB and PB","ninth_sector","16_01_01_commercial_and_public_services_incl_datacentres","Services","sector","Services","ready_to_add_display_authority","Missing code authority inferred from an active non-rollup LEAP mapping pair; review before adding."
"leap_combined_ninth","Buildings/Services","Black liquor","ninth_sector","16_01_01_commercial_and_public_services_incl_datacentres","Services","sector","Services","ready_to_add_display_authority","Missing code authority inferred from an active non-rollup LEAP mapping pair; review before adding."
"leap_combined_ninth","Buildings/Services","Blast furnace gas","ninth_sector","16_01_01_commercial_and_public_services_incl_datacentres","Services","sector","Services","ready_to_add_display_authority","Missing code authority inferred from an active non-rollup LEAP mapping pair; review before adding."
"leap_combined_ninth","Buildings/Services","Charcoal","ninth_sector","16_01_01_commercial_and_public_services_incl_datacentres","Services","sector","Services","ready_to_add_display_authority","Missing code authority inferred from an active non-rollup LEAP mapping pair; review before adding."
"leap_combined_ninth","Buildings/Services","Coal nonspecified","ninth_sector","16_01_01_commercial_and_public_services_incl_datacentres","Services","sector","Services","ready_to_add_display_authority","Missing code authority inferred from an active non-rollup LEAP mapping pair; review before adding."
"leap_combined_ninth","Buildings/Services","Coal tar","ninth_sector","16_01_01_commercial_and_public_services_incl_datacentres","Services","sector","Services","ready_to_add_display_authority","Missing code authority inferred from an active non-rollup LEAP mapping pair; review before adding."
"leap_combined_ninth","Buildings/Services","Coke oven coke","ninth_sector","16_01_01_commercial_and_public_services_incl_datacentres","Services","sector","Services","ready_to_add_display_authority","Missing code authority inferred from an active non-rollup LEAP mapping pair; review before adding."
"leap_combined_ninth","Buildings/Services","Coke oven gas","ninth_sector","16_01_01_commercial_and_public_services_incl_datacentres","Services","sector","Services","ready_to_add_display_authority","Missing code authority inferred from an active non-rollup LEAP mapping pair; review before adding."
"leap_combined_ninth","Buildings/Services","Coking coal","ninth_sector","16_01_01_commercial_and_public_services_incl_datacentres","Services","sector","Services","ready_to_add_display_authority","Missing code authority inferred from an active non-rollup LEAP mapping pair; review before adding."
"leap_combined_ninth","Buildings/Services","Crude oil","ninth_sector","16_01_01_commercial_and_public_services_incl_datacentres","Services","sector","Services","ready_to_add_display_authority","Missing code authority inferred from an active non-rollup LEAP mapping pair; review before adding."
"leap_combined_ninth","Buildings/Services","Electricity","ninth_sector","16_01_01_commercial_and_public_services_incl_datacentres","Services","sector","Services","ready_to_add_display_authority","Missing code authority inferred from an active non-rollup LEAP mapping pair; review before adding."
"leap_combined_ninth","Buildings/Services","Ethane","ninth_sector","16_01_01_commercial_and_public_services_incl_datacentres","Services","sector","Services","ready_to_add_display_authority","Missing code authority inferred from an active non-rollup LEAP mapping pair; review before adding."
"leap_combined_ninth","Buildings/Services","Fuel oil","ninth_sector","16_01_01_commercial_and_public_services_incl_datacentres","Services","sector","Services","ready_to_add_display_authority","Missing code authority inferred from an active non-rollup LEAP mapping pair; review before adding."
"leap_combined_ninth","Buildings/Services","Fuelwood and woodwaste","ninth_sector","16_01_01_commercial_and_public_services_incl_datacentres","Services","sector","Services","ready_to_add_display_authority","Missing code authority inferred from an active non-rollup LEAP mapping pair; review before adding."
"leap_combined_ninth","Buildings/Services","Gas and diesel oil","ninth_sector","16_01_01_commercial_and_public_services_incl_datacentres","Services","sector","Services","ready_to_add_display_authority","Missing code authority inferred from an active non-rollup LEAP mapping pair; review before adding."
"leap_combined_ninth","Buildings/Services","Gas coke","ninth_sector","16_01_01_commercial_and_public_services_incl_datacentres","Services","sector","Services","ready_to_add_display_authority","Missing code authority inferred from an active non-rollup LEAP mapping pair; review before adding."
"leap_combined_ninth","Buildings/Services","Gas nonspecified","ninth_sector","16_01_01_commercial_and_public_services_incl_datacentres","Services","sector","Services","ready_to_add_display_authority","Missing code authority inferred from an active non-rollup LEAP mapping pair; review before adding."
"leap_combined_ninth","Buildings/Services","Gas works gas","ninth_sector","16_01_01_commercial_and_public_services_incl_datacentres","Services","sector","Services","ready_to_add_display_authority","Missing code authority inferred from an active non-rollup LEAP mapping pair; review before adding."
"leap_combined_ninth","Buildings/Services","Gasoline type jet fuel","ninth_sector","16_01_01_commercial_and_public_services_incl_datacentres","Services","sector","Services","ready_to_add_display_authority","Missing code authority inferred from an active non-rollup LEAP mapping pair; review before adding."
"leap_combined_ninth","Buildings/Services","Geothermal","ninth_sector","16_01_01_commercial_and_public_services_incl_datacentres","Services","sector","Services","ready_to_add_display_authority","Missing code authority inferred from an active non-rollup LEAP mapping pair; review before adding."
"leap_combined_ninth","Buildings/Services","Heat","ninth_sector","16_01_01_commercial_and_public_services_incl_datacentres","Services","sector","Services","ready_to_add_display_authority","Missing code authority inferred from an active non-rollup LEAP mapping pair; review before adding."
"leap_combined_ninth","Buildings/Services","Hydro","ninth_sector","16_01_01_commercial_and_public_services_incl_datacentres","Services","sector","Services","ready_to_add_display_authority","Missing code authority inferred from an active non-rollup LEAP mapping pair; review before adding."
"leap_combined_ninth","Buildings/Services","Hydrogen","ninth_sector","16_01_01_commercial_and_public_services_incl_datacentres","Services","sector","Services","ready_to_add_display_authority","Missing code authority inferred from an active non-rollup LEAP mapping pair; review before adding."
"leap_combined_ninth","Buildings/Services","Industrial waste","ninth_sector","16_01_01_commercial_and_public_services_incl_datacentres","Services","sector","Services","ready_to_add_display_authority","Missing code authority inferred from an active non-rollup LEAP mapping pair; review before adding."
"leap_combined_ninth","Buildings/Services","Kerosene","ninth_sector","16_01_01_commercial_and_public_services_incl_datacentres","Services","sector","Services","ready_to_add_display_authority","Missing code authority inferred from an active non-rollup LEAP mapping pair; review before adding."
"leap_combined_ninth","Buildings/Services","Kerosene type jet fuel","ninth_sector","16_01_01_commercial_and_public_services_incl_datacentres","Services","sector","Services","ready_to_add_display_authority","Missing code authority inferred from an active non-rollup LEAP mapping pair; review before adding."
"leap_combined_ninth","Buildings/Services","Lignite","ninth_sector","16_01_01_commercial_and_public_services_incl_datacentres","Services","sector","Services","ready_to_add_display_authority","Missing code authority inferred from an active non-rollup LEAP mapping pair; review before adding."
"leap_combined_ninth","Buildings/Services","LNG","ninth_sector","16_01_01_commercial_and_public_services_incl_datacentres","Services","sector","Services","ready_to_add_display_authority","Missing code authority inferred from an active non-rollup LEAP mapping pair; review before adding."
"leap_combined_ninth","Buildings/Services","LPG","ninth_sector","16_01_01_commercial_and_public_services_incl_datacentres","Services","sector","Services","ready_to_add_display_authority","Missing code authority inferred from an active non-rollup LEAP mapping pair; review before adding."
"leap_combined_ninth","Buildings/Services","Lubricants","ninth_sector","16_01_01_commercial_and_public_services_incl_datacentres","Services","sector","Services","ready_to_add_display_authority","Missing code authority inferred from an active non-rollup LEAP mapping pair; review before adding."
"leap_combined_ninth","Buildings/Services","Motor gasoline","ninth_sector","16_01_01_commercial_and_public_services_incl_datacentres","Services","sector","Services","ready_to_add_display_authority","Missing code authority inferred from an active non-rollup LEAP mapping pair; review before adding."
"leap_combined_ninth","Buildings/Services","Municipal solid waste non renewable","ninth_sector","16_01_01_commercial_and_public_services_incl_datacentres","Services","sector","Services","ready_to_add_display_authority","Missing code authority inferred from an active non-rollup LEAP mapping pair; review before adding."
"leap_combined_ninth","Buildings/Services","Municipal solid waste renewable","ninth_sector","16_01_01_commercial_and_public_services_incl_datacentres","Services","sector","Services","ready_to_add_display_authority","Missing code authority inferred from an active non-rollup LEAP mapping pair; review before adding."
"leap_combined_ninth","Buildings/Services","Naphtha","ninth_sector","16_01_01_commercial_and_public_services_incl_datacentres","Services","sector","Services","ready_to_add_display_authority","Missing code authority inferred from an active non-rollup LEAP mapping pair; review before adding."
"leap_combined_ninth","Buildings/Services","Natural gas","ninth_sector","16_01_01_commercial_and_public_services_incl_datacentres","Services","sector","Services","ready_to_add_display_authority","Missing code authority inferred from an active non-rollup LEAP mapping pair; review before adding."
"leap_combined_ninth","Buildings/Services","Natural gas liquids","ninth_sector","16_01_01_commercial_and_public_services_incl_datacentres","Services","sector","Services","ready_to_add_display_authority","Missing code authority inferred from an active non-rollup LEAP mapping pair; review before adding."
"leap_combined_ninth","Buildings/Services","Nuclear","ninth_sector","16_01_01_commercial_and_public_services_incl_datacentres","Services","sector","Services","ready_to_add_display_authority","Missing code authority inferred from an active non-rollup LEAP mapping pair; review before adding."
"leap_combined_ninth","Buildings/Services","Other biomass","ninth_sector","16_01_01_commercial_and_public_services_incl_datacentres","Services","sector","Services","ready_to_add_display_authority","Missing code authority inferred from an active non-rollup LEAP mapping pair; review before adding."
"leap_combined_ninth","Buildings/Services","Other bituminous coal","ninth_sector","16_01_01_commercial_and_public_services_incl_datacentres","Services","sector","Services","ready_to_add_display_authority","Missing code authority inferred from an active non-rollup LEAP mapping pair; review before adding."
"leap_combined_ninth","Buildings/Services","Other liquid biofuels","ninth_sector","16_01_01_commercial_and_public_services_incl_datacentres","Services","sector","Services","ready_to_add_display_authority","Missing code authority inferred from an active non-rollup LEAP mapping pair; review before adding."
"leap_combined_ninth","Buildings/Services","Other products","ninth_sector","16_01_01_commercial_and_public_services_incl_datacentres","Services","sector","Services","ready_to_add_display_authority","Missing code authority inferred from an active non-rollup LEAP mapping pair; review before adding."
"leap_combined_ninth","Buildings/Services","Other recovered gases","ninth_sector","16_01_01_commercial_and_public_services_incl_datacentres","Services","sector","Services","ready_to_add_display_authority","Missing code authority inferred from an active non-rollup LEAP mapping pair; review before adding."
"leap_combined_ninth","Buildings/Services","Other sources","ninth_sector","16_01_01_commercial_and_public_services_incl_datacentres","Services","sector","Services","ready_to_add_display_authority","Missing code authority inferred from an active non-rollup LEAP mapping pair; review before adding."
"leap_combined_ninth","Buildings/Services","Paraffin waxes","ninth_sector","16_01_01_commercial_and_public_services_incl_datacentres","Services","sector","Services","ready_to_add_display_authority","Missing code authority inferred from an active non-rollup LEAP mapping pair; review before adding."
"leap_combined_ninth","Buildings/Services","Patent fuel","ninth_sector","16_01_01_commercial_and_public_services_incl_datacentres","Services","sector","Services","ready_to_add_display_authority","Missing code authority inferred from an active non-rollup LEAP mapping pair; review before adding."
"leap_combined_ninth","Buildings/Services","Peat","ninth_sector","16_01_01_commercial_and_public_services_incl_datacentres","Services","sector","Services","ready_to_add_display_authority","Missing code authority inferred from an active non-rollup LEAP mapping pair; review before adding."
"leap_combined_ninth","Buildings/Services","Peat products","ninth_sector","16_01_01_commercial_and_public_services_incl_datacentres","Services","sector","Services","ready_to_add_display_authority","Missing code authority inferred from an active non-rollup LEAP mapping pair; review before adding."
"leap_combined_ninth","Buildings/Services","PetProd nonspecified","ninth_sector","16_01_01_commercial_and_public_services_incl_datacentres","Services","sector","Services","ready_to_add_display_authority","Missing code authority inferred from an active non-rollup LEAP mapping pair; review before adding."
"leap_combined_ninth","Buildings/Services","Petroleum coke","ninth_sector","16_01_01_commercial_and_public_services_incl_datacentres","Services","sector","Services","ready_to_add_display_authority","Missing code authority inferred from an active non-rollup LEAP mapping pair; review before adding."
"leap_combined_ninth","Buildings/Services","Refinery gas not liquefied","ninth_sector","16_01_01_commercial_and_public_services_incl_datacentres","Services","sector","Services","ready_to_add_display_authority","Missing code authority inferred from an active non-rollup LEAP mapping pair; review before adding."
"leap_combined_ninth","Buildings/Services","Solar nonspecified","ninth_sector","16_01_01_commercial_and_public_services_incl_datacentres","Services","sector","Services","ready_to_add_display_authority","Missing code authority inferred from an active non-rollup LEAP mapping pair; review before adding."
"leap_combined_ninth","Buildings/Services","Solar photovoltaics","ninth_sector","16_01_01_commercial_and_public_services_incl_datacentres","Services","sector","Services","ready_to_add_display_authority","Missing code authority inferred from an active non-rollup LEAP mapping pair; review before adding."
"leap_combined_ninth","Buildings/Services","Sub bituminous coal","ninth_sector","16_01_01_commercial_and_public_services_incl_datacentres","Services","sector","Services","ready_to_add_display_authority","Missing code authority inferred from an active non-rollup LEAP mapping pair; review before adding."
"leap_combined_ninth","Buildings/Services","White spirit SBP","ninth_sector","16_01_01_commercial_and_public_services_incl_datacentres","Services","sector","Services","ready_to_add_display_authority","Missing code authority inferred from an active non-rollup LEAP mapping pair; review before adding."
"leap_combined_ninth","Buildings/Services","Wind","ninth_sector","16_01_01_commercial_and_public_services_incl_datacentres","Services","sector","Services","ready_to_add_display_authority","Missing code authority inferred from an active non-rollup LEAP mapping pair; review before adding."
"leap_combined_ninth","All demand aggregated/Other sector","Anthracite","ninth_sector","16_02-16_05 Other sector (all demand aggregate)","Other sector","sector","Other sector","ready_to_add_display_authority","Missing code authority inferred from an active non-rollup LEAP mapping pair; review before adding."
"leap_combined_ninth","All demand aggregated/Other sector","Aviation gasoline","ninth_sector","16_02-16_05 Other sector (all demand aggregate)","Other sector","sector","Other sector","ready_to_add_display_authority","Missing code authority inferred from an active non-rollup LEAP mapping pair; review before adding."
"leap_combined_ninth","All demand aggregated/Other sector","Bagasse","ninth_sector","16_02-16_05 Other sector (all demand aggregate)","Other sector","sector","Other sector","ready_to_add_display_authority","Missing code authority inferred from an active non-rollup LEAP mapping pair; review before adding."
"leap_combined_ninth","All demand aggregated/Other sector","Biodiesel","ninth_sector","16_02-16_05 Other sector (all demand aggregate)","Other sector","sector","Other sector","ready_to_add_display_authority","Missing code authority inferred from an active non-rollup LEAP mapping pair; review before adding."
"leap_combined_ninth","All demand aggregated/Other sector","Biogas","ninth_sector","16_02-16_05 Other sector (all demand aggregate)","Other sector","sector","Other sector","ready_to_add_display_authority","Missing code authority inferred from an active non-rollup LEAP mapping pair; review before adding."
"leap_combined_ninth","All demand aggregated/Other sector","Biogasoline","ninth_sector","16_02-16_05 Other sector (all demand aggregate)","Other sector","sector","Other sector","ready_to_add_display_authority","Missing code authority inferred from an active non-rollup LEAP mapping pair; review before adding."
"leap_combined_ninth","All demand aggregated/Other sector","Bitumen","ninth_sector","16_02-16_05 Other sector (all demand aggregate)","Other sector","sector","Other sector","ready_to_add_display_authority","Missing code authority inferred from an active non-rollup LEAP mapping pair; review before adding."
"leap_combined_ninth","All demand aggregated/Other sector","BKB and PB","ninth_sector","16_02-16_05 Other sector (all demand aggregate)","Other sector","sector","Other sector","ready_to_add_display_authority","Missing code authority inferred from an active non-rollup LEAP mapping pair; review before adding."
"leap_combined_ninth","All demand aggregated/Other sector","Blast furnace gas","ninth_sector","16_02-16_05 Other sector (all demand aggregate)","Other sector","sector","Other sector","ready_to_add_display_authority","Missing code authority inferred from an active non-rollup LEAP mapping pair; review before adding."
"leap_combined_ninth","All demand aggregated/Other sector","Charcoal","ninth_sector","16_02-16_05 Other sector (all demand aggregate)","Other sector","sector","Other sector","ready_to_add_display_authority","Missing code authority inferred from an active non-rollup LEAP mapping pair; review before adding."
"leap_combined_ninth","All demand aggregated/Other sector","Coal tar","ninth_sector","16_02-16_05 Other sector (all demand aggregate)","Other sector","sector","Other sector","ready_to_add_display_authority","Missing code authority inferred from an active non-rollup LEAP mapping pair; review before adding."
"leap_combined_ninth","All demand aggregated/Other sector","Coke oven coke","ninth_sector","16_02-16_05 Other sector (all demand aggregate)","Other sector","sector","Other sector","ready_to_add_display_authority","Missing code authority inferred from an active non-rollup LEAP mapping pair; review before adding."
"leap_combined_ninth","All demand aggregated/Other sector","Coke oven gas","ninth_sector","16_02-16_05 Other sector (all demand aggregate)","Other sector","sector","Other sector","ready_to_add_display_authority","Missing code authority inferred from an active non-rollup LEAP mapping pair; review before adding."
"leap_combined_ninth","All demand aggregated/Other sector","Coking coal","ninth_sector","16_02-16_05 Other sector (all demand aggregate)","Other sector","sector","Other sector","ready_to_add_display_authority","Missing code authority inferred from an active non-rollup LEAP mapping pair; review before adding."
"leap_combined_ninth","All demand aggregated/Other sector","Crude oil","ninth_sector","16_02-16_05 Other sector (all demand aggregate)","Other sector","sector","Other sector","ready_to_add_display_authority","Missing code authority inferred from an active non-rollup LEAP mapping pair; review before adding."
"leap_combined_ninth","All demand aggregated/Other sector","Electricity","ninth_sector","16_02-16_05 Other sector (all demand aggregate)","Other sector","sector","Other sector","ready_to_add_display_authority","Missing code authority inferred from an active non-rollup LEAP mapping pair; review before adding."
"leap_combined_ninth","All demand aggregated/Other sector","Fuel oil","ninth_sector","16_02-16_05 Other sector (all demand aggregate)","Other sector","sector","Other sector","ready_to_add_display_authority","Missing code authority inferred from an active non-rollup LEAP mapping pair; review before adding."
"leap_combined_ninth","All demand aggregated/Other sector","Fuelwood and woodwaste","ninth_sector","16_02-16_05 Other sector (all demand aggregate)","Other sector","sector","Other sector","ready_to_add_display_authority","Missing code authority inferred from an active non-rollup LEAP mapping pair; review before adding."
"leap_combined_ninth","All demand aggregated/Other sector","Gas and diesel oil","ninth_sector","16_02-16_05 Other sector (all demand aggregate)","Other sector","sector","Other sector","ready_to_add_display_authority","Missing code authority inferred from an active non-rollup LEAP mapping pair; review before adding."
"leap_combined_ninth","All demand aggregated/Other sector","Gas coke","ninth_sector","16_02-16_05 Other sector (all demand aggregate)","Other sector","sector","Other sector","ready_to_add_display_authority","Missing code authority inferred from an active non-rollup LEAP mapping pair; review before adding."
"leap_combined_ninth","All demand aggregated/Other sector","Gas works gas","ninth_sector","16_02-16_05 Other sector (all demand aggregate)","Other sector","sector","Other sector","ready_to_add_display_authority","Missing code authority inferred from an active non-rollup LEAP mapping pair; review before adding."
"leap_combined_ninth","All demand aggregated/Other sector","Gasoline type jet fuel","ninth_sector","16_02-16_05 Other sector (all demand aggregate)","Other sector","sector","Other sector","ready_to_add_display_authority","Missing code authority inferred from an active non-rollup LEAP mapping pair; review before adding."
"leap_combined_ninth","All demand aggregated/Other sector","Geothermal","ninth_sector","16_02-16_05 Other sector (all demand aggregate)","Other sector","sector","Other sector","ready_to_add_display_authority","Missing code authority inferred from an active non-rollup LEAP mapping pair; review before adding."
"leap_combined_ninth","All demand aggregated/Other sector","Heat","ninth_sector","16_02-16_05 Other sector (all demand aggregate)","Other sector","sector","Other sector","ready_to_add_display_authority","Missing code authority inferred from an active non-rollup LEAP mapping pair; review before adding."
"leap_combined_ninth","All demand aggregated/Other sector","Hydrogen","ninth_sector","16_02-16_05 Other sector (all demand aggregate)","Other sector","sector","Other sector","ready_to_add_display_authority","Missing code authority inferred from an active non-rollup LEAP mapping pair; review before adding."
"leap_combined_ninth","All demand aggregated/Other sector","Industrial waste","ninth_sector","16_02-16_05 Other sector (all demand aggregate)","Other sector","sector","Other sector","ready_to_add_display_authority","Missing code authority inferred from an active non-rollup LEAP mapping pair; review before adding."
"leap_combined_ninth","All demand aggregated/Other sector","Kerosene","ninth_sector","16_02-16_05 Other sector (all demand aggregate)","Other sector","sector","Other sector","ready_to_add_display_authority","Missing code authority inferred from an active non-rollup LEAP mapping pair; review before adding."
"leap_combined_ninth","All demand aggregated/Other sector","Kerosene type jet fuel","ninth_sector","16_02-16_05 Other sector (all demand aggregate)","Other sector","sector","Other sector","ready_to_add_display_authority","Missing code authority inferred from an active non-rollup LEAP mapping pair; review before adding."
"leap_combined_ninth","All demand aggregated/Other sector","Lignite","ninth_sector","16_02-16_05 Other sector (all demand aggregate)","Other sector","sector","Other sector","ready_to_add_display_authority","Missing code authority inferred from an active non-rollup LEAP mapping pair; review before adding."
"leap_combined_ninth","All demand aggregated/Other sector","LPG","ninth_sector","16_02-16_05 Other sector (all demand aggregate)","Other sector","sector","Other sector","ready_to_add_display_authority","Missing code authority inferred from an active non-rollup LEAP mapping pair; review before adding."
"leap_combined_ninth","All demand aggregated/Other sector","Lubricants","ninth_sector","16_02-16_05 Other sector (all demand aggregate)","Other sector","sector","Other sector","ready_to_add_display_authority","Missing code authority inferred from an active non-rollup LEAP mapping pair; review before adding."
"leap_combined_ninth","All demand aggregated/Other sector","Motor gasoline","ninth_sector","16_02-16_05 Other sector (all demand aggregate)","Other sector","sector","Other sector","ready_to_add_display_authority","Missing code authority inferred from an active non-rollup LEAP mapping pair; review before adding."
"leap_combined_ninth","All demand aggregated/Other sector","Municipal solid waste non renewable","ninth_sector","16_02-16_05 Other sector (all demand aggregate)","Other sector","sector","Other sector","ready_to_add_display_authority","Missing code authority inferred from an active non-rollup LEAP mapping pair; review before adding."
"leap_combined_ninth","All demand aggregated/Other sector","Municipal solid waste renewable","ninth_sector","16_02-16_05 Other sector (all demand aggregate)","Other sector","sector","Other sector","ready_to_add_display_authority","Missing code authority inferred from an active non-rollup LEAP mapping pair; review before adding."
"leap_combined_ninth","All demand aggregated/Other sector","Naphtha","ninth_sector","16_02-16_05 Other sector (all demand aggregate)","Other sector","sector","Other sector","ready_to_add_display_authority","Missing code authority inferred from an active non-rollup LEAP mapping pair; review before adding."
"leap_combined_ninth","All demand aggregated/Other sector","Natural gas","ninth_sector","16_02-16_05 Other sector (all demand aggregate)","Other sector","sector","Other sector","ready_to_add_display_authority","Missing code authority inferred from an active non-rollup LEAP mapping pair; review before adding."
"leap_combined_ninth","All demand aggregated/Other sector","Natural gas liquids","ninth_sector","16_02-16_05 Other sector (all demand aggregate)","Other sector","sector","Other sector","ready_to_add_display_authority","Missing code authority inferred from an active non-rollup LEAP mapping pair; review before adding."
"leap_combined_ninth","All demand aggregated/Other sector","Other biomass","ninth_sector","16_02-16_05 Other sector (all demand aggregate)","Other sector","sector","Other sector","ready_to_add_display_authority","Missing code authority inferred from an active non-rollup LEAP mapping pair; review before adding."
"leap_combined_ninth","All demand aggregated/Other sector","Other bituminous coal","ninth_sector","16_02-16_05 Other sector (all demand aggregate)","Other sector","sector","Other sector","ready_to_add_display_authority","Missing code authority inferred from an active non-rollup LEAP mapping pair; review before adding."
"leap_combined_ninth","All demand aggregated/Other sector","Other liquid biofuels","ninth_sector","16_02-16_05 Other sector (all demand aggregate)","Other sector","sector","Other sector","ready_to_add_display_authority","Missing code authority inferred from an active non-rollup LEAP mapping pair; review before adding."
"leap_combined_ninth","All demand aggregated/Other sector","Other products","ninth_sector","16_02-16_05 Other sector (all demand aggregate)","Other sector","sector","Other sector","ready_to_add_display_authority","Missing code authority inferred from an active non-rollup LEAP mapping pair; review before adding."
"leap_combined_ninth","All demand aggregated/Other sector","Other recovered gases","ninth_sector","16_02-16_05 Other sector (all demand aggregate)","Other sector","sector","Other sector","ready_to_add_display_authority","Missing code authority inferred from an active non-rollup LEAP mapping pair; review before adding."
"leap_combined_ninth","All demand aggregated/Other sector","Other sources","ninth_sector","16_02-16_05 Other sector (all demand aggregate)","Other sector","sector","Other sector","ready_to_add_display_authority","Missing code authority inferred from an active non-rollup LEAP mapping pair; review before adding."
"leap_combined_ninth","All demand aggregated/Other sector","Paraffin waxes","ninth_sector","16_02-16_05 Other sector (all demand aggregate)","Other sector","sector","Other sector","ready_to_add_display_authority","Missing code authority inferred from an active non-rollup LEAP mapping pair; review before adding."
"leap_combined_ninth","All demand aggregated/Other sector","Patent fuel","ninth_sector","16_02-16_05 Other sector (all demand aggregate)","Other sector","sector","Other sector","ready_to_add_display_authority","Missing code authority inferred from an active non-rollup LEAP mapping pair; review before adding."
"leap_combined_ninth","All demand aggregated/Other sector","Peat","ninth_sector","16_02-16_05 Other sector (all demand aggregate)","Other sector","sector","Other sector","ready_to_add_display_authority","Missing code authority inferred from an active non-rollup LEAP mapping pair; review before adding."
"leap_combined_ninth","All demand aggregated/Other sector","Peat products","ninth_sector","16_02-16_05 Other sector (all demand aggregate)","Other sector","sector","Other sector","ready_to_add_display_authority","Missing code authority inferred from an active non-rollup LEAP mapping pair; review before adding."
"leap_combined_ninth","All demand aggregated/Other sector","PetProd nonspecified","ninth_sector","16_02-16_05 Other sector (all demand aggregate)","Other sector","sector","Other sector","ready_to_add_display_authority","Missing code authority inferred from an active non-rollup LEAP mapping pair; review before adding."
"leap_combined_ninth","All demand aggregated/Other sector","Petroleum coke","ninth_sector","16_02-16_05 Other sector (all demand aggregate)","Other sector","sector","Other sector","ready_to_add_display_authority","Missing code authority inferred from an active non-rollup LEAP mapping pair; review before adding."
"leap_combined_ninth","All demand aggregated/Other sector","Solar nonspecified","ninth_sector","16_02-16_05 Other sector (all demand aggregate)","Other sector","sector","Other sector","ready_to_add_display_authority","Missing code authority inferred from an active non-rollup LEAP mapping pair; review before adding."
"leap_combined_ninth","All demand aggregated/Other sector","Sub bituminous coal","ninth_sector","16_02-16_05 Other sector (all demand aggregate)","Other sector","sector","Other sector","ready_to_add_display_authority","Missing code authority inferred from an active non-rollup LEAP mapping pair; review before adding."
"leap_combined_ninth","All demand aggregated/Other sector","White spirit SBP","ninth_sector","16_02-16_05 Other sector (all demand aggregate)","Other sector","sector","Other sector","ready_to_add_display_authority","Missing code authority inferred from an active non-rollup LEAP mapping pair; review before adding."
"leap_combined_ninth","Other sector","Anthracite","ninth_sector","16_02-16_05 Other sector (all demand aggregate)","Other sector","sector","Other sector","ready_to_add_display_authority","Missing code authority inferred from an active non-rollup LEAP mapping pair; review before adding."
"leap_combined_ninth","Other sector","Aviation gasoline","ninth_sector","16_02-16_05 Other sector (all demand aggregate)","Other sector","sector","Other sector","ready_to_add_display_authority","Missing code authority inferred from an active non-rollup LEAP mapping pair; review before adding."
"leap_combined_ninth","Other sector","Biodiesel","ninth_sector","16_02-16_05 Other sector (all demand aggregate)","Other sector","sector","Other sector","ready_to_add_display_authority","Missing code authority inferred from an active non-rollup LEAP mapping pair; review before adding."
"leap_combined_ninth","Other sector","Biogas","ninth_sector","16_02-16_05 Other sector (all demand aggregate)","Other sector","sector","Other sector","ready_to_add_display_authority","Missing code authority inferred from an active non-rollup LEAP mapping pair; review before adding."
"leap_combined_ninth","Other sector","Biogasoline","ninth_sector","16_02-16_05 Other sector (all demand aggregate)","Other sector","sector","Other sector","ready_to_add_display_authority","Missing code authority inferred from an active non-rollup LEAP mapping pair; review before adding."
"leap_combined_ninth","Other sector","BKB and PB","ninth_sector","16_02-16_05 Other sector (all demand aggregate)","Other sector","sector","Other sector","ready_to_add_display_authority","Missing code authority inferred from an active non-rollup LEAP mapping pair; review before adding."
"leap_combined_ninth","Other sector","Blast furnace gas","ninth_sector","16_02-16_05 Other sector (all demand aggregate)","Other sector","sector","Other sector","ready_to_add_display_authority","Missing code authority inferred from an active non-rollup LEAP mapping pair; review before adding."
"leap_combined_ninth","Other sector","Charcoal","ninth_sector","16_02-16_05 Other sector (all demand aggregate)","Other sector","sector","Other sector","ready_to_add_display_authority","Missing code authority inferred from an active non-rollup LEAP mapping pair; review before adding."
"leap_combined_ninth","Other sector","Coal tar","ninth_sector","16_02-16_05 Other sector (all demand aggregate)","Other sector","sector","Other sector","ready_to_add_display_authority","Missing code authority inferred from an active non-rollup LEAP mapping pair; review before adding."
"leap_combined_ninth","Other sector","Coke oven coke","ninth_sector","16_02-16_05 Other sector (all demand aggregate)","Other sector","sector","Other sector","ready_to_add_display_authority","Missing code authority inferred from an active non-rollup LEAP mapping pair; review before adding."
"leap_combined_ninth","Other sector","Coke oven gas","ninth_sector","16_02-16_05 Other sector (all demand aggregate)","Other sector","sector","Other sector","ready_to_add_display_authority","Missing code authority inferred from an active non-rollup LEAP mapping pair; review before adding."
"leap_combined_ninth","Other sector","Coking coal","ninth_sector","16_02-16_05 Other sector (all demand aggregate)","Other sector","sector","Other sector","ready_to_add_display_authority","Missing code authority inferred from an active non-rollup LEAP mapping pair; review before adding."
"leap_combined_ninth","Other sector","Crude oil","ninth_sector","16_02-16_05 Other sector (all demand aggregate)","Other sector","sector","Other sector","ready_to_add_display_authority","Missing code authority inferred from an active non-rollup LEAP mapping pair; review before adding."
"leap_combined_ninth","Other sector","Electricity","ninth_sector","16_02-16_05 Other sector (all demand aggregate)","Other sector","sector","Other sector","ready_to_add_display_authority","Missing code authority inferred from an active non-rollup LEAP mapping pair; review before adding."
"leap_combined_ninth","Other sector","Fuel oil","ninth_sector","16_02-16_05 Other sector (all demand aggregate)","Other sector","sector","Other sector","ready_to_add_display_authority","Missing code authority inferred from an active non-rollup LEAP mapping pair; review before adding."
"leap_combined_ninth","Other sector","Fuelwood and woodwaste","ninth_sector","16_02-16_05 Other sector (all demand aggregate)","Other sector","sector","Other sector","ready_to_add_display_authority","Missing code authority inferred from an active non-rollup LEAP mapping pair; review before adding."
"leap_combined_ninth","Other sector","Gas and diesel oil","ninth_sector","16_02-16_05 Other sector (all demand aggregate)","Other sector","sector","Other sector","ready_to_add_display_authority","Missing code authority inferred from an active non-rollup LEAP mapping pair; review before adding."
"leap_combined_ninth","Other sector","Gas works gas","ninth_sector","16_02-16_05 Other sector (all demand aggregate)","Other sector","sector","Other sector","ready_to_add_display_authority","Missing code authority inferred from an active non-rollup LEAP mapping pair; review before adding."
"leap_combined_ninth","Other sector","Geothermal","ninth_sector","16_02-16_05 Other sector (all demand aggregate)","Other sector","sector","Other sector","ready_to_add_display_authority","Missing code authority inferred from an active non-rollup LEAP mapping pair; review before adding."
"leap_combined_ninth","Other sector","Heat","ninth_sector","16_02-16_05 Other sector (all demand aggregate)","Other sector","sector","Other sector","ready_to_add_display_authority","Missing code authority inferred from an active non-rollup LEAP mapping pair; review before adding."
"leap_combined_ninth","Other sector","Hydrogen","ninth_sector","16_02-16_05 Other sector (all demand aggregate)","Other sector","sector","Other sector","ready_to_add_display_authority","Missing code authority inferred from an active non-rollup LEAP mapping pair; review before adding."
"leap_combined_ninth","Other sector","Industrial waste","ninth_sector","16_02-16_05 Other sector (all demand aggregate)","Other sector","sector","Other sector","ready_to_add_display_authority","Missing code authority inferred from an active non-rollup LEAP mapping pair; review before adding."
"leap_combined_ninth","Other sector","Kerosene","ninth_sector","16_02-16_05 Other sector (all demand aggregate)","Other sector","sector","Other sector","ready_to_add_display_authority","Missing code authority inferred from an active non-rollup LEAP mapping pair; review before adding."
"leap_combined_ninth","Other sector","Kerosene type jet fuel","ninth_sector","16_02-16_05 Other sector (all demand aggregate)","Other sector","sector","Other sector","ready_to_add_display_authority","Missing code authority inferred from an active non-rollup LEAP mapping pair; review before adding."
"leap_combined_ninth","Other sector","Lignite","ninth_sector","16_02-16_05 Other sector (all demand aggregate)","Other sector","sector","Other sector","ready_to_add_display_authority","Missing code authority inferred from an active non-rollup LEAP mapping pair; review before adding."
"leap_combined_ninth","Other sector","LPG","ninth_sector","16_02-16_05 Other sector (all demand aggregate)","Other sector","sector","Other sector","ready_to_add_display_authority","Missing code authority inferred from an active non-rollup LEAP mapping pair; review before adding."
"leap_combined_ninth","Other sector","Lubricants","ninth_sector","16_02-16_05 Other sector (all demand aggregate)","Other sector","sector","Other sector","ready_to_add_display_authority","Missing code authority inferred from an active non-rollup LEAP mapping pair; review before adding."
"leap_combined_ninth","Other sector","Motor gasoline","ninth_sector","16_02-16_05 Other sector (all demand aggregate)","Other sector","sector","Other sector","ready_to_add_display_authority","Missing code authority inferred from an active non-rollup LEAP mapping pair; review before adding."
"leap_combined_ninth","Other sector","Municipal solid waste non renewable","ninth_sector","16_02-16_05 Other sector (all demand aggregate)","Other sector","sector","Other sector","ready_to_add_display_authority","Missing code authority inferred from an active non-rollup LEAP mapping pair; review before adding."
"leap_combined_ninth","Other sector","Municipal solid waste renewable","ninth_sector","16_02-16_05 Other sector (all demand aggregate)","Other sector","sector","Other sector","ready_to_add_display_authority","Missing code authority inferred from an active non-rollup LEAP mapping pair; review before adding."
"leap_combined_ninth","Other sector","Naphtha","ninth_sector","16_02-16_05 Other sector (all demand aggregate)","Other sector","sector","Other sector","ready_to_add_display_authority","Missing code authority inferred from an active non-rollup LEAP mapping pair; review before adding."
"leap_combined_ninth","Other sector","Natural gas","ninth_sector","16_02-16_05 Other sector (all demand aggregate)","Other sector","sector","Other sector","ready_to_add_display_authority","Missing code authority inferred from an active non-rollup LEAP mapping pair; review before adding."
"leap_combined_ninth","Other sector","Other biomass","ninth_sector","16_02-16_05 Other sector (all demand aggregate)","Other sector","sector","Other sector","ready_to_add_display_authority","Missing code authority inferred from an active non-rollup LEAP mapping pair; review before adding."
"leap_combined_ninth","Other sector","Other bituminous coal","ninth_sector","16_02-16_05 Other sector (all demand aggregate)","Other sector","sector","Other sector","ready_to_add_display_authority","Missing code authority inferred from an active non-rollup LEAP mapping pair; review before adding."
"leap_combined_ninth","Other sector","Other liquid biofuels","ninth_sector","16_02-16_05 Other sector (all demand aggregate)","Other sector","sector","Other sector","ready_to_add_display_authority","Missing code authority inferred from an active non-rollup LEAP mapping pair; review before adding."
"leap_combined_ninth","Other sector","Other products","ninth_sector","16_02-16_05 Other sector (all demand aggregate)","Other sector","sector","Other sector","ready_to_add_display_authority","Missing code authority inferred from an active non-rollup LEAP mapping pair; review before adding."
"leap_combined_ninth","Other sector","Other recovered gases","ninth_sector","16_02-16_05 Other sector (all demand aggregate)","Other sector","sector","Other sector","ready_to_add_display_authority","Missing code authority inferred from an active non-rollup LEAP mapping pair; review before adding."
"leap_combined_ninth","Other sector","Other sources","ninth_sector","16_02-16_05 Other sector (all demand aggregate)","Other sector","sector","Other sector","ready_to_add_display_authority","Missing code authority inferred from an active non-rollup LEAP mapping pair; review before adding."
"leap_combined_ninth","Other sector","Patent fuel","ninth_sector","16_02-16_05 Other sector (all demand aggregate)","Other sector","sector","Other sector","ready_to_add_display_authority","Missing code authority inferred from an active non-rollup LEAP mapping pair; review before adding."
"leap_combined_ninth","Other sector","Peat","ninth_sector","16_02-16_05 Other sector (all demand aggregate)","Other sector","sector","Other sector","ready_to_add_display_authority","Missing code authority inferred from an active non-rollup LEAP mapping pair; review before adding."
"leap_combined_ninth","Other sector","Peat products","ninth_sector","16_02-16_05 Other sector (all demand aggregate)","Other sector","sector","Other sector","ready_to_add_display_authority","Missing code authority inferred from an active non-rollup LEAP mapping pair; review before adding."
"leap_combined_ninth","Other sector","Solar nonspecified","ninth_sector","16_02-16_05 Other sector (all demand aggregate)","Other sector","sector","Other sector","ready_to_add_display_authority","Missing code authority inferred from an active non-rollup LEAP mapping pair; review before adding."
"leap_combined_ninth","Other sector","Sub bituminous coal","ninth_sector","16_02-16_05 Other sector (all demand aggregate)","Other sector","sector","Other sector","ready_to_add_display_authority","Missing code authority inferred from an active non-rollup LEAP mapping pair; review before adding."
