mapping_name,comparison_scope,source_system,source_flow,source_product,target_system,current_target_count,compiled_target_count,exact_target_count,missing_target_count,extra_target_count,reproduction_status
leap_to_esto,BOTH,LEAP,Agriculture and fishing,Anthracite,ESTO,1,0,0,1,0,missing_current_targets
leap_to_esto,BOTH,LEAP,Agriculture and fishing,Aviation gasoline,ESTO,1,0,0,1,0,missing_current_targets
leap_to_esto,BOTH,LEAP,Agriculture and fishing,BKB and PB,ESTO,1,0,0,1,0,missing_current_targets
leap_to_esto,BOTH,LEAP,Agriculture and fishing,Biodiesel,ESTO,1,0,0,1,0,missing_current_targets
leap_to_esto,BOTH,LEAP,Agriculture and fishing,Biogas,ESTO,1,0,0,1,0,missing_current_targets
leap_to_esto,BOTH,LEAP,Agriculture and fishing,Biogasoline,ESTO,1,0,0,1,0,missing_current_targets
leap_to_esto,BOTH,LEAP,Agriculture and fishing,Blast furnace gas,ESTO,1,0,0,1,0,missing_current_targets
leap_to_esto,BOTH,LEAP,Agriculture and fishing,Charcoal,ESTO,1,0,0,1,0,missing_current_targets
leap_to_esto,BOTH,LEAP,Agriculture and fishing,Coal tar,ESTO,1,0,0,1,0,missing_current_targets
leap_to_esto,BOTH,LEAP,Agriculture and fishing,Coke oven coke,ESTO,1,0,0,1,0,missing_current_targets
leap_to_esto,BOTH,LEAP,Agriculture and fishing,Coke oven gas,ESTO,1,0,0,1,0,missing_current_targets
leap_to_esto,BOTH,LEAP,Agriculture and fishing,Electricity,ESTO,1,0,0,1,0,missing_current_targets
leap_to_esto,BOTH,LEAP,Agriculture and fishing,Fuel oil,ESTO,1,0,0,1,0,missing_current_targets
leap_to_esto,BOTH,LEAP,Agriculture and fishing,Fuelwood and woodwaste,ESTO,1,0,0,1,0,missing_current_targets
leap_to_esto,BOTH,LEAP,Agriculture and fishing,Gas and diesel oil,ESTO,1,0,0,1,0,missing_current_targets
leap_to_esto,BOTH,LEAP,Agriculture and fishing,Gas works gas,ESTO,1,0,0,1,0,missing_current_targets
leap_to_esto,BOTH,LEAP,Agriculture and fishing,Geothermal,ESTO,1,0,0,1,0,missing_current_targets
leap_to_esto,BOTH,LEAP,Agriculture and fishing,Heat,ESTO,1,0,0,1,0,missing_current_targets
leap_to_esto,BOTH,LEAP,Agriculture and fishing,Hydrogen,ESTO,1,0,0,1,0,missing_current_targets
leap_to_esto,BOTH,LEAP,Agriculture and fishing,Industrial waste,ESTO,1,0,0,1,0,missing_current_targets
leap_to_esto,BOTH,LEAP,Agriculture and fishing,Kerosene,ESTO,1,0,0,1,0,missing_current_targets
leap_to_esto,BOTH,LEAP,Agriculture and fishing,Kerosene type jet fuel,ESTO,1,0,0,1,0,missing_current_targets
leap_to_esto,BOTH,LEAP,Agriculture and fishing,LPG,ESTO,1,0,0,1,0,missing_current_targets
leap_to_esto,BOTH,LEAP,Agriculture and fishing,Lignite,ESTO,1,0,0,1,0,missing_current_targets
leap_to_esto,BOTH,LEAP,Agriculture and fishing,Motor gasoline,ESTO,1,0,0,1,0,missing_current_targets
leap_to_esto,BOTH,LEAP,Agriculture and fishing,Municipal solid waste non renewable,ESTO,1,0,0,1,0,missing_current_targets
leap_to_esto,BOTH,LEAP,Agriculture and fishing,Municipal solid waste renewable,ESTO,1,0,0,1,0,missing_current_targets
leap_to_esto,BOTH,LEAP,Agriculture and fishing,Natural gas,ESTO,1,0,0,1,0,missing_current_targets
leap_to_esto,BOTH,LEAP,Agriculture and fishing,Other biomass,ESTO,1,0,0,1,0,missing_current_targets
leap_to_esto,BOTH,LEAP,Agriculture and fishing,Other bituminous coal,ESTO,1,0,0,1,0,missing_current_targets
leap_to_esto,BOTH,LEAP,Agriculture and fishing,Other recovered gases,ESTO,1,0,0,1,0,missing_current_targets
leap_to_esto,BOTH,LEAP,Agriculture and fishing,Patent fuel,ESTO,1,0,0,1,0,missing_current_targets
leap_to_esto,BOTH,LEAP,Agriculture and fishing,Solar nonspecified,ESTO,1,0,0,1,0,missing_current_targets
leap_to_esto,BOTH,LEAP,Agriculture and fishing,Sub bituminous coal,ESTO,1,0,0,1,0,missing_current_targets
leap_to_esto,BOTH,LEAP,BKB and PB plants/BKB and PB plants,Anthracite,ESTO,1,1,1,0,0,lossless_without_override
leap_to_esto,BOTH,LEAP,BKB and PB plants/BKB and PB plants,BKB and PB,ESTO,1,1,1,0,0,lossless_without_override
leap_to_esto,BOTH,LEAP,BKB and PB plants/BKB and PB plants,Blast furnace gas,ESTO,1,0,0,1,0,missing_current_targets
leap_to_esto,BOTH,LEAP,BKB and PB plants/BKB and PB plants,Coal tar,ESTO,1,0,0,1,0,missing_current_targets
leap_to_esto,BOTH,LEAP,BKB and PB plants/BKB and PB plants,Coke oven coke,ESTO,1,1,0,1,1,missing_and_extra_targets
leap_to_esto,BOTH,LEAP,BKB and PB plants/BKB and PB plants,Coke oven gas,ESTO,1,0,0,1,0,missing_current_targets
leap_to_esto,BOTH,LEAP,BKB and PB plants/BKB and PB plants,Coking coal,ESTO,1,1,1,0,0,lossless_without_override
leap_to_esto,BOTH,LEAP,BKB and PB plants/BKB and PB plants,Electricity,ESTO,1,0,0,1,0,missing_current_targets
leap_to_esto,BOTH,LEAP,BKB and PB plants/BKB and PB plants,Fuel oil,ESTO,1,0,0,1,0,missing_current_targets
leap_to_esto,BOTH,LEAP,BKB and PB plants/BKB and PB plants,Gas and diesel oil,ESTO,1,0,0,1,0,missing_current_targets
leap_to_esto,BOTH,LEAP,BKB and PB plants/BKB and PB plants,Industrial waste,ESTO,1,0,0,1,0,missing_current_targets
leap_to_esto,BOTH,LEAP,BKB and PB plants/BKB and PB plants,Kerosene,ESTO,1,0,0,1,0,missing_current_targets
leap_to_esto,BOTH,LEAP,BKB and PB plants/BKB and PB plants,LPG,ESTO,1,0,0,1,0,missing_current_targets
leap_to_esto,BOTH,LEAP,BKB and PB plants/BKB and PB plants,Lignite,ESTO,1,2,1,0,1,extra_factorised_targets
leap_to_esto,BOTH,LEAP,BKB and PB plants/BKB and PB plants,Natural gas,ESTO,1,0,0,1,0,missing_current_targets
leap_to_esto,BOTH,LEAP,BKB and PB plants/BKB and PB plants,Other bituminous coal,ESTO,1,1,1,0,0,lossless_without_override
leap_to_esto,BOTH,LEAP,BKB and PB plants/BKB and PB plants,Other products,ESTO,1,0,0,1,0,missing_current_targets
leap_to_esto,BOTH,LEAP,BKB and PB plants/BKB and PB plants,Other recovered gases,ESTO,1,0,0,1,0,missing_current_targets
leap_to_esto,BOTH,LEAP,BKB and PB plants/BKB and PB plants,Patent fuel,ESTO,1,0,0,1,0,missing_current_targets
leap_to_esto,BOTH,LEAP,BKB and PB plants/BKB and PB plants,Peat,ESTO,1,1,1,0,0,lossless_without_override
leap_to_esto,BOTH,LEAP,BKB and PB plants/BKB and PB plants,Peat products,ESTO,1,2,1,0,1,extra_factorised_targets
leap_to_esto,BOTH,LEAP,BKB and PB plants/BKB and PB plants,Petroleum coke,ESTO,1,0,0,1,0,missing_current_targets
leap_to_esto,BOTH,LEAP,BKB and PB plants/BKB and PB plants,Sub bituminous coal,ESTO,1,1,0,1,1,missing_and_extra_targets
leap_to_esto,BOTH,LEAP,Blast furnaces/Blast furnaces,Anthracite,ESTO,1,0,0,1,0,missing_current_targets
leap_to_esto,BOTH,LEAP,Blast furnaces/Blast furnaces,Blast furnace gas,ESTO,1,0,0,1,0,missing_current_targets
leap_to_esto,BOTH,LEAP,Blast furnaces/Blast furnaces,Coal tar,ESTO,1,0,0,1,0,missing_current_targets
leap_to_esto,BOTH,LEAP,Blast furnaces/Blast furnaces,Coke oven coke,ESTO,1,0,0,1,0,missing_current_targets
leap_to_esto,BOTH,LEAP,Blast furnaces/Blast furnaces,Coke oven gas,ESTO,1,0,0,1,0,missing_current_targets
leap_to_esto,BOTH,LEAP,Blast furnaces/Blast furnaces,Coking coal,ESTO,1,0,0,1,0,missing_current_targets
leap_to_esto,BOTH,LEAP,Blast furnaces/Blast furnaces,Electricity,ESTO,1,0,0,1,0,missing_current_targets
leap_to_esto,BOTH,LEAP,Blast furnaces/Blast furnaces,Fuel oil,ESTO,1,0,0,1,0,missing_current_targets
leap_to_esto,BOTH,LEAP,Blast furnaces/Blast furnaces,Natural gas,ESTO,1,0,0,1,0,missing_current_targets
leap_to_esto,BOTH,LEAP,Blast furnaces/Blast furnaces,Other bituminous coal,ESTO,1,0,0,1,0,missing_current_targets
leap_to_esto,BOTH,LEAP,Blast furnaces/Blast furnaces,Other recovered gases,ESTO,1,0,0,1,0,missing_current_targets
leap_to_esto,BOTH,LEAP,Blast furnaces/Blast furnaces,Patent fuel,ESTO,1,0,0,1,0,missing_current_targets
leap_to_esto,BOTH,LEAP,Buildings,Anthracite,ESTO,1,0,0,1,0,missing_current_targets
leap_to_esto,BOTH,LEAP,Buildings,Aviation gasoline,ESTO,1,0,0,1,0,missing_current_targets
leap_to_esto,BOTH,LEAP,Buildings,BKB and PB,ESTO,1,0,0,1,0,missing_current_targets
leap_to_esto,BOTH,LEAP,Buildings,Bagasse,ESTO,2,0,0,2,0,missing_current_targets
leap_to_esto,BOTH,LEAP,Buildings,Biodiesel,ESTO,1,0,0,1,0,missing_current_targets
leap_to_esto,BOTH,LEAP,Buildings,Biogas,ESTO,1,0,0,1,0,missing_current_targets
leap_to_esto,BOTH,LEAP,Buildings,Biogasoline,ESTO,1,0,0,1,0,missing_current_targets
leap_to_esto,BOTH,LEAP,Buildings,Blast furnace gas,ESTO,1,0,0,1,0,missing_current_targets
leap_to_esto,BOTH,LEAP,Buildings,Charcoal,ESTO,1,0,0,1,0,missing_current_targets
leap_to_esto,BOTH,LEAP,Buildings,Coal tar,ESTO,1,0,0,1,0,missing_current_targets
leap_to_esto,BOTH,LEAP,Buildings,Coke oven coke,ESTO,1,0,0,1,0,missing_current_targets
leap_to_esto,BOTH,LEAP,Buildings,Coke oven gas,ESTO,1,0,0,1,0,missing_current_targets
leap_to_esto,BOTH,LEAP,Buildings,Electricity,ESTO,1,0,0,1,0,missing_current_targets
leap_to_esto,BOTH,LEAP,Buildings,Fuel oil,ESTO,1,0,0,1,0,missing_current_targets
leap_to_esto,BOTH,LEAP,Buildings,Fuelwood and woodwaste,ESTO,1,0,0,1,0,missing_current_targets
leap_to_esto,BOTH,LEAP,Buildings,Gas and diesel oil,ESTO,1,0,0,1,0,missing_current_targets
leap_to_esto,BOTH,LEAP,Buildings,Gas works gas,ESTO,1,0,0,1,0,missing_current_targets
leap_to_esto,BOTH,LEAP,Buildings,Geothermal,ESTO,1,0,0,1,0,missing_current_targets
leap_to_esto,BOTH,LEAP,Buildings,Heat,ESTO,1,0,0,1,0,missing_current_targets
leap_to_esto,BOTH,LEAP,Buildings,Hydrogen,ESTO,1,0,0,1,0,missing_current_targets
leap_to_esto,BOTH,LEAP,Buildings,Industrial waste,ESTO,1,0,0,1,0,missing_current_targets
leap_to_esto,BOTH,LEAP,Buildings,Kerosene,ESTO,1,0,0,1,0,missing_current_targets
leap_to_esto,BOTH,LEAP,Buildings,Kerosene type jet fuel,ESTO,1,0,0,1,0,missing_current_targets
leap_to_esto,BOTH,LEAP,Buildings,LPG,ESTO,1,0,0,1,0,missing_current_targets
leap_to_esto,BOTH,LEAP,Buildings,Lignite,ESTO,1,0,0,1,0,missing_current_targets
leap_to_esto,BOTH,LEAP,Buildings,Motor gasoline,ESTO,1,0,0,1,0,missing_current_targets
leap_to_esto,BOTH,LEAP,Buildings,Municipal solid waste non renewable,ESTO,1,0,0,1,0,missing_current_targets
leap_to_esto,BOTH,LEAP,Buildings,Municipal solid waste renewable,ESTO,1,0,0,1,0,missing_current_targets
leap_to_esto,BOTH,LEAP,Buildings,Natural gas,ESTO,1,0,0,1,0,missing_current_targets
leap_to_esto,BOTH,LEAP,Buildings,Other biomass,ESTO,1,0,0,1,0,missing_current_targets
leap_to_esto,BOTH,LEAP,Buildings,Other recovered gases,ESTO,1,0,0,1,0,missing_current_targets
leap_to_esto,BOTH,LEAP,Buildings,Patent fuel,ESTO,1,0,0,1,0,missing_current_targets
leap_to_esto,BOTH,LEAP,Buildings,Peat,ESTO,1,0,0,1,0,missing_current_targets
leap_to_esto,BOTH,LEAP,Buildings,Peat products,ESTO,1,0,0,1,0,missing_current_targets
leap_to_esto,BOTH,LEAP,Buildings,Solar nonspecified,ESTO,1,0,0,1,0,missing_current_targets
leap_to_esto,BOTH,LEAP,Buildings,Sub bituminous coal,ESTO,1,0,0,1,0,missing_current_targets
leap_to_esto,BOTH,LEAP,Buildings/Residential,Anthracite,ESTO,1,2,1,0,1,extra_factorised_targets
leap_to_esto,BOTH,LEAP,Buildings/Residential,BKB and PB,ESTO,1,1,1,0,0,lossless_without_override
leap_to_esto,BOTH,LEAP,Buildings/Residential,Bagasse,ESTO,1,2,1,0,1,extra_factorised_targets
leap_to_esto,BOTH,LEAP,Buildings/Residential,Biodiesel,ESTO,1,2,1,0,1,extra_factorised_targets
leap_to_esto,BOTH,LEAP,Buildings/Residential,Biogas,ESTO,1,2,1,0,1,extra_factorised_targets
leap_to_esto,BOTH,LEAP,Buildings/Residential,Biogasoline,ESTO,1,1,1,0,0,lossless_without_override
leap_to_esto,BOTH,LEAP,Buildings/Residential,Charcoal,ESTO,1,2,1,0,1,extra_factorised_targets
leap_to_esto,BOTH,LEAP,Buildings/Residential,Coke oven gas,ESTO,1,2,1,0,1,extra_factorised_targets
leap_to_esto,BOTH,LEAP,Buildings/Residential,Electricity,ESTO,1,1,1,0,0,lossless_without_override
leap_to_esto,BOTH,LEAP,Buildings/Residential,Fuel oil,ESTO,1,2,1,0,1,extra_factorised_targets
leap_to_esto,BOTH,LEAP,Buildings/Residential,Fuelwood and woodwaste,ESTO,1,2,1,0,1,extra_factorised_targets
leap_to_esto,BOTH,LEAP,Buildings/Residential,Gas and diesel oil,ESTO,1,2,1,0,1,extra_factorised_targets
leap_to_esto,BOTH,LEAP,Buildings/Residential,Gas works gas,ESTO,1,2,1,0,1,extra_factorised_targets
leap_to_esto,BOTH,LEAP,Buildings/Residential,Geothermal,ESTO,1,2,1,0,1,extra_factorised_targets
leap_to_esto,BOTH,LEAP,Buildings/Residential,Heat,ESTO,1,2,1,0,1,extra_factorised_targets
leap_to_esto,BOTH,LEAP,Buildings/Residential,Kerosene,ESTO,1,1,1,0,0,lossless_without_override
leap_to_esto,BOTH,LEAP,Buildings/Residential,LPG,ESTO,1,2,1,0,1,extra_factorised_targets
leap_to_esto,BOTH,LEAP,Buildings/Residential,Lignite,ESTO,1,2,1,0,1,extra_factorised_targets
leap_to_esto,BOTH,LEAP,Buildings/Residential,Motor gasoline,ESTO,1,2,1,0,1,extra_factorised_targets
leap_to_esto,BOTH,LEAP,Buildings/Residential,Natural gas,ESTO,1,2,1,0,1,extra_factorised_targets
leap_to_esto,BOTH,LEAP,Buildings/Residential,Other biomass,ESTO,1,2,1,0,1,extra_factorised_targets
leap_to_esto,BOTH,LEAP,Buildings/Residential,Other bituminous coal,ESTO,1,1,1,0,0,lossless_without_override
leap_to_esto,BOTH,LEAP,Buildings/Residential,Patent fuel,ESTO,1,1,1,0,0,lossless_without_override
leap_to_esto,BOTH,LEAP,Buildings/Residential,Peat,ESTO,1,2,1,0,1,extra_factorised_targets
leap_to_esto,BOTH,LEAP,Buildings/Residential,Peat products,ESTO,1,2,1,0,1,extra_factorised_targets
leap_to_esto,BOTH,LEAP,Buildings/Residential,Solar nonspecified,ESTO,1,2,1,0,1,extra_factorised_targets
leap_to_esto,BOTH,LEAP,Buildings/Residential,Sub bituminous coal,ESTO,1,2,1,0,1,extra_factorised_targets
leap_to_esto,BOTH,LEAP,Buildings/Services,Anthracite,ESTO,1,2,1,0,1,extra_factorised_targets
leap_to_esto,BOTH,LEAP,Buildings/Services,Aviation gasoline,ESTO,1,2,1,0,1,extra_factorised_targets
leap_to_esto,BOTH,LEAP,Buildings/Services,BKB and PB,ESTO,1,2,1,0,1,extra_factorised_targets
leap_to_esto,BOTH,LEAP,Buildings/Services,Biodiesel,ESTO,1,2,1,0,1,extra_factorised_targets
leap_to_esto,BOTH,LEAP,Buildings/Services,Biogas,ESTO,1,2,1,0,1,extra_factorised_targets
leap_to_esto,BOTH,LEAP,Buildings/Services,Biogasoline,ESTO,1,2,1,0,1,extra_factorised_targets
leap_to_esto,BOTH,LEAP,Buildings/Services,Blast furnace gas,ESTO,1,2,1,0,1,extra_factorised_targets
leap_to_esto,BOTH,LEAP,Buildings/Services,Charcoal,ESTO,1,2,1,0,1,extra_factorised_targets
leap_to_esto,BOTH,LEAP,Buildings/Services,Coal tar,ESTO,1,2,1,0,1,extra_factorised_targets
leap_to_esto,BOTH,LEAP,Buildings/Services,Coke oven coke,ESTO,1,2,1,0,1,extra_factorised_targets
leap_to_esto,BOTH,LEAP,Buildings/Services,Coke oven gas,ESTO,1,2,1,0,1,extra_factorised_targets
leap_to_esto,BOTH,LEAP,Buildings/Services,Electricity,ESTO,1,1,1,0,0,lossless_without_override
leap_to_esto,BOTH,LEAP,Buildings/Services,Fuel oil,ESTO,1,2,1,0,1,extra_factorised_targets
leap_to_esto,BOTH,LEAP,Buildings/Services,Fuelwood and woodwaste,ESTO,1,2,1,0,1,extra_factorised_targets
leap_to_esto,BOTH,LEAP,Buildings/Services,Gas and diesel oil,ESTO,1,2,1,0,1,extra_factorised_targets
leap_to_esto,BOTH,LEAP,Buildings/Services,Gas works gas,ESTO,1,2,1,0,1,extra_factorised_targets
leap_to_esto,BOTH,LEAP,Buildings/Services,Geothermal,ESTO,1,2,1,0,1,extra_factorised_targets
leap_to_esto,BOTH,LEAP,Buildings/Services,Heat,ESTO,1,2,1,0,1,extra_factorised_targets
leap_to_esto,BOTH,LEAP,Buildings/Services,Hydrogen,ESTO,1,1,0,1,1,missing_and_extra_targets
leap_to_esto,BOTH,LEAP,Buildings/Services,Industrial waste,ESTO,1,2,1,0,1,extra_factorised_targets
leap_to_esto,BOTH,LEAP,Buildings/Services,Kerosene,ESTO,1,2,1,0,1,extra_factorised_targets
leap_to_esto,BOTH,LEAP,Buildings/Services,Kerosene type jet fuel,ESTO,1,2,1,0,1,extra_factorised_targets
leap_to_esto,BOTH,LEAP,Buildings/Services,LPG,ESTO,1,2,1,0,1,extra_factorised_targets
leap_to_esto,BOTH,LEAP,Buildings/Services,Lignite,ESTO,1,2,1,0,1,extra_factorised_targets
leap_to_esto,BOTH,LEAP,Buildings/Services,Motor gasoline,ESTO,1,2,1,0,1,extra_factorised_targets
leap_to_esto,BOTH,LEAP,Buildings/Services,Municipal solid waste non renewable,ESTO,1,2,1,0,1,extra_factorised_targets
leap_to_esto,BOTH,LEAP,Buildings/Services,Municipal solid waste renewable,ESTO,1,2,1,0,1,extra_factorised_targets
leap_to_esto,BOTH,LEAP,Buildings/Services,Natural gas,ESTO,1,2,1,0,1,extra_factorised_targets
leap_to_esto,BOTH,LEAP,Buildings/Services,Other biomass,ESTO,1,2,1,0,1,extra_factorised_targets
leap_to_esto,BOTH,LEAP,Buildings/Services,Other bituminous coal,ESTO,1,1,1,0,0,lossless_without_override
leap_to_esto,BOTH,LEAP,Buildings/Services,Other recovered gases,ESTO,1,2,1,0,1,extra_factorised_targets
leap_to_esto,BOTH,LEAP,Buildings/Services,Patent fuel,ESTO,1,2,1,0,1,extra_factorised_targets
leap_to_esto,BOTH,LEAP,Buildings/Services,Solar nonspecified,ESTO,1,2,1,0,1,extra_factorised_targets
leap_to_esto,BOTH,LEAP,Buildings/Services,Sub bituminous coal,ESTO,1,2,1,0,1,extra_factorised_targets
leap_to_esto,BOTH,LEAP,Buildings/Services/Data_Centers,Anthracite,ESTO,1,0,0,1,0,missing_current_targets
leap_to_esto,BOTH,LEAP,Buildings/Services/Data_Centers,Aviation gasoline,ESTO,1,0,0,1,0,missing_current_targets
leap_to_esto,BOTH,LEAP,Buildings/Services/Data_Centers,BKB and PB,ESTO,1,0,0,1,0,missing_current_targets
leap_to_esto,BOTH,LEAP,Buildings/Services/Data_Centers,Biodiesel,ESTO,1,0,0,1,0,missing_current_targets
leap_to_esto,BOTH,LEAP,Buildings/Services/Data_Centers,Biogas,ESTO,1,0,0,1,0,missing_current_targets
leap_to_esto,BOTH,LEAP,Buildings/Services/Data_Centers,Biogasoline,ESTO,1,0,0,1,0,missing_current_targets
leap_to_esto,BOTH,LEAP,Buildings/Services/Data_Centers,Blast furnace gas,ESTO,1,0,0,1,0,missing_current_targets
leap_to_esto,BOTH,LEAP,Buildings/Services/Data_Centers,Charcoal,ESTO,1,0,0,1,0,missing_current_targets
leap_to_esto,BOTH,LEAP,Buildings/Services/Data_Centers,Coal tar,ESTO,1,0,0,1,0,missing_current_targets
leap_to_esto,BOTH,LEAP,Buildings/Services/Data_Centers,Coke oven coke,ESTO,1,0,0,1,0,missing_current_targets
leap_to_esto,BOTH,LEAP,Buildings/Services/Data_Centers,Coke oven gas,ESTO,1,0,0,1,0,missing_current_targets
leap_to_esto,BOTH,LEAP,Buildings/Services/Data_Centers,Electricity,ESTO,1,0,0,1,0,missing_current_targets
leap_to_esto,BOTH,LEAP,Buildings/Services/Data_Centers,Fuel oil,ESTO,1,0,0,1,0,missing_current_targets
leap_to_esto,BOTH,LEAP,Buildings/Services/Data_Centers,Fuelwood and woodwaste,ESTO,1,0,0,1,0,missing_current_targets
leap_to_esto,BOTH,LEAP,Buildings/Services/Data_Centers,Gas and diesel oil,ESTO,1,0,0,1,0,missing_current_targets
leap_to_esto,BOTH,LEAP,Buildings/Services/Data_Centers,Gas works gas,ESTO,1,0,0,1,0,missing_current_targets
leap_to_esto,BOTH,LEAP,Buildings/Services/Data_Centers,Geothermal,ESTO,1,0,0,1,0,missing_current_targets
leap_to_esto,BOTH,LEAP,Buildings/Services/Data_Centers,Heat,ESTO,1,0,0,1,0,missing_current_targets
leap_to_esto,BOTH,LEAP,Buildings/Services/Data_Centers,Hydrogen,ESTO,1,0,0,1,0,missing_current_targets
leap_to_esto,BOTH,LEAP,Buildings/Services/Data_Centers,Industrial waste,ESTO,1,0,0,1,0,missing_current_targets
leap_to_esto,BOTH,LEAP,Buildings/Services/Data_Centers,Kerosene,ESTO,1,0,0,1,0,missing_current_targets
leap_to_esto,BOTH,LEAP,Buildings/Services/Data_Centers,Kerosene type jet fuel,ESTO,1,0,0,1,0,missing_current_targets
leap_to_esto,BOTH,LEAP,Buildings/Services/Data_Centers,LPG,ESTO,1,0,0,1,0,missing_current_targets
leap_to_esto,BOTH,LEAP,Buildings/Services/Data_Centers,Lignite,ESTO,1,0,0,1,0,missing_current_targets
leap_to_esto,BOTH,LEAP,Buildings/Services/Data_Centers,Motor gasoline,ESTO,1,0,0,1,0,missing_current_targets
leap_to_esto,BOTH,LEAP,Buildings/Services/Data_Centers,Municipal solid waste non renewable,ESTO,1,0,0,1,0,missing_current_targets
leap_to_esto,BOTH,LEAP,Buildings/Services/Data_Centers,Municipal solid waste renewable,ESTO,1,0,0,1,0,missing_current_targets
leap_to_esto,BOTH,LEAP,Buildings/Services/Data_Centers,Natural gas,ESTO,1,0,0,1,0,missing_current_targets
leap_to_esto,BOTH,LEAP,Buildings/Services/Data_Centers,Other biomass,ESTO,1,0,0,1,0,missing_current_targets
leap_to_esto,BOTH,LEAP,Buildings/Services/Data_Centers,Other bituminous coal,ESTO,1,0,0,1,0,missing_current_targets
leap_to_esto,BOTH,LEAP,Buildings/Services/Data_Centers,Other recovered gases,ESTO,1,0,0,1,0,missing_current_targets
leap_to_esto,BOTH,LEAP,Buildings/Services/Data_Centers,Patent fuel,ESTO,1,0,0,1,0,missing_current_targets
leap_to_esto,BOTH,LEAP,Buildings/Services/Data_Centers,Solar nonspecified,ESTO,1,0,0,1,0,missing_current_targets
leap_to_esto,BOTH,LEAP,Buildings/Services/Data_Centers,Sub bituminous coal,ESTO,1,0,0,1,0,missing_current_targets
leap_to_esto,BOTH,LEAP,Buildings/Services/Educational,Anthracite,ESTO,1,2,1,0,1,extra_factorised_targets
leap_to_esto,BOTH,LEAP,Buildings/Services/Educational,Aviation gasoline,ESTO,1,2,1,0,1,extra_factorised_targets
leap_to_esto,BOTH,LEAP,Buildings/Services/Educational,BKB and PB,ESTO,1,2,1,0,1,extra_factorised_targets
leap_to_esto,BOTH,LEAP,Buildings/Services/Educational,Biodiesel,ESTO,1,2,1,0,1,extra_factorised_targets
leap_to_esto,BOTH,LEAP,Buildings/Services/Educational,Biogas,ESTO,1,2,1,0,1,extra_factorised_targets
leap_to_esto,BOTH,LEAP,Buildings/Services/Educational,Biogasoline,ESTO,1,2,1,0,1,extra_factorised_targets
leap_to_esto,BOTH,LEAP,Buildings/Services/Educational,Blast furnace gas,ESTO,1,2,1,0,1,extra_factorised_targets
leap_to_esto,BOTH,LEAP,Buildings/Services/Educational,Charcoal,ESTO,1,2,1,0,1,extra_factorised_targets
leap_to_esto,BOTH,LEAP,Buildings/Services/Educational,Coal tar,ESTO,1,2,1,0,1,extra_factorised_targets
leap_to_esto,BOTH,LEAP,Buildings/Services/Educational,Coke oven coke,ESTO,1,2,1,0,1,extra_factorised_targets
leap_to_esto,BOTH,LEAP,Buildings/Services/Educational,Coke oven gas,ESTO,1,2,1,0,1,extra_factorised_targets
leap_to_esto,BOTH,LEAP,Buildings/Services/Educational,Electricity,ESTO,1,1,1,0,0,lossless_without_override
leap_to_esto,BOTH,LEAP,Buildings/Services/Educational,Fuel oil,ESTO,1,2,1,0,1,extra_factorised_targets
leap_to_esto,BOTH,LEAP,Buildings/Services/Educational,Fuelwood and woodwaste,ESTO,1,2,1,0,1,extra_factorised_targets
leap_to_esto,BOTH,LEAP,Buildings/Services/Educational,Gas and diesel oil,ESTO,1,2,1,0,1,extra_factorised_targets
leap_to_esto,BOTH,LEAP,Buildings/Services/Educational,Gas works gas,ESTO,1,2,1,0,1,extra_factorised_targets
leap_to_esto,BOTH,LEAP,Buildings/Services/Educational,Geothermal,ESTO,1,2,1,0,1,extra_factorised_targets
leap_to_esto,BOTH,LEAP,Buildings/Services/Educational,Heat,ESTO,1,2,1,0,1,extra_factorised_targets
leap_to_esto,BOTH,LEAP,Buildings/Services/Educational,Hydrogen,ESTO,1,1,0,1,1,missing_and_extra_targets
leap_to_esto,BOTH,LEAP,Buildings/Services/Educational,Industrial waste,ESTO,1,2,1,0,1,extra_factorised_targets
leap_to_esto,BOTH,LEAP,Buildings/Services/Educational,Kerosene,ESTO,1,2,1,0,1,extra_factorised_targets
leap_to_esto,BOTH,LEAP,Buildings/Services/Educational,Kerosene type jet fuel,ESTO,1,2,1,0,1,extra_factorised_targets
leap_to_esto,BOTH,LEAP,Buildings/Services/Educational,LPG,ESTO,1,2,1,0,1,extra_factorised_targets
leap_to_esto,BOTH,LEAP,Buildings/Services/Educational,Lignite,ESTO,1,2,1,0,1,extra_factorised_targets
leap_to_esto,BOTH,LEAP,Buildings/Services/Educational,Motor gasoline,ESTO,1,2,1,0,1,extra_factorised_targets
leap_to_esto,BOTH,LEAP,Buildings/Services/Educational,Municipal solid waste non renewable,ESTO,1,2,1,0,1,extra_factorised_targets
leap_to_esto,BOTH,LEAP,Buildings/Services/Educational,Municipal solid waste renewable,ESTO,1,2,1,0,1,extra_factorised_targets
leap_to_esto,BOTH,LEAP,Buildings/Services/Educational,Natural gas,ESTO,1,2,1,0,1,extra_factorised_targets
leap_to_esto,BOTH,LEAP,Buildings/Services/Educational,Other biomass,ESTO,1,2,1,0,1,extra_factorised_targets
leap_to_esto,BOTH,LEAP,Buildings/Services/Educational,Other bituminous coal,ESTO,1,1,1,0,0,lossless_without_override
leap_to_esto,BOTH,LEAP,Buildings/Services/Educational,Other recovered gases,ESTO,1,2,1,0,1,extra_factorised_targets
leap_to_esto,BOTH,LEAP,Buildings/Services/Educational,Patent fuel,ESTO,1,2,1,0,1,extra_factorised_targets
leap_to_esto,BOTH,LEAP,Buildings/Services/Educational,Solar nonspecified,ESTO,1,2,1,0,1,extra_factorised_targets
leap_to_esto,BOTH,LEAP,Buildings/Services/Educational,Sub bituminous coal,ESTO,1,2,1,0,1,extra_factorised_targets
leap_to_esto,BOTH,LEAP,Buildings/Services/Hospitals,Anthracite,ESTO,1,2,1,0,1,extra_factorised_targets
leap_to_esto,BOTH,LEAP,Buildings/Services/Hospitals,Aviation gasoline,ESTO,1,2,1,0,1,extra_factorised_targets
leap_to_esto,BOTH,LEAP,Buildings/Services/Hospitals,BKB and PB,ESTO,1,2,1,0,1,extra_factorised_targets
leap_to_esto,BOTH,LEAP,Buildings/Services/Hospitals,Biodiesel,ESTO,1,2,1,0,1,extra_factorised_targets
leap_to_esto,BOTH,LEAP,Buildings/Services/Hospitals,Biogas,ESTO,1,2,1,0,1,extra_factorised_targets
leap_to_esto,BOTH,LEAP,Buildings/Services/Hospitals,Biogasoline,ESTO,1,2,1,0,1,extra_factorised_targets
leap_to_esto,BOTH,LEAP,Buildings/Services/Hospitals,Blast furnace gas,ESTO,1,2,1,0,1,extra_factorised_targets
leap_to_esto,BOTH,LEAP,Buildings/Services/Hospitals,Charcoal,ESTO,1,2,1,0,1,extra_factorised_targets
leap_to_esto,BOTH,LEAP,Buildings/Services/Hospitals,Coal tar,ESTO,1,2,1,0,1,extra_factorised_targets
leap_to_esto,BOTH,LEAP,Buildings/Services/Hospitals,Coke oven coke,ESTO,1,2,1,0,1,extra_factorised_targets
leap_to_esto,BOTH,LEAP,Buildings/Services/Hospitals,Coke oven gas,ESTO,1,2,1,0,1,extra_factorised_targets
leap_to_esto,BOTH,LEAP,Buildings/Services/Hospitals,Electricity,ESTO,1,1,1,0,0,lossless_without_override
leap_to_esto,BOTH,LEAP,Buildings/Services/Hospitals,Fuel oil,ESTO,1,2,1,0,1,extra_factorised_targets
leap_to_esto,BOTH,LEAP,Buildings/Services/Hospitals,Fuelwood and woodwaste,ESTO,1,2,1,0,1,extra_factorised_targets
leap_to_esto,BOTH,LEAP,Buildings/Services/Hospitals,Gas and diesel oil,ESTO,1,2,1,0,1,extra_factorised_targets
leap_to_esto,BOTH,LEAP,Buildings/Services/Hospitals,Gas works gas,ESTO,1,2,1,0,1,extra_factorised_targets
leap_to_esto,BOTH,LEAP,Buildings/Services/Hospitals,Geothermal,ESTO,1,2,1,0,1,extra_factorised_targets
leap_to_esto,BOTH,LEAP,Buildings/Services/Hospitals,Heat,ESTO,1,2,1,0,1,extra_factorised_targets
leap_to_esto,BOTH,LEAP,Buildings/Services/Hospitals,Hydrogen,ESTO,1,1,0,1,1,missing_and_extra_targets
leap_to_esto,BOTH,LEAP,Buildings/Services/Hospitals,Industrial waste,ESTO,1,2,1,0,1,extra_factorised_targets
leap_to_esto,BOTH,LEAP,Buildings/Services/Hospitals,Kerosene,ESTO,1,2,1,0,1,extra_factorised_targets
leap_to_esto,BOTH,LEAP,Buildings/Services/Hospitals,Kerosene type jet fuel,ESTO,1,2,1,0,1,extra_factorised_targets
leap_to_esto,BOTH,LEAP,Buildings/Services/Hospitals,LPG,ESTO,1,2,1,0,1,extra_factorised_targets
leap_to_esto,BOTH,LEAP,Buildings/Services/Hospitals,Lignite,ESTO,1,2,1,0,1,extra_factorised_targets
leap_to_esto,BOTH,LEAP,Buildings/Services/Hospitals,Motor gasoline,ESTO,1,2,1,0,1,extra_factorised_targets
leap_to_esto,BOTH,LEAP,Buildings/Services/Hospitals,Municipal solid waste non renewable,ESTO,1,2,1,0,1,extra_factorised_targets
leap_to_esto,BOTH,LEAP,Buildings/Services/Hospitals,Municipal solid waste renewable,ESTO,1,2,1,0,1,extra_factorised_targets
leap_to_esto,BOTH,LEAP,Buildings/Services/Hospitals,Natural gas,ESTO,1,2,1,0,1,extra_factorised_targets
leap_to_esto,BOTH,LEAP,Buildings/Services/Hospitals,Other biomass,ESTO,1,2,1,0,1,extra_factorised_targets
leap_to_esto,BOTH,LEAP,Buildings/Services/Hospitals,Other bituminous coal,ESTO,1,1,1,0,0,lossless_without_override
leap_to_esto,BOTH,LEAP,Buildings/Services/Hospitals,Other recovered gases,ESTO,1,2,1,0,1,extra_factorised_targets
leap_to_esto,BOTH,LEAP,Buildings/Services/Hospitals,Patent fuel,ESTO,1,2,1,0,1,extra_factorised_targets
leap_to_esto,BOTH,LEAP,Buildings/Services/Hospitals,Solar nonspecified,ESTO,1,2,1,0,1,extra_factorised_targets
leap_to_esto,BOTH,LEAP,Buildings/Services/Hospitals,Sub bituminous coal,ESTO,1,2,1,0,1,extra_factorised_targets
leap_to_esto,BOTH,LEAP,Buildings/Services/Others_Unspecified,Anthracite,ESTO,1,2,1,0,1,extra_factorised_targets
leap_to_esto,BOTH,LEAP,Buildings/Services/Others_Unspecified,Aviation gasoline,ESTO,1,2,1,0,1,extra_factorised_targets
leap_to_esto,BOTH,LEAP,Buildings/Services/Others_Unspecified,BKB and PB,ESTO,1,2,1,0,1,extra_factorised_targets
leap_to_esto,BOTH,LEAP,Buildings/Services/Others_Unspecified,Biodiesel,ESTO,1,2,1,0,1,extra_factorised_targets
leap_to_esto,BOTH,LEAP,Buildings/Services/Others_Unspecified,Biogas,ESTO,1,2,1,0,1,extra_factorised_targets
leap_to_esto,BOTH,LEAP,Buildings/Services/Others_Unspecified,Biogasoline,ESTO,1,2,1,0,1,extra_factorised_targets
leap_to_esto,BOTH,LEAP,Buildings/Services/Others_Unspecified,Blast furnace gas,ESTO,1,2,1,0,1,extra_factorised_targets
leap_to_esto,BOTH,LEAP,Buildings/Services/Others_Unspecified,Charcoal,ESTO,1,2,1,0,1,extra_factorised_targets
leap_to_esto,BOTH,LEAP,Buildings/Services/Others_Unspecified,Coal tar,ESTO,1,2,1,0,1,extra_factorised_targets
leap_to_esto,BOTH,LEAP,Buildings/Services/Others_Unspecified,Coke oven coke,ESTO,1,2,1,0,1,extra_factorised_targets
leap_to_esto,BOTH,LEAP,Buildings/Services/Others_Unspecified,Coke oven gas,ESTO,1,2,1,0,1,extra_factorised_targets
leap_to_esto,BOTH,LEAP,Buildings/Services/Others_Unspecified,Electricity,ESTO,1,1,1,0,0,lossless_without_override
leap_to_esto,BOTH,LEAP,Buildings/Services/Others_Unspecified,Fuel oil,ESTO,1,2,1,0,1,extra_factorised_targets
leap_to_esto,BOTH,LEAP,Buildings/Services/Others_Unspecified,Fuelwood and woodwaste,ESTO,1,2,1,0,1,extra_factorised_targets
leap_to_esto,BOTH,LEAP,Buildings/Services/Others_Unspecified,Gas and diesel oil,ESTO,1,2,1,0,1,extra_factorised_targets
leap_to_esto,BOTH,LEAP,Buildings/Services/Others_Unspecified,Gas works gas,ESTO,1,2,1,0,1,extra_factorised_targets
leap_to_esto,BOTH,LEAP,Buildings/Services/Others_Unspecified,Geothermal,ESTO,1,2,1,0,1,extra_factorised_targets
leap_to_esto,BOTH,LEAP,Buildings/Services/Others_Unspecified,Heat,ESTO,1,2,1,0,1,extra_factorised_targets
leap_to_esto,BOTH,LEAP,Buildings/Services/Others_Unspecified,Hydrogen,ESTO,1,1,0,1,1,missing_and_extra_targets
leap_to_esto,BOTH,LEAP,Buildings/Services/Others_Unspecified,Industrial waste,ESTO,1,2,1,0,1,extra_factorised_targets
leap_to_esto,BOTH,LEAP,Buildings/Services/Others_Unspecified,Kerosene,ESTO,1,2,1,0,1,extra_factorised_targets
leap_to_esto,BOTH,LEAP,Buildings/Services/Others_Unspecified,Kerosene type jet fuel,ESTO,1,2,1,0,1,extra_factorised_targets
leap_to_esto,BOTH,LEAP,Buildings/Services/Others_Unspecified,LPG,ESTO,1,2,1,0,1,extra_factorised_targets
leap_to_esto,BOTH,LEAP,Buildings/Services/Others_Unspecified,Lignite,ESTO,1,2,1,0,1,extra_factorised_targets
leap_to_esto,BOTH,LEAP,Buildings/Services/Others_Unspecified,Motor gasoline,ESTO,1,2,1,0,1,extra_factorised_targets
leap_to_esto,BOTH,LEAP,Buildings/Services/Others_Unspecified,Municipal solid waste non renewable,ESTO,1,2,1,0,1,extra_factorised_targets
leap_to_esto,BOTH,LEAP,Buildings/Services/Others_Unspecified,Municipal solid waste renewable,ESTO,1,2,1,0,1,extra_factorised_targets
leap_to_esto,BOTH,LEAP,Buildings/Services/Others_Unspecified,Natural gas,ESTO,1,2,1,0,1,extra_factorised_targets
leap_to_esto,BOTH,LEAP,Buildings/Services/Others_Unspecified,Other biomass,ESTO,1,2,1,0,1,extra_factorised_targets
leap_to_esto,BOTH,LEAP,Buildings/Services/Others_Unspecified,Other bituminous coal,ESTO,1,1,1,0,0,lossless_without_override
leap_to_esto,BOTH,LEAP,Buildings/Services/Others_Unspecified,Other recovered gases,ESTO,1,2,1,0,1,extra_factorised_targets
leap_to_esto,BOTH,LEAP,Buildings/Services/Others_Unspecified,Patent fuel,ESTO,1,2,1,0,1,extra_factorised_targets
leap_to_esto,BOTH,LEAP,Buildings/Services/Others_Unspecified,Solar nonspecified,ESTO,1,2,1,0,1,extra_factorised_targets
leap_to_esto,BOTH,LEAP,Buildings/Services/Others_Unspecified,Sub bituminous coal,ESTO,1,2,1,0,1,extra_factorised_targets
leap_to_esto,BOTH,LEAP,Buildings/Services/Service Buildings,Anthracite,ESTO,1,2,1,0,1,extra_factorised_targets
leap_to_esto,BOTH,LEAP,Buildings/Services/Service Buildings,Aviation gasoline,ESTO,1,2,1,0,1,extra_factorised_targets
leap_to_esto,BOTH,LEAP,Buildings/Services/Service Buildings,BKB and PB,ESTO,1,2,1,0,1,extra_factorised_targets
leap_to_esto,BOTH,LEAP,Buildings/Services/Service Buildings,Biodiesel,ESTO,1,2,1,0,1,extra_factorised_targets
leap_to_esto,BOTH,LEAP,Buildings/Services/Service Buildings,Biogas,ESTO,1,2,1,0,1,extra_factorised_targets
leap_to_esto,BOTH,LEAP,Buildings/Services/Service Buildings,Biogasoline,ESTO,1,2,1,0,1,extra_factorised_targets
leap_to_esto,BOTH,LEAP,Buildings/Services/Service Buildings,Blast furnace gas,ESTO,1,2,1,0,1,extra_factorised_targets
leap_to_esto,BOTH,LEAP,Buildings/Services/Service Buildings,Charcoal,ESTO,1,2,1,0,1,extra_factorised_targets
leap_to_esto,BOTH,LEAP,Buildings/Services/Service Buildings,Coal tar,ESTO,1,2,1,0,1,extra_factorised_targets
leap_to_esto,BOTH,LEAP,Buildings/Services/Service Buildings,Coke oven coke,ESTO,1,2,1,0,1,extra_factorised_targets
leap_to_esto,BOTH,LEAP,Buildings/Services/Service Buildings,Coke oven gas,ESTO,1,2,1,0,1,extra_factorised_targets
leap_to_esto,BOTH,LEAP,Buildings/Services/Service Buildings,Electricity,ESTO,1,1,1,0,0,lossless_without_override
leap_to_esto,BOTH,LEAP,Buildings/Services/Service Buildings,Fuel oil,ESTO,1,2,1,0,1,extra_factorised_targets
leap_to_esto,BOTH,LEAP,Buildings/Services/Service Buildings,Fuelwood and woodwaste,ESTO,1,2,1,0,1,extra_factorised_targets
leap_to_esto,BOTH,LEAP,Buildings/Services/Service Buildings,Gas and diesel oil,ESTO,1,2,1,0,1,extra_factorised_targets
leap_to_esto,BOTH,LEAP,Buildings/Services/Service Buildings,Gas works gas,ESTO,1,2,1,0,1,extra_factorised_targets
leap_to_esto,BOTH,LEAP,Buildings/Services/Service Buildings,Geothermal,ESTO,1,2,1,0,1,extra_factorised_targets
leap_to_esto,BOTH,LEAP,Buildings/Services/Service Buildings,Heat,ESTO,1,2,1,0,1,extra_factorised_targets
leap_to_esto,BOTH,LEAP,Buildings/Services/Service Buildings,Hydrogen,ESTO,1,1,0,1,1,missing_and_extra_targets
leap_to_esto,BOTH,LEAP,Buildings/Services/Service Buildings,Industrial waste,ESTO,1,2,1,0,1,extra_factorised_targets
leap_to_esto,BOTH,LEAP,Buildings/Services/Service Buildings,Kerosene,ESTO,1,2,1,0,1,extra_factorised_targets
leap_to_esto,BOTH,LEAP,Buildings/Services/Service Buildings,Kerosene type jet fuel,ESTO,1,2,1,0,1,extra_factorised_targets
leap_to_esto,BOTH,LEAP,Buildings/Services/Service Buildings,LPG,ESTO,1,2,1,0,1,extra_factorised_targets
leap_to_esto,BOTH,LEAP,Buildings/Services/Service Buildings,Lignite,ESTO,1,2,1,0,1,extra_factorised_targets
leap_to_esto,BOTH,LEAP,Buildings/Services/Service Buildings,Motor gasoline,ESTO,1,2,1,0,1,extra_factorised_targets
leap_to_esto,BOTH,LEAP,Buildings/Services/Service Buildings,Municipal solid waste non renewable,ESTO,1,2,1,0,1,extra_factorised_targets
leap_to_esto,BOTH,LEAP,Buildings/Services/Service Buildings,Municipal solid waste renewable,ESTO,1,2,1,0,1,extra_factorised_targets
leap_to_esto,BOTH,LEAP,Buildings/Services/Service Buildings,Natural gas,ESTO,1,2,1,0,1,extra_factorised_targets
leap_to_esto,BOTH,LEAP,Buildings/Services/Service Buildings,Other biomass,ESTO,1,2,1,0,1,extra_factorised_targets
leap_to_esto,BOTH,LEAP,Buildings/Services/Service Buildings,Other bituminous coal,ESTO,1,1,1,0,0,lossless_without_override
leap_to_esto,BOTH,LEAP,Buildings/Services/Service Buildings,Other recovered gases,ESTO,1,2,1,0,1,extra_factorised_targets
leap_to_esto,BOTH,LEAP,Buildings/Services/Service Buildings,Patent fuel,ESTO,1,2,1,0,1,extra_factorised_targets
leap_to_esto,BOTH,LEAP,Buildings/Services/Service Buildings,Solar nonspecified,ESTO,1,2,1,0,1,extra_factorised_targets
leap_to_esto,BOTH,LEAP,Buildings/Services/Service Buildings,Sub bituminous coal,ESTO,1,2,1,0,1,extra_factorised_targets
leap_to_esto,BOTH,LEAP,CHP interim/CHP interim,Ammonia,ESTO,1,0,0,1,0,missing_current_targets
leap_to_esto,BOTH,LEAP,CHP interim/CHP interim,Anthracite,ESTO,1,0,0,1,0,missing_current_targets
leap_to_esto,BOTH,LEAP,CHP interim/CHP interim,Bagasse,ESTO,1,0,0,1,0,missing_current_targets
leap_to_esto,BOTH,LEAP,CHP interim/CHP interim,Biodiesel,ESTO,1,0,0,1,0,missing_current_targets
leap_to_esto,BOTH,LEAP,CHP interim/CHP interim,Biogas,ESTO,1,0,0,1,0,missing_current_targets
leap_to_esto,BOTH,LEAP,CHP interim/CHP interim,Bitumen,ESTO,1,0,0,1,0,missing_current_targets
leap_to_esto,BOTH,LEAP,CHP interim/CHP interim,Black liquor,ESTO,1,0,0,1,0,missing_current_targets
leap_to_esto,BOTH,LEAP,CHP interim/CHP interim,Blast furnace gas,ESTO,1,0,0,1,0,missing_current_targets
leap_to_esto,BOTH,LEAP,CHP interim/CHP interim,Coke oven coke,ESTO,1,0,0,1,0,missing_current_targets
leap_to_esto,BOTH,LEAP,CHP interim/CHP interim,Coke oven gas,ESTO,1,0,0,1,0,missing_current_targets
leap_to_esto,BOTH,LEAP,CHP interim/CHP interim,Crude oil,ESTO,1,0,0,1,0,missing_current_targets
leap_to_esto,BOTH,LEAP,CHP interim/CHP interim,Electricity,ESTO,1,0,0,1,0,missing_current_targets
leap_to_esto,BOTH,LEAP,CHP interim/CHP interim,Fuel oil,ESTO,1,0,0,1,0,missing_current_targets
leap_to_esto,BOTH,LEAP,CHP interim/CHP interim,Fuelwood and woodwaste,ESTO,1,0,0,1,0,missing_current_targets
leap_to_esto,BOTH,LEAP,CHP interim/CHP interim,Gas and diesel oil,ESTO,1,0,0,1,0,missing_current_targets
leap_to_esto,BOTH,LEAP,CHP interim/CHP interim,Geothermal,ESTO,1,0,0,1,0,missing_current_targets
leap_to_esto,BOTH,LEAP,CHP interim/CHP interim,Heat,ESTO,1,0,0,1,0,missing_current_targets
leap_to_esto,BOTH,LEAP,CHP interim/CHP interim,Hydrogen,ESTO,1,0,0,1,0,missing_current_targets
leap_to_esto,BOTH,LEAP,CHP interim/CHP interim,Industrial waste,ESTO,1,0,0,1,0,missing_current_targets
leap_to_esto,BOTH,LEAP,CHP interim/CHP interim,Kerosene,ESTO,1,0,0,1,0,missing_current_targets
leap_to_esto,BOTH,LEAP,CHP interim/CHP interim,LPG,ESTO,1,0,0,1,0,missing_current_targets
leap_to_esto,BOTH,LEAP,CHP interim/CHP interim,Lignite,ESTO,1,0,0,1,0,missing_current_targets
leap_to_esto,BOTH,LEAP,CHP interim/CHP interim,Municipal solid waste non renewable,ESTO,1,0,0,1,0,missing_current_targets
leap_to_esto,BOTH,LEAP,CHP interim/CHP interim,Municipal solid waste renewable,ESTO,1,0,0,1,0,missing_current_targets
leap_to_esto,BOTH,LEAP,CHP interim/CHP interim,Naphtha,ESTO,1,0,0,1,0,missing_current_targets
leap_to_esto,BOTH,LEAP,CHP interim/CHP interim,Natural gas,ESTO,1,0,0,1,0,missing_current_targets
leap_to_esto,BOTH,LEAP,CHP interim/CHP interim,Nuclear,ESTO,1,0,0,1,0,missing_current_targets
leap_to_esto,BOTH,LEAP,CHP interim/CHP interim,Other biomass,ESTO,1,0,0,1,0,missing_current_targets
leap_to_esto,BOTH,LEAP,CHP interim/CHP interim,Other bituminous coal,ESTO,1,0,0,1,0,missing_current_targets
leap_to_esto,BOTH,LEAP,CHP interim/CHP interim,Other liquid biofuels,ESTO,1,0,0,1,0,missing_current_targets
leap_to_esto,BOTH,LEAP,CHP interim/CHP interim,Other products,ESTO,1,0,0,1,0,missing_current_targets
leap_to_esto,BOTH,LEAP,CHP interim/CHP interim,Other recovered gases,ESTO,1,0,0,1,0,missing_current_targets
leap_to_esto,BOTH,LEAP,CHP interim/CHP interim,Other sources,ESTO,1,0,0,1,0,missing_current_targets
leap_to_esto,BOTH,LEAP,CHP interim/CHP interim,Peat,ESTO,1,0,0,1,0,missing_current_targets
leap_to_esto,BOTH,LEAP,CHP interim/CHP interim,Petroleum coke,ESTO,1,0,0,1,0,missing_current_targets
leap_to_esto,BOTH,LEAP,CHP interim/CHP interim,Refinery feedstocks,ESTO,1,0,0,1,0,missing_current_targets
leap_to_esto,BOTH,LEAP,CHP interim/CHP interim,Refinery gas not liquefied,ESTO,1,0,0,1,0,missing_current_targets
leap_to_esto,BOTH,LEAP,CHP interim/CHP interim,Sub bituminous coal,ESTO,1,0,0,1,0,missing_current_targets
leap_to_esto,BOTH,LEAP,CHP plants,Ammonia,ESTO,1,0,0,1,0,missing_current_targets
leap_to_esto,BOTH,LEAP,CHP plants,Anthracite,ESTO,1,0,0,1,0,missing_current_targets
leap_to_esto,BOTH,LEAP,CHP plants,Bagasse,ESTO,1,0,0,1,0,missing_current_targets
leap_to_esto,BOTH,LEAP,CHP plants,Biodiesel,ESTO,1,0,0,1,0,missing_current_targets
leap_to_esto,BOTH,LEAP,CHP plants,Biogas,ESTO,1,0,0,1,0,missing_current_targets
leap_to_esto,BOTH,LEAP,CHP plants,Bitumen,ESTO,1,0,0,1,0,missing_current_targets
leap_to_esto,BOTH,LEAP,CHP plants,Black liquor,ESTO,1,0,0,1,0,missing_current_targets
leap_to_esto,BOTH,LEAP,CHP plants,Blast furnace gas,ESTO,1,0,0,1,0,missing_current_targets
leap_to_esto,BOTH,LEAP,CHP plants,Coke oven coke,ESTO,1,0,0,1,0,missing_current_targets
leap_to_esto,BOTH,LEAP,CHP plants,Coke oven gas,ESTO,1,0,0,1,0,missing_current_targets
leap_to_esto,BOTH,LEAP,CHP plants,Crude oil,ESTO,1,0,0,1,0,missing_current_targets
leap_to_esto,BOTH,LEAP,CHP plants,Electricity,ESTO,1,0,0,1,0,missing_current_targets
leap_to_esto,BOTH,LEAP,CHP plants,Fuel oil,ESTO,1,0,0,1,0,missing_current_targets
leap_to_esto,BOTH,LEAP,CHP plants,Fuelwood and woodwaste,ESTO,1,0,0,1,0,missing_current_targets
leap_to_esto,BOTH,LEAP,CHP plants,Gas and diesel oil,ESTO,1,0,0,1,0,missing_current_targets
leap_to_esto,BOTH,LEAP,CHP plants,Gasoline type jet fuel,ESTO,1,0,0,1,0,missing_current_targets
leap_to_esto,BOTH,LEAP,CHP plants,Geothermal,ESTO,1,0,0,1,0,missing_current_targets
leap_to_esto,BOTH,LEAP,CHP plants,Heat,ESTO,1,0,0,1,0,missing_current_targets
leap_to_esto,BOTH,LEAP,CHP plants,Industrial waste,ESTO,1,0,0,1,0,missing_current_targets
leap_to_esto,BOTH,LEAP,CHP plants,Kerosene,ESTO,1,0,0,1,0,missing_current_targets
leap_to_esto,BOTH,LEAP,CHP plants,LPG,ESTO,1,0,0,1,0,missing_current_targets
leap_to_esto,BOTH,LEAP,CHP plants,Lignite,ESTO,1,0,0,1,0,missing_current_targets
leap_to_esto,BOTH,LEAP,CHP plants,Municipal solid waste non renewable,ESTO,1,0,0,1,0,missing_current_targets
leap_to_esto,BOTH,LEAP,CHP plants,Municipal solid waste renewable,ESTO,1,0,0,1,0,missing_current_targets
leap_to_esto,BOTH,LEAP,CHP plants,Naphtha,ESTO,1,0,0,1,0,missing_current_targets
leap_to_esto,BOTH,LEAP,CHP plants,Natural gas,ESTO,1,0,0,1,0,missing_current_targets
leap_to_esto,BOTH,LEAP,CHP plants,Nuclear,ESTO,1,0,0,1,0,missing_current_targets
leap_to_esto,BOTH,LEAP,CHP plants,Other biomass,ESTO,1,0,0,1,0,missing_current_targets
leap_to_esto,BOTH,LEAP,CHP plants,Other bituminous coal,ESTO,1,0,0,1,0,missing_current_targets
leap_to_esto,BOTH,LEAP,CHP plants,Other hydrocarbons,ESTO,1,0,0,1,0,missing_current_targets
leap_to_esto,BOTH,LEAP,CHP plants,Other liquid biofuels,ESTO,1,0,0,1,0,missing_current_targets
leap_to_esto,BOTH,LEAP,CHP plants,Other products,ESTO,1,0,0,1,0,missing_current_targets
leap_to_esto,BOTH,LEAP,CHP plants,Other recovered gases,ESTO,1,0,0,1,0,missing_current_targets
leap_to_esto,BOTH,LEAP,CHP plants,Other sources,ESTO,1,0,0,1,0,missing_current_targets
leap_to_esto,BOTH,LEAP,CHP plants,Peat,ESTO,1,0,0,1,0,missing_current_targets
leap_to_esto,BOTH,LEAP,CHP plants,Petroleum coke,ESTO,1,0,0,1,0,missing_current_targets
leap_to_esto,BOTH,LEAP,CHP plants,Refinery feedstocks,ESTO,1,0,0,1,0,missing_current_targets
leap_to_esto,BOTH,LEAP,CHP plants,Refinery gas not liquefied,ESTO,1,0,0,1,0,missing_current_targets
leap_to_esto,BOTH,LEAP,CHP plants,Sub bituminous coal,ESTO,1,0,0,1,0,missing_current_targets
leap_to_esto,BOTH,LEAP,Charcoal processing/Charcoal processing,Charcoal,ESTO,1,2,1,0,1,extra_factorised_targets
leap_to_esto,BOTH,LEAP,Charcoal processing/Charcoal processing,Fuelwood and woodwaste,ESTO,1,1,1,0,0,lossless_without_override
leap_to_esto,BOTH,LEAP,Charcoal processing/Charcoal processing,Other biomass,ESTO,1,2,1,0,1,extra_factorised_targets
leap_to_esto,BOTH,LEAP,Chemical heat for electricity production/Chemical heat for electricity production,Electricity,ESTO,1,1,1,0,0,lossless_without_override
leap_to_esto,BOTH,LEAP,Chemical heat for electricity production/Chemical heat for electricity production,Heat,ESTO,1,2,1,0,1,extra_factorised_targets
leap_to_esto,BOTH,LEAP,Coal transformation,Anthracite,ESTO,1,2,1,0,1,extra_factorised_targets
leap_to_esto,BOTH,LEAP,Coal transformation,BKB and PB,ESTO,1,2,1,0,1,extra_factorised_targets
leap_to_esto,BOTH,LEAP,Coal transformation,Blast furnace gas,ESTO,1,2,1,0,1,extra_factorised_targets
leap_to_esto,BOTH,LEAP,Coal transformation,Coal tar,ESTO,1,2,1,0,1,extra_factorised_targets
leap_to_esto,BOTH,LEAP,Coal transformation,Coke oven coke,ESTO,1,2,1,0,1,extra_factorised_targets
leap_to_esto,BOTH,LEAP,Coal transformation,Coke oven gas,ESTO,1,2,1,0,1,extra_factorised_targets
leap_to_esto,BOTH,LEAP,Coal transformation,Coking coal,ESTO,1,1,1,0,0,lossless_without_override
leap_to_esto,BOTH,LEAP,Coal transformation,Electricity,ESTO,1,0,0,1,0,missing_current_targets
leap_to_esto,BOTH,LEAP,Coal transformation,Fuel oil,ESTO,1,1,1,0,0,lossless_without_override
leap_to_esto,BOTH,LEAP,Coal transformation,Gas and diesel oil,ESTO,1,0,0,1,0,missing_current_targets
leap_to_esto,BOTH,LEAP,Coal transformation,Industrial waste,ESTO,1,1,1,0,0,lossless_without_override
leap_to_esto,BOTH,LEAP,Coal transformation,Kerosene,ESTO,1,0,0,1,0,missing_current_targets
leap_to_esto,BOTH,LEAP,Coal transformation,LPG,ESTO,1,1,0,1,1,missing_and_extra_targets
leap_to_esto,BOTH,LEAP,Coal transformation,Lignite,ESTO,1,2,1,0,1,extra_factorised_targets
leap_to_esto,BOTH,LEAP,Coal transformation,Natural gas,ESTO,1,1,1,0,0,lossless_without_override
leap_to_esto,BOTH,LEAP,Coal transformation,Other bituminous coal,ESTO,1,1,1,0,0,lossless_without_override
leap_to_esto,BOTH,LEAP,Coal transformation,Other products,ESTO,1,1,1,0,0,lossless_without_override
leap_to_esto,BOTH,LEAP,Coal transformation,Other recovered gases,ESTO,1,2,1,0,1,extra_factorised_targets
leap_to_esto,BOTH,LEAP,Coal transformation,Patent fuel,ESTO,1,2,1,0,1,extra_factorised_targets
leap_to_esto,BOTH,LEAP,Coal transformation,Peat,ESTO,1,1,1,0,0,lossless_without_override
leap_to_esto,BOTH,LEAP,Coal transformation,Peat products,ESTO,1,2,1,0,1,extra_factorised_targets
leap_to_esto,BOTH,LEAP,Coal transformation,Petroleum coke,ESTO,1,1,1,0,0,lossless_without_override
leap_to_esto,BOTH,LEAP,Coal transformation,Sub bituminous coal,ESTO,1,2,1,0,1,extra_factorised_targets
leap_to_esto,BOTH,LEAP,Coke ovens/Coke ovens,Anthracite,ESTO,1,0,0,1,0,missing_current_targets
leap_to_esto,BOTH,LEAP,Coke ovens/Coke ovens,BKB and PB,ESTO,1,0,0,1,0,missing_current_targets
leap_to_esto,BOTH,LEAP,Coke ovens/Coke ovens,Blast furnace gas,ESTO,1,0,0,1,0,missing_current_targets
leap_to_esto,BOTH,LEAP,Coke ovens/Coke ovens,Coal tar,ESTO,1,0,0,1,0,missing_current_targets
leap_to_esto,BOTH,LEAP,Coke ovens/Coke ovens,Coke oven coke,ESTO,1,0,0,1,0,missing_current_targets
leap_to_esto,BOTH,LEAP,Coke ovens/Coke ovens,Coke oven gas,ESTO,1,0,0,1,0,missing_current_targets
leap_to_esto,BOTH,LEAP,Coke ovens/Coke ovens,Coking coal,ESTO,1,0,0,1,0,missing_current_targets
leap_to_esto,BOTH,LEAP,Coke ovens/Coke ovens,Electricity,ESTO,1,0,0,1,0,missing_current_targets
leap_to_esto,BOTH,LEAP,Coke ovens/Coke ovens,Fuel oil,ESTO,1,0,0,1,0,missing_current_targets
leap_to_esto,BOTH,LEAP,Coke ovens/Coke ovens,Gas and diesel oil,ESTO,1,0,0,1,0,missing_current_targets
leap_to_esto,BOTH,LEAP,Coke ovens/Coke ovens,Gas coke,ESTO,1,0,0,1,0,missing_current_targets
leap_to_esto,BOTH,LEAP,Coke ovens/Coke ovens,Gas works gas,ESTO,1,0,0,1,0,missing_current_targets
leap_to_esto,BOTH,LEAP,Coke ovens/Coke ovens,Heat,ESTO,1,0,0,1,0,missing_current_targets
leap_to_esto,BOTH,LEAP,Coke ovens/Coke ovens,Industrial waste,ESTO,1,0,0,1,0,missing_current_targets
leap_to_esto,BOTH,LEAP,Coke ovens/Coke ovens,Kerosene,ESTO,1,0,0,1,0,missing_current_targets
leap_to_esto,BOTH,LEAP,Coke ovens/Coke ovens,LPG,ESTO,1,0,0,1,0,missing_current_targets
leap_to_esto,BOTH,LEAP,Coke ovens/Coke ovens,Lignite,ESTO,1,0,0,1,0,missing_current_targets
leap_to_esto,BOTH,LEAP,Coke ovens/Coke ovens,Motor gasoline,ESTO,1,0,0,1,0,missing_current_targets
leap_to_esto,BOTH,LEAP,Coke ovens/Coke ovens,Natural gas,ESTO,1,0,0,1,0,missing_current_targets
leap_to_esto,BOTH,LEAP,Coke ovens/Coke ovens,Natural gas liquids,ESTO,1,0,0,1,0,missing_current_targets
leap_to_esto,BOTH,LEAP,Coke ovens/Coke ovens,Other bituminous coal,ESTO,1,0,0,1,0,missing_current_targets
leap_to_esto,BOTH,LEAP,Coke ovens/Coke ovens,Other products,ESTO,1,0,0,1,0,missing_current_targets
leap_to_esto,BOTH,LEAP,Coke ovens/Coke ovens,Other recovered gases,ESTO,1,0,0,1,0,missing_current_targets
leap_to_esto,BOTH,LEAP,Coke ovens/Coke ovens,Patent fuel,ESTO,1,0,0,1,0,missing_current_targets
leap_to_esto,BOTH,LEAP,Coke ovens/Coke ovens,Petroleum coke,ESTO,1,0,0,1,0,missing_current_targets
leap_to_esto,BOTH,LEAP,Coke ovens/Coke ovens,Sub bituminous coal,ESTO,1,0,0,1,0,missing_current_targets
leap_to_esto,BOTH,LEAP,Demand\All demand aggregated\International transport,Aviation gasoline,ESTO,1,0,0,1,0,missing_current_targets
leap_to_esto,BOTH,LEAP,Demand\All demand aggregated\International transport,Biodiesel,ESTO,1,0,0,1,0,missing_current_targets
leap_to_esto,BOTH,LEAP,Demand\All demand aggregated\International transport,Fuel oil,ESTO,1,0,0,1,0,missing_current_targets
leap_to_esto,BOTH,LEAP,Demand\All demand aggregated\International transport,Gas and diesel oil,ESTO,1,0,0,1,0,missing_current_targets
leap_to_esto,BOTH,LEAP,Demand\All demand aggregated\International transport,Kerosene,ESTO,1,0,0,1,0,missing_current_targets
leap_to_esto,BOTH,LEAP,Demand\All demand aggregated\International transport,Kerosene type jet fuel,ESTO,1,0,0,1,0,missing_current_targets
leap_to_esto,BOTH,LEAP,Demand\All demand aggregated\International transport,LNG,ESTO,1,0,0,1,0,missing_current_targets
leap_to_esto,BOTH,LEAP,Demand\All demand aggregated\International transport,LPG,ESTO,1,0,0,1,0,missing_current_targets
leap_to_esto,BOTH,LEAP,Demand\All demand aggregated\International transport,Lubricants,ESTO,1,0,0,1,0,missing_current_targets
leap_to_esto,BOTH,LEAP,Demand\All demand aggregated\International transport,Motor gasoline,ESTO,1,0,0,1,0,missing_current_targets
leap_to_esto,BOTH,LEAP,Demand\All demand aggregated\International transport,Natural gas,ESTO,1,0,0,1,0,missing_current_targets
leap_to_esto,BOTH,LEAP,Demand\All demand aggregated\International transport,Other products,ESTO,1,0,0,1,0,missing_current_targets
leap_to_esto,BOTH,LEAP,Demand\All demand aggregated\Other sector,Anthracite,ESTO,1,0,0,1,0,missing_current_targets
leap_to_esto,BOTH,LEAP,Demand\All demand aggregated\Other sector,Aviation gasoline,ESTO,1,0,0,1,0,missing_current_targets
leap_to_esto,BOTH,LEAP,Demand\All demand aggregated\Other sector,BKB and PB,ESTO,1,0,0,1,0,missing_current_targets
leap_to_esto,BOTH,LEAP,Demand\All demand aggregated\Other sector,Bagasse,ESTO,1,0,0,1,0,missing_current_targets
leap_to_esto,BOTH,LEAP,Demand\All demand aggregated\Other sector,Biodiesel,ESTO,1,0,0,1,0,missing_current_targets
leap_to_esto,BOTH,LEAP,Demand\All demand aggregated\Other sector,Biogas,ESTO,1,0,0,1,0,missing_current_targets
leap_to_esto,BOTH,LEAP,Demand\All demand aggregated\Other sector,Biogasoline,ESTO,1,0,0,1,0,missing_current_targets
leap_to_esto,BOTH,LEAP,Demand\All demand aggregated\Other sector,Blast furnace gas,ESTO,1,0,0,1,0,missing_current_targets
leap_to_esto,BOTH,LEAP,Demand\All demand aggregated\Other sector,Charcoal,ESTO,1,0,0,1,0,missing_current_targets
leap_to_esto,BOTH,LEAP,Demand\All demand aggregated\Other sector,Coke oven coke,ESTO,1,0,0,1,0,missing_current_targets
leap_to_esto,BOTH,LEAP,Demand\All demand aggregated\Other sector,Coke oven gas,ESTO,1,0,0,1,0,missing_current_targets
leap_to_esto,BOTH,LEAP,Demand\All demand aggregated\Other sector,Crude oil,ESTO,1,0,0,1,0,missing_current_targets
leap_to_esto,BOTH,LEAP,Demand\All demand aggregated\Other sector,Electricity,ESTO,1,0,0,1,0,missing_current_targets
leap_to_esto,BOTH,LEAP,Demand\All demand aggregated\Other sector,Fuel oil,ESTO,1,0,0,1,0,missing_current_targets
leap_to_esto,BOTH,LEAP,Demand\All demand aggregated\Other sector,Fuelwood and woodwaste,ESTO,1,0,0,1,0,missing_current_targets
leap_to_esto,BOTH,LEAP,Demand\All demand aggregated\Other sector,Gas and diesel oil,ESTO,1,0,0,1,0,missing_current_targets
leap_to_esto,BOTH,LEAP,Demand\All demand aggregated\Other sector,Gas works gas,ESTO,1,0,0,1,0,missing_current_targets
leap_to_esto,BOTH,LEAP,Demand\All demand aggregated\Other sector,Geothermal,ESTO,1,0,0,1,0,missing_current_targets
leap_to_esto,BOTH,LEAP,Demand\All demand aggregated\Other sector,Heat,ESTO,1,0,0,1,0,missing_current_targets
leap_to_esto,BOTH,LEAP,Demand\All demand aggregated\Other sector,Industrial waste,ESTO,1,0,0,1,0,missing_current_targets
leap_to_esto,BOTH,LEAP,Demand\All demand aggregated\Other sector,Kerosene,ESTO,1,0,0,1,0,missing_current_targets
leap_to_esto,BOTH,LEAP,Demand\All demand aggregated\Other sector,Kerosene type jet fuel,ESTO,1,0,0,1,0,missing_current_targets
leap_to_esto,BOTH,LEAP,Demand\All demand aggregated\Other sector,LPG,ESTO,1,0,0,1,0,missing_current_targets
leap_to_esto,BOTH,LEAP,Demand\All demand aggregated\Other sector,Lignite,ESTO,1,0,0,1,0,missing_current_targets
leap_to_esto,BOTH,LEAP,Demand\All demand aggregated\Other sector,Lubricants,ESTO,1,0,0,1,0,missing_current_targets
leap_to_esto,BOTH,LEAP,Demand\All demand aggregated\Other sector,Motor gasoline,ESTO,1,0,0,1,0,missing_current_targets
leap_to_esto,BOTH,LEAP,Demand\All demand aggregated\Other sector,Municipal solid waste non renewable,ESTO,1,0,0,1,0,missing_current_targets
leap_to_esto,BOTH,LEAP,Demand\All demand aggregated\Other sector,Municipal solid waste renewable,ESTO,1,0,0,1,0,missing_current_targets
leap_to_esto,BOTH,LEAP,Demand\All demand aggregated\Other sector,Natural gas,ESTO,1,0,0,1,0,missing_current_targets
leap_to_esto,BOTH,LEAP,Demand\All demand aggregated\Other sector,Other biomass,ESTO,1,0,0,1,0,missing_current_targets
leap_to_esto,BOTH,LEAP,Demand\All demand aggregated\Other sector,Other bituminous coal,ESTO,1,0,0,1,0,missing_current_targets
leap_to_esto,BOTH,LEAP,Demand\All demand aggregated\Other sector,Other products,ESTO,1,0,0,1,0,missing_current_targets
leap_to_esto,BOTH,LEAP,Demand\All demand aggregated\Other sector,Patent fuel,ESTO,1,0,0,1,0,missing_current_targets
leap_to_esto,BOTH,LEAP,Demand\All demand aggregated\Other sector,Peat,ESTO,1,0,0,1,0,missing_current_targets
leap_to_esto,BOTH,LEAP,Demand\All demand aggregated\Other sector,Peat products,ESTO,1,0,0,1,0,missing_current_targets
leap_to_esto,BOTH,LEAP,Demand\All demand aggregated\Other sector,Solar nonspecified,ESTO,1,0,0,1,0,missing_current_targets
leap_to_esto,BOTH,LEAP,Demand\All demand aggregated\Other sector,Sub bituminous coal,ESTO,1,0,0,1,0,missing_current_targets
leap_to_esto,BOTH,LEAP,Demand\All demand aggregated\Road,Biodiesel,ESTO,1,2,1,0,1,extra_factorised_targets
leap_to_esto,BOTH,LEAP,Demand\All demand aggregated\Road,Biogas,ESTO,1,1,1,0,0,lossless_without_override
leap_to_esto,BOTH,LEAP,Demand\All demand aggregated\Road,Biogasoline,ESTO,1,1,1,0,0,lossless_without_override
leap_to_esto,BOTH,LEAP,Demand\All demand aggregated\Road,Electricity,ESTO,1,1,1,0,0,lossless_without_override
leap_to_esto,BOTH,LEAP,Demand\All demand aggregated\Road,Fuel oil,ESTO,1,2,1,0,1,extra_factorised_targets
leap_to_esto,BOTH,LEAP,Demand\All demand aggregated\Road,Gas and diesel oil,ESTO,1,2,1,0,1,extra_factorised_targets
leap_to_esto,BOTH,LEAP,Demand\All demand aggregated\Road,Kerosene,ESTO,1,1,1,0,0,lossless_without_override
leap_to_esto,BOTH,LEAP,Demand\All demand aggregated\Road,LPG,ESTO,1,2,1,0,1,extra_factorised_targets
leap_to_esto,BOTH,LEAP,Demand\All demand aggregated\Road,Motor gasoline,ESTO,1,1,1,0,0,lossless_without_override
leap_to_esto,BOTH,LEAP,Demand\All demand aggregated\Road,Natural gas,ESTO,1,2,1,0,1,extra_factorised_targets
leap_to_esto,BOTH,LEAP,Demand\All demand aggregated\Transport non road,Aviation gasoline,ESTO,1,0,0,1,0,missing_current_targets
leap_to_esto,BOTH,LEAP,Demand\All demand aggregated\Transport non road,Bio jet kerosene,ESTO,1,0,0,1,0,missing_current_targets
leap_to_esto,BOTH,LEAP,Demand\All demand aggregated\Transport non road,Biodiesel,ESTO,1,0,0,1,0,missing_current_targets
leap_to_esto,BOTH,LEAP,Demand\All demand aggregated\Transport non road,Coal tar,ESTO,1,0,0,1,0,missing_current_targets
leap_to_esto,BOTH,LEAP,Demand\All demand aggregated\Transport non road,Coke oven coke,ESTO,1,0,0,1,0,missing_current_targets
leap_to_esto,BOTH,LEAP,Demand\All demand aggregated\Transport non road,Electricity,ESTO,1,0,0,1,0,missing_current_targets
leap_to_esto,BOTH,LEAP,Demand\All demand aggregated\Transport non road,Fuel oil,ESTO,1,0,0,1,0,missing_current_targets
leap_to_esto,BOTH,LEAP,Demand\All demand aggregated\Transport non road,Gas and diesel oil,ESTO,1,0,0,1,0,missing_current_targets
leap_to_esto,BOTH,LEAP,Demand\All demand aggregated\Transport non road,Kerosene,ESTO,1,0,0,1,0,missing_current_targets
leap_to_esto,BOTH,LEAP,Demand\All demand aggregated\Transport non road,Kerosene type jet fuel,ESTO,1,0,0,1,0,missing_current_targets
leap_to_esto,BOTH,LEAP,Demand\All demand aggregated\Transport non road,LPG,ESTO,1,0,0,1,0,missing_current_targets
leap_to_esto,BOTH,LEAP,Demand\All demand aggregated\Transport non road,Lubricants,ESTO,1,0,0,1,0,missing_current_targets
leap_to_esto,BOTH,LEAP,Demand\All demand aggregated\Transport non road,Motor gasoline,ESTO,1,0,0,1,0,missing_current_targets
leap_to_esto,BOTH,LEAP,Demand\All demand aggregated\Transport non road,Natural gas,ESTO,1,0,0,1,0,missing_current_targets
leap_to_esto,BOTH,LEAP,Demand\All demand aggregated\Transport non road,Other bituminous coal,ESTO,1,0,0,1,0,missing_current_targets
leap_to_esto,BOTH,LEAP,Demand\All demand aggregated\Transport non road,Other products,ESTO,1,0,0,1,0,missing_current_targets
leap_to_esto,BOTH,LEAP,Electric boilers/Electric boilers,Electricity,ESTO,1,1,1,0,0,lossless_without_override
leap_to_esto,BOTH,LEAP,Electric boilers/Electric boilers,Heat,ESTO,1,2,1,0,1,extra_factorised_targets
leap_to_esto,BOTH,LEAP,Electricity Generation,Ammonia,ESTO,1,0,0,1,0,missing_current_targets
leap_to_esto,BOTH,LEAP,Electricity Generation,Anthracite,ESTO,1,0,0,1,0,missing_current_targets
leap_to_esto,BOTH,LEAP,Electricity Generation,Bagasse,ESTO,1,0,0,1,0,missing_current_targets
leap_to_esto,BOTH,LEAP,Electricity Generation,Biodiesel,ESTO,1,0,0,1,0,missing_current_targets
leap_to_esto,BOTH,LEAP,Electricity Generation,Biogas,ESTO,1,0,0,1,0,missing_current_targets
leap_to_esto,BOTH,LEAP,Electricity Generation,Bitumen,ESTO,1,0,0,1,0,missing_current_targets
leap_to_esto,BOTH,LEAP,Electricity Generation,Black liquor,ESTO,1,0,0,1,0,missing_current_targets
leap_to_esto,BOTH,LEAP,Electricity Generation,Blast furnace gas,ESTO,1,0,0,1,0,missing_current_targets
leap_to_esto,BOTH,LEAP,Electricity Generation,Coke oven coke,ESTO,1,0,0,1,0,missing_current_targets
leap_to_esto,BOTH,LEAP,Electricity Generation,Coke oven gas,ESTO,1,0,0,1,0,missing_current_targets
leap_to_esto,BOTH,LEAP,Electricity Generation,Crude oil,ESTO,1,0,0,1,0,missing_current_targets
leap_to_esto,BOTH,LEAP,Electricity Generation,Electricity,ESTO,1,0,0,1,0,missing_current_targets
leap_to_esto,BOTH,LEAP,Electricity Generation,Fuel oil,ESTO,1,0,0,1,0,missing_current_targets
leap_to_esto,BOTH,LEAP,Electricity Generation,Fuelwood and woodwaste,ESTO,1,0,0,1,0,missing_current_targets
leap_to_esto,BOTH,LEAP,Electricity Generation,Gas and diesel oil,ESTO,1,0,0,1,0,missing_current_targets
leap_to_esto,BOTH,LEAP,Electricity Generation,Gas works gas,ESTO,1,0,0,1,0,missing_current_targets
leap_to_esto,BOTH,LEAP,Electricity Generation,Gasoline type jet fuel,ESTO,1,0,0,1,0,missing_current_targets
leap_to_esto,BOTH,LEAP,Electricity Generation,Geothermal,ESTO,1,0,0,1,0,missing_current_targets
leap_to_esto,BOTH,LEAP,Electricity Generation,Heat,ESTO,1,0,0,1,0,missing_current_targets
leap_to_esto,BOTH,LEAP,Electricity Generation,Hydro,ESTO,1,0,0,1,0,missing_current_targets
leap_to_esto,BOTH,LEAP,Electricity Generation,Hydrogen,ESTO,1,0,0,1,0,missing_current_targets
leap_to_esto,BOTH,LEAP,Electricity Generation,Industrial waste,ESTO,1,0,0,1,0,missing_current_targets
leap_to_esto,BOTH,LEAP,Electricity Generation,Kerosene,ESTO,1,0,0,1,0,missing_current_targets
leap_to_esto,BOTH,LEAP,Electricity Generation,Kerosene type jet fuel,ESTO,1,0,0,1,0,missing_current_targets
leap_to_esto,BOTH,LEAP,Electricity Generation,LNG,ESTO,1,0,0,1,0,missing_current_targets
leap_to_esto,BOTH,LEAP,Electricity Generation,LPG,ESTO,1,0,0,1,0,missing_current_targets
leap_to_esto,BOTH,LEAP,Electricity Generation,Lignite,ESTO,1,0,0,1,0,missing_current_targets
leap_to_esto,BOTH,LEAP,Electricity Generation,Motor gasoline,ESTO,1,0,0,1,0,missing_current_targets
leap_to_esto,BOTH,LEAP,Electricity Generation,Municipal solid waste non renewable,ESTO,1,0,0,1,0,missing_current_targets
leap_to_esto,BOTH,LEAP,Electricity Generation,Municipal solid waste renewable,ESTO,1,0,0,1,0,missing_current_targets
leap_to_esto,BOTH,LEAP,Electricity Generation,Naphtha,ESTO,1,0,0,1,0,missing_current_targets
leap_to_esto,BOTH,LEAP,Electricity Generation,Natural gas,ESTO,1,0,0,1,0,missing_current_targets
leap_to_esto,BOTH,LEAP,Electricity Generation,Natural gas liquids,ESTO,1,0,0,1,0,missing_current_targets
leap_to_esto,BOTH,LEAP,Electricity Generation,Nuclear,ESTO,1,0,0,1,0,missing_current_targets
leap_to_esto,BOTH,LEAP,Electricity Generation,Other biomass,ESTO,1,0,0,1,0,missing_current_targets
leap_to_esto,BOTH,LEAP,Electricity Generation,Other bituminous coal,ESTO,1,0,0,1,0,missing_current_targets
leap_to_esto,BOTH,LEAP,Electricity Generation,Other hydrocarbons,ESTO,1,0,0,1,0,missing_current_targets
leap_to_esto,BOTH,LEAP,Electricity Generation,Other liquid biofuels,ESTO,1,0,0,1,0,missing_current_targets
leap_to_esto,BOTH,LEAP,Electricity Generation,Other products,ESTO,1,0,0,1,0,missing_current_targets
leap_to_esto,BOTH,LEAP,Electricity Generation,Other recovered gases,ESTO,1,0,0,1,0,missing_current_targets
leap_to_esto,BOTH,LEAP,Electricity Generation,Other sources,ESTO,1,0,0,1,0,missing_current_targets
leap_to_esto,BOTH,LEAP,Electricity Generation,Petroleum coke,ESTO,1,0,0,1,0,missing_current_targets
leap_to_esto,BOTH,LEAP,Electricity Generation,Refinery gas not liquefied,ESTO,1,0,0,1,0,missing_current_targets
leap_to_esto,BOTH,LEAP,Electricity Generation,Solar nonspecified,ESTO,1,0,0,1,0,missing_current_targets
leap_to_esto,BOTH,LEAP,Electricity Generation,Solar photovoltaics,ESTO,1,0,0,1,0,missing_current_targets
leap_to_esto,BOTH,LEAP,Electricity Generation,Sub bituminous coal,ESTO,1,0,0,1,0,missing_current_targets
leap_to_esto,BOTH,LEAP,Electricity Generation,Tide wave ocean,ESTO,1,0,0,1,0,missing_current_targets
leap_to_esto,BOTH,LEAP,Electricity Generation,Wind,ESTO,1,0,0,1,0,missing_current_targets
leap_to_esto,BOTH,LEAP,Electricity interim/Electricity interim,Ammonia,ESTO,1,0,0,1,0,missing_current_targets
leap_to_esto,BOTH,LEAP,Electricity interim/Electricity interim,Anthracite,ESTO,1,0,0,1,0,missing_current_targets
leap_to_esto,BOTH,LEAP,Electricity interim/Electricity interim,Bagasse,ESTO,1,0,0,1,0,missing_current_targets
leap_to_esto,BOTH,LEAP,Electricity interim/Electricity interim,Biodiesel,ESTO,1,0,0,1,0,missing_current_targets
leap_to_esto,BOTH,LEAP,Electricity interim/Electricity interim,Biogas,ESTO,1,0,0,1,0,missing_current_targets
leap_to_esto,BOTH,LEAP,Electricity interim/Electricity interim,Bitumen,ESTO,1,0,0,1,0,missing_current_targets
leap_to_esto,BOTH,LEAP,Electricity interim/Electricity interim,Black liquor,ESTO,1,0,0,1,0,missing_current_targets
leap_to_esto,BOTH,LEAP,Electricity interim/Electricity interim,Blast furnace gas,ESTO,1,0,0,1,0,missing_current_targets
leap_to_esto,BOTH,LEAP,Electricity interim/Electricity interim,Coke oven coke,ESTO,1,0,0,1,0,missing_current_targets
leap_to_esto,BOTH,LEAP,Electricity interim/Electricity interim,Coke oven gas,ESTO,1,0,0,1,0,missing_current_targets
leap_to_esto,BOTH,LEAP,Electricity interim/Electricity interim,Crude oil,ESTO,1,0,0,1,0,missing_current_targets
leap_to_esto,BOTH,LEAP,Electricity interim/Electricity interim,Electricity,ESTO,1,0,0,1,0,missing_current_targets
leap_to_esto,BOTH,LEAP,Electricity interim/Electricity interim,Fuel oil,ESTO,1,0,0,1,0,missing_current_targets
leap_to_esto,BOTH,LEAP,Electricity interim/Electricity interim,Fuelwood and woodwaste,ESTO,1,0,0,1,0,missing_current_targets
leap_to_esto,BOTH,LEAP,Electricity interim/Electricity interim,Gas and diesel oil,ESTO,1,0,0,1,0,missing_current_targets
leap_to_esto,BOTH,LEAP,Electricity interim/Electricity interim,Gas works gas,ESTO,1,0,0,1,0,missing_current_targets
leap_to_esto,BOTH,LEAP,Electricity interim/Electricity interim,Gasoline type jet fuel,ESTO,1,0,0,1,0,missing_current_targets
leap_to_esto,BOTH,LEAP,Electricity interim/Electricity interim,Geothermal,ESTO,1,0,0,1,0,missing_current_targets
leap_to_esto,BOTH,LEAP,Electricity interim/Electricity interim,Heat,ESTO,1,0,0,1,0,missing_current_targets
leap_to_esto,BOTH,LEAP,Electricity interim/Electricity interim,Hydro,ESTO,1,0,0,1,0,missing_current_targets
leap_to_esto,BOTH,LEAP,Electricity interim/Electricity interim,Hydrogen,ESTO,1,0,0,1,0,missing_current_targets
leap_to_esto,BOTH,LEAP,Electricity interim/Electricity interim,Industrial waste,ESTO,1,0,0,1,0,missing_current_targets
leap_to_esto,BOTH,LEAP,Electricity interim/Electricity interim,Kerosene,ESTO,1,0,0,1,0,missing_current_targets
leap_to_esto,BOTH,LEAP,Electricity interim/Electricity interim,Kerosene type jet fuel,ESTO,1,0,0,1,0,missing_current_targets
leap_to_esto,BOTH,LEAP,Electricity interim/Electricity interim,LNG,ESTO,1,0,0,1,0,missing_current_targets
leap_to_esto,BOTH,LEAP,Electricity interim/Electricity interim,LPG,ESTO,1,0,0,1,0,missing_current_targets
leap_to_esto,BOTH,LEAP,Electricity interim/Electricity interim,Lignite,ESTO,1,0,0,1,0,missing_current_targets
leap_to_esto,BOTH,LEAP,Electricity interim/Electricity interim,Motor gasoline,ESTO,1,0,0,1,0,missing_current_targets
leap_to_esto,BOTH,LEAP,Electricity interim/Electricity interim,Municipal solid waste non renewable,ESTO,1,0,0,1,0,missing_current_targets
leap_to_esto,BOTH,LEAP,Electricity interim/Electricity interim,Municipal solid waste renewable,ESTO,1,0,0,1,0,missing_current_targets
leap_to_esto,BOTH,LEAP,Electricity interim/Electricity interim,Naphtha,ESTO,1,0,0,1,0,missing_current_targets
leap_to_esto,BOTH,LEAP,Electricity interim/Electricity interim,Natural gas,ESTO,1,0,0,1,0,missing_current_targets
leap_to_esto,BOTH,LEAP,Electricity interim/Electricity interim,Natural gas liquids,ESTO,1,0,0,1,0,missing_current_targets
leap_to_esto,BOTH,LEAP,Electricity interim/Electricity interim,Nuclear,ESTO,1,0,0,1,0,missing_current_targets
leap_to_esto,BOTH,LEAP,Electricity interim/Electricity interim,Other biomass,ESTO,1,0,0,1,0,missing_current_targets
leap_to_esto,BOTH,LEAP,Electricity interim/Electricity interim,Other bituminous coal,ESTO,1,0,0,1,0,missing_current_targets
leap_to_esto,BOTH,LEAP,Electricity interim/Electricity interim,Other hydrocarbons,ESTO,1,0,0,1,0,missing_current_targets
leap_to_esto,BOTH,LEAP,Electricity interim/Electricity interim,Other liquid biofuels,ESTO,1,0,0,1,0,missing_current_targets
leap_to_esto,BOTH,LEAP,Electricity interim/Electricity interim,Other products,ESTO,1,0,0,1,0,missing_current_targets
leap_to_esto,BOTH,LEAP,Electricity interim/Electricity interim,Other recovered gases,ESTO,1,0,0,1,0,missing_current_targets
leap_to_esto,BOTH,LEAP,Electricity interim/Electricity interim,Other sources,ESTO,1,0,0,1,0,missing_current_targets
leap_to_esto,BOTH,LEAP,Electricity interim/Electricity interim,Petroleum coke,ESTO,1,0,0,1,0,missing_current_targets
leap_to_esto,BOTH,LEAP,Electricity interim/Electricity interim,Refinery gas not liquefied,ESTO,1,0,0,1,0,missing_current_targets
leap_to_esto,BOTH,LEAP,Electricity interim/Electricity interim,Solar nonspecified,ESTO,1,0,0,1,0,missing_current_targets
leap_to_esto,BOTH,LEAP,Electricity interim/Electricity interim,Solar photovoltaics,ESTO,1,0,0,1,0,missing_current_targets
leap_to_esto,BOTH,LEAP,Electricity interim/Electricity interim,Sub bituminous coal,ESTO,1,0,0,1,0,missing_current_targets
leap_to_esto,BOTH,LEAP,Electricity interim/Electricity interim,Tide wave ocean,ESTO,1,0,0,1,0,missing_current_targets
leap_to_esto,BOTH,LEAP,Electricity interim/Electricity interim,Wind,ESTO,1,0,0,1,0,missing_current_targets
leap_to_esto,BOTH,LEAP,Exports,Additives and oxygenates,ESTO,1,1,1,0,0,lossless_without_override
leap_to_esto,BOTH,LEAP,Exports,Ammonia,ESTO,1,0,0,1,0,missing_current_targets
leap_to_esto,BOTH,LEAP,Exports,Anthracite,ESTO,1,2,1,0,1,extra_factorised_targets
leap_to_esto,BOTH,LEAP,Exports,Aviation gasoline,ESTO,1,2,1,0,1,extra_factorised_targets
leap_to_esto,BOTH,LEAP,Exports,BKB and PB,ESTO,1,2,1,0,1,extra_factorised_targets
leap_to_esto,BOTH,LEAP,Exports,Bagasse,ESTO,1,1,0,1,1,missing_and_extra_targets
leap_to_esto,BOTH,LEAP,Exports,Bio jet kerosene,ESTO,1,0,0,1,0,missing_current_targets
leap_to_esto,BOTH,LEAP,Exports,Biodiesel,ESTO,1,2,1,0,1,extra_factorised_targets
leap_to_esto,BOTH,LEAP,Exports,Biogas,ESTO,1,1,0,1,1,missing_and_extra_targets
leap_to_esto,BOTH,LEAP,Exports,Biogasoline,ESTO,1,1,1,0,0,lossless_without_override
leap_to_esto,BOTH,LEAP,Exports,Bitumen,ESTO,1,1,1,0,0,lossless_without_override
leap_to_esto,BOTH,LEAP,Exports,Black liquor,ESTO,1,0,0,1,0,missing_current_targets
leap_to_esto,BOTH,LEAP,Exports,Blast furnace gas,ESTO,1,0,0,1,0,missing_current_targets
leap_to_esto,BOTH,LEAP,Exports,Charcoal,ESTO,1,1,1,0,0,lossless_without_override
leap_to_esto,BOTH,LEAP,Exports,Coal nonspecified,ESTO,1,0,0,1,0,missing_current_targets
leap_to_esto,BOTH,LEAP,Exports,Coal tar,ESTO,1,2,1,0,1,extra_factorised_targets
leap_to_esto,BOTH,LEAP,Exports,Coke oven coke,ESTO,1,2,1,0,1,extra_factorised_targets
leap_to_esto,BOTH,LEAP,Exports,Coke oven gas,ESTO,1,1,0,1,1,missing_and_extra_targets
leap_to_esto,BOTH,LEAP,Exports,Coking coal,ESTO,1,1,1,0,0,lossless_without_override
leap_to_esto,BOTH,LEAP,Exports,Crude oil,ESTO,1,1,1,0,0,lossless_without_override
leap_to_esto,BOTH,LEAP,Exports,Efuel,ESTO,1,0,0,1,0,missing_current_targets
leap_to_esto,BOTH,LEAP,Exports,Electricity,ESTO,1,1,1,0,0,lossless_without_override
leap_to_esto,BOTH,LEAP,Exports,Ethane,ESTO,1,1,1,0,0,lossless_without_override
leap_to_esto,BOTH,LEAP,Exports,Fuel oil,ESTO,1,2,1,0,1,extra_factorised_targets
leap_to_esto,BOTH,LEAP,Exports,Fuelwood and woodwaste,ESTO,1,0,0,1,0,missing_current_targets
leap_to_esto,BOTH,LEAP,Exports,Gas and diesel oil,ESTO,1,2,1,0,1,extra_factorised_targets
leap_to_esto,BOTH,LEAP,Exports,Gas coke,ESTO,1,0,0,1,0,missing_current_targets
leap_to_esto,BOTH,LEAP,Exports,Gas nonspecified,ESTO,1,0,0,1,0,missing_current_targets
leap_to_esto,BOTH,LEAP,Exports,Gas works gas,ESTO,1,1,0,1,1,missing_and_extra_targets
leap_to_esto,BOTH,LEAP,Exports,Gasoline type jet fuel,ESTO,1,1,1,0,0,lossless_without_override
leap_to_esto,BOTH,LEAP,Exports,Geothermal,ESTO,1,0,0,1,0,missing_current_targets
leap_to_esto,BOTH,LEAP,Exports,Heat,ESTO,1,1,0,1,1,missing_and_extra_targets
leap_to_esto,BOTH,LEAP,Exports,Hydro,ESTO,1,0,0,1,0,missing_current_targets
leap_to_esto,BOTH,LEAP,Exports,Hydrogen,ESTO,1,1,0,1,1,missing_and_extra_targets
leap_to_esto,BOTH,LEAP,Exports,Industrial waste,ESTO,1,0,0,1,0,missing_current_targets
leap_to_esto,BOTH,LEAP,Exports,Kerosene,ESTO,1,2,1,0,1,extra_factorised_targets
leap_to_esto,BOTH,LEAP,Exports,Kerosene type jet fuel,ESTO,1,2,1,0,1,extra_factorised_targets
leap_to_esto,BOTH,LEAP,Exports,LNG,ESTO,1,1,1,0,0,lossless_without_override
leap_to_esto,BOTH,LEAP,Exports,LPG,ESTO,1,2,1,0,1,extra_factorised_targets
leap_to_esto,BOTH,LEAP,Exports,Lignite,ESTO,1,2,1,0,1,extra_factorised_targets
leap_to_esto,BOTH,LEAP,Exports,Lubricants,ESTO,1,1,1,0,0,lossless_without_override
leap_to_esto,BOTH,LEAP,Exports,Motor gasoline,ESTO,1,2,1,0,1,extra_factorised_targets
leap_to_esto,BOTH,LEAP,Exports,Municipal solid waste non renewable,ESTO,1,0,0,1,0,missing_current_targets
leap_to_esto,BOTH,LEAP,Exports,Municipal solid waste renewable,ESTO,1,0,0,1,0,missing_current_targets
leap_to_esto,BOTH,LEAP,Exports,Naphtha,ESTO,1,1,1,0,0,lossless_without_override
leap_to_esto,BOTH,LEAP,Exports,Natural gas,ESTO,1,2,1,0,1,extra_factorised_targets
leap_to_esto,BOTH,LEAP,Exports,Natural gas liquids,ESTO,1,1,1,0,0,lossless_without_override
leap_to_esto,BOTH,LEAP,Exports,Nuclear,ESTO,1,0,0,1,0,missing_current_targets
leap_to_esto,BOTH,LEAP,Exports,Oil shale and oil sands,ESTO,1,0,0,1,0,missing_current_targets
leap_to_esto,BOTH,LEAP,Exports,Other biomass,ESTO,1,2,1,0,1,extra_factorised_targets
leap_to_esto,BOTH,LEAP,Exports,Other bituminous coal,ESTO,1,1,1,0,0,lossless_without_override
leap_to_esto,BOTH,LEAP,Exports,Other hydrocarbons,ESTO,1,1,1,0,0,lossless_without_override
leap_to_esto,BOTH,LEAP,Exports,Other liquid biofuels,ESTO,1,0,0,1,0,missing_current_targets
leap_to_esto,BOTH,LEAP,Exports,Other products,ESTO,1,1,1,0,0,lossless_without_override
leap_to_esto,BOTH,LEAP,Exports,Other recovered gases,ESTO,1,0,0,1,0,missing_current_targets
leap_to_esto,BOTH,LEAP,Exports,Other sources,ESTO,1,0,0,1,0,missing_current_targets
leap_to_esto,BOTH,LEAP,Exports,Paraffin waxes,ESTO,1,1,1,0,0,lossless_without_override
leap_to_esto,BOTH,LEAP,Exports,Patent fuel,ESTO,1,1,1,0,0,lossless_without_override
leap_to_esto,BOTH,LEAP,Exports,Peat,ESTO,1,1,1,0,0,lossless_without_override
leap_to_esto,BOTH,LEAP,Exports,Peat products,ESTO,1,2,1,0,1,extra_factorised_targets
leap_to_esto,BOTH,LEAP,Exports,PetProd nonspecified,ESTO,1,0,0,1,0,missing_current_targets
leap_to_esto,BOTH,LEAP,Exports,Petroleum coke,ESTO,1,1,1,0,0,lossless_without_override
leap_to_esto,BOTH,LEAP,Exports,Refinery feedstocks,ESTO,1,1,1,0,0,lossless_without_override
leap_to_esto,BOTH,LEAP,Exports,Refinery gas not liquefied,ESTO,1,0,0,1,0,missing_current_targets
leap_to_esto,BOTH,LEAP,Exports,Solar nonspecified,ESTO,1,0,0,1,0,missing_current_targets
leap_to_esto,BOTH,LEAP,Exports,Solar photovoltaics,ESTO,1,0,0,1,0,missing_current_targets
leap_to_esto,BOTH,LEAP,Exports,Sub bituminous coal,ESTO,1,2,1,0,1,extra_factorised_targets
leap_to_esto,BOTH,LEAP,Exports,Tide wave ocean,ESTO,1,0,0,1,0,missing_current_targets
leap_to_esto,BOTH,LEAP,Exports,White spirit SBP,ESTO,1,1,1,0,0,lossless_without_override
leap_to_esto,BOTH,LEAP,Exports,Wind,ESTO,1,0,0,1,0,missing_current_targets
leap_to_esto,BOTH,LEAP,Gas processing plants,Anthracite,ESTO,1,1,1,0,0,lossless_without_override
leap_to_esto,BOTH,LEAP,Gas processing plants,Biogas,ESTO,1,1,1,0,0,lossless_without_override
leap_to_esto,BOTH,LEAP,Gas processing plants,Coal tar,ESTO,1,1,1,0,0,lossless_without_override
leap_to_esto,BOTH,LEAP,Gas processing plants,Coke oven coke,ESTO,1,2,1,0,1,extra_factorised_targets
leap_to_esto,BOTH,LEAP,Gas processing plants,Coke oven gas,ESTO,1,2,1,0,1,extra_factorised_targets
leap_to_esto,BOTH,LEAP,Gas processing plants,Coking coal,ESTO,1,1,1,0,0,lossless_without_override
leap_to_esto,BOTH,LEAP,Gas processing plants,Electricity,ESTO,1,0,0,1,0,missing_current_targets
leap_to_esto,BOTH,LEAP,Gas processing plants,Fuel oil,ESTO,1,2,1,0,1,extra_factorised_targets
leap_to_esto,BOTH,LEAP,Gas processing plants,Gas and diesel oil,ESTO,1,2,1,0,1,extra_factorised_targets
leap_to_esto,BOTH,LEAP,Gas processing plants,Gas works gas,ESTO,1,2,1,0,1,extra_factorised_targets
leap_to_esto,BOTH,LEAP,Gas processing plants,Heat,ESTO,1,0,0,1,0,missing_current_targets
leap_to_esto,BOTH,LEAP,Gas processing plants,Kerosene,ESTO,1,1,1,0,0,lossless_without_override
leap_to_esto,BOTH,LEAP,Gas processing plants,LNG,ESTO,1,1,1,0,0,lossless_without_override
leap_to_esto,BOTH,LEAP,Gas processing plants,LPG,ESTO,1,2,1,0,1,extra_factorised_targets
leap_to_esto,BOTH,LEAP,Gas processing plants,Lignite,ESTO,1,2,1,0,1,extra_factorised_targets
leap_to_esto,BOTH,LEAP,Gas processing plants,Motor gasoline,ESTO,1,1,1,0,0,lossless_without_override
leap_to_esto,BOTH,LEAP,Gas processing plants,Naphtha,ESTO,1,1,1,0,0,lossless_without_override
leap_to_esto,BOTH,LEAP,Gas processing plants,Natural gas,ESTO,1,2,1,0,1,extra_factorised_targets
leap_to_esto,BOTH,LEAP,Gas processing plants,Other bituminous coal,ESTO,1,1,1,0,0,lossless_without_override
leap_to_esto,BOTH,LEAP,Gas processing plants,Other hydrocarbons,ESTO,1,1,1,0,0,lossless_without_override
leap_to_esto,BOTH,LEAP,Gas processing plants,Other products,ESTO,1,1,1,0,0,lossless_without_override
leap_to_esto,BOTH,LEAP,Gas processing plants,Petroleum coke,ESTO,1,1,1,0,0,lossless_without_override
leap_to_esto,BOTH,LEAP,Gas processing plants,Refinery gas not liquefied,ESTO,1,1,1,0,0,lossless_without_override
leap_to_esto,BOTH,LEAP,Gas to liquids plants/Gas to liquids plants,Gas and diesel oil,ESTO,1,2,1,0,1,extra_factorised_targets
leap_to_esto,BOTH,LEAP,Gas to liquids plants/Gas to liquids plants,Kerosene,ESTO,1,1,1,0,0,lossless_without_override
leap_to_esto,BOTH,LEAP,Gas to liquids plants/Gas to liquids plants,LPG,ESTO,1,1,1,0,0,lossless_without_override
leap_to_esto,BOTH,LEAP,Gas to liquids plants/Gas to liquids plants,Natural gas,ESTO,1,2,1,0,1,extra_factorised_targets
leap_to_esto,BOTH,LEAP,Gas to liquids plants/Gas to liquids plants,Other products,ESTO,1,1,1,0,0,lossless_without_override
leap_to_esto,BOTH,LEAP,Gas works plants/Gas works plants,Anthracite,ESTO,1,0,0,1,0,missing_current_targets
leap_to_esto,BOTH,LEAP,Gas works plants/Gas works plants,BKB and PB,ESTO,1,0,0,1,0,missing_current_targets
leap_to_esto,BOTH,LEAP,Gas works plants/Gas works plants,Blast furnace gas,ESTO,1,0,0,1,0,missing_current_targets
leap_to_esto,BOTH,LEAP,Gas works plants/Gas works plants,Coal tar,ESTO,1,0,0,1,0,missing_current_targets
leap_to_esto,BOTH,LEAP,Gas works plants/Gas works plants,Coke oven coke,ESTO,1,0,0,1,0,missing_current_targets
leap_to_esto,BOTH,LEAP,Gas works plants/Gas works plants,Coke oven gas,ESTO,1,0,0,1,0,missing_current_targets
leap_to_esto,BOTH,LEAP,Gas works plants/Gas works plants,Coking coal,ESTO,1,0,0,1,0,missing_current_targets
leap_to_esto,BOTH,LEAP,Gas works plants/Gas works plants,Electricity,ESTO,1,0,0,1,0,missing_current_targets
leap_to_esto,BOTH,LEAP,Gas works plants/Gas works plants,Fuel oil,ESTO,1,0,0,1,0,missing_current_targets
leap_to_esto,BOTH,LEAP,Gas works plants/Gas works plants,Gas and diesel oil,ESTO,1,0,0,1,0,missing_current_targets
leap_to_esto,BOTH,LEAP,Gas works plants/Gas works plants,Gas coke,ESTO,1,0,0,1,0,missing_current_targets
leap_to_esto,BOTH,LEAP,Gas works plants/Gas works plants,Gas works gas,ESTO,1,0,0,1,0,missing_current_targets
leap_to_esto,BOTH,LEAP,Gas works plants/Gas works plants,Heat,ESTO,1,0,0,1,0,missing_current_targets
leap_to_esto,BOTH,LEAP,Gas works plants/Gas works plants,LPG,ESTO,1,0,0,1,0,missing_current_targets
leap_to_esto,BOTH,LEAP,Gas works plants/Gas works plants,Lignite,ESTO,1,0,0,1,0,missing_current_targets
leap_to_esto,BOTH,LEAP,Gas works plants/Gas works plants,Motor gasoline,ESTO,1,0,0,1,0,missing_current_targets
leap_to_esto,BOTH,LEAP,Gas works plants/Gas works plants,Naphtha,ESTO,1,0,0,1,0,missing_current_targets
leap_to_esto,BOTH,LEAP,Gas works plants/Gas works plants,Natural gas,ESTO,1,0,0,1,0,missing_current_targets
leap_to_esto,BOTH,LEAP,Gas works plants/Gas works plants,Other bituminous coal,ESTO,1,0,0,1,0,missing_current_targets
leap_to_esto,BOTH,LEAP,Gas works plants/Gas works plants,Other products,ESTO,1,0,0,1,0,missing_current_targets
leap_to_esto,BOTH,LEAP,Gas works plants/Gas works plants,Other recovered gases,ESTO,1,0,0,1,0,missing_current_targets
leap_to_esto,BOTH,LEAP,Gas works plants/Gas works plants,Patent fuel,ESTO,1,0,0,1,0,missing_current_targets
leap_to_esto,BOTH,LEAP,Gas works plants/Gas works plants,PetProd nonspecified,ESTO,1,0,0,1,0,missing_current_targets
leap_to_esto,BOTH,LEAP,Gas works plants/Gas works plants,Petroleum coke,ESTO,1,0,0,1,0,missing_current_targets
leap_to_esto,BOTH,LEAP,Gas works plants/Gas works plants,Refinery gas not liquefied,ESTO,1,0,0,1,0,missing_current_targets
leap_to_esto,BOTH,LEAP,Gas works plants/Gas works plants,Sub bituminous coal,ESTO,1,0,0,1,0,missing_current_targets
leap_to_esto,BOTH,LEAP,Heat plant interim/Heat plant interim,Anthracite,ESTO,1,0,0,1,0,missing_current_targets
leap_to_esto,BOTH,LEAP,Heat plant interim/Heat plant interim,Biogas,ESTO,1,0,0,1,0,missing_current_targets
leap_to_esto,BOTH,LEAP,Heat plant interim/Heat plant interim,Bitumen,ESTO,1,0,0,1,0,missing_current_targets
leap_to_esto,BOTH,LEAP,Heat plant interim/Heat plant interim,Blast furnace gas,ESTO,1,0,0,1,0,missing_current_targets
leap_to_esto,BOTH,LEAP,Heat plant interim/Heat plant interim,Coke oven coke,ESTO,1,0,0,1,0,missing_current_targets
leap_to_esto,BOTH,LEAP,Heat plant interim/Heat plant interim,Coke oven gas,ESTO,1,0,0,1,0,missing_current_targets
leap_to_esto,BOTH,LEAP,Heat plant interim/Heat plant interim,Crude oil,ESTO,1,0,0,1,0,missing_current_targets
leap_to_esto,BOTH,LEAP,Heat plant interim/Heat plant interim,Electricity,ESTO,1,0,0,1,0,missing_current_targets
leap_to_esto,BOTH,LEAP,Heat plant interim/Heat plant interim,Fuel oil,ESTO,1,0,0,1,0,missing_current_targets
leap_to_esto,BOTH,LEAP,Heat plant interim/Heat plant interim,Gas and diesel oil,ESTO,1,0,0,1,0,missing_current_targets
leap_to_esto,BOTH,LEAP,Heat plant interim/Heat plant interim,Gas works gas,ESTO,1,0,0,1,0,missing_current_targets
leap_to_esto,BOTH,LEAP,Heat plant interim/Heat plant interim,Heat,ESTO,1,0,0,1,0,missing_current_targets
leap_to_esto,BOTH,LEAP,Heat plant interim/Heat plant interim,Industrial waste,ESTO,1,0,0,1,0,missing_current_targets
leap_to_esto,BOTH,LEAP,Heat plant interim/Heat plant interim,Kerosene,ESTO,1,0,0,1,0,missing_current_targets
leap_to_esto,BOTH,LEAP,Heat plant interim/Heat plant interim,LPG,ESTO,1,0,0,1,0,missing_current_targets
leap_to_esto,BOTH,LEAP,Heat plant interim/Heat plant interim,Lignite,ESTO,1,0,0,1,0,missing_current_targets
leap_to_esto,BOTH,LEAP,Heat plant interim/Heat plant interim,Municipal solid waste non renewable,ESTO,1,0,0,1,0,missing_current_targets
leap_to_esto,BOTH,LEAP,Heat plant interim/Heat plant interim,Municipal solid waste renewable,ESTO,1,0,0,1,0,missing_current_targets
leap_to_esto,BOTH,LEAP,Heat plant interim/Heat plant interim,Naphtha,ESTO,1,0,0,1,0,missing_current_targets
leap_to_esto,BOTH,LEAP,Heat plant interim/Heat plant interim,Natural gas,ESTO,1,0,0,1,0,missing_current_targets
leap_to_esto,BOTH,LEAP,Heat plant interim/Heat plant interim,Natural gas liquids,ESTO,1,0,0,1,0,missing_current_targets
leap_to_esto,BOTH,LEAP,Heat plant interim/Heat plant interim,Other biomass,ESTO,1,0,0,1,0,missing_current_targets
leap_to_esto,BOTH,LEAP,Heat plant interim/Heat plant interim,Other bituminous coal,ESTO,1,0,0,1,0,missing_current_targets
leap_to_esto,BOTH,LEAP,Heat plant interim/Heat plant interim,Other hydrocarbons,ESTO,1,0,0,1,0,missing_current_targets
leap_to_esto,BOTH,LEAP,Heat plant interim/Heat plant interim,Other products,ESTO,1,0,0,1,0,missing_current_targets
leap_to_esto,BOTH,LEAP,Heat plant interim/Heat plant interim,Other recovered gases,ESTO,1,0,0,1,0,missing_current_targets
leap_to_esto,BOTH,LEAP,Heat plant interim/Heat plant interim,Other sources,ESTO,1,0,0,1,0,missing_current_targets
leap_to_esto,BOTH,LEAP,Heat plant interim/Heat plant interim,Peat,ESTO,1,0,0,1,0,missing_current_targets
leap_to_esto,BOTH,LEAP,Heat plant interim/Heat plant interim,Peat products,ESTO,1,0,0,1,0,missing_current_targets
leap_to_esto,BOTH,LEAP,Heat plant interim/Heat plant interim,Refinery gas not liquefied,ESTO,1,0,0,1,0,missing_current_targets
leap_to_esto,BOTH,LEAP,Heat plants,Biogas,ESTO,1,0,0,1,0,missing_current_targets
leap_to_esto,BOTH,LEAP,Heat plants,Blast furnace gas,ESTO,1,0,0,1,0,missing_current_targets
leap_to_esto,BOTH,LEAP,Heat plants,Coke oven coke,ESTO,1,0,0,1,0,missing_current_targets
leap_to_esto,BOTH,LEAP,Heat plants,Coke oven gas,ESTO,1,0,0,1,0,missing_current_targets
leap_to_esto,BOTH,LEAP,Heat plants,Crude oil,ESTO,1,0,0,1,0,missing_current_targets
leap_to_esto,BOTH,LEAP,Heat plants,Electricity,ESTO,1,0,0,1,0,missing_current_targets
leap_to_esto,BOTH,LEAP,Heat plants,Fuel oil,ESTO,1,0,0,1,0,missing_current_targets
leap_to_esto,BOTH,LEAP,Heat plants,Gas and diesel oil,ESTO,1,0,0,1,0,missing_current_targets
leap_to_esto,BOTH,LEAP,Heat plants,Gas works gas,ESTO,1,0,0,1,0,missing_current_targets
leap_to_esto,BOTH,LEAP,Heat plants,Heat,ESTO,1,0,0,1,0,missing_current_targets
leap_to_esto,BOTH,LEAP,Heat plants,Industrial waste,ESTO,1,0,0,1,0,missing_current_targets
leap_to_esto,BOTH,LEAP,Heat plants,Kerosene,ESTO,1,0,0,1,0,missing_current_targets
leap_to_esto,BOTH,LEAP,Heat plants,LPG,ESTO,1,0,0,1,0,missing_current_targets
leap_to_esto,BOTH,LEAP,Heat plants,Lignite,ESTO,1,0,0,1,0,missing_current_targets
leap_to_esto,BOTH,LEAP,Heat plants,Municipal solid waste non renewable,ESTO,1,0,0,1,0,missing_current_targets
leap_to_esto,BOTH,LEAP,Heat plants,Municipal solid waste renewable,ESTO,1,0,0,1,0,missing_current_targets
leap_to_esto,BOTH,LEAP,Heat plants,Naphtha,ESTO,1,0,0,1,0,missing_current_targets
leap_to_esto,BOTH,LEAP,Heat plants,Natural gas,ESTO,1,0,0,1,0,missing_current_targets
leap_to_esto,BOTH,LEAP,Heat plants,Other biomass,ESTO,1,0,0,1,0,missing_current_targets
leap_to_esto,BOTH,LEAP,Heat plants,Other bituminous coal,ESTO,1,0,0,1,0,missing_current_targets
leap_to_esto,BOTH,LEAP,Heat plants,Other products,ESTO,1,0,0,1,0,missing_current_targets
leap_to_esto,BOTH,LEAP,Heat plants,Other recovered gases,ESTO,1,0,0,1,0,missing_current_targets
leap_to_esto,BOTH,LEAP,Heat plants,Peat,ESTO,1,0,0,1,0,missing_current_targets
leap_to_esto,BOTH,LEAP,Heat plants,Peat products,ESTO,1,0,0,1,0,missing_current_targets
leap_to_esto,BOTH,LEAP,Heat plants,Petroleum coke,ESTO,1,0,0,1,0,missing_current_targets
leap_to_esto,BOTH,LEAP,Heat plants,Refinery gas not liquefied,ESTO,1,0,0,1,0,missing_current_targets
leap_to_esto,BOTH,LEAP,Hydrogen transformation,Ammonia,ESTO,1,0,0,1,0,missing_current_targets
leap_to_esto,BOTH,LEAP,Hydrogen transformation,Efuel,ESTO,1,0,0,1,0,missing_current_targets
leap_to_esto,BOTH,LEAP,Hydrogen transformation,Electricity,ESTO,1,0,0,1,0,missing_current_targets
leap_to_esto,BOTH,LEAP,Hydrogen transformation,Hydrogen,ESTO,1,0,0,1,0,missing_current_targets
leap_to_esto,BOTH,LEAP,Hydrogen transformation,Natural gas,ESTO,1,0,0,1,0,missing_current_targets
leap_to_esto,BOTH,LEAP,Hydrogen transformation/Electrolysers,Ammonia,ESTO,1,0,0,1,0,missing_current_targets
leap_to_esto,BOTH,LEAP,Hydrogen transformation/Electrolysers,Efuel,ESTO,1,0,0,1,0,missing_current_targets
leap_to_esto,BOTH,LEAP,Hydrogen transformation/Electrolysers,Electricity,ESTO,1,0,0,1,0,missing_current_targets
leap_to_esto,BOTH,LEAP,Hydrogen transformation/Electrolysers,Hydrogen,ESTO,1,0,0,1,0,missing_current_targets
leap_to_esto,BOTH,LEAP,Hydrogen transformation/SMR with CCS,Ammonia,ESTO,1,0,0,1,0,missing_current_targets
leap_to_esto,BOTH,LEAP,Hydrogen transformation/SMR with CCS,Efuel,ESTO,1,0,0,1,0,missing_current_targets
leap_to_esto,BOTH,LEAP,Hydrogen transformation/SMR with CCS,Hydrogen,ESTO,1,0,0,1,0,missing_current_targets
leap_to_esto,BOTH,LEAP,Hydrogen transformation/SMR with CCS,Natural gas,ESTO,1,0,0,1,0,missing_current_targets
leap_to_esto,BOTH,LEAP,Imports,Additives and oxygenates,ESTO,1,1,1,0,0,lossless_without_override
leap_to_esto,BOTH,LEAP,Imports,Ammonia,ESTO,1,0,0,1,0,missing_current_targets
leap_to_esto,BOTH,LEAP,Imports,Anthracite,ESTO,1,2,1,0,1,extra_factorised_targets
leap_to_esto,BOTH,LEAP,Imports,Aviation gasoline,ESTO,1,2,1,0,1,extra_factorised_targets
leap_to_esto,BOTH,LEAP,Imports,BKB and PB,ESTO,1,2,1,0,1,extra_factorised_targets
leap_to_esto,BOTH,LEAP,Imports,Bagasse,ESTO,1,0,0,1,0,missing_current_targets
leap_to_esto,BOTH,LEAP,Imports,Bio jet kerosene,ESTO,1,1,1,0,0,lossless_without_override
leap_to_esto,BOTH,LEAP,Imports,Biodiesel,ESTO,1,2,1,0,1,extra_factorised_targets
leap_to_esto,BOTH,LEAP,Imports,Biogas,ESTO,1,1,0,1,1,missing_and_extra_targets
leap_to_esto,BOTH,LEAP,Imports,Biogasoline,ESTO,1,1,1,0,0,lossless_without_override
leap_to_esto,BOTH,LEAP,Imports,Bitumen,ESTO,1,1,1,0,0,lossless_without_override
leap_to_esto,BOTH,LEAP,Imports,Black liquor,ESTO,1,0,0,1,0,missing_current_targets
leap_to_esto,BOTH,LEAP,Imports,Blast furnace gas,ESTO,1,0,0,1,0,missing_current_targets
leap_to_esto,BOTH,LEAP,Imports,Charcoal,ESTO,1,1,1,0,0,lossless_without_override
leap_to_esto,BOTH,LEAP,Imports,Coal nonspecified,ESTO,1,0,0,1,0,missing_current_targets
leap_to_esto,BOTH,LEAP,Imports,Coal tar,ESTO,1,2,1,0,1,extra_factorised_targets
leap_to_esto,BOTH,LEAP,Imports,Coke oven coke,ESTO,1,2,1,0,1,extra_factorised_targets
leap_to_esto,BOTH,LEAP,Imports,Coke oven gas,ESTO,1,1,0,1,1,missing_and_extra_targets
leap_to_esto,BOTH,LEAP,Imports,Coking coal,ESTO,1,1,1,0,0,lossless_without_override
leap_to_esto,BOTH,LEAP,Imports,Crude oil,ESTO,1,1,1,0,0,lossless_without_override
leap_to_esto,BOTH,LEAP,Imports,Efuel,ESTO,1,0,0,1,0,missing_current_targets
leap_to_esto,BOTH,LEAP,Imports,Electricity,ESTO,1,1,1,0,0,lossless_without_override
leap_to_esto,BOTH,LEAP,Imports,Ethane,ESTO,1,1,1,0,0,lossless_without_override
leap_to_esto,BOTH,LEAP,Imports,Fuel oil,ESTO,1,2,1,0,1,extra_factorised_targets
leap_to_esto,BOTH,LEAP,Imports,Fuelwood and woodwaste,ESTO,1,0,0,1,0,missing_current_targets
leap_to_esto,BOTH,LEAP,Imports,Gas and diesel oil,ESTO,1,2,1,0,1,extra_factorised_targets
leap_to_esto,BOTH,LEAP,Imports,Gas coke,ESTO,1,0,0,1,0,missing_current_targets
leap_to_esto,BOTH,LEAP,Imports,Gas nonspecified,ESTO,1,0,0,1,0,missing_current_targets
leap_to_esto,BOTH,LEAP,Imports,Gas works gas,ESTO,1,1,0,1,1,missing_and_extra_targets
leap_to_esto,BOTH,LEAP,Imports,Gasoline type jet fuel,ESTO,1,1,1,0,0,lossless_without_override
leap_to_esto,BOTH,LEAP,Imports,Geothermal,ESTO,1,0,0,1,0,missing_current_targets
leap_to_esto,BOTH,LEAP,Imports,Heat,ESTO,1,1,0,1,1,missing_and_extra_targets
leap_to_esto,BOTH,LEAP,Imports,Hydro,ESTO,1,0,0,1,0,missing_current_targets
leap_to_esto,BOTH,LEAP,Imports,Hydrogen,ESTO,1,1,0,1,1,missing_and_extra_targets
leap_to_esto,BOTH,LEAP,Imports,Industrial waste,ESTO,1,0,0,1,0,missing_current_targets
leap_to_esto,BOTH,LEAP,Imports,Kerosene,ESTO,1,2,1,0,1,extra_factorised_targets
leap_to_esto,BOTH,LEAP,Imports,Kerosene type jet fuel,ESTO,1,2,1,0,1,extra_factorised_targets
leap_to_esto,BOTH,LEAP,Imports,LNG,ESTO,1,1,1,0,0,lossless_without_override
leap_to_esto,BOTH,LEAP,Imports,LPG,ESTO,1,2,1,0,1,extra_factorised_targets
leap_to_esto,BOTH,LEAP,Imports,Lignite,ESTO,1,2,1,0,1,extra_factorised_targets
leap_to_esto,BOTH,LEAP,Imports,Lubricants,ESTO,1,1,1,0,0,lossless_without_override
leap_to_esto,BOTH,LEAP,Imports,Motor gasoline,ESTO,1,2,1,0,1,extra_factorised_targets
leap_to_esto,BOTH,LEAP,Imports,Municipal solid waste non renewable,ESTO,1,0,0,1,0,missing_current_targets
leap_to_esto,BOTH,LEAP,Imports,Municipal solid waste renewable,ESTO,1,0,0,1,0,missing_current_targets
leap_to_esto,BOTH,LEAP,Imports,Naphtha,ESTO,1,1,1,0,0,lossless_without_override
leap_to_esto,BOTH,LEAP,Imports,Natural gas,ESTO,1,2,1,0,1,extra_factorised_targets
leap_to_esto,BOTH,LEAP,Imports,Natural gas liquids,ESTO,1,1,1,0,0,lossless_without_override
leap_to_esto,BOTH,LEAP,Imports,Nuclear,ESTO,1,0,0,1,0,missing_current_targets
leap_to_esto,BOTH,LEAP,Imports,Oil shale and oil sands,ESTO,1,0,0,1,0,missing_current_targets
leap_to_esto,BOTH,LEAP,Imports,Other biomass,ESTO,1,2,1,0,1,extra_factorised_targets
leap_to_esto,BOTH,LEAP,Imports,Other bituminous coal,ESTO,1,1,1,0,0,lossless_without_override
leap_to_esto,BOTH,LEAP,Imports,Other hydrocarbons,ESTO,1,1,1,0,0,lossless_without_override
leap_to_esto,BOTH,LEAP,Imports,Other liquid biofuels,ESTO,1,0,0,1,0,missing_current_targets
leap_to_esto,BOTH,LEAP,Imports,Other products,ESTO,1,1,1,0,0,lossless_without_override
leap_to_esto,BOTH,LEAP,Imports,Other recovered gases,ESTO,1,1,1,0,0,lossless_without_override
leap_to_esto,BOTH,LEAP,Imports,Other sources,ESTO,1,0,0,1,0,missing_current_targets
leap_to_esto,BOTH,LEAP,Imports,Paraffin waxes,ESTO,1,1,1,0,0,lossless_without_override
leap_to_esto,BOTH,LEAP,Imports,Patent fuel,ESTO,1,2,1,0,1,extra_factorised_targets
leap_to_esto,BOTH,LEAP,Imports,Peat,ESTO,1,1,1,0,0,lossless_without_override
leap_to_esto,BOTH,LEAP,Imports,Peat products,ESTO,1,1,0,1,1,missing_and_extra_targets
leap_to_esto,BOTH,LEAP,Imports,PetProd nonspecified,ESTO,1,0,0,1,0,missing_current_targets
leap_to_esto,BOTH,LEAP,Imports,Petroleum coke,ESTO,1,1,1,0,0,lossless_without_override
leap_to_esto,BOTH,LEAP,Imports,Refinery feedstocks,ESTO,1,1,1,0,0,lossless_without_override
leap_to_esto,BOTH,LEAP,Imports,Refinery gas not liquefied,ESTO,1,0,0,1,0,missing_current_targets
leap_to_esto,BOTH,LEAP,Imports,Solar nonspecified,ESTO,1,0,0,1,0,missing_current_targets
leap_to_esto,BOTH,LEAP,Imports,Solar photovoltaics,ESTO,1,0,0,1,0,missing_current_targets
leap_to_esto,BOTH,LEAP,Imports,Sub bituminous coal,ESTO,1,2,1,0,1,extra_factorised_targets
leap_to_esto,BOTH,LEAP,Imports,Tide wave ocean,ESTO,1,0,0,1,0,missing_current_targets
leap_to_esto,BOTH,LEAP,Imports,White spirit SBP,ESTO,1,1,1,0,0,lossless_without_override
leap_to_esto,BOTH,LEAP,Imports,Wind,ESTO,1,0,0,1,0,missing_current_targets
leap_to_esto,BOTH,LEAP,Industry,Anthracite,ESTO,1,2,1,0,1,extra_factorised_targets
leap_to_esto,BOTH,LEAP,Industry,Aviation gasoline,ESTO,1,2,1,0,1,extra_factorised_targets
leap_to_esto,BOTH,LEAP,Industry,BKB and PB,ESTO,1,2,1,0,1,extra_factorised_targets
leap_to_esto,BOTH,LEAP,Industry,Bagasse,ESTO,1,2,1,0,1,extra_factorised_targets
leap_to_esto,BOTH,LEAP,Industry,Bio jet kerosene,ESTO,1,0,0,1,0,missing_current_targets
leap_to_esto,BOTH,LEAP,Industry,Biodiesel,ESTO,1,2,1,0,1,extra_factorised_targets
leap_to_esto,BOTH,LEAP,Industry,Biogas,ESTO,1,2,1,0,1,extra_factorised_targets
leap_to_esto,BOTH,LEAP,Industry,Biogasoline,ESTO,1,2,1,0,1,extra_factorised_targets
leap_to_esto,BOTH,LEAP,Industry,Bitumen,ESTO,1,1,1,0,0,lossless_without_override
leap_to_esto,BOTH,LEAP,Industry,Black liquor,ESTO,1,1,1,0,0,lossless_without_override
leap_to_esto,BOTH,LEAP,Industry,Blast furnace gas,ESTO,1,2,1,0,1,extra_factorised_targets
leap_to_esto,BOTH,LEAP,Industry,Charcoal,ESTO,1,2,1,0,1,extra_factorised_targets
leap_to_esto,BOTH,LEAP,Industry,Coal nonspecified,ESTO,1,0,0,1,0,missing_current_targets
leap_to_esto,BOTH,LEAP,Industry,Coal tar,ESTO,1,2,1,0,1,extra_factorised_targets
leap_to_esto,BOTH,LEAP,Industry,Coke oven coke,ESTO,1,2,1,0,1,extra_factorised_targets
leap_to_esto,BOTH,LEAP,Industry,Coke oven gas,ESTO,1,2,1,0,1,extra_factorised_targets
leap_to_esto,BOTH,LEAP,Industry,Electricity,ESTO,1,1,1,0,0,lossless_without_override
leap_to_esto,BOTH,LEAP,Industry,Ethane,ESTO,1,1,1,0,0,lossless_without_override
leap_to_esto,BOTH,LEAP,Industry,Fuel oil,ESTO,1,2,1,0,1,extra_factorised_targets
leap_to_esto,BOTH,LEAP,Industry,Fuelwood and woodwaste,ESTO,1,2,1,0,1,extra_factorised_targets
leap_to_esto,BOTH,LEAP,Industry,Gas and diesel oil,ESTO,1,2,1,0,1,extra_factorised_targets
leap_to_esto,BOTH,LEAP,Industry,Gas coke,ESTO,1,0,0,1,0,missing_current_targets
leap_to_esto,BOTH,LEAP,Industry,Gasoline type jet fuel,ESTO,1,0,0,1,0,missing_current_targets
leap_to_esto,BOTH,LEAP,Industry,Heat,ESTO,1,2,1,0,1,extra_factorised_targets
leap_to_esto,BOTH,LEAP,Industry,Hydrogen,ESTO,1,1,0,1,1,missing_and_extra_targets
leap_to_esto,BOTH,LEAP,Industry,Industrial waste,ESTO,1,2,1,0,1,extra_factorised_targets
leap_to_esto,BOTH,LEAP,Industry,Kerosene,ESTO,1,2,1,0,1,extra_factorised_targets
leap_to_esto,BOTH,LEAP,Industry,Kerosene type jet fuel,ESTO,1,2,1,0,1,extra_factorised_targets
leap_to_esto,BOTH,LEAP,Industry,LPG,ESTO,1,2,1,0,1,extra_factorised_targets
leap_to_esto,BOTH,LEAP,Industry,Lignite,ESTO,1,2,1,0,1,extra_factorised_targets
leap_to_esto,BOTH,LEAP,Industry,Lubricants,ESTO,1,1,1,0,0,lossless_without_override
leap_to_esto,BOTH,LEAP,Industry,Motor gasoline,ESTO,1,2,1,0,1,extra_factorised_targets
leap_to_esto,BOTH,LEAP,Industry,Municipal solid waste non renewable,ESTO,1,2,1,0,1,extra_factorised_targets
leap_to_esto,BOTH,LEAP,Industry,Municipal solid waste renewable,ESTO,1,2,1,0,1,extra_factorised_targets
leap_to_esto,BOTH,LEAP,Industry,Naphtha,ESTO,1,1,1,0,0,lossless_without_override
leap_to_esto,BOTH,LEAP,Industry,Natural gas,ESTO,1,2,1,0,1,extra_factorised_targets
leap_to_esto,BOTH,LEAP,Industry,Other biomass,ESTO,1,2,1,0,1,extra_factorised_targets
leap_to_esto,BOTH,LEAP,Industry,Other bituminous coal,ESTO,1,1,1,0,0,lossless_without_override
leap_to_esto,BOTH,LEAP,Industry,Other liquid biofuels,ESTO,1,1,1,0,0,lossless_without_override
leap_to_esto,BOTH,LEAP,Industry,Other products,ESTO,1,1,1,0,0,lossless_without_override
leap_to_esto,BOTH,LEAP,Industry,Other recovered gases,ESTO,1,2,1,0,1,extra_factorised_targets
leap_to_esto,BOTH,LEAP,Industry,Other sources,ESTO,1,0,0,1,0,missing_current_targets
leap_to_esto,BOTH,LEAP,Industry,Paraffin waxes,ESTO,1,1,1,0,0,lossless_without_override
leap_to_esto,BOTH,LEAP,Industry,Patent fuel,ESTO,1,2,1,0,1,extra_factorised_targets
leap_to_esto,BOTH,LEAP,Industry,PetProd nonspecified,ESTO,1,0,0,1,0,missing_current_targets
leap_to_esto,BOTH,LEAP,Industry,Petroleum coke,ESTO,1,1,1,0,0,lossless_without_override
leap_to_esto,BOTH,LEAP,Industry,Refinery gas not liquefied,ESTO,1,1,1,0,0,lossless_without_override
leap_to_esto,BOTH,LEAP,Industry,Sub bituminous coal,ESTO,1,2,1,0,1,extra_factorised_targets
leap_to_esto,BOTH,LEAP,Industry,White spirit SBP,ESTO,1,1,1,0,0,lossless_without_override
leap_to_esto,BOTH,LEAP,Industry/Construction,Anthracite,ESTO,1,2,1,0,1,extra_factorised_targets
leap_to_esto,BOTH,LEAP,Industry/Construction,Bagasse,ESTO,1,0,0,1,0,missing_current_targets
leap_to_esto,BOTH,LEAP,Industry/Construction,Bio jet kerosene,ESTO,1,0,0,1,0,missing_current_targets
leap_to_esto,BOTH,LEAP,Industry/Construction,Biodiesel,ESTO,1,1,1,0,0,lossless_without_override
leap_to_esto,BOTH,LEAP,Industry/Construction,Biogas,ESTO,1,1,0,1,1,missing_and_extra_targets
leap_to_esto,BOTH,LEAP,Industry/Construction,Biogasoline,ESTO,1,1,0,1,1,missing_and_extra_targets
leap_to_esto,BOTH,LEAP,Industry/Construction,Black liquor,ESTO,1,0,0,1,0,missing_current_targets
leap_to_esto,BOTH,LEAP,Industry/Construction,Charcoal,ESTO,1,0,0,1,0,missing_current_targets
leap_to_esto,BOTH,LEAP,Industry/Construction,Coke oven coke,ESTO,1,2,1,0,1,extra_factorised_targets
leap_to_esto,BOTH,LEAP,Industry/Construction,Electricity,ESTO,1,1,1,0,0,lossless_without_override
leap_to_esto,BOTH,LEAP,Industry/Construction,Fuel oil,ESTO,1,2,1,0,1,extra_factorised_targets
leap_to_esto,BOTH,LEAP,Industry/Construction,Fuelwood and woodwaste,ESTO,1,0,0,1,0,missing_current_targets
leap_to_esto,BOTH,LEAP,Industry/Construction,Gas and diesel oil,ESTO,1,2,1,0,1,extra_factorised_targets
leap_to_esto,BOTH,LEAP,Industry/Construction,Heat,ESTO,1,2,1,0,1,extra_factorised_targets
leap_to_esto,BOTH,LEAP,Industry/Construction,Industrial waste,ESTO,1,1,1,0,0,lossless_without_override
leap_to_esto,BOTH,LEAP,Industry/Construction,Kerosene,ESTO,1,2,1,0,1,extra_factorised_targets
leap_to_esto,BOTH,LEAP,Industry/Construction,Kerosene type jet fuel,ESTO,1,2,1,0,1,extra_factorised_targets
leap_to_esto,BOTH,LEAP,Industry/Construction,LPG,ESTO,1,2,1,0,1,extra_factorised_targets
leap_to_esto,BOTH,LEAP,Industry/Construction,Lignite,ESTO,1,2,1,0,1,extra_factorised_targets
leap_to_esto,BOTH,LEAP,Industry/Construction,Motor gasoline,ESTO,1,2,1,0,1,extra_factorised_targets
leap_to_esto,BOTH,LEAP,Industry/Construction,Municipal solid waste non renewable,ESTO,1,2,1,0,1,extra_factorised_targets
leap_to_esto,BOTH,LEAP,Industry/Construction,Municipal solid waste renewable,ESTO,1,2,1,0,1,extra_factorised_targets
leap_to_esto,BOTH,LEAP,Industry/Construction,Natural gas,ESTO,1,2,1,0,1,extra_factorised_targets
leap_to_esto,BOTH,LEAP,Industry/Construction,Other biomass,ESTO,1,1,1,0,0,lossless_without_override
leap_to_esto,BOTH,LEAP,Industry/Construction,Other bituminous coal,ESTO,1,1,1,0,0,lossless_without_override
leap_to_esto,BOTH,LEAP,Industry/Construction,Other liquid biofuels,ESTO,1,0,0,1,0,missing_current_targets
leap_to_esto,BOTH,LEAP,Industry/Construction,Other products,ESTO,1,1,1,0,0,lossless_without_override
leap_to_esto,BOTH,LEAP,Industry/Construction,Other sources,ESTO,1,0,0,1,0,missing_current_targets
leap_to_esto,BOTH,LEAP,Industry/Manufacturing,Anthracite,ESTO,1,2,1,0,1,extra_factorised_targets
leap_to_esto,BOTH,LEAP,Industry/Manufacturing,Aviation gasoline,ESTO,1,2,1,0,1,extra_factorised_targets
leap_to_esto,BOTH,LEAP,Industry/Manufacturing,BKB and PB,ESTO,1,2,1,0,1,extra_factorised_targets
leap_to_esto,BOTH,LEAP,Industry/Manufacturing,Bagasse,ESTO,1,2,1,0,1,extra_factorised_targets
leap_to_esto,BOTH,LEAP,Industry/Manufacturing,Bio jet kerosene,ESTO,1,0,0,1,0,missing_current_targets
leap_to_esto,BOTH,LEAP,Industry/Manufacturing,Biodiesel,ESTO,1,2,1,0,1,extra_factorised_targets
leap_to_esto,BOTH,LEAP,Industry/Manufacturing,Biogas,ESTO,1,2,1,0,1,extra_factorised_targets
leap_to_esto,BOTH,LEAP,Industry/Manufacturing,Biogasoline,ESTO,1,2,1,0,1,extra_factorised_targets
leap_to_esto,BOTH,LEAP,Industry/Manufacturing,Bitumen,ESTO,1,1,1,0,0,lossless_without_override
leap_to_esto,BOTH,LEAP,Industry/Manufacturing,Black liquor,ESTO,1,1,1,0,0,lossless_without_override
leap_to_esto,BOTH,LEAP,Industry/Manufacturing,Blast furnace gas,ESTO,1,2,1,0,1,extra_factorised_targets
leap_to_esto,BOTH,LEAP,Industry/Manufacturing,Charcoal,ESTO,1,2,1,0,1,extra_factorised_targets
leap_to_esto,BOTH,LEAP,Industry/Manufacturing,Coal nonspecified,ESTO,1,0,0,1,0,missing_current_targets
leap_to_esto,BOTH,LEAP,Industry/Manufacturing,Coal tar,ESTO,1,2,1,0,1,extra_factorised_targets
leap_to_esto,BOTH,LEAP,Industry/Manufacturing,Coke oven coke,ESTO,1,2,1,0,1,extra_factorised_targets
leap_to_esto,BOTH,LEAP,Industry/Manufacturing,Coke oven gas,ESTO,1,2,1,0,1,extra_factorised_targets
leap_to_esto,BOTH,LEAP,Industry/Manufacturing,Electricity,ESTO,1,1,1,0,0,lossless_without_override
leap_to_esto,BOTH,LEAP,Industry/Manufacturing,Ethane,ESTO,1,1,1,0,0,lossless_without_override
leap_to_esto,BOTH,LEAP,Industry/Manufacturing,Fuel oil,ESTO,1,2,1,0,1,extra_factorised_targets
leap_to_esto,BOTH,LEAP,Industry/Manufacturing,Fuelwood and woodwaste,ESTO,1,2,1,0,1,extra_factorised_targets
leap_to_esto,BOTH,LEAP,Industry/Manufacturing,Gas and diesel oil,ESTO,1,2,1,0,1,extra_factorised_targets
leap_to_esto,BOTH,LEAP,Industry/Manufacturing,Gas coke,ESTO,1,0,0,1,0,missing_current_targets
leap_to_esto,BOTH,LEAP,Industry/Manufacturing,Gasoline type jet fuel,ESTO,1,0,0,1,0,missing_current_targets
leap_to_esto,BOTH,LEAP,Industry/Manufacturing,Heat,ESTO,1,2,1,0,1,extra_factorised_targets
leap_to_esto,BOTH,LEAP,Industry/Manufacturing,Hydrogen,ESTO,1,1,0,1,1,missing_and_extra_targets
leap_to_esto,BOTH,LEAP,Industry/Manufacturing,Industrial waste,ESTO,1,2,1,0,1,extra_factorised_targets
leap_to_esto,BOTH,LEAP,Industry/Manufacturing,Kerosene,ESTO,1,2,1,0,1,extra_factorised_targets
leap_to_esto,BOTH,LEAP,Industry/Manufacturing,Kerosene type jet fuel,ESTO,1,2,1,0,1,extra_factorised_targets
leap_to_esto,BOTH,LEAP,Industry/Manufacturing,LPG,ESTO,1,2,1,0,1,extra_factorised_targets
leap_to_esto,BOTH,LEAP,Industry/Manufacturing,Lignite,ESTO,1,2,1,0,1,extra_factorised_targets
leap_to_esto,BOTH,LEAP,Industry/Manufacturing,Lubricants,ESTO,1,1,1,0,0,lossless_without_override
leap_to_esto,BOTH,LEAP,Industry/Manufacturing,Municipal solid waste non renewable,ESTO,1,2,1,0,1,extra_factorised_targets
leap_to_esto,BOTH,LEAP,Industry/Manufacturing,Municipal solid waste renewable,ESTO,1,2,1,0,1,extra_factorised_targets
leap_to_esto,BOTH,LEAP,Industry/Manufacturing,Naphtha,ESTO,1,1,1,0,0,lossless_without_override
leap_to_esto,BOTH,LEAP,Industry/Manufacturing,Natural gas,ESTO,1,2,1,0,1,extra_factorised_targets
leap_to_esto,BOTH,LEAP,Industry/Manufacturing,Other biomass,ESTO,1,2,1,0,1,extra_factorised_targets
leap_to_esto,BOTH,LEAP,Industry/Manufacturing,Other bituminous coal,ESTO,1,1,1,0,0,lossless_without_override
leap_to_esto,BOTH,LEAP,Industry/Manufacturing,Other liquid biofuels,ESTO,1,1,1,0,0,lossless_without_override
leap_to_esto,BOTH,LEAP,Industry/Manufacturing,Other products,ESTO,1,1,1,0,0,lossless_without_override
leap_to_esto,BOTH,LEAP,Industry/Manufacturing,Other recovered gases,ESTO,1,2,1,0,1,extra_factorised_targets
leap_to_esto,BOTH,LEAP,Industry/Manufacturing,Other sources,ESTO,1,0,0,1,0,missing_current_targets
leap_to_esto,BOTH,LEAP,Industry/Manufacturing,Paraffin waxes,ESTO,1,1,1,0,0,lossless_without_override
leap_to_esto,BOTH,LEAP,Industry/Manufacturing,Patent fuel,ESTO,1,2,1,0,1,extra_factorised_targets
leap_to_esto,BOTH,LEAP,Industry/Manufacturing,PetProd nonspecified,ESTO,1,0,0,1,0,missing_current_targets
leap_to_esto,BOTH,LEAP,Industry/Manufacturing,Petroleum coke,ESTO,1,1,1,0,0,lossless_without_override
leap_to_esto,BOTH,LEAP,Industry/Manufacturing,Refinery gas not liquefied,ESTO,1,1,1,0,0,lossless_without_override
leap_to_esto,BOTH,LEAP,Industry/Manufacturing,Sub bituminous coal,ESTO,1,2,1,0,1,extra_factorised_targets
leap_to_esto,BOTH,LEAP,Industry/Manufacturing,White spirit SBP,ESTO,1,1,1,0,0,lossless_without_override
leap_to_esto,BOTH,LEAP,Industry/Manufacturing/Chemical,Anthracite,ESTO,1,2,1,0,1,extra_factorised_targets
leap_to_esto,BOTH,LEAP,Industry/Manufacturing/Chemical,Aviation gasoline,ESTO,1,1,0,1,1,missing_and_extra_targets
leap_to_esto,BOTH,LEAP,Industry/Manufacturing/Chemical,BKB and PB,ESTO,1,2,1,0,1,extra_factorised_targets
leap_to_esto,BOTH,LEAP,Industry/Manufacturing/Chemical,Bagasse,ESTO,1,1,1,0,0,lossless_without_override
leap_to_esto,BOTH,LEAP,Industry/Manufacturing/Chemical,Bio jet kerosene,ESTO,1,0,0,1,0,missing_current_targets
leap_to_esto,BOTH,LEAP,Industry/Manufacturing/Chemical,Biodiesel,ESTO,1,1,1,0,0,lossless_without_override
leap_to_esto,BOTH,LEAP,Industry/Manufacturing/Chemical,Biogas,ESTO,1,2,1,0,1,extra_factorised_targets
leap_to_esto,BOTH,LEAP,Industry/Manufacturing/Chemical,Biogasoline,ESTO,1,1,0,1,1,missing_and_extra_targets
leap_to_esto,BOTH,LEAP,Industry/Manufacturing/Chemical,Bitumen,ESTO,1,1,1,0,0,lossless_without_override
leap_to_esto,BOTH,LEAP,Industry/Manufacturing/Chemical,Black liquor,ESTO,1,1,1,0,0,lossless_without_override
leap_to_esto,BOTH,LEAP,Industry/Manufacturing/Chemical,Blast furnace gas,ESTO,1,2,1,0,1,extra_factorised_targets
leap_to_esto,BOTH,LEAP,Industry/Manufacturing/Chemical,Charcoal,ESTO,1,2,1,0,1,extra_factorised_targets
leap_to_esto,BOTH,LEAP,Industry/Manufacturing/Chemical,Coal nonspecified,ESTO,1,0,0,1,0,missing_current_targets
leap_to_esto,BOTH,LEAP,Industry/Manufacturing/Chemical,Coal tar,ESTO,1,2,1,0,1,extra_factorised_targets
leap_to_esto,BOTH,LEAP,Industry/Manufacturing/Chemical,Coke oven coke,ESTO,1,2,1,0,1,extra_factorised_targets
leap_to_esto,BOTH,LEAP,Industry/Manufacturing/Chemical,Coke oven gas,ESTO,1,2,1,0,1,extra_factorised_targets
leap_to_esto,BOTH,LEAP,Industry/Manufacturing/Chemical,Crude oil,ESTO,1,1,1,0,0,lossless_without_override
leap_to_esto,BOTH,LEAP,Industry/Manufacturing/Chemical,Electricity,ESTO,1,1,1,0,0,lossless_without_override
leap_to_esto,BOTH,LEAP,Industry/Manufacturing/Chemical,Ethane,ESTO,1,1,1,0,0,lossless_without_override
leap_to_esto,BOTH,LEAP,Industry/Manufacturing/Chemical,Fuel oil,ESTO,1,2,1,0,1,extra_factorised_targets
leap_to_esto,BOTH,LEAP,Industry/Manufacturing/Chemical,Fuelwood and woodwaste,ESTO,1,1,1,0,0,lossless_without_override
leap_to_esto,BOTH,LEAP,Industry/Manufacturing/Chemical,Gas and diesel oil,ESTO,1,2,1,0,1,extra_factorised_targets
leap_to_esto,BOTH,LEAP,Industry/Manufacturing/Chemical,Gas works gas,ESTO,1,2,1,0,1,extra_factorised_targets
leap_to_esto,BOTH,LEAP,Industry/Manufacturing/Chemical,Gasoline type jet fuel,ESTO,1,0,0,1,0,missing_current_targets
leap_to_esto,BOTH,LEAP,Industry/Manufacturing/Chemical,Heat,ESTO,1,2,1,0,1,extra_factorised_targets
leap_to_esto,BOTH,LEAP,Industry/Manufacturing/Chemical,Hydrogen,ESTO,1,1,0,1,1,missing_and_extra_targets
leap_to_esto,BOTH,LEAP,Industry/Manufacturing/Chemical,Industrial waste,ESTO,1,2,1,0,1,extra_factorised_targets
leap_to_esto,BOTH,LEAP,Industry/Manufacturing/Chemical,Kerosene,ESTO,1,2,1,0,1,extra_factorised_targets
leap_to_esto,BOTH,LEAP,Industry/Manufacturing/Chemical,Kerosene type jet fuel,ESTO,1,1,1,0,0,lossless_without_override
leap_to_esto,BOTH,LEAP,Industry/Manufacturing/Chemical,LPG,ESTO,1,2,1,0,1,extra_factorised_targets
leap_to_esto,BOTH,LEAP,Industry/Manufacturing/Chemical,Lignite,ESTO,1,2,1,0,1,extra_factorised_targets
leap_to_esto,BOTH,LEAP,Industry/Manufacturing/Chemical,Lubricants,ESTO,1,1,1,0,0,lossless_without_override
leap_to_esto,BOTH,LEAP,Industry/Manufacturing/Chemical,Motor gasoline,ESTO,1,2,1,0,1,extra_factorised_targets
leap_to_esto,BOTH,LEAP,Industry/Manufacturing/Chemical,Municipal solid waste non renewable,ESTO,1,2,1,0,1,extra_factorised_targets
leap_to_esto,BOTH,LEAP,Industry/Manufacturing/Chemical,Municipal solid waste renewable,ESTO,1,2,1,0,1,extra_factorised_targets
leap_to_esto,BOTH,LEAP,Industry/Manufacturing/Chemical,Naphtha,ESTO,1,1,1,0,0,lossless_without_override
leap_to_esto,BOTH,LEAP,Industry/Manufacturing/Chemical,Natural gas,ESTO,1,2,1,0,1,extra_factorised_targets
leap_to_esto,BOTH,LEAP,Industry/Manufacturing/Chemical,Other biomass,ESTO,1,2,1,0,1,extra_factorised_targets
leap_to_esto,BOTH,LEAP,Industry/Manufacturing/Chemical,Other bituminous coal,ESTO,1,1,1,0,0,lossless_without_override
leap_to_esto,BOTH,LEAP,Industry/Manufacturing/Chemical,Other liquid biofuels,ESTO,1,1,1,0,0,lossless_without_override
leap_to_esto,BOTH,LEAP,Industry/Manufacturing/Chemical,Other products,ESTO,1,1,1,0,0,lossless_without_override
leap_to_esto,BOTH,LEAP,Industry/Manufacturing/Chemical,Other recovered gases,ESTO,1,2,1,0,1,extra_factorised_targets
leap_to_esto,BOTH,LEAP,Industry/Manufacturing/Chemical,Other sources,ESTO,1,0,0,1,0,missing_current_targets
leap_to_esto,BOTH,LEAP,Industry/Manufacturing/Chemical,Paraffin waxes,ESTO,1,1,1,0,0,lossless_without_override
leap_to_esto,BOTH,LEAP,Industry/Manufacturing/Chemical,PetProd nonspecified,ESTO,1,0,0,1,0,missing_current_targets
leap_to_esto,BOTH,LEAP,Industry/Manufacturing/Chemical,Petroleum coke,ESTO,1,1,1,0,0,lossless_without_override
leap_to_esto,BOTH,LEAP,Industry/Manufacturing/Chemical,Refinery feedstocks,ESTO,1,1,1,0,0,lossless_without_override
leap_to_esto,BOTH,LEAP,Industry/Manufacturing/Chemical,Refinery gas not liquefied,ESTO,1,1,1,0,0,lossless_without_override
leap_to_esto,BOTH,LEAP,Industry/Manufacturing/Chemical,Sub bituminous coal,ESTO,1,2,1,0,1,extra_factorised_targets
leap_to_esto,BOTH,LEAP,Industry/Manufacturing/Chemical,White spirit SBP,ESTO,1,1,1,0,0,lossless_without_override
leap_to_esto,BOTH,LEAP,Industry/Manufacturing/Food beverages and tobacco,Anthracite,ESTO,1,2,1,0,1,extra_factorised_targets
leap_to_esto,BOTH,LEAP,Industry/Manufacturing/Food beverages and tobacco,BKB and PB,ESTO,1,2,1,0,1,extra_factorised_targets
leap_to_esto,BOTH,LEAP,Industry/Manufacturing/Food beverages and tobacco,Bagasse,ESTO,1,2,1,0,1,extra_factorised_targets
leap_to_esto,BOTH,LEAP,Industry/Manufacturing/Food beverages and tobacco,Bio jet kerosene,ESTO,1,0,0,1,0,missing_current_targets
leap_to_esto,BOTH,LEAP,Industry/Manufacturing/Food beverages and tobacco,Biodiesel,ESTO,1,1,1,0,0,lossless_without_override
leap_to_esto,BOTH,LEAP,Industry/Manufacturing/Food beverages and tobacco,Biogas,ESTO,1,2,1,0,1,extra_factorised_targets
leap_to_esto,BOTH,LEAP,Industry/Manufacturing/Food beverages and tobacco,Biogasoline,ESTO,1,0,0,1,0,missing_current_targets
leap_to_esto,BOTH,LEAP,Industry/Manufacturing/Food beverages and tobacco,Black liquor,ESTO,1,0,0,1,0,missing_current_targets
leap_to_esto,BOTH,LEAP,Industry/Manufacturing/Food beverages and tobacco,Charcoal,ESTO,1,2,1,0,1,extra_factorised_targets
leap_to_esto,BOTH,LEAP,Industry/Manufacturing/Food beverages and tobacco,Coal nonspecified,ESTO,1,0,0,1,0,missing_current_targets
leap_to_esto,BOTH,LEAP,Industry/Manufacturing/Food beverages and tobacco,Coal tar,ESTO,1,2,1,0,1,extra_factorised_targets
leap_to_esto,BOTH,LEAP,Industry/Manufacturing/Food beverages and tobacco,Coke oven coke,ESTO,1,2,1,0,1,extra_factorised_targets
leap_to_esto,BOTH,LEAP,Industry/Manufacturing/Food beverages and tobacco,Coke oven gas,ESTO,1,2,1,0,1,extra_factorised_targets
leap_to_esto,BOTH,LEAP,Industry/Manufacturing/Food beverages and tobacco,Crude oil,ESTO,1,1,1,0,0,lossless_without_override
leap_to_esto,BOTH,LEAP,Industry/Manufacturing/Food beverages and tobacco,Electricity,ESTO,1,1,1,0,0,lossless_without_override
leap_to_esto,BOTH,LEAP,Industry/Manufacturing/Food beverages and tobacco,Fuel oil,ESTO,1,2,1,0,1,extra_factorised_targets
leap_to_esto,BOTH,LEAP,Industry/Manufacturing/Food beverages and tobacco,Fuelwood and woodwaste,ESTO,1,1,1,0,0,lossless_without_override
leap_to_esto,BOTH,LEAP,Industry/Manufacturing/Food beverages and tobacco,Gas and diesel oil,ESTO,1,2,1,0,1,extra_factorised_targets
leap_to_esto,BOTH,LEAP,Industry/Manufacturing/Food beverages and tobacco,Gas works gas,ESTO,1,2,1,0,1,extra_factorised_targets
leap_to_esto,BOTH,LEAP,Industry/Manufacturing/Food beverages and tobacco,Geothermal,ESTO,1,2,1,0,1,extra_factorised_targets
leap_to_esto,BOTH,LEAP,Industry/Manufacturing/Food beverages and tobacco,Heat,ESTO,1,2,1,0,1,extra_factorised_targets
leap_to_esto,BOTH,LEAP,Industry/Manufacturing/Food beverages and tobacco,Industrial waste,ESTO,1,2,1,0,1,extra_factorised_targets
leap_to_esto,BOTH,LEAP,Industry/Manufacturing/Food beverages and tobacco,Kerosene,ESTO,1,1,1,0,0,lossless_without_override
leap_to_esto,BOTH,LEAP,Industry/Manufacturing/Food beverages and tobacco,LPG,ESTO,1,2,1,0,1,extra_factorised_targets
leap_to_esto,BOTH,LEAP,Industry/Manufacturing/Food beverages and tobacco,Lignite,ESTO,1,2,1,0,1,extra_factorised_targets
leap_to_esto,BOTH,LEAP,Industry/Manufacturing/Food beverages and tobacco,Motor gasoline,ESTO,1,2,1,0,1,extra_factorised_targets
leap_to_esto,BOTH,LEAP,Industry/Manufacturing/Food beverages and tobacco,Municipal solid waste non renewable,ESTO,1,0,0,1,0,missing_current_targets
leap_to_esto,BOTH,LEAP,Industry/Manufacturing/Food beverages and tobacco,Municipal solid waste renewable,ESTO,1,1,0,1,1,missing_and_extra_targets
leap_to_esto,BOTH,LEAP,Industry/Manufacturing/Food beverages and tobacco,Natural gas,ESTO,1,2,1,0,1,extra_factorised_targets
leap_to_esto,BOTH,LEAP,Industry/Manufacturing/Food beverages and tobacco,Other biomass,ESTO,1,2,1,0,1,extra_factorised_targets
leap_to_esto,BOTH,LEAP,Industry/Manufacturing/Food beverages and tobacco,Other bituminous coal,ESTO,1,1,1,0,0,lossless_without_override
leap_to_esto,BOTH,LEAP,Industry/Manufacturing/Food beverages and tobacco,Other liquid biofuels,ESTO,1,1,1,0,0,lossless_without_override
leap_to_esto,BOTH,LEAP,Industry/Manufacturing/Food beverages and tobacco,Other products,ESTO,1,1,1,0,0,lossless_without_override
leap_to_esto,BOTH,LEAP,Industry/Manufacturing/Food beverages and tobacco,Other sources,ESTO,1,0,0,1,0,missing_current_targets
leap_to_esto,BOTH,LEAP,Industry/Manufacturing/Food beverages and tobacco,Sub bituminous coal,ESTO,1,2,1,0,1,extra_factorised_targets
leap_to_esto,BOTH,LEAP,Industry/Manufacturing/Iron and steel,Ammonia,ESTO,1,0,0,1,0,missing_current_targets
leap_to_esto,BOTH,LEAP,Industry/Manufacturing/Iron and steel,Anthracite,ESTO,1,2,1,0,1,extra_factorised_targets
leap_to_esto,BOTH,LEAP,Industry/Manufacturing/Iron and steel,BKB and PB,ESTO,1,2,1,0,1,extra_factorised_targets
leap_to_esto,BOTH,LEAP,Industry/Manufacturing/Iron and steel,Bagasse,ESTO,1,1,0,1,1,missing_and_extra_targets
leap_to_esto,BOTH,LEAP,Industry/Manufacturing/Iron and steel,Bio jet kerosene,ESTO,1,0,0,1,0,missing_current_targets
leap_to_esto,BOTH,LEAP,Industry/Manufacturing/Iron and steel,Biodiesel,ESTO,1,1,1,0,0,lossless_without_override
leap_to_esto,BOTH,LEAP,Industry/Manufacturing/Iron and steel,Biogas,ESTO,1,2,1,0,1,extra_factorised_targets
leap_to_esto,BOTH,LEAP,Industry/Manufacturing/Iron and steel,Biogasoline,ESTO,1,0,0,1,0,missing_current_targets
leap_to_esto,BOTH,LEAP,Industry/Manufacturing/Iron and steel,Black liquor,ESTO,1,0,0,1,0,missing_current_targets
leap_to_esto,BOTH,LEAP,Industry/Manufacturing/Iron and steel,Blast furnace gas,ESTO,1,2,1,0,1,extra_factorised_targets
leap_to_esto,BOTH,LEAP,Industry/Manufacturing/Iron and steel,Charcoal,ESTO,1,1,0,1,1,missing_and_extra_targets
leap_to_esto,BOTH,LEAP,Industry/Manufacturing/Iron and steel,Coal nonspecified,ESTO,1,0,0,1,0,missing_current_targets
leap_to_esto,BOTH,LEAP,Industry/Manufacturing/Iron and steel,Coal tar,ESTO,1,2,1,0,1,extra_factorised_targets
leap_to_esto,BOTH,LEAP,Industry/Manufacturing/Iron and steel,Coke oven coke,ESTO,1,2,1,0,1,extra_factorised_targets
leap_to_esto,BOTH,LEAP,Industry/Manufacturing/Iron and steel,Coke oven gas,ESTO,1,2,1,0,1,extra_factorised_targets
leap_to_esto,BOTH,LEAP,Industry/Manufacturing/Iron and steel,Coking coal,ESTO,1,1,1,0,0,lossless_without_override
leap_to_esto,BOTH,LEAP,Industry/Manufacturing/Iron and steel,Efuel,ESTO,1,0,0,1,0,missing_current_targets
leap_to_esto,BOTH,LEAP,Industry/Manufacturing/Iron and steel,Electricity,ESTO,1,1,1,0,0,lossless_without_override
leap_to_esto,BOTH,LEAP,Industry/Manufacturing/Iron and steel,Fuel oil,ESTO,1,2,1,0,1,extra_factorised_targets
leap_to_esto,BOTH,LEAP,Industry/Manufacturing/Iron and steel,Fuelwood and woodwaste,ESTO,1,1,1,0,0,lossless_without_override
leap_to_esto,BOTH,LEAP,Industry/Manufacturing/Iron and steel,Gas and diesel oil,ESTO,1,2,1,0,1,extra_factorised_targets
leap_to_esto,BOTH,LEAP,Industry/Manufacturing/Iron and steel,Gas coke,ESTO,1,0,0,1,0,missing_current_targets
leap_to_esto,BOTH,LEAP,Industry/Manufacturing/Iron and steel,Gas works gas,ESTO,1,2,1,0,1,extra_factorised_targets
leap_to_esto,BOTH,LEAP,Industry/Manufacturing/Iron and steel,Heat,ESTO,1,2,1,0,1,extra_factorised_targets
leap_to_esto,BOTH,LEAP,Industry/Manufacturing/Iron and steel,Hydrogen,ESTO,1,1,0,1,1,missing_and_extra_targets
leap_to_esto,BOTH,LEAP,Industry/Manufacturing/Iron and steel,Industrial waste,ESTO,1,2,1,0,1,extra_factorised_targets
leap_to_esto,BOTH,LEAP,Industry/Manufacturing/Iron and steel,Kerosene,ESTO,1,2,1,0,1,extra_factorised_targets
leap_to_esto,BOTH,LEAP,Industry/Manufacturing/Iron and steel,Kerosene type jet fuel,ESTO,1,1,1,0,0,lossless_without_override
leap_to_esto,BOTH,LEAP,Industry/Manufacturing/Iron and steel,LPG,ESTO,1,2,1,0,1,extra_factorised_targets
leap_to_esto,BOTH,LEAP,Industry/Manufacturing/Iron and steel,Motor gasoline,ESTO,1,2,1,0,1,extra_factorised_targets
leap_to_esto,BOTH,LEAP,Industry/Manufacturing/Iron and steel,Municipal solid waste non renewable,ESTO,1,0,0,1,0,missing_current_targets
leap_to_esto,BOTH,LEAP,Industry/Manufacturing/Iron and steel,Municipal solid waste renewable,ESTO,1,1,0,1,1,missing_and_extra_targets
leap_to_esto,BOTH,LEAP,Industry/Manufacturing/Iron and steel,Natural gas,ESTO,1,2,1,0,1,extra_factorised_targets
leap_to_esto,BOTH,LEAP,Industry/Manufacturing/Iron and steel,Other biomass,ESTO,1,1,1,0,0,lossless_without_override
leap_to_esto,BOTH,LEAP,Industry/Manufacturing/Iron and steel,Other bituminous coal,ESTO,1,1,1,0,0,lossless_without_override
leap_to_esto,BOTH,LEAP,Industry/Manufacturing/Iron and steel,Other liquid biofuels,ESTO,1,0,0,1,0,missing_current_targets
leap_to_esto,BOTH,LEAP,Industry/Manufacturing/Iron and steel,Other products,ESTO,1,1,1,0,0,lossless_without_override
leap_to_esto,BOTH,LEAP,Industry/Manufacturing/Iron and steel,Other recovered gases,ESTO,1,2,1,0,1,extra_factorised_targets
leap_to_esto,BOTH,LEAP,Industry/Manufacturing/Iron and steel,Other sources,ESTO,1,0,0,1,0,missing_current_targets
leap_to_esto,BOTH,LEAP,Industry/Manufacturing/Iron and steel,Patent fuel,ESTO,1,2,1,0,1,extra_factorised_targets
leap_to_esto,BOTH,LEAP,Industry/Manufacturing/Iron and steel,Petroleum coke,ESTO,1,1,1,0,0,lossless_without_override
leap_to_esto,BOTH,LEAP,Industry/Manufacturing/Iron and steel,Refinery gas not liquefied,ESTO,1,1,1,0,0,lossless_without_override
leap_to_esto,BOTH,LEAP,Industry/Manufacturing/Iron and steel,Sub bituminous coal,ESTO,1,2,1,0,1,extra_factorised_targets
leap_to_esto,BOTH,LEAP,Industry/Manufacturing/Iron and steel,White spirit SBP,ESTO,1,1,1,0,0,lossless_without_override
leap_to_esto,BOTH,LEAP,Industry/Manufacturing/Machinery,Anthracite,ESTO,1,2,1,0,1,extra_factorised_targets
leap_to_esto,BOTH,LEAP,Industry/Manufacturing/Machinery,Aviation gasoline,ESTO,1,1,0,1,1,missing_and_extra_targets
leap_to_esto,BOTH,LEAP,Industry/Manufacturing/Machinery,BKB and PB,ESTO,1,2,1,0,1,extra_factorised_targets
leap_to_esto,BOTH,LEAP,Industry/Manufacturing/Machinery,Bagasse,ESTO,1,1,0,1,1,missing_and_extra_targets
leap_to_esto,BOTH,LEAP,Industry/Manufacturing/Machinery,Bio jet kerosene,ESTO,1,0,0,1,0,missing_current_targets
leap_to_esto,BOTH,LEAP,Industry/Manufacturing/Machinery,Biodiesel,ESTO,1,1,1,0,0,lossless_without_override
leap_to_esto,BOTH,LEAP,Industry/Manufacturing/Machinery,Biogas,ESTO,1,1,0,1,1,missing_and_extra_targets
leap_to_esto,BOTH,LEAP,Industry/Manufacturing/Machinery,Biogasoline,ESTO,1,0,0,1,0,missing_current_targets
leap_to_esto,BOTH,LEAP,Industry/Manufacturing/Machinery,Bitumen,ESTO,1,1,1,0,0,lossless_without_override
leap_to_esto,BOTH,LEAP,Industry/Manufacturing/Machinery,Black liquor,ESTO,1,0,0,1,0,missing_current_targets
leap_to_esto,BOTH,LEAP,Industry/Manufacturing/Machinery,Blast furnace gas,ESTO,1,2,1,0,1,extra_factorised_targets
leap_to_esto,BOTH,LEAP,Industry/Manufacturing/Machinery,Charcoal,ESTO,1,0,0,1,0,missing_current_targets
leap_to_esto,BOTH,LEAP,Industry/Manufacturing/Machinery,Coal nonspecified,ESTO,1,0,0,1,0,missing_current_targets
leap_to_esto,BOTH,LEAP,Industry/Manufacturing/Machinery,Coal tar,ESTO,1,1,1,0,0,lossless_without_override
leap_to_esto,BOTH,LEAP,Industry/Manufacturing/Machinery,Coke oven coke,ESTO,1,2,1,0,1,extra_factorised_targets
leap_to_esto,BOTH,LEAP,Industry/Manufacturing/Machinery,Coke oven gas,ESTO,1,2,1,0,1,extra_factorised_targets
leap_to_esto,BOTH,LEAP,Industry/Manufacturing/Machinery,Electricity,ESTO,1,1,1,0,0,lossless_without_override
leap_to_esto,BOTH,LEAP,Industry/Manufacturing/Machinery,Ethane,ESTO,1,0,0,1,0,missing_current_targets
leap_to_esto,BOTH,LEAP,Industry/Manufacturing/Machinery,Fuel oil,ESTO,1,2,1,0,1,extra_factorised_targets
leap_to_esto,BOTH,LEAP,Industry/Manufacturing/Machinery,Fuelwood and woodwaste,ESTO,1,0,0,1,0,missing_current_targets
leap_to_esto,BOTH,LEAP,Industry/Manufacturing/Machinery,Gas and diesel oil,ESTO,1,2,1,0,1,extra_factorised_targets
leap_to_esto,BOTH,LEAP,Industry/Manufacturing/Machinery,Gas works gas,ESTO,1,2,1,0,1,extra_factorised_targets
leap_to_esto,BOTH,LEAP,Industry/Manufacturing/Machinery,Gasoline type jet fuel,ESTO,1,0,0,1,0,missing_current_targets
leap_to_esto,BOTH,LEAP,Industry/Manufacturing/Machinery,Heat,ESTO,1,2,1,0,1,extra_factorised_targets
leap_to_esto,BOTH,LEAP,Industry/Manufacturing/Machinery,Industrial waste,ESTO,1,1,1,0,0,lossless_without_override
leap_to_esto,BOTH,LEAP,Industry/Manufacturing/Machinery,Kerosene,ESTO,1,2,1,0,1,extra_factorised_targets
leap_to_esto,BOTH,LEAP,Industry/Manufacturing/Machinery,Kerosene type jet fuel,ESTO,1,1,1,0,0,lossless_without_override
leap_to_esto,BOTH,LEAP,Industry/Manufacturing/Machinery,LPG,ESTO,1,2,1,0,1,extra_factorised_targets
leap_to_esto,BOTH,LEAP,Industry/Manufacturing/Machinery,Lignite,ESTO,1,2,1,0,1,extra_factorised_targets
leap_to_esto,BOTH,LEAP,Industry/Manufacturing/Machinery,Lubricants,ESTO,1,1,1,0,0,lossless_without_override
leap_to_esto,BOTH,LEAP,Industry/Manufacturing/Machinery,Motor gasoline,ESTO,1,2,1,0,1,extra_factorised_targets
leap_to_esto,BOTH,LEAP,Industry/Manufacturing/Machinery,Municipal solid waste non renewable,ESTO,1,0,0,1,0,missing_current_targets
leap_to_esto,BOTH,LEAP,Industry/Manufacturing/Machinery,Municipal solid waste renewable,ESTO,1,1,0,1,1,missing_and_extra_targets
leap_to_esto,BOTH,LEAP,Industry/Manufacturing/Machinery,Naphtha,ESTO,1,1,1,0,0,lossless_without_override
leap_to_esto,BOTH,LEAP,Industry/Manufacturing/Machinery,Natural gas,ESTO,1,2,1,0,1,extra_factorised_targets
leap_to_esto,BOTH,LEAP,Industry/Manufacturing/Machinery,Other biomass,ESTO,1,1,1,0,0,lossless_without_override
leap_to_esto,BOTH,LEAP,Industry/Manufacturing/Machinery,Other bituminous coal,ESTO,1,1,1,0,0,lossless_without_override
leap_to_esto,BOTH,LEAP,Industry/Manufacturing/Machinery,Other liquid biofuels,ESTO,1,0,0,1,0,missing_current_targets
leap_to_esto,BOTH,LEAP,Industry/Manufacturing/Machinery,Other products,ESTO,1,1,1,0,0,lossless_without_override
leap_to_esto,BOTH,LEAP,Industry/Manufacturing/Machinery,Other recovered gases,ESTO,1,2,1,0,1,extra_factorised_targets
leap_to_esto,BOTH,LEAP,Industry/Manufacturing/Machinery,Other sources,ESTO,1,0,0,1,0,missing_current_targets
leap_to_esto,BOTH,LEAP,Industry/Manufacturing/Machinery,Paraffin waxes,ESTO,1,1,1,0,0,lossless_without_override
leap_to_esto,BOTH,LEAP,Industry/Manufacturing/Machinery,PetProd nonspecified,ESTO,1,0,0,1,0,missing_current_targets
leap_to_esto,BOTH,LEAP,Industry/Manufacturing/Machinery,Petroleum coke,ESTO,1,1,1,0,0,lossless_without_override
leap_to_esto,BOTH,LEAP,Industry/Manufacturing/Machinery,Refinery gas not liquefied,ESTO,1,1,1,0,0,lossless_without_override
leap_to_esto,BOTH,LEAP,Industry/Manufacturing/Machinery,Sub bituminous coal,ESTO,1,2,1,0,1,extra_factorised_targets
leap_to_esto,BOTH,LEAP,Industry/Manufacturing/Machinery,White spirit SBP,ESTO,1,1,1,0,0,lossless_without_override
leap_to_esto,BOTH,LEAP,Industry/Manufacturing/Non ferrous metals,Anthracite,ESTO,1,2,1,0,1,extra_factorised_targets
leap_to_esto,BOTH,LEAP,Industry/Manufacturing/Non ferrous metals,Aviation gasoline,ESTO,1,1,0,1,1,missing_and_extra_targets
leap_to_esto,BOTH,LEAP,Industry/Manufacturing/Non ferrous metals,BKB and PB,ESTO,1,2,1,0,1,extra_factorised_targets
leap_to_esto,BOTH,LEAP,Industry/Manufacturing/Non ferrous metals,Bagasse,ESTO,1,1,0,1,1,missing_and_extra_targets
leap_to_esto,BOTH,LEAP,Industry/Manufacturing/Non ferrous metals,Bio jet kerosene,ESTO,1,0,0,1,0,missing_current_targets
leap_to_esto,BOTH,LEAP,Industry/Manufacturing/Non ferrous metals,Biodiesel,ESTO,1,1,1,0,0,lossless_without_override
leap_to_esto,BOTH,LEAP,Industry/Manufacturing/Non ferrous metals,Biogas,ESTO,1,1,0,1,1,missing_and_extra_targets
leap_to_esto,BOTH,LEAP,Industry/Manufacturing/Non ferrous metals,Biogasoline,ESTO,1,0,0,1,0,missing_current_targets
leap_to_esto,BOTH,LEAP,Industry/Manufacturing/Non ferrous metals,Bitumen,ESTO,1,1,1,0,0,lossless_without_override
leap_to_esto,BOTH,LEAP,Industry/Manufacturing/Non ferrous metals,Black liquor,ESTO,1,0,0,1,0,missing_current_targets
leap_to_esto,BOTH,LEAP,Industry/Manufacturing/Non ferrous metals,Blast furnace gas,ESTO,1,2,1,0,1,extra_factorised_targets
leap_to_esto,BOTH,LEAP,Industry/Manufacturing/Non ferrous metals,Charcoal,ESTO,1,0,0,1,0,missing_current_targets
leap_to_esto,BOTH,LEAP,Industry/Manufacturing/Non ferrous metals,Coal tar,ESTO,1,1,1,0,0,lossless_without_override
leap_to_esto,BOTH,LEAP,Industry/Manufacturing/Non ferrous metals,Coke oven coke,ESTO,1,2,1,0,1,extra_factorised_targets
leap_to_esto,BOTH,LEAP,Industry/Manufacturing/Non ferrous metals,Coke oven gas,ESTO,1,2,1,0,1,extra_factorised_targets
leap_to_esto,BOTH,LEAP,Industry/Manufacturing/Non ferrous metals,Coking coal,ESTO,1,1,1,0,0,lossless_without_override
leap_to_esto,BOTH,LEAP,Industry/Manufacturing/Non ferrous metals,Crude oil,ESTO,1,1,1,0,0,lossless_without_override
leap_to_esto,BOTH,LEAP,Industry/Manufacturing/Non ferrous metals,Electricity,ESTO,1,1,1,0,0,lossless_without_override
leap_to_esto,BOTH,LEAP,Industry/Manufacturing/Non ferrous metals,Ethane,ESTO,1,0,0,1,0,missing_current_targets
leap_to_esto,BOTH,LEAP,Industry/Manufacturing/Non ferrous metals,Fuel oil,ESTO,1,2,1,0,1,extra_factorised_targets
leap_to_esto,BOTH,LEAP,Industry/Manufacturing/Non ferrous metals,Fuelwood and woodwaste,ESTO,1,0,0,1,0,missing_current_targets
leap_to_esto,BOTH,LEAP,Industry/Manufacturing/Non ferrous metals,Gas and diesel oil,ESTO,1,2,1,0,1,extra_factorised_targets
leap_to_esto,BOTH,LEAP,Industry/Manufacturing/Non ferrous metals,Gas works gas,ESTO,1,2,1,0,1,extra_factorised_targets
leap_to_esto,BOTH,LEAP,Industry/Manufacturing/Non ferrous metals,Gasoline type jet fuel,ESTO,1,0,0,1,0,missing_current_targets
leap_to_esto,BOTH,LEAP,Industry/Manufacturing/Non ferrous metals,Heat,ESTO,1,2,1,0,1,extra_factorised_targets
leap_to_esto,BOTH,LEAP,Industry/Manufacturing/Non ferrous metals,Hydrogen,ESTO,1,1,0,1,1,missing_and_extra_targets
leap_to_esto,BOTH,LEAP,Industry/Manufacturing/Non ferrous metals,Industrial waste,ESTO,1,1,1,0,0,lossless_without_override
leap_to_esto,BOTH,LEAP,Industry/Manufacturing/Non ferrous metals,Kerosene,ESTO,1,1,1,0,0,lossless_without_override
leap_to_esto,BOTH,LEAP,Industry/Manufacturing/Non ferrous metals,Kerosene type jet fuel,ESTO,1,0,0,1,0,missing_current_targets
leap_to_esto,BOTH,LEAP,Industry/Manufacturing/Non ferrous metals,LPG,ESTO,1,2,1,0,1,extra_factorised_targets
leap_to_esto,BOTH,LEAP,Industry/Manufacturing/Non ferrous metals,Lignite,ESTO,1,2,1,0,1,extra_factorised_targets
leap_to_esto,BOTH,LEAP,Industry/Manufacturing/Non ferrous metals,Lubricants,ESTO,1,1,1,0,0,lossless_without_override
leap_to_esto,BOTH,LEAP,Industry/Manufacturing/Non ferrous metals,Motor gasoline,ESTO,1,2,1,0,1,extra_factorised_targets
leap_to_esto,BOTH,LEAP,Industry/Manufacturing/Non ferrous metals,Municipal solid waste non renewable,ESTO,1,0,0,1,0,missing_current_targets
leap_to_esto,BOTH,LEAP,Industry/Manufacturing/Non ferrous metals,Municipal solid waste renewable,ESTO,1,1,0,1,1,missing_and_extra_targets
leap_to_esto,BOTH,LEAP,Industry/Manufacturing/Non ferrous metals,Naphtha,ESTO,1,1,1,0,0,lossless_without_override
leap_to_esto,BOTH,LEAP,Industry/Manufacturing/Non ferrous metals,Natural gas,ESTO,1,2,1,0,1,extra_factorised_targets
leap_to_esto,BOTH,LEAP,Industry/Manufacturing/Non ferrous metals,Other biomass,ESTO,1,1,1,0,0,lossless_without_override
leap_to_esto,BOTH,LEAP,Industry/Manufacturing/Non ferrous metals,Other bituminous coal,ESTO,1,1,1,0,0,lossless_without_override
leap_to_esto,BOTH,LEAP,Industry/Manufacturing/Non ferrous metals,Other liquid biofuels,ESTO,1,0,0,1,0,missing_current_targets
leap_to_esto,BOTH,LEAP,Industry/Manufacturing/Non ferrous metals,Other products,ESTO,1,1,1,0,0,lossless_without_override
leap_to_esto,BOTH,LEAP,Industry/Manufacturing/Non ferrous metals,Other recovered gases,ESTO,1,2,1,0,1,extra_factorised_targets
leap_to_esto,BOTH,LEAP,Industry/Manufacturing/Non ferrous metals,Other sources,ESTO,1,0,0,1,0,missing_current_targets
leap_to_esto,BOTH,LEAP,Industry/Manufacturing/Non ferrous metals,Paraffin waxes,ESTO,1,0,0,1,0,missing_current_targets
leap_to_esto,BOTH,LEAP,Industry/Manufacturing/Non ferrous metals,PetProd nonspecified,ESTO,1,0,0,1,0,missing_current_targets
leap_to_esto,BOTH,LEAP,Industry/Manufacturing/Non ferrous metals,Petroleum coke,ESTO,1,1,1,0,0,lossless_without_override
leap_to_esto,BOTH,LEAP,Industry/Manufacturing/Non ferrous metals,Refinery gas not liquefied,ESTO,1,1,1,0,0,lossless_without_override
leap_to_esto,BOTH,LEAP,Industry/Manufacturing/Non ferrous metals,Sub bituminous coal,ESTO,1,2,1,0,1,extra_factorised_targets
leap_to_esto,BOTH,LEAP,Industry/Manufacturing/Non ferrous metals,White spirit SBP,ESTO,1,1,1,0,0,lossless_without_override
leap_to_esto,BOTH,LEAP,Industry/Manufacturing/Non metallic mineral products,Anthracite,ESTO,1,2,1,0,1,extra_factorised_targets
leap_to_esto,BOTH,LEAP,Industry/Manufacturing/Non metallic mineral products,Aviation gasoline,ESTO,1,1,0,1,1,missing_and_extra_targets
leap_to_esto,BOTH,LEAP,Industry/Manufacturing/Non metallic mineral products,BKB and PB,ESTO,1,2,1,0,1,extra_factorised_targets
leap_to_esto,BOTH,LEAP,Industry/Manufacturing/Non metallic mineral products,Bagasse,ESTO,1,0,0,1,0,missing_current_targets
leap_to_esto,BOTH,LEAP,Industry/Manufacturing/Non metallic mineral products,Bio jet kerosene,ESTO,1,0,0,1,0,missing_current_targets
leap_to_esto,BOTH,LEAP,Industry/Manufacturing/Non metallic mineral products,Biodiesel,ESTO,1,1,1,0,0,lossless_without_override
leap_to_esto,BOTH,LEAP,Industry/Manufacturing/Non metallic mineral products,Biogas,ESTO,1,2,1,0,1,extra_factorised_targets
leap_to_esto,BOTH,LEAP,Industry/Manufacturing/Non metallic mineral products,Biogasoline,ESTO,1,0,0,1,0,missing_current_targets
leap_to_esto,BOTH,LEAP,Industry/Manufacturing/Non metallic mineral products,Bitumen,ESTO,1,1,1,0,0,lossless_without_override
leap_to_esto,BOTH,LEAP,Industry/Manufacturing/Non metallic mineral products,Black liquor,ESTO,1,0,0,1,0,missing_current_targets
leap_to_esto,BOTH,LEAP,Industry/Manufacturing/Non metallic mineral products,Blast furnace gas,ESTO,1,2,1,0,1,extra_factorised_targets
leap_to_esto,BOTH,LEAP,Industry/Manufacturing/Non metallic mineral products,Charcoal,ESTO,1,2,1,0,1,extra_factorised_targets
leap_to_esto,BOTH,LEAP,Industry/Manufacturing/Non metallic mineral products,Coal nonspecified,ESTO,1,0,0,1,0,missing_current_targets
leap_to_esto,BOTH,LEAP,Industry/Manufacturing/Non metallic mineral products,Coal tar,ESTO,1,2,1,0,1,extra_factorised_targets
leap_to_esto,BOTH,LEAP,Industry/Manufacturing/Non metallic mineral products,Coke oven coke,ESTO,1,2,1,0,1,extra_factorised_targets
leap_to_esto,BOTH,LEAP,Industry/Manufacturing/Non metallic mineral products,Coke oven gas,ESTO,1,2,1,0,1,extra_factorised_targets
leap_to_esto,BOTH,LEAP,Industry/Manufacturing/Non metallic mineral products,Crude oil,ESTO,1,1,1,0,0,lossless_without_override
leap_to_esto,BOTH,LEAP,Industry/Manufacturing/Non metallic mineral products,Electricity,ESTO,1,1,1,0,0,lossless_without_override
leap_to_esto,BOTH,LEAP,Industry/Manufacturing/Non metallic mineral products,Ethane,ESTO,1,0,0,1,0,missing_current_targets
leap_to_esto,BOTH,LEAP,Industry/Manufacturing/Non metallic mineral products,Fuel oil,ESTO,1,2,1,0,1,extra_factorised_targets
leap_to_esto,BOTH,LEAP,Industry/Manufacturing/Non metallic mineral products,Fuelwood and woodwaste,ESTO,1,1,1,0,0,lossless_without_override
leap_to_esto,BOTH,LEAP,Industry/Manufacturing/Non metallic mineral products,Gas and diesel oil,ESTO,1,2,1,0,1,extra_factorised_targets
leap_to_esto,BOTH,LEAP,Industry/Manufacturing/Non metallic mineral products,Gas works gas,ESTO,1,2,1,0,1,extra_factorised_targets
leap_to_esto,BOTH,LEAP,Industry/Manufacturing/Non metallic mineral products,Gasoline type jet fuel,ESTO,1,0,0,1,0,missing_current_targets
leap_to_esto,BOTH,LEAP,Industry/Manufacturing/Non metallic mineral products,Heat,ESTO,1,2,1,0,1,extra_factorised_targets
leap_to_esto,BOTH,LEAP,Industry/Manufacturing/Non metallic mineral products,Hydrogen,ESTO,1,1,0,1,1,missing_and_extra_targets
leap_to_esto,BOTH,LEAP,Industry/Manufacturing/Non metallic mineral products,Industrial waste,ESTO,1,2,1,0,1,extra_factorised_targets
leap_to_esto,BOTH,LEAP,Industry/Manufacturing/Non metallic mineral products,Kerosene,ESTO,1,1,1,0,0,lossless_without_override
leap_to_esto,BOTH,LEAP,Industry/Manufacturing/Non metallic mineral products,Kerosene type jet fuel,ESTO,1,0,0,1,0,missing_current_targets
leap_to_esto,BOTH,LEAP,Industry/Manufacturing/Non metallic mineral products,LPG,ESTO,1,2,1,0,1,extra_factorised_targets
leap_to_esto,BOTH,LEAP,Industry/Manufacturing/Non metallic mineral products,Lignite,ESTO,1,2,1,0,1,extra_factorised_targets
leap_to_esto,BOTH,LEAP,Industry/Manufacturing/Non metallic mineral products,Lubricants,ESTO,1,1,1,0,0,lossless_without_override
leap_to_esto,BOTH,LEAP,Industry/Manufacturing/Non metallic mineral products,Motor gasoline,ESTO,1,2,1,0,1,extra_factorised_targets
leap_to_esto,BOTH,LEAP,Industry/Manufacturing/Non metallic mineral products,Municipal solid waste non renewable,ESTO,1,1,0,1,1,missing_and_extra_targets
leap_to_esto,BOTH,LEAP,Industry/Manufacturing/Non metallic mineral products,Municipal solid waste renewable,ESTO,1,2,1,0,1,extra_factorised_targets
leap_to_esto,BOTH,LEAP,Industry/Manufacturing/Non metallic mineral products,Naphtha,ESTO,1,1,1,0,0,lossless_without_override
leap_to_esto,BOTH,LEAP,Industry/Manufacturing/Non metallic mineral products,Natural gas,ESTO,1,2,1,0,1,extra_factorised_targets
leap_to_esto,BOTH,LEAP,Industry/Manufacturing/Non metallic mineral products,Other biomass,ESTO,1,2,1,0,1,extra_factorised_targets
leap_to_esto,BOTH,LEAP,Industry/Manufacturing/Non metallic mineral products,Other bituminous coal,ESTO,1,1,1,0,0,lossless_without_override
leap_to_esto,BOTH,LEAP,Industry/Manufacturing/Non metallic mineral products,Other liquid biofuels,ESTO,1,1,1,0,0,lossless_without_override
leap_to_esto,BOTH,LEAP,Industry/Manufacturing/Non metallic mineral products,Other products,ESTO,1,1,1,0,0,lossless_without_override
leap_to_esto,BOTH,LEAP,Industry/Manufacturing/Non metallic mineral products,Other recovered gases,ESTO,1,2,1,0,1,extra_factorised_targets
leap_to_esto,BOTH,LEAP,Industry/Manufacturing/Non metallic mineral products,Other sources,ESTO,1,0,0,1,0,missing_current_targets
leap_to_esto,BOTH,LEAP,Industry/Manufacturing/Non metallic mineral products,Paraffin waxes,ESTO,1,1,1,0,0,lossless_without_override
leap_to_esto,BOTH,LEAP,Industry/Manufacturing/Non metallic mineral products,PetProd nonspecified,ESTO,1,0,0,1,0,missing_current_targets
leap_to_esto,BOTH,LEAP,Industry/Manufacturing/Non metallic mineral products,Petroleum coke,ESTO,1,1,1,0,0,lossless_without_override
leap_to_esto,BOTH,LEAP,Industry/Manufacturing/Non metallic mineral products,Refinery gas not liquefied,ESTO,1,1,1,0,0,lossless_without_override
leap_to_esto,BOTH,LEAP,Industry/Manufacturing/Non metallic mineral products,Sub bituminous coal,ESTO,1,2,1,0,1,extra_factorised_targets
leap_to_esto,BOTH,LEAP,Industry/Manufacturing/Non metallic mineral products,White spirit SBP,ESTO,1,1,1,0,0,lossless_without_override
leap_to_esto,BOTH,LEAP,Industry/Manufacturing/Non specified industry,Anthracite,ESTO,1,2,1,0,1,extra_factorised_targets
leap_to_esto,BOTH,LEAP,Industry/Manufacturing/Non specified industry,Aviation gasoline,ESTO,1,2,1,0,1,extra_factorised_targets
leap_to_esto,BOTH,LEAP,Industry/Manufacturing/Non specified industry,BKB and PB,ESTO,1,2,1,0,1,extra_factorised_targets
leap_to_esto,BOTH,LEAP,Industry/Manufacturing/Non specified industry,Bagasse,ESTO,1,2,1,0,1,extra_factorised_targets
leap_to_esto,BOTH,LEAP,Industry/Manufacturing/Non specified industry,Bio jet kerosene,ESTO,1,0,0,1,0,missing_current_targets
leap_to_esto,BOTH,LEAP,Industry/Manufacturing/Non specified industry,Biodiesel,ESTO,1,2,1,0,1,extra_factorised_targets
leap_to_esto,BOTH,LEAP,Industry/Manufacturing/Non specified industry,Biogas,ESTO,1,2,1,0,1,extra_factorised_targets
leap_to_esto,BOTH,LEAP,Industry/Manufacturing/Non specified industry,Biogasoline,ESTO,1,2,1,0,1,extra_factorised_targets
leap_to_esto,BOTH,LEAP,Industry/Manufacturing/Non specified industry,Bitumen,ESTO,1,1,1,0,0,lossless_without_override
leap_to_esto,BOTH,LEAP,Industry/Manufacturing/Non specified industry,Black liquor,ESTO,1,0,0,1,0,missing_current_targets
leap_to_esto,BOTH,LEAP,Industry/Manufacturing/Non specified industry,Blast furnace gas,ESTO,1,2,1,0,1,extra_factorised_targets
leap_to_esto,BOTH,LEAP,Industry/Manufacturing/Non specified industry,Charcoal,ESTO,1,2,1,0,1,extra_factorised_targets
leap_to_esto,BOTH,LEAP,Industry/Manufacturing/Non specified industry,Coal nonspecified,ESTO,1,0,0,1,0,missing_current_targets
leap_to_esto,BOTH,LEAP,Industry/Manufacturing/Non specified industry,Coal tar,ESTO,1,2,1,0,1,extra_factorised_targets
leap_to_esto,BOTH,LEAP,Industry/Manufacturing/Non specified industry,Coke oven coke,ESTO,1,2,1,0,1,extra_factorised_targets
leap_to_esto,BOTH,LEAP,Industry/Manufacturing/Non specified industry,Coke oven gas,ESTO,1,2,1,0,1,extra_factorised_targets
leap_to_esto,BOTH,LEAP,Industry/Manufacturing/Non specified industry,Coking coal,ESTO,1,1,1,0,0,lossless_without_override
leap_to_esto,BOTH,LEAP,Industry/Manufacturing/Non specified industry,Crude oil,ESTO,1,1,1,0,0,lossless_without_override
leap_to_esto,BOTH,LEAP,Industry/Manufacturing/Non specified industry,Electricity,ESTO,1,1,1,0,0,lossless_without_override
leap_to_esto,BOTH,LEAP,Industry/Manufacturing/Non specified industry,Ethane,ESTO,1,0,0,1,0,missing_current_targets
leap_to_esto,BOTH,LEAP,Industry/Manufacturing/Non specified industry,Fuel oil,ESTO,1,2,1,0,1,extra_factorised_targets
leap_to_esto,BOTH,LEAP,Industry/Manufacturing/Non specified industry,Fuelwood and woodwaste,ESTO,1,2,1,0,1,extra_factorised_targets
leap_to_esto,BOTH,LEAP,Industry/Manufacturing/Non specified industry,Gas and diesel oil,ESTO,1,2,1,0,1,extra_factorised_targets
leap_to_esto,BOTH,LEAP,Industry/Manufacturing/Non specified industry,Gas coke,ESTO,1,0,0,1,0,missing_current_targets
leap_to_esto,BOTH,LEAP,Industry/Manufacturing/Non specified industry,Gas works gas,ESTO,1,2,1,0,1,extra_factorised_targets
leap_to_esto,BOTH,LEAP,Industry/Manufacturing/Non specified industry,Gasoline type jet fuel,ESTO,1,0,0,1,0,missing_current_targets
leap_to_esto,BOTH,LEAP,Industry/Manufacturing/Non specified industry,Geothermal,ESTO,1,2,1,0,1,extra_factorised_targets
leap_to_esto,BOTH,LEAP,Industry/Manufacturing/Non specified industry,Heat,ESTO,1,2,1,0,1,extra_factorised_targets
leap_to_esto,BOTH,LEAP,Industry/Manufacturing/Non specified industry,Hydrogen,ESTO,1,1,0,1,1,missing_and_extra_targets
leap_to_esto,BOTH,LEAP,Industry/Manufacturing/Non specified industry,Industrial waste,ESTO,1,2,1,0,1,extra_factorised_targets
leap_to_esto,BOTH,LEAP,Industry/Manufacturing/Non specified industry,Kerosene,ESTO,1,2,1,0,1,extra_factorised_targets
leap_to_esto,BOTH,LEAP,Industry/Manufacturing/Non specified industry,Kerosene type jet fuel,ESTO,1,2,1,0,1,extra_factorised_targets
leap_to_esto,BOTH,LEAP,Industry/Manufacturing/Non specified industry,LPG,ESTO,1,2,1,0,1,extra_factorised_targets
leap_to_esto,BOTH,LEAP,Industry/Manufacturing/Non specified industry,Lignite,ESTO,1,2,1,0,1,extra_factorised_targets
leap_to_esto,BOTH,LEAP,Industry/Manufacturing/Non specified industry,Lubricants,ESTO,1,1,1,0,0,lossless_without_override
leap_to_esto,BOTH,LEAP,Industry/Manufacturing/Non specified industry,Motor gasoline,ESTO,1,2,1,0,1,extra_factorised_targets
leap_to_esto,BOTH,LEAP,Industry/Manufacturing/Non specified industry,Municipal solid waste non renewable,ESTO,1,2,1,0,1,extra_factorised_targets
leap_to_esto,BOTH,LEAP,Industry/Manufacturing/Non specified industry,Municipal solid waste renewable,ESTO,1,2,1,0,1,extra_factorised_targets
leap_to_esto,BOTH,LEAP,Industry/Manufacturing/Non specified industry,Naphtha,ESTO,1,1,1,0,0,lossless_without_override
leap_to_esto,BOTH,LEAP,Industry/Manufacturing/Non specified industry,Natural gas,ESTO,1,2,1,0,1,extra_factorised_targets
leap_to_esto,BOTH,LEAP,Industry/Manufacturing/Non specified industry,Other biomass,ESTO,1,2,1,0,1,extra_factorised_targets
leap_to_esto,BOTH,LEAP,Industry/Manufacturing/Non specified industry,Other bituminous coal,ESTO,1,1,1,0,0,lossless_without_override
leap_to_esto,BOTH,LEAP,Industry/Manufacturing/Non specified industry,Other liquid biofuels,ESTO,1,0,0,1,0,missing_current_targets
leap_to_esto,BOTH,LEAP,Industry/Manufacturing/Non specified industry,Other products,ESTO,1,1,1,0,0,lossless_without_override
leap_to_esto,BOTH,LEAP,Industry/Manufacturing/Non specified industry,Other recovered gases,ESTO,1,2,1,0,1,extra_factorised_targets
leap_to_esto,BOTH,LEAP,Industry/Manufacturing/Non specified industry,Other sources,ESTO,1,0,0,1,0,missing_current_targets
leap_to_esto,BOTH,LEAP,Industry/Manufacturing/Non specified industry,Paraffin waxes,ESTO,1,1,1,0,0,lossless_without_override
leap_to_esto,BOTH,LEAP,Industry/Manufacturing/Non specified industry,Patent fuel,ESTO,1,2,1,0,1,extra_factorised_targets
leap_to_esto,BOTH,LEAP,Industry/Manufacturing/Non specified industry,PetProd nonspecified,ESTO,1,0,0,1,0,missing_current_targets
leap_to_esto,BOTH,LEAP,Industry/Manufacturing/Non specified industry,Petroleum coke,ESTO,1,1,1,0,0,lossless_without_override
leap_to_esto,BOTH,LEAP,Industry/Manufacturing/Non specified industry,Refinery gas not liquefied,ESTO,1,1,1,0,0,lossless_without_override
leap_to_esto,BOTH,LEAP,Industry/Manufacturing/Non specified industry,Solar nonspecified,ESTO,1,2,1,0,1,extra_factorised_targets
leap_to_esto,BOTH,LEAP,Industry/Manufacturing/Non specified industry,Sub bituminous coal,ESTO,1,2,1,0,1,extra_factorised_targets
leap_to_esto,BOTH,LEAP,Industry/Manufacturing/Non specified industry,White spirit SBP,ESTO,1,1,1,0,0,lossless_without_override
leap_to_esto,BOTH,LEAP,Industry/Manufacturing/Pulp paper and printing,Anthracite,ESTO,1,2,1,0,1,extra_factorised_targets
leap_to_esto,BOTH,LEAP,Industry/Manufacturing/Pulp paper and printing,Aviation gasoline,ESTO,1,1,0,1,1,missing_and_extra_targets
leap_to_esto,BOTH,LEAP,Industry/Manufacturing/Pulp paper and printing,BKB and PB,ESTO,1,2,1,0,1,extra_factorised_targets
leap_to_esto,BOTH,LEAP,Industry/Manufacturing/Pulp paper and printing,Bagasse,ESTO,1,0,0,1,0,missing_current_targets
leap_to_esto,BOTH,LEAP,Industry/Manufacturing/Pulp paper and printing,Bio jet kerosene,ESTO,1,0,0,1,0,missing_current_targets
leap_to_esto,BOTH,LEAP,Industry/Manufacturing/Pulp paper and printing,Biodiesel,ESTO,1,1,1,0,0,lossless_without_override
leap_to_esto,BOTH,LEAP,Industry/Manufacturing/Pulp paper and printing,Biogas,ESTO,1,2,1,0,1,extra_factorised_targets
leap_to_esto,BOTH,LEAP,Industry/Manufacturing/Pulp paper and printing,Biogasoline,ESTO,1,1,0,1,1,missing_and_extra_targets
leap_to_esto,BOTH,LEAP,Industry/Manufacturing/Pulp paper and printing,Bitumen,ESTO,1,0,0,1,0,missing_current_targets
leap_to_esto,BOTH,LEAP,Industry/Manufacturing/Pulp paper and printing,Black liquor,ESTO,1,1,1,0,0,lossless_without_override
leap_to_esto,BOTH,LEAP,Industry/Manufacturing/Pulp paper and printing,Charcoal,ESTO,1,1,0,1,1,missing_and_extra_targets
leap_to_esto,BOTH,LEAP,Industry/Manufacturing/Pulp paper and printing,Coal nonspecified,ESTO,1,0,0,1,0,missing_current_targets
leap_to_esto,BOTH,LEAP,Industry/Manufacturing/Pulp paper and printing,Coke oven coke,ESTO,1,2,1,0,1,extra_factorised_targets
leap_to_esto,BOTH,LEAP,Industry/Manufacturing/Pulp paper and printing,Crude oil,ESTO,1,1,1,0,0,lossless_without_override
leap_to_esto,BOTH,LEAP,Industry/Manufacturing/Pulp paper and printing,Electricity,ESTO,1,1,1,0,0,lossless_without_override
leap_to_esto,BOTH,LEAP,Industry/Manufacturing/Pulp paper and printing,Ethane,ESTO,1,0,0,1,0,missing_current_targets
leap_to_esto,BOTH,LEAP,Industry/Manufacturing/Pulp paper and printing,Fuel oil,ESTO,1,2,1,0,1,extra_factorised_targets
leap_to_esto,BOTH,LEAP,Industry/Manufacturing/Pulp paper and printing,Fuelwood and woodwaste,ESTO,1,1,1,0,0,lossless_without_override
leap_to_esto,BOTH,LEAP,Industry/Manufacturing/Pulp paper and printing,Gas and diesel oil,ESTO,1,2,1,0,1,extra_factorised_targets
leap_to_esto,BOTH,LEAP,Industry/Manufacturing/Pulp paper and printing,Gasoline type jet fuel,ESTO,1,0,0,1,0,missing_current_targets
leap_to_esto,BOTH,LEAP,Industry/Manufacturing/Pulp paper and printing,Heat,ESTO,1,2,1,0,1,extra_factorised_targets
leap_to_esto,BOTH,LEAP,Industry/Manufacturing/Pulp paper and printing,Industrial waste,ESTO,1,2,1,0,1,extra_factorised_targets
leap_to_esto,BOTH,LEAP,Industry/Manufacturing/Pulp paper and printing,Kerosene,ESTO,1,1,1,0,0,lossless_without_override
leap_to_esto,BOTH,LEAP,Industry/Manufacturing/Pulp paper and printing,Kerosene type jet fuel,ESTO,1,0,0,1,0,missing_current_targets
leap_to_esto,BOTH,LEAP,Industry/Manufacturing/Pulp paper and printing,LPG,ESTO,1,2,1,0,1,extra_factorised_targets
leap_to_esto,BOTH,LEAP,Industry/Manufacturing/Pulp paper and printing,Lignite,ESTO,1,2,1,0,1,extra_factorised_targets
leap_to_esto,BOTH,LEAP,Industry/Manufacturing/Pulp paper and printing,Lubricants,ESTO,1,1,1,0,0,lossless_without_override
leap_to_esto,BOTH,LEAP,Industry/Manufacturing/Pulp paper and printing,Motor gasoline,ESTO,1,2,1,0,1,extra_factorised_targets
leap_to_esto,BOTH,LEAP,Industry/Manufacturing/Pulp paper and printing,Municipal solid waste non renewable,ESTO,1,2,1,0,1,extra_factorised_targets
leap_to_esto,BOTH,LEAP,Industry/Manufacturing/Pulp paper and printing,Municipal solid waste renewable,ESTO,1,2,1,0,1,extra_factorised_targets
leap_to_esto,BOTH,LEAP,Industry/Manufacturing/Pulp paper and printing,Naphtha,ESTO,1,1,1,0,0,lossless_without_override
leap_to_esto,BOTH,LEAP,Industry/Manufacturing/Pulp paper and printing,Natural gas,ESTO,1,2,1,0,1,extra_factorised_targets
leap_to_esto,BOTH,LEAP,Industry/Manufacturing/Pulp paper and printing,Other biomass,ESTO,1,1,1,0,0,lossless_without_override
leap_to_esto,BOTH,LEAP,Industry/Manufacturing/Pulp paper and printing,Other bituminous coal,ESTO,1,1,1,0,0,lossless_without_override
leap_to_esto,BOTH,LEAP,Industry/Manufacturing/Pulp paper and printing,Other liquid biofuels,ESTO,1,1,1,0,0,lossless_without_override
leap_to_esto,BOTH,LEAP,Industry/Manufacturing/Pulp paper and printing,Other products,ESTO,1,1,1,0,0,lossless_without_override
leap_to_esto,BOTH,LEAP,Industry/Manufacturing/Pulp paper and printing,Other sources,ESTO,1,0,0,1,0,missing_current_targets
leap_to_esto,BOTH,LEAP,Industry/Manufacturing/Pulp paper and printing,Paraffin waxes,ESTO,1,1,1,0,0,lossless_without_override
leap_to_esto,BOTH,LEAP,Industry/Manufacturing/Pulp paper and printing,PetProd nonspecified,ESTO,1,0,0,1,0,missing_current_targets
leap_to_esto,BOTH,LEAP,Industry/Manufacturing/Pulp paper and printing,Petroleum coke,ESTO,1,1,1,0,0,lossless_without_override
leap_to_esto,BOTH,LEAP,Industry/Manufacturing/Pulp paper and printing,Refinery gas not liquefied,ESTO,1,1,1,0,0,lossless_without_override
leap_to_esto,BOTH,LEAP,Industry/Manufacturing/Pulp paper and printing,Sub bituminous coal,ESTO,1,2,1,0,1,extra_factorised_targets
leap_to_esto,BOTH,LEAP,Industry/Manufacturing/Pulp paper and printing,White spirit SBP,ESTO,1,1,1,0,0,lossless_without_override
leap_to_esto,BOTH,LEAP,Industry/Manufacturing/Textiles and leather,Anthracite,ESTO,1,2,1,0,1,extra_factorised_targets
leap_to_esto,BOTH,LEAP,Industry/Manufacturing/Textiles and leather,BKB and PB,ESTO,1,2,1,0,1,extra_factorised_targets
leap_to_esto,BOTH,LEAP,Industry/Manufacturing/Textiles and leather,Biodiesel,ESTO,1,1,1,0,0,lossless_without_override
leap_to_esto,BOTH,LEAP,Industry/Manufacturing/Textiles and leather,Biogas,ESTO,1,2,1,0,1,extra_factorised_targets
leap_to_esto,BOTH,LEAP,Industry/Manufacturing/Textiles and leather,Coal nonspecified,ESTO,1,0,0,1,0,missing_current_targets
leap_to_esto,BOTH,LEAP,Industry/Manufacturing/Textiles and leather,Coke oven coke,ESTO,1,2,1,0,1,extra_factorised_targets
leap_to_esto,BOTH,LEAP,Industry/Manufacturing/Textiles and leather,Coke oven gas,ESTO,1,2,1,0,1,extra_factorised_targets
leap_to_esto,BOTH,LEAP,Industry/Manufacturing/Textiles and leather,Electricity,ESTO,1,1,1,0,0,lossless_without_override
leap_to_esto,BOTH,LEAP,Industry/Manufacturing/Textiles and leather,Fuel oil,ESTO,1,2,1,0,1,extra_factorised_targets
leap_to_esto,BOTH,LEAP,Industry/Manufacturing/Textiles and leather,Fuelwood and woodwaste,ESTO,1,1,1,0,0,lossless_without_override
leap_to_esto,BOTH,LEAP,Industry/Manufacturing/Textiles and leather,Gas and diesel oil,ESTO,1,2,1,0,1,extra_factorised_targets
leap_to_esto,BOTH,LEAP,Industry/Manufacturing/Textiles and leather,Heat,ESTO,1,2,1,0,1,extra_factorised_targets
leap_to_esto,BOTH,LEAP,Industry/Manufacturing/Textiles and leather,Industrial waste,ESTO,1,2,1,0,1,extra_factorised_targets
leap_to_esto,BOTH,LEAP,Industry/Manufacturing/Textiles and leather,Kerosene,ESTO,1,1,1,0,0,lossless_without_override
leap_to_esto,BOTH,LEAP,Industry/Manufacturing/Textiles and leather,LPG,ESTO,1,2,1,0,1,extra_factorised_targets
leap_to_esto,BOTH,LEAP,Industry/Manufacturing/Textiles and leather,Lignite,ESTO,1,2,1,0,1,extra_factorised_targets
leap_to_esto,BOTH,LEAP,Industry/Manufacturing/Textiles and leather,Motor gasoline,ESTO,1,2,1,0,1,extra_factorised_targets
leap_to_esto,BOTH,LEAP,Industry/Manufacturing/Textiles and leather,Municipal solid waste non renewable,ESTO,1,2,1,0,1,extra_factorised_targets
leap_to_esto,BOTH,LEAP,Industry/Manufacturing/Textiles and leather,Municipal solid waste renewable,ESTO,1,2,1,0,1,extra_factorised_targets
leap_to_esto,BOTH,LEAP,Industry/Manufacturing/Textiles and leather,Natural gas,ESTO,1,2,1,0,1,extra_factorised_targets
leap_to_esto,BOTH,LEAP,Industry/Manufacturing/Textiles and leather,Other biomass,ESTO,1,1,1,0,0,lossless_without_override
leap_to_esto,BOTH,LEAP,Industry/Manufacturing/Textiles and leather,Other bituminous coal,ESTO,1,1,1,0,0,lossless_without_override
leap_to_esto,BOTH,LEAP,Industry/Manufacturing/Textiles and leather,Other products,ESTO,1,1,1,0,0,lossless_without_override
leap_to_esto,BOTH,LEAP,Industry/Manufacturing/Textiles and leather,Sub bituminous coal,ESTO,1,2,1,0,1,extra_factorised_targets
leap_to_esto,BOTH,LEAP,Industry/Manufacturing/Transportation equipment,BKB and PB,ESTO,1,1,1,0,0,lossless_without_override
leap_to_esto,BOTH,LEAP,Industry/Manufacturing/Transportation equipment,Bagasse,ESTO,1,0,0,1,0,missing_current_targets
leap_to_esto,BOTH,LEAP,Industry/Manufacturing/Transportation equipment,Bio jet kerosene,ESTO,1,0,0,1,0,missing_current_targets
leap_to_esto,BOTH,LEAP,Industry/Manufacturing/Transportation equipment,Biodiesel,ESTO,1,1,1,0,0,lossless_without_override
leap_to_esto,BOTH,LEAP,Industry/Manufacturing/Transportation equipment,Biogas,ESTO,1,2,1,0,1,extra_factorised_targets
leap_to_esto,BOTH,LEAP,Industry/Manufacturing/Transportation equipment,Biogasoline,ESTO,1,0,0,1,0,missing_current_targets
leap_to_esto,BOTH,LEAP,Industry/Manufacturing/Transportation equipment,Black liquor,ESTO,1,0,0,1,0,missing_current_targets
leap_to_esto,BOTH,LEAP,Industry/Manufacturing/Transportation equipment,Blast furnace gas,ESTO,1,2,1,0,1,extra_factorised_targets
leap_to_esto,BOTH,LEAP,Industry/Manufacturing/Transportation equipment,Charcoal,ESTO,1,0,0,1,0,missing_current_targets
leap_to_esto,BOTH,LEAP,Industry/Manufacturing/Transportation equipment,Coke oven coke,ESTO,1,2,1,0,1,extra_factorised_targets
leap_to_esto,BOTH,LEAP,Industry/Manufacturing/Transportation equipment,Coke oven gas,ESTO,1,2,1,0,1,extra_factorised_targets
leap_to_esto,BOTH,LEAP,Industry/Manufacturing/Transportation equipment,Electricity,ESTO,1,1,1,0,0,lossless_without_override
leap_to_esto,BOTH,LEAP,Industry/Manufacturing/Transportation equipment,Fuel oil,ESTO,1,2,1,0,1,extra_factorised_targets
leap_to_esto,BOTH,LEAP,Industry/Manufacturing/Transportation equipment,Fuelwood and woodwaste,ESTO,1,0,0,1,0,missing_current_targets
leap_to_esto,BOTH,LEAP,Industry/Manufacturing/Transportation equipment,Gas and diesel oil,ESTO,1,2,1,0,1,extra_factorised_targets
leap_to_esto,BOTH,LEAP,Industry/Manufacturing/Transportation equipment,Gas works gas,ESTO,1,2,1,0,1,extra_factorised_targets
leap_to_esto,BOTH,LEAP,Industry/Manufacturing/Transportation equipment,Heat,ESTO,1,2,1,0,1,extra_factorised_targets
leap_to_esto,BOTH,LEAP,Industry/Manufacturing/Transportation equipment,Industrial waste,ESTO,1,2,1,0,1,extra_factorised_targets
leap_to_esto,BOTH,LEAP,Industry/Manufacturing/Transportation equipment,Kerosene,ESTO,1,2,1,0,1,extra_factorised_targets
leap_to_esto,BOTH,LEAP,Industry/Manufacturing/Transportation equipment,Kerosene type jet fuel,ESTO,1,2,1,0,1,extra_factorised_targets
leap_to_esto,BOTH,LEAP,Industry/Manufacturing/Transportation equipment,LPG,ESTO,1,2,1,0,1,extra_factorised_targets
leap_to_esto,BOTH,LEAP,Industry/Manufacturing/Transportation equipment,Lignite,ESTO,1,2,1,0,1,extra_factorised_targets
leap_to_esto,BOTH,LEAP,Industry/Manufacturing/Transportation equipment,Motor gasoline,ESTO,1,2,1,0,1,extra_factorised_targets
leap_to_esto,BOTH,LEAP,Industry/Manufacturing/Transportation equipment,Municipal solid waste non renewable,ESTO,1,0,0,1,0,missing_current_targets
leap_to_esto,BOTH,LEAP,Industry/Manufacturing/Transportation equipment,Municipal solid waste renewable,ESTO,1,1,0,1,1,missing_and_extra_targets
leap_to_esto,BOTH,LEAP,Industry/Manufacturing/Transportation equipment,Natural gas,ESTO,1,2,1,0,1,extra_factorised_targets
leap_to_esto,BOTH,LEAP,Industry/Manufacturing/Transportation equipment,Other biomass,ESTO,1,1,1,0,0,lossless_without_override
leap_to_esto,BOTH,LEAP,Industry/Manufacturing/Transportation equipment,Other bituminous coal,ESTO,1,1,1,0,0,lossless_without_override
leap_to_esto,BOTH,LEAP,Industry/Manufacturing/Transportation equipment,Other liquid biofuels,ESTO,1,0,0,1,0,missing_current_targets
leap_to_esto,BOTH,LEAP,Industry/Manufacturing/Transportation equipment,Other products,ESTO,1,1,1,0,0,lossless_without_override
leap_to_esto,BOTH,LEAP,Industry/Manufacturing/Transportation equipment,Other recovered gases,ESTO,1,2,1,0,1,extra_factorised_targets
leap_to_esto,BOTH,LEAP,Industry/Manufacturing/Transportation equipment,Other sources,ESTO,1,0,0,1,0,missing_current_targets
leap_to_esto,BOTH,LEAP,Industry/Manufacturing/Transportation equipment,White spirit SBP,ESTO,1,1,1,0,0,lossless_without_override
leap_to_esto,BOTH,LEAP,Industry/Manufacturing/Wood and wood products,Anthracite,ESTO,1,2,1,0,1,extra_factorised_targets
leap_to_esto,BOTH,LEAP,Industry/Manufacturing/Wood and wood products,BKB and PB,ESTO,1,2,1,0,1,extra_factorised_targets
leap_to_esto,BOTH,LEAP,Industry/Manufacturing/Wood and wood products,Bagasse,ESTO,1,1,0,1,1,missing_and_extra_targets
leap_to_esto,BOTH,LEAP,Industry/Manufacturing/Wood and wood products,Bio jet kerosene,ESTO,1,0,0,1,0,missing_current_targets
leap_to_esto,BOTH,LEAP,Industry/Manufacturing/Wood and wood products,Biodiesel,ESTO,1,1,1,0,0,lossless_without_override
leap_to_esto,BOTH,LEAP,Industry/Manufacturing/Wood and wood products,Biogas,ESTO,1,1,0,1,1,missing_and_extra_targets
leap_to_esto,BOTH,LEAP,Industry/Manufacturing/Wood and wood products,Biogasoline,ESTO,1,0,0,1,0,missing_current_targets
leap_to_esto,BOTH,LEAP,Industry/Manufacturing/Wood and wood products,Black liquor,ESTO,1,0,0,1,0,missing_current_targets
leap_to_esto,BOTH,LEAP,Industry/Manufacturing/Wood and wood products,Charcoal,ESTO,1,1,0,1,1,missing_and_extra_targets
leap_to_esto,BOTH,LEAP,Industry/Manufacturing/Wood and wood products,Coke oven coke,ESTO,1,2,1,0,1,extra_factorised_targets
leap_to_esto,BOTH,LEAP,Industry/Manufacturing/Wood and wood products,Crude oil,ESTO,1,1,1,0,0,lossless_without_override
leap_to_esto,BOTH,LEAP,Industry/Manufacturing/Wood and wood products,Electricity,ESTO,1,1,1,0,0,lossless_without_override
leap_to_esto,BOTH,LEAP,Industry/Manufacturing/Wood and wood products,Fuel oil,ESTO,1,2,1,0,1,extra_factorised_targets
leap_to_esto,BOTH,LEAP,Industry/Manufacturing/Wood and wood products,Fuelwood and woodwaste,ESTO,1,1,1,0,0,lossless_without_override
leap_to_esto,BOTH,LEAP,Industry/Manufacturing/Wood and wood products,Gas and diesel oil,ESTO,1,2,1,0,1,extra_factorised_targets
leap_to_esto,BOTH,LEAP,Industry/Manufacturing/Wood and wood products,Heat,ESTO,1,2,1,0,1,extra_factorised_targets
leap_to_esto,BOTH,LEAP,Industry/Manufacturing/Wood and wood products,Industrial waste,ESTO,1,1,1,0,0,lossless_without_override
leap_to_esto,BOTH,LEAP,Industry/Manufacturing/Wood and wood products,Kerosene,ESTO,1,1,1,0,0,lossless_without_override
leap_to_esto,BOTH,LEAP,Industry/Manufacturing/Wood and wood products,LPG,ESTO,1,2,1,0,1,extra_factorised_targets
leap_to_esto,BOTH,LEAP,Industry/Manufacturing/Wood and wood products,Lignite,ESTO,1,2,1,0,1,extra_factorised_targets
leap_to_esto,BOTH,LEAP,Industry/Manufacturing/Wood and wood products,Motor gasoline,ESTO,1,2,1,0,1,extra_factorised_targets
leap_to_esto,BOTH,LEAP,Industry/Manufacturing/Wood and wood products,Municipal solid waste non renewable,ESTO,1,0,0,1,0,missing_current_targets
leap_to_esto,BOTH,LEAP,Industry/Manufacturing/Wood and wood products,Municipal solid waste renewable,ESTO,1,1,0,1,1,missing_and_extra_targets
leap_to_esto,BOTH,LEAP,Industry/Manufacturing/Wood and wood products,Natural gas,ESTO,1,2,1,0,1,extra_factorised_targets
leap_to_esto,BOTH,LEAP,Industry/Manufacturing/Wood and wood products,Other biomass,ESTO,1,1,1,0,0,lossless_without_override
leap_to_esto,BOTH,LEAP,Industry/Manufacturing/Wood and wood products,Other bituminous coal,ESTO,1,1,1,0,0,lossless_without_override
leap_to_esto,BOTH,LEAP,Industry/Manufacturing/Wood and wood products,Other liquid biofuels,ESTO,1,1,1,0,0,lossless_without_override
leap_to_esto,BOTH,LEAP,Industry/Manufacturing/Wood and wood products,Other sources,ESTO,1,0,0,1,0,missing_current_targets
leap_to_esto,BOTH,LEAP,Industry/Manufacturing/Wood and wood products,Sub bituminous coal,ESTO,1,2,1,0,1,extra_factorised_targets
leap_to_esto,BOTH,LEAP,Industry/Mining and quarrying,Anthracite,ESTO,1,2,1,0,1,extra_factorised_targets
leap_to_esto,BOTH,LEAP,Industry/Mining and quarrying,BKB and PB,ESTO,1,2,1,0,1,extra_factorised_targets
leap_to_esto,BOTH,LEAP,Industry/Mining and quarrying,Bagasse,ESTO,1,0,0,1,0,missing_current_targets
leap_to_esto,BOTH,LEAP,Industry/Mining and quarrying,Bio jet kerosene,ESTO,1,0,0,1,0,missing_current_targets
leap_to_esto,BOTH,LEAP,Industry/Mining and quarrying,Biodiesel,ESTO,1,2,1,0,1,extra_factorised_targets
leap_to_esto,BOTH,LEAP,Industry/Mining and quarrying,Biogas,ESTO,1,1,0,1,1,missing_and_extra_targets
leap_to_esto,BOTH,LEAP,Industry/Mining and quarrying,Biogasoline,ESTO,1,1,1,0,0,lossless_without_override
leap_to_esto,BOTH,LEAP,Industry/Mining and quarrying,Black liquor,ESTO,1,0,0,1,0,missing_current_targets
leap_to_esto,BOTH,LEAP,Industry/Mining and quarrying,Blast furnace gas,ESTO,1,2,1,0,1,extra_factorised_targets
leap_to_esto,BOTH,LEAP,Industry/Mining and quarrying,Charcoal,ESTO,1,2,1,0,1,extra_factorised_targets
leap_to_esto,BOTH,LEAP,Industry/Mining and quarrying,Coal tar,ESTO,1,2,1,0,1,extra_factorised_targets
leap_to_esto,BOTH,LEAP,Industry/Mining and quarrying,Coke oven coke,ESTO,1,2,1,0,1,extra_factorised_targets
leap_to_esto,BOTH,LEAP,Industry/Mining and quarrying,Coke oven gas,ESTO,1,2,1,0,1,extra_factorised_targets
leap_to_esto,BOTH,LEAP,Industry/Mining and quarrying,Crude oil,ESTO,1,1,1,0,0,lossless_without_override
leap_to_esto,BOTH,LEAP,Industry/Mining and quarrying,Electricity,ESTO,1,1,1,0,0,lossless_without_override
leap_to_esto,BOTH,LEAP,Industry/Mining and quarrying,Fuel oil,ESTO,1,2,1,0,1,extra_factorised_targets
leap_to_esto,BOTH,LEAP,Industry/Mining and quarrying,Fuelwood and woodwaste,ESTO,1,1,1,0,0,lossless_without_override
leap_to_esto,BOTH,LEAP,Industry/Mining and quarrying,Gas and diesel oil,ESTO,1,2,1,0,1,extra_factorised_targets
leap_to_esto,BOTH,LEAP,Industry/Mining and quarrying,Gas works gas,ESTO,1,2,1,0,1,extra_factorised_targets
leap_to_esto,BOTH,LEAP,Industry/Mining and quarrying,Heat,ESTO,1,2,1,0,1,extra_factorised_targets
leap_to_esto,BOTH,LEAP,Industry/Mining and quarrying,Hydrogen,ESTO,1,1,0,1,1,missing_and_extra_targets
leap_to_esto,BOTH,LEAP,Industry/Mining and quarrying,Industrial waste,ESTO,1,1,1,0,0,lossless_without_override
leap_to_esto,BOTH,LEAP,Industry/Mining and quarrying,Kerosene,ESTO,1,2,1,0,1,extra_factorised_targets
leap_to_esto,BOTH,LEAP,Industry/Mining and quarrying,Kerosene type jet fuel,ESTO,1,1,1,0,0,lossless_without_override
leap_to_esto,BOTH,LEAP,Industry/Mining and quarrying,LPG,ESTO,1,2,1,0,1,extra_factorised_targets
leap_to_esto,BOTH,LEAP,Industry/Mining and quarrying,Lignite,ESTO,1,2,1,0,1,extra_factorised_targets
leap_to_esto,BOTH,LEAP,Industry/Mining and quarrying,Motor gasoline,ESTO,1,2,1,0,1,extra_factorised_targets
leap_to_esto,BOTH,LEAP,Industry/Mining and quarrying,Municipal solid waste non renewable,ESTO,1,0,0,1,0,missing_current_targets
leap_to_esto,BOTH,LEAP,Industry/Mining and quarrying,Municipal solid waste renewable,ESTO,1,1,0,1,1,missing_and_extra_targets
leap_to_esto,BOTH,LEAP,Industry/Mining and quarrying,Natural gas,ESTO,1,2,1,0,1,extra_factorised_targets
leap_to_esto,BOTH,LEAP,Industry/Mining and quarrying,Other biomass,ESTO,1,2,1,0,1,extra_factorised_targets
leap_to_esto,BOTH,LEAP,Industry/Mining and quarrying,Other bituminous coal,ESTO,1,1,1,0,0,lossless_without_override
leap_to_esto,BOTH,LEAP,Industry/Mining and quarrying,Other liquid biofuels,ESTO,1,0,0,1,0,missing_current_targets
leap_to_esto,BOTH,LEAP,Industry/Mining and quarrying,Other products,ESTO,1,1,1,0,0,lossless_without_override
leap_to_esto,BOTH,LEAP,Industry/Mining and quarrying,Other recovered gases,ESTO,1,2,1,0,1,extra_factorised_targets
leap_to_esto,BOTH,LEAP,Industry/Mining and quarrying,Other sources,ESTO,1,0,0,1,0,missing_current_targets
leap_to_esto,BOTH,LEAP,Industry/Mining and quarrying,Petroleum coke,ESTO,1,1,1,0,0,lossless_without_override
leap_to_esto,BOTH,LEAP,Industry/Mining and quarrying,Sub bituminous coal,ESTO,1,2,1,0,1,extra_factorised_targets
leap_to_esto,BOTH,LEAP,International transport,Ammonia,ESTO,1,0,0,1,0,missing_current_targets
leap_to_esto,BOTH,LEAP,International transport,Aviation gasoline,ESTO,1,0,0,1,0,missing_current_targets
leap_to_esto,BOTH,LEAP,International transport,Bio jet kerosene,ESTO,1,0,0,1,0,missing_current_targets
leap_to_esto,BOTH,LEAP,International transport,Biodiesel,ESTO,1,0,0,1,0,missing_current_targets
leap_to_esto,BOTH,LEAP,International transport,Efuel,ESTO,1,0,0,1,0,missing_current_targets
leap_to_esto,BOTH,LEAP,International transport,Fuel oil,ESTO,1,0,0,1,0,missing_current_targets
leap_to_esto,BOTH,LEAP,International transport,Gas and diesel oil,ESTO,1,0,0,1,0,missing_current_targets
leap_to_esto,BOTH,LEAP,International transport,Hydrogen,ESTO,1,0,0,1,0,missing_current_targets
leap_to_esto,BOTH,LEAP,International transport,Kerosene type jet fuel,ESTO,1,0,0,1,0,missing_current_targets
leap_to_esto,BOTH,LEAP,International transport,LNG,ESTO,1,0,0,1,0,missing_current_targets
leap_to_esto,BOTH,LEAP,International transport,LPG,ESTO,1,0,0,1,0,missing_current_targets
leap_to_esto,BOTH,LEAP,International transport,Lubricants,ESTO,1,0,0,1,0,missing_current_targets
leap_to_esto,BOTH,LEAP,International transport,Motor gasoline,ESTO,1,0,0,1,0,missing_current_targets
leap_to_esto,BOTH,LEAP,International transport,Natural gas,ESTO,1,0,0,1,0,missing_current_targets
leap_to_esto,BOTH,LEAP,International transport,Other products,ESTO,1,0,0,1,0,missing_current_targets
leap_to_esto,BOTH,LEAP,LNG regasification/Regasification,Electricity,ESTO,1,0,0,1,0,missing_current_targets
leap_to_esto,BOTH,LEAP,LNG regasification/Regasification,LNG,ESTO,1,2,1,0,1,extra_factorised_targets
leap_to_esto,BOTH,LEAP,LNG regasification/Regasification,LPG,ESTO,1,1,1,0,0,lossless_without_override
leap_to_esto,BOTH,LEAP,LNG regasification/Regasification,Naphtha,ESTO,1,1,0,1,1,missing_and_extra_targets
leap_to_esto,BOTH,LEAP,LNG regasification/Regasification,Natural gas,ESTO,1,3,1,0,2,extra_factorised_targets
leap_to_esto,BOTH,LEAP,Liquefaction coal to oil/Liquefaction coal to oil,Anthracite,ESTO,1,0,0,1,0,missing_current_targets
leap_to_esto,BOTH,LEAP,Liquefaction coal to oil/Liquefaction coal to oil,BKB and PB,ESTO,1,1,0,1,1,missing_and_extra_targets
leap_to_esto,BOTH,LEAP,Liquefaction coal to oil/Liquefaction coal to oil,Blast furnace gas,ESTO,1,0,0,1,0,missing_current_targets
leap_to_esto,BOTH,LEAP,Liquefaction coal to oil/Liquefaction coal to oil,Coal tar,ESTO,1,1,1,0,0,lossless_without_override
leap_to_esto,BOTH,LEAP,Liquefaction coal to oil/Liquefaction coal to oil,Coke oven coke,ESTO,1,1,0,1,1,missing_and_extra_targets
leap_to_esto,BOTH,LEAP,Liquefaction coal to oil/Liquefaction coal to oil,Coke oven gas,ESTO,1,0,0,1,0,missing_current_targets
leap_to_esto,BOTH,LEAP,Liquefaction coal to oil/Liquefaction coal to oil,Coking coal,ESTO,1,1,1,0,0,lossless_without_override
leap_to_esto,BOTH,LEAP,Liquefaction coal to oil/Liquefaction coal to oil,Electricity,ESTO,1,0,0,1,0,missing_current_targets
leap_to_esto,BOTH,LEAP,Liquefaction coal to oil/Liquefaction coal to oil,Fuel oil,ESTO,1,0,0,1,0,missing_current_targets
leap_to_esto,BOTH,LEAP,Liquefaction coal to oil/Liquefaction coal to oil,Gas and diesel oil,ESTO,1,0,0,1,0,missing_current_targets
leap_to_esto,BOTH,LEAP,Liquefaction coal to oil/Liquefaction coal to oil,Industrial waste,ESTO,1,0,0,1,0,missing_current_targets
leap_to_esto,BOTH,LEAP,Liquefaction coal to oil/Liquefaction coal to oil,Kerosene,ESTO,1,0,0,1,0,missing_current_targets
leap_to_esto,BOTH,LEAP,Liquefaction coal to oil/Liquefaction coal to oil,LPG,ESTO,1,0,0,1,0,missing_current_targets
leap_to_esto,BOTH,LEAP,Liquefaction coal to oil/Liquefaction coal to oil,Lignite,ESTO,1,1,1,0,0,lossless_without_override
leap_to_esto,BOTH,LEAP,Liquefaction coal to oil/Liquefaction coal to oil,Natural gas,ESTO,1,0,0,1,0,missing_current_targets
leap_to_esto,BOTH,LEAP,Liquefaction coal to oil/Liquefaction coal to oil,Other bituminous coal,ESTO,1,1,1,0,0,lossless_without_override
leap_to_esto,BOTH,LEAP,Liquefaction coal to oil/Liquefaction coal to oil,Other products,ESTO,1,0,0,1,0,missing_current_targets
leap_to_esto,BOTH,LEAP,Liquefaction coal to oil/Liquefaction coal to oil,Other recovered gases,ESTO,1,0,0,1,0,missing_current_targets
leap_to_esto,BOTH,LEAP,Liquefaction coal to oil/Liquefaction coal to oil,Patent fuel,ESTO,1,0,0,1,0,missing_current_targets
leap_to_esto,BOTH,LEAP,Liquefaction coal to oil/Liquefaction coal to oil,Peat,ESTO,1,0,0,1,0,missing_current_targets
leap_to_esto,BOTH,LEAP,Liquefaction coal to oil/Liquefaction coal to oil,Peat products,ESTO,1,0,0,1,0,missing_current_targets
leap_to_esto,BOTH,LEAP,Liquefaction coal to oil/Liquefaction coal to oil,Petroleum coke,ESTO,1,0,0,1,0,missing_current_targets
leap_to_esto,BOTH,LEAP,Liquefaction coal to oil/Liquefaction coal to oil,Sub bituminous coal,ESTO,1,1,0,1,1,missing_and_extra_targets
leap_to_esto,BOTH,LEAP,Liquefaction/regasification plants,Electricity,ESTO,1,0,0,1,0,missing_current_targets
leap_to_esto,BOTH,LEAP,Liquefaction/regasification plants,Kerosene,ESTO,1,1,1,0,0,lossless_without_override
leap_to_esto,BOTH,LEAP,Liquefaction/regasification plants,LNG,ESTO,1,1,1,0,0,lossless_without_override
leap_to_esto,BOTH,LEAP,Liquefaction/regasification plants,Motor gasoline,ESTO,1,1,1,0,0,lossless_without_override
leap_to_esto,BOTH,LEAP,Liquefaction/regasification plants,Natural gas,ESTO,1,2,1,0,1,extra_factorised_targets
leap_to_esto,BOTH,LEAP,NG Liquefaction/Liquefaction,LNG,ESTO,1,1,1,0,0,lossless_without_override
leap_to_esto,BOTH,LEAP,NG Liquefaction/Liquefaction,LPG,ESTO,1,1,1,0,0,lossless_without_override
leap_to_esto,BOTH,LEAP,NG Liquefaction/Liquefaction,Naphtha,ESTO,1,1,1,0,0,lossless_without_override
leap_to_esto,BOTH,LEAP,NG Liquefaction/Liquefaction,Natural gas,ESTO,1,2,1,0,1,extra_factorised_targets
leap_to_esto,BOTH,LEAP,NG Liquefaction/NG Liquefaction,Electricity,ESTO,1,0,0,1,0,missing_current_targets
leap_to_esto,BOTH,LEAP,NG Liquefaction/NG Liquefaction,LNG,ESTO,1,1,1,0,0,lossless_without_override
leap_to_esto,BOTH,LEAP,Natural gas blending plants/Natural gas blending plants,Biogas,ESTO,1,1,1,0,0,lossless_without_override
leap_to_esto,BOTH,LEAP,Natural gas blending plants/Natural gas blending plants,Coke oven gas,ESTO,1,1,1,0,0,lossless_without_override
leap_to_esto,BOTH,LEAP,Natural gas blending plants/Natural gas blending plants,Fuel oil,ESTO,1,2,1,0,1,extra_factorised_targets
leap_to_esto,BOTH,LEAP,Natural gas blending plants/Natural gas blending plants,Gas and diesel oil,ESTO,1,2,1,0,1,extra_factorised_targets
leap_to_esto,BOTH,LEAP,Natural gas blending plants/Natural gas blending plants,Gas works gas,ESTO,1,2,1,0,1,extra_factorised_targets
leap_to_esto,BOTH,LEAP,Natural gas blending plants/Natural gas blending plants,Kerosene,ESTO,1,1,1,0,0,lossless_without_override
leap_to_esto,BOTH,LEAP,Natural gas blending plants/Natural gas blending plants,LPG,ESTO,1,2,1,0,1,extra_factorised_targets
leap_to_esto,BOTH,LEAP,Natural gas blending plants/Natural gas blending plants,Naphtha,ESTO,1,1,1,0,0,lossless_without_override
leap_to_esto,BOTH,LEAP,Natural gas blending plants/Natural gas blending plants,Natural gas,ESTO,1,2,1,0,1,extra_factorised_targets
leap_to_esto,BOTH,LEAP,Natural gas blending plants/Natural gas blending plants,Refinery gas not liquefied,ESTO,1,1,1,0,0,lossless_without_override
leap_to_esto,BOTH,LEAP,Non specified transformation/Non specified transformation,Biogas,ESTO,1,2,1,0,1,extra_factorised_targets
leap_to_esto,BOTH,LEAP,Non specified transformation/Non specified transformation,Electricity,ESTO,1,0,0,1,0,missing_current_targets
leap_to_esto,BOTH,LEAP,Non specified transformation/Non specified transformation,Ethane,ESTO,1,1,1,0,0,lossless_without_override
leap_to_esto,BOTH,LEAP,Non specified transformation/Non specified transformation,Fuel oil,ESTO,1,2,1,0,1,extra_factorised_targets
leap_to_esto,BOTH,LEAP,Non specified transformation/Non specified transformation,Gas and diesel oil,ESTO,1,1,1,0,0,lossless_without_override
leap_to_esto,BOTH,LEAP,Non specified transformation/Non specified transformation,Kerosene,ESTO,1,0,0,1,0,missing_current_targets
leap_to_esto,BOTH,LEAP,Non specified transformation/Non specified transformation,LPG,ESTO,1,2,1,0,1,extra_factorised_targets
leap_to_esto,BOTH,LEAP,Non specified transformation/Non specified transformation,Motor gasoline,ESTO,1,0,0,1,0,missing_current_targets
leap_to_esto,BOTH,LEAP,Non specified transformation/Non specified transformation,Natural gas,ESTO,1,2,1,0,1,extra_factorised_targets
leap_to_esto,BOTH,LEAP,Non specified transformation/Non specified transformation,Natural gas liquids,ESTO,1,1,1,0,0,lossless_without_override
leap_to_esto,BOTH,LEAP,Non specified transformation/Non specified transformation,Other biomass,ESTO,1,1,1,0,0,lossless_without_override
leap_to_esto,BOTH,LEAP,Non specified transformation/Non specified transformation,Other bituminous coal,ESTO,1,1,1,0,0,lossless_without_override
leap_to_esto,BOTH,LEAP,Non specified transformation/Non specified transformation,Other hydrocarbons,ESTO,1,1,1,0,0,lossless_without_override
leap_to_esto,BOTH,LEAP,Non specified transformation/Non specified transformation,Other products,ESTO,1,1,1,0,0,lossless_without_override
leap_to_esto,BOTH,LEAP,Non-energy use,Additives and oxygenates,ESTO,1,1,1,0,0,lossless_without_override
leap_to_esto,BOTH,LEAP,Non-energy use,Anthracite,ESTO,1,2,1,0,1,extra_factorised_targets
leap_to_esto,BOTH,LEAP,Non-energy use,BKB and PB,ESTO,1,2,1,0,1,extra_factorised_targets
leap_to_esto,BOTH,LEAP,Non-energy use,Bagasse,ESTO,1,1,0,1,1,missing_and_extra_targets
leap_to_esto,BOTH,LEAP,Non-energy use,Bio jet kerosene,ESTO,1,0,0,1,0,missing_current_targets
leap_to_esto,BOTH,LEAP,Non-energy use,Biodiesel,ESTO,1,0,0,1,0,missing_current_targets
leap_to_esto,BOTH,LEAP,Non-energy use,Biogas,ESTO,1,0,0,1,0,missing_current_targets
leap_to_esto,BOTH,LEAP,Non-energy use,Biogasoline,ESTO,1,0,0,1,0,missing_current_targets
leap_to_esto,BOTH,LEAP,Non-energy use,Bitumen,ESTO,1,1,1,0,0,lossless_without_override
leap_to_esto,BOTH,LEAP,Non-energy use,Black liquor,ESTO,1,0,0,1,0,missing_current_targets
leap_to_esto,BOTH,LEAP,Non-energy use,Blast furnace gas,ESTO,1,2,1,0,1,extra_factorised_targets
leap_to_esto,BOTH,LEAP,Non-energy use,Charcoal,ESTO,1,0,0,1,0,missing_current_targets
leap_to_esto,BOTH,LEAP,Non-energy use,Coal nonspecified,ESTO,1,0,0,1,0,missing_current_targets
leap_to_esto,BOTH,LEAP,Non-energy use,Coal tar,ESTO,1,1,1,0,0,lossless_without_override
leap_to_esto,BOTH,LEAP,Non-energy use,Coke oven coke,ESTO,1,2,1,0,1,extra_factorised_targets
leap_to_esto,BOTH,LEAP,Non-energy use,Coke oven gas,ESTO,1,2,1,0,1,extra_factorised_targets
leap_to_esto,BOTH,LEAP,Non-energy use,Coking coal,ESTO,1,1,1,0,0,lossless_without_override
leap_to_esto,BOTH,LEAP,Non-energy use,Crude oil,ESTO,1,1,1,0,0,lossless_without_override
leap_to_esto,BOTH,LEAP,Non-energy use,Ethane,ESTO,1,1,1,0,0,lossless_without_override
leap_to_esto,BOTH,LEAP,Non-energy use,Fuel oil,ESTO,1,2,1,0,1,extra_factorised_targets
leap_to_esto,BOTH,LEAP,Non-energy use,Fuelwood and woodwaste,ESTO,1,0,0,1,0,missing_current_targets
leap_to_esto,BOTH,LEAP,Non-energy use,Gas and diesel oil,ESTO,1,2,1,0,1,extra_factorised_targets
leap_to_esto,BOTH,LEAP,Non-energy use,Gas works gas,ESTO,1,2,1,0,1,extra_factorised_targets
leap_to_esto,BOTH,LEAP,Non-energy use,Hydrogen,ESTO,1,0,0,1,0,missing_current_targets
leap_to_esto,BOTH,LEAP,Non-energy use,Industrial waste,ESTO,1,0,0,1,0,missing_current_targets
leap_to_esto,BOTH,LEAP,Non-energy use,Kerosene,ESTO,1,1,1,0,0,lossless_without_override
leap_to_esto,BOTH,LEAP,Non-energy use,LPG,ESTO,1,2,1,0,1,extra_factorised_targets
leap_to_esto,BOTH,LEAP,Non-energy use,Lignite,ESTO,1,2,1,0,1,extra_factorised_targets
leap_to_esto,BOTH,LEAP,Non-energy use,Lubricants,ESTO,1,1,1,0,0,lossless_without_override
leap_to_esto,BOTH,LEAP,Non-energy use,Motor gasoline,ESTO,1,2,1,0,1,extra_factorised_targets
leap_to_esto,BOTH,LEAP,Non-energy use,Municipal solid waste non renewable,ESTO,1,0,0,1,0,missing_current_targets
leap_to_esto,BOTH,LEAP,Non-energy use,Municipal solid waste renewable,ESTO,1,0,0,1,0,missing_current_targets
leap_to_esto,BOTH,LEAP,Non-energy use,Naphtha,ESTO,1,1,1,0,0,lossless_without_override
leap_to_esto,BOTH,LEAP,Non-energy use,Natural gas,ESTO,1,2,1,0,1,extra_factorised_targets
leap_to_esto,BOTH,LEAP,Non-energy use,Natural gas liquids,ESTO,1,1,1,0,0,lossless_without_override
leap_to_esto,BOTH,LEAP,Non-energy use,Other biomass,ESTO,1,0,0,1,0,missing_current_targets
leap_to_esto,BOTH,LEAP,Non-energy use,Other bituminous coal,ESTO,1,1,1,0,0,lossless_without_override
leap_to_esto,BOTH,LEAP,Non-energy use,Other liquid biofuels,ESTO,1,0,0,1,0,missing_current_targets
leap_to_esto,BOTH,LEAP,Non-energy use,Other products,ESTO,1,1,1,0,0,lossless_without_override
leap_to_esto,BOTH,LEAP,Non-energy use,Other recovered gases,ESTO,1,2,1,0,1,extra_factorised_targets
leap_to_esto,BOTH,LEAP,Non-energy use,Other sources,ESTO,1,0,0,1,0,missing_current_targets
leap_to_esto,BOTH,LEAP,Non-energy use,Paraffin waxes,ESTO,1,1,1,0,0,lossless_without_override
leap_to_esto,BOTH,LEAP,Non-energy use,PetProd nonspecified,ESTO,1,0,0,1,0,missing_current_targets
leap_to_esto,BOTH,LEAP,Non-energy use,Petroleum coke,ESTO,1,1,1,0,0,lossless_without_override
leap_to_esto,BOTH,LEAP,Non-energy use,Refinery feedstocks,ESTO,1,1,1,0,0,lossless_without_override
leap_to_esto,BOTH,LEAP,Non-energy use,Refinery gas not liquefied,ESTO,1,1,1,0,0,lossless_without_override
leap_to_esto,BOTH,LEAP,Non-energy use,Sub bituminous coal,ESTO,1,2,1,0,1,extra_factorised_targets
leap_to_esto,BOTH,LEAP,Non-energy use,White spirit SBP,ESTO,1,1,1,0,0,lossless_without_override
leap_to_esto,BOTH,LEAP,Oil Refining/Oil Refining,Additives and oxygenates,ESTO,1,1,1,0,0,lossless_without_override
leap_to_esto,BOTH,LEAP,Oil Refining/Oil Refining,Aviation gasoline,ESTO,1,2,1,0,1,extra_factorised_targets
leap_to_esto,BOTH,LEAP,Oil Refining/Oil Refining,Bitumen,ESTO,1,1,1,0,0,lossless_without_override
leap_to_esto,BOTH,LEAP,Oil Refining/Oil Refining,Crude oil,ESTO,1,1,1,0,0,lossless_without_override
leap_to_esto,BOTH,LEAP,Oil Refining/Oil Refining,Electricity,ESTO,1,0,0,1,0,missing_current_targets
leap_to_esto,BOTH,LEAP,Oil Refining/Oil Refining,Ethane,ESTO,1,1,1,0,0,lossless_without_override
leap_to_esto,BOTH,LEAP,Oil Refining/Oil Refining,Fuel oil,ESTO,1,2,1,0,1,extra_factorised_targets
leap_to_esto,BOTH,LEAP,Oil Refining/Oil Refining,Gas and diesel oil,ESTO,1,2,1,0,1,extra_factorised_targets
leap_to_esto,BOTH,LEAP,Oil Refining/Oil Refining,Heat,ESTO,1,0,0,1,0,missing_current_targets
leap_to_esto,BOTH,LEAP,Oil Refining/Oil Refining,Industrial waste,ESTO,1,0,0,1,0,missing_current_targets
leap_to_esto,BOTH,LEAP,Oil Refining/Oil Refining,Kerosene,ESTO,1,2,1,0,1,extra_factorised_targets
leap_to_esto,BOTH,LEAP,Oil Refining/Oil Refining,Kerosene type jet fuel,ESTO,1,2,1,0,1,extra_factorised_targets
leap_to_esto,BOTH,LEAP,Oil Refining/Oil Refining,LPG,ESTO,1,2,1,0,1,extra_factorised_targets
leap_to_esto,BOTH,LEAP,Oil Refining/Oil Refining,Lubricants,ESTO,1,1,1,0,0,lossless_without_override
leap_to_esto,BOTH,LEAP,Oil Refining/Oil Refining,Motor gasoline,ESTO,1,1,1,0,0,lossless_without_override
leap_to_esto,BOTH,LEAP,Oil Refining/Oil Refining,Naphtha,ESTO,1,1,1,0,0,lossless_without_override
leap_to_esto,BOTH,LEAP,Oil Refining/Oil Refining,Natural gas,ESTO,1,1,0,1,1,missing_and_extra_targets
leap_to_esto,BOTH,LEAP,Oil Refining/Oil Refining,Natural gas liquids,ESTO,1,1,1,0,0,lossless_without_override
leap_to_esto,BOTH,LEAP,Oil Refining/Oil Refining,Other bituminous coal,ESTO,1,0,0,1,0,missing_current_targets
leap_to_esto,BOTH,LEAP,Oil Refining/Oil Refining,Other hydrocarbons,ESTO,1,1,1,0,0,lossless_without_override
leap_to_esto,BOTH,LEAP,Oil Refining/Oil Refining,Other products,ESTO,1,1,1,0,0,lossless_without_override
leap_to_esto,BOTH,LEAP,Oil Refining/Oil Refining,Paraffin waxes,ESTO,1,1,1,0,0,lossless_without_override
leap_to_esto,BOTH,LEAP,Oil Refining/Oil Refining,PetProd nonspecified,ESTO,1,0,0,1,0,missing_current_targets
leap_to_esto,BOTH,LEAP,Oil Refining/Oil Refining,Petroleum coke,ESTO,1,1,1,0,0,lossless_without_override
leap_to_esto,BOTH,LEAP,Oil Refining/Oil Refining,Refinery feedstocks,ESTO,1,1,1,0,0,lossless_without_override
leap_to_esto,BOTH,LEAP,Oil Refining/Oil Refining,Refinery gas not liquefied,ESTO,1,1,1,0,0,lossless_without_override
leap_to_esto,BOTH,LEAP,Oil Refining/Oil Refining,Sub bituminous coal,ESTO,1,0,0,1,0,missing_current_targets
leap_to_esto,BOTH,LEAP,Oil Refining/Oil Refining,White spirit SBP,ESTO,1,1,1,0,0,lossless_without_override
leap_to_esto,BOTH,LEAP,Other loss and own use/Coal mines,BKB and PB,ESTO,1,2,1,0,1,extra_factorised_targets
leap_to_esto,BOTH,LEAP,Other loss and own use/Coal mines,Biodiesel,ESTO,1,1,1,0,0,lossless_without_override
leap_to_esto,BOTH,LEAP,Other loss and own use/Coal mines,Blast furnace gas,ESTO,1,2,1,0,1,extra_factorised_targets
leap_to_esto,BOTH,LEAP,Other loss and own use/Coal mines,Coal tar,ESTO,1,1,1,0,0,lossless_without_override
leap_to_esto,BOTH,LEAP,Other loss and own use/Coal mines,Coke oven coke,ESTO,1,2,1,0,1,extra_factorised_targets
leap_to_esto,BOTH,LEAP,Other loss and own use/Coal mines,Coke oven gas,ESTO,1,2,1,0,1,extra_factorised_targets
leap_to_esto,BOTH,LEAP,Other loss and own use/Coal mines,Coking coal,ESTO,1,1,1,0,0,lossless_without_override
leap_to_esto,BOTH,LEAP,Other loss and own use/Coal mines,Crude oil,ESTO,1,1,1,0,0,lossless_without_override
leap_to_esto,BOTH,LEAP,Other loss and own use/Coal mines,Electricity,ESTO,1,1,1,0,0,lossless_without_override
leap_to_esto,BOTH,LEAP,Other loss and own use/Coal mines,Fuel oil,ESTO,1,2,1,0,1,extra_factorised_targets
leap_to_esto,BOTH,LEAP,Other loss and own use/Coal mines,Gas and diesel oil,ESTO,1,2,1,0,1,extra_factorised_targets
leap_to_esto,BOTH,LEAP,Other loss and own use/Coal mines,Gas works gas,ESTO,1,2,1,0,1,extra_factorised_targets
leap_to_esto,BOTH,LEAP,Other loss and own use/Coal mines,Heat,ESTO,1,2,1,0,1,extra_factorised_targets
leap_to_esto,BOTH,LEAP,Other loss and own use/Coal mines,Kerosene,ESTO,1,1,1,0,0,lossless_without_override
leap_to_esto,BOTH,LEAP,Other loss and own use/Coal mines,LPG,ESTO,1,2,1,0,1,extra_factorised_targets
leap_to_esto,BOTH,LEAP,Other loss and own use/Coal mines,Lignite,ESTO,1,2,1,0,1,extra_factorised_targets
leap_to_esto,BOTH,LEAP,Other loss and own use/Coal mines,Motor gasoline,ESTO,1,2,1,0,1,extra_factorised_targets
leap_to_esto,BOTH,LEAP,Other loss and own use/Coal mines,Naphtha,ESTO,1,1,1,0,0,lossless_without_override
leap_to_esto,BOTH,LEAP,Other loss and own use/Coal mines,Natural gas,ESTO,1,2,1,0,1,extra_factorised_targets
leap_to_esto,BOTH,LEAP,Other loss and own use/Coal mines,Other bituminous coal,ESTO,1,1,1,0,0,lossless_without_override
leap_to_esto,BOTH,LEAP,Other loss and own use/Coal mines,Other products,ESTO,1,1,1,0,0,lossless_without_override
leap_to_esto,BOTH,LEAP,Other loss and own use/Coal mines,Sub bituminous coal,ESTO,1,2,1,0,1,extra_factorised_targets
leap_to_esto,BOTH,LEAP,Other loss and own use/Electricity CHP and heat plants,Biodiesel,ESTO,1,1,1,0,0,lossless_without_override
leap_to_esto,BOTH,LEAP,Other loss and own use/Electricity CHP and heat plants,Biogas,ESTO,1,2,1,0,1,extra_factorised_targets
leap_to_esto,BOTH,LEAP,Other loss and own use/Electricity CHP and heat plants,Coal tar,ESTO,1,1,1,0,0,lossless_without_override
leap_to_esto,BOTH,LEAP,Other loss and own use/Electricity CHP and heat plants,Coke oven coke,ESTO,1,2,1,0,1,extra_factorised_targets
leap_to_esto,BOTH,LEAP,Other loss and own use/Electricity CHP and heat plants,Coke oven gas,ESTO,1,2,1,0,1,extra_factorised_targets
leap_to_esto,BOTH,LEAP,Other loss and own use/Electricity CHP and heat plants,Crude oil,ESTO,1,1,1,0,0,lossless_without_override
leap_to_esto,BOTH,LEAP,Other loss and own use/Electricity CHP and heat plants,Electricity,ESTO,1,1,1,0,0,lossless_without_override
leap_to_esto,BOTH,LEAP,Other loss and own use/Electricity CHP and heat plants,Fuel oil,ESTO,1,2,1,0,1,extra_factorised_targets
leap_to_esto,BOTH,LEAP,Other loss and own use/Electricity CHP and heat plants,Gas and diesel oil,ESTO,1,2,1,0,1,extra_factorised_targets
leap_to_esto,BOTH,LEAP,Other loss and own use/Electricity CHP and heat plants,Heat,ESTO,1,2,1,0,1,extra_factorised_targets
leap_to_esto,BOTH,LEAP,Other loss and own use/Electricity CHP and heat plants,Kerosene,ESTO,1,2,1,0,1,extra_factorised_targets
leap_to_esto,BOTH,LEAP,Other loss and own use/Electricity CHP and heat plants,LPG,ESTO,1,2,1,0,1,extra_factorised_targets
leap_to_esto,BOTH,LEAP,Other loss and own use/Electricity CHP and heat plants,Motor gasoline,ESTO,1,2,1,0,1,extra_factorised_targets
leap_to_esto,BOTH,LEAP,Other loss and own use/Electricity CHP and heat plants,Natural gas,ESTO,1,2,1,0,1,extra_factorised_targets
leap_to_esto,BOTH,LEAP,Other loss and own use/Electricity CHP and heat plants,Other biomass,ESTO,1,1,1,0,0,lossless_without_override
leap_to_esto,BOTH,LEAP,Other loss and own use/Electricity CHP and heat plants,Other bituminous coal,ESTO,1,1,1,0,0,lossless_without_override
leap_to_esto,BOTH,LEAP,Other loss and own use/Electricity CHP and heat plants,Other products,ESTO,1,1,1,0,0,lossless_without_override
leap_to_esto,BOTH,LEAP,Other loss and own use/Electricity CHP and heat plants,Peat,ESTO,1,2,1,0,1,extra_factorised_targets
leap_to_esto,BOTH,LEAP,Other loss and own use/Electricity CHP and heat plants,Peat products,ESTO,1,2,1,0,1,extra_factorised_targets
leap_to_esto,BOTH,LEAP,Other loss and own use/Electricity CHP and heat plants,Petroleum coke,ESTO,1,1,1,0,0,lossless_without_override
leap_to_esto,BOTH,LEAP,Other loss and own use/Electricity CHP and heat plants,Refinery gas not liquefied,ESTO,1,1,1,0,0,lossless_without_override
leap_to_esto,BOTH,LEAP,Other loss and own use/Liquefaction and regasification plants,Electricity,ESTO,1,1,1,0,0,lossless_without_override
leap_to_esto,BOTH,LEAP,Other loss and own use/Liquefaction and regasification plants,Natural gas,ESTO,1,1,1,0,0,lossless_without_override
leap_to_esto,BOTH,LEAP,Other loss and own use/Non specified own uses,Biogas,ESTO,1,1,0,1,1,missing_and_extra_targets
leap_to_esto,BOTH,LEAP,Other loss and own use/Non specified own uses,Biogasoline,ESTO,1,1,1,0,0,lossless_without_override
leap_to_esto,BOTH,LEAP,Other loss and own use/Non specified own uses,Electricity,ESTO,1,1,1,0,0,lossless_without_override
leap_to_esto,BOTH,LEAP,Other loss and own use/Non specified own uses,Ethane,ESTO,1,0,0,1,0,missing_current_targets
leap_to_esto,BOTH,LEAP,Other loss and own use/Non specified own uses,Fuel oil,ESTO,1,2,1,0,1,extra_factorised_targets
leap_to_esto,BOTH,LEAP,Other loss and own use/Non specified own uses,Gas and diesel oil,ESTO,1,2,1,0,1,extra_factorised_targets
leap_to_esto,BOTH,LEAP,Other loss and own use/Non specified own uses,Heat,ESTO,1,2,1,0,1,extra_factorised_targets
leap_to_esto,BOTH,LEAP,Other loss and own use/Non specified own uses,Kerosene,ESTO,1,1,1,0,0,lossless_without_override
leap_to_esto,BOTH,LEAP,Other loss and own use/Non specified own uses,LPG,ESTO,1,2,1,0,1,extra_factorised_targets
leap_to_esto,BOTH,LEAP,Other loss and own use/Non specified own uses,Motor gasoline,ESTO,1,2,1,0,1,extra_factorised_targets
leap_to_esto,BOTH,LEAP,Other loss and own use/Non specified own uses,Natural gas,ESTO,1,2,1,0,1,extra_factorised_targets
leap_to_esto,BOTH,LEAP,Other loss and own use/Non specified own uses,Natural gas liquids,ESTO,1,0,0,1,0,missing_current_targets
leap_to_esto,BOTH,LEAP,Other loss and own use/Non specified own uses,Other biomass,ESTO,1,1,1,0,0,lossless_without_override
leap_to_esto,BOTH,LEAP,Other loss and own use/Non specified own uses,Other bituminous coal,ESTO,1,1,1,0,0,lossless_without_override
leap_to_esto,BOTH,LEAP,Other loss and own use/Non specified own uses,Other hydrocarbons,ESTO,1,0,0,1,0,missing_current_targets
leap_to_esto,BOTH,LEAP,Other loss and own use/Non specified own uses,Other products,ESTO,1,1,1,0,0,lossless_without_override
leap_to_esto,BOTH,LEAP,Other loss and own use/Oil and gas extraction,Biodiesel,ESTO,1,1,1,0,0,lossless_without_override
leap_to_esto,BOTH,LEAP,Other loss and own use/Oil and gas extraction,Crude oil,ESTO,1,1,1,0,0,lossless_without_override
leap_to_esto,BOTH,LEAP,Other loss and own use/Oil and gas extraction,Electricity,ESTO,1,1,1,0,0,lossless_without_override
leap_to_esto,BOTH,LEAP,Other loss and own use/Oil and gas extraction,Ethane,ESTO,1,1,1,0,0,lossless_without_override
leap_to_esto,BOTH,LEAP,Other loss and own use/Oil and gas extraction,Fuel oil,ESTO,1,2,1,0,1,extra_factorised_targets
leap_to_esto,BOTH,LEAP,Other loss and own use/Oil and gas extraction,Gas and diesel oil,ESTO,1,2,1,0,1,extra_factorised_targets
leap_to_esto,BOTH,LEAP,Other loss and own use/Oil and gas extraction,Heat,ESTO,1,2,1,0,1,extra_factorised_targets
leap_to_esto,BOTH,LEAP,Other loss and own use/Oil and gas extraction,Kerosene,ESTO,1,2,1,0,1,extra_factorised_targets
leap_to_esto,BOTH,LEAP,Other loss and own use/Oil and gas extraction,LPG,ESTO,1,2,1,0,1,extra_factorised_targets
leap_to_esto,BOTH,LEAP,Other loss and own use/Oil and gas extraction,Motor gasoline,ESTO,1,2,1,0,1,extra_factorised_targets
leap_to_esto,BOTH,LEAP,Other loss and own use/Oil and gas extraction,Natural gas,ESTO,1,2,1,0,1,extra_factorised_targets
leap_to_esto,BOTH,LEAP,Other loss and own use/Oil and gas extraction,Other bituminous coal,ESTO,1,1,1,0,0,lossless_without_override
leap_to_esto,BOTH,LEAP,Other loss and own use/Oil and gas extraction,Other products,ESTO,1,1,1,0,0,lossless_without_override
leap_to_esto,BOTH,LEAP,Other loss and own use/Oil and gas extraction,Petroleum coke,ESTO,1,1,1,0,0,lossless_without_override
leap_to_esto,BOTH,LEAP,Other loss and own use/Oil and gas extraction,Refinery gas not liquefied,ESTO,1,1,1,0,0,lossless_without_override
leap_to_esto,BOTH,LEAP,Other loss and own use/Oil refineries,Coke oven coke,ESTO,1,1,1,0,0,lossless_without_override
leap_to_esto,BOTH,LEAP,Other loss and own use/Oil refineries,Gas works gas,ESTO,1,1,0,1,1,missing_and_extra_targets
leap_to_esto,BOTH,LEAP,Other loss and own use/Oil refineries,Natural gas liquids,ESTO,1,0,0,1,0,missing_current_targets
leap_to_esto,BOTH,LEAP,Other loss and own use/Oil refineries,Other biomass,ESTO,1,1,1,0,0,lossless_without_override
leap_to_esto,BOTH,LEAP,Other loss and own use/Pump storage plants,Electricity,ESTO,1,1,1,0,0,lossless_without_override
leap_to_esto,BOTH,LEAP,Other loss and own use/Transmission and distribution loss,Blast furnace gas,ESTO,1,2,1,0,1,extra_factorised_targets
leap_to_esto,BOTH,LEAP,Other loss and own use/Transmission and distribution loss,Coke oven coke,ESTO,1,2,1,0,1,extra_factorised_targets
leap_to_esto,BOTH,LEAP,Other loss and own use/Transmission and distribution loss,Coke oven gas,ESTO,1,2,1,0,1,extra_factorised_targets
leap_to_esto,BOTH,LEAP,Other loss and own use/Transmission and distribution loss,Crude oil,ESTO,1,1,1,0,0,lossless_without_override
leap_to_esto,BOTH,LEAP,Other loss and own use/Transmission and distribution loss,Electricity,ESTO,1,1,1,0,0,lossless_without_override
leap_to_esto,BOTH,LEAP,Other loss and own use/Transmission and distribution loss,Heat,ESTO,1,2,1,0,1,extra_factorised_targets
leap_to_esto,BOTH,LEAP,Other loss and own use/Transmission and distribution loss,LNG,ESTO,1,1,1,0,0,lossless_without_override
leap_to_esto,BOTH,LEAP,Other loss and own use/Transmission and distribution loss,LPG,ESTO,1,2,1,0,1,extra_factorised_targets
leap_to_esto,BOTH,LEAP,Other loss and own use/Transmission and distribution loss,Natural gas,ESTO,1,2,1,0,1,extra_factorised_targets
leap_to_esto,BOTH,LEAP,Other loss and own use/Transmission and distribution loss,Other recovered gases,ESTO,1,2,1,0,1,extra_factorised_targets
leap_to_esto,BOTH,LEAP,Other sector,Anthracite,ESTO,1,0,0,1,0,missing_current_targets
leap_to_esto,BOTH,LEAP,Other sector,Aviation gasoline,ESTO,1,0,0,1,0,missing_current_targets
leap_to_esto,BOTH,LEAP,Other sector,BKB and PB,ESTO,1,0,0,1,0,missing_current_targets
leap_to_esto,BOTH,LEAP,Other sector,Biodiesel,ESTO,1,0,0,1,0,missing_current_targets
leap_to_esto,BOTH,LEAP,Other sector,Biogas,ESTO,1,0,0,1,0,missing_current_targets
leap_to_esto,BOTH,LEAP,Other sector,Biogasoline,ESTO,1,0,0,1,0,missing_current_targets
leap_to_esto,BOTH,LEAP,Other sector,Blast furnace gas,ESTO,1,0,0,1,0,missing_current_targets
leap_to_esto,BOTH,LEAP,Other sector,Charcoal,ESTO,1,0,0,1,0,missing_current_targets
leap_to_esto,BOTH,LEAP,Other sector,Coal tar,ESTO,1,0,0,1,0,missing_current_targets
leap_to_esto,BOTH,LEAP,Other sector,Coke oven coke,ESTO,1,0,0,1,0,missing_current_targets
leap_to_esto,BOTH,LEAP,Other sector,Coke oven gas,ESTO,1,0,0,1,0,missing_current_targets
leap_to_esto,BOTH,LEAP,Other sector,Crude oil,ESTO,1,0,0,1,0,missing_current_targets
leap_to_esto,BOTH,LEAP,Other sector,Electricity,ESTO,1,0,0,1,0,missing_current_targets
leap_to_esto,BOTH,LEAP,Other sector,Fuel oil,ESTO,1,0,0,1,0,missing_current_targets
leap_to_esto,BOTH,LEAP,Other sector,Fuelwood and woodwaste,ESTO,1,0,0,1,0,missing_current_targets
leap_to_esto,BOTH,LEAP,Other sector,Gas and diesel oil,ESTO,1,0,0,1,0,missing_current_targets
leap_to_esto,BOTH,LEAP,Other sector,Gas works gas,ESTO,1,0,0,1,0,missing_current_targets
leap_to_esto,BOTH,LEAP,Other sector,Geothermal,ESTO,1,0,0,1,0,missing_current_targets
leap_to_esto,BOTH,LEAP,Other sector,Heat,ESTO,1,0,0,1,0,missing_current_targets
leap_to_esto,BOTH,LEAP,Other sector,Hydrogen,ESTO,1,0,0,1,0,missing_current_targets
leap_to_esto,BOTH,LEAP,Other sector,Industrial waste,ESTO,1,0,0,1,0,missing_current_targets
leap_to_esto,BOTH,LEAP,Other sector,Kerosene,ESTO,1,0,0,1,0,missing_current_targets
leap_to_esto,BOTH,LEAP,Other sector,Kerosene type jet fuel,ESTO,1,0,0,1,0,missing_current_targets
leap_to_esto,BOTH,LEAP,Other sector,LPG,ESTO,1,0,0,1,0,missing_current_targets
leap_to_esto,BOTH,LEAP,Other sector,Lignite,ESTO,1,0,0,1,0,missing_current_targets
leap_to_esto,BOTH,LEAP,Other sector,Lubricants,ESTO,1,0,0,1,0,missing_current_targets
leap_to_esto,BOTH,LEAP,Other sector,Motor gasoline,ESTO,1,0,0,1,0,missing_current_targets
leap_to_esto,BOTH,LEAP,Other sector,Municipal solid waste non renewable,ESTO,1,0,0,1,0,missing_current_targets
leap_to_esto,BOTH,LEAP,Other sector,Municipal solid waste renewable,ESTO,1,0,0,1,0,missing_current_targets
leap_to_esto,BOTH,LEAP,Other sector,Natural gas,ESTO,1,0,0,1,0,missing_current_targets
leap_to_esto,BOTH,LEAP,Other sector,Other biomass,ESTO,1,0,0,1,0,missing_current_targets
leap_to_esto,BOTH,LEAP,Other sector,Other bituminous coal,ESTO,1,0,0,1,0,missing_current_targets
leap_to_esto,BOTH,LEAP,Other sector,Other liquid biofuels,ESTO,1,0,0,1,0,missing_current_targets
leap_to_esto,BOTH,LEAP,Other sector,Other products,ESTO,1,0,0,1,0,missing_current_targets
leap_to_esto,BOTH,LEAP,Other sector,Other recovered gases,ESTO,1,0,0,1,0,missing_current_targets
leap_to_esto,BOTH,LEAP,Other sector,Other sources,ESTO,1,0,0,1,0,missing_current_targets
leap_to_esto,BOTH,LEAP,Other sector,Patent fuel,ESTO,1,0,0,1,0,missing_current_targets
leap_to_esto,BOTH,LEAP,Other sector,Solar nonspecified,ESTO,1,0,0,1,0,missing_current_targets
leap_to_esto,BOTH,LEAP,Other sector,Sub bituminous coal,ESTO,1,0,0,1,0,missing_current_targets
leap_to_esto,BOTH,LEAP,Other sector/Agriculture,Anthracite,ESTO,1,2,1,0,1,extra_factorised_targets
leap_to_esto,BOTH,LEAP,Other sector/Agriculture,Aviation gasoline,ESTO,1,2,1,0,1,extra_factorised_targets
leap_to_esto,BOTH,LEAP,Other sector/Agriculture,BKB and PB,ESTO,1,1,1,0,0,lossless_without_override
leap_to_esto,BOTH,LEAP,Other sector/Agriculture,Biodiesel,ESTO,1,2,1,0,1,extra_factorised_targets
leap_to_esto,BOTH,LEAP,Other sector/Agriculture,Biogas,ESTO,1,2,1,0,1,extra_factorised_targets
leap_to_esto,BOTH,LEAP,Other sector/Agriculture,Biogasoline,ESTO,1,2,1,0,1,extra_factorised_targets
leap_to_esto,BOTH,LEAP,Other sector/Agriculture,Blast furnace gas,ESTO,1,0,0,1,0,missing_current_targets
leap_to_esto,BOTH,LEAP,Other sector/Agriculture,Charcoal,ESTO,1,2,1,0,1,extra_factorised_targets
leap_to_esto,BOTH,LEAP,Other sector/Agriculture,Coal tar,ESTO,1,1,0,1,1,missing_and_extra_targets
leap_to_esto,BOTH,LEAP,Other sector/Agriculture,Coke oven coke,ESTO,1,2,1,0,1,extra_factorised_targets
leap_to_esto,BOTH,LEAP,Other sector/Agriculture,Coke oven gas,ESTO,1,1,0,1,1,missing_and_extra_targets
leap_to_esto,BOTH,LEAP,Other sector/Agriculture,Crude oil,ESTO,1,1,1,0,0,lossless_without_override
leap_to_esto,BOTH,LEAP,Other sector/Agriculture,Electricity,ESTO,1,1,1,0,0,lossless_without_override
leap_to_esto,BOTH,LEAP,Other sector/Agriculture,Fuel oil,ESTO,1,2,1,0,1,extra_factorised_targets
leap_to_esto,BOTH,LEAP,Other sector/Agriculture,Fuelwood and woodwaste,ESTO,1,1,1,0,0,lossless_without_override
leap_to_esto,BOTH,LEAP,Other sector/Agriculture,Gas and diesel oil,ESTO,1,2,1,0,1,extra_factorised_targets
leap_to_esto,BOTH,LEAP,Other sector/Agriculture,Gas works gas,ESTO,1,1,0,1,1,missing_and_extra_targets
leap_to_esto,BOTH,LEAP,Other sector/Agriculture,Geothermal,ESTO,1,1,1,0,0,lossless_without_override
leap_to_esto,BOTH,LEAP,Other sector/Agriculture,Heat,ESTO,1,2,1,0,1,extra_factorised_targets
leap_to_esto,BOTH,LEAP,Other sector/Agriculture,Hydrogen,ESTO,1,1,0,1,1,missing_and_extra_targets
leap_to_esto,BOTH,LEAP,Other sector/Agriculture,Industrial waste,ESTO,1,2,1,0,1,extra_factorised_targets
leap_to_esto,BOTH,LEAP,Other sector/Agriculture,Kerosene,ESTO,1,1,1,0,0,lossless_without_override
leap_to_esto,BOTH,LEAP,Other sector/Agriculture,Kerosene type jet fuel,ESTO,1,1,0,1,1,missing_and_extra_targets
leap_to_esto,BOTH,LEAP,Other sector/Agriculture,LPG,ESTO,1,2,1,0,1,extra_factorised_targets
leap_to_esto,BOTH,LEAP,Other sector/Agriculture,Lignite,ESTO,1,2,1,0,1,extra_factorised_targets
leap_to_esto,BOTH,LEAP,Other sector/Agriculture,Lubricants,ESTO,1,1,1,0,0,lossless_without_override
leap_to_esto,BOTH,LEAP,Other sector/Agriculture,Motor gasoline,ESTO,1,2,1,0,1,extra_factorised_targets
leap_to_esto,BOTH,LEAP,Other sector/Agriculture,Municipal solid waste non renewable,ESTO,1,2,1,0,1,extra_factorised_targets
leap_to_esto,BOTH,LEAP,Other sector/Agriculture,Municipal solid waste renewable,ESTO,1,2,1,0,1,extra_factorised_targets
leap_to_esto,BOTH,LEAP,Other sector/Agriculture,Natural gas,ESTO,1,2,1,0,1,extra_factorised_targets
leap_to_esto,BOTH,LEAP,Other sector/Agriculture,Other biomass,ESTO,1,2,1,0,1,extra_factorised_targets
leap_to_esto,BOTH,LEAP,Other sector/Agriculture,Other bituminous coal,ESTO,1,1,1,0,0,lossless_without_override
leap_to_esto,BOTH,LEAP,Other sector/Agriculture,Other liquid biofuels,ESTO,1,0,0,1,0,missing_current_targets
leap_to_esto,BOTH,LEAP,Other sector/Agriculture,Other recovered gases,ESTO,1,0,0,1,0,missing_current_targets
leap_to_esto,BOTH,LEAP,Other sector/Agriculture,Other sources,ESTO,1,0,0,1,0,missing_current_targets
leap_to_esto,BOTH,LEAP,Other sector/Agriculture,Patent fuel,ESTO,1,1,1,0,0,lossless_without_override
leap_to_esto,BOTH,LEAP,Other sector/Agriculture,Solar nonspecified,ESTO,1,1,0,1,1,missing_and_extra_targets
leap_to_esto,BOTH,LEAP,Other sector/Agriculture,Sub bituminous coal,ESTO,1,2,1,0,1,extra_factorised_targets
leap_to_esto,BOTH,LEAP,Other sector/Fishing,Anthracite,ESTO,1,1,0,1,1,missing_and_extra_targets
leap_to_esto,BOTH,LEAP,Other sector/Fishing,Aviation gasoline,ESTO,1,1,0,1,1,missing_and_extra_targets
leap_to_esto,BOTH,LEAP,Other sector/Fishing,BKB and PB,ESTO,1,0,0,1,0,missing_current_targets
leap_to_esto,BOTH,LEAP,Other sector/Fishing,Biodiesel,ESTO,1,2,1,0,1,extra_factorised_targets
leap_to_esto,BOTH,LEAP,Other sector/Fishing,Biogas,ESTO,1,1,0,1,1,missing_and_extra_targets
leap_to_esto,BOTH,LEAP,Other sector/Fishing,Biogasoline,ESTO,1,1,1,0,0,lossless_without_override
leap_to_esto,BOTH,LEAP,Other sector/Fishing,Blast furnace gas,ESTO,1,0,0,1,0,missing_current_targets
leap_to_esto,BOTH,LEAP,Other sector/Fishing,Charcoal,ESTO,1,2,1,0,1,extra_factorised_targets
leap_to_esto,BOTH,LEAP,Other sector/Fishing,Coal tar,ESTO,1,0,0,1,0,missing_current_targets
leap_to_esto,BOTH,LEAP,Other sector/Fishing,Coke oven coke,ESTO,1,1,0,1,1,missing_and_extra_targets
leap_to_esto,BOTH,LEAP,Other sector/Fishing,Coke oven gas,ESTO,1,0,0,1,0,missing_current_targets
leap_to_esto,BOTH,LEAP,Other sector/Fishing,Electricity,ESTO,1,1,1,0,0,lossless_without_override
leap_to_esto,BOTH,LEAP,Other sector/Fishing,Fuel oil,ESTO,1,2,1,0,1,extra_factorised_targets
leap_to_esto,BOTH,LEAP,Other sector/Fishing,Fuelwood and woodwaste,ESTO,1,1,1,0,0,lossless_without_override
leap_to_esto,BOTH,LEAP,Other sector/Fishing,Gas and diesel oil,ESTO,1,2,1,0,1,extra_factorised_targets
leap_to_esto,BOTH,LEAP,Other sector/Fishing,Gas works gas,ESTO,1,1,0,1,1,missing_and_extra_targets
leap_to_esto,BOTH,LEAP,Other sector/Fishing,Geothermal,ESTO,1,1,1,0,0,lossless_without_override
leap_to_esto,BOTH,LEAP,Other sector/Fishing,Heat,ESTO,1,2,1,0,1,extra_factorised_targets
leap_to_esto,BOTH,LEAP,Other sector/Fishing,Hydrogen,ESTO,1,1,0,1,1,missing_and_extra_targets
leap_to_esto,BOTH,LEAP,Other sector/Fishing,Industrial waste,ESTO,1,0,0,1,0,missing_current_targets
leap_to_esto,BOTH,LEAP,Other sector/Fishing,Kerosene,ESTO,1,2,1,0,1,extra_factorised_targets
leap_to_esto,BOTH,LEAP,Other sector/Fishing,Kerosene type jet fuel,ESTO,1,1,1,0,0,lossless_without_override
leap_to_esto,BOTH,LEAP,Other sector/Fishing,LPG,ESTO,1,2,1,0,1,extra_factorised_targets
leap_to_esto,BOTH,LEAP,Other sector/Fishing,Lignite,ESTO,1,1,1,0,0,lossless_without_override
leap_to_esto,BOTH,LEAP,Other sector/Fishing,Lubricants,ESTO,1,1,1,0,0,lossless_without_override
leap_to_esto,BOTH,LEAP,Other sector/Fishing,Motor gasoline,ESTO,1,1,1,0,0,lossless_without_override
leap_to_esto,BOTH,LEAP,Other sector/Fishing,Municipal solid waste non renewable,ESTO,1,0,0,1,0,missing_current_targets
leap_to_esto,BOTH,LEAP,Other sector/Fishing,Municipal solid waste renewable,ESTO,1,0,0,1,0,missing_current_targets
leap_to_esto,BOTH,LEAP,Other sector/Fishing,Natural gas,ESTO,1,2,1,0,1,extra_factorised_targets
leap_to_esto,BOTH,LEAP,Other sector/Fishing,Other biomass,ESTO,1,2,1,0,1,extra_factorised_targets
leap_to_esto,BOTH,LEAP,Other sector/Fishing,Other bituminous coal,ESTO,1,1,1,0,0,lossless_without_override
leap_to_esto,BOTH,LEAP,Other sector/Fishing,Other liquid biofuels,ESTO,1,0,0,1,0,missing_current_targets
leap_to_esto,BOTH,LEAP,Other sector/Fishing,Other recovered gases,ESTO,1,0,0,1,0,missing_current_targets
leap_to_esto,BOTH,LEAP,Other sector/Fishing,Other sources,ESTO,1,0,0,1,0,missing_current_targets
leap_to_esto,BOTH,LEAP,Other sector/Fishing,Patent fuel,ESTO,1,0,0,1,0,missing_current_targets
leap_to_esto,BOTH,LEAP,Other sector/Fishing,Solar nonspecified,ESTO,1,1,0,1,1,missing_and_extra_targets
leap_to_esto,BOTH,LEAP,Other sector/Fishing,Sub bituminous coal,ESTO,1,2,1,0,1,extra_factorised_targets
leap_to_esto,BOTH,LEAP,Other sector/Non specified others,Aviation gasoline,ESTO,1,2,1,0,1,extra_factorised_targets
leap_to_esto,BOTH,LEAP,Other sector/Non specified others,BKB and PB,ESTO,1,1,1,0,0,lossless_without_override
leap_to_esto,BOTH,LEAP,Other sector/Non specified others,Biodiesel,ESTO,1,2,1,0,1,extra_factorised_targets
leap_to_esto,BOTH,LEAP,Other sector/Non specified others,Biogas,ESTO,1,2,1,0,1,extra_factorised_targets
leap_to_esto,BOTH,LEAP,Other sector/Non specified others,Biogasoline,ESTO,1,2,1,0,1,extra_factorised_targets
leap_to_esto,BOTH,LEAP,Other sector/Non specified others,Coke oven coke,ESTO,1,2,1,0,1,extra_factorised_targets
leap_to_esto,BOTH,LEAP,Other sector/Non specified others,Coke oven gas,ESTO,1,2,1,0,1,extra_factorised_targets
leap_to_esto,BOTH,LEAP,Other sector/Non specified others,Crude oil,ESTO,1,1,1,0,0,lossless_without_override
leap_to_esto,BOTH,LEAP,Other sector/Non specified others,Electricity,ESTO,1,1,1,0,0,lossless_without_override
leap_to_esto,BOTH,LEAP,Other sector/Non specified others,Fuel oil,ESTO,1,2,1,0,1,extra_factorised_targets
leap_to_esto,BOTH,LEAP,Other sector/Non specified others,Gas and diesel oil,ESTO,1,2,1,0,1,extra_factorised_targets
leap_to_esto,BOTH,LEAP,Other sector/Non specified others,Geothermal,ESTO,1,2,1,0,1,extra_factorised_targets
leap_to_esto,BOTH,LEAP,Other sector/Non specified others,Heat,ESTO,1,2,1,0,1,extra_factorised_targets
leap_to_esto,BOTH,LEAP,Other sector/Non specified others,Industrial waste,ESTO,1,2,1,0,1,extra_factorised_targets
leap_to_esto,BOTH,LEAP,Other sector/Non specified others,Kerosene,ESTO,1,2,1,0,1,extra_factorised_targets
leap_to_esto,BOTH,LEAP,Other sector/Non specified others,Kerosene type jet fuel,ESTO,1,2,1,0,1,extra_factorised_targets
leap_to_esto,BOTH,LEAP,Other sector/Non specified others,LPG,ESTO,1,2,1,0,1,extra_factorised_targets
leap_to_esto,BOTH,LEAP,Other sector/Non specified others,Motor gasoline,ESTO,1,2,1,0,1,extra_factorised_targets
leap_to_esto,BOTH,LEAP,Other sector/Non specified others,Natural gas,ESTO,1,2,1,0,1,extra_factorised_targets
leap_to_esto,BOTH,LEAP,Other sector/Non specified others,Other biomass,ESTO,1,1,1,0,0,lossless_without_override
leap_to_esto,BOTH,LEAP,Other sector/Non specified others,Other bituminous coal,ESTO,1,1,1,0,0,lossless_without_override
leap_to_esto,BOTH,LEAP,Other sector/Non specified others,Other liquid biofuels,ESTO,1,0,0,1,0,missing_current_targets
leap_to_esto,BOTH,LEAP,Other sector/Non specified others,Other products,ESTO,1,1,1,0,0,lossless_without_override
leap_to_esto,BOTH,LEAP,Other sector/Non specified others,Other sources,ESTO,1,0,0,1,0,missing_current_targets
leap_to_esto,BOTH,LEAP,Other sector/Non specified others,Solar nonspecified,ESTO,1,2,1,0,1,extra_factorised_targets
leap_to_esto,BOTH,LEAP,Patent fuel plants/Patent fuel plants,Anthracite,ESTO,1,1,1,0,0,lossless_without_override
leap_to_esto,BOTH,LEAP,Patent fuel plants/Patent fuel plants,BKB and PB,ESTO,1,0,0,1,0,missing_current_targets
leap_to_esto,BOTH,LEAP,Patent fuel plants/Patent fuel plants,Blast furnace gas,ESTO,1,0,0,1,0,missing_current_targets
leap_to_esto,BOTH,LEAP,Patent fuel plants/Patent fuel plants,Coal tar,ESTO,1,1,0,1,1,missing_and_extra_targets
leap_to_esto,BOTH,LEAP,Patent fuel plants/Patent fuel plants,Coke oven coke,ESTO,1,0,0,1,0,missing_current_targets
leap_to_esto,BOTH,LEAP,Patent fuel plants/Patent fuel plants,Coke oven gas,ESTO,1,0,0,1,0,missing_current_targets
leap_to_esto,BOTH,LEAP,Patent fuel plants/Patent fuel plants,Coking coal,ESTO,1,1,1,0,0,lossless_without_override
leap_to_esto,BOTH,LEAP,Patent fuel plants/Patent fuel plants,Electricity,ESTO,1,0,0,1,0,missing_current_targets
leap_to_esto,BOTH,LEAP,Patent fuel plants/Patent fuel plants,Fuel oil,ESTO,1,0,0,1,0,missing_current_targets
leap_to_esto,BOTH,LEAP,Patent fuel plants/Patent fuel plants,Gas and diesel oil,ESTO,1,0,0,1,0,missing_current_targets
leap_to_esto,BOTH,LEAP,Patent fuel plants/Patent fuel plants,Industrial waste,ESTO,1,0,0,1,0,missing_current_targets
leap_to_esto,BOTH,LEAP,Patent fuel plants/Patent fuel plants,Kerosene,ESTO,1,0,0,1,0,missing_current_targets
leap_to_esto,BOTH,LEAP,Patent fuel plants/Patent fuel plants,LPG,ESTO,1,0,0,1,0,missing_current_targets
leap_to_esto,BOTH,LEAP,Patent fuel plants/Patent fuel plants,Natural gas,ESTO,1,0,0,1,0,missing_current_targets
leap_to_esto,BOTH,LEAP,Patent fuel plants/Patent fuel plants,Other bituminous coal,ESTO,1,1,1,0,0,lossless_without_override
leap_to_esto,BOTH,LEAP,Patent fuel plants/Patent fuel plants,Other products,ESTO,1,0,0,1,0,missing_current_targets
leap_to_esto,BOTH,LEAP,Patent fuel plants/Patent fuel plants,Other recovered gases,ESTO,1,0,0,1,0,missing_current_targets
leap_to_esto,BOTH,LEAP,Patent fuel plants/Patent fuel plants,Patent fuel,ESTO,1,1,1,0,0,lossless_without_override
leap_to_esto,BOTH,LEAP,Patent fuel plants/Patent fuel plants,Peat,ESTO,1,0,0,1,0,missing_current_targets
leap_to_esto,BOTH,LEAP,Patent fuel plants/Patent fuel plants,Peat products,ESTO,1,0,0,1,0,missing_current_targets
leap_to_esto,BOTH,LEAP,Patent fuel plants/Patent fuel plants,Petroleum coke,ESTO,1,0,0,1,0,missing_current_targets
leap_to_esto,BOTH,LEAP,Patent fuel plants/Patent fuel plants,Sub bituminous coal,ESTO,1,1,0,1,1,missing_and_extra_targets
leap_to_esto,BOTH,LEAP,Petrochemical industry/Petrochemical industry,Additives and oxygenates,ESTO,1,0,0,1,0,missing_current_targets
leap_to_esto,BOTH,LEAP,Petrochemical industry/Petrochemical industry,LPG,ESTO,1,2,1,0,1,extra_factorised_targets
leap_to_esto,BOTH,LEAP,Petrochemical industry/Petrochemical industry,Naphtha,ESTO,1,1,1,0,0,lossless_without_override
leap_to_esto,BOTH,LEAP,Petrochemical industry/Petrochemical industry,Other products,ESTO,1,1,1,0,0,lossless_without_override
leap_to_esto,BOTH,LEAP,Petrochemical industry/Petrochemical industry,Refinery feedstocks,ESTO,1,1,1,0,0,lossless_without_override
leap_to_esto,BOTH,LEAP,Petrochemical industry/Petrochemical industry,Refinery gas not liquefied,ESTO,1,1,1,0,0,lossless_without_override
leap_to_esto,BOTH,LEAP,Power,Ammonia,ESTO,1,0,0,1,0,missing_current_targets
leap_to_esto,BOTH,LEAP,Power,Anthracite,ESTO,1,0,0,1,0,missing_current_targets
leap_to_esto,BOTH,LEAP,Power,Bagasse,ESTO,1,0,0,1,0,missing_current_targets
leap_to_esto,BOTH,LEAP,Power,Biodiesel,ESTO,1,0,0,1,0,missing_current_targets
leap_to_esto,BOTH,LEAP,Power,Biogas,ESTO,1,0,0,1,0,missing_current_targets
leap_to_esto,BOTH,LEAP,Power,Bitumen,ESTO,1,0,0,1,0,missing_current_targets
leap_to_esto,BOTH,LEAP,Power,Black liquor,ESTO,1,0,0,1,0,missing_current_targets
leap_to_esto,BOTH,LEAP,Power,Blast furnace gas,ESTO,1,0,0,1,0,missing_current_targets
leap_to_esto,BOTH,LEAP,Power,Coke oven coke,ESTO,1,0,0,1,0,missing_current_targets
leap_to_esto,BOTH,LEAP,Power,Coke oven gas,ESTO,1,0,0,1,0,missing_current_targets
leap_to_esto,BOTH,LEAP,Power,Crude oil,ESTO,1,0,0,1,0,missing_current_targets
leap_to_esto,BOTH,LEAP,Power,Electricity,ESTO,1,0,0,1,0,missing_current_targets
leap_to_esto,BOTH,LEAP,Power,Fuel oil,ESTO,1,0,0,1,0,missing_current_targets
leap_to_esto,BOTH,LEAP,Power,Fuelwood and woodwaste,ESTO,1,0,0,1,0,missing_current_targets
leap_to_esto,BOTH,LEAP,Power,Gas and diesel oil,ESTO,1,0,0,1,0,missing_current_targets
leap_to_esto,BOTH,LEAP,Power,Gas works gas,ESTO,1,0,0,1,0,missing_current_targets
leap_to_esto,BOTH,LEAP,Power,Gasoline type jet fuel,ESTO,1,0,0,1,0,missing_current_targets
leap_to_esto,BOTH,LEAP,Power,Geothermal,ESTO,1,0,0,1,0,missing_current_targets
leap_to_esto,BOTH,LEAP,Power,Heat,ESTO,1,0,0,1,0,missing_current_targets
leap_to_esto,BOTH,LEAP,Power,Hydro,ESTO,1,0,0,1,0,missing_current_targets
leap_to_esto,BOTH,LEAP,Power,Hydrogen,ESTO,1,0,0,1,0,missing_current_targets
leap_to_esto,BOTH,LEAP,Power,Industrial waste,ESTO,1,0,0,1,0,missing_current_targets
leap_to_esto,BOTH,LEAP,Power,Kerosene,ESTO,1,0,0,1,0,missing_current_targets
leap_to_esto,BOTH,LEAP,Power,Kerosene type jet fuel,ESTO,1,0,0,1,0,missing_current_targets
leap_to_esto,BOTH,LEAP,Power,LNG,ESTO,1,0,0,1,0,missing_current_targets
leap_to_esto,BOTH,LEAP,Power,LPG,ESTO,1,0,0,1,0,missing_current_targets
leap_to_esto,BOTH,LEAP,Power,Lignite,ESTO,1,0,0,1,0,missing_current_targets
leap_to_esto,BOTH,LEAP,Power,Motor gasoline,ESTO,1,0,0,1,0,missing_current_targets
leap_to_esto,BOTH,LEAP,Power,Municipal solid waste non renewable,ESTO,1,0,0,1,0,missing_current_targets
leap_to_esto,BOTH,LEAP,Power,Municipal solid waste renewable,ESTO,1,0,0,1,0,missing_current_targets
leap_to_esto,BOTH,LEAP,Power,Naphtha,ESTO,1,0,0,1,0,missing_current_targets
leap_to_esto,BOTH,LEAP,Power,Natural gas,ESTO,1,0,0,1,0,missing_current_targets
leap_to_esto,BOTH,LEAP,Power,Natural gas liquids,ESTO,1,0,0,1,0,missing_current_targets
leap_to_esto,BOTH,LEAP,Power,Nuclear,ESTO,1,0,0,1,0,missing_current_targets
leap_to_esto,BOTH,LEAP,Power,Other biomass,ESTO,1,0,0,1,0,missing_current_targets
leap_to_esto,BOTH,LEAP,Power,Other bituminous coal,ESTO,1,0,0,1,0,missing_current_targets
leap_to_esto,BOTH,LEAP,Power,Other hydrocarbons,ESTO,1,0,0,1,0,missing_current_targets
leap_to_esto,BOTH,LEAP,Power,Other liquid biofuels,ESTO,1,0,0,1,0,missing_current_targets
leap_to_esto,BOTH,LEAP,Power,Other products,ESTO,1,0,0,1,0,missing_current_targets
leap_to_esto,BOTH,LEAP,Power,Other recovered gases,ESTO,1,0,0,1,0,missing_current_targets
leap_to_esto,BOTH,LEAP,Power,Other sources,ESTO,1,0,0,1,0,missing_current_targets
leap_to_esto,BOTH,LEAP,Power,Peat,ESTO,1,0,0,1,0,missing_current_targets
leap_to_esto,BOTH,LEAP,Power,Peat products,ESTO,1,0,0,1,0,missing_current_targets
leap_to_esto,BOTH,LEAP,Power,Petroleum coke,ESTO,1,0,0,1,0,missing_current_targets
leap_to_esto,BOTH,LEAP,Power,Refinery feedstocks,ESTO,1,0,0,1,0,missing_current_targets
leap_to_esto,BOTH,LEAP,Power,Refinery gas not liquefied,ESTO,1,0,0,1,0,missing_current_targets
leap_to_esto,BOTH,LEAP,Power,Solar nonspecified,ESTO,1,0,0,1,0,missing_current_targets
leap_to_esto,BOTH,LEAP,Power,Solar photovoltaics,ESTO,1,0,0,1,0,missing_current_targets
leap_to_esto,BOTH,LEAP,Power,Sub bituminous coal,ESTO,1,0,0,1,0,missing_current_targets
leap_to_esto,BOTH,LEAP,Power,Tide wave ocean,ESTO,1,0,0,1,0,missing_current_targets
leap_to_esto,BOTH,LEAP,Power,Wind,ESTO,1,0,0,1,0,missing_current_targets
leap_to_esto,BOTH,LEAP,Production,Additives and oxygenates,ESTO,1,1,1,0,0,lossless_without_override
leap_to_esto,BOTH,LEAP,Production,Ammonia,ESTO,1,0,0,1,0,missing_current_targets
leap_to_esto,BOTH,LEAP,Production,Anthracite,ESTO,1,2,1,0,1,extra_factorised_targets
leap_to_esto,BOTH,LEAP,Production,Aviation gasoline,ESTO,1,0,0,1,0,missing_current_targets
leap_to_esto,BOTH,LEAP,Production,BKB and PB,ESTO,1,0,0,1,0,missing_current_targets
leap_to_esto,BOTH,LEAP,Production,Bagasse,ESTO,1,1,1,0,0,lossless_without_override
leap_to_esto,BOTH,LEAP,Production,Bio jet kerosene,ESTO,1,0,0,1,0,missing_current_targets
leap_to_esto,BOTH,LEAP,Production,Biodiesel,ESTO,1,2,1,0,1,extra_factorised_targets
leap_to_esto,BOTH,LEAP,Production,Biogas,ESTO,1,2,1,0,1,extra_factorised_targets
leap_to_esto,BOTH,LEAP,Production,Biogasoline,ESTO,1,2,1,0,1,extra_factorised_targets
leap_to_esto,BOTH,LEAP,Production,Bitumen,ESTO,1,0,0,1,0,missing_current_targets
leap_to_esto,BOTH,LEAP,Production,Black liquor,ESTO,1,1,1,0,0,lossless_without_override
leap_to_esto,BOTH,LEAP,Production,Blast furnace gas,ESTO,1,0,0,1,0,missing_current_targets
leap_to_esto,BOTH,LEAP,Production,Charcoal,ESTO,1,1,0,1,1,missing_and_extra_targets
leap_to_esto,BOTH,LEAP,Production,Coal nonspecified,ESTO,1,0,0,1,0,missing_current_targets
leap_to_esto,BOTH,LEAP,Production,Coal tar,ESTO,1,0,0,1,0,missing_current_targets
leap_to_esto,BOTH,LEAP,Production,Coke oven coke,ESTO,1,1,0,1,1,missing_and_extra_targets
leap_to_esto,BOTH,LEAP,Production,Coke oven gas,ESTO,1,0,0,1,0,missing_current_targets
leap_to_esto,BOTH,LEAP,Production,Coking coal,ESTO,1,1,1,0,0,lossless_without_override
leap_to_esto,BOTH,LEAP,Production,Crude oil,ESTO,1,1,1,0,0,lossless_without_override
leap_to_esto,BOTH,LEAP,Production,Efuel,ESTO,1,0,0,1,0,missing_current_targets
leap_to_esto,BOTH,LEAP,Production,Electricity,ESTO,1,0,0,1,0,missing_current_targets
leap_to_esto,BOTH,LEAP,Production,Ethane,ESTO,1,0,0,1,0,missing_current_targets
leap_to_esto,BOTH,LEAP,Production,Fuel oil,ESTO,1,0,0,1,0,missing_current_targets
leap_to_esto,BOTH,LEAP,Production,Fuelwood and woodwaste,ESTO,1,2,1,0,1,extra_factorised_targets
leap_to_esto,BOTH,LEAP,Production,Gas and diesel oil,ESTO,1,0,0,1,0,missing_current_targets
leap_to_esto,BOTH,LEAP,Production,Gas coke,ESTO,1,0,0,1,0,missing_current_targets
leap_to_esto,BOTH,LEAP,Production,Gas nonspecified,ESTO,1,0,0,1,0,missing_current_targets
leap_to_esto,BOTH,LEAP,Production,Gas works gas,ESTO,1,1,0,1,1,missing_and_extra_targets
leap_to_esto,BOTH,LEAP,Production,Gasoline type jet fuel,ESTO,1,0,0,1,0,missing_current_targets
leap_to_esto,BOTH,LEAP,Production,Geothermal,ESTO,1,1,1,0,0,lossless_without_override
leap_to_esto,BOTH,LEAP,Production,Heat,ESTO,1,1,1,0,0,lossless_without_override
leap_to_esto,BOTH,LEAP,Production,Hydro,ESTO,1,1,1,0,0,lossless_without_override
leap_to_esto,BOTH,LEAP,Production,Hydrogen,ESTO,1,1,0,1,1,missing_and_extra_targets
leap_to_esto,BOTH,LEAP,Production,Industrial waste,ESTO,1,2,1,0,1,extra_factorised_targets
leap_to_esto,BOTH,LEAP,Production,Kerosene,ESTO,1,0,0,1,0,missing_current_targets
leap_to_esto,BOTH,LEAP,Production,Kerosene type jet fuel,ESTO,1,0,0,1,0,missing_current_targets
leap_to_esto,BOTH,LEAP,Production,LNG,ESTO,1,0,0,1,0,missing_current_targets
leap_to_esto,BOTH,LEAP,Production,LPG,ESTO,1,0,0,1,0,missing_current_targets
leap_to_esto,BOTH,LEAP,Production,Lignite,ESTO,1,2,1,0,1,extra_factorised_targets
leap_to_esto,BOTH,LEAP,Production,Lubricants,ESTO,1,0,0,1,0,missing_current_targets
leap_to_esto,BOTH,LEAP,Production,Motor gasoline,ESTO,1,0,0,1,0,missing_current_targets
leap_to_esto,BOTH,LEAP,Production,Municipal solid waste non renewable,ESTO,1,2,1,0,1,extra_factorised_targets
leap_to_esto,BOTH,LEAP,Production,Municipal solid waste renewable,ESTO,1,2,1,0,1,extra_factorised_targets
leap_to_esto,BOTH,LEAP,Production,Naphtha,ESTO,1,0,0,1,0,missing_current_targets
leap_to_esto,BOTH,LEAP,Production,Natural gas,ESTO,1,1,1,0,0,lossless_without_override
leap_to_esto,BOTH,LEAP,Production,Natural gas liquids,ESTO,1,1,1,0,0,lossless_without_override
leap_to_esto,BOTH,LEAP,Production,Nuclear,ESTO,1,1,1,0,0,lossless_without_override
leap_to_esto,BOTH,LEAP,Production,Oil shale and oil sands,ESTO,1,0,0,1,0,missing_current_targets
leap_to_esto,BOTH,LEAP,Production,Other biomass,ESTO,1,1,1,0,0,lossless_without_override
leap_to_esto,BOTH,LEAP,Production,Other bituminous coal,ESTO,1,1,1,0,0,lossless_without_override
leap_to_esto,BOTH,LEAP,Production,Other hydrocarbons,ESTO,1,1,1,0,0,lossless_without_override
leap_to_esto,BOTH,LEAP,Production,Other liquid biofuels,ESTO,1,1,1,0,0,lossless_without_override
leap_to_esto,BOTH,LEAP,Production,Other products,ESTO,1,0,0,1,0,missing_current_targets
leap_to_esto,BOTH,LEAP,Production,Other recovered gases,ESTO,1,0,0,1,0,missing_current_targets
leap_to_esto,BOTH,LEAP,Production,Other sources,ESTO,1,1,1,0,0,lossless_without_override
leap_to_esto,BOTH,LEAP,Production,Paraffin waxes,ESTO,1,0,0,1,0,missing_current_targets
leap_to_esto,BOTH,LEAP,Production,Patent fuel,ESTO,1,0,0,1,0,missing_current_targets
leap_to_esto,BOTH,LEAP,Production,Peat,ESTO,1,2,1,0,1,extra_factorised_targets
leap_to_esto,BOTH,LEAP,Production,Peat products,ESTO,1,1,0,1,1,missing_and_extra_targets
leap_to_esto,BOTH,LEAP,Production,PetProd nonspecified,ESTO,1,0,0,1,0,missing_current_targets
leap_to_esto,BOTH,LEAP,Production,Petroleum coke,ESTO,1,0,0,1,0,missing_current_targets
leap_to_esto,BOTH,LEAP,Production,Refinery feedstocks,ESTO,1,0,0,1,0,missing_current_targets
leap_to_esto,BOTH,LEAP,Production,Refinery gas not liquefied,ESTO,1,0,0,1,0,missing_current_targets
leap_to_esto,BOTH,LEAP,Production,Solar nonspecified,ESTO,1,2,1,0,1,extra_factorised_targets
leap_to_esto,BOTH,LEAP,Production,Solar photovoltaics,ESTO,1,1,1,0,0,lossless_without_override
leap_to_esto,BOTH,LEAP,Production,Sub bituminous coal,ESTO,1,2,1,0,1,extra_factorised_targets
leap_to_esto,BOTH,LEAP,Production,Tide wave ocean,ESTO,1,1,1,0,0,lossless_without_override
leap_to_esto,BOTH,LEAP,Production,White spirit SBP,ESTO,1,0,0,1,0,missing_current_targets
leap_to_esto,BOTH,LEAP,Production,Wind,ESTO,1,1,1,0,0,lossless_without_override
leap_to_esto,BOTH,LEAP,Road,Biodiesel,ESTO,1,2,1,0,1,extra_factorised_targets
leap_to_esto,BOTH,LEAP,Road,Biogas,ESTO,1,1,1,0,0,lossless_without_override
leap_to_esto,BOTH,LEAP,Road,Biogasoline,ESTO,1,1,1,0,0,lossless_without_override
leap_to_esto,BOTH,LEAP,Road,Efuel,ESTO,1,0,0,1,0,missing_current_targets
leap_to_esto,BOTH,LEAP,Road,Electricity,ESTO,1,1,1,0,0,lossless_without_override
leap_to_esto,BOTH,LEAP,Road,Fuel oil,ESTO,1,2,1,0,1,extra_factorised_targets
leap_to_esto,BOTH,LEAP,Road,Gas and diesel oil,ESTO,1,2,1,0,1,extra_factorised_targets
leap_to_esto,BOTH,LEAP,Road,Hydrogen,ESTO,1,1,0,1,1,missing_and_extra_targets
leap_to_esto,BOTH,LEAP,Road,Kerosene,ESTO,1,1,1,0,0,lossless_without_override
leap_to_esto,BOTH,LEAP,Road,LPG,ESTO,1,2,1,0,1,extra_factorised_targets
leap_to_esto,BOTH,LEAP,Road,Motor gasoline,ESTO,1,1,1,0,0,lossless_without_override
leap_to_esto,BOTH,LEAP,Road,Natural gas,ESTO,1,2,1,0,1,extra_factorised_targets
leap_to_esto,BOTH,LEAP,Total Primary Supply,Additives and oxygenates,ESTO,1,1,1,0,0,lossless_without_override
leap_to_esto,BOTH,LEAP,Total Primary Supply,Ammonia,ESTO,1,0,0,1,0,missing_current_targets
leap_to_esto,BOTH,LEAP,Total Primary Supply,Anthracite,ESTO,1,2,1,0,1,extra_factorised_targets
leap_to_esto,BOTH,LEAP,Total Primary Supply,Aviation gasoline,ESTO,1,2,1,0,1,extra_factorised_targets
leap_to_esto,BOTH,LEAP,Total Primary Supply,BKB and PB,ESTO,1,2,1,0,1,extra_factorised_targets
leap_to_esto,BOTH,LEAP,Total Primary Supply,Bagasse,ESTO,1,2,1,0,1,extra_factorised_targets
leap_to_esto,BOTH,LEAP,Total Primary Supply,Bio jet kerosene,ESTO,1,1,1,0,0,lossless_without_override
leap_to_esto,BOTH,LEAP,Total Primary Supply,Biodiesel,ESTO,1,2,1,0,1,extra_factorised_targets
leap_to_esto,BOTH,LEAP,Total Primary Supply,Biogas,ESTO,1,2,1,0,1,extra_factorised_targets
leap_to_esto,BOTH,LEAP,Total Primary Supply,Biogasoline,ESTO,1,2,1,0,1,extra_factorised_targets
leap_to_esto,BOTH,LEAP,Total Primary Supply,Bitumen,ESTO,1,1,1,0,0,lossless_without_override
leap_to_esto,BOTH,LEAP,Total Primary Supply,Black liquor,ESTO,1,1,1,0,0,lossless_without_override
leap_to_esto,BOTH,LEAP,Total Primary Supply,Blast furnace gas,ESTO,1,0,0,1,0,missing_current_targets
leap_to_esto,BOTH,LEAP,Total Primary Supply,Charcoal,ESTO,1,2,1,0,1,extra_factorised_targets
leap_to_esto,BOTH,LEAP,Total Primary Supply,Coal nonspecified,ESTO,1,0,0,1,0,missing_current_targets
leap_to_esto,BOTH,LEAP,Total Primary Supply,Coal tar,ESTO,1,2,1,0,1,extra_factorised_targets
leap_to_esto,BOTH,LEAP,Total Primary Supply,Coke oven coke,ESTO,1,2,1,0,1,extra_factorised_targets
leap_to_esto,BOTH,LEAP,Total Primary Supply,Coke oven gas,ESTO,1,1,0,1,1,missing_and_extra_targets
leap_to_esto,BOTH,LEAP,Total Primary Supply,Coking coal,ESTO,1,1,1,0,0,lossless_without_override
leap_to_esto,BOTH,LEAP,Total Primary Supply,Crude oil,ESTO,1,1,1,0,0,lossless_without_override
leap_to_esto,BOTH,LEAP,Total Primary Supply,Efuel,ESTO,1,0,0,1,0,missing_current_targets
leap_to_esto,BOTH,LEAP,Total Primary Supply,Electricity,ESTO,1,1,1,0,0,lossless_without_override
leap_to_esto,BOTH,LEAP,Total Primary Supply,Ethane,ESTO,1,1,1,0,0,lossless_without_override
leap_to_esto,BOTH,LEAP,Total Primary Supply,Fuel oil,ESTO,1,2,1,0,1,extra_factorised_targets
leap_to_esto,BOTH,LEAP,Total Primary Supply,Fuelwood and woodwaste,ESTO,1,2,1,0,1,extra_factorised_targets
leap_to_esto,BOTH,LEAP,Total Primary Supply,Gas and diesel oil,ESTO,1,2,1,0,1,extra_factorised_targets
leap_to_esto,BOTH,LEAP,Total Primary Supply,Gas coke,ESTO,1,0,0,1,0,missing_current_targets
leap_to_esto,BOTH,LEAP,Total Primary Supply,Gas works gas,ESTO,1,1,0,1,1,missing_and_extra_targets
leap_to_esto,BOTH,LEAP,Total Primary Supply,Gasoline type jet fuel,ESTO,1,1,1,0,0,lossless_without_override
leap_to_esto,BOTH,LEAP,Total Primary Supply,Geothermal,ESTO,1,1,1,0,0,lossless_without_override
leap_to_esto,BOTH,LEAP,Total Primary Supply,Heat,ESTO,1,2,1,0,1,extra_factorised_targets
leap_to_esto,BOTH,LEAP,Total Primary Supply,Hydro,ESTO,1,1,1,0,0,lossless_without_override
leap_to_esto,BOTH,LEAP,Total Primary Supply,Hydrogen,ESTO,1,1,0,1,1,missing_and_extra_targets
leap_to_esto,BOTH,LEAP,Total Primary Supply,Industrial waste,ESTO,1,2,1,0,1,extra_factorised_targets
leap_to_esto,BOTH,LEAP,Total Primary Supply,Kerosene,ESTO,1,2,1,0,1,extra_factorised_targets
leap_to_esto,BOTH,LEAP,Total Primary Supply,Kerosene type jet fuel,ESTO,1,2,1,0,1,extra_factorised_targets
leap_to_esto,BOTH,LEAP,Total Primary Supply,LNG,ESTO,1,1,1,0,0,lossless_without_override
leap_to_esto,BOTH,LEAP,Total Primary Supply,LPG,ESTO,1,2,1,0,1,extra_factorised_targets
leap_to_esto,BOTH,LEAP,Total Primary Supply,Lignite,ESTO,1,2,1,0,1,extra_factorised_targets
leap_to_esto,BOTH,LEAP,Total Primary Supply,Lubricants,ESTO,1,1,1,0,0,lossless_without_override
leap_to_esto,BOTH,LEAP,Total Primary Supply,Motor gasoline,ESTO,1,2,1,0,1,extra_factorised_targets
leap_to_esto,BOTH,LEAP,Total Primary Supply,Municipal solid waste non renewable,ESTO,1,2,1,0,1,extra_factorised_targets
leap_to_esto,BOTH,LEAP,Total Primary Supply,Municipal solid waste renewable,ESTO,1,2,1,0,1,extra_factorised_targets
leap_to_esto,BOTH,LEAP,Total Primary Supply,Naphtha,ESTO,1,1,1,0,0,lossless_without_override
leap_to_esto,BOTH,LEAP,Total Primary Supply,Natural gas,ESTO,1,2,1,0,1,extra_factorised_targets
leap_to_esto,BOTH,LEAP,Total Primary Supply,Natural gas liquids,ESTO,1,1,1,0,0,lossless_without_override
leap_to_esto,BOTH,LEAP,Total Primary Supply,Nuclear,ESTO,1,1,1,0,0,lossless_without_override
leap_to_esto,BOTH,LEAP,Total Primary Supply,Other biomass,ESTO,1,2,1,0,1,extra_factorised_targets
leap_to_esto,BOTH,LEAP,Total Primary Supply,Other bituminous coal,ESTO,1,1,1,0,0,lossless_without_override
leap_to_esto,BOTH,LEAP,Total Primary Supply,Other hydrocarbons,ESTO,1,1,1,0,0,lossless_without_override
leap_to_esto,BOTH,LEAP,Total Primary Supply,Other liquid biofuels,ESTO,1,1,1,0,0,lossless_without_override
leap_to_esto,BOTH,LEAP,Total Primary Supply,Other products,ESTO,1,1,1,0,0,lossless_without_override
leap_to_esto,BOTH,LEAP,Total Primary Supply,Other recovered gases,ESTO,1,1,1,0,0,lossless_without_override
leap_to_esto,BOTH,LEAP,Total Primary Supply,Other sources,ESTO,1,1,1,0,0,lossless_without_override
leap_to_esto,BOTH,LEAP,Total Primary Supply,Paraffin waxes,ESTO,1,1,1,0,0,lossless_without_override
leap_to_esto,BOTH,LEAP,Total Primary Supply,Patent fuel,ESTO,1,2,1,0,1,extra_factorised_targets
leap_to_esto,BOTH,LEAP,Total Primary Supply,PetProd nonspecified,ESTO,1,0,0,1,0,missing_current_targets
leap_to_esto,BOTH,LEAP,Total Primary Supply,Petroleum coke,ESTO,1,1,1,0,0,lossless_without_override
leap_to_esto,BOTH,LEAP,Total Primary Supply,Refinery feedstocks,ESTO,1,1,1,0,0,lossless_without_override
leap_to_esto,BOTH,LEAP,Total Primary Supply,Refinery gas not liquefied,ESTO,1,1,1,0,0,lossless_without_override
leap_to_esto,BOTH,LEAP,Total Primary Supply,Solar nonspecified,ESTO,1,2,1,0,1,extra_factorised_targets
leap_to_esto,BOTH,LEAP,Total Primary Supply,Solar photovoltaics,ESTO,1,1,1,0,0,lossless_without_override
leap_to_esto,BOTH,LEAP,Total Primary Supply,Sub bituminous coal,ESTO,1,2,1,0,1,extra_factorised_targets
leap_to_esto,BOTH,LEAP,Total Primary Supply,White spirit SBP,ESTO,1,1,1,0,0,lossless_without_override
leap_to_esto,BOTH,LEAP,Total Primary Supply,Wind,ESTO,1,1,1,0,0,lossless_without_override
leap_to_esto,BOTH,LEAP,Total final consumption,Ammonia,ESTO,1,0,0,1,0,missing_current_targets
leap_to_esto,BOTH,LEAP,Total final consumption,Anthracite,ESTO,1,2,1,0,1,extra_factorised_targets
leap_to_esto,BOTH,LEAP,Total final consumption,Aviation gasoline,ESTO,1,2,1,0,1,extra_factorised_targets
leap_to_esto,BOTH,LEAP,Total final consumption,BKB and PB,ESTO,1,2,1,0,1,extra_factorised_targets
leap_to_esto,BOTH,LEAP,Total final consumption,Bagasse,ESTO,1,2,1,0,1,extra_factorised_targets
leap_to_esto,BOTH,LEAP,Total final consumption,Bio jet kerosene,ESTO,1,1,1,0,0,lossless_without_override
leap_to_esto,BOTH,LEAP,Total final consumption,Biodiesel,ESTO,1,2,1,0,1,extra_factorised_targets
leap_to_esto,BOTH,LEAP,Total final consumption,Biogas,ESTO,1,2,1,0,1,extra_factorised_targets
leap_to_esto,BOTH,LEAP,Total final consumption,Biogasoline,ESTO,1,2,1,0,1,extra_factorised_targets
leap_to_esto,BOTH,LEAP,Total final consumption,Bitumen,ESTO,1,1,1,0,0,lossless_without_override
leap_to_esto,BOTH,LEAP,Total final consumption,Black liquor,ESTO,1,1,1,0,0,lossless_without_override
leap_to_esto,BOTH,LEAP,Total final consumption,Blast furnace gas,ESTO,1,2,1,0,1,extra_factorised_targets
leap_to_esto,BOTH,LEAP,Total final consumption,Charcoal,ESTO,1,2,1,0,1,extra_factorised_targets
leap_to_esto,BOTH,LEAP,Total final consumption,Coal nonspecified,ESTO,1,0,0,1,0,missing_current_targets
leap_to_esto,BOTH,LEAP,Total final consumption,Coal tar,ESTO,1,2,1,0,1,extra_factorised_targets
leap_to_esto,BOTH,LEAP,Total final consumption,Coke oven coke,ESTO,1,2,1,0,1,extra_factorised_targets
leap_to_esto,BOTH,LEAP,Total final consumption,Coke oven gas,ESTO,1,2,1,0,1,extra_factorised_targets
leap_to_esto,BOTH,LEAP,Total final consumption,Efuel,ESTO,1,0,0,1,0,missing_current_targets
leap_to_esto,BOTH,LEAP,Total final consumption,Electricity,ESTO,1,1,1,0,0,lossless_without_override
leap_to_esto,BOTH,LEAP,Total final consumption,Ethane,ESTO,1,1,1,0,0,lossless_without_override
leap_to_esto,BOTH,LEAP,Total final consumption,Fuel oil,ESTO,1,2,1,0,1,extra_factorised_targets
leap_to_esto,BOTH,LEAP,Total final consumption,Fuelwood and woodwaste,ESTO,1,2,1,0,1,extra_factorised_targets
leap_to_esto,BOTH,LEAP,Total final consumption,Gas and diesel oil,ESTO,1,2,1,0,1,extra_factorised_targets
leap_to_esto,BOTH,LEAP,Total final consumption,Gas coke,ESTO,1,0,0,1,0,missing_current_targets
leap_to_esto,BOTH,LEAP,Total final consumption,Gasoline type jet fuel,ESTO,1,1,1,0,0,lossless_without_override
leap_to_esto,BOTH,LEAP,Total final consumption,Geothermal,ESTO,1,2,1,0,1,extra_factorised_targets
leap_to_esto,BOTH,LEAP,Total final consumption,Heat,ESTO,1,2,1,0,1,extra_factorised_targets
leap_to_esto,BOTH,LEAP,Total final consumption,Hydrogen,ESTO,1,1,0,1,1,missing_and_extra_targets
leap_to_esto,BOTH,LEAP,Total final consumption,Industrial waste,ESTO,1,2,1,0,1,extra_factorised_targets
leap_to_esto,BOTH,LEAP,Total final consumption,Kerosene,ESTO,1,2,1,0,1,extra_factorised_targets
leap_to_esto,BOTH,LEAP,Total final consumption,Kerosene type jet fuel,ESTO,1,2,1,0,1,extra_factorised_targets
leap_to_esto,BOTH,LEAP,Total final consumption,LNG,ESTO,1,0,0,1,0,missing_current_targets
leap_to_esto,BOTH,LEAP,Total final consumption,LPG,ESTO,1,2,1,0,1,extra_factorised_targets
leap_to_esto,BOTH,LEAP,Total final consumption,Lignite,ESTO,1,2,1,0,1,extra_factorised_targets
leap_to_esto,BOTH,LEAP,Total final consumption,Lubricants,ESTO,1,1,1,0,0,lossless_without_override
leap_to_esto,BOTH,LEAP,Total final consumption,Motor gasoline,ESTO,1,2,1,0,1,extra_factorised_targets
leap_to_esto,BOTH,LEAP,Total final consumption,Municipal solid waste non renewable,ESTO,1,2,1,0,1,extra_factorised_targets
leap_to_esto,BOTH,LEAP,Total final consumption,Municipal solid waste renewable,ESTO,1,2,1,0,1,extra_factorised_targets
leap_to_esto,BOTH,LEAP,Total final consumption,Naphtha,ESTO,1,1,1,0,0,lossless_without_override
leap_to_esto,BOTH,LEAP,Total final consumption,Natural gas,ESTO,1,2,1,0,1,extra_factorised_targets
leap_to_esto,BOTH,LEAP,Total final consumption,Other biomass,ESTO,1,2,1,0,1,extra_factorised_targets
leap_to_esto,BOTH,LEAP,Total final consumption,Other bituminous coal,ESTO,1,1,1,0,0,lossless_without_override
leap_to_esto,BOTH,LEAP,Total final consumption,Other liquid biofuels,ESTO,1,1,1,0,0,lossless_without_override
leap_to_esto,BOTH,LEAP,Total final consumption,Other products,ESTO,1,1,1,0,0,lossless_without_override
leap_to_esto,BOTH,LEAP,Total final consumption,Other recovered gases,ESTO,1,2,1,0,1,extra_factorised_targets
leap_to_esto,BOTH,LEAP,Total final consumption,Other sources,ESTO,1,0,0,1,0,missing_current_targets
leap_to_esto,BOTH,LEAP,Total final consumption,Paraffin waxes,ESTO,1,1,1,0,0,lossless_without_override
leap_to_esto,BOTH,LEAP,Total final consumption,Patent fuel,ESTO,1,2,1,0,1,extra_factorised_targets
leap_to_esto,BOTH,LEAP,Total final consumption,PetProd nonspecified,ESTO,1,0,0,1,0,missing_current_targets
leap_to_esto,BOTH,LEAP,Total final consumption,Petroleum coke,ESTO,1,1,1,0,0,lossless_without_override
leap_to_esto,BOTH,LEAP,Total final consumption,Refinery gas not liquefied,ESTO,1,1,1,0,0,lossless_without_override
leap_to_esto,BOTH,LEAP,Total final consumption,Solar nonspecified,ESTO,1,2,1,0,1,extra_factorised_targets
leap_to_esto,BOTH,LEAP,Total final consumption,Sub bituminous coal,ESTO,1,2,1,0,1,extra_factorised_targets
leap_to_esto,BOTH,LEAP,Total final consumption,White spirit SBP,ESTO,1,1,1,0,0,lossless_without_override
leap_to_esto,BOTH,LEAP,Total final energy consumption,Ammonia,ESTO,1,0,0,1,0,missing_current_targets
leap_to_esto,BOTH,LEAP,Total final energy consumption,Anthracite,ESTO,1,2,1,0,1,extra_factorised_targets
leap_to_esto,BOTH,LEAP,Total final energy consumption,Aviation gasoline,ESTO,1,2,1,0,1,extra_factorised_targets
leap_to_esto,BOTH,LEAP,Total final energy consumption,BKB and PB,ESTO,1,2,1,0,1,extra_factorised_targets
leap_to_esto,BOTH,LEAP,Total final energy consumption,Bagasse,ESTO,1,2,1,0,1,extra_factorised_targets
leap_to_esto,BOTH,LEAP,Total final energy consumption,Bio jet kerosene,ESTO,1,1,1,0,0,lossless_without_override
leap_to_esto,BOTH,LEAP,Total final energy consumption,Biodiesel,ESTO,1,2,1,0,1,extra_factorised_targets
leap_to_esto,BOTH,LEAP,Total final energy consumption,Biogas,ESTO,1,2,1,0,1,extra_factorised_targets
leap_to_esto,BOTH,LEAP,Total final energy consumption,Biogasoline,ESTO,1,2,1,0,1,extra_factorised_targets
leap_to_esto,BOTH,LEAP,Total final energy consumption,Bitumen,ESTO,1,1,1,0,0,lossless_without_override
leap_to_esto,BOTH,LEAP,Total final energy consumption,Black liquor,ESTO,1,1,1,0,0,lossless_without_override
leap_to_esto,BOTH,LEAP,Total final energy consumption,Blast furnace gas,ESTO,1,2,1,0,1,extra_factorised_targets
leap_to_esto,BOTH,LEAP,Total final energy consumption,Charcoal,ESTO,1,2,1,0,1,extra_factorised_targets
leap_to_esto,BOTH,LEAP,Total final energy consumption,Coal nonspecified,ESTO,1,0,0,1,0,missing_current_targets
leap_to_esto,BOTH,LEAP,Total final energy consumption,Coal tar,ESTO,1,2,1,0,1,extra_factorised_targets
leap_to_esto,BOTH,LEAP,Total final energy consumption,Coke oven coke,ESTO,1,2,1,0,1,extra_factorised_targets
leap_to_esto,BOTH,LEAP,Total final energy consumption,Coke oven gas,ESTO,1,2,1,0,1,extra_factorised_targets
leap_to_esto,BOTH,LEAP,Total final energy consumption,Efuel,ESTO,1,0,0,1,0,missing_current_targets
leap_to_esto,BOTH,LEAP,Total final energy consumption,Electricity,ESTO,1,1,1,0,0,lossless_without_override
leap_to_esto,BOTH,LEAP,Total final energy consumption,Ethane,ESTO,1,1,1,0,0,lossless_without_override
leap_to_esto,BOTH,LEAP,Total final energy consumption,Fuel oil,ESTO,1,2,1,0,1,extra_factorised_targets
leap_to_esto,BOTH,LEAP,Total final energy consumption,Fuelwood and woodwaste,ESTO,1,2,1,0,1,extra_factorised_targets
leap_to_esto,BOTH,LEAP,Total final energy consumption,Gas and diesel oil,ESTO,1,2,1,0,1,extra_factorised_targets
leap_to_esto,BOTH,LEAP,Total final energy consumption,Gas coke,ESTO,1,0,0,1,0,missing_current_targets
leap_to_esto,BOTH,LEAP,Total final energy consumption,Gasoline type jet fuel,ESTO,1,1,1,0,0,lossless_without_override
leap_to_esto,BOTH,LEAP,Total final energy consumption,Geothermal,ESTO,1,2,1,0,1,extra_factorised_targets
leap_to_esto,BOTH,LEAP,Total final energy consumption,Heat,ESTO,1,2,1,0,1,extra_factorised_targets
leap_to_esto,BOTH,LEAP,Total final energy consumption,Hydrogen,ESTO,1,1,0,1,1,missing_and_extra_targets
leap_to_esto,BOTH,LEAP,Total final energy consumption,Industrial waste,ESTO,1,2,1,0,1,extra_factorised_targets
leap_to_esto,BOTH,LEAP,Total final energy consumption,Kerosene,ESTO,1,2,1,0,1,extra_factorised_targets
leap_to_esto,BOTH,LEAP,Total final energy consumption,Kerosene type jet fuel,ESTO,1,2,1,0,1,extra_factorised_targets
leap_to_esto,BOTH,LEAP,Total final energy consumption,LNG,ESTO,1,0,0,1,0,missing_current_targets
leap_to_esto,BOTH,LEAP,Total final energy consumption,LPG,ESTO,1,2,1,0,1,extra_factorised_targets
leap_to_esto,BOTH,LEAP,Total final energy consumption,Lignite,ESTO,1,2,1,0,1,extra_factorised_targets
leap_to_esto,BOTH,LEAP,Total final energy consumption,Lubricants,ESTO,1,1,1,0,0,lossless_without_override
leap_to_esto,BOTH,LEAP,Total final energy consumption,Motor gasoline,ESTO,1,2,1,0,1,extra_factorised_targets
leap_to_esto,BOTH,LEAP,Total final energy consumption,Municipal solid waste non renewable,ESTO,1,2,1,0,1,extra_factorised_targets
leap_to_esto,BOTH,LEAP,Total final energy consumption,Municipal solid waste renewable,ESTO,1,2,1,0,1,extra_factorised_targets
leap_to_esto,BOTH,LEAP,Total final energy consumption,Naphtha,ESTO,1,1,1,0,0,lossless_without_override
leap_to_esto,BOTH,LEAP,Total final energy consumption,Natural gas,ESTO,1,2,1,0,1,extra_factorised_targets
leap_to_esto,BOTH,LEAP,Total final energy consumption,Other biomass,ESTO,1,2,1,0,1,extra_factorised_targets
leap_to_esto,BOTH,LEAP,Total final energy consumption,Other bituminous coal,ESTO,1,1,1,0,0,lossless_without_override
leap_to_esto,BOTH,LEAP,Total final energy consumption,Other liquid biofuels,ESTO,1,1,1,0,0,lossless_without_override
leap_to_esto,BOTH,LEAP,Total final energy consumption,Other products,ESTO,1,1,1,0,0,lossless_without_override
leap_to_esto,BOTH,LEAP,Total final energy consumption,Other recovered gases,ESTO,1,2,1,0,1,extra_factorised_targets
leap_to_esto,BOTH,LEAP,Total final energy consumption,Other sources,ESTO,1,0,0,1,0,missing_current_targets
leap_to_esto,BOTH,LEAP,Total final energy consumption,Paraffin waxes,ESTO,1,1,1,0,0,lossless_without_override
leap_to_esto,BOTH,LEAP,Total final energy consumption,Patent fuel,ESTO,1,2,1,0,1,extra_factorised_targets
leap_to_esto,BOTH,LEAP,Total final energy consumption,PetProd nonspecified,ESTO,1,0,0,1,0,missing_current_targets
leap_to_esto,BOTH,LEAP,Total final energy consumption,Petroleum coke,ESTO,1,1,1,0,0,lossless_without_override
leap_to_esto,BOTH,LEAP,Total final energy consumption,Refinery gas not liquefied,ESTO,1,1,1,0,0,lossless_without_override
leap_to_esto,BOTH,LEAP,Total final energy consumption,Solar nonspecified,ESTO,1,2,1,0,1,extra_factorised_targets
leap_to_esto,BOTH,LEAP,Total final energy consumption,Sub bituminous coal,ESTO,1,2,1,0,1,extra_factorised_targets
leap_to_esto,BOTH,LEAP,Total final energy consumption,White spirit SBP,ESTO,1,1,1,0,0,lossless_without_override
leap_to_esto,BOTH,LEAP,Total transformation - no transfers,Additives and oxygenates,ESTO,1,1,1,0,0,lossless_without_override
leap_to_esto,BOTH,LEAP,Total transformation - no transfers,Ammonia,ESTO,1,0,0,1,0,missing_current_targets
leap_to_esto,BOTH,LEAP,Total transformation - no transfers,Anthracite,ESTO,1,2,1,0,1,extra_factorised_targets
leap_to_esto,BOTH,LEAP,Total transformation - no transfers,Aviation gasoline,ESTO,1,2,1,0,1,extra_factorised_targets
leap_to_esto,BOTH,LEAP,Total transformation - no transfers,BKB and PB,ESTO,1,2,1,0,1,extra_factorised_targets
leap_to_esto,BOTH,LEAP,Total transformation - no transfers,Bagasse,ESTO,1,2,1,0,1,extra_factorised_targets
leap_to_esto,BOTH,LEAP,Total transformation - no transfers,Biodiesel,ESTO,1,1,1,0,0,lossless_without_override
leap_to_esto,BOTH,LEAP,Total transformation - no transfers,Biogas,ESTO,1,2,1,0,1,extra_factorised_targets
leap_to_esto,BOTH,LEAP,Total transformation - no transfers,Bitumen,ESTO,1,1,1,0,0,lossless_without_override
leap_to_esto,BOTH,LEAP,Total transformation - no transfers,Black liquor,ESTO,1,1,1,0,0,lossless_without_override
leap_to_esto,BOTH,LEAP,Total transformation - no transfers,Blast furnace gas,ESTO,1,2,1,0,1,extra_factorised_targets
leap_to_esto,BOTH,LEAP,Total transformation - no transfers,Coal nonspecified,ESTO,1,0,0,1,0,missing_current_targets
leap_to_esto,BOTH,LEAP,Total transformation - no transfers,Coal tar,ESTO,1,2,1,0,1,extra_factorised_targets
leap_to_esto,BOTH,LEAP,Total transformation - no transfers,Coke oven coke,ESTO,1,2,1,0,1,extra_factorised_targets
leap_to_esto,BOTH,LEAP,Total transformation - no transfers,Coke oven gas,ESTO,1,2,1,0,1,extra_factorised_targets
leap_to_esto,BOTH,LEAP,Total transformation - no transfers,Coking coal,ESTO,1,1,1,0,0,lossless_without_override
leap_to_esto,BOTH,LEAP,Total transformation - no transfers,Crude oil,ESTO,1,1,1,0,0,lossless_without_override
leap_to_esto,BOTH,LEAP,Total transformation - no transfers,Efuel,ESTO,1,0,0,1,0,missing_current_targets
leap_to_esto,BOTH,LEAP,Total transformation - no transfers,Electricity,ESTO,1,1,1,0,0,lossless_without_override
leap_to_esto,BOTH,LEAP,Total transformation - no transfers,Ethane,ESTO,1,1,1,0,0,lossless_without_override
leap_to_esto,BOTH,LEAP,Total transformation - no transfers,Fuel oil,ESTO,1,2,1,0,1,extra_factorised_targets
leap_to_esto,BOTH,LEAP,Total transformation - no transfers,Fuelwood and woodwaste,ESTO,1,2,1,0,1,extra_factorised_targets
leap_to_esto,BOTH,LEAP,Total transformation - no transfers,Gas and diesel oil,ESTO,1,2,1,0,1,extra_factorised_targets
leap_to_esto,BOTH,LEAP,Total transformation - no transfers,Gas works gas,ESTO,1,2,1,0,1,extra_factorised_targets
leap_to_esto,BOTH,LEAP,Total transformation - no transfers,Gasoline type jet fuel,ESTO,1,1,1,0,0,lossless_without_override
leap_to_esto,BOTH,LEAP,Total transformation - no transfers,Geothermal,ESTO,1,2,1,0,1,extra_factorised_targets
leap_to_esto,BOTH,LEAP,Total transformation - no transfers,Heat,ESTO,1,2,1,0,1,extra_factorised_targets
leap_to_esto,BOTH,LEAP,Total transformation - no transfers,Hydro,ESTO,1,1,1,0,0,lossless_without_override
leap_to_esto,BOTH,LEAP,Total transformation - no transfers,Hydrogen,ESTO,1,1,0,1,1,missing_and_extra_targets
leap_to_esto,BOTH,LEAP,Total transformation - no transfers,Industrial waste,ESTO,1,2,1,0,1,extra_factorised_targets
leap_to_esto,BOTH,LEAP,Total transformation - no transfers,Kerosene,ESTO,1,2,1,0,1,extra_factorised_targets
leap_to_esto,BOTH,LEAP,Total transformation - no transfers,Kerosene type jet fuel,ESTO,1,2,1,0,1,extra_factorised_targets
leap_to_esto,BOTH,LEAP,Total transformation - no transfers,LNG,ESTO,1,1,1,0,0,lossless_without_override
leap_to_esto,BOTH,LEAP,Total transformation - no transfers,LPG,ESTO,1,2,1,0,1,extra_factorised_targets
leap_to_esto,BOTH,LEAP,Total transformation - no transfers,Lignite,ESTO,1,2,1,0,1,extra_factorised_targets
leap_to_esto,BOTH,LEAP,Total transformation - no transfers,Lubricants,ESTO,1,1,1,0,0,lossless_without_override
leap_to_esto,BOTH,LEAP,Total transformation - no transfers,Motor gasoline,ESTO,1,2,1,0,1,extra_factorised_targets
leap_to_esto,BOTH,LEAP,Total transformation - no transfers,Municipal solid waste non renewable,ESTO,1,2,1,0,1,extra_factorised_targets
leap_to_esto,BOTH,LEAP,Total transformation - no transfers,Municipal solid waste renewable,ESTO,1,2,1,0,1,extra_factorised_targets
leap_to_esto,BOTH,LEAP,Total transformation - no transfers,Naphtha,ESTO,1,1,1,0,0,lossless_without_override
leap_to_esto,BOTH,LEAP,Total transformation - no transfers,Natural gas,ESTO,1,2,1,0,1,extra_factorised_targets
leap_to_esto,BOTH,LEAP,Total transformation - no transfers,Natural gas liquids,ESTO,1,1,1,0,0,lossless_without_override
leap_to_esto,BOTH,LEAP,Total transformation - no transfers,Nuclear,ESTO,1,1,1,0,0,lossless_without_override
leap_to_esto,BOTH,LEAP,Total transformation - no transfers,Other biomass,ESTO,1,2,1,0,1,extra_factorised_targets
leap_to_esto,BOTH,LEAP,Total transformation - no transfers,Other bituminous coal,ESTO,1,1,1,0,0,lossless_without_override
leap_to_esto,BOTH,LEAP,Total transformation - no transfers,Other hydrocarbons,ESTO,1,1,1,0,0,lossless_without_override
leap_to_esto,BOTH,LEAP,Total transformation - no transfers,Other liquid biofuels,ESTO,1,1,1,0,0,lossless_without_override
leap_to_esto,BOTH,LEAP,Total transformation - no transfers,Other products,ESTO,1,1,1,0,0,lossless_without_override
leap_to_esto,BOTH,LEAP,Total transformation - no transfers,Other recovered gases,ESTO,1,2,1,0,1,extra_factorised_targets
leap_to_esto,BOTH,LEAP,Total transformation - no transfers,Other sources,ESTO,1,1,1,0,0,lossless_without_override
leap_to_esto,BOTH,LEAP,Total transformation - no transfers,Paraffin waxes,ESTO,1,1,1,0,0,lossless_without_override
leap_to_esto,BOTH,LEAP,Total transformation - no transfers,Patent fuel,ESTO,1,2,1,0,1,extra_factorised_targets
leap_to_esto,BOTH,LEAP,Total transformation - no transfers,Peat,ESTO,1,2,1,0,1,extra_factorised_targets
leap_to_esto,BOTH,LEAP,Total transformation - no transfers,Peat products,ESTO,1,2,1,0,1,extra_factorised_targets
leap_to_esto,BOTH,LEAP,Total transformation - no transfers,PetProd nonspecified,ESTO,1,0,0,1,0,missing_current_targets
leap_to_esto,BOTH,LEAP,Total transformation - no transfers,Petroleum coke,ESTO,1,1,1,0,0,lossless_without_override
leap_to_esto,BOTH,LEAP,Total transformation - no transfers,Refinery feedstocks,ESTO,1,1,1,0,0,lossless_without_override
leap_to_esto,BOTH,LEAP,Total transformation - no transfers,Refinery gas not liquefied,ESTO,1,1,1,0,0,lossless_without_override
leap_to_esto,BOTH,LEAP,Total transformation - no transfers,Solar nonspecified,ESTO,1,2,1,0,1,extra_factorised_targets
leap_to_esto,BOTH,LEAP,Total transformation - no transfers,Solar photovoltaics,ESTO,1,1,1,0,0,lossless_without_override
leap_to_esto,BOTH,LEAP,Total transformation - no transfers,Sub bituminous coal,ESTO,1,2,1,0,1,extra_factorised_targets
leap_to_esto,BOTH,LEAP,Total transformation - no transfers,Tide wave ocean,ESTO,1,1,1,0,0,lossless_without_override
leap_to_esto,BOTH,LEAP,Total transformation - no transfers,White spirit SBP,ESTO,1,1,1,0,0,lossless_without_override
leap_to_esto,BOTH,LEAP,Total transformation - no transfers,Wind,ESTO,1,1,1,0,0,lossless_without_override
leap_to_esto,BOTH,LEAP,Transfers,Additives and oxygenates,ESTO,1,1,1,0,0,lossless_without_override
leap_to_esto,BOTH,LEAP,Transfers,Aviation gasoline,ESTO,1,2,1,0,1,extra_factorised_targets
leap_to_esto,BOTH,LEAP,Transfers,Bitumen,ESTO,1,1,1,0,0,lossless_without_override
leap_to_esto,BOTH,LEAP,Transfers,Crude oil,ESTO,1,1,1,0,0,lossless_without_override
leap_to_esto,BOTH,LEAP,Transfers,Ethane,ESTO,1,1,1,0,0,lossless_without_override
leap_to_esto,BOTH,LEAP,Transfers,Fuel oil,ESTO,1,2,1,0,1,extra_factorised_targets
leap_to_esto,BOTH,LEAP,Transfers,Gas and diesel oil,ESTO,1,2,1,0,1,extra_factorised_targets
leap_to_esto,BOTH,LEAP,Transfers,Kerosene,ESTO,1,2,1,0,1,extra_factorised_targets
leap_to_esto,BOTH,LEAP,Transfers,Kerosene type jet fuel,ESTO,1,2,1,0,1,extra_factorised_targets
leap_to_esto,BOTH,LEAP,Transfers,LPG,ESTO,1,2,1,0,1,extra_factorised_targets
leap_to_esto,BOTH,LEAP,Transfers,Lubricants,ESTO,1,1,1,0,0,lossless_without_override
leap_to_esto,BOTH,LEAP,Transfers,Motor gasoline,ESTO,1,1,1,0,0,lossless_without_override
leap_to_esto,BOTH,LEAP,Transfers,Naphtha,ESTO,1,1,1,0,0,lossless_without_override
leap_to_esto,BOTH,LEAP,Transfers,Natural gas liquids,ESTO,1,1,1,0,0,lossless_without_override
leap_to_esto,BOTH,LEAP,Transfers,Other hydrocarbons,ESTO,1,1,1,0,0,lossless_without_override
leap_to_esto,BOTH,LEAP,Transfers,Other products,ESTO,1,1,1,0,0,lossless_without_override
leap_to_esto,BOTH,LEAP,Transfers,Paraffin waxes,ESTO,1,1,1,0,0,lossless_without_override
leap_to_esto,BOTH,LEAP,Transfers,Petroleum coke,ESTO,1,1,1,0,0,lossless_without_override
leap_to_esto,BOTH,LEAP,Transfers,Refinery feedstocks,ESTO,1,1,1,0,0,lossless_without_override
leap_to_esto,BOTH,LEAP,Transfers,Refinery gas not liquefied,ESTO,1,1,1,0,0,lossless_without_override
leap_to_esto,BOTH,LEAP,Transfers,White spirit SBP,ESTO,1,1,1,0,0,lossless_without_override
leap_to_esto,BOTH,LEAP,Transmission and Distribution,Electricity,ESTO,1,1,1,0,0,lossless_without_override
leap_to_esto,BOTH,LEAP,Transport,Ammonia,ESTO,1,0,0,1,0,missing_current_targets
leap_to_esto,BOTH,LEAP,Transport,Aviation gasoline,ESTO,1,2,1,0,1,extra_factorised_targets
leap_to_esto,BOTH,LEAP,Transport,Bio jet kerosene,ESTO,1,1,1,0,0,lossless_without_override
leap_to_esto,BOTH,LEAP,Transport,Biodiesel,ESTO,1,2,1,0,1,extra_factorised_targets
leap_to_esto,BOTH,LEAP,Transport,Biogas,ESTO,1,1,1,0,0,lossless_without_override
leap_to_esto,BOTH,LEAP,Transport,Biogasoline,ESTO,1,1,1,0,0,lossless_without_override
leap_to_esto,BOTH,LEAP,Transport,Efuel,ESTO,1,0,0,1,0,missing_current_targets
leap_to_esto,BOTH,LEAP,Transport,Electricity,ESTO,1,1,1,0,0,lossless_without_override
leap_to_esto,BOTH,LEAP,Transport,Fuel oil,ESTO,1,2,1,0,1,extra_factorised_targets
leap_to_esto,BOTH,LEAP,Transport,Gas and diesel oil,ESTO,1,2,1,0,1,extra_factorised_targets
leap_to_esto,BOTH,LEAP,Transport,Hydrogen,ESTO,1,1,0,1,1,missing_and_extra_targets
leap_to_esto,BOTH,LEAP,Transport,Kerosene type jet fuel,ESTO,1,2,1,0,1,extra_factorised_targets
leap_to_esto,BOTH,LEAP,Transport,LNG,ESTO,1,0,0,1,0,missing_current_targets
leap_to_esto,BOTH,LEAP,Transport,LPG,ESTO,1,2,1,0,1,extra_factorised_targets
leap_to_esto,BOTH,LEAP,Transport,Motor gasoline,ESTO,1,2,1,0,1,extra_factorised_targets
leap_to_esto,BOTH,LEAP,Transport,Natural gas,ESTO,1,2,1,0,1,extra_factorised_targets
leap_to_esto,BOTH,LEAP,Transport non road,Ammonia,ESTO,1,0,0,1,0,missing_current_targets
leap_to_esto,BOTH,LEAP,Transport non road,Aviation gasoline,ESTO,1,0,0,1,0,missing_current_targets
leap_to_esto,BOTH,LEAP,Transport non road,Bio jet kerosene,ESTO,1,0,0,1,0,missing_current_targets
leap_to_esto,BOTH,LEAP,Transport non road,Biodiesel,ESTO,1,0,0,1,0,missing_current_targets
leap_to_esto,BOTH,LEAP,Transport non road,Biogasoline,ESTO,1,0,0,1,0,missing_current_targets
leap_to_esto,BOTH,LEAP,Transport non road,Coal tar,ESTO,1,0,0,1,0,missing_current_targets
leap_to_esto,BOTH,LEAP,Transport non road,Coke oven coke,ESTO,1,0,0,1,0,missing_current_targets
leap_to_esto,BOTH,LEAP,Transport non road,Efuel,ESTO,1,0,0,1,0,missing_current_targets
leap_to_esto,BOTH,LEAP,Transport non road,Electricity,ESTO,1,0,0,1,0,missing_current_targets
leap_to_esto,BOTH,LEAP,Transport non road,Fuel oil,ESTO,1,0,0,1,0,missing_current_targets
leap_to_esto,BOTH,LEAP,Transport non road,Gas and diesel oil,ESTO,1,0,0,1,0,missing_current_targets
leap_to_esto,BOTH,LEAP,Transport non road,Hydrogen,ESTO,1,0,0,1,0,missing_current_targets
leap_to_esto,BOTH,LEAP,Transport non road,Kerosene,ESTO,1,0,0,1,0,missing_current_targets
leap_to_esto,BOTH,LEAP,Transport non road,Kerosene type jet fuel,ESTO,1,0,0,1,0,missing_current_targets
leap_to_esto,BOTH,LEAP,Transport non road,LNG,ESTO,1,0,0,1,0,missing_current_targets
leap_to_esto,BOTH,LEAP,Transport non road,LPG,ESTO,1,0,0,1,0,missing_current_targets
leap_to_esto,BOTH,LEAP,Transport non road,Lubricants,ESTO,1,0,0,1,0,missing_current_targets
leap_to_esto,BOTH,LEAP,Transport non road,Motor gasoline,ESTO,1,0,0,1,0,missing_current_targets
leap_to_esto,BOTH,LEAP,Transport non road,Natural gas,ESTO,1,0,0,1,0,missing_current_targets
leap_to_esto,BOTH,LEAP,Transport non road,Other bituminous coal,ESTO,1,0,0,1,0,missing_current_targets
leap_to_esto,BOTH,LEAP,Transport non road,Other products,ESTO,1,0,0,1,0,missing_current_targets
leap_to_esto,BOTH,LEAP,Transport non road/Freight non road/Air,Aviation gasoline,ESTO,1,2,1,0,1,extra_factorised_targets
leap_to_esto,BOTH,LEAP,Transport non road/Freight non road/Air,Bio jet kerosene,ESTO,1,1,1,0,0,lossless_without_override
leap_to_esto,BOTH,LEAP,Transport non road/Freight non road/Air,Efuel,ESTO,1,0,0,1,0,missing_current_targets
leap_to_esto,BOTH,LEAP,Transport non road/Freight non road/Air,Electricity,ESTO,1,0,0,1,0,missing_current_targets
leap_to_esto,BOTH,LEAP,Transport non road/Freight non road/Air,Gas and diesel oil,ESTO,1,2,1,0,1,extra_factorised_targets
leap_to_esto,BOTH,LEAP,Transport non road/Freight non road/Air,Hydrogen,ESTO,1,0,0,1,0,missing_current_targets
leap_to_esto,BOTH,LEAP,Transport non road/Freight non road/Air,Kerosene type jet fuel,ESTO,1,2,1,0,1,extra_factorised_targets
leap_to_esto,BOTH,LEAP,Transport non road/Freight non road/Air,Motor gasoline,ESTO,1,1,1,0,0,lossless_without_override
leap_to_esto,BOTH,LEAP,Transport non road/Freight non road/Rail,Biodiesel,ESTO,1,1,1,0,0,lossless_without_override
leap_to_esto,BOTH,LEAP,Transport non road/Freight non road/Rail,Coal tar,ESTO,1,1,1,0,0,lossless_without_override
leap_to_esto,BOTH,LEAP,Transport non road/Freight non road/Rail,Efuel,ESTO,1,0,0,1,0,missing_current_targets
leap_to_esto,BOTH,LEAP,Transport non road/Freight non road/Rail,Electricity,ESTO,1,1,1,0,0,lossless_without_override
leap_to_esto,BOTH,LEAP,Transport non road/Freight non road/Rail,Fuel oil,ESTO,1,2,1,0,1,extra_factorised_targets
leap_to_esto,BOTH,LEAP,Transport non road/Freight non road/Rail,Gas and diesel oil,ESTO,1,2,1,0,1,extra_factorised_targets
leap_to_esto,BOTH,LEAP,Transport non road/Freight non road/Rail,Hydrogen,ESTO,1,1,0,1,1,missing_and_extra_targets
leap_to_esto,BOTH,LEAP,Transport non road/Freight non road/Rail,LPG,ESTO,1,2,1,0,1,extra_factorised_targets
leap_to_esto,BOTH,LEAP,Transport non road/Freight non road/Rail,Motor gasoline,ESTO,1,2,1,0,1,extra_factorised_targets
leap_to_esto,BOTH,LEAP,Transport non road/Freight non road/Rail,Other bituminous coal,ESTO,1,1,1,0,0,lossless_without_override
leap_to_esto,BOTH,LEAP,Transport non road/Freight non road/Shipping,Ammonia,ESTO,1,0,0,1,0,missing_current_targets
leap_to_esto,BOTH,LEAP,Transport non road/Freight non road/Shipping,Biodiesel,ESTO,1,1,1,0,0,lossless_without_override
leap_to_esto,BOTH,LEAP,Transport non road/Freight non road/Shipping,Biogasoline,ESTO,1,0,0,1,0,missing_current_targets
leap_to_esto,BOTH,LEAP,Transport non road/Freight non road/Shipping,Efuel,ESTO,1,0,0,1,0,missing_current_targets
leap_to_esto,BOTH,LEAP,Transport non road/Freight non road/Shipping,Electricity,ESTO,1,1,1,0,0,lossless_without_override
leap_to_esto,BOTH,LEAP,Transport non road/Freight non road/Shipping,Fuel oil,ESTO,1,2,1,0,1,extra_factorised_targets
leap_to_esto,BOTH,LEAP,Transport non road/Freight non road/Shipping,Gas and diesel oil,ESTO,1,2,1,0,1,extra_factorised_targets
leap_to_esto,BOTH,LEAP,Transport non road/Freight non road/Shipping,Hydrogen,ESTO,1,1,0,1,1,missing_and_extra_targets
leap_to_esto,BOTH,LEAP,Transport non road/Freight non road/Shipping,Kerosene,ESTO,1,1,1,0,0,lossless_without_override
leap_to_esto,BOTH,LEAP,Transport non road/Freight non road/Shipping,LNG,ESTO,1,0,0,1,0,missing_current_targets
leap_to_esto,BOTH,LEAP,Transport non road/Freight non road/Shipping,LPG,ESTO,1,2,1,0,1,extra_factorised_targets
leap_to_esto,BOTH,LEAP,Transport non road/Freight non road/Shipping,Motor gasoline,ESTO,1,1,1,0,0,lossless_without_override
leap_to_esto,BOTH,LEAP,Transport non road/International transport/Air,Aviation gasoline,ESTO,1,2,1,0,1,extra_factorised_targets
leap_to_esto,BOTH,LEAP,Transport non road/International transport/Air,Bio jet kerosene,ESTO,1,0,0,1,0,missing_current_targets
leap_to_esto,BOTH,LEAP,Transport non road/International transport/Air,Efuel,ESTO,1,0,0,1,0,missing_current_targets
leap_to_esto,BOTH,LEAP,Transport non road/International transport/Air,Hydrogen,ESTO,1,0,0,1,0,missing_current_targets
leap_to_esto,BOTH,LEAP,Transport non road/International transport/Air,Kerosene type jet fuel,ESTO,1,2,1,0,1,extra_factorised_targets
leap_to_esto,BOTH,LEAP,Transport non road/International transport/Air,Motor gasoline,ESTO,1,1,1,0,0,lossless_without_override
leap_to_esto,BOTH,LEAP,Transport non road/International transport/Shipping,Ammonia,ESTO,1,0,0,1,0,missing_current_targets
leap_to_esto,BOTH,LEAP,Transport non road/International transport/Shipping,Biodiesel,ESTO,1,1,1,0,0,lossless_without_override
leap_to_esto,BOTH,LEAP,Transport non road/International transport/Shipping,Efuel,ESTO,1,0,0,1,0,missing_current_targets
leap_to_esto,BOTH,LEAP,Transport non road/International transport/Shipping,Fuel oil,ESTO,1,2,1,0,1,extra_factorised_targets
leap_to_esto,BOTH,LEAP,Transport non road/International transport/Shipping,Gas and diesel oil,ESTO,1,2,1,0,1,extra_factorised_targets
leap_to_esto,BOTH,LEAP,Transport non road/International transport/Shipping,LNG,ESTO,1,1,1,0,0,lossless_without_override
leap_to_esto,BOTH,LEAP,Transport non road/International transport/Shipping,LPG,ESTO,1,2,1,0,1,extra_factorised_targets
leap_to_esto,BOTH,LEAP,Transport non road/International transport/Shipping,Lubricants,ESTO,1,1,1,0,0,lossless_without_override
leap_to_esto,BOTH,LEAP,Transport non road/International transport/Shipping,Motor gasoline,ESTO,1,1,1,0,0,lossless_without_override
leap_to_esto,BOTH,LEAP,Transport non road/International transport/Shipping,Natural gas,ESTO,1,2,1,0,1,extra_factorised_targets
leap_to_esto,BOTH,LEAP,Transport non road/International transport/Shipping,Other products,ESTO,1,1,1,0,0,lossless_without_override
leap_to_esto,BOTH,LEAP,Transport non road/Nonspecified transport,Aviation gasoline,ESTO,1,5,1,0,4,extra_factorised_targets
leap_to_esto,BOTH,LEAP,Transport non road/Nonspecified transport,Coal tar,ESTO,1,1,0,1,1,missing_and_extra_targets
leap_to_esto,BOTH,LEAP,Transport non road/Nonspecified transport,Coke oven coke,ESTO,1,2,1,0,1,extra_factorised_targets
leap_to_esto,BOTH,LEAP,Transport non road/Nonspecified transport,Electricity,ESTO,1,3,1,0,2,extra_factorised_targets
leap_to_esto,BOTH,LEAP,Transport non road/Nonspecified transport,Fuel oil,ESTO,1,6,1,0,5,extra_factorised_targets
leap_to_esto,BOTH,LEAP,Transport non road/Nonspecified transport,Gas and diesel oil,ESTO,1,6,1,0,5,extra_factorised_targets
leap_to_esto,BOTH,LEAP,Transport non road/Nonspecified transport,Kerosene,ESTO,1,4,1,0,3,extra_factorised_targets
leap_to_esto,BOTH,LEAP,Transport non road/Nonspecified transport,Kerosene type jet fuel,ESTO,1,3,1,0,2,extra_factorised_targets
leap_to_esto,BOTH,LEAP,Transport non road/Nonspecified transport,LPG,ESTO,1,6,1,0,5,extra_factorised_targets
leap_to_esto,BOTH,LEAP,Transport non road/Nonspecified transport,Lubricants,ESTO,1,2,1,0,1,extra_factorised_targets
leap_to_esto,BOTH,LEAP,Transport non road/Nonspecified transport,Motor gasoline,ESTO,1,4,1,0,3,extra_factorised_targets
leap_to_esto,BOTH,LEAP,Transport non road/Nonspecified transport,Natural gas,ESTO,1,5,1,0,4,extra_factorised_targets
leap_to_esto,BOTH,LEAP,Transport non road/Nonspecified transport,Other products,ESTO,1,1,1,0,0,lossless_without_override
leap_to_esto,BOTH,LEAP,Transport non road/Passenger non road/Air,Aviation gasoline,ESTO,1,2,1,0,1,extra_factorised_targets
leap_to_esto,BOTH,LEAP,Transport non road/Passenger non road/Air,Bio jet kerosene,ESTO,1,1,1,0,0,lossless_without_override
leap_to_esto,BOTH,LEAP,Transport non road/Passenger non road/Air,Efuel,ESTO,1,0,0,1,0,missing_current_targets
leap_to_esto,BOTH,LEAP,Transport non road/Passenger non road/Air,Electricity,ESTO,1,0,0,1,0,missing_current_targets
leap_to_esto,BOTH,LEAP,Transport non road/Passenger non road/Air,Gas and diesel oil,ESTO,1,2,1,0,1,extra_factorised_targets
leap_to_esto,BOTH,LEAP,Transport non road/Passenger non road/Air,Hydrogen,ESTO,1,0,0,1,0,missing_current_targets
leap_to_esto,BOTH,LEAP,Transport non road/Passenger non road/Air,Kerosene type jet fuel,ESTO,1,2,1,0,1,extra_factorised_targets
leap_to_esto,BOTH,LEAP,Transport non road/Passenger non road/Air,Motor gasoline,ESTO,1,1,1,0,0,lossless_without_override
leap_to_esto,BOTH,LEAP,Transport non road/Passenger non road/Rail,Biodiesel,ESTO,1,1,1,0,0,lossless_without_override
leap_to_esto,BOTH,LEAP,Transport non road/Passenger non road/Rail,Coal tar,ESTO,1,1,1,0,0,lossless_without_override
leap_to_esto,BOTH,LEAP,Transport non road/Passenger non road/Rail,Efuel,ESTO,1,0,0,1,0,missing_current_targets
leap_to_esto,BOTH,LEAP,Transport non road/Passenger non road/Rail,Electricity,ESTO,1,1,1,0,0,lossless_without_override
leap_to_esto,BOTH,LEAP,Transport non road/Passenger non road/Rail,Fuel oil,ESTO,1,2,1,0,1,extra_factorised_targets
leap_to_esto,BOTH,LEAP,Transport non road/Passenger non road/Rail,Gas and diesel oil,ESTO,1,2,1,0,1,extra_factorised_targets
leap_to_esto,BOTH,LEAP,Transport non road/Passenger non road/Rail,Hydrogen,ESTO,1,1,0,1,1,missing_and_extra_targets
leap_to_esto,BOTH,LEAP,Transport non road/Passenger non road/Rail,LPG,ESTO,1,2,1,0,1,extra_factorised_targets
leap_to_esto,BOTH,LEAP,Transport non road/Passenger non road/Rail,Motor gasoline,ESTO,1,2,1,0,1,extra_factorised_targets
leap_to_esto,BOTH,LEAP,Transport non road/Passenger non road/Rail,Other bituminous coal,ESTO,1,1,1,0,0,lossless_without_override
leap_to_esto,BOTH,LEAP,Transport non road/Passenger non road/Shipping,Ammonia,ESTO,1,0,0,1,0,missing_current_targets
leap_to_esto,BOTH,LEAP,Transport non road/Passenger non road/Shipping,Biodiesel,ESTO,1,1,1,0,0,lossless_without_override
leap_to_esto,BOTH,LEAP,Transport non road/Passenger non road/Shipping,Biogasoline,ESTO,1,0,0,1,0,missing_current_targets
leap_to_esto,BOTH,LEAP,Transport non road/Passenger non road/Shipping,Efuel,ESTO,1,0,0,1,0,missing_current_targets
leap_to_esto,BOTH,LEAP,Transport non road/Passenger non road/Shipping,Electricity,ESTO,1,1,1,0,0,lossless_without_override
leap_to_esto,BOTH,LEAP,Transport non road/Passenger non road/Shipping,Fuel oil,ESTO,1,2,1,0,1,extra_factorised_targets
leap_to_esto,BOTH,LEAP,Transport non road/Passenger non road/Shipping,Gas and diesel oil,ESTO,1,2,1,0,1,extra_factorised_targets
leap_to_esto,BOTH,LEAP,Transport non road/Passenger non road/Shipping,Hydrogen,ESTO,1,1,0,1,1,missing_and_extra_targets
leap_to_esto,BOTH,LEAP,Transport non road/Passenger non road/Shipping,Kerosene,ESTO,1,1,1,0,0,lossless_without_override
leap_to_esto,BOTH,LEAP,Transport non road/Passenger non road/Shipping,LNG,ESTO,1,0,0,1,0,missing_current_targets
leap_to_esto,BOTH,LEAP,Transport non road/Passenger non road/Shipping,LPG,ESTO,1,2,1,0,1,extra_factorised_targets
leap_to_esto,BOTH,LEAP,Transport non road/Passenger non road/Shipping,Motor gasoline,ESTO,1,1,1,0,0,lossless_without_override
leap_to_esto,BOTH,LEAP,Transport non road/Pipeline transport,Electricity,ESTO,1,1,1,0,0,lossless_without_override
leap_to_esto,BOTH,LEAP,Transport non road/Pipeline transport,Fuel oil,ESTO,1,2,1,0,1,extra_factorised_targets
leap_to_esto,BOTH,LEAP,Transport non road/Pipeline transport,Gas and diesel oil,ESTO,1,2,1,0,1,extra_factorised_targets
leap_to_esto,BOTH,LEAP,Transport non road/Pipeline transport,LPG,ESTO,1,2,1,0,1,extra_factorised_targets
leap_to_esto,BOTH,LEAP,Transport non road/Pipeline transport,Motor gasoline,ESTO,1,1,1,0,0,lossless_without_override
leap_to_esto,BOTH,LEAP,Transport non road/Pipeline transport,Natural gas,ESTO,1,2,1,0,1,extra_factorised_targets
leap_to_esto,ESTO_EXTENDED,LEAP,CHP plants/Processes/Coal CHP,Electricity,ESTO,1,1,1,0,0,lossless_without_override
leap_to_ninth,NINTH,LEAP,Agriculture and fishing,Aviation gasoline,NINTH,1,1,1,0,0,lossless_without_override
leap_to_ninth,NINTH,LEAP,Agriculture and fishing,Bagasse,NINTH,1,1,1,0,0,lossless_without_override
leap_to_ninth,NINTH,LEAP,Agriculture and fishing,Biodiesel,NINTH,1,1,1,0,0,lossless_without_override
leap_to_ninth,NINTH,LEAP,Agriculture and fishing,Biogas,NINTH,1,1,1,0,0,lossless_without_override
leap_to_ninth,NINTH,LEAP,Agriculture and fishing,Biogasoline,NINTH,1,1,1,0,0,lossless_without_override
leap_to_ninth,NINTH,LEAP,Agriculture and fishing,Charcoal,NINTH,1,1,1,0,0,lossless_without_override
leap_to_ninth,NINTH,LEAP,Agriculture and fishing,Coke oven coke,NINTH,1,1,1,0,0,lossless_without_override
leap_to_ninth,NINTH,LEAP,Agriculture and fishing,Coking coal,NINTH,1,1,1,0,0,lossless_without_override
leap_to_ninth,NINTH,LEAP,Agriculture and fishing,Crude oil,NINTH,1,1,1,0,0,lossless_without_override
leap_to_ninth,NINTH,LEAP,Agriculture and fishing,Electricity,NINTH,1,1,1,0,0,lossless_without_override
leap_to_ninth,NINTH,LEAP,Agriculture and fishing,Fuel oil,NINTH,1,1,1,0,0,lossless_without_override
leap_to_ninth,NINTH,LEAP,Agriculture and fishing,Fuelwood and woodwaste,NINTH,1,1,1,0,0,lossless_without_override
leap_to_ninth,NINTH,LEAP,Agriculture and fishing,Gas and diesel oil,NINTH,1,1,1,0,0,lossless_without_override
leap_to_ninth,NINTH,LEAP,Agriculture and fishing,Geothermal,NINTH,1,1,1,0,0,lossless_without_override
leap_to_ninth,NINTH,LEAP,Agriculture and fishing,Heat,NINTH,1,1,1,0,0,lossless_without_override
leap_to_ninth,NINTH,LEAP,Agriculture and fishing,Hydrogen,NINTH,1,0,0,1,0,missing_current_targets
leap_to_ninth,NINTH,LEAP,Agriculture and fishing,Industrial waste,NINTH,1,1,1,0,0,lossless_without_override
leap_to_ninth,NINTH,LEAP,Agriculture and fishing,Kerosene,NINTH,1,1,1,0,0,lossless_without_override
leap_to_ninth,NINTH,LEAP,Agriculture and fishing,Kerosene type jet fuel,NINTH,1,1,1,0,0,lossless_without_override
leap_to_ninth,NINTH,LEAP,Agriculture and fishing,LPG,NINTH,1,1,1,0,0,lossless_without_override
leap_to_ninth,NINTH,LEAP,Agriculture and fishing,Lignite,NINTH,1,1,1,0,0,lossless_without_override
leap_to_ninth,NINTH,LEAP,Agriculture and fishing,Lubricants,NINTH,1,1,1,0,0,lossless_without_override
leap_to_ninth,NINTH,LEAP,Agriculture and fishing,Motor gasoline,NINTH,1,1,1,0,0,lossless_without_override
leap_to_ninth,NINTH,LEAP,Agriculture and fishing,Municipal solid waste non renewable,NINTH,1,1,1,0,0,lossless_without_override
leap_to_ninth,NINTH,LEAP,Agriculture and fishing,Municipal solid waste renewable,NINTH,1,1,1,0,0,lossless_without_override
leap_to_ninth,NINTH,LEAP,Agriculture and fishing,Natural gas,NINTH,1,1,1,0,0,lossless_without_override
leap_to_ninth,NINTH,LEAP,Agriculture and fishing,Natural gas liquids,NINTH,1,1,1,0,0,lossless_without_override
leap_to_ninth,NINTH,LEAP,Agriculture and fishing,Other biomass,NINTH,1,1,1,0,0,lossless_without_override
leap_to_ninth,NINTH,LEAP,Agriculture and fishing,Other bituminous coal,NINTH,1,1,1,0,0,lossless_without_override
leap_to_ninth,NINTH,LEAP,Agriculture and fishing,Other liquid biofuels,NINTH,1,0,0,1,0,missing_current_targets
leap_to_ninth,NINTH,LEAP,Agriculture and fishing,Other sources,NINTH,1,0,0,1,0,missing_current_targets
leap_to_ninth,NINTH,LEAP,Agriculture and fishing,Patent fuel,NINTH,1,1,1,0,0,lossless_without_override
leap_to_ninth,NINTH,LEAP,Agriculture and fishing,Peat,NINTH,1,1,1,0,0,lossless_without_override
leap_to_ninth,NINTH,LEAP,Agriculture and fishing,Peat products,NINTH,1,1,1,0,0,lossless_without_override
leap_to_ninth,NINTH,LEAP,Agriculture and fishing,Sub bituminous coal,NINTH,1,1,1,0,0,lossless_without_override
leap_to_ninth,NINTH,LEAP,Buildings,Anthracite,NINTH,1,1,1,0,0,lossless_without_override
leap_to_ninth,NINTH,LEAP,Buildings,Aviation gasoline,NINTH,1,1,1,0,0,lossless_without_override
leap_to_ninth,NINTH,LEAP,Buildings,BKB and PB,NINTH,1,1,1,0,0,lossless_without_override
leap_to_ninth,NINTH,LEAP,Buildings,Bagasse,NINTH,1,1,1,0,0,lossless_without_override
leap_to_ninth,NINTH,LEAP,Buildings,Biodiesel,NINTH,1,1,1,0,0,lossless_without_override
leap_to_ninth,NINTH,LEAP,Buildings,Biogas,NINTH,1,1,1,0,0,lossless_without_override
leap_to_ninth,NINTH,LEAP,Buildings,Biogasoline,NINTH,1,1,1,0,0,lossless_without_override
leap_to_ninth,NINTH,LEAP,Buildings,Blast furnace gas,NINTH,1,1,1,0,0,lossless_without_override
leap_to_ninth,NINTH,LEAP,Buildings,Charcoal,NINTH,1,1,1,0,0,lossless_without_override
leap_to_ninth,NINTH,LEAP,Buildings,Coal tar,NINTH,1,1,1,0,0,lossless_without_override
leap_to_ninth,NINTH,LEAP,Buildings,Coke oven coke,NINTH,1,1,1,0,0,lossless_without_override
leap_to_ninth,NINTH,LEAP,Buildings,Coke oven gas,NINTH,1,1,1,0,0,lossless_without_override
leap_to_ninth,NINTH,LEAP,Buildings,Electricity,NINTH,1,1,1,0,0,lossless_without_override
leap_to_ninth,NINTH,LEAP,Buildings,Fuel oil,NINTH,1,1,1,0,0,lossless_without_override
leap_to_ninth,NINTH,LEAP,Buildings,Fuelwood and woodwaste,NINTH,1,1,1,0,0,lossless_without_override
leap_to_ninth,NINTH,LEAP,Buildings,Gas and diesel oil,NINTH,1,1,1,0,0,lossless_without_override
leap_to_ninth,NINTH,LEAP,Buildings,Gas works gas,NINTH,1,1,1,0,0,lossless_without_override
leap_to_ninth,NINTH,LEAP,Buildings,Geothermal,NINTH,1,1,1,0,0,lossless_without_override
leap_to_ninth,NINTH,LEAP,Buildings,Heat,NINTH,1,1,1,0,0,lossless_without_override
leap_to_ninth,NINTH,LEAP,Buildings,Hydrogen,NINTH,1,1,1,0,0,lossless_without_override
leap_to_ninth,NINTH,LEAP,Buildings,Industrial waste,NINTH,1,1,1,0,0,lossless_without_override
leap_to_ninth,NINTH,LEAP,Buildings,Kerosene,NINTH,1,1,1,0,0,lossless_without_override
leap_to_ninth,NINTH,LEAP,Buildings,Kerosene type jet fuel,NINTH,1,1,1,0,0,lossless_without_override
leap_to_ninth,NINTH,LEAP,Buildings,LPG,NINTH,1,1,1,0,0,lossless_without_override
leap_to_ninth,NINTH,LEAP,Buildings,Lignite,NINTH,1,1,1,0,0,lossless_without_override
leap_to_ninth,NINTH,LEAP,Buildings,Motor gasoline,NINTH,1,1,1,0,0,lossless_without_override
leap_to_ninth,NINTH,LEAP,Buildings,Municipal solid waste non renewable,NINTH,1,1,1,0,0,lossless_without_override
leap_to_ninth,NINTH,LEAP,Buildings,Municipal solid waste renewable,NINTH,1,1,1,0,0,lossless_without_override
leap_to_ninth,NINTH,LEAP,Buildings,Natural gas,NINTH,1,1,1,0,0,lossless_without_override
leap_to_ninth,NINTH,LEAP,Buildings,Other biomass,NINTH,1,1,1,0,0,lossless_without_override
leap_to_ninth,NINTH,LEAP,Buildings,Other bituminous coal,NINTH,1,1,1,0,0,lossless_without_override
leap_to_ninth,NINTH,LEAP,Buildings,Other recovered gases,NINTH,1,1,1,0,0,lossless_without_override
leap_to_ninth,NINTH,LEAP,Buildings,Patent fuel,NINTH,1,1,1,0,0,lossless_without_override
leap_to_ninth,NINTH,LEAP,Buildings,Peat,NINTH,1,1,1,0,0,lossless_without_override
leap_to_ninth,NINTH,LEAP,Buildings,Peat products,NINTH,1,1,1,0,0,lossless_without_override
leap_to_ninth,NINTH,LEAP,Buildings,Solar nonspecified,NINTH,2,1,1,1,0,missing_current_targets
leap_to_ninth,NINTH,LEAP,Buildings,Sub bituminous coal,NINTH,1,1,1,0,0,lossless_without_override
leap_to_ninth,NINTH,LEAP,Buildings/Residential,Anthracite,NINTH,1,1,1,0,0,lossless_without_override
leap_to_ninth,NINTH,LEAP,Buildings/Residential,BKB and PB,NINTH,1,1,1,0,0,lossless_without_override
leap_to_ninth,NINTH,LEAP,Buildings/Residential,Bagasse,NINTH,1,1,1,0,0,lossless_without_override
leap_to_ninth,NINTH,LEAP,Buildings/Residential,Biodiesel,NINTH,1,1,1,0,0,lossless_without_override
leap_to_ninth,NINTH,LEAP,Buildings/Residential,Biogas,NINTH,1,1,1,0,0,lossless_without_override
leap_to_ninth,NINTH,LEAP,Buildings/Residential,Biogasoline,NINTH,1,1,1,0,0,lossless_without_override
leap_to_ninth,NINTH,LEAP,Buildings/Residential,Charcoal,NINTH,1,1,1,0,0,lossless_without_override
leap_to_ninth,NINTH,LEAP,Buildings/Residential,Coke oven gas,NINTH,1,1,1,0,0,lossless_without_override
leap_to_ninth,NINTH,LEAP,Buildings/Residential,Electricity,NINTH,1,1,1,0,0,lossless_without_override
leap_to_ninth,NINTH,LEAP,Buildings/Residential,Fuel oil,NINTH,1,1,1,0,0,lossless_without_override
leap_to_ninth,NINTH,LEAP,Buildings/Residential,Fuelwood and woodwaste,NINTH,1,1,1,0,0,lossless_without_override
leap_to_ninth,NINTH,LEAP,Buildings/Residential,Gas and diesel oil,NINTH,1,1,1,0,0,lossless_without_override
leap_to_ninth,NINTH,LEAP,Buildings/Residential,Gas works gas,NINTH,1,1,1,0,0,lossless_without_override
leap_to_ninth,NINTH,LEAP,Buildings/Residential,Geothermal,NINTH,1,1,1,0,0,lossless_without_override
leap_to_ninth,NINTH,LEAP,Buildings/Residential,Heat,NINTH,1,1,1,0,0,lossless_without_override
leap_to_ninth,NINTH,LEAP,Buildings/Residential,Kerosene,NINTH,1,1,1,0,0,lossless_without_override
leap_to_ninth,NINTH,LEAP,Buildings/Residential,LPG,NINTH,1,1,1,0,0,lossless_without_override
leap_to_ninth,NINTH,LEAP,Buildings/Residential,Lignite,NINTH,1,1,1,0,0,lossless_without_override
leap_to_ninth,NINTH,LEAP,Buildings/Residential,Motor gasoline,NINTH,1,1,1,0,0,lossless_without_override
leap_to_ninth,NINTH,LEAP,Buildings/Residential,Natural gas,NINTH,1,1,1,0,0,lossless_without_override
leap_to_ninth,NINTH,LEAP,Buildings/Residential,Other biomass,NINTH,1,1,1,0,0,lossless_without_override
leap_to_ninth,NINTH,LEAP,Buildings/Residential,Other bituminous coal,NINTH,1,1,1,0,0,lossless_without_override
leap_to_ninth,NINTH,LEAP,Buildings/Residential,Patent fuel,NINTH,1,1,1,0,0,lossless_without_override
leap_to_ninth,NINTH,LEAP,Buildings/Residential,Peat,NINTH,1,1,1,0,0,lossless_without_override
leap_to_ninth,NINTH,LEAP,Buildings/Residential,Peat products,NINTH,1,1,1,0,0,lossless_without_override
leap_to_ninth,NINTH,LEAP,Buildings/Residential,Solar nonspecified,NINTH,2,1,1,1,0,missing_current_targets
leap_to_ninth,NINTH,LEAP,Buildings/Residential,Sub bituminous coal,NINTH,1,1,1,0,0,lossless_without_override
leap_to_ninth,NINTH,LEAP,Buildings/Services,Anthracite,NINTH,1,0,0,1,0,missing_current_targets
leap_to_ninth,NINTH,LEAP,Buildings/Services,Aviation gasoline,NINTH,1,0,0,1,0,missing_current_targets
leap_to_ninth,NINTH,LEAP,Buildings/Services,BKB and PB,NINTH,1,0,0,1,0,missing_current_targets
leap_to_ninth,NINTH,LEAP,Buildings/Services,Biodiesel,NINTH,1,0,0,1,0,missing_current_targets
leap_to_ninth,NINTH,LEAP,Buildings/Services,Biogas,NINTH,1,0,0,1,0,missing_current_targets
leap_to_ninth,NINTH,LEAP,Buildings/Services,Biogasoline,NINTH,1,0,0,1,0,missing_current_targets
leap_to_ninth,NINTH,LEAP,Buildings/Services,Blast furnace gas,NINTH,1,0,0,1,0,missing_current_targets
leap_to_ninth,NINTH,LEAP,Buildings/Services,Charcoal,NINTH,1,0,0,1,0,missing_current_targets
leap_to_ninth,NINTH,LEAP,Buildings/Services,Coal tar,NINTH,1,0,0,1,0,missing_current_targets
leap_to_ninth,NINTH,LEAP,Buildings/Services,Coke oven coke,NINTH,1,0,0,1,0,missing_current_targets
leap_to_ninth,NINTH,LEAP,Buildings/Services,Coke oven gas,NINTH,1,0,0,1,0,missing_current_targets
leap_to_ninth,NINTH,LEAP,Buildings/Services,Electricity,NINTH,1,0,0,1,0,missing_current_targets
leap_to_ninth,NINTH,LEAP,Buildings/Services,Fuel oil,NINTH,1,0,0,1,0,missing_current_targets
leap_to_ninth,NINTH,LEAP,Buildings/Services,Fuelwood and woodwaste,NINTH,1,0,0,1,0,missing_current_targets
leap_to_ninth,NINTH,LEAP,Buildings/Services,Gas and diesel oil,NINTH,1,0,0,1,0,missing_current_targets
leap_to_ninth,NINTH,LEAP,Buildings/Services,Gas works gas,NINTH,1,0,0,1,0,missing_current_targets
leap_to_ninth,NINTH,LEAP,Buildings/Services,Geothermal,NINTH,1,0,0,1,0,missing_current_targets
leap_to_ninth,NINTH,LEAP,Buildings/Services,Heat,NINTH,1,0,0,1,0,missing_current_targets
leap_to_ninth,NINTH,LEAP,Buildings/Services,Hydrogen,NINTH,1,0,0,1,0,missing_current_targets
leap_to_ninth,NINTH,LEAP,Buildings/Services,Industrial waste,NINTH,1,0,0,1,0,missing_current_targets
leap_to_ninth,NINTH,LEAP,Buildings/Services,Kerosene,NINTH,1,0,0,1,0,missing_current_targets
leap_to_ninth,NINTH,LEAP,Buildings/Services,Kerosene type jet fuel,NINTH,1,0,0,1,0,missing_current_targets
leap_to_ninth,NINTH,LEAP,Buildings/Services,LPG,NINTH,1,0,0,1,0,missing_current_targets
leap_to_ninth,NINTH,LEAP,Buildings/Services,Lignite,NINTH,1,0,0,1,0,missing_current_targets
leap_to_ninth,NINTH,LEAP,Buildings/Services,Motor gasoline,NINTH,1,0,0,1,0,missing_current_targets
leap_to_ninth,NINTH,LEAP,Buildings/Services,Municipal solid waste non renewable,NINTH,1,0,0,1,0,missing_current_targets
leap_to_ninth,NINTH,LEAP,Buildings/Services,Municipal solid waste renewable,NINTH,1,0,0,1,0,missing_current_targets
leap_to_ninth,NINTH,LEAP,Buildings/Services,Natural gas,NINTH,1,0,0,1,0,missing_current_targets
leap_to_ninth,NINTH,LEAP,Buildings/Services,Other biomass,NINTH,1,0,0,1,0,missing_current_targets
leap_to_ninth,NINTH,LEAP,Buildings/Services,Other bituminous coal,NINTH,1,0,0,1,0,missing_current_targets
leap_to_ninth,NINTH,LEAP,Buildings/Services,Other recovered gases,NINTH,1,0,0,1,0,missing_current_targets
leap_to_ninth,NINTH,LEAP,Buildings/Services,Patent fuel,NINTH,1,0,0,1,0,missing_current_targets
leap_to_ninth,NINTH,LEAP,Buildings/Services,Solar nonspecified,NINTH,2,0,0,2,0,missing_current_targets
leap_to_ninth,NINTH,LEAP,Buildings/Services,Sub bituminous coal,NINTH,1,0,0,1,0,missing_current_targets
leap_to_ninth,NINTH,LEAP,Buildings/Services/Data_Centers,Anthracite,NINTH,2,0,0,2,0,missing_current_targets
leap_to_ninth,NINTH,LEAP,Buildings/Services/Data_Centers,Aviation gasoline,NINTH,2,0,0,2,0,missing_current_targets
leap_to_ninth,NINTH,LEAP,Buildings/Services/Data_Centers,BKB and PB,NINTH,2,0,0,2,0,missing_current_targets
leap_to_ninth,NINTH,LEAP,Buildings/Services/Data_Centers,Biodiesel,NINTH,2,0,0,2,0,missing_current_targets
leap_to_ninth,NINTH,LEAP,Buildings/Services/Data_Centers,Biogas,NINTH,2,0,0,2,0,missing_current_targets
leap_to_ninth,NINTH,LEAP,Buildings/Services/Data_Centers,Biogasoline,NINTH,2,0,0,2,0,missing_current_targets
leap_to_ninth,NINTH,LEAP,Buildings/Services/Data_Centers,Blast furnace gas,NINTH,2,0,0,2,0,missing_current_targets
leap_to_ninth,NINTH,LEAP,Buildings/Services/Data_Centers,Charcoal,NINTH,2,0,0,2,0,missing_current_targets
leap_to_ninth,NINTH,LEAP,Buildings/Services/Data_Centers,Coal tar,NINTH,2,0,0,2,0,missing_current_targets
leap_to_ninth,NINTH,LEAP,Buildings/Services/Data_Centers,Coke oven coke,NINTH,2,0,0,2,0,missing_current_targets
leap_to_ninth,NINTH,LEAP,Buildings/Services/Data_Centers,Coke oven gas,NINTH,2,0,0,2,0,missing_current_targets
leap_to_ninth,NINTH,LEAP,Buildings/Services/Data_Centers,Electricity,NINTH,2,2,2,0,0,lossless_without_override
leap_to_ninth,NINTH,LEAP,Buildings/Services/Data_Centers,Fuel oil,NINTH,2,0,0,2,0,missing_current_targets
leap_to_ninth,NINTH,LEAP,Buildings/Services/Data_Centers,Fuelwood and woodwaste,NINTH,2,0,0,2,0,missing_current_targets
leap_to_ninth,NINTH,LEAP,Buildings/Services/Data_Centers,Gas and diesel oil,NINTH,2,0,0,2,0,missing_current_targets
leap_to_ninth,NINTH,LEAP,Buildings/Services/Data_Centers,Gas works gas,NINTH,2,0,0,2,0,missing_current_targets
leap_to_ninth,NINTH,LEAP,Buildings/Services/Data_Centers,Geothermal,NINTH,2,0,0,2,0,missing_current_targets
leap_to_ninth,NINTH,LEAP,Buildings/Services/Data_Centers,Heat,NINTH,2,0,0,2,0,missing_current_targets
leap_to_ninth,NINTH,LEAP,Buildings/Services/Data_Centers,Hydrogen,NINTH,2,0,0,2,0,missing_current_targets
leap_to_ninth,NINTH,LEAP,Buildings/Services/Data_Centers,Industrial waste,NINTH,2,0,0,2,0,missing_current_targets
leap_to_ninth,NINTH,LEAP,Buildings/Services/Data_Centers,Kerosene,NINTH,2,0,0,2,0,missing_current_targets
leap_to_ninth,NINTH,LEAP,Buildings/Services/Data_Centers,Kerosene type jet fuel,NINTH,2,0,0,2,0,missing_current_targets
leap_to_ninth,NINTH,LEAP,Buildings/Services/Data_Centers,LPG,NINTH,2,0,0,2,0,missing_current_targets
leap_to_ninth,NINTH,LEAP,Buildings/Services/Data_Centers,Lignite,NINTH,2,0,0,2,0,missing_current_targets
leap_to_ninth,NINTH,LEAP,Buildings/Services/Data_Centers,Motor gasoline,NINTH,2,0,0,2,0,missing_current_targets
leap_to_ninth,NINTH,LEAP,Buildings/Services/Data_Centers,Municipal solid waste non renewable,NINTH,2,0,0,2,0,missing_current_targets
leap_to_ninth,NINTH,LEAP,Buildings/Services/Data_Centers,Municipal solid waste renewable,NINTH,2,0,0,2,0,missing_current_targets
leap_to_ninth,NINTH,LEAP,Buildings/Services/Data_Centers,Natural gas,NINTH,2,0,0,2,0,missing_current_targets
leap_to_ninth,NINTH,LEAP,Buildings/Services/Data_Centers,Other biomass,NINTH,2,0,0,2,0,missing_current_targets
leap_to_ninth,NINTH,LEAP,Buildings/Services/Data_Centers,Other bituminous coal,NINTH,2,0,0,2,0,missing_current_targets
leap_to_ninth,NINTH,LEAP,Buildings/Services/Data_Centers,Other recovered gases,NINTH,2,0,0,2,0,missing_current_targets
leap_to_ninth,NINTH,LEAP,Buildings/Services/Data_Centers,Patent fuel,NINTH,2,0,0,2,0,missing_current_targets
leap_to_ninth,NINTH,LEAP,Buildings/Services/Data_Centers,Solar nonspecified,NINTH,4,0,0,4,0,missing_current_targets
leap_to_ninth,NINTH,LEAP,Buildings/Services/Data_Centers,Sub bituminous coal,NINTH,2,0,0,2,0,missing_current_targets
leap_to_ninth,NINTH,LEAP,Buildings/Services/Educational,Anthracite,NINTH,1,1,1,0,0,lossless_without_override
leap_to_ninth,NINTH,LEAP,Buildings/Services/Educational,Aviation gasoline,NINTH,1,1,1,0,0,lossless_without_override
leap_to_ninth,NINTH,LEAP,Buildings/Services/Educational,BKB and PB,NINTH,1,1,1,0,0,lossless_without_override
leap_to_ninth,NINTH,LEAP,Buildings/Services/Educational,Biodiesel,NINTH,1,1,1,0,0,lossless_without_override
leap_to_ninth,NINTH,LEAP,Buildings/Services/Educational,Biogas,NINTH,1,1,1,0,0,lossless_without_override
leap_to_ninth,NINTH,LEAP,Buildings/Services/Educational,Biogasoline,NINTH,1,1,1,0,0,lossless_without_override
leap_to_ninth,NINTH,LEAP,Buildings/Services/Educational,Blast furnace gas,NINTH,1,1,1,0,0,lossless_without_override
leap_to_ninth,NINTH,LEAP,Buildings/Services/Educational,Charcoal,NINTH,1,1,1,0,0,lossless_without_override
leap_to_ninth,NINTH,LEAP,Buildings/Services/Educational,Coal tar,NINTH,1,1,1,0,0,lossless_without_override
leap_to_ninth,NINTH,LEAP,Buildings/Services/Educational,Coke oven coke,NINTH,1,1,1,0,0,lossless_without_override
leap_to_ninth,NINTH,LEAP,Buildings/Services/Educational,Coke oven gas,NINTH,1,1,1,0,0,lossless_without_override
leap_to_ninth,NINTH,LEAP,Buildings/Services/Educational,Electricity,NINTH,1,1,1,0,0,lossless_without_override
leap_to_ninth,NINTH,LEAP,Buildings/Services/Educational,Fuel oil,NINTH,1,1,1,0,0,lossless_without_override
leap_to_ninth,NINTH,LEAP,Buildings/Services/Educational,Fuelwood and woodwaste,NINTH,1,1,1,0,0,lossless_without_override
leap_to_ninth,NINTH,LEAP,Buildings/Services/Educational,Gas and diesel oil,NINTH,1,1,1,0,0,lossless_without_override
leap_to_ninth,NINTH,LEAP,Buildings/Services/Educational,Gas works gas,NINTH,1,1,1,0,0,lossless_without_override
leap_to_ninth,NINTH,LEAP,Buildings/Services/Educational,Geothermal,NINTH,1,1,1,0,0,lossless_without_override
leap_to_ninth,NINTH,LEAP,Buildings/Services/Educational,Heat,NINTH,1,1,1,0,0,lossless_without_override
leap_to_ninth,NINTH,LEAP,Buildings/Services/Educational,Hydrogen,NINTH,1,1,1,0,0,lossless_without_override
leap_to_ninth,NINTH,LEAP,Buildings/Services/Educational,Industrial waste,NINTH,1,1,1,0,0,lossless_without_override
leap_to_ninth,NINTH,LEAP,Buildings/Services/Educational,Kerosene,NINTH,1,1,1,0,0,lossless_without_override
leap_to_ninth,NINTH,LEAP,Buildings/Services/Educational,Kerosene type jet fuel,NINTH,1,1,1,0,0,lossless_without_override
leap_to_ninth,NINTH,LEAP,Buildings/Services/Educational,LPG,NINTH,1,1,1,0,0,lossless_without_override
leap_to_ninth,NINTH,LEAP,Buildings/Services/Educational,Lignite,NINTH,1,1,1,0,0,lossless_without_override
leap_to_ninth,NINTH,LEAP,Buildings/Services/Educational,Motor gasoline,NINTH,1,1,1,0,0,lossless_without_override
leap_to_ninth,NINTH,LEAP,Buildings/Services/Educational,Municipal solid waste non renewable,NINTH,1,1,1,0,0,lossless_without_override
leap_to_ninth,NINTH,LEAP,Buildings/Services/Educational,Municipal solid waste renewable,NINTH,1,1,1,0,0,lossless_without_override
leap_to_ninth,NINTH,LEAP,Buildings/Services/Educational,Natural gas,NINTH,1,1,1,0,0,lossless_without_override
leap_to_ninth,NINTH,LEAP,Buildings/Services/Educational,Other biomass,NINTH,1,1,1,0,0,lossless_without_override
leap_to_ninth,NINTH,LEAP,Buildings/Services/Educational,Other bituminous coal,NINTH,1,1,1,0,0,lossless_without_override
leap_to_ninth,NINTH,LEAP,Buildings/Services/Educational,Other recovered gases,NINTH,1,1,1,0,0,lossless_without_override
leap_to_ninth,NINTH,LEAP,Buildings/Services/Educational,Patent fuel,NINTH,1,1,1,0,0,lossless_without_override
leap_to_ninth,NINTH,LEAP,Buildings/Services/Educational,Solar nonspecified,NINTH,2,1,1,1,0,missing_current_targets
leap_to_ninth,NINTH,LEAP,Buildings/Services/Educational,Sub bituminous coal,NINTH,1,1,1,0,0,lossless_without_override
leap_to_ninth,NINTH,LEAP,Buildings/Services/Hospitals,Anthracite,NINTH,1,1,1,0,0,lossless_without_override
leap_to_ninth,NINTH,LEAP,Buildings/Services/Hospitals,Aviation gasoline,NINTH,1,1,1,0,0,lossless_without_override
leap_to_ninth,NINTH,LEAP,Buildings/Services/Hospitals,BKB and PB,NINTH,1,1,1,0,0,lossless_without_override
leap_to_ninth,NINTH,LEAP,Buildings/Services/Hospitals,Biodiesel,NINTH,1,1,1,0,0,lossless_without_override
leap_to_ninth,NINTH,LEAP,Buildings/Services/Hospitals,Biogas,NINTH,1,1,1,0,0,lossless_without_override
leap_to_ninth,NINTH,LEAP,Buildings/Services/Hospitals,Biogasoline,NINTH,1,1,1,0,0,lossless_without_override
leap_to_ninth,NINTH,LEAP,Buildings/Services/Hospitals,Blast furnace gas,NINTH,1,1,1,0,0,lossless_without_override
leap_to_ninth,NINTH,LEAP,Buildings/Services/Hospitals,Charcoal,NINTH,1,1,1,0,0,lossless_without_override
leap_to_ninth,NINTH,LEAP,Buildings/Services/Hospitals,Coal tar,NINTH,1,1,1,0,0,lossless_without_override
leap_to_ninth,NINTH,LEAP,Buildings/Services/Hospitals,Coke oven coke,NINTH,1,1,1,0,0,lossless_without_override
leap_to_ninth,NINTH,LEAP,Buildings/Services/Hospitals,Coke oven gas,NINTH,1,1,1,0,0,lossless_without_override
leap_to_ninth,NINTH,LEAP,Buildings/Services/Hospitals,Electricity,NINTH,1,1,1,0,0,lossless_without_override
leap_to_ninth,NINTH,LEAP,Buildings/Services/Hospitals,Fuel oil,NINTH,1,1,1,0,0,lossless_without_override
leap_to_ninth,NINTH,LEAP,Buildings/Services/Hospitals,Fuelwood and woodwaste,NINTH,1,1,1,0,0,lossless_without_override
leap_to_ninth,NINTH,LEAP,Buildings/Services/Hospitals,Gas and diesel oil,NINTH,1,1,1,0,0,lossless_without_override
leap_to_ninth,NINTH,LEAP,Buildings/Services/Hospitals,Gas works gas,NINTH,1,1,1,0,0,lossless_without_override
leap_to_ninth,NINTH,LEAP,Buildings/Services/Hospitals,Geothermal,NINTH,1,1,1,0,0,lossless_without_override
leap_to_ninth,NINTH,LEAP,Buildings/Services/Hospitals,Heat,NINTH,1,1,1,0,0,lossless_without_override
leap_to_ninth,NINTH,LEAP,Buildings/Services/Hospitals,Hydrogen,NINTH,1,1,1,0,0,lossless_without_override
leap_to_ninth,NINTH,LEAP,Buildings/Services/Hospitals,Industrial waste,NINTH,1,1,1,0,0,lossless_without_override
leap_to_ninth,NINTH,LEAP,Buildings/Services/Hospitals,Kerosene,NINTH,1,1,1,0,0,lossless_without_override
leap_to_ninth,NINTH,LEAP,Buildings/Services/Hospitals,Kerosene type jet fuel,NINTH,1,1,1,0,0,lossless_without_override
leap_to_ninth,NINTH,LEAP,Buildings/Services/Hospitals,LPG,NINTH,1,1,1,0,0,lossless_without_override
leap_to_ninth,NINTH,LEAP,Buildings/Services/Hospitals,Lignite,NINTH,1,1,1,0,0,lossless_without_override
leap_to_ninth,NINTH,LEAP,Buildings/Services/Hospitals,Motor gasoline,NINTH,1,1,1,0,0,lossless_without_override
leap_to_ninth,NINTH,LEAP,Buildings/Services/Hospitals,Municipal solid waste non renewable,NINTH,1,1,1,0,0,lossless_without_override
leap_to_ninth,NINTH,LEAP,Buildings/Services/Hospitals,Municipal solid waste renewable,NINTH,1,1,1,0,0,lossless_without_override
leap_to_ninth,NINTH,LEAP,Buildings/Services/Hospitals,Natural gas,NINTH,1,1,1,0,0,lossless_without_override
leap_to_ninth,NINTH,LEAP,Buildings/Services/Hospitals,Other biomass,NINTH,1,1,1,0,0,lossless_without_override
leap_to_ninth,NINTH,LEAP,Buildings/Services/Hospitals,Other bituminous coal,NINTH,1,1,1,0,0,lossless_without_override
leap_to_ninth,NINTH,LEAP,Buildings/Services/Hospitals,Other recovered gases,NINTH,1,1,1,0,0,lossless_without_override
leap_to_ninth,NINTH,LEAP,Buildings/Services/Hospitals,Patent fuel,NINTH,1,1,1,0,0,lossless_without_override
leap_to_ninth,NINTH,LEAP,Buildings/Services/Hospitals,Solar nonspecified,NINTH,2,1,1,1,0,missing_current_targets
leap_to_ninth,NINTH,LEAP,Buildings/Services/Hospitals,Sub bituminous coal,NINTH,1,1,1,0,0,lossless_without_override
leap_to_ninth,NINTH,LEAP,Buildings/Services/Others_Unspecified,Anthracite,NINTH,1,1,1,0,0,lossless_without_override
leap_to_ninth,NINTH,LEAP,Buildings/Services/Others_Unspecified,Aviation gasoline,NINTH,1,1,1,0,0,lossless_without_override
leap_to_ninth,NINTH,LEAP,Buildings/Services/Others_Unspecified,BKB and PB,NINTH,1,1,1,0,0,lossless_without_override
leap_to_ninth,NINTH,LEAP,Buildings/Services/Others_Unspecified,Biodiesel,NINTH,1,1,1,0,0,lossless_without_override
leap_to_ninth,NINTH,LEAP,Buildings/Services/Others_Unspecified,Biogas,NINTH,1,1,1,0,0,lossless_without_override
leap_to_ninth,NINTH,LEAP,Buildings/Services/Others_Unspecified,Biogasoline,NINTH,1,1,1,0,0,lossless_without_override
leap_to_ninth,NINTH,LEAP,Buildings/Services/Others_Unspecified,Blast furnace gas,NINTH,1,1,1,0,0,lossless_without_override
leap_to_ninth,NINTH,LEAP,Buildings/Services/Others_Unspecified,Charcoal,NINTH,1,1,1,0,0,lossless_without_override
leap_to_ninth,NINTH,LEAP,Buildings/Services/Others_Unspecified,Coal tar,NINTH,1,1,1,0,0,lossless_without_override
leap_to_ninth,NINTH,LEAP,Buildings/Services/Others_Unspecified,Coke oven coke,NINTH,1,1,1,0,0,lossless_without_override
leap_to_ninth,NINTH,LEAP,Buildings/Services/Others_Unspecified,Coke oven gas,NINTH,1,1,1,0,0,lossless_without_override
leap_to_ninth,NINTH,LEAP,Buildings/Services/Others_Unspecified,Electricity,NINTH,1,1,1,0,0,lossless_without_override
leap_to_ninth,NINTH,LEAP,Buildings/Services/Others_Unspecified,Fuel oil,NINTH,1,1,1,0,0,lossless_without_override
leap_to_ninth,NINTH,LEAP,Buildings/Services/Others_Unspecified,Fuelwood and woodwaste,NINTH,1,1,1,0,0,lossless_without_override
leap_to_ninth,NINTH,LEAP,Buildings/Services/Others_Unspecified,Gas and diesel oil,NINTH,1,1,1,0,0,lossless_without_override
leap_to_ninth,NINTH,LEAP,Buildings/Services/Others_Unspecified,Gas works gas,NINTH,1,1,1,0,0,lossless_without_override
leap_to_ninth,NINTH,LEAP,Buildings/Services/Others_Unspecified,Geothermal,NINTH,1,1,1,0,0,lossless_without_override
leap_to_ninth,NINTH,LEAP,Buildings/Services/Others_Unspecified,Heat,NINTH,1,1,1,0,0,lossless_without_override
leap_to_ninth,NINTH,LEAP,Buildings/Services/Others_Unspecified,Hydrogen,NINTH,1,1,1,0,0,lossless_without_override
leap_to_ninth,NINTH,LEAP,Buildings/Services/Others_Unspecified,Industrial waste,NINTH,1,1,1,0,0,lossless_without_override
leap_to_ninth,NINTH,LEAP,Buildings/Services/Others_Unspecified,Kerosene,NINTH,1,1,1,0,0,lossless_without_override
leap_to_ninth,NINTH,LEAP,Buildings/Services/Others_Unspecified,Kerosene type jet fuel,NINTH,1,1,1,0,0,lossless_without_override
leap_to_ninth,NINTH,LEAP,Buildings/Services/Others_Unspecified,LPG,NINTH,1,1,1,0,0,lossless_without_override
leap_to_ninth,NINTH,LEAP,Buildings/Services/Others_Unspecified,Lignite,NINTH,1,1,1,0,0,lossless_without_override
leap_to_ninth,NINTH,LEAP,Buildings/Services/Others_Unspecified,Motor gasoline,NINTH,1,1,1,0,0,lossless_without_override
leap_to_ninth,NINTH,LEAP,Buildings/Services/Others_Unspecified,Municipal solid waste non renewable,NINTH,1,1,1,0,0,lossless_without_override
leap_to_ninth,NINTH,LEAP,Buildings/Services/Others_Unspecified,Municipal solid waste renewable,NINTH,1,1,1,0,0,lossless_without_override
leap_to_ninth,NINTH,LEAP,Buildings/Services/Others_Unspecified,Natural gas,NINTH,1,1,1,0,0,lossless_without_override
leap_to_ninth,NINTH,LEAP,Buildings/Services/Others_Unspecified,Other biomass,NINTH,1,1,1,0,0,lossless_without_override
leap_to_ninth,NINTH,LEAP,Buildings/Services/Others_Unspecified,Other bituminous coal,NINTH,1,1,1,0,0,lossless_without_override
leap_to_ninth,NINTH,LEAP,Buildings/Services/Others_Unspecified,Other recovered gases,NINTH,1,1,1,0,0,lossless_without_override
leap_to_ninth,NINTH,LEAP,Buildings/Services/Others_Unspecified,Patent fuel,NINTH,1,1,1,0,0,lossless_without_override
leap_to_ninth,NINTH,LEAP,Buildings/Services/Others_Unspecified,Solar nonspecified,NINTH,2,1,1,1,0,missing_current_targets
leap_to_ninth,NINTH,LEAP,Buildings/Services/Others_Unspecified,Sub bituminous coal,NINTH,1,1,1,0,0,lossless_without_override
leap_to_ninth,NINTH,LEAP,Buildings/Services/Service Buildings,Anthracite,NINTH,1,1,1,0,0,lossless_without_override
leap_to_ninth,NINTH,LEAP,Buildings/Services/Service Buildings,Aviation gasoline,NINTH,1,1,1,0,0,lossless_without_override
leap_to_ninth,NINTH,LEAP,Buildings/Services/Service Buildings,BKB and PB,NINTH,1,1,1,0,0,lossless_without_override
leap_to_ninth,NINTH,LEAP,Buildings/Services/Service Buildings,Biodiesel,NINTH,1,1,1,0,0,lossless_without_override
leap_to_ninth,NINTH,LEAP,Buildings/Services/Service Buildings,Biogas,NINTH,1,1,1,0,0,lossless_without_override
leap_to_ninth,NINTH,LEAP,Buildings/Services/Service Buildings,Biogasoline,NINTH,1,1,1,0,0,lossless_without_override
leap_to_ninth,NINTH,LEAP,Buildings/Services/Service Buildings,Blast furnace gas,NINTH,1,1,1,0,0,lossless_without_override
leap_to_ninth,NINTH,LEAP,Buildings/Services/Service Buildings,Charcoal,NINTH,1,1,1,0,0,lossless_without_override
leap_to_ninth,NINTH,LEAP,Buildings/Services/Service Buildings,Coal tar,NINTH,1,1,1,0,0,lossless_without_override
leap_to_ninth,NINTH,LEAP,Buildings/Services/Service Buildings,Coke oven coke,NINTH,1,1,1,0,0,lossless_without_override
leap_to_ninth,NINTH,LEAP,Buildings/Services/Service Buildings,Coke oven gas,NINTH,1,1,1,0,0,lossless_without_override
leap_to_ninth,NINTH,LEAP,Buildings/Services/Service Buildings,Electricity,NINTH,1,1,1,0,0,lossless_without_override
leap_to_ninth,NINTH,LEAP,Buildings/Services/Service Buildings,Fuel oil,NINTH,1,1,1,0,0,lossless_without_override
leap_to_ninth,NINTH,LEAP,Buildings/Services/Service Buildings,Fuelwood and woodwaste,NINTH,1,1,1,0,0,lossless_without_override
leap_to_ninth,NINTH,LEAP,Buildings/Services/Service Buildings,Gas and diesel oil,NINTH,1,1,1,0,0,lossless_without_override
leap_to_ninth,NINTH,LEAP,Buildings/Services/Service Buildings,Gas works gas,NINTH,1,1,1,0,0,lossless_without_override
leap_to_ninth,NINTH,LEAP,Buildings/Services/Service Buildings,Geothermal,NINTH,1,1,1,0,0,lossless_without_override
leap_to_ninth,NINTH,LEAP,Buildings/Services/Service Buildings,Heat,NINTH,1,1,1,0,0,lossless_without_override
leap_to_ninth,NINTH,LEAP,Buildings/Services/Service Buildings,Hydrogen,NINTH,1,1,1,0,0,lossless_without_override
leap_to_ninth,NINTH,LEAP,Buildings/Services/Service Buildings,Industrial waste,NINTH,1,1,1,0,0,lossless_without_override
leap_to_ninth,NINTH,LEAP,Buildings/Services/Service Buildings,Kerosene,NINTH,1,1,1,0,0,lossless_without_override
leap_to_ninth,NINTH,LEAP,Buildings/Services/Service Buildings,Kerosene type jet fuel,NINTH,1,1,1,0,0,lossless_without_override
leap_to_ninth,NINTH,LEAP,Buildings/Services/Service Buildings,LPG,NINTH,1,1,1,0,0,lossless_without_override
leap_to_ninth,NINTH,LEAP,Buildings/Services/Service Buildings,Lignite,NINTH,1,1,1,0,0,lossless_without_override
leap_to_ninth,NINTH,LEAP,Buildings/Services/Service Buildings,Motor gasoline,NINTH,1,1,1,0,0,lossless_without_override
leap_to_ninth,NINTH,LEAP,Buildings/Services/Service Buildings,Municipal solid waste non renewable,NINTH,1,1,1,0,0,lossless_without_override
leap_to_ninth,NINTH,LEAP,Buildings/Services/Service Buildings,Municipal solid waste renewable,NINTH,1,1,1,0,0,lossless_without_override
leap_to_ninth,NINTH,LEAP,Buildings/Services/Service Buildings,Natural gas,NINTH,1,1,1,0,0,lossless_without_override
leap_to_ninth,NINTH,LEAP,Buildings/Services/Service Buildings,Other biomass,NINTH,1,1,1,0,0,lossless_without_override
leap_to_ninth,NINTH,LEAP,Buildings/Services/Service Buildings,Other bituminous coal,NINTH,1,1,1,0,0,lossless_without_override
leap_to_ninth,NINTH,LEAP,Buildings/Services/Service Buildings,Other recovered gases,NINTH,1,1,1,0,0,lossless_without_override
leap_to_ninth,NINTH,LEAP,Buildings/Services/Service Buildings,Patent fuel,NINTH,1,1,1,0,0,lossless_without_override
leap_to_ninth,NINTH,LEAP,Buildings/Services/Service Buildings,Solar nonspecified,NINTH,2,1,1,1,0,missing_current_targets
leap_to_ninth,NINTH,LEAP,Buildings/Services/Service Buildings,Sub bituminous coal,NINTH,1,1,1,0,0,lossless_without_override
leap_to_ninth,NINTH,LEAP,CHP interim/CHP interim,Ammonia,NINTH,1,1,1,0,0,lossless_without_override
leap_to_ninth,NINTH,LEAP,CHP interim/CHP interim,Anthracite,NINTH,1,1,1,0,0,lossless_without_override
leap_to_ninth,NINTH,LEAP,CHP interim/CHP interim,Bagasse,NINTH,1,1,1,0,0,lossless_without_override
leap_to_ninth,NINTH,LEAP,CHP interim/CHP interim,Biodiesel,NINTH,1,1,1,0,0,lossless_without_override
leap_to_ninth,NINTH,LEAP,CHP interim/CHP interim,Biogas,NINTH,1,1,1,0,0,lossless_without_override
leap_to_ninth,NINTH,LEAP,CHP interim/CHP interim,Bitumen,NINTH,1,1,1,0,0,lossless_without_override
leap_to_ninth,NINTH,LEAP,CHP interim/CHP interim,Black liquor,NINTH,1,1,1,0,0,lossless_without_override
leap_to_ninth,NINTH,LEAP,CHP interim/CHP interim,Blast furnace gas,NINTH,1,1,1,0,0,lossless_without_override
leap_to_ninth,NINTH,LEAP,CHP interim/CHP interim,Coke oven coke,NINTH,1,1,1,0,0,lossless_without_override
leap_to_ninth,NINTH,LEAP,CHP interim/CHP interim,Coke oven gas,NINTH,1,1,1,0,0,lossless_without_override
leap_to_ninth,NINTH,LEAP,CHP interim/CHP interim,Crude oil,NINTH,1,1,1,0,0,lossless_without_override
leap_to_ninth,NINTH,LEAP,CHP interim/CHP interim,Electricity,NINTH,1,1,1,0,0,lossless_without_override
leap_to_ninth,NINTH,LEAP,CHP interim/CHP interim,Fuel oil,NINTH,1,1,1,0,0,lossless_without_override
leap_to_ninth,NINTH,LEAP,CHP interim/CHP interim,Fuelwood and woodwaste,NINTH,1,1,1,0,0,lossless_without_override
leap_to_ninth,NINTH,LEAP,CHP interim/CHP interim,Gas and diesel oil,NINTH,1,1,1,0,0,lossless_without_override
leap_to_ninth,NINTH,LEAP,CHP interim/CHP interim,Gasoline type jet fuel,NINTH,1,1,1,0,0,lossless_without_override
leap_to_ninth,NINTH,LEAP,CHP interim/CHP interim,Geothermal,NINTH,1,1,1,0,0,lossless_without_override
leap_to_ninth,NINTH,LEAP,CHP interim/CHP interim,Heat,NINTH,1,1,1,0,0,lossless_without_override
leap_to_ninth,NINTH,LEAP,CHP interim/CHP interim,Hydrogen,NINTH,1,0,0,1,0,missing_current_targets
leap_to_ninth,NINTH,LEAP,CHP interim/CHP interim,Industrial waste,NINTH,1,1,1,0,0,lossless_without_override
leap_to_ninth,NINTH,LEAP,CHP interim/CHP interim,Kerosene,NINTH,1,1,1,0,0,lossless_without_override
leap_to_ninth,NINTH,LEAP,CHP interim/CHP interim,Kerosene type jet fuel,NINTH,1,1,1,0,0,lossless_without_override
leap_to_ninth,NINTH,LEAP,CHP interim/CHP interim,LPG,NINTH,1,1,1,0,0,lossless_without_override
leap_to_ninth,NINTH,LEAP,CHP interim/CHP interim,Lignite,NINTH,1,1,1,0,0,lossless_without_override
leap_to_ninth,NINTH,LEAP,CHP interim/CHP interim,Municipal solid waste non renewable,NINTH,1,1,1,0,0,lossless_without_override
leap_to_ninth,NINTH,LEAP,CHP interim/CHP interim,Municipal solid waste renewable,NINTH,1,1,1,0,0,lossless_without_override
leap_to_ninth,NINTH,LEAP,CHP interim/CHP interim,Naphtha,NINTH,1,1,1,0,0,lossless_without_override
leap_to_ninth,NINTH,LEAP,CHP interim/CHP interim,Natural gas,NINTH,1,1,1,0,0,lossless_without_override
leap_to_ninth,NINTH,LEAP,CHP interim/CHP interim,Nuclear,NINTH,1,1,1,0,0,lossless_without_override
leap_to_ninth,NINTH,LEAP,CHP interim/CHP interim,Other biomass,NINTH,1,1,1,0,0,lossless_without_override
leap_to_ninth,NINTH,LEAP,CHP interim/CHP interim,Other bituminous coal,NINTH,1,1,1,0,0,lossless_without_override
leap_to_ninth,NINTH,LEAP,CHP interim/CHP interim,Other liquid biofuels,NINTH,1,1,1,0,0,lossless_without_override
leap_to_ninth,NINTH,LEAP,CHP interim/CHP interim,Other products,NINTH,1,1,1,0,0,lossless_without_override
leap_to_ninth,NINTH,LEAP,CHP interim/CHP interim,Other recovered gases,NINTH,1,1,1,0,0,lossless_without_override
leap_to_ninth,NINTH,LEAP,CHP interim/CHP interim,Other sources,NINTH,1,1,1,0,0,lossless_without_override
leap_to_ninth,NINTH,LEAP,CHP interim/CHP interim,Peat,NINTH,1,1,1,0,0,lossless_without_override
leap_to_ninth,NINTH,LEAP,CHP interim/CHP interim,Peat products,NINTH,1,1,1,0,0,lossless_without_override
leap_to_ninth,NINTH,LEAP,CHP interim/CHP interim,Petroleum coke,NINTH,1,1,1,0,0,lossless_without_override
leap_to_ninth,NINTH,LEAP,CHP interim/CHP interim,Refinery feedstocks,NINTH,1,0,0,1,0,missing_current_targets
leap_to_ninth,NINTH,LEAP,CHP interim/CHP interim,Refinery gas not liquefied,NINTH,1,1,1,0,0,lossless_without_override
leap_to_ninth,NINTH,LEAP,CHP interim/CHP interim,Sub bituminous coal,NINTH,1,1,1,0,0,lossless_without_override
leap_to_ninth,NINTH,LEAP,CHP plants,Ammonia,NINTH,1,1,1,0,0,lossless_without_override
leap_to_ninth,NINTH,LEAP,CHP plants,Anthracite,NINTH,1,1,1,0,0,lossless_without_override
leap_to_ninth,NINTH,LEAP,CHP plants,Bagasse,NINTH,1,1,1,0,0,lossless_without_override
leap_to_ninth,NINTH,LEAP,CHP plants,Biodiesel,NINTH,1,1,1,0,0,lossless_without_override
leap_to_ninth,NINTH,LEAP,CHP plants,Biogas,NINTH,1,1,1,0,0,lossless_without_override
leap_to_ninth,NINTH,LEAP,CHP plants,Black liquor,NINTH,1,1,1,0,0,lossless_without_override
leap_to_ninth,NINTH,LEAP,CHP plants,Blast furnace gas,NINTH,1,1,1,0,0,lossless_without_override
leap_to_ninth,NINTH,LEAP,CHP plants,Coke oven coke,NINTH,1,1,1,0,0,lossless_without_override
leap_to_ninth,NINTH,LEAP,CHP plants,Coke oven gas,NINTH,1,1,1,0,0,lossless_without_override
leap_to_ninth,NINTH,LEAP,CHP plants,Crude oil,NINTH,1,1,1,0,0,lossless_without_override
leap_to_ninth,NINTH,LEAP,CHP plants,Electricity,NINTH,1,1,1,0,0,lossless_without_override
leap_to_ninth,NINTH,LEAP,CHP plants,Fuel oil,NINTH,1,1,1,0,0,lossless_without_override
leap_to_ninth,NINTH,LEAP,CHP plants,Fuelwood and woodwaste,NINTH,1,1,1,0,0,lossless_without_override
leap_to_ninth,NINTH,LEAP,CHP plants,Gas and diesel oil,NINTH,1,1,1,0,0,lossless_without_override
leap_to_ninth,NINTH,LEAP,CHP plants,Gasoline type jet fuel,NINTH,1,1,1,0,0,lossless_without_override
leap_to_ninth,NINTH,LEAP,CHP plants,Geothermal,NINTH,1,1,1,0,0,lossless_without_override
leap_to_ninth,NINTH,LEAP,CHP plants,Heat,NINTH,1,1,1,0,0,lossless_without_override
leap_to_ninth,NINTH,LEAP,CHP plants,Industrial waste,NINTH,1,1,1,0,0,lossless_without_override
leap_to_ninth,NINTH,LEAP,CHP plants,Kerosene,NINTH,1,1,1,0,0,lossless_without_override
leap_to_ninth,NINTH,LEAP,CHP plants,Kerosene type jet fuel,NINTH,1,1,1,0,0,lossless_without_override
leap_to_ninth,NINTH,LEAP,CHP plants,LPG,NINTH,1,1,1,0,0,lossless_without_override
leap_to_ninth,NINTH,LEAP,CHP plants,Lignite,NINTH,1,1,1,0,0,lossless_without_override
leap_to_ninth,NINTH,LEAP,CHP plants,Municipal solid waste non renewable,NINTH,1,1,1,0,0,lossless_without_override
leap_to_ninth,NINTH,LEAP,CHP plants,Municipal solid waste renewable,NINTH,1,1,1,0,0,lossless_without_override
leap_to_ninth,NINTH,LEAP,CHP plants,Naphtha,NINTH,1,1,1,0,0,lossless_without_override
leap_to_ninth,NINTH,LEAP,CHP plants,Natural gas,NINTH,1,1,1,0,0,lossless_without_override
leap_to_ninth,NINTH,LEAP,CHP plants,Nuclear,NINTH,1,1,1,0,0,lossless_without_override
leap_to_ninth,NINTH,LEAP,CHP plants,Other biomass,NINTH,1,1,1,0,0,lossless_without_override
leap_to_ninth,NINTH,LEAP,CHP plants,Other bituminous coal,NINTH,1,1,1,0,0,lossless_without_override
leap_to_ninth,NINTH,LEAP,CHP plants,Other liquid biofuels,NINTH,1,1,1,0,0,lossless_without_override
leap_to_ninth,NINTH,LEAP,CHP plants,Other products,NINTH,1,1,1,0,0,lossless_without_override
leap_to_ninth,NINTH,LEAP,CHP plants,Other recovered gases,NINTH,1,1,1,0,0,lossless_without_override
leap_to_ninth,NINTH,LEAP,CHP plants,Other sources,NINTH,1,1,1,0,0,lossless_without_override
leap_to_ninth,NINTH,LEAP,CHP plants,Peat,NINTH,1,1,1,0,0,lossless_without_override
leap_to_ninth,NINTH,LEAP,CHP plants,Peat products,NINTH,1,1,1,0,0,lossless_without_override
leap_to_ninth,NINTH,LEAP,CHP plants,Petroleum coke,NINTH,1,1,1,0,0,lossless_without_override
leap_to_ninth,NINTH,LEAP,CHP plants,Refinery feedstocks,NINTH,1,0,0,1,0,missing_current_targets
leap_to_ninth,NINTH,LEAP,CHP plants,Refinery gas not liquefied,NINTH,1,1,1,0,0,lossless_without_override
leap_to_ninth,NINTH,LEAP,CHP plants,Sub bituminous coal,NINTH,1,1,1,0,0,lossless_without_override
leap_to_ninth,NINTH,LEAP,Charcoal processing/Charcoal processing,Charcoal,NINTH,1,1,1,0,0,lossless_without_override
leap_to_ninth,NINTH,LEAP,Charcoal processing/Charcoal processing,Fuelwood and woodwaste,NINTH,1,1,1,0,0,lossless_without_override
leap_to_ninth,NINTH,LEAP,Charcoal processing/Charcoal processing,Other biomass,NINTH,1,1,1,0,0,lossless_without_override
leap_to_ninth,NINTH,LEAP,Chemical heat for electricity production/Chemical heat for electricity production,Electricity,NINTH,1,1,1,0,0,lossless_without_override
leap_to_ninth,NINTH,LEAP,Chemical heat for electricity production/Chemical heat for electricity production,Heat,NINTH,1,1,1,0,0,lossless_without_override
leap_to_ninth,NINTH,LEAP,Coal transformation,Anthracite,NINTH,1,0,0,1,0,missing_current_targets
leap_to_ninth,NINTH,LEAP,Coal transformation,BKB and PB,NINTH,1,0,0,1,0,missing_current_targets
leap_to_ninth,NINTH,LEAP,Coal transformation,Blast furnace gas,NINTH,1,0,0,1,0,missing_current_targets
leap_to_ninth,NINTH,LEAP,Coal transformation,Coal tar,NINTH,1,0,0,1,0,missing_current_targets
leap_to_ninth,NINTH,LEAP,Coal transformation,Coke oven coke,NINTH,1,0,0,1,0,missing_current_targets
leap_to_ninth,NINTH,LEAP,Coal transformation,Coke oven gas,NINTH,1,0,0,1,0,missing_current_targets
leap_to_ninth,NINTH,LEAP,Coal transformation,Coking coal,NINTH,1,0,0,1,0,missing_current_targets
leap_to_ninth,NINTH,LEAP,Coal transformation,Electricity,NINTH,1,0,0,1,0,missing_current_targets
leap_to_ninth,NINTH,LEAP,Coal transformation,Fuel oil,NINTH,1,0,0,1,0,missing_current_targets
leap_to_ninth,NINTH,LEAP,Coal transformation,Gas and diesel oil,NINTH,1,0,0,1,0,missing_current_targets
leap_to_ninth,NINTH,LEAP,Coal transformation,Industrial waste,NINTH,1,0,0,1,0,missing_current_targets
leap_to_ninth,NINTH,LEAP,Coal transformation,Kerosene,NINTH,1,0,0,1,0,missing_current_targets
leap_to_ninth,NINTH,LEAP,Coal transformation,LPG,NINTH,1,0,0,1,0,missing_current_targets
leap_to_ninth,NINTH,LEAP,Coal transformation,Natural gas,NINTH,1,0,0,1,0,missing_current_targets
leap_to_ninth,NINTH,LEAP,Coal transformation,Other bituminous coal,NINTH,1,0,0,1,0,missing_current_targets
leap_to_ninth,NINTH,LEAP,Coal transformation,Other products,NINTH,1,0,0,1,0,missing_current_targets
leap_to_ninth,NINTH,LEAP,Coal transformation,Other recovered gases,NINTH,1,0,0,1,0,missing_current_targets
leap_to_ninth,NINTH,LEAP,Coal transformation,Patent fuel,NINTH,1,0,0,1,0,missing_current_targets
leap_to_ninth,NINTH,LEAP,Coal transformation,Peat,NINTH,1,0,0,1,0,missing_current_targets
leap_to_ninth,NINTH,LEAP,Coal transformation,Peat products,NINTH,1,0,0,1,0,missing_current_targets
leap_to_ninth,NINTH,LEAP,Coal transformation,Petroleum coke,NINTH,1,0,0,1,0,missing_current_targets
leap_to_ninth,NINTH,LEAP,Coal transformation,Sub bituminous coal,NINTH,1,0,0,1,0,missing_current_targets
leap_to_ninth,NINTH,LEAP,Demand\All demand aggregated\Buildings,Aviation gasoline,NINTH,1,1,1,0,0,lossless_without_override
leap_to_ninth,NINTH,LEAP,Demand\All demand aggregated\Buildings,Bagasse,NINTH,1,1,1,0,0,lossless_without_override
leap_to_ninth,NINTH,LEAP,Demand\All demand aggregated\Buildings,Biodiesel,NINTH,1,1,1,0,0,lossless_without_override
leap_to_ninth,NINTH,LEAP,Demand\All demand aggregated\Buildings,Biogas,NINTH,1,1,1,0,0,lossless_without_override
leap_to_ninth,NINTH,LEAP,Demand\All demand aggregated\Buildings,Biogasoline,NINTH,1,1,1,0,0,lossless_without_override
leap_to_ninth,NINTH,LEAP,Demand\All demand aggregated\Buildings,Charcoal,NINTH,1,1,1,0,0,lossless_without_override
leap_to_ninth,NINTH,LEAP,Demand\All demand aggregated\Buildings,Electricity,NINTH,1,1,1,0,0,lossless_without_override
leap_to_ninth,NINTH,LEAP,Demand\All demand aggregated\Buildings,Fuel oil,NINTH,1,1,1,0,0,lossless_without_override
leap_to_ninth,NINTH,LEAP,Demand\All demand aggregated\Buildings,Fuelwood and woodwaste,NINTH,1,1,1,0,0,lossless_without_override
leap_to_ninth,NINTH,LEAP,Demand\All demand aggregated\Buildings,Gas and diesel oil,NINTH,1,1,1,0,0,lossless_without_override
leap_to_ninth,NINTH,LEAP,Demand\All demand aggregated\Buildings,Gas works gas,NINTH,1,1,1,0,0,lossless_without_override
leap_to_ninth,NINTH,LEAP,Demand\All demand aggregated\Buildings,Geothermal,NINTH,1,1,1,0,0,lossless_without_override
leap_to_ninth,NINTH,LEAP,Demand\All demand aggregated\Buildings,Heat,NINTH,1,1,1,0,0,lossless_without_override
leap_to_ninth,NINTH,LEAP,Demand\All demand aggregated\Buildings,Industrial waste,NINTH,1,1,1,0,0,lossless_without_override
leap_to_ninth,NINTH,LEAP,Demand\All demand aggregated\Buildings,Kerosene,NINTH,1,1,1,0,0,lossless_without_override
leap_to_ninth,NINTH,LEAP,Demand\All demand aggregated\Buildings,Kerosene type jet fuel,NINTH,1,1,1,0,0,lossless_without_override
leap_to_ninth,NINTH,LEAP,Demand\All demand aggregated\Buildings,LPG,NINTH,1,1,1,0,0,lossless_without_override
leap_to_ninth,NINTH,LEAP,Demand\All demand aggregated\Buildings,Lignite,NINTH,1,1,1,0,0,lossless_without_override
leap_to_ninth,NINTH,LEAP,Demand\All demand aggregated\Buildings,Motor gasoline,NINTH,1,1,1,0,0,lossless_without_override
leap_to_ninth,NINTH,LEAP,Demand\All demand aggregated\Buildings,Municipal solid waste non renewable,NINTH,1,1,1,0,0,lossless_without_override
leap_to_ninth,NINTH,LEAP,Demand\All demand aggregated\Buildings,Municipal solid waste renewable,NINTH,1,1,1,0,0,lossless_without_override
leap_to_ninth,NINTH,LEAP,Demand\All demand aggregated\Buildings,Natural gas,NINTH,1,1,1,0,0,lossless_without_override
leap_to_ninth,NINTH,LEAP,Demand\All demand aggregated\Buildings,Other biomass,NINTH,1,1,1,0,0,lossless_without_override
leap_to_ninth,NINTH,LEAP,Demand\All demand aggregated\Buildings,Peat,NINTH,1,1,1,0,0,lossless_without_override
leap_to_ninth,NINTH,LEAP,Demand\All demand aggregated\Buildings,Peat products,NINTH,1,1,1,0,0,lossless_without_override
leap_to_ninth,NINTH,LEAP,Demand\All demand aggregated\Buildings,Solar nonspecified,NINTH,1,1,1,0,0,lossless_without_override
leap_to_ninth,NINTH,LEAP,Demand\All demand aggregated\Industry,Aviation gasoline,NINTH,1,1,1,0,0,lossless_without_override
leap_to_ninth,NINTH,LEAP,Demand\All demand aggregated\Industry,Bagasse,NINTH,1,1,1,0,0,lossless_without_override
leap_to_ninth,NINTH,LEAP,Demand\All demand aggregated\Industry,Biodiesel,NINTH,1,1,1,0,0,lossless_without_override
leap_to_ninth,NINTH,LEAP,Demand\All demand aggregated\Industry,Biogas,NINTH,1,1,1,0,0,lossless_without_override
leap_to_ninth,NINTH,LEAP,Demand\All demand aggregated\Industry,Biogasoline,NINTH,1,1,1,0,0,lossless_without_override
leap_to_ninth,NINTH,LEAP,Demand\All demand aggregated\Industry,Black liquor,NINTH,1,1,1,0,0,lossless_without_override
leap_to_ninth,NINTH,LEAP,Demand\All demand aggregated\Industry,Charcoal,NINTH,1,1,1,0,0,lossless_without_override
leap_to_ninth,NINTH,LEAP,Demand\All demand aggregated\Industry,Electricity,NINTH,1,1,1,0,0,lossless_without_override
leap_to_ninth,NINTH,LEAP,Demand\All demand aggregated\Industry,Ethane,NINTH,1,1,1,0,0,lossless_without_override
leap_to_ninth,NINTH,LEAP,Demand\All demand aggregated\Industry,Fuel oil,NINTH,1,1,1,0,0,lossless_without_override
leap_to_ninth,NINTH,LEAP,Demand\All demand aggregated\Industry,Fuelwood and woodwaste,NINTH,1,1,1,0,0,lossless_without_override
leap_to_ninth,NINTH,LEAP,Demand\All demand aggregated\Industry,Gas and diesel oil,NINTH,1,1,1,0,0,lossless_without_override
leap_to_ninth,NINTH,LEAP,Demand\All demand aggregated\Industry,Heat,NINTH,1,1,1,0,0,lossless_without_override
leap_to_ninth,NINTH,LEAP,Demand\All demand aggregated\Industry,Hydrogen,NINTH,1,1,1,0,0,lossless_without_override
leap_to_ninth,NINTH,LEAP,Demand\All demand aggregated\Industry,Industrial waste,NINTH,1,1,1,0,0,lossless_without_override
leap_to_ninth,NINTH,LEAP,Demand\All demand aggregated\Industry,Kerosene,NINTH,1,1,1,0,0,lossless_without_override
leap_to_ninth,NINTH,LEAP,Demand\All demand aggregated\Industry,LPG,NINTH,1,1,1,0,0,lossless_without_override
leap_to_ninth,NINTH,LEAP,Demand\All demand aggregated\Industry,Lignite,NINTH,1,1,1,0,0,lossless_without_override
leap_to_ninth,NINTH,LEAP,Demand\All demand aggregated\Industry,Motor gasoline,NINTH,1,1,1,0,0,lossless_without_override
leap_to_ninth,NINTH,LEAP,Demand\All demand aggregated\Industry,Municipal solid waste non renewable,NINTH,1,1,1,0,0,lossless_without_override
leap_to_ninth,NINTH,LEAP,Demand\All demand aggregated\Industry,Municipal solid waste renewable,NINTH,1,1,1,0,0,lossless_without_override
leap_to_ninth,NINTH,LEAP,Demand\All demand aggregated\Industry,Naphtha,NINTH,1,1,1,0,0,lossless_without_override
leap_to_ninth,NINTH,LEAP,Demand\All demand aggregated\Industry,Natural gas,NINTH,1,1,1,0,0,lossless_without_override
leap_to_ninth,NINTH,LEAP,Demand\All demand aggregated\Industry,Other biomass,NINTH,1,2,1,0,1,extra_factorised_targets
leap_to_ninth,NINTH,LEAP,Demand\All demand aggregated\Industry,Other liquid biofuels,NINTH,1,1,1,0,0,lossless_without_override
leap_to_ninth,NINTH,LEAP,Demand\All demand aggregated\Industry,Refinery gas not liquefied,NINTH,1,1,1,0,0,lossless_without_override
leap_to_ninth,NINTH,LEAP,Demand\All demand aggregated\International transport,Aviation gasoline,NINTH,1,0,0,1,0,missing_current_targets
leap_to_ninth,NINTH,LEAP,Demand\All demand aggregated\International transport,Bio jet kerosene,NINTH,1,0,0,1,0,missing_current_targets
leap_to_ninth,NINTH,LEAP,Demand\All demand aggregated\International transport,Biodiesel,NINTH,1,0,0,1,0,missing_current_targets
leap_to_ninth,NINTH,LEAP,Demand\All demand aggregated\International transport,Biogasoline,NINTH,1,0,0,1,0,missing_current_targets
leap_to_ninth,NINTH,LEAP,Demand\All demand aggregated\International transport,Fuel oil,NINTH,1,0,0,1,0,missing_current_targets
leap_to_ninth,NINTH,LEAP,Demand\All demand aggregated\International transport,Gas and diesel oil,NINTH,1,0,0,1,0,missing_current_targets
leap_to_ninth,NINTH,LEAP,Demand\All demand aggregated\International transport,Hydrogen,NINTH,1,0,0,1,0,missing_current_targets
leap_to_ninth,NINTH,LEAP,Demand\All demand aggregated\International transport,Kerosene,NINTH,1,0,0,1,0,missing_current_targets
leap_to_ninth,NINTH,LEAP,Demand\All demand aggregated\International transport,Kerosene type jet fuel,NINTH,1,0,0,1,0,missing_current_targets
leap_to_ninth,NINTH,LEAP,Demand\All demand aggregated\International transport,LNG,NINTH,1,0,0,1,0,missing_current_targets
leap_to_ninth,NINTH,LEAP,Demand\All demand aggregated\International transport,LPG,NINTH,1,0,0,1,0,missing_current_targets
leap_to_ninth,NINTH,LEAP,Demand\All demand aggregated\International transport,Motor gasoline,NINTH,1,0,0,1,0,missing_current_targets
leap_to_ninth,NINTH,LEAP,Demand\All demand aggregated\International transport,Natural gas,NINTH,1,0,0,1,0,missing_current_targets
leap_to_ninth,NINTH,LEAP,Demand\All demand aggregated\Other sector,Aviation gasoline,NINTH,1,0,0,1,0,missing_current_targets
leap_to_ninth,NINTH,LEAP,Demand\All demand aggregated\Other sector,Bagasse,NINTH,1,0,0,1,0,missing_current_targets
leap_to_ninth,NINTH,LEAP,Demand\All demand aggregated\Other sector,Biodiesel,NINTH,1,0,0,1,0,missing_current_targets
leap_to_ninth,NINTH,LEAP,Demand\All demand aggregated\Other sector,Biogas,NINTH,1,0,0,1,0,missing_current_targets
leap_to_ninth,NINTH,LEAP,Demand\All demand aggregated\Other sector,Biogasoline,NINTH,1,0,0,1,0,missing_current_targets
leap_to_ninth,NINTH,LEAP,Demand\All demand aggregated\Other sector,Charcoal,NINTH,1,0,0,1,0,missing_current_targets
leap_to_ninth,NINTH,LEAP,Demand\All demand aggregated\Other sector,Coking coal,NINTH,1,0,0,1,0,missing_current_targets
leap_to_ninth,NINTH,LEAP,Demand\All demand aggregated\Other sector,Crude oil,NINTH,1,0,0,1,0,missing_current_targets
leap_to_ninth,NINTH,LEAP,Demand\All demand aggregated\Other sector,Electricity,NINTH,1,0,0,1,0,missing_current_targets
leap_to_ninth,NINTH,LEAP,Demand\All demand aggregated\Other sector,Fuel oil,NINTH,1,0,0,1,0,missing_current_targets
leap_to_ninth,NINTH,LEAP,Demand\All demand aggregated\Other sector,Fuelwood and woodwaste,NINTH,1,0,0,1,0,missing_current_targets
leap_to_ninth,NINTH,LEAP,Demand\All demand aggregated\Other sector,Gas and diesel oil,NINTH,1,0,0,1,0,missing_current_targets
leap_to_ninth,NINTH,LEAP,Demand\All demand aggregated\Other sector,Gas works gas,NINTH,1,0,0,1,0,missing_current_targets
leap_to_ninth,NINTH,LEAP,Demand\All demand aggregated\Other sector,Geothermal,NINTH,1,0,0,1,0,missing_current_targets
leap_to_ninth,NINTH,LEAP,Demand\All demand aggregated\Other sector,Heat,NINTH,1,0,0,1,0,missing_current_targets
leap_to_ninth,NINTH,LEAP,Demand\All demand aggregated\Other sector,Industrial waste,NINTH,1,0,0,1,0,missing_current_targets
leap_to_ninth,NINTH,LEAP,Demand\All demand aggregated\Other sector,Kerosene,NINTH,1,0,0,1,0,missing_current_targets
leap_to_ninth,NINTH,LEAP,Demand\All demand aggregated\Other sector,Kerosene type jet fuel,NINTH,1,0,0,1,0,missing_current_targets
leap_to_ninth,NINTH,LEAP,Demand\All demand aggregated\Other sector,LPG,NINTH,1,0,0,1,0,missing_current_targets
leap_to_ninth,NINTH,LEAP,Demand\All demand aggregated\Other sector,Lignite,NINTH,1,0,0,1,0,missing_current_targets
leap_to_ninth,NINTH,LEAP,Demand\All demand aggregated\Other sector,Motor gasoline,NINTH,1,0,0,1,0,missing_current_targets
leap_to_ninth,NINTH,LEAP,Demand\All demand aggregated\Other sector,Municipal solid waste non renewable,NINTH,1,0,0,1,0,missing_current_targets
leap_to_ninth,NINTH,LEAP,Demand\All demand aggregated\Other sector,Municipal solid waste renewable,NINTH,1,0,0,1,0,missing_current_targets
leap_to_ninth,NINTH,LEAP,Demand\All demand aggregated\Other sector,Naphtha,NINTH,1,0,0,1,0,missing_current_targets
leap_to_ninth,NINTH,LEAP,Demand\All demand aggregated\Other sector,Natural gas,NINTH,1,0,0,1,0,missing_current_targets
leap_to_ninth,NINTH,LEAP,Demand\All demand aggregated\Other sector,Natural gas liquids,NINTH,1,0,0,1,0,missing_current_targets
leap_to_ninth,NINTH,LEAP,Demand\All demand aggregated\Other sector,Other biomass,NINTH,1,0,0,1,0,missing_current_targets
leap_to_ninth,NINTH,LEAP,Demand\All demand aggregated\Other sector,Peat,NINTH,1,0,0,1,0,missing_current_targets
leap_to_ninth,NINTH,LEAP,Demand\All demand aggregated\Other sector,Peat products,NINTH,1,0,0,1,0,missing_current_targets
leap_to_ninth,NINTH,LEAP,Demand\All demand aggregated\Other sector,Solar nonspecified,NINTH,1,0,0,1,0,missing_current_targets
leap_to_ninth,NINTH,LEAP,Demand\All demand aggregated\Road,Biodiesel,NINTH,1,1,1,0,0,lossless_without_override
leap_to_ninth,NINTH,LEAP,Demand\All demand aggregated\Road,Biogas,NINTH,1,1,1,0,0,lossless_without_override
leap_to_ninth,NINTH,LEAP,Demand\All demand aggregated\Road,Biogasoline,NINTH,1,1,1,0,0,lossless_without_override
leap_to_ninth,NINTH,LEAP,Demand\All demand aggregated\Road,Electricity,NINTH,1,1,1,0,0,lossless_without_override
leap_to_ninth,NINTH,LEAP,Demand\All demand aggregated\Road,Gas and diesel oil,NINTH,1,1,1,0,0,lossless_without_override
leap_to_ninth,NINTH,LEAP,Demand\All demand aggregated\Road,Hydrogen,NINTH,1,1,1,0,0,lossless_without_override
leap_to_ninth,NINTH,LEAP,Demand\All demand aggregated\Road,LPG,NINTH,1,1,1,0,0,lossless_without_override
leap_to_ninth,NINTH,LEAP,Demand\All demand aggregated\Road,Motor gasoline,NINTH,1,1,1,0,0,lossless_without_override
leap_to_ninth,NINTH,LEAP,Demand\All demand aggregated\Road,Natural gas,NINTH,1,1,1,0,0,lossless_without_override
leap_to_ninth,NINTH,LEAP,Demand\All demand aggregated\Transport non road,Ammonia,NINTH,1,0,0,1,0,missing_current_targets
leap_to_ninth,NINTH,LEAP,Demand\All demand aggregated\Transport non road,Aviation gasoline,NINTH,1,0,0,1,0,missing_current_targets
leap_to_ninth,NINTH,LEAP,Demand\All demand aggregated\Transport non road,Bio jet kerosene,NINTH,1,0,0,1,0,missing_current_targets
leap_to_ninth,NINTH,LEAP,Demand\All demand aggregated\Transport non road,Biodiesel,NINTH,1,0,0,1,0,missing_current_targets
leap_to_ninth,NINTH,LEAP,Demand\All demand aggregated\Transport non road,Biogasoline,NINTH,1,0,0,1,0,missing_current_targets
leap_to_ninth,NINTH,LEAP,Demand\All demand aggregated\Transport non road,Coking coal,NINTH,1,0,0,1,0,missing_current_targets
leap_to_ninth,NINTH,LEAP,Demand\All demand aggregated\Transport non road,Crude oil,NINTH,1,0,0,1,0,missing_current_targets
leap_to_ninth,NINTH,LEAP,Demand\All demand aggregated\Transport non road,Efuel,NINTH,1,0,0,1,0,missing_current_targets
leap_to_ninth,NINTH,LEAP,Demand\All demand aggregated\Transport non road,Electricity,NINTH,1,0,0,1,0,missing_current_targets
leap_to_ninth,NINTH,LEAP,Demand\All demand aggregated\Transport non road,Fuel oil,NINTH,1,0,0,1,0,missing_current_targets
leap_to_ninth,NINTH,LEAP,Demand\All demand aggregated\Transport non road,Gas and diesel oil,NINTH,1,0,0,1,0,missing_current_targets
leap_to_ninth,NINTH,LEAP,Demand\All demand aggregated\Transport non road,Kerosene,NINTH,1,0,0,1,0,missing_current_targets
leap_to_ninth,NINTH,LEAP,Demand\All demand aggregated\Transport non road,Kerosene type jet fuel,NINTH,1,0,0,1,0,missing_current_targets
leap_to_ninth,NINTH,LEAP,Demand\All demand aggregated\Transport non road,LNG,NINTH,1,0,0,1,0,missing_current_targets
leap_to_ninth,NINTH,LEAP,Demand\All demand aggregated\Transport non road,LPG,NINTH,1,0,0,1,0,missing_current_targets
leap_to_ninth,NINTH,LEAP,Demand\All demand aggregated\Transport non road,Lignite,NINTH,1,0,0,1,0,missing_current_targets
leap_to_ninth,NINTH,LEAP,Demand\All demand aggregated\Transport non road,Motor gasoline,NINTH,1,0,0,1,0,missing_current_targets
leap_to_ninth,NINTH,LEAP,Demand\All demand aggregated\Transport non road,Natural gas,NINTH,1,0,0,1,0,missing_current_targets
leap_to_ninth,NINTH,LEAP,Electric boilers/Electric boilers,Electricity,NINTH,1,1,1,0,0,lossless_without_override
leap_to_ninth,NINTH,LEAP,Electric boilers/Electric boilers,Heat,NINTH,1,1,1,0,0,lossless_without_override
leap_to_ninth,NINTH,LEAP,Electricity Generation,Ammonia,NINTH,1,1,1,0,0,lossless_without_override
leap_to_ninth,NINTH,LEAP,Electricity Generation,Anthracite,NINTH,1,1,1,0,0,lossless_without_override
leap_to_ninth,NINTH,LEAP,Electricity Generation,Bagasse,NINTH,1,1,1,0,0,lossless_without_override
leap_to_ninth,NINTH,LEAP,Electricity Generation,Biodiesel,NINTH,1,1,1,0,0,lossless_without_override
leap_to_ninth,NINTH,LEAP,Electricity Generation,Biogas,NINTH,1,1,1,0,0,lossless_without_override
leap_to_ninth,NINTH,LEAP,Electricity Generation,Bitumen,NINTH,1,1,1,0,0,lossless_without_override
leap_to_ninth,NINTH,LEAP,Electricity Generation,Black liquor,NINTH,1,1,1,0,0,lossless_without_override
leap_to_ninth,NINTH,LEAP,Electricity Generation,Blast furnace gas,NINTH,1,1,1,0,0,lossless_without_override
leap_to_ninth,NINTH,LEAP,Electricity Generation,Coke oven coke,NINTH,1,1,1,0,0,lossless_without_override
leap_to_ninth,NINTH,LEAP,Electricity Generation,Coke oven gas,NINTH,1,1,1,0,0,lossless_without_override
leap_to_ninth,NINTH,LEAP,Electricity Generation,Coking coal,NINTH,1,1,1,0,0,lossless_without_override
leap_to_ninth,NINTH,LEAP,Electricity Generation,Crude oil,NINTH,1,1,1,0,0,lossless_without_override
leap_to_ninth,NINTH,LEAP,Electricity Generation,Electricity,NINTH,1,1,1,0,0,lossless_without_override
leap_to_ninth,NINTH,LEAP,Electricity Generation,Fuel oil,NINTH,1,1,1,0,0,lossless_without_override
leap_to_ninth,NINTH,LEAP,Electricity Generation,Fuelwood and woodwaste,NINTH,1,1,1,0,0,lossless_without_override
leap_to_ninth,NINTH,LEAP,Electricity Generation,Gas and diesel oil,NINTH,1,1,1,0,0,lossless_without_override
leap_to_ninth,NINTH,LEAP,Electricity Generation,Gas works gas,NINTH,1,1,1,0,0,lossless_without_override
leap_to_ninth,NINTH,LEAP,Electricity Generation,Geothermal,NINTH,1,1,1,0,0,lossless_without_override
leap_to_ninth,NINTH,LEAP,Electricity Generation,Heat,NINTH,1,0,0,1,0,missing_current_targets
leap_to_ninth,NINTH,LEAP,Electricity Generation,Hydro,NINTH,1,1,1,0,0,lossless_without_override
leap_to_ninth,NINTH,LEAP,Electricity Generation,Hydrogen,NINTH,1,1,1,0,0,lossless_without_override
leap_to_ninth,NINTH,LEAP,Electricity Generation,Industrial waste,NINTH,1,1,1,0,0,lossless_without_override
leap_to_ninth,NINTH,LEAP,Electricity Generation,Kerosene,NINTH,1,1,1,0,0,lossless_without_override
leap_to_ninth,NINTH,LEAP,Electricity Generation,Kerosene type jet fuel,NINTH,1,1,1,0,0,lossless_without_override
leap_to_ninth,NINTH,LEAP,Electricity Generation,LNG,NINTH,1,1,1,0,0,lossless_without_override
leap_to_ninth,NINTH,LEAP,Electricity Generation,LPG,NINTH,1,1,1,0,0,lossless_without_override
leap_to_ninth,NINTH,LEAP,Electricity Generation,Lignite,NINTH,1,1,1,0,0,lossless_without_override
leap_to_ninth,NINTH,LEAP,Electricity Generation,Motor gasoline,NINTH,1,1,1,0,0,lossless_without_override
leap_to_ninth,NINTH,LEAP,Electricity Generation,Municipal solid waste non renewable,NINTH,1,1,1,0,0,lossless_without_override
leap_to_ninth,NINTH,LEAP,Electricity Generation,Municipal solid waste renewable,NINTH,1,1,1,0,0,lossless_without_override
leap_to_ninth,NINTH,LEAP,Electricity Generation,Naphtha,NINTH,1,1,1,0,0,lossless_without_override
leap_to_ninth,NINTH,LEAP,Electricity Generation,Natural gas,NINTH,1,1,1,0,0,lossless_without_override
leap_to_ninth,NINTH,LEAP,Electricity Generation,Natural gas liquids,NINTH,1,1,1,0,0,lossless_without_override
leap_to_ninth,NINTH,LEAP,Electricity Generation,Nuclear,NINTH,1,1,1,0,0,lossless_without_override
leap_to_ninth,NINTH,LEAP,Electricity Generation,Other biomass,NINTH,1,1,1,0,0,lossless_without_override
leap_to_ninth,NINTH,LEAP,Electricity Generation,Other bituminous coal,NINTH,1,1,1,0,0,lossless_without_override
leap_to_ninth,NINTH,LEAP,Electricity Generation,Other liquid biofuels,NINTH,1,1,1,0,0,lossless_without_override
leap_to_ninth,NINTH,LEAP,Electricity Generation,Other products,NINTH,1,1,1,0,0,lossless_without_override
leap_to_ninth,NINTH,LEAP,Electricity Generation,Other recovered gases,NINTH,1,1,1,0,0,lossless_without_override
leap_to_ninth,NINTH,LEAP,Electricity Generation,Other sources,NINTH,1,1,1,0,0,lossless_without_override
leap_to_ninth,NINTH,LEAP,Electricity Generation,Peat,NINTH,1,1,1,0,0,lossless_without_override
leap_to_ninth,NINTH,LEAP,Electricity Generation,Petroleum coke,NINTH,1,1,1,0,0,lossless_without_override
leap_to_ninth,NINTH,LEAP,Electricity Generation,Refinery gas not liquefied,NINTH,1,1,1,0,0,lossless_without_override
leap_to_ninth,NINTH,LEAP,Electricity Generation,Solar nonspecified,NINTH,2,1,1,1,0,missing_current_targets
leap_to_ninth,NINTH,LEAP,Electricity Generation,Solar photovoltaics,NINTH,1,1,1,0,0,lossless_without_override
leap_to_ninth,NINTH,LEAP,Electricity Generation,Sub bituminous coal,NINTH,1,1,1,0,0,lossless_without_override
leap_to_ninth,NINTH,LEAP,Electricity Generation,Tide wave ocean,NINTH,1,1,1,0,0,lossless_without_override
leap_to_ninth,NINTH,LEAP,Electricity Generation,Wind,NINTH,1,1,1,0,0,lossless_without_override
leap_to_ninth,NINTH,LEAP,Electricity interim/Electricity interim,Ammonia,NINTH,1,1,1,0,0,lossless_without_override
leap_to_ninth,NINTH,LEAP,Electricity interim/Electricity interim,Anthracite,NINTH,1,1,1,0,0,lossless_without_override
leap_to_ninth,NINTH,LEAP,Electricity interim/Electricity interim,Bagasse,NINTH,1,1,1,0,0,lossless_without_override
leap_to_ninth,NINTH,LEAP,Electricity interim/Electricity interim,Biodiesel,NINTH,1,1,1,0,0,lossless_without_override
leap_to_ninth,NINTH,LEAP,Electricity interim/Electricity interim,Biogas,NINTH,1,1,1,0,0,lossless_without_override
leap_to_ninth,NINTH,LEAP,Electricity interim/Electricity interim,Bitumen,NINTH,1,1,1,0,0,lossless_without_override
leap_to_ninth,NINTH,LEAP,Electricity interim/Electricity interim,Black liquor,NINTH,1,1,1,0,0,lossless_without_override
leap_to_ninth,NINTH,LEAP,Electricity interim/Electricity interim,Blast furnace gas,NINTH,1,1,1,0,0,lossless_without_override
leap_to_ninth,NINTH,LEAP,Electricity interim/Electricity interim,Coke oven coke,NINTH,1,1,1,0,0,lossless_without_override
leap_to_ninth,NINTH,LEAP,Electricity interim/Electricity interim,Coke oven gas,NINTH,1,1,1,0,0,lossless_without_override
leap_to_ninth,NINTH,LEAP,Electricity interim/Electricity interim,Coking coal,NINTH,1,1,1,0,0,lossless_without_override
leap_to_ninth,NINTH,LEAP,Electricity interim/Electricity interim,Crude oil,NINTH,1,1,1,0,0,lossless_without_override
leap_to_ninth,NINTH,LEAP,Electricity interim/Electricity interim,Electricity,NINTH,1,1,1,0,0,lossless_without_override
leap_to_ninth,NINTH,LEAP,Electricity interim/Electricity interim,Fuel oil,NINTH,1,1,1,0,0,lossless_without_override
leap_to_ninth,NINTH,LEAP,Electricity interim/Electricity interim,Fuelwood and woodwaste,NINTH,1,1,1,0,0,lossless_without_override
leap_to_ninth,NINTH,LEAP,Electricity interim/Electricity interim,Gas and diesel oil,NINTH,1,1,1,0,0,lossless_without_override
leap_to_ninth,NINTH,LEAP,Electricity interim/Electricity interim,Gas works gas,NINTH,1,1,1,0,0,lossless_without_override
leap_to_ninth,NINTH,LEAP,Electricity interim/Electricity interim,Gasoline type jet fuel,NINTH,1,1,1,0,0,lossless_without_override
leap_to_ninth,NINTH,LEAP,Electricity interim/Electricity interim,Geothermal,NINTH,1,1,1,0,0,lossless_without_override
leap_to_ninth,NINTH,LEAP,Electricity interim/Electricity interim,Heat,NINTH,1,0,0,1,0,missing_current_targets
leap_to_ninth,NINTH,LEAP,Electricity interim/Electricity interim,Hydro,NINTH,1,1,1,0,0,lossless_without_override
leap_to_ninth,NINTH,LEAP,Electricity interim/Electricity interim,Hydrogen,NINTH,1,1,1,0,0,lossless_without_override
leap_to_ninth,NINTH,LEAP,Electricity interim/Electricity interim,Industrial waste,NINTH,1,1,1,0,0,lossless_without_override
leap_to_ninth,NINTH,LEAP,Electricity interim/Electricity interim,Kerosene,NINTH,1,1,1,0,0,lossless_without_override
leap_to_ninth,NINTH,LEAP,Electricity interim/Electricity interim,Kerosene type jet fuel,NINTH,1,1,1,0,0,lossless_without_override
leap_to_ninth,NINTH,LEAP,Electricity interim/Electricity interim,LNG,NINTH,1,1,1,0,0,lossless_without_override
leap_to_ninth,NINTH,LEAP,Electricity interim/Electricity interim,LPG,NINTH,1,1,1,0,0,lossless_without_override
leap_to_ninth,NINTH,LEAP,Electricity interim/Electricity interim,Lignite,NINTH,1,1,1,0,0,lossless_without_override
leap_to_ninth,NINTH,LEAP,Electricity interim/Electricity interim,Motor gasoline,NINTH,1,1,1,0,0,lossless_without_override
leap_to_ninth,NINTH,LEAP,Electricity interim/Electricity interim,Municipal solid waste non renewable,NINTH,1,1,1,0,0,lossless_without_override
leap_to_ninth,NINTH,LEAP,Electricity interim/Electricity interim,Municipal solid waste renewable,NINTH,1,1,1,0,0,lossless_without_override
leap_to_ninth,NINTH,LEAP,Electricity interim/Electricity interim,Naphtha,NINTH,1,1,1,0,0,lossless_without_override
leap_to_ninth,NINTH,LEAP,Electricity interim/Electricity interim,Natural gas,NINTH,1,1,1,0,0,lossless_without_override
leap_to_ninth,NINTH,LEAP,Electricity interim/Electricity interim,Natural gas liquids,NINTH,1,1,1,0,0,lossless_without_override
leap_to_ninth,NINTH,LEAP,Electricity interim/Electricity interim,Nuclear,NINTH,1,1,1,0,0,lossless_without_override
leap_to_ninth,NINTH,LEAP,Electricity interim/Electricity interim,Other biomass,NINTH,1,1,1,0,0,lossless_without_override
leap_to_ninth,NINTH,LEAP,Electricity interim/Electricity interim,Other bituminous coal,NINTH,1,1,1,0,0,lossless_without_override
leap_to_ninth,NINTH,LEAP,Electricity interim/Electricity interim,Other hydrocarbons,NINTH,1,1,1,0,0,lossless_without_override
leap_to_ninth,NINTH,LEAP,Electricity interim/Electricity interim,Other liquid biofuels,NINTH,1,1,1,0,0,lossless_without_override
leap_to_ninth,NINTH,LEAP,Electricity interim/Electricity interim,Other products,NINTH,1,1,1,0,0,lossless_without_override
leap_to_ninth,NINTH,LEAP,Electricity interim/Electricity interim,Other recovered gases,NINTH,1,1,1,0,0,lossless_without_override
leap_to_ninth,NINTH,LEAP,Electricity interim/Electricity interim,Other sources,NINTH,1,1,1,0,0,lossless_without_override
leap_to_ninth,NINTH,LEAP,Electricity interim/Electricity interim,Peat,NINTH,1,1,1,0,0,lossless_without_override
leap_to_ninth,NINTH,LEAP,Electricity interim/Electricity interim,Petroleum coke,NINTH,1,1,1,0,0,lossless_without_override
leap_to_ninth,NINTH,LEAP,Electricity interim/Electricity interim,Refinery gas not liquefied,NINTH,1,1,1,0,0,lossless_without_override
leap_to_ninth,NINTH,LEAP,Electricity interim/Electricity interim,Solar nonspecified,NINTH,2,1,1,1,0,missing_current_targets
leap_to_ninth,NINTH,LEAP,Electricity interim/Electricity interim,Solar photovoltaics,NINTH,1,1,0,1,1,missing_and_extra_targets
leap_to_ninth,NINTH,LEAP,Electricity interim/Electricity interim,Sub bituminous coal,NINTH,1,1,1,0,0,lossless_without_override
leap_to_ninth,NINTH,LEAP,Electricity interim/Electricity interim,Tide wave ocean,NINTH,1,1,1,0,0,lossless_without_override
leap_to_ninth,NINTH,LEAP,Electricity interim/Electricity interim,Wind,NINTH,1,1,1,0,0,lossless_without_override
leap_to_ninth,NINTH,LEAP,Exports,Additives and oxygenates,NINTH,1,1,1,0,0,lossless_without_override
leap_to_ninth,NINTH,LEAP,Exports,Ammonia,NINTH,1,1,1,0,0,lossless_without_override
leap_to_ninth,NINTH,LEAP,Exports,Anthracite,NINTH,1,1,1,0,0,lossless_without_override
leap_to_ninth,NINTH,LEAP,Exports,Aviation gasoline,NINTH,1,1,1,0,0,lossless_without_override
leap_to_ninth,NINTH,LEAP,Exports,BKB and PB,NINTH,1,1,1,0,0,lossless_without_override
leap_to_ninth,NINTH,LEAP,Exports,Bagasse,NINTH,1,0,0,1,0,missing_current_targets
leap_to_ninth,NINTH,LEAP,Exports,Bio jet kerosene,NINTH,1,0,0,1,0,missing_current_targets
leap_to_ninth,NINTH,LEAP,Exports,Biodiesel,NINTH,1,1,1,0,0,lossless_without_override
leap_to_ninth,NINTH,LEAP,Exports,Biogas,NINTH,1,0,0,1,0,missing_current_targets
leap_to_ninth,NINTH,LEAP,Exports,Biogasoline,NINTH,1,1,1,0,0,lossless_without_override
leap_to_ninth,NINTH,LEAP,Exports,Bitumen,NINTH,1,1,1,0,0,lossless_without_override
leap_to_ninth,NINTH,LEAP,Exports,Black liquor,NINTH,1,0,0,1,0,missing_current_targets
leap_to_ninth,NINTH,LEAP,Exports,Blast furnace gas,NINTH,1,1,1,0,0,lossless_without_override
leap_to_ninth,NINTH,LEAP,Exports,Charcoal,NINTH,1,1,1,0,0,lossless_without_override
leap_to_ninth,NINTH,LEAP,Exports,Coal nonspecified,NINTH,1,0,0,1,0,missing_current_targets
leap_to_ninth,NINTH,LEAP,Exports,Coal tar,NINTH,1,1,1,0,0,lossless_without_override
leap_to_ninth,NINTH,LEAP,Exports,Coke oven coke,NINTH,1,1,1,0,0,lossless_without_override
leap_to_ninth,NINTH,LEAP,Exports,Coke oven gas,NINTH,1,1,1,0,0,lossless_without_override
leap_to_ninth,NINTH,LEAP,Exports,Coking coal,NINTH,1,1,1,0,0,lossless_without_override
leap_to_ninth,NINTH,LEAP,Exports,Crude oil,NINTH,1,1,1,0,0,lossless_without_override
leap_to_ninth,NINTH,LEAP,Exports,Efuel,NINTH,1,0,0,1,0,missing_current_targets
leap_to_ninth,NINTH,LEAP,Exports,Electricity,NINTH,2,1,1,1,0,missing_current_targets
leap_to_ninth,NINTH,LEAP,Exports,Ethane,NINTH,1,1,1,0,0,lossless_without_override
leap_to_ninth,NINTH,LEAP,Exports,Fuel oil,NINTH,1,1,1,0,0,lossless_without_override
leap_to_ninth,NINTH,LEAP,Exports,Fuelwood and woodwaste,NINTH,1,0,0,1,0,missing_current_targets
leap_to_ninth,NINTH,LEAP,Exports,Gas and diesel oil,NINTH,1,1,1,0,0,lossless_without_override
leap_to_ninth,NINTH,LEAP,Exports,Gas coke,NINTH,1,1,1,0,0,lossless_without_override
leap_to_ninth,NINTH,LEAP,Exports,Gas nonspecified,NINTH,1,0,0,1,0,missing_current_targets
leap_to_ninth,NINTH,LEAP,Exports,Gas works gas,NINTH,1,0,0,1,0,missing_current_targets
leap_to_ninth,NINTH,LEAP,Exports,Gasoline type jet fuel,NINTH,1,1,1,0,0,lossless_without_override
leap_to_ninth,NINTH,LEAP,Exports,Geothermal,NINTH,1,0,0,1,0,missing_current_targets
leap_to_ninth,NINTH,LEAP,Exports,Heat,NINTH,1,0,0,1,0,missing_current_targets
leap_to_ninth,NINTH,LEAP,Exports,Hydro,NINTH,1,0,0,1,0,missing_current_targets
leap_to_ninth,NINTH,LEAP,Exports,Hydrogen,NINTH,1,0,0,1,0,missing_current_targets
leap_to_ninth,NINTH,LEAP,Exports,Industrial waste,NINTH,1,0,0,1,0,missing_current_targets
leap_to_ninth,NINTH,LEAP,Exports,Kerosene,NINTH,1,1,1,0,0,lossless_without_override
leap_to_ninth,NINTH,LEAP,Exports,Kerosene type jet fuel,NINTH,1,1,1,0,0,lossless_without_override
leap_to_ninth,NINTH,LEAP,Exports,LNG,NINTH,1,1,1,0,0,lossless_without_override
leap_to_ninth,NINTH,LEAP,Exports,LPG,NINTH,1,1,1,0,0,lossless_without_override
leap_to_ninth,NINTH,LEAP,Exports,Lignite,NINTH,1,1,1,0,0,lossless_without_override
leap_to_ninth,NINTH,LEAP,Exports,Lubricants,NINTH,1,1,1,0,0,lossless_without_override
leap_to_ninth,NINTH,LEAP,Exports,Motor gasoline,NINTH,1,1,1,0,0,lossless_without_override
leap_to_ninth,NINTH,LEAP,Exports,Municipal solid waste non renewable,NINTH,1,0,0,1,0,missing_current_targets
leap_to_ninth,NINTH,LEAP,Exports,Municipal solid waste renewable,NINTH,1,0,0,1,0,missing_current_targets
leap_to_ninth,NINTH,LEAP,Exports,Naphtha,NINTH,1,1,1,0,0,lossless_without_override
leap_to_ninth,NINTH,LEAP,Exports,Natural gas,NINTH,1,1,1,0,0,lossless_without_override
leap_to_ninth,NINTH,LEAP,Exports,Natural gas liquids,NINTH,1,1,1,0,0,lossless_without_override
leap_to_ninth,NINTH,LEAP,Exports,Nuclear,NINTH,1,0,0,1,0,missing_current_targets
leap_to_ninth,NINTH,LEAP,Exports,Oil shale and oil sands,NINTH,1,0,0,1,0,missing_current_targets
leap_to_ninth,NINTH,LEAP,Exports,Other biomass,NINTH,1,1,1,0,0,lossless_without_override
leap_to_ninth,NINTH,LEAP,Exports,Other bituminous coal,NINTH,1,1,1,0,0,lossless_without_override
leap_to_ninth,NINTH,LEAP,Exports,Other hydrocarbons,NINTH,1,1,1,0,0,lossless_without_override
leap_to_ninth,NINTH,LEAP,Exports,Other liquid biofuels,NINTH,1,0,0,1,0,missing_current_targets
leap_to_ninth,NINTH,LEAP,Exports,Other products,NINTH,1,1,1,0,0,lossless_without_override
leap_to_ninth,NINTH,LEAP,Exports,Other recovered gases,NINTH,1,1,1,0,0,lossless_without_override
leap_to_ninth,NINTH,LEAP,Exports,Other sources,NINTH,1,0,0,1,0,missing_current_targets
leap_to_ninth,NINTH,LEAP,Exports,Paraffin waxes,NINTH,1,1,1,0,0,lossless_without_override
leap_to_ninth,NINTH,LEAP,Exports,Patent fuel,NINTH,1,1,1,0,0,lossless_without_override
leap_to_ninth,NINTH,LEAP,Exports,Peat,NINTH,1,1,1,0,0,lossless_without_override
leap_to_ninth,NINTH,LEAP,Exports,Peat products,NINTH,1,1,1,0,0,lossless_without_override
leap_to_ninth,NINTH,LEAP,Exports,PetProd nonspecified,NINTH,1,0,0,1,0,missing_current_targets
leap_to_ninth,NINTH,LEAP,Exports,Petroleum coke,NINTH,1,1,1,0,0,lossless_without_override
leap_to_ninth,NINTH,LEAP,Exports,Refinery feedstocks,NINTH,1,1,1,0,0,lossless_without_override
leap_to_ninth,NINTH,LEAP,Exports,Refinery gas not liquefied,NINTH,1,1,1,0,0,lossless_without_override
leap_to_ninth,NINTH,LEAP,Exports,Solar nonspecified,NINTH,2,0,0,2,0,missing_current_targets
leap_to_ninth,NINTH,LEAP,Exports,Solar photovoltaics,NINTH,1,0,0,1,0,missing_current_targets
leap_to_ninth,NINTH,LEAP,Exports,Sub bituminous coal,NINTH,1,1,1,0,0,lossless_without_override
leap_to_ninth,NINTH,LEAP,Exports,Tide wave ocean,NINTH,1,0,0,1,0,missing_current_targets
leap_to_ninth,NINTH,LEAP,Exports,White spirit SBP,NINTH,1,1,1,0,0,lossless_without_override
leap_to_ninth,NINTH,LEAP,Exports,Wind,NINTH,1,0,0,1,0,missing_current_targets
leap_to_ninth,NINTH,LEAP,Freight road,Biodiesel,NINTH,1,1,1,0,0,lossless_without_override
leap_to_ninth,NINTH,LEAP,Freight road,Biogasoline,NINTH,1,1,1,0,0,lossless_without_override
leap_to_ninth,NINTH,LEAP,Freight road,Efuel,NINTH,1,1,1,0,0,lossless_without_override
leap_to_ninth,NINTH,LEAP,Freight road,Electricity,NINTH,1,1,1,0,0,lossless_without_override
leap_to_ninth,NINTH,LEAP,Freight road,Gas and diesel oil,NINTH,1,1,1,0,0,lossless_without_override
leap_to_ninth,NINTH,LEAP,Freight road,Hydrogen,NINTH,1,1,1,0,0,lossless_without_override
leap_to_ninth,NINTH,LEAP,Freight road,LPG,NINTH,1,1,1,0,0,lossless_without_override
leap_to_ninth,NINTH,LEAP,Freight road,Motor gasoline,NINTH,1,1,1,0,0,lossless_without_override
leap_to_ninth,NINTH,LEAP,Freight road,Natural gas,NINTH,1,1,1,0,0,lossless_without_override
leap_to_ninth,NINTH,LEAP,Freight road/LCVs,Biodiesel,NINTH,1,1,1,0,0,lossless_without_override
leap_to_ninth,NINTH,LEAP,Freight road/LCVs,Biogas,NINTH,1,1,1,0,0,lossless_without_override
leap_to_ninth,NINTH,LEAP,Freight road/LCVs,Biogasoline,NINTH,1,1,1,0,0,lossless_without_override
leap_to_ninth,NINTH,LEAP,Freight road/LCVs,Efuel,NINTH,1,1,1,0,0,lossless_without_override
leap_to_ninth,NINTH,LEAP,Freight road/LCVs,Electricity,NINTH,1,1,1,0,0,lossless_without_override
leap_to_ninth,NINTH,LEAP,Freight road/LCVs,Fuel oil,NINTH,1,0,0,1,0,missing_current_targets
leap_to_ninth,NINTH,LEAP,Freight road/LCVs,Gas and diesel oil,NINTH,1,1,1,0,0,lossless_without_override
leap_to_ninth,NINTH,LEAP,Freight road/LCVs,Kerosene,NINTH,1,0,0,1,0,missing_current_targets
leap_to_ninth,NINTH,LEAP,Freight road/LCVs,LPG,NINTH,1,1,1,0,0,lossless_without_override
leap_to_ninth,NINTH,LEAP,Freight road/LCVs,Motor gasoline,NINTH,1,1,1,0,0,lossless_without_override
leap_to_ninth,NINTH,LEAP,Freight road/LCVs,Natural gas,NINTH,1,1,1,0,0,lossless_without_override
leap_to_ninth,NINTH,LEAP,Freight road/Trucks,Biodiesel,NINTH,2,2,2,0,0,lossless_without_override
leap_to_ninth,NINTH,LEAP,Freight road/Trucks,Biogas,NINTH,2,2,2,0,0,lossless_without_override
leap_to_ninth,NINTH,LEAP,Freight road/Trucks,Biogasoline,NINTH,2,2,2,0,0,lossless_without_override
leap_to_ninth,NINTH,LEAP,Freight road/Trucks,Efuel,NINTH,2,2,2,0,0,lossless_without_override
leap_to_ninth,NINTH,LEAP,Freight road/Trucks,Electricity,NINTH,2,2,2,0,0,lossless_without_override
leap_to_ninth,NINTH,LEAP,Freight road/Trucks,Fuel oil,NINTH,1,0,0,1,0,missing_current_targets
leap_to_ninth,NINTH,LEAP,Freight road/Trucks,Gas and diesel oil,NINTH,2,2,2,0,0,lossless_without_override
leap_to_ninth,NINTH,LEAP,Freight road/Trucks,Hydrogen,NINTH,2,2,2,0,0,lossless_without_override
leap_to_ninth,NINTH,LEAP,Freight road/Trucks,Kerosene,NINTH,1,0,0,1,0,missing_current_targets
leap_to_ninth,NINTH,LEAP,Freight road/Trucks,LPG,NINTH,2,2,2,0,0,lossless_without_override
leap_to_ninth,NINTH,LEAP,Freight road/Trucks,Motor gasoline,NINTH,2,2,2,0,0,lossless_without_override
leap_to_ninth,NINTH,LEAP,Freight road/Trucks,Natural gas,NINTH,2,2,2,0,0,lossless_without_override
leap_to_ninth,NINTH,LEAP,Freight road/Trucks/BEV heavy,Electricity,NINTH,1,1,1,0,0,lossless_without_override
leap_to_ninth,NINTH,LEAP,Freight road/Trucks/FCEV heavy,Hydrogen,NINTH,1,1,1,0,0,lossless_without_override
leap_to_ninth,NINTH,LEAP,Freight road/Trucks/FCEV medium,Hydrogen,NINTH,1,1,1,0,0,lossless_without_override
leap_to_ninth,NINTH,LEAP,Freight road/Trucks/ICE heavy,Biodiesel,NINTH,1,1,1,0,0,lossless_without_override
leap_to_ninth,NINTH,LEAP,Freight road/Trucks/ICE heavy,Biogasoline,NINTH,1,1,1,0,0,lossless_without_override
leap_to_ninth,NINTH,LEAP,Freight road/Trucks/ICE heavy,Efuel,NINTH,2,2,2,0,0,lossless_without_override
leap_to_ninth,NINTH,LEAP,Freight road/Trucks/ICE heavy,Gas and diesel oil,NINTH,1,1,1,0,0,lossless_without_override
leap_to_ninth,NINTH,LEAP,Freight road/Trucks/ICE heavy,LNG,NINTH,1,1,1,0,0,lossless_without_override
leap_to_ninth,NINTH,LEAP,Freight road/Trucks/ICE heavy,LPG,NINTH,1,1,1,0,0,lossless_without_override
leap_to_ninth,NINTH,LEAP,Freight road/Trucks/ICE heavy,Motor gasoline,NINTH,1,1,1,0,0,lossless_without_override
leap_to_ninth,NINTH,LEAP,Freight road/Trucks/ICE heavy,Natural gas,NINTH,1,1,1,0,0,lossless_without_override
leap_to_ninth,NINTH,LEAP,Gas processing plants,Biogas,NINTH,1,0,0,1,0,missing_current_targets
leap_to_ninth,NINTH,LEAP,Gas processing plants,Coal tar,NINTH,1,0,0,1,0,missing_current_targets
leap_to_ninth,NINTH,LEAP,Gas processing plants,Coke oven coke,NINTH,1,0,0,1,0,missing_current_targets
leap_to_ninth,NINTH,LEAP,Gas processing plants,Coke oven gas,NINTH,1,0,0,1,0,missing_current_targets
leap_to_ninth,NINTH,LEAP,Gas processing plants,Coking coal,NINTH,1,0,0,1,0,missing_current_targets
leap_to_ninth,NINTH,LEAP,Gas processing plants,Electricity,NINTH,1,0,0,1,0,missing_current_targets
leap_to_ninth,NINTH,LEAP,Gas processing plants,Fuel oil,NINTH,1,0,0,1,0,missing_current_targets
leap_to_ninth,NINTH,LEAP,Gas processing plants,Gas and diesel oil,NINTH,1,0,0,1,0,missing_current_targets
leap_to_ninth,NINTH,LEAP,Gas processing plants,Gas works gas,NINTH,1,0,0,1,0,missing_current_targets
leap_to_ninth,NINTH,LEAP,Gas processing plants,Heat,NINTH,1,0,0,1,0,missing_current_targets
leap_to_ninth,NINTH,LEAP,Gas processing plants,Kerosene,NINTH,1,0,0,1,0,missing_current_targets
leap_to_ninth,NINTH,LEAP,Gas processing plants,LNG,NINTH,1,0,0,1,0,missing_current_targets
leap_to_ninth,NINTH,LEAP,Gas processing plants,LPG,NINTH,1,0,0,1,0,missing_current_targets
leap_to_ninth,NINTH,LEAP,Gas processing plants,Lignite,NINTH,1,0,0,1,0,missing_current_targets
leap_to_ninth,NINTH,LEAP,Gas processing plants,Naphtha,NINTH,1,0,0,1,0,missing_current_targets
leap_to_ninth,NINTH,LEAP,Gas processing plants,Natural gas,NINTH,1,0,0,1,0,missing_current_targets
leap_to_ninth,NINTH,LEAP,Gas processing plants,Other bituminous coal,NINTH,1,0,0,1,0,missing_current_targets
leap_to_ninth,NINTH,LEAP,Gas processing plants,Other products,NINTH,1,0,0,1,0,missing_current_targets
leap_to_ninth,NINTH,LEAP,Gas processing plants,Petroleum coke,NINTH,1,0,0,1,0,missing_current_targets
leap_to_ninth,NINTH,LEAP,Gas processing plants,Refinery gas not liquefied,NINTH,1,0,0,1,0,missing_current_targets
leap_to_ninth,NINTH,LEAP,Gas works plants/Gas works plants,Biogas,NINTH,1,0,0,1,0,missing_current_targets
leap_to_ninth,NINTH,LEAP,Gas works plants/Gas works plants,Coal tar,NINTH,1,0,0,1,0,missing_current_targets
leap_to_ninth,NINTH,LEAP,Gas works plants/Gas works plants,Coke oven coke,NINTH,1,0,0,1,0,missing_current_targets
leap_to_ninth,NINTH,LEAP,Gas works plants/Gas works plants,Coke oven gas,NINTH,1,0,0,1,0,missing_current_targets
leap_to_ninth,NINTH,LEAP,Gas works plants/Gas works plants,Coking coal,NINTH,1,0,0,1,0,missing_current_targets
leap_to_ninth,NINTH,LEAP,Gas works plants/Gas works plants,Electricity,NINTH,1,0,0,1,0,missing_current_targets
leap_to_ninth,NINTH,LEAP,Gas works plants/Gas works plants,Fuel oil,NINTH,1,0,0,1,0,missing_current_targets
leap_to_ninth,NINTH,LEAP,Gas works plants/Gas works plants,Gas and diesel oil,NINTH,1,0,0,1,0,missing_current_targets
leap_to_ninth,NINTH,LEAP,Gas works plants/Gas works plants,Gas works gas,NINTH,1,0,0,1,0,missing_current_targets
leap_to_ninth,NINTH,LEAP,Gas works plants/Gas works plants,Heat,NINTH,1,0,0,1,0,missing_current_targets
leap_to_ninth,NINTH,LEAP,Gas works plants/Gas works plants,Kerosene,NINTH,1,0,0,1,0,missing_current_targets
leap_to_ninth,NINTH,LEAP,Gas works plants/Gas works plants,LNG,NINTH,1,0,0,1,0,missing_current_targets
leap_to_ninth,NINTH,LEAP,Gas works plants/Gas works plants,LPG,NINTH,1,0,0,1,0,missing_current_targets
leap_to_ninth,NINTH,LEAP,Gas works plants/Gas works plants,Lignite,NINTH,1,0,0,1,0,missing_current_targets
leap_to_ninth,NINTH,LEAP,Gas works plants/Gas works plants,Motor gasoline,NINTH,1,0,0,1,0,missing_current_targets
leap_to_ninth,NINTH,LEAP,Gas works plants/Gas works plants,Naphtha,NINTH,1,0,0,1,0,missing_current_targets
leap_to_ninth,NINTH,LEAP,Gas works plants/Gas works plants,Natural gas,NINTH,1,0,0,1,0,missing_current_targets
leap_to_ninth,NINTH,LEAP,Gas works plants/Gas works plants,Other bituminous coal,NINTH,1,0,0,1,0,missing_current_targets
leap_to_ninth,NINTH,LEAP,Gas works plants/Gas works plants,Other products,NINTH,1,0,0,1,0,missing_current_targets
leap_to_ninth,NINTH,LEAP,Gas works plants/Gas works plants,Petroleum coke,NINTH,1,0,0,1,0,missing_current_targets
leap_to_ninth,NINTH,LEAP,Gas works plants/Gas works plants,Refinery gas not liquefied,NINTH,1,0,0,1,0,missing_current_targets
leap_to_ninth,NINTH,LEAP,Heat plant interim/Heat plant interim,Anthracite,NINTH,1,1,1,0,0,lossless_without_override
leap_to_ninth,NINTH,LEAP,Heat plant interim/Heat plant interim,Biogas,NINTH,1,1,1,0,0,lossless_without_override
leap_to_ninth,NINTH,LEAP,Heat plant interim/Heat plant interim,Blast furnace gas,NINTH,1,1,1,0,0,lossless_without_override
leap_to_ninth,NINTH,LEAP,Heat plant interim/Heat plant interim,Coke oven coke,NINTH,1,1,1,0,0,lossless_without_override
leap_to_ninth,NINTH,LEAP,Heat plant interim/Heat plant interim,Coke oven gas,NINTH,1,1,1,0,0,lossless_without_override
leap_to_ninth,NINTH,LEAP,Heat plant interim/Heat plant interim,Crude oil,NINTH,1,1,1,0,0,lossless_without_override
leap_to_ninth,NINTH,LEAP,Heat plant interim/Heat plant interim,Electricity,NINTH,1,1,1,0,0,lossless_without_override
leap_to_ninth,NINTH,LEAP,Heat plant interim/Heat plant interim,Fuel oil,NINTH,1,1,1,0,0,lossless_without_override
leap_to_ninth,NINTH,LEAP,Heat plant interim/Heat plant interim,Gas and diesel oil,NINTH,1,1,1,0,0,lossless_without_override
leap_to_ninth,NINTH,LEAP,Heat plant interim/Heat plant interim,Gas works gas,NINTH,1,1,1,0,0,lossless_without_override
leap_to_ninth,NINTH,LEAP,Heat plant interim/Heat plant interim,Heat,NINTH,1,1,1,0,0,lossless_without_override
leap_to_ninth,NINTH,LEAP,Heat plant interim/Heat plant interim,Industrial waste,NINTH,1,1,1,0,0,lossless_without_override
leap_to_ninth,NINTH,LEAP,Heat plant interim/Heat plant interim,Kerosene,NINTH,1,1,1,0,0,lossless_without_override
leap_to_ninth,NINTH,LEAP,Heat plant interim/Heat plant interim,LPG,NINTH,1,1,1,0,0,lossless_without_override
leap_to_ninth,NINTH,LEAP,Heat plant interim/Heat plant interim,Lignite,NINTH,1,1,1,0,0,lossless_without_override
leap_to_ninth,NINTH,LEAP,Heat plant interim/Heat plant interim,Motor gasoline,NINTH,1,1,1,0,0,lossless_without_override
leap_to_ninth,NINTH,LEAP,Heat plant interim/Heat plant interim,Municipal solid waste non renewable,NINTH,1,1,1,0,0,lossless_without_override
leap_to_ninth,NINTH,LEAP,Heat plant interim/Heat plant interim,Municipal solid waste renewable,NINTH,1,1,1,0,0,lossless_without_override
leap_to_ninth,NINTH,LEAP,Heat plant interim/Heat plant interim,Naphtha,NINTH,1,1,1,0,0,lossless_without_override
leap_to_ninth,NINTH,LEAP,Heat plant interim/Heat plant interim,Natural gas,NINTH,1,1,1,0,0,lossless_without_override
leap_to_ninth,NINTH,LEAP,Heat plant interim/Heat plant interim,Natural gas liquids,NINTH,1,0,0,1,0,missing_current_targets
leap_to_ninth,NINTH,LEAP,Heat plant interim/Heat plant interim,Other biomass,NINTH,1,1,1,0,0,lossless_without_override
leap_to_ninth,NINTH,LEAP,Heat plant interim/Heat plant interim,Other bituminous coal,NINTH,1,1,1,0,0,lossless_without_override
leap_to_ninth,NINTH,LEAP,Heat plant interim/Heat plant interim,Other hydrocarbons,NINTH,1,0,0,1,0,missing_current_targets
leap_to_ninth,NINTH,LEAP,Heat plant interim/Heat plant interim,Other products,NINTH,1,1,1,0,0,lossless_without_override
leap_to_ninth,NINTH,LEAP,Heat plant interim/Heat plant interim,Other recovered gases,NINTH,1,1,1,0,0,lossless_without_override
leap_to_ninth,NINTH,LEAP,Heat plant interim/Heat plant interim,Other sources,NINTH,1,0,0,1,0,missing_current_targets
leap_to_ninth,NINTH,LEAP,Heat plant interim/Heat plant interim,Peat,NINTH,1,1,1,0,0,lossless_without_override
leap_to_ninth,NINTH,LEAP,Heat plant interim/Heat plant interim,Peat products,NINTH,1,1,1,0,0,lossless_without_override
leap_to_ninth,NINTH,LEAP,Heat plant interim/Heat plant interim,Refinery gas not liquefied,NINTH,1,1,1,0,0,lossless_without_override
leap_to_ninth,NINTH,LEAP,Heat plants,Biogas,NINTH,1,1,1,0,0,lossless_without_override
leap_to_ninth,NINTH,LEAP,Heat plants,Blast furnace gas,NINTH,1,1,1,0,0,lossless_without_override
leap_to_ninth,NINTH,LEAP,Heat plants,Coke oven coke,NINTH,1,1,1,0,0,lossless_without_override
leap_to_ninth,NINTH,LEAP,Heat plants,Coke oven gas,NINTH,1,1,1,0,0,lossless_without_override
leap_to_ninth,NINTH,LEAP,Heat plants,Crude oil,NINTH,1,1,1,0,0,lossless_without_override
leap_to_ninth,NINTH,LEAP,Heat plants,Electricity,NINTH,1,1,1,0,0,lossless_without_override
leap_to_ninth,NINTH,LEAP,Heat plants,Fuel oil,NINTH,1,1,1,0,0,lossless_without_override
leap_to_ninth,NINTH,LEAP,Heat plants,Gas and diesel oil,NINTH,1,1,1,0,0,lossless_without_override
leap_to_ninth,NINTH,LEAP,Heat plants,Gas works gas,NINTH,1,1,1,0,0,lossless_without_override
leap_to_ninth,NINTH,LEAP,Heat plants,Heat,NINTH,1,1,1,0,0,lossless_without_override
leap_to_ninth,NINTH,LEAP,Heat plants,Industrial waste,NINTH,1,1,1,0,0,lossless_without_override
leap_to_ninth,NINTH,LEAP,Heat plants,Kerosene,NINTH,1,1,1,0,0,lossless_without_override
leap_to_ninth,NINTH,LEAP,Heat plants,LPG,NINTH,1,1,1,0,0,lossless_without_override
leap_to_ninth,NINTH,LEAP,Heat plants,Lignite,NINTH,1,1,1,0,0,lossless_without_override
leap_to_ninth,NINTH,LEAP,Heat plants,Motor gasoline,NINTH,1,1,1,0,0,lossless_without_override
leap_to_ninth,NINTH,LEAP,Heat plants,Municipal solid waste non renewable,NINTH,1,1,1,0,0,lossless_without_override
leap_to_ninth,NINTH,LEAP,Heat plants,Municipal solid waste renewable,NINTH,1,1,1,0,0,lossless_without_override
leap_to_ninth,NINTH,LEAP,Heat plants,Naphtha,NINTH,1,1,1,0,0,lossless_without_override
leap_to_ninth,NINTH,LEAP,Heat plants,Natural gas,NINTH,1,1,1,0,0,lossless_without_override
leap_to_ninth,NINTH,LEAP,Heat plants,Other biomass,NINTH,1,1,1,0,0,lossless_without_override
leap_to_ninth,NINTH,LEAP,Heat plants,Other bituminous coal,NINTH,1,1,1,0,0,lossless_without_override
leap_to_ninth,NINTH,LEAP,Heat plants,Other products,NINTH,1,1,1,0,0,lossless_without_override
leap_to_ninth,NINTH,LEAP,Heat plants,Other recovered gases,NINTH,1,1,1,0,0,lossless_without_override
leap_to_ninth,NINTH,LEAP,Heat plants,Peat,NINTH,1,1,1,0,0,lossless_without_override
leap_to_ninth,NINTH,LEAP,Heat plants,Peat products,NINTH,1,1,1,0,0,lossless_without_override
leap_to_ninth,NINTH,LEAP,Heat plants,Petroleum coke,NINTH,1,1,1,0,0,lossless_without_override
leap_to_ninth,NINTH,LEAP,Heat plants,Refinery gas not liquefied,NINTH,1,1,1,0,0,lossless_without_override
leap_to_ninth,NINTH,LEAP,Hydrogen transformation,Ammonia,NINTH,1,1,1,0,0,lossless_without_override
leap_to_ninth,NINTH,LEAP,Hydrogen transformation,Efuel,NINTH,1,1,1,0,0,lossless_without_override
leap_to_ninth,NINTH,LEAP,Hydrogen transformation,Electricity,NINTH,1,1,0,1,1,missing_and_extra_targets
leap_to_ninth,NINTH,LEAP,Hydrogen transformation,Hydrogen,NINTH,1,1,1,0,0,lossless_without_override
leap_to_ninth,NINTH,LEAP,Hydrogen transformation,Natural gas,NINTH,1,1,1,0,0,lossless_without_override
leap_to_ninth,NINTH,LEAP,Hydrogen transformation/Electrolysers,Ammonia,NINTH,1,1,1,0,0,lossless_without_override
leap_to_ninth,NINTH,LEAP,Hydrogen transformation/Electrolysers,Efuel,NINTH,1,1,1,0,0,lossless_without_override
leap_to_ninth,NINTH,LEAP,Hydrogen transformation/Electrolysers,Electricity,NINTH,1,1,1,0,0,lossless_without_override
leap_to_ninth,NINTH,LEAP,Hydrogen transformation/Electrolysers,Hydrogen,NINTH,1,1,1,0,0,lossless_without_override
leap_to_ninth,NINTH,LEAP,Hydrogen transformation/SMR with CCS,Ammonia,NINTH,1,1,1,0,0,lossless_without_override
leap_to_ninth,NINTH,LEAP,Hydrogen transformation/SMR with CCS,Efuel,NINTH,1,1,1,0,0,lossless_without_override
leap_to_ninth,NINTH,LEAP,Hydrogen transformation/SMR with CCS,Hydrogen,NINTH,1,1,1,0,0,lossless_without_override
leap_to_ninth,NINTH,LEAP,Hydrogen transformation/SMR with CCS,Natural gas,NINTH,1,1,1,0,0,lossless_without_override
leap_to_ninth,NINTH,LEAP,Imports,Additives and oxygenates,NINTH,1,1,1,0,0,lossless_without_override
leap_to_ninth,NINTH,LEAP,Imports,Ammonia,NINTH,1,1,1,0,0,lossless_without_override
leap_to_ninth,NINTH,LEAP,Imports,Anthracite,NINTH,1,1,1,0,0,lossless_without_override
leap_to_ninth,NINTH,LEAP,Imports,Aviation gasoline,NINTH,1,1,1,0,0,lossless_without_override
leap_to_ninth,NINTH,LEAP,Imports,BKB and PB,NINTH,1,1,1,0,0,lossless_without_override
leap_to_ninth,NINTH,LEAP,Imports,Bagasse,NINTH,1,0,0,1,0,missing_current_targets
leap_to_ninth,NINTH,LEAP,Imports,Bio jet kerosene,NINTH,1,1,1,0,0,lossless_without_override
leap_to_ninth,NINTH,LEAP,Imports,Biodiesel,NINTH,1,1,1,0,0,lossless_without_override
leap_to_ninth,NINTH,LEAP,Imports,Biogas,NINTH,1,0,0,1,0,missing_current_targets
leap_to_ninth,NINTH,LEAP,Imports,Biogasoline,NINTH,1,1,1,0,0,lossless_without_override
leap_to_ninth,NINTH,LEAP,Imports,Bitumen,NINTH,1,1,1,0,0,lossless_without_override
leap_to_ninth,NINTH,LEAP,Imports,Black liquor,NINTH,1,0,0,1,0,missing_current_targets
leap_to_ninth,NINTH,LEAP,Imports,Blast furnace gas,NINTH,1,1,1,0,0,lossless_without_override
leap_to_ninth,NINTH,LEAP,Imports,Charcoal,NINTH,1,1,1,0,0,lossless_without_override
leap_to_ninth,NINTH,LEAP,Imports,Coal nonspecified,NINTH,1,0,0,1,0,missing_current_targets
leap_to_ninth,NINTH,LEAP,Imports,Coal tar,NINTH,1,1,1,0,0,lossless_without_override
leap_to_ninth,NINTH,LEAP,Imports,Coke oven coke,NINTH,1,1,1,0,0,lossless_without_override
leap_to_ninth,NINTH,LEAP,Imports,Coke oven gas,NINTH,1,1,1,0,0,lossless_without_override
leap_to_ninth,NINTH,LEAP,Imports,Coking coal,NINTH,1,1,1,0,0,lossless_without_override
leap_to_ninth,NINTH,LEAP,Imports,Crude oil,NINTH,1,1,1,0,0,lossless_without_override
leap_to_ninth,NINTH,LEAP,Imports,Efuel,NINTH,1,1,1,0,0,lossless_without_override
leap_to_ninth,NINTH,LEAP,Imports,Electricity,NINTH,2,1,1,1,0,missing_current_targets
leap_to_ninth,NINTH,LEAP,Imports,Ethane,NINTH,1,1,1,0,0,lossless_without_override
leap_to_ninth,NINTH,LEAP,Imports,Fuel oil,NINTH,1,1,1,0,0,lossless_without_override
leap_to_ninth,NINTH,LEAP,Imports,Fuelwood and woodwaste,NINTH,1,0,0,1,0,missing_current_targets
leap_to_ninth,NINTH,LEAP,Imports,Gas and diesel oil,NINTH,1,1,1,0,0,lossless_without_override
leap_to_ninth,NINTH,LEAP,Imports,Gas coke,NINTH,1,1,1,0,0,lossless_without_override
leap_to_ninth,NINTH,LEAP,Imports,Gas nonspecified,NINTH,1,1,1,0,0,lossless_without_override
leap_to_ninth,NINTH,LEAP,Imports,Gas works gas,NINTH,1,0,0,1,0,missing_current_targets
leap_to_ninth,NINTH,LEAP,Imports,Gasoline type jet fuel,NINTH,1,1,1,0,0,lossless_without_override
leap_to_ninth,NINTH,LEAP,Imports,Geothermal,NINTH,1,0,0,1,0,missing_current_targets
leap_to_ninth,NINTH,LEAP,Imports,Heat,NINTH,1,0,0,1,0,missing_current_targets
leap_to_ninth,NINTH,LEAP,Imports,Hydro,NINTH,1,0,0,1,0,missing_current_targets
leap_to_ninth,NINTH,LEAP,Imports,Hydrogen,NINTH,1,1,1,0,0,lossless_without_override
leap_to_ninth,NINTH,LEAP,Imports,Industrial waste,NINTH,1,0,0,1,0,missing_current_targets
leap_to_ninth,NINTH,LEAP,Imports,Kerosene,NINTH,1,1,1,0,0,lossless_without_override
leap_to_ninth,NINTH,LEAP,Imports,Kerosene type jet fuel,NINTH,1,1,1,0,0,lossless_without_override
leap_to_ninth,NINTH,LEAP,Imports,LNG,NINTH,1,1,1,0,0,lossless_without_override
leap_to_ninth,NINTH,LEAP,Imports,LPG,NINTH,1,1,1,0,0,lossless_without_override
leap_to_ninth,NINTH,LEAP,Imports,Lignite,NINTH,1,1,1,0,0,lossless_without_override
leap_to_ninth,NINTH,LEAP,Imports,Lubricants,NINTH,1,1,1,0,0,lossless_without_override
leap_to_ninth,NINTH,LEAP,Imports,Motor gasoline,NINTH,1,1,1,0,0,lossless_without_override
leap_to_ninth,NINTH,LEAP,Imports,Municipal solid waste non renewable,NINTH,1,0,0,1,0,missing_current_targets
leap_to_ninth,NINTH,LEAP,Imports,Municipal solid waste renewable,NINTH,1,0,0,1,0,missing_current_targets
leap_to_ninth,NINTH,LEAP,Imports,Naphtha,NINTH,1,1,1,0,0,lossless_without_override
leap_to_ninth,NINTH,LEAP,Imports,Natural gas,NINTH,1,1,1,0,0,lossless_without_override
leap_to_ninth,NINTH,LEAP,Imports,Natural gas liquids,NINTH,1,1,1,0,0,lossless_without_override
leap_to_ninth,NINTH,LEAP,Imports,Nuclear,NINTH,1,0,0,1,0,missing_current_targets
leap_to_ninth,NINTH,LEAP,Imports,Oil shale and oil sands,NINTH,1,0,0,1,0,missing_current_targets
leap_to_ninth,NINTH,LEAP,Imports,Other biomass,NINTH,1,1,1,0,0,lossless_without_override
leap_to_ninth,NINTH,LEAP,Imports,Other bituminous coal,NINTH,1,1,1,0,0,lossless_without_override
leap_to_ninth,NINTH,LEAP,Imports,Other hydrocarbons,NINTH,2,2,2,0,0,lossless_without_override
leap_to_ninth,NINTH,LEAP,Imports,Other liquid biofuels,NINTH,1,1,1,0,0,lossless_without_override
leap_to_ninth,NINTH,LEAP,Imports,Other products,NINTH,1,1,1,0,0,lossless_without_override
leap_to_ninth,NINTH,LEAP,Imports,Other recovered gases,NINTH,1,1,1,0,0,lossless_without_override
leap_to_ninth,NINTH,LEAP,Imports,Other sources,NINTH,1,0,0,1,0,missing_current_targets
leap_to_ninth,NINTH,LEAP,Imports,Paraffin waxes,NINTH,1,1,1,0,0,lossless_without_override
leap_to_ninth,NINTH,LEAP,Imports,Patent fuel,NINTH,1,1,1,0,0,lossless_without_override
leap_to_ninth,NINTH,LEAP,Imports,Peat,NINTH,1,1,1,0,0,lossless_without_override
leap_to_ninth,NINTH,LEAP,Imports,Peat products,NINTH,1,0,0,1,0,missing_current_targets
leap_to_ninth,NINTH,LEAP,Imports,PetProd nonspecified,NINTH,1,0,0,1,0,missing_current_targets
leap_to_ninth,NINTH,LEAP,Imports,Petroleum coke,NINTH,1,1,1,0,0,lossless_without_override
leap_to_ninth,NINTH,LEAP,Imports,Refinery feedstocks,NINTH,1,1,1,0,0,lossless_without_override
leap_to_ninth,NINTH,LEAP,Imports,Refinery gas not liquefied,NINTH,1,1,1,0,0,lossless_without_override
leap_to_ninth,NINTH,LEAP,Imports,Solar nonspecified,NINTH,2,0,0,2,0,missing_current_targets
leap_to_ninth,NINTH,LEAP,Imports,Solar photovoltaics,NINTH,1,0,0,1,0,missing_current_targets
leap_to_ninth,NINTH,LEAP,Imports,Sub bituminous coal,NINTH,1,1,1,0,0,lossless_without_override
leap_to_ninth,NINTH,LEAP,Imports,Tide wave ocean,NINTH,1,0,0,1,0,missing_current_targets
leap_to_ninth,NINTH,LEAP,Imports,White spirit SBP,NINTH,1,1,1,0,0,lossless_without_override
leap_to_ninth,NINTH,LEAP,Imports,Wind,NINTH,1,0,0,1,0,missing_current_targets
leap_to_ninth,NINTH,LEAP,Industry,Anthracite,NINTH,1,1,1,0,0,lossless_without_override
leap_to_ninth,NINTH,LEAP,Industry,Aviation gasoline,NINTH,1,1,1,0,0,lossless_without_override
leap_to_ninth,NINTH,LEAP,Industry,BKB and PB,NINTH,1,1,1,0,0,lossless_without_override
leap_to_ninth,NINTH,LEAP,Industry,Bagasse,NINTH,1,1,1,0,0,lossless_without_override
leap_to_ninth,NINTH,LEAP,Industry,Bio jet kerosene,NINTH,1,0,0,1,0,missing_current_targets
leap_to_ninth,NINTH,LEAP,Industry,Biodiesel,NINTH,1,1,1,0,0,lossless_without_override
leap_to_ninth,NINTH,LEAP,Industry,Biogas,NINTH,1,1,1,0,0,lossless_without_override
leap_to_ninth,NINTH,LEAP,Industry,Biogasoline,NINTH,1,1,1,0,0,lossless_without_override
leap_to_ninth,NINTH,LEAP,Industry,Bitumen,NINTH,1,1,1,0,0,lossless_without_override
leap_to_ninth,NINTH,LEAP,Industry,Black liquor,NINTH,1,1,1,0,0,lossless_without_override
leap_to_ninth,NINTH,LEAP,Industry,Blast furnace gas,NINTH,1,1,1,0,0,lossless_without_override
leap_to_ninth,NINTH,LEAP,Industry,Charcoal,NINTH,1,1,1,0,0,lossless_without_override
leap_to_ninth,NINTH,LEAP,Industry,Coal nonspecified,NINTH,1,0,0,1,0,missing_current_targets
leap_to_ninth,NINTH,LEAP,Industry,Coal tar,NINTH,1,1,1,0,0,lossless_without_override
leap_to_ninth,NINTH,LEAP,Industry,Coke oven coke,NINTH,1,1,1,0,0,lossless_without_override
leap_to_ninth,NINTH,LEAP,Industry,Coke oven gas,NINTH,1,1,1,0,0,lossless_without_override
leap_to_ninth,NINTH,LEAP,Industry,Electricity,NINTH,1,1,1,0,0,lossless_without_override
leap_to_ninth,NINTH,LEAP,Industry,Ethane,NINTH,1,1,1,0,0,lossless_without_override
leap_to_ninth,NINTH,LEAP,Industry,Fuel oil,NINTH,1,1,1,0,0,lossless_without_override
leap_to_ninth,NINTH,LEAP,Industry,Fuelwood and woodwaste,NINTH,1,1,1,0,0,lossless_without_override
leap_to_ninth,NINTH,LEAP,Industry,Gas and diesel oil,NINTH,1,1,1,0,0,lossless_without_override
leap_to_ninth,NINTH,LEAP,Industry,Gas coke,NINTH,1,1,1,0,0,lossless_without_override
leap_to_ninth,NINTH,LEAP,Industry,Gasoline type jet fuel,NINTH,1,1,1,0,0,lossless_without_override
leap_to_ninth,NINTH,LEAP,Industry,Heat,NINTH,1,1,1,0,0,lossless_without_override
leap_to_ninth,NINTH,LEAP,Industry,Hydrogen,NINTH,1,1,1,0,0,lossless_without_override
leap_to_ninth,NINTH,LEAP,Industry,Industrial waste,NINTH,1,1,1,0,0,lossless_without_override
leap_to_ninth,NINTH,LEAP,Industry,Kerosene,NINTH,1,1,1,0,0,lossless_without_override
leap_to_ninth,NINTH,LEAP,Industry,Kerosene type jet fuel,NINTH,1,1,1,0,0,lossless_without_override
leap_to_ninth,NINTH,LEAP,Industry,LPG,NINTH,1,1,1,0,0,lossless_without_override
leap_to_ninth,NINTH,LEAP,Industry,Lignite,NINTH,1,1,1,0,0,lossless_without_override
leap_to_ninth,NINTH,LEAP,Industry,Lubricants,NINTH,1,1,1,0,0,lossless_without_override
leap_to_ninth,NINTH,LEAP,Industry,Motor gasoline,NINTH,1,1,1,0,0,lossless_without_override
leap_to_ninth,NINTH,LEAP,Industry,Municipal solid waste non renewable,NINTH,1,1,1,0,0,lossless_without_override
leap_to_ninth,NINTH,LEAP,Industry,Municipal solid waste renewable,NINTH,1,1,1,0,0,lossless_without_override
leap_to_ninth,NINTH,LEAP,Industry,Naphtha,NINTH,1,1,1,0,0,lossless_without_override
leap_to_ninth,NINTH,LEAP,Industry,Natural gas,NINTH,1,1,1,0,0,lossless_without_override
leap_to_ninth,NINTH,LEAP,Industry,Other biomass,NINTH,1,2,1,0,1,extra_factorised_targets
leap_to_ninth,NINTH,LEAP,Industry,Other bituminous coal,NINTH,1,1,1,0,0,lossless_without_override
leap_to_ninth,NINTH,LEAP,Industry,Other liquid biofuels,NINTH,1,1,1,0,0,lossless_without_override
leap_to_ninth,NINTH,LEAP,Industry,Other products,NINTH,1,1,1,0,0,lossless_without_override
leap_to_ninth,NINTH,LEAP,Industry,Other recovered gases,NINTH,1,1,1,0,0,lossless_without_override
leap_to_ninth,NINTH,LEAP,Industry,Other sources,NINTH,1,0,0,1,0,missing_current_targets
leap_to_ninth,NINTH,LEAP,Industry,Paraffin waxes,NINTH,1,1,1,0,0,lossless_without_override
leap_to_ninth,NINTH,LEAP,Industry,Patent fuel,NINTH,1,1,1,0,0,lossless_without_override
leap_to_ninth,NINTH,LEAP,Industry,PetProd nonspecified,NINTH,1,0,0,1,0,missing_current_targets
leap_to_ninth,NINTH,LEAP,Industry,Petroleum coke,NINTH,1,1,1,0,0,lossless_without_override
leap_to_ninth,NINTH,LEAP,Industry,Refinery gas not liquefied,NINTH,1,1,1,0,0,lossless_without_override
leap_to_ninth,NINTH,LEAP,Industry,Sub bituminous coal,NINTH,1,1,1,0,0,lossless_without_override
leap_to_ninth,NINTH,LEAP,Industry,White spirit SBP,NINTH,1,1,1,0,0,lossless_without_override
leap_to_ninth,NINTH,LEAP,Industry/Construction,Anthracite,NINTH,1,1,1,0,0,lossless_without_override
leap_to_ninth,NINTH,LEAP,Industry/Construction,Bagasse,NINTH,1,0,0,1,0,missing_current_targets
leap_to_ninth,NINTH,LEAP,Industry/Construction,Bio jet kerosene,NINTH,1,0,0,1,0,missing_current_targets
leap_to_ninth,NINTH,LEAP,Industry/Construction,Biodiesel,NINTH,1,1,1,0,0,lossless_without_override
leap_to_ninth,NINTH,LEAP,Industry/Construction,Biogas,NINTH,1,1,1,0,0,lossless_without_override
leap_to_ninth,NINTH,LEAP,Industry/Construction,Biogasoline,NINTH,1,0,0,1,0,missing_current_targets
leap_to_ninth,NINTH,LEAP,Industry/Construction,Black liquor,NINTH,1,0,0,1,0,missing_current_targets
leap_to_ninth,NINTH,LEAP,Industry/Construction,Charcoal,NINTH,1,0,0,1,0,missing_current_targets
leap_to_ninth,NINTH,LEAP,Industry/Construction,Coke oven coke,NINTH,1,1,1,0,0,lossless_without_override
leap_to_ninth,NINTH,LEAP,Industry/Construction,Coking coal,NINTH,1,1,1,0,0,lossless_without_override
leap_to_ninth,NINTH,LEAP,Industry/Construction,Crude oil,NINTH,1,1,1,0,0,lossless_without_override
leap_to_ninth,NINTH,LEAP,Industry/Construction,Electricity,NINTH,1,1,1,0,0,lossless_without_override
leap_to_ninth,NINTH,LEAP,Industry/Construction,Fuel oil,NINTH,1,1,1,0,0,lossless_without_override
leap_to_ninth,NINTH,LEAP,Industry/Construction,Fuelwood and woodwaste,NINTH,1,0,0,1,0,missing_current_targets
leap_to_ninth,NINTH,LEAP,Industry/Construction,Gas and diesel oil,NINTH,1,1,1,0,0,lossless_without_override
leap_to_ninth,NINTH,LEAP,Industry/Construction,Gas works gas,NINTH,1,1,1,0,0,lossless_without_override
leap_to_ninth,NINTH,LEAP,Industry/Construction,Heat,NINTH,1,1,1,0,0,lossless_without_override
leap_to_ninth,NINTH,LEAP,Industry/Construction,Industrial waste,NINTH,1,1,1,0,0,lossless_without_override
leap_to_ninth,NINTH,LEAP,Industry/Construction,Kerosene,NINTH,1,1,1,0,0,lossless_without_override
leap_to_ninth,NINTH,LEAP,Industry/Construction,Kerosene type jet fuel,NINTH,1,1,1,0,0,lossless_without_override
leap_to_ninth,NINTH,LEAP,Industry/Construction,LPG,NINTH,1,1,1,0,0,lossless_without_override
leap_to_ninth,NINTH,LEAP,Industry/Construction,Lignite,NINTH,1,1,1,0,0,lossless_without_override
leap_to_ninth,NINTH,LEAP,Industry/Construction,Motor gasoline,NINTH,1,1,1,0,0,lossless_without_override
leap_to_ninth,NINTH,LEAP,Industry/Construction,Municipal solid waste non renewable,NINTH,1,1,1,0,0,lossless_without_override
leap_to_ninth,NINTH,LEAP,Industry/Construction,Municipal solid waste renewable,NINTH,1,1,1,0,0,lossless_without_override
leap_to_ninth,NINTH,LEAP,Industry/Construction,Naphtha,NINTH,1,1,1,0,0,lossless_without_override
leap_to_ninth,NINTH,LEAP,Industry/Construction,Natural gas,NINTH,1,1,1,0,0,lossless_without_override
leap_to_ninth,NINTH,LEAP,Industry/Construction,Other biomass,NINTH,1,1,1,0,0,lossless_without_override
leap_to_ninth,NINTH,LEAP,Industry/Construction,Other bituminous coal,NINTH,1,1,1,0,0,lossless_without_override
leap_to_ninth,NINTH,LEAP,Industry/Construction,Other liquid biofuels,NINTH,1,0,0,1,0,missing_current_targets
leap_to_ninth,NINTH,LEAP,Industry/Construction,Other products,NINTH,1,1,1,0,0,lossless_without_override
leap_to_ninth,NINTH,LEAP,Industry/Construction,Other sources,NINTH,1,0,0,1,0,missing_current_targets
leap_to_ninth,NINTH,LEAP,Industry/Construction,Peat,NINTH,1,1,1,0,0,lossless_without_override
leap_to_ninth,NINTH,LEAP,Industry/Construction,Refinery gas not liquefied,NINTH,1,1,1,0,0,lossless_without_override
leap_to_ninth,NINTH,LEAP,Industry/Manufacturing,Anthracite,NINTH,1,1,1,0,0,lossless_without_override
leap_to_ninth,NINTH,LEAP,Industry/Manufacturing,Aviation gasoline,NINTH,1,1,1,0,0,lossless_without_override
leap_to_ninth,NINTH,LEAP,Industry/Manufacturing,BKB and PB,NINTH,1,1,1,0,0,lossless_without_override
leap_to_ninth,NINTH,LEAP,Industry/Manufacturing,Bagasse,NINTH,1,1,1,0,0,lossless_without_override
leap_to_ninth,NINTH,LEAP,Industry/Manufacturing,Bio jet kerosene,NINTH,1,0,0,1,0,missing_current_targets
leap_to_ninth,NINTH,LEAP,Industry/Manufacturing,Biodiesel,NINTH,1,1,1,0,0,lossless_without_override
leap_to_ninth,NINTH,LEAP,Industry/Manufacturing,Biogas,NINTH,1,1,1,0,0,lossless_without_override
leap_to_ninth,NINTH,LEAP,Industry/Manufacturing,Biogasoline,NINTH,1,1,1,0,0,lossless_without_override
leap_to_ninth,NINTH,LEAP,Industry/Manufacturing,Bitumen,NINTH,1,1,1,0,0,lossless_without_override
leap_to_ninth,NINTH,LEAP,Industry/Manufacturing,Black liquor,NINTH,1,1,1,0,0,lossless_without_override
leap_to_ninth,NINTH,LEAP,Industry/Manufacturing,Blast furnace gas,NINTH,1,1,1,0,0,lossless_without_override
leap_to_ninth,NINTH,LEAP,Industry/Manufacturing,Charcoal,NINTH,1,1,1,0,0,lossless_without_override
leap_to_ninth,NINTH,LEAP,Industry/Manufacturing,Coal nonspecified,NINTH,1,0,0,1,0,missing_current_targets
leap_to_ninth,NINTH,LEAP,Industry/Manufacturing,Coal tar,NINTH,1,1,1,0,0,lossless_without_override
leap_to_ninth,NINTH,LEAP,Industry/Manufacturing,Coke oven coke,NINTH,1,1,1,0,0,lossless_without_override
leap_to_ninth,NINTH,LEAP,Industry/Manufacturing,Coke oven gas,NINTH,1,1,1,0,0,lossless_without_override
leap_to_ninth,NINTH,LEAP,Industry/Manufacturing,Electricity,NINTH,1,1,1,0,0,lossless_without_override
leap_to_ninth,NINTH,LEAP,Industry/Manufacturing,Ethane,NINTH,1,1,1,0,0,lossless_without_override
leap_to_ninth,NINTH,LEAP,Industry/Manufacturing,Fuel oil,NINTH,1,1,1,0,0,lossless_without_override
leap_to_ninth,NINTH,LEAP,Industry/Manufacturing,Fuelwood and woodwaste,NINTH,1,1,1,0,0,lossless_without_override
leap_to_ninth,NINTH,LEAP,Industry/Manufacturing,Gas and diesel oil,NINTH,1,1,1,0,0,lossless_without_override
leap_to_ninth,NINTH,LEAP,Industry/Manufacturing,Gas coke,NINTH,1,1,1,0,0,lossless_without_override
leap_to_ninth,NINTH,LEAP,Industry/Manufacturing,Gasoline type jet fuel,NINTH,1,1,1,0,0,lossless_without_override
leap_to_ninth,NINTH,LEAP,Industry/Manufacturing,Heat,NINTH,1,1,1,0,0,lossless_without_override
leap_to_ninth,NINTH,LEAP,Industry/Manufacturing,Hydrogen,NINTH,1,1,1,0,0,lossless_without_override
leap_to_ninth,NINTH,LEAP,Industry/Manufacturing,Industrial waste,NINTH,1,1,1,0,0,lossless_without_override
leap_to_ninth,NINTH,LEAP,Industry/Manufacturing,Kerosene,NINTH,1,1,1,0,0,lossless_without_override
leap_to_ninth,NINTH,LEAP,Industry/Manufacturing,Kerosene type jet fuel,NINTH,1,1,1,0,0,lossless_without_override
leap_to_ninth,NINTH,LEAP,Industry/Manufacturing,LPG,NINTH,1,1,1,0,0,lossless_without_override
leap_to_ninth,NINTH,LEAP,Industry/Manufacturing,Lignite,NINTH,1,1,1,0,0,lossless_without_override
leap_to_ninth,NINTH,LEAP,Industry/Manufacturing,Lubricants,NINTH,1,1,1,0,0,lossless_without_override
leap_to_ninth,NINTH,LEAP,Industry/Manufacturing,Municipal solid waste non renewable,NINTH,1,1,1,0,0,lossless_without_override
leap_to_ninth,NINTH,LEAP,Industry/Manufacturing,Municipal solid waste renewable,NINTH,1,1,1,0,0,lossless_without_override
leap_to_ninth,NINTH,LEAP,Industry/Manufacturing,Naphtha,NINTH,1,1,1,0,0,lossless_without_override
leap_to_ninth,NINTH,LEAP,Industry/Manufacturing,Natural gas,NINTH,1,1,1,0,0,lossless_without_override
leap_to_ninth,NINTH,LEAP,Industry/Manufacturing,Other biomass,NINTH,1,2,1,0,1,extra_factorised_targets
leap_to_ninth,NINTH,LEAP,Industry/Manufacturing,Other bituminous coal,NINTH,1,1,1,0,0,lossless_without_override
leap_to_ninth,NINTH,LEAP,Industry/Manufacturing,Other liquid biofuels,NINTH,1,1,1,0,0,lossless_without_override
leap_to_ninth,NINTH,LEAP,Industry/Manufacturing,Other products,NINTH,1,1,1,0,0,lossless_without_override
leap_to_ninth,NINTH,LEAP,Industry/Manufacturing,Other recovered gases,NINTH,1,1,1,0,0,lossless_without_override
leap_to_ninth,NINTH,LEAP,Industry/Manufacturing,Other sources,NINTH,1,0,0,1,0,missing_current_targets
leap_to_ninth,NINTH,LEAP,Industry/Manufacturing,Paraffin waxes,NINTH,1,1,1,0,0,lossless_without_override
leap_to_ninth,NINTH,LEAP,Industry/Manufacturing,Patent fuel,NINTH,1,1,1,0,0,lossless_without_override
leap_to_ninth,NINTH,LEAP,Industry/Manufacturing,PetProd nonspecified,NINTH,1,0,0,1,0,missing_current_targets
leap_to_ninth,NINTH,LEAP,Industry/Manufacturing,Petroleum coke,NINTH,1,1,1,0,0,lossless_without_override
leap_to_ninth,NINTH,LEAP,Industry/Manufacturing,Refinery gas not liquefied,NINTH,1,1,1,0,0,lossless_without_override
leap_to_ninth,NINTH,LEAP,Industry/Manufacturing,Sub bituminous coal,NINTH,1,1,1,0,0,lossless_without_override
leap_to_ninth,NINTH,LEAP,Industry/Manufacturing,White spirit SBP,NINTH,1,1,1,0,0,lossless_without_override
leap_to_ninth,NINTH,LEAP,Industry/Manufacturing/Chemical,Anthracite,NINTH,1,1,1,0,0,lossless_without_override
leap_to_ninth,NINTH,LEAP,Industry/Manufacturing/Chemical,Aviation gasoline,NINTH,1,0,0,1,0,missing_current_targets
leap_to_ninth,NINTH,LEAP,Industry/Manufacturing/Chemical,BKB and PB,NINTH,1,1,1,0,0,lossless_without_override
leap_to_ninth,NINTH,LEAP,Industry/Manufacturing/Chemical,Bagasse,NINTH,1,1,1,0,0,lossless_without_override
leap_to_ninth,NINTH,LEAP,Industry/Manufacturing/Chemical,Bio jet kerosene,NINTH,1,0,0,1,0,missing_current_targets
leap_to_ninth,NINTH,LEAP,Industry/Manufacturing/Chemical,Biodiesel,NINTH,1,1,1,0,0,lossless_without_override
leap_to_ninth,NINTH,LEAP,Industry/Manufacturing/Chemical,Biogas,NINTH,1,1,1,0,0,lossless_without_override
leap_to_ninth,NINTH,LEAP,Industry/Manufacturing/Chemical,Biogasoline,NINTH,1,0,0,1,0,missing_current_targets
leap_to_ninth,NINTH,LEAP,Industry/Manufacturing/Chemical,Bitumen,NINTH,1,1,1,0,0,lossless_without_override
leap_to_ninth,NINTH,LEAP,Industry/Manufacturing/Chemical,Black liquor,NINTH,1,1,1,0,0,lossless_without_override
leap_to_ninth,NINTH,LEAP,Industry/Manufacturing/Chemical,Blast furnace gas,NINTH,1,1,1,0,0,lossless_without_override
leap_to_ninth,NINTH,LEAP,Industry/Manufacturing/Chemical,Charcoal,NINTH,1,0,0,1,0,missing_current_targets
leap_to_ninth,NINTH,LEAP,Industry/Manufacturing/Chemical,Coal nonspecified,NINTH,1,0,0,1,0,missing_current_targets
leap_to_ninth,NINTH,LEAP,Industry/Manufacturing/Chemical,Coal tar,NINTH,1,1,1,0,0,lossless_without_override
leap_to_ninth,NINTH,LEAP,Industry/Manufacturing/Chemical,Coke oven coke,NINTH,1,1,1,0,0,lossless_without_override
leap_to_ninth,NINTH,LEAP,Industry/Manufacturing/Chemical,Coke oven gas,NINTH,1,1,1,0,0,lossless_without_override
leap_to_ninth,NINTH,LEAP,Industry/Manufacturing/Chemical,Coking coal,NINTH,1,1,1,0,0,lossless_without_override
leap_to_ninth,NINTH,LEAP,Industry/Manufacturing/Chemical,Crude oil,NINTH,1,1,1,0,0,lossless_without_override
leap_to_ninth,NINTH,LEAP,Industry/Manufacturing/Chemical,Electricity,NINTH,1,1,1,0,0,lossless_without_override
leap_to_ninth,NINTH,LEAP,Industry/Manufacturing/Chemical,Ethane,NINTH,1,1,1,0,0,lossless_without_override
leap_to_ninth,NINTH,LEAP,Industry/Manufacturing/Chemical,Fuel oil,NINTH,1,1,1,0,0,lossless_without_override
leap_to_ninth,NINTH,LEAP,Industry/Manufacturing/Chemical,Fuelwood and woodwaste,NINTH,1,1,1,0,0,lossless_without_override
leap_to_ninth,NINTH,LEAP,Industry/Manufacturing/Chemical,Gas and diesel oil,NINTH,1,1,1,0,0,lossless_without_override
leap_to_ninth,NINTH,LEAP,Industry/Manufacturing/Chemical,Gas works gas,NINTH,1,1,1,0,0,lossless_without_override
leap_to_ninth,NINTH,LEAP,Industry/Manufacturing/Chemical,Gasoline type jet fuel,NINTH,1,1,1,0,0,lossless_without_override
leap_to_ninth,NINTH,LEAP,Industry/Manufacturing/Chemical,Geothermal,NINTH,1,1,1,0,0,lossless_without_override
leap_to_ninth,NINTH,LEAP,Industry/Manufacturing/Chemical,Heat,NINTH,1,1,1,0,0,lossless_without_override
leap_to_ninth,NINTH,LEAP,Industry/Manufacturing/Chemical,Hydrogen,NINTH,1,1,1,0,0,lossless_without_override
leap_to_ninth,NINTH,LEAP,Industry/Manufacturing/Chemical,Industrial waste,NINTH,1,1,1,0,0,lossless_without_override
leap_to_ninth,NINTH,LEAP,Industry/Manufacturing/Chemical,Kerosene,NINTH,1,1,1,0,0,lossless_without_override
leap_to_ninth,NINTH,LEAP,Industry/Manufacturing/Chemical,Kerosene type jet fuel,NINTH,1,1,1,0,0,lossless_without_override
leap_to_ninth,NINTH,LEAP,Industry/Manufacturing/Chemical,LPG,NINTH,1,1,1,0,0,lossless_without_override
leap_to_ninth,NINTH,LEAP,Industry/Manufacturing/Chemical,Lignite,NINTH,1,1,1,0,0,lossless_without_override
leap_to_ninth,NINTH,LEAP,Industry/Manufacturing/Chemical,Lubricants,NINTH,1,1,1,0,0,lossless_without_override
leap_to_ninth,NINTH,LEAP,Industry/Manufacturing/Chemical,Motor gasoline,NINTH,1,1,1,0,0,lossless_without_override
leap_to_ninth,NINTH,LEAP,Industry/Manufacturing/Chemical,Municipal solid waste non renewable,NINTH,1,1,1,0,0,lossless_without_override
leap_to_ninth,NINTH,LEAP,Industry/Manufacturing/Chemical,Municipal solid waste renewable,NINTH,1,1,1,0,0,lossless_without_override
leap_to_ninth,NINTH,LEAP,Industry/Manufacturing/Chemical,Naphtha,NINTH,1,1,1,0,0,lossless_without_override
leap_to_ninth,NINTH,LEAP,Industry/Manufacturing/Chemical,Natural gas,NINTH,1,1,1,0,0,lossless_without_override
leap_to_ninth,NINTH,LEAP,Industry/Manufacturing/Chemical,Natural gas liquids,NINTH,1,1,1,0,0,lossless_without_override
leap_to_ninth,NINTH,LEAP,Industry/Manufacturing/Chemical,Other biomass,NINTH,1,2,1,0,1,extra_factorised_targets
leap_to_ninth,NINTH,LEAP,Industry/Manufacturing/Chemical,Other bituminous coal,NINTH,1,1,1,0,0,lossless_without_override
leap_to_ninth,NINTH,LEAP,Industry/Manufacturing/Chemical,Other liquid biofuels,NINTH,1,1,1,0,0,lossless_without_override
leap_to_ninth,NINTH,LEAP,Industry/Manufacturing/Chemical,Other products,NINTH,1,1,1,0,0,lossless_without_override
leap_to_ninth,NINTH,LEAP,Industry/Manufacturing/Chemical,Other recovered gases,NINTH,1,1,1,0,0,lossless_without_override
leap_to_ninth,NINTH,LEAP,Industry/Manufacturing/Chemical,Other sources,NINTH,1,0,0,1,0,missing_current_targets
leap_to_ninth,NINTH,LEAP,Industry/Manufacturing/Chemical,Paraffin waxes,NINTH,1,1,1,0,0,lossless_without_override
leap_to_ninth,NINTH,LEAP,Industry/Manufacturing/Chemical,PetProd nonspecified,NINTH,1,0,0,1,0,missing_current_targets
leap_to_ninth,NINTH,LEAP,Industry/Manufacturing/Chemical,Petroleum coke,NINTH,1,1,1,0,0,lossless_without_override
leap_to_ninth,NINTH,LEAP,Industry/Manufacturing/Chemical,Refinery feedstocks,NINTH,1,0,0,1,0,missing_current_targets
leap_to_ninth,NINTH,LEAP,Industry/Manufacturing/Chemical,Refinery gas not liquefied,NINTH,1,1,1,0,0,lossless_without_override
leap_to_ninth,NINTH,LEAP,Industry/Manufacturing/Chemical,Sub bituminous coal,NINTH,1,1,1,0,0,lossless_without_override
leap_to_ninth,NINTH,LEAP,Industry/Manufacturing/Chemical,White spirit SBP,NINTH,1,1,1,0,0,lossless_without_override
leap_to_ninth,NINTH,LEAP,Industry/Manufacturing/Food beverages and tobacco,Anthracite,NINTH,1,1,1,0,0,lossless_without_override
leap_to_ninth,NINTH,LEAP,Industry/Manufacturing/Food beverages and tobacco,BKB and PB,NINTH,1,1,1,0,0,lossless_without_override
leap_to_ninth,NINTH,LEAP,Industry/Manufacturing/Food beverages and tobacco,Bagasse,NINTH,1,1,1,0,0,lossless_without_override
leap_to_ninth,NINTH,LEAP,Industry/Manufacturing/Food beverages and tobacco,Bio jet kerosene,NINTH,1,0,0,1,0,missing_current_targets
leap_to_ninth,NINTH,LEAP,Industry/Manufacturing/Food beverages and tobacco,Biodiesel,NINTH,1,1,1,0,0,lossless_without_override
leap_to_ninth,NINTH,LEAP,Industry/Manufacturing/Food beverages and tobacco,Biogas,NINTH,1,1,1,0,0,lossless_without_override
leap_to_ninth,NINTH,LEAP,Industry/Manufacturing/Food beverages and tobacco,Biogasoline,NINTH,1,0,0,1,0,missing_current_targets
leap_to_ninth,NINTH,LEAP,Industry/Manufacturing/Food beverages and tobacco,Black liquor,NINTH,1,0,0,1,0,missing_current_targets
leap_to_ninth,NINTH,LEAP,Industry/Manufacturing/Food beverages and tobacco,Charcoal,NINTH,1,0,0,1,0,missing_current_targets
leap_to_ninth,NINTH,LEAP,Industry/Manufacturing/Food beverages and tobacco,Coal nonspecified,NINTH,1,0,0,1,0,missing_current_targets
leap_to_ninth,NINTH,LEAP,Industry/Manufacturing/Food beverages and tobacco,Coal tar,NINTH,1,1,1,0,0,lossless_without_override
leap_to_ninth,NINTH,LEAP,Industry/Manufacturing/Food beverages and tobacco,Coke oven coke,NINTH,1,1,1,0,0,lossless_without_override
leap_to_ninth,NINTH,LEAP,Industry/Manufacturing/Food beverages and tobacco,Coke oven gas,NINTH,1,1,1,0,0,lossless_without_override
leap_to_ninth,NINTH,LEAP,Industry/Manufacturing/Food beverages and tobacco,Coking coal,NINTH,1,1,1,0,0,lossless_without_override
leap_to_ninth,NINTH,LEAP,Industry/Manufacturing/Food beverages and tobacco,Crude oil,NINTH,1,1,1,0,0,lossless_without_override
leap_to_ninth,NINTH,LEAP,Industry/Manufacturing/Food beverages and tobacco,Electricity,NINTH,1,1,1,0,0,lossless_without_override
leap_to_ninth,NINTH,LEAP,Industry/Manufacturing/Food beverages and tobacco,Fuel oil,NINTH,1,1,1,0,0,lossless_without_override
leap_to_ninth,NINTH,LEAP,Industry/Manufacturing/Food beverages and tobacco,Fuelwood and woodwaste,NINTH,1,1,1,0,0,lossless_without_override
leap_to_ninth,NINTH,LEAP,Industry/Manufacturing/Food beverages and tobacco,Gas and diesel oil,NINTH,1,1,1,0,0,lossless_without_override
leap_to_ninth,NINTH,LEAP,Industry/Manufacturing/Food beverages and tobacco,Gas works gas,NINTH,1,1,1,0,0,lossless_without_override
leap_to_ninth,NINTH,LEAP,Industry/Manufacturing/Food beverages and tobacco,Geothermal,NINTH,1,1,1,0,0,lossless_without_override
leap_to_ninth,NINTH,LEAP,Industry/Manufacturing/Food beverages and tobacco,Heat,NINTH,1,1,1,0,0,lossless_without_override
leap_to_ninth,NINTH,LEAP,Industry/Manufacturing/Food beverages and tobacco,Industrial waste,NINTH,1,1,1,0,0,lossless_without_override
leap_to_ninth,NINTH,LEAP,Industry/Manufacturing/Food beverages and tobacco,Kerosene,NINTH,1,1,1,0,0,lossless_without_override
leap_to_ninth,NINTH,LEAP,Industry/Manufacturing/Food beverages and tobacco,LPG,NINTH,1,1,1,0,0,lossless_without_override
leap_to_ninth,NINTH,LEAP,Industry/Manufacturing/Food beverages and tobacco,Lignite,NINTH,1,1,1,0,0,lossless_without_override
leap_to_ninth,NINTH,LEAP,Industry/Manufacturing/Food beverages and tobacco,Motor gasoline,NINTH,1,1,1,0,0,lossless_without_override
leap_to_ninth,NINTH,LEAP,Industry/Manufacturing/Food beverages and tobacco,Municipal solid waste non renewable,NINTH,1,0,0,1,0,missing_current_targets
leap_to_ninth,NINTH,LEAP,Industry/Manufacturing/Food beverages and tobacco,Municipal solid waste renewable,NINTH,1,0,0,1,0,missing_current_targets
leap_to_ninth,NINTH,LEAP,Industry/Manufacturing/Food beverages and tobacco,Naphtha,NINTH,1,1,1,0,0,lossless_without_override
leap_to_ninth,NINTH,LEAP,Industry/Manufacturing/Food beverages and tobacco,Natural gas,NINTH,1,1,1,0,0,lossless_without_override
leap_to_ninth,NINTH,LEAP,Industry/Manufacturing/Food beverages and tobacco,Natural gas liquids,NINTH,1,1,1,0,0,lossless_without_override
leap_to_ninth,NINTH,LEAP,Industry/Manufacturing/Food beverages and tobacco,Other biomass,NINTH,1,2,1,0,1,extra_factorised_targets
leap_to_ninth,NINTH,LEAP,Industry/Manufacturing/Food beverages and tobacco,Other bituminous coal,NINTH,1,1,1,0,0,lossless_without_override
leap_to_ninth,NINTH,LEAP,Industry/Manufacturing/Food beverages and tobacco,Other liquid biofuels,NINTH,1,1,1,0,0,lossless_without_override
leap_to_ninth,NINTH,LEAP,Industry/Manufacturing/Food beverages and tobacco,Other products,NINTH,1,1,1,0,0,lossless_without_override
leap_to_ninth,NINTH,LEAP,Industry/Manufacturing/Food beverages and tobacco,Other sources,NINTH,1,0,0,1,0,missing_current_targets
leap_to_ninth,NINTH,LEAP,Industry/Manufacturing/Food beverages and tobacco,Peat,NINTH,1,1,1,0,0,lossless_without_override
leap_to_ninth,NINTH,LEAP,Industry/Manufacturing/Food beverages and tobacco,Peat products,NINTH,1,1,1,0,0,lossless_without_override
leap_to_ninth,NINTH,LEAP,Industry/Manufacturing/Food beverages and tobacco,Refinery gas not liquefied,NINTH,1,1,1,0,0,lossless_without_override
leap_to_ninth,NINTH,LEAP,Industry/Manufacturing/Food beverages and tobacco,Sub bituminous coal,NINTH,1,1,1,0,0,lossless_without_override
leap_to_ninth,NINTH,LEAP,Industry/Manufacturing/Iron and steel,Ammonia,NINTH,1,0,0,1,0,missing_current_targets
leap_to_ninth,NINTH,LEAP,Industry/Manufacturing/Iron and steel,Anthracite,NINTH,1,1,1,0,0,lossless_without_override
leap_to_ninth,NINTH,LEAP,Industry/Manufacturing/Iron and steel,BKB and PB,NINTH,1,1,1,0,0,lossless_without_override
leap_to_ninth,NINTH,LEAP,Industry/Manufacturing/Iron and steel,Bagasse,NINTH,1,0,0,1,0,missing_current_targets
leap_to_ninth,NINTH,LEAP,Industry/Manufacturing/Iron and steel,Bio jet kerosene,NINTH,1,0,0,1,0,missing_current_targets
leap_to_ninth,NINTH,LEAP,Industry/Manufacturing/Iron and steel,Biodiesel,NINTH,1,1,1,0,0,lossless_without_override
leap_to_ninth,NINTH,LEAP,Industry/Manufacturing/Iron and steel,Biogas,NINTH,1,1,1,0,0,lossless_without_override
leap_to_ninth,NINTH,LEAP,Industry/Manufacturing/Iron and steel,Biogasoline,NINTH,1,0,0,1,0,missing_current_targets
leap_to_ninth,NINTH,LEAP,Industry/Manufacturing/Iron and steel,Black liquor,NINTH,1,0,0,1,0,missing_current_targets
leap_to_ninth,NINTH,LEAP,Industry/Manufacturing/Iron and steel,Blast furnace gas,NINTH,1,1,1,0,0,lossless_without_override
leap_to_ninth,NINTH,LEAP,Industry/Manufacturing/Iron and steel,Charcoal,NINTH,1,0,0,1,0,missing_current_targets
leap_to_ninth,NINTH,LEAP,Industry/Manufacturing/Iron and steel,Coal nonspecified,NINTH,1,0,0,1,0,missing_current_targets
leap_to_ninth,NINTH,LEAP,Industry/Manufacturing/Iron and steel,Coal tar,NINTH,1,1,1,0,0,lossless_without_override
leap_to_ninth,NINTH,LEAP,Industry/Manufacturing/Iron and steel,Coke oven coke,NINTH,1,1,1,0,0,lossless_without_override
leap_to_ninth,NINTH,LEAP,Industry/Manufacturing/Iron and steel,Coke oven gas,NINTH,1,1,1,0,0,lossless_without_override
leap_to_ninth,NINTH,LEAP,Industry/Manufacturing/Iron and steel,Coking coal,NINTH,1,1,1,0,0,lossless_without_override
leap_to_ninth,NINTH,LEAP,Industry/Manufacturing/Iron and steel,Efuel,NINTH,1,0,0,1,0,missing_current_targets
leap_to_ninth,NINTH,LEAP,Industry/Manufacturing/Iron and steel,Electricity,NINTH,1,1,1,0,0,lossless_without_override
leap_to_ninth,NINTH,LEAP,Industry/Manufacturing/Iron and steel,Fuel oil,NINTH,1,1,1,0,0,lossless_without_override
leap_to_ninth,NINTH,LEAP,Industry/Manufacturing/Iron and steel,Fuelwood and woodwaste,NINTH,1,1,1,0,0,lossless_without_override
leap_to_ninth,NINTH,LEAP,Industry/Manufacturing/Iron and steel,Gas and diesel oil,NINTH,1,1,1,0,0,lossless_without_override
leap_to_ninth,NINTH,LEAP,Industry/Manufacturing/Iron and steel,Gas coke,NINTH,1,1,1,0,0,lossless_without_override
leap_to_ninth,NINTH,LEAP,Industry/Manufacturing/Iron and steel,Gas works gas,NINTH,1,1,1,0,0,lossless_without_override
leap_to_ninth,NINTH,LEAP,Industry/Manufacturing/Iron and steel,Heat,NINTH,1,1,1,0,0,lossless_without_override
leap_to_ninth,NINTH,LEAP,Industry/Manufacturing/Iron and steel,Hydrogen,NINTH,1,1,1,0,0,lossless_without_override
leap_to_ninth,NINTH,LEAP,Industry/Manufacturing/Iron and steel,Industrial waste,NINTH,1,1,1,0,0,lossless_without_override
leap_to_ninth,NINTH,LEAP,Industry/Manufacturing/Iron and steel,Kerosene,NINTH,1,1,1,0,0,lossless_without_override
leap_to_ninth,NINTH,LEAP,Industry/Manufacturing/Iron and steel,Kerosene type jet fuel,NINTH,1,1,1,0,0,lossless_without_override
leap_to_ninth,NINTH,LEAP,Industry/Manufacturing/Iron and steel,LPG,NINTH,1,1,1,0,0,lossless_without_override
leap_to_ninth,NINTH,LEAP,Industry/Manufacturing/Iron and steel,Lignite,NINTH,1,1,1,0,0,lossless_without_override
leap_to_ninth,NINTH,LEAP,Industry/Manufacturing/Iron and steel,Motor gasoline,NINTH,1,1,1,0,0,lossless_without_override
leap_to_ninth,NINTH,LEAP,Industry/Manufacturing/Iron and steel,Municipal solid waste non renewable,NINTH,1,0,0,1,0,missing_current_targets
leap_to_ninth,NINTH,LEAP,Industry/Manufacturing/Iron and steel,Municipal solid waste renewable,NINTH,1,0,0,1,0,missing_current_targets
leap_to_ninth,NINTH,LEAP,Industry/Manufacturing/Iron and steel,Natural gas,NINTH,1,1,1,0,0,lossless_without_override
leap_to_ninth,NINTH,LEAP,Industry/Manufacturing/Iron and steel,Natural gas liquids,NINTH,1,1,1,0,0,lossless_without_override
leap_to_ninth,NINTH,LEAP,Industry/Manufacturing/Iron and steel,Other biomass,NINTH,1,2,1,0,1,extra_factorised_targets
leap_to_ninth,NINTH,LEAP,Industry/Manufacturing/Iron and steel,Other bituminous coal,NINTH,1,1,1,0,0,lossless_without_override
leap_to_ninth,NINTH,LEAP,Industry/Manufacturing/Iron and steel,Other liquid biofuels,NINTH,1,0,0,1,0,missing_current_targets
leap_to_ninth,NINTH,LEAP,Industry/Manufacturing/Iron and steel,Other products,NINTH,1,1,1,0,0,lossless_without_override
leap_to_ninth,NINTH,LEAP,Industry/Manufacturing/Iron and steel,Other recovered gases,NINTH,1,1,1,0,0,lossless_without_override
leap_to_ninth,NINTH,LEAP,Industry/Manufacturing/Iron and steel,Other sources,NINTH,1,0,0,1,0,missing_current_targets
leap_to_ninth,NINTH,LEAP,Industry/Manufacturing/Iron and steel,Patent fuel,NINTH,1,1,1,0,0,lossless_without_override
leap_to_ninth,NINTH,LEAP,Industry/Manufacturing/Iron and steel,Peat products,NINTH,1,1,1,0,0,lossless_without_override
leap_to_ninth,NINTH,LEAP,Industry/Manufacturing/Iron and steel,Petroleum coke,NINTH,1,1,1,0,0,lossless_without_override
leap_to_ninth,NINTH,LEAP,Industry/Manufacturing/Iron and steel,Refinery gas not liquefied,NINTH,1,1,1,0,0,lossless_without_override
leap_to_ninth,NINTH,LEAP,Industry/Manufacturing/Iron and steel,Sub bituminous coal,NINTH,1,1,1,0,0,lossless_without_override
leap_to_ninth,NINTH,LEAP,Industry/Manufacturing/Iron and steel,White spirit SBP,NINTH,1,1,1,0,0,lossless_without_override
leap_to_ninth,NINTH,LEAP,Industry/Manufacturing/Machinery,Anthracite,NINTH,1,1,1,0,0,lossless_without_override
leap_to_ninth,NINTH,LEAP,Industry/Manufacturing/Machinery,Aviation gasoline,NINTH,1,0,0,1,0,missing_current_targets
leap_to_ninth,NINTH,LEAP,Industry/Manufacturing/Machinery,BKB and PB,NINTH,1,1,1,0,0,lossless_without_override
leap_to_ninth,NINTH,LEAP,Industry/Manufacturing/Machinery,Bagasse,NINTH,1,0,0,1,0,missing_current_targets
leap_to_ninth,NINTH,LEAP,Industry/Manufacturing/Machinery,Bio jet kerosene,NINTH,1,0,0,1,0,missing_current_targets
leap_to_ninth,NINTH,LEAP,Industry/Manufacturing/Machinery,Biodiesel,NINTH,1,1,1,0,0,lossless_without_override
leap_to_ninth,NINTH,LEAP,Industry/Manufacturing/Machinery,Biogas,NINTH,1,1,1,0,0,lossless_without_override
leap_to_ninth,NINTH,LEAP,Industry/Manufacturing/Machinery,Biogasoline,NINTH,1,0,0,1,0,missing_current_targets
leap_to_ninth,NINTH,LEAP,Industry/Manufacturing/Machinery,Bitumen,NINTH,1,1,1,0,0,lossless_without_override
leap_to_ninth,NINTH,LEAP,Industry/Manufacturing/Machinery,Black liquor,NINTH,1,0,0,1,0,missing_current_targets
leap_to_ninth,NINTH,LEAP,Industry/Manufacturing/Machinery,Blast furnace gas,NINTH,1,1,1,0,0,lossless_without_override
leap_to_ninth,NINTH,LEAP,Industry/Manufacturing/Machinery,Charcoal,NINTH,1,0,0,1,0,missing_current_targets
leap_to_ninth,NINTH,LEAP,Industry/Manufacturing/Machinery,Coal nonspecified,NINTH,1,0,0,1,0,missing_current_targets
leap_to_ninth,NINTH,LEAP,Industry/Manufacturing/Machinery,Coal tar,NINTH,1,1,1,0,0,lossless_without_override
leap_to_ninth,NINTH,LEAP,Industry/Manufacturing/Machinery,Coke oven coke,NINTH,1,1,1,0,0,lossless_without_override
leap_to_ninth,NINTH,LEAP,Industry/Manufacturing/Machinery,Coke oven gas,NINTH,1,1,1,0,0,lossless_without_override
leap_to_ninth,NINTH,LEAP,Industry/Manufacturing/Machinery,Coking coal,NINTH,1,1,1,0,0,lossless_without_override
leap_to_ninth,NINTH,LEAP,Industry/Manufacturing/Machinery,Crude oil,NINTH,1,1,1,0,0,lossless_without_override
leap_to_ninth,NINTH,LEAP,Industry/Manufacturing/Machinery,Electricity,NINTH,1,1,1,0,0,lossless_without_override
leap_to_ninth,NINTH,LEAP,Industry/Manufacturing/Machinery,Ethane,NINTH,1,0,0,1,0,missing_current_targets
leap_to_ninth,NINTH,LEAP,Industry/Manufacturing/Machinery,Fuel oil,NINTH,1,1,1,0,0,lossless_without_override
leap_to_ninth,NINTH,LEAP,Industry/Manufacturing/Machinery,Fuelwood and woodwaste,NINTH,1,0,0,1,0,missing_current_targets
leap_to_ninth,NINTH,LEAP,Industry/Manufacturing/Machinery,Gas and diesel oil,NINTH,1,1,1,0,0,lossless_without_override
leap_to_ninth,NINTH,LEAP,Industry/Manufacturing/Machinery,Gas works gas,NINTH,1,1,1,0,0,lossless_without_override
leap_to_ninth,NINTH,LEAP,Industry/Manufacturing/Machinery,Gasoline type jet fuel,NINTH,1,1,1,0,0,lossless_without_override
leap_to_ninth,NINTH,LEAP,Industry/Manufacturing/Machinery,Heat,NINTH,1,1,1,0,0,lossless_without_override
leap_to_ninth,NINTH,LEAP,Industry/Manufacturing/Machinery,Industrial waste,NINTH,1,1,1,0,0,lossless_without_override
leap_to_ninth,NINTH,LEAP,Industry/Manufacturing/Machinery,Kerosene,NINTH,1,1,1,0,0,lossless_without_override
leap_to_ninth,NINTH,LEAP,Industry/Manufacturing/Machinery,Kerosene type jet fuel,NINTH,1,1,1,0,0,lossless_without_override
leap_to_ninth,NINTH,LEAP,Industry/Manufacturing/Machinery,LPG,NINTH,1,1,1,0,0,lossless_without_override
leap_to_ninth,NINTH,LEAP,Industry/Manufacturing/Machinery,Lignite,NINTH,1,1,1,0,0,lossless_without_override
leap_to_ninth,NINTH,LEAP,Industry/Manufacturing/Machinery,Lubricants,NINTH,1,1,1,0,0,lossless_without_override
leap_to_ninth,NINTH,LEAP,Industry/Manufacturing/Machinery,Motor gasoline,NINTH,1,1,1,0,0,lossless_without_override
leap_to_ninth,NINTH,LEAP,Industry/Manufacturing/Machinery,Municipal solid waste non renewable,NINTH,1,0,0,1,0,missing_current_targets
leap_to_ninth,NINTH,LEAP,Industry/Manufacturing/Machinery,Municipal solid waste renewable,NINTH,1,0,0,1,0,missing_current_targets
leap_to_ninth,NINTH,LEAP,Industry/Manufacturing/Machinery,Naphtha,NINTH,1,1,1,0,0,lossless_without_override
leap_to_ninth,NINTH,LEAP,Industry/Manufacturing/Machinery,Natural gas,NINTH,1,1,1,0,0,lossless_without_override
leap_to_ninth,NINTH,LEAP,Industry/Manufacturing/Machinery,Natural gas liquids,NINTH,1,1,1,0,0,lossless_without_override
leap_to_ninth,NINTH,LEAP,Industry/Manufacturing/Machinery,Other biomass,NINTH,1,1,1,0,0,lossless_without_override
leap_to_ninth,NINTH,LEAP,Industry/Manufacturing/Machinery,Other bituminous coal,NINTH,1,1,1,0,0,lossless_without_override
leap_to_ninth,NINTH,LEAP,Industry/Manufacturing/Machinery,Other liquid biofuels,NINTH,1,0,0,1,0,missing_current_targets
leap_to_ninth,NINTH,LEAP,Industry/Manufacturing/Machinery,Other products,NINTH,1,1,1,0,0,lossless_without_override
leap_to_ninth,NINTH,LEAP,Industry/Manufacturing/Machinery,Other recovered gases,NINTH,1,1,1,0,0,lossless_without_override
leap_to_ninth,NINTH,LEAP,Industry/Manufacturing/Machinery,Other sources,NINTH,1,0,0,1,0,missing_current_targets
leap_to_ninth,NINTH,LEAP,Industry/Manufacturing/Machinery,Paraffin waxes,NINTH,1,1,1,0,0,lossless_without_override
leap_to_ninth,NINTH,LEAP,Industry/Manufacturing/Machinery,Peat,NINTH,1,1,1,0,0,lossless_without_override
leap_to_ninth,NINTH,LEAP,Industry/Manufacturing/Machinery,Peat products,NINTH,1,1,1,0,0,lossless_without_override
leap_to_ninth,NINTH,LEAP,Industry/Manufacturing/Machinery,PetProd nonspecified,NINTH,1,0,0,1,0,missing_current_targets
leap_to_ninth,NINTH,LEAP,Industry/Manufacturing/Machinery,Petroleum coke,NINTH,1,1,1,0,0,lossless_without_override
leap_to_ninth,NINTH,LEAP,Industry/Manufacturing/Machinery,Refinery gas not liquefied,NINTH,1,1,1,0,0,lossless_without_override
leap_to_ninth,NINTH,LEAP,Industry/Manufacturing/Machinery,Sub bituminous coal,NINTH,1,1,1,0,0,lossless_without_override
leap_to_ninth,NINTH,LEAP,Industry/Manufacturing/Machinery,White spirit SBP,NINTH,1,1,1,0,0,lossless_without_override
leap_to_ninth,NINTH,LEAP,Industry/Manufacturing/Non ferrous metals,Anthracite,NINTH,1,1,1,0,0,lossless_without_override
leap_to_ninth,NINTH,LEAP,Industry/Manufacturing/Non ferrous metals,Aviation gasoline,NINTH,1,0,0,1,0,missing_current_targets
leap_to_ninth,NINTH,LEAP,Industry/Manufacturing/Non ferrous metals,BKB and PB,NINTH,1,1,1,0,0,lossless_without_override
leap_to_ninth,NINTH,LEAP,Industry/Manufacturing/Non ferrous metals,Bagasse,NINTH,1,0,0,1,0,missing_current_targets
leap_to_ninth,NINTH,LEAP,Industry/Manufacturing/Non ferrous metals,Bio jet kerosene,NINTH,1,0,0,1,0,missing_current_targets
leap_to_ninth,NINTH,LEAP,Industry/Manufacturing/Non ferrous metals,Biodiesel,NINTH,1,1,1,0,0,lossless_without_override
leap_to_ninth,NINTH,LEAP,Industry/Manufacturing/Non ferrous metals,Biogas,NINTH,1,1,1,0,0,lossless_without_override
leap_to_ninth,NINTH,LEAP,Industry/Manufacturing/Non ferrous metals,Biogasoline,NINTH,1,0,0,1,0,missing_current_targets
leap_to_ninth,NINTH,LEAP,Industry/Manufacturing/Non ferrous metals,Bitumen,NINTH,1,1,1,0,0,lossless_without_override
leap_to_ninth,NINTH,LEAP,Industry/Manufacturing/Non ferrous metals,Black liquor,NINTH,1,0,0,1,0,missing_current_targets
leap_to_ninth,NINTH,LEAP,Industry/Manufacturing/Non ferrous metals,Blast furnace gas,NINTH,1,1,1,0,0,lossless_without_override
leap_to_ninth,NINTH,LEAP,Industry/Manufacturing/Non ferrous metals,Charcoal,NINTH,1,0,0,1,0,missing_current_targets
leap_to_ninth,NINTH,LEAP,Industry/Manufacturing/Non ferrous metals,Coal tar,NINTH,1,1,1,0,0,lossless_without_override
leap_to_ninth,NINTH,LEAP,Industry/Manufacturing/Non ferrous metals,Coke oven coke,NINTH,1,1,1,0,0,lossless_without_override
leap_to_ninth,NINTH,LEAP,Industry/Manufacturing/Non ferrous metals,Coke oven gas,NINTH,1,1,1,0,0,lossless_without_override
leap_to_ninth,NINTH,LEAP,Industry/Manufacturing/Non ferrous metals,Coking coal,NINTH,1,1,1,0,0,lossless_without_override
leap_to_ninth,NINTH,LEAP,Industry/Manufacturing/Non ferrous metals,Crude oil,NINTH,1,1,1,0,0,lossless_without_override
leap_to_ninth,NINTH,LEAP,Industry/Manufacturing/Non ferrous metals,Electricity,NINTH,1,1,1,0,0,lossless_without_override
leap_to_ninth,NINTH,LEAP,Industry/Manufacturing/Non ferrous metals,Ethane,NINTH,1,0,0,1,0,missing_current_targets
leap_to_ninth,NINTH,LEAP,Industry/Manufacturing/Non ferrous metals,Fuel oil,NINTH,1,1,1,0,0,lossless_without_override
leap_to_ninth,NINTH,LEAP,Industry/Manufacturing/Non ferrous metals,Fuelwood and woodwaste,NINTH,1,0,0,1,0,missing_current_targets
leap_to_ninth,NINTH,LEAP,Industry/Manufacturing/Non ferrous metals,Gas and diesel oil,NINTH,1,1,1,0,0,lossless_without_override
leap_to_ninth,NINTH,LEAP,Industry/Manufacturing/Non ferrous metals,Gas works gas,NINTH,1,1,1,0,0,lossless_without_override
leap_to_ninth,NINTH,LEAP,Industry/Manufacturing/Non ferrous metals,Gasoline type jet fuel,NINTH,1,0,0,1,0,missing_current_targets
leap_to_ninth,NINTH,LEAP,Industry/Manufacturing/Non ferrous metals,Heat,NINTH,1,1,1,0,0,lossless_without_override
leap_to_ninth,NINTH,LEAP,Industry/Manufacturing/Non ferrous metals,Hydrogen,NINTH,1,1,1,0,0,lossless_without_override
leap_to_ninth,NINTH,LEAP,Industry/Manufacturing/Non ferrous metals,Industrial waste,NINTH,1,1,1,0,0,lossless_without_override
leap_to_ninth,NINTH,LEAP,Industry/Manufacturing/Non ferrous metals,Kerosene,NINTH,1,1,1,0,0,lossless_without_override
leap_to_ninth,NINTH,LEAP,Industry/Manufacturing/Non ferrous metals,Kerosene type jet fuel,NINTH,1,0,0,1,0,missing_current_targets
leap_to_ninth,NINTH,LEAP,Industry/Manufacturing/Non ferrous metals,LPG,NINTH,1,1,1,0,0,lossless_without_override
leap_to_ninth,NINTH,LEAP,Industry/Manufacturing/Non ferrous metals,Lignite,NINTH,1,1,1,0,0,lossless_without_override
leap_to_ninth,NINTH,LEAP,Industry/Manufacturing/Non ferrous metals,Lubricants,NINTH,1,1,1,0,0,lossless_without_override
leap_to_ninth,NINTH,LEAP,Industry/Manufacturing/Non ferrous metals,Motor gasoline,NINTH,1,1,1,0,0,lossless_without_override
leap_to_ninth,NINTH,LEAP,Industry/Manufacturing/Non ferrous metals,Municipal solid waste non renewable,NINTH,1,0,0,1,0,missing_current_targets
leap_to_ninth,NINTH,LEAP,Industry/Manufacturing/Non ferrous metals,Municipal solid waste renewable,NINTH,1,0,0,1,0,missing_current_targets
leap_to_ninth,NINTH,LEAP,Industry/Manufacturing/Non ferrous metals,Naphtha,NINTH,1,1,1,0,0,lossless_without_override
leap_to_ninth,NINTH,LEAP,Industry/Manufacturing/Non ferrous metals,Natural gas,NINTH,1,1,1,0,0,lossless_without_override
leap_to_ninth,NINTH,LEAP,Industry/Manufacturing/Non ferrous metals,Natural gas liquids,NINTH,1,1,1,0,0,lossless_without_override
leap_to_ninth,NINTH,LEAP,Industry/Manufacturing/Non ferrous metals,Other biomass,NINTH,1,1,1,0,0,lossless_without_override
leap_to_ninth,NINTH,LEAP,Industry/Manufacturing/Non ferrous metals,Other bituminous coal,NINTH,1,1,1,0,0,lossless_without_override
leap_to_ninth,NINTH,LEAP,Industry/Manufacturing/Non ferrous metals,Other liquid biofuels,NINTH,1,0,0,1,0,missing_current_targets
leap_to_ninth,NINTH,LEAP,Industry/Manufacturing/Non ferrous metals,Other products,NINTH,1,1,1,0,0,lossless_without_override
leap_to_ninth,NINTH,LEAP,Industry/Manufacturing/Non ferrous metals,Other recovered gases,NINTH,1,1,1,0,0,lossless_without_override
leap_to_ninth,NINTH,LEAP,Industry/Manufacturing/Non ferrous metals,Other sources,NINTH,1,0,0,1,0,missing_current_targets
leap_to_ninth,NINTH,LEAP,Industry/Manufacturing/Non ferrous metals,Paraffin waxes,NINTH,1,1,1,0,0,lossless_without_override
leap_to_ninth,NINTH,LEAP,Industry/Manufacturing/Non ferrous metals,Peat,NINTH,1,1,1,0,0,lossless_without_override
leap_to_ninth,NINTH,LEAP,Industry/Manufacturing/Non ferrous metals,Peat products,NINTH,1,1,1,0,0,lossless_without_override
leap_to_ninth,NINTH,LEAP,Industry/Manufacturing/Non ferrous metals,PetProd nonspecified,NINTH,1,0,0,1,0,missing_current_targets
leap_to_ninth,NINTH,LEAP,Industry/Manufacturing/Non ferrous metals,Petroleum coke,NINTH,1,1,1,0,0,lossless_without_override
leap_to_ninth,NINTH,LEAP,Industry/Manufacturing/Non ferrous metals,Refinery gas not liquefied,NINTH,1,1,1,0,0,lossless_without_override
leap_to_ninth,NINTH,LEAP,Industry/Manufacturing/Non ferrous metals,Sub bituminous coal,NINTH,1,1,1,0,0,lossless_without_override
leap_to_ninth,NINTH,LEAP,Industry/Manufacturing/Non ferrous metals,White spirit SBP,NINTH,1,1,1,0,0,lossless_without_override
leap_to_ninth,NINTH,LEAP,Industry/Manufacturing/Non metallic mineral products,Anthracite,NINTH,1,1,1,0,0,lossless_without_override
leap_to_ninth,NINTH,LEAP,Industry/Manufacturing/Non metallic mineral products,Aviation gasoline,NINTH,1,0,0,1,0,missing_current_targets
leap_to_ninth,NINTH,LEAP,Industry/Manufacturing/Non metallic mineral products,BKB and PB,NINTH,1,1,1,0,0,lossless_without_override
leap_to_ninth,NINTH,LEAP,Industry/Manufacturing/Non metallic mineral products,Bagasse,NINTH,1,1,1,0,0,lossless_without_override
leap_to_ninth,NINTH,LEAP,Industry/Manufacturing/Non metallic mineral products,Bio jet kerosene,NINTH,1,0,0,1,0,missing_current_targets
leap_to_ninth,NINTH,LEAP,Industry/Manufacturing/Non metallic mineral products,Biodiesel,NINTH,1,1,1,0,0,lossless_without_override
leap_to_ninth,NINTH,LEAP,Industry/Manufacturing/Non metallic mineral products,Biogas,NINTH,1,1,1,0,0,lossless_without_override
leap_to_ninth,NINTH,LEAP,Industry/Manufacturing/Non metallic mineral products,Biogasoline,NINTH,1,0,0,1,0,missing_current_targets
leap_to_ninth,NINTH,LEAP,Industry/Manufacturing/Non metallic mineral products,Bitumen,NINTH,1,1,1,0,0,lossless_without_override
leap_to_ninth,NINTH,LEAP,Industry/Manufacturing/Non metallic mineral products,Black liquor,NINTH,1,1,1,0,0,lossless_without_override
leap_to_ninth,NINTH,LEAP,Industry/Manufacturing/Non metallic mineral products,Blast furnace gas,NINTH,1,1,1,0,0,lossless_without_override
leap_to_ninth,NINTH,LEAP,Industry/Manufacturing/Non metallic mineral products,Charcoal,NINTH,1,1,1,0,0,lossless_without_override
leap_to_ninth,NINTH,LEAP,Industry/Manufacturing/Non metallic mineral products,Coal nonspecified,NINTH,1,0,0,1,0,missing_current_targets
leap_to_ninth,NINTH,LEAP,Industry/Manufacturing/Non metallic mineral products,Coal tar,NINTH,1,1,1,0,0,lossless_without_override
leap_to_ninth,NINTH,LEAP,Industry/Manufacturing/Non metallic mineral products,Coke oven coke,NINTH,1,1,1,0,0,lossless_without_override
leap_to_ninth,NINTH,LEAP,Industry/Manufacturing/Non metallic mineral products,Coke oven gas,NINTH,1,1,1,0,0,lossless_without_override
leap_to_ninth,NINTH,LEAP,Industry/Manufacturing/Non metallic mineral products,Coking coal,NINTH,1,1,1,0,0,lossless_without_override
leap_to_ninth,NINTH,LEAP,Industry/Manufacturing/Non metallic mineral products,Crude oil,NINTH,1,1,1,0,0,lossless_without_override
leap_to_ninth,NINTH,LEAP,Industry/Manufacturing/Non metallic mineral products,Electricity,NINTH,1,1,1,0,0,lossless_without_override
leap_to_ninth,NINTH,LEAP,Industry/Manufacturing/Non metallic mineral products,Ethane,NINTH,1,0,0,1,0,missing_current_targets
leap_to_ninth,NINTH,LEAP,Industry/Manufacturing/Non metallic mineral products,Fuel oil,NINTH,1,1,1,0,0,lossless_without_override
leap_to_ninth,NINTH,LEAP,Industry/Manufacturing/Non metallic mineral products,Fuelwood and woodwaste,NINTH,1,1,1,0,0,lossless_without_override
leap_to_ninth,NINTH,LEAP,Industry/Manufacturing/Non metallic mineral products,Gas and diesel oil,NINTH,1,1,1,0,0,lossless_without_override
leap_to_ninth,NINTH,LEAP,Industry/Manufacturing/Non metallic mineral products,Gas works gas,NINTH,1,1,1,0,0,lossless_without_override
leap_to_ninth,NINTH,LEAP,Industry/Manufacturing/Non metallic mineral products,Gasoline type jet fuel,NINTH,1,0,0,1,0,missing_current_targets
leap_to_ninth,NINTH,LEAP,Industry/Manufacturing/Non metallic mineral products,Heat,NINTH,1,1,1,0,0,lossless_without_override
leap_to_ninth,NINTH,LEAP,Industry/Manufacturing/Non metallic mineral products,Hydrogen,NINTH,1,1,1,0,0,lossless_without_override
leap_to_ninth,NINTH,LEAP,Industry/Manufacturing/Non metallic mineral products,Industrial waste,NINTH,1,1,1,0,0,lossless_without_override
leap_to_ninth,NINTH,LEAP,Industry/Manufacturing/Non metallic mineral products,Kerosene,NINTH,1,1,1,0,0,lossless_without_override
leap_to_ninth,NINTH,LEAP,Industry/Manufacturing/Non metallic mineral products,Kerosene type jet fuel,NINTH,1,0,0,1,0,missing_current_targets
leap_to_ninth,NINTH,LEAP,Industry/Manufacturing/Non metallic mineral products,LPG,NINTH,1,1,1,0,0,lossless_without_override
leap_to_ninth,NINTH,LEAP,Industry/Manufacturing/Non metallic mineral products,Lignite,NINTH,1,1,1,0,0,lossless_without_override
leap_to_ninth,NINTH,LEAP,Industry/Manufacturing/Non metallic mineral products,Lubricants,NINTH,1,1,1,0,0,lossless_without_override
leap_to_ninth,NINTH,LEAP,Industry/Manufacturing/Non metallic mineral products,Motor gasoline,NINTH,1,1,1,0,0,lossless_without_override
leap_to_ninth,NINTH,LEAP,Industry/Manufacturing/Non metallic mineral products,Municipal solid waste non renewable,NINTH,1,0,0,1,0,missing_current_targets
leap_to_ninth,NINTH,LEAP,Industry/Manufacturing/Non metallic mineral products,Municipal solid waste renewable,NINTH,1,1,1,0,0,lossless_without_override
leap_to_ninth,NINTH,LEAP,Industry/Manufacturing/Non metallic mineral products,Naphtha,NINTH,1,1,1,0,0,lossless_without_override
leap_to_ninth,NINTH,LEAP,Industry/Manufacturing/Non metallic mineral products,Natural gas,NINTH,1,1,1,0,0,lossless_without_override
leap_to_ninth,NINTH,LEAP,Industry/Manufacturing/Non metallic mineral products,Natural gas liquids,NINTH,1,1,1,0,0,lossless_without_override
leap_to_ninth,NINTH,LEAP,Industry/Manufacturing/Non metallic mineral products,Other biomass,NINTH,1,2,1,0,1,extra_factorised_targets
leap_to_ninth,NINTH,LEAP,Industry/Manufacturing/Non metallic mineral products,Other bituminous coal,NINTH,1,1,1,0,0,lossless_without_override
leap_to_ninth,NINTH,LEAP,Industry/Manufacturing/Non metallic mineral products,Other liquid biofuels,NINTH,1,1,1,0,0,lossless_without_override
leap_to_ninth,NINTH,LEAP,Industry/Manufacturing/Non metallic mineral products,Other products,NINTH,1,1,1,0,0,lossless_without_override
leap_to_ninth,NINTH,LEAP,Industry/Manufacturing/Non metallic mineral products,Other recovered gases,NINTH,1,1,1,0,0,lossless_without_override
leap_to_ninth,NINTH,LEAP,Industry/Manufacturing/Non metallic mineral products,Other sources,NINTH,1,0,0,1,0,missing_current_targets
leap_to_ninth,NINTH,LEAP,Industry/Manufacturing/Non metallic mineral products,Paraffin waxes,NINTH,1,1,1,0,0,lossless_without_override
leap_to_ninth,NINTH,LEAP,Industry/Manufacturing/Non metallic mineral products,Peat,NINTH,1,1,1,0,0,lossless_without_override
leap_to_ninth,NINTH,LEAP,Industry/Manufacturing/Non metallic mineral products,PetProd nonspecified,NINTH,1,0,0,1,0,missing_current_targets
leap_to_ninth,NINTH,LEAP,Industry/Manufacturing/Non metallic mineral products,Petroleum coke,NINTH,1,1,1,0,0,lossless_without_override
leap_to_ninth,NINTH,LEAP,Industry/Manufacturing/Non metallic mineral products,Refinery gas not liquefied,NINTH,1,1,1,0,0,lossless_without_override
leap_to_ninth,NINTH,LEAP,Industry/Manufacturing/Non metallic mineral products,Sub bituminous coal,NINTH,1,1,1,0,0,lossless_without_override
leap_to_ninth,NINTH,LEAP,Industry/Manufacturing/Non metallic mineral products,White spirit SBP,NINTH,1,1,1,0,0,lossless_without_override
leap_to_ninth,NINTH,LEAP,Industry/Manufacturing/Non specified industry,Anthracite,NINTH,1,1,1,0,0,lossless_without_override
leap_to_ninth,NINTH,LEAP,Industry/Manufacturing/Non specified industry,Aviation gasoline,NINTH,1,1,1,0,0,lossless_without_override
leap_to_ninth,NINTH,LEAP,Industry/Manufacturing/Non specified industry,BKB and PB,NINTH,1,1,1,0,0,lossless_without_override
leap_to_ninth,NINTH,LEAP,Industry/Manufacturing/Non specified industry,Bagasse,NINTH,1,1,1,0,0,lossless_without_override
leap_to_ninth,NINTH,LEAP,Industry/Manufacturing/Non specified industry,Bio jet kerosene,NINTH,1,0,0,1,0,missing_current_targets
leap_to_ninth,NINTH,LEAP,Industry/Manufacturing/Non specified industry,Biodiesel,NINTH,1,1,1,0,0,lossless_without_override
leap_to_ninth,NINTH,LEAP,Industry/Manufacturing/Non specified industry,Biogas,NINTH,1,1,1,0,0,lossless_without_override
leap_to_ninth,NINTH,LEAP,Industry/Manufacturing/Non specified industry,Biogasoline,NINTH,1,1,1,0,0,lossless_without_override
leap_to_ninth,NINTH,LEAP,Industry/Manufacturing/Non specified industry,Bitumen,NINTH,1,1,1,0,0,lossless_without_override
leap_to_ninth,NINTH,LEAP,Industry/Manufacturing/Non specified industry,Black liquor,NINTH,1,0,0,1,0,missing_current_targets
leap_to_ninth,NINTH,LEAP,Industry/Manufacturing/Non specified industry,Blast furnace gas,NINTH,1,1,1,0,0,lossless_without_override
leap_to_ninth,NINTH,LEAP,Industry/Manufacturing/Non specified industry,Charcoal,NINTH,1,1,1,0,0,lossless_without_override
leap_to_ninth,NINTH,LEAP,Industry/Manufacturing/Non specified industry,Coal nonspecified,NINTH,1,0,0,1,0,missing_current_targets
leap_to_ninth,NINTH,LEAP,Industry/Manufacturing/Non specified industry,Coal tar,NINTH,1,1,1,0,0,lossless_without_override
leap_to_ninth,NINTH,LEAP,Industry/Manufacturing/Non specified industry,Coke oven coke,NINTH,1,1,1,0,0,lossless_without_override
leap_to_ninth,NINTH,LEAP,Industry/Manufacturing/Non specified industry,Coke oven gas,NINTH,1,1,1,0,0,lossless_without_override
leap_to_ninth,NINTH,LEAP,Industry/Manufacturing/Non specified industry,Coking coal,NINTH,1,1,1,0,0,lossless_without_override
leap_to_ninth,NINTH,LEAP,Industry/Manufacturing/Non specified industry,Crude oil,NINTH,1,1,1,0,0,lossless_without_override
leap_to_ninth,NINTH,LEAP,Industry/Manufacturing/Non specified industry,Electricity,NINTH,1,1,1,0,0,lossless_without_override
leap_to_ninth,NINTH,LEAP,Industry/Manufacturing/Non specified industry,Ethane,NINTH,1,0,0,1,0,missing_current_targets
leap_to_ninth,NINTH,LEAP,Industry/Manufacturing/Non specified industry,Fuel oil,NINTH,1,1,1,0,0,lossless_without_override
leap_to_ninth,NINTH,LEAP,Industry/Manufacturing/Non specified industry,Fuelwood and woodwaste,NINTH,1,1,1,0,0,lossless_without_override
leap_to_ninth,NINTH,LEAP,Industry/Manufacturing/Non specified industry,Gas and diesel oil,NINTH,1,1,1,0,0,lossless_without_override
leap_to_ninth,NINTH,LEAP,Industry/Manufacturing/Non specified industry,Gas coke,NINTH,1,1,1,0,0,lossless_without_override
leap_to_ninth,NINTH,LEAP,Industry/Manufacturing/Non specified industry,Gas works gas,NINTH,1,1,1,0,0,lossless_without_override
leap_to_ninth,NINTH,LEAP,Industry/Manufacturing/Non specified industry,Gasoline type jet fuel,NINTH,1,1,1,0,0,lossless_without_override
leap_to_ninth,NINTH,LEAP,Industry/Manufacturing/Non specified industry,Geothermal,NINTH,1,1,1,0,0,lossless_without_override
leap_to_ninth,NINTH,LEAP,Industry/Manufacturing/Non specified industry,Heat,NINTH,1,1,1,0,0,lossless_without_override
leap_to_ninth,NINTH,LEAP,Industry/Manufacturing/Non specified industry,Hydrogen,NINTH,1,0,0,1,0,missing_current_targets
leap_to_ninth,NINTH,LEAP,Industry/Manufacturing/Non specified industry,Industrial waste,NINTH,1,1,1,0,0,lossless_without_override
leap_to_ninth,NINTH,LEAP,Industry/Manufacturing/Non specified industry,Kerosene,NINTH,1,1,1,0,0,lossless_without_override
leap_to_ninth,NINTH,LEAP,Industry/Manufacturing/Non specified industry,Kerosene type jet fuel,NINTH,1,1,1,0,0,lossless_without_override
leap_to_ninth,NINTH,LEAP,Industry/Manufacturing/Non specified industry,LPG,NINTH,1,1,1,0,0,lossless_without_override
leap_to_ninth,NINTH,LEAP,Industry/Manufacturing/Non specified industry,Lignite,NINTH,1,1,1,0,0,lossless_without_override
leap_to_ninth,NINTH,LEAP,Industry/Manufacturing/Non specified industry,Lubricants,NINTH,1,1,1,0,0,lossless_without_override
leap_to_ninth,NINTH,LEAP,Industry/Manufacturing/Non specified industry,Motor gasoline,NINTH,1,1,1,0,0,lossless_without_override
leap_to_ninth,NINTH,LEAP,Industry/Manufacturing/Non specified industry,Municipal solid waste non renewable,NINTH,1,1,1,0,0,lossless_without_override
leap_to_ninth,NINTH,LEAP,Industry/Manufacturing/Non specified industry,Municipal solid waste renewable,NINTH,1,1,1,0,0,lossless_without_override
leap_to_ninth,NINTH,LEAP,Industry/Manufacturing/Non specified industry,Naphtha,NINTH,1,1,1,0,0,lossless_without_override
leap_to_ninth,NINTH,LEAP,Industry/Manufacturing/Non specified industry,Natural gas,NINTH,1,1,1,0,0,lossless_without_override
leap_to_ninth,NINTH,LEAP,Industry/Manufacturing/Non specified industry,Natural gas liquids,NINTH,1,1,1,0,0,lossless_without_override
leap_to_ninth,NINTH,LEAP,Industry/Manufacturing/Non specified industry,Other biomass,NINTH,1,2,1,0,1,extra_factorised_targets
leap_to_ninth,NINTH,LEAP,Industry/Manufacturing/Non specified industry,Other bituminous coal,NINTH,1,1,1,0,0,lossless_without_override
leap_to_ninth,NINTH,LEAP,Industry/Manufacturing/Non specified industry,Other liquid biofuels,NINTH,1,0,0,1,0,missing_current_targets
leap_to_ninth,NINTH,LEAP,Industry/Manufacturing/Non specified industry,Other products,NINTH,1,1,1,0,0,lossless_without_override
leap_to_ninth,NINTH,LEAP,Industry/Manufacturing/Non specified industry,Other recovered gases,NINTH,1,1,1,0,0,lossless_without_override
leap_to_ninth,NINTH,LEAP,Industry/Manufacturing/Non specified industry,Other sources,NINTH,1,0,0,1,0,missing_current_targets
leap_to_ninth,NINTH,LEAP,Industry/Manufacturing/Non specified industry,Paraffin waxes,NINTH,1,1,1,0,0,lossless_without_override
leap_to_ninth,NINTH,LEAP,Industry/Manufacturing/Non specified industry,Patent fuel,NINTH,1,1,1,0,0,lossless_without_override
leap_to_ninth,NINTH,LEAP,Industry/Manufacturing/Non specified industry,PetProd nonspecified,NINTH,1,0,0,1,0,missing_current_targets
leap_to_ninth,NINTH,LEAP,Industry/Manufacturing/Non specified industry,Petroleum coke,NINTH,1,1,1,0,0,lossless_without_override
leap_to_ninth,NINTH,LEAP,Industry/Manufacturing/Non specified industry,Refinery gas not liquefied,NINTH,1,1,1,0,0,lossless_without_override
leap_to_ninth,NINTH,LEAP,Industry/Manufacturing/Non specified industry,Solar nonspecified,NINTH,2,2,2,0,0,lossless_without_override
leap_to_ninth,NINTH,LEAP,Industry/Manufacturing/Non specified industry,Sub bituminous coal,NINTH,1,1,1,0,0,lossless_without_override
leap_to_ninth,NINTH,LEAP,Industry/Manufacturing/Non specified industry,White spirit SBP,NINTH,1,1,1,0,0,lossless_without_override
leap_to_ninth,NINTH,LEAP,Industry/Manufacturing/Pulp paper and printing,Anthracite,NINTH,1,1,1,0,0,lossless_without_override
leap_to_ninth,NINTH,LEAP,Industry/Manufacturing/Pulp paper and printing,Aviation gasoline,NINTH,1,0,0,1,0,missing_current_targets
leap_to_ninth,NINTH,LEAP,Industry/Manufacturing/Pulp paper and printing,BKB and PB,NINTH,1,1,1,0,0,lossless_without_override
leap_to_ninth,NINTH,LEAP,Industry/Manufacturing/Pulp paper and printing,Bagasse,NINTH,1,0,0,1,0,missing_current_targets
leap_to_ninth,NINTH,LEAP,Industry/Manufacturing/Pulp paper and printing,Bio jet kerosene,NINTH,1,0,0,1,0,missing_current_targets
leap_to_ninth,NINTH,LEAP,Industry/Manufacturing/Pulp paper and printing,Biodiesel,NINTH,1,1,1,0,0,lossless_without_override
leap_to_ninth,NINTH,LEAP,Industry/Manufacturing/Pulp paper and printing,Biogas,NINTH,1,1,1,0,0,lossless_without_override
leap_to_ninth,NINTH,LEAP,Industry/Manufacturing/Pulp paper and printing,Biogasoline,NINTH,1,0,0,1,0,missing_current_targets
leap_to_ninth,NINTH,LEAP,Industry/Manufacturing/Pulp paper and printing,Bitumen,NINTH,1,1,1,0,0,lossless_without_override
leap_to_ninth,NINTH,LEAP,Industry/Manufacturing/Pulp paper and printing,Black liquor,NINTH,1,1,1,0,0,lossless_without_override
leap_to_ninth,NINTH,LEAP,Industry/Manufacturing/Pulp paper and printing,Charcoal,NINTH,1,0,0,1,0,missing_current_targets
leap_to_ninth,NINTH,LEAP,Industry/Manufacturing/Pulp paper and printing,Coal nonspecified,NINTH,1,0,0,1,0,missing_current_targets
leap_to_ninth,NINTH,LEAP,Industry/Manufacturing/Pulp paper and printing,Coke oven coke,NINTH,1,1,1,0,0,lossless_without_override
leap_to_ninth,NINTH,LEAP,Industry/Manufacturing/Pulp paper and printing,Coking coal,NINTH,1,1,1,0,0,lossless_without_override
leap_to_ninth,NINTH,LEAP,Industry/Manufacturing/Pulp paper and printing,Crude oil,NINTH,1,1,1,0,0,lossless_without_override
leap_to_ninth,NINTH,LEAP,Industry/Manufacturing/Pulp paper and printing,Electricity,NINTH,1,1,1,0,0,lossless_without_override
leap_to_ninth,NINTH,LEAP,Industry/Manufacturing/Pulp paper and printing,Ethane,NINTH,1,0,0,1,0,missing_current_targets
leap_to_ninth,NINTH,LEAP,Industry/Manufacturing/Pulp paper and printing,Fuel oil,NINTH,1,1,1,0,0,lossless_without_override
leap_to_ninth,NINTH,LEAP,Industry/Manufacturing/Pulp paper and printing,Fuelwood and woodwaste,NINTH,1,1,1,0,0,lossless_without_override
leap_to_ninth,NINTH,LEAP,Industry/Manufacturing/Pulp paper and printing,Gas and diesel oil,NINTH,1,1,1,0,0,lossless_without_override
leap_to_ninth,NINTH,LEAP,Industry/Manufacturing/Pulp paper and printing,Gasoline type jet fuel,NINTH,1,0,0,1,0,missing_current_targets
leap_to_ninth,NINTH,LEAP,Industry/Manufacturing/Pulp paper and printing,Heat,NINTH,1,1,1,0,0,lossless_without_override
leap_to_ninth,NINTH,LEAP,Industry/Manufacturing/Pulp paper and printing,Industrial waste,NINTH,1,1,1,0,0,lossless_without_override
leap_to_ninth,NINTH,LEAP,Industry/Manufacturing/Pulp paper and printing,Kerosene,NINTH,1,1,1,0,0,lossless_without_override
leap_to_ninth,NINTH,LEAP,Industry/Manufacturing/Pulp paper and printing,Kerosene type jet fuel,NINTH,1,0,0,1,0,missing_current_targets
leap_to_ninth,NINTH,LEAP,Industry/Manufacturing/Pulp paper and printing,LPG,NINTH,1,1,1,0,0,lossless_without_override
leap_to_ninth,NINTH,LEAP,Industry/Manufacturing/Pulp paper and printing,Lignite,NINTH,1,1,1,0,0,lossless_without_override
leap_to_ninth,NINTH,LEAP,Industry/Manufacturing/Pulp paper and printing,Lubricants,NINTH,1,1,1,0,0,lossless_without_override
leap_to_ninth,NINTH,LEAP,Industry/Manufacturing/Pulp paper and printing,Motor gasoline,NINTH,1,1,1,0,0,lossless_without_override
leap_to_ninth,NINTH,LEAP,Industry/Manufacturing/Pulp paper and printing,Municipal solid waste non renewable,NINTH,1,1,1,0,0,lossless_without_override
leap_to_ninth,NINTH,LEAP,Industry/Manufacturing/Pulp paper and printing,Municipal solid waste renewable,NINTH,1,1,1,0,0,lossless_without_override
leap_to_ninth,NINTH,LEAP,Industry/Manufacturing/Pulp paper and printing,Naphtha,NINTH,1,1,1,0,0,lossless_without_override
leap_to_ninth,NINTH,LEAP,Industry/Manufacturing/Pulp paper and printing,Natural gas,NINTH,1,1,1,0,0,lossless_without_override
leap_to_ninth,NINTH,LEAP,Industry/Manufacturing/Pulp paper and printing,Natural gas liquids,NINTH,1,1,1,0,0,lossless_without_override
leap_to_ninth,NINTH,LEAP,Industry/Manufacturing/Pulp paper and printing,Other biomass,NINTH,1,2,1,0,1,extra_factorised_targets
leap_to_ninth,NINTH,LEAP,Industry/Manufacturing/Pulp paper and printing,Other bituminous coal,NINTH,1,1,1,0,0,lossless_without_override
leap_to_ninth,NINTH,LEAP,Industry/Manufacturing/Pulp paper and printing,Other liquid biofuels,NINTH,1,1,1,0,0,lossless_without_override
leap_to_ninth,NINTH,LEAP,Industry/Manufacturing/Pulp paper and printing,Other products,NINTH,1,1,1,0,0,lossless_without_override
leap_to_ninth,NINTH,LEAP,Industry/Manufacturing/Pulp paper and printing,Other sources,NINTH,1,0,0,1,0,missing_current_targets
leap_to_ninth,NINTH,LEAP,Industry/Manufacturing/Pulp paper and printing,Paraffin waxes,NINTH,1,1,1,0,0,lossless_without_override
leap_to_ninth,NINTH,LEAP,Industry/Manufacturing/Pulp paper and printing,PetProd nonspecified,NINTH,1,0,0,1,0,missing_current_targets
leap_to_ninth,NINTH,LEAP,Industry/Manufacturing/Pulp paper and printing,Petroleum coke,NINTH,1,1,1,0,0,lossless_without_override
leap_to_ninth,NINTH,LEAP,Industry/Manufacturing/Pulp paper and printing,Refinery gas not liquefied,NINTH,1,1,1,0,0,lossless_without_override
leap_to_ninth,NINTH,LEAP,Industry/Manufacturing/Pulp paper and printing,Sub bituminous coal,NINTH,1,1,1,0,0,lossless_without_override
leap_to_ninth,NINTH,LEAP,Industry/Manufacturing/Pulp paper and printing,White spirit SBP,NINTH,1,1,1,0,0,lossless_without_override
leap_to_ninth,NINTH,LEAP,Industry/Manufacturing/Textiles and leather,Anthracite,NINTH,1,1,1,0,0,lossless_without_override
leap_to_ninth,NINTH,LEAP,Industry/Manufacturing/Textiles and leather,BKB and PB,NINTH,1,1,1,0,0,lossless_without_override
leap_to_ninth,NINTH,LEAP,Industry/Manufacturing/Textiles and leather,Biodiesel,NINTH,1,1,1,0,0,lossless_without_override
leap_to_ninth,NINTH,LEAP,Industry/Manufacturing/Textiles and leather,Biogas,NINTH,1,1,1,0,0,lossless_without_override
leap_to_ninth,NINTH,LEAP,Industry/Manufacturing/Textiles and leather,Coal nonspecified,NINTH,1,0,0,1,0,missing_current_targets
leap_to_ninth,NINTH,LEAP,Industry/Manufacturing/Textiles and leather,Coke oven coke,NINTH,1,1,1,0,0,lossless_without_override
leap_to_ninth,NINTH,LEAP,Industry/Manufacturing/Textiles and leather,Coke oven gas,NINTH,1,1,1,0,0,lossless_without_override
leap_to_ninth,NINTH,LEAP,Industry/Manufacturing/Textiles and leather,Coking coal,NINTH,1,1,1,0,0,lossless_without_override
leap_to_ninth,NINTH,LEAP,Industry/Manufacturing/Textiles and leather,Electricity,NINTH,1,1,1,0,0,lossless_without_override
leap_to_ninth,NINTH,LEAP,Industry/Manufacturing/Textiles and leather,Fuel oil,NINTH,1,1,1,0,0,lossless_without_override
leap_to_ninth,NINTH,LEAP,Industry/Manufacturing/Textiles and leather,Fuelwood and woodwaste,NINTH,1,1,1,0,0,lossless_without_override
leap_to_ninth,NINTH,LEAP,Industry/Manufacturing/Textiles and leather,Gas and diesel oil,NINTH,1,1,1,0,0,lossless_without_override
leap_to_ninth,NINTH,LEAP,Industry/Manufacturing/Textiles and leather,Heat,NINTH,1,1,1,0,0,lossless_without_override
leap_to_ninth,NINTH,LEAP,Industry/Manufacturing/Textiles and leather,Industrial waste,NINTH,1,1,1,0,0,lossless_without_override
leap_to_ninth,NINTH,LEAP,Industry/Manufacturing/Textiles and leather,Kerosene,NINTH,1,1,1,0,0,lossless_without_override
leap_to_ninth,NINTH,LEAP,Industry/Manufacturing/Textiles and leather,LPG,NINTH,1,1,1,0,0,lossless_without_override
leap_to_ninth,NINTH,LEAP,Industry/Manufacturing/Textiles and leather,Lignite,NINTH,1,1,1,0,0,lossless_without_override
leap_to_ninth,NINTH,LEAP,Industry/Manufacturing/Textiles and leather,Motor gasoline,NINTH,1,1,1,0,0,lossless_without_override
leap_to_ninth,NINTH,LEAP,Industry/Manufacturing/Textiles and leather,Municipal solid waste non renewable,NINTH,1,1,1,0,0,lossless_without_override
leap_to_ninth,NINTH,LEAP,Industry/Manufacturing/Textiles and leather,Municipal solid waste renewable,NINTH,1,1,1,0,0,lossless_without_override
leap_to_ninth,NINTH,LEAP,Industry/Manufacturing/Textiles and leather,Naphtha,NINTH,1,1,1,0,0,lossless_without_override
leap_to_ninth,NINTH,LEAP,Industry/Manufacturing/Textiles and leather,Natural gas,NINTH,1,1,1,0,0,lossless_without_override
leap_to_ninth,NINTH,LEAP,Industry/Manufacturing/Textiles and leather,Natural gas liquids,NINTH,1,1,1,0,0,lossless_without_override
leap_to_ninth,NINTH,LEAP,Industry/Manufacturing/Textiles and leather,Other biomass,NINTH,1,1,1,0,0,lossless_without_override
leap_to_ninth,NINTH,LEAP,Industry/Manufacturing/Textiles and leather,Other bituminous coal,NINTH,1,1,1,0,0,lossless_without_override
leap_to_ninth,NINTH,LEAP,Industry/Manufacturing/Textiles and leather,Other products,NINTH,1,1,1,0,0,lossless_without_override
leap_to_ninth,NINTH,LEAP,Industry/Manufacturing/Textiles and leather,Peat,NINTH,1,1,1,0,0,lossless_without_override
leap_to_ninth,NINTH,LEAP,Industry/Manufacturing/Textiles and leather,Refinery gas not liquefied,NINTH,1,1,1,0,0,lossless_without_override
leap_to_ninth,NINTH,LEAP,Industry/Manufacturing/Textiles and leather,Sub bituminous coal,NINTH,1,1,1,0,0,lossless_without_override
leap_to_ninth,NINTH,LEAP,Industry/Manufacturing/Transportation equipment,Aviation gasoline,NINTH,1,1,1,0,0,lossless_without_override
leap_to_ninth,NINTH,LEAP,Industry/Manufacturing/Transportation equipment,BKB and PB,NINTH,1,1,1,0,0,lossless_without_override
leap_to_ninth,NINTH,LEAP,Industry/Manufacturing/Transportation equipment,Bagasse,NINTH,1,0,0,1,0,missing_current_targets
leap_to_ninth,NINTH,LEAP,Industry/Manufacturing/Transportation equipment,Bio jet kerosene,NINTH,1,0,0,1,0,missing_current_targets
leap_to_ninth,NINTH,LEAP,Industry/Manufacturing/Transportation equipment,Biodiesel,NINTH,1,1,1,0,0,lossless_without_override
leap_to_ninth,NINTH,LEAP,Industry/Manufacturing/Transportation equipment,Biogas,NINTH,1,1,1,0,0,lossless_without_override
leap_to_ninth,NINTH,LEAP,Industry/Manufacturing/Transportation equipment,Biogasoline,NINTH,1,0,0,1,0,missing_current_targets
leap_to_ninth,NINTH,LEAP,Industry/Manufacturing/Transportation equipment,Black liquor,NINTH,1,0,0,1,0,missing_current_targets
leap_to_ninth,NINTH,LEAP,Industry/Manufacturing/Transportation equipment,Blast furnace gas,NINTH,1,1,1,0,0,lossless_without_override
leap_to_ninth,NINTH,LEAP,Industry/Manufacturing/Transportation equipment,Charcoal,NINTH,1,0,0,1,0,missing_current_targets
leap_to_ninth,NINTH,LEAP,Industry/Manufacturing/Transportation equipment,Coke oven coke,NINTH,1,1,1,0,0,lossless_without_override
leap_to_ninth,NINTH,LEAP,Industry/Manufacturing/Transportation equipment,Coke oven gas,NINTH,1,1,1,0,0,lossless_without_override
leap_to_ninth,NINTH,LEAP,Industry/Manufacturing/Transportation equipment,Coking coal,NINTH,1,1,1,0,0,lossless_without_override
leap_to_ninth,NINTH,LEAP,Industry/Manufacturing/Transportation equipment,Crude oil,NINTH,1,1,1,0,0,lossless_without_override
leap_to_ninth,NINTH,LEAP,Industry/Manufacturing/Transportation equipment,Electricity,NINTH,1,1,1,0,0,lossless_without_override
leap_to_ninth,NINTH,LEAP,Industry/Manufacturing/Transportation equipment,Fuel oil,NINTH,1,1,1,0,0,lossless_without_override
leap_to_ninth,NINTH,LEAP,Industry/Manufacturing/Transportation equipment,Fuelwood and woodwaste,NINTH,1,0,0,1,0,missing_current_targets
leap_to_ninth,NINTH,LEAP,Industry/Manufacturing/Transportation equipment,Gas and diesel oil,NINTH,1,1,1,0,0,lossless_without_override
leap_to_ninth,NINTH,LEAP,Industry/Manufacturing/Transportation equipment,Gas works gas,NINTH,1,1,1,0,0,lossless_without_override
leap_to_ninth,NINTH,LEAP,Industry/Manufacturing/Transportation equipment,Heat,NINTH,1,1,1,0,0,lossless_without_override
leap_to_ninth,NINTH,LEAP,Industry/Manufacturing/Transportation equipment,Industrial waste,NINTH,1,1,1,0,0,lossless_without_override
leap_to_ninth,NINTH,LEAP,Industry/Manufacturing/Transportation equipment,Kerosene,NINTH,1,1,1,0,0,lossless_without_override
leap_to_ninth,NINTH,LEAP,Industry/Manufacturing/Transportation equipment,Kerosene type jet fuel,NINTH,1,1,1,0,0,lossless_without_override
leap_to_ninth,NINTH,LEAP,Industry/Manufacturing/Transportation equipment,LPG,NINTH,1,1,1,0,0,lossless_without_override
leap_to_ninth,NINTH,LEAP,Industry/Manufacturing/Transportation equipment,Lignite,NINTH,1,1,1,0,0,lossless_without_override
leap_to_ninth,NINTH,LEAP,Industry/Manufacturing/Transportation equipment,Motor gasoline,NINTH,1,1,1,0,0,lossless_without_override
leap_to_ninth,NINTH,LEAP,Industry/Manufacturing/Transportation equipment,Municipal solid waste non renewable,NINTH,1,0,0,1,0,missing_current_targets
leap_to_ninth,NINTH,LEAP,Industry/Manufacturing/Transportation equipment,Municipal solid waste renewable,NINTH,1,0,0,1,0,missing_current_targets
leap_to_ninth,NINTH,LEAP,Industry/Manufacturing/Transportation equipment,Naphtha,NINTH,1,1,1,0,0,lossless_without_override
leap_to_ninth,NINTH,LEAP,Industry/Manufacturing/Transportation equipment,Natural gas,NINTH,1,1,1,0,0,lossless_without_override
leap_to_ninth,NINTH,LEAP,Industry/Manufacturing/Transportation equipment,Natural gas liquids,NINTH,1,1,1,0,0,lossless_without_override
leap_to_ninth,NINTH,LEAP,Industry/Manufacturing/Transportation equipment,Other biomass,NINTH,1,1,1,0,0,lossless_without_override
leap_to_ninth,NINTH,LEAP,Industry/Manufacturing/Transportation equipment,Other bituminous coal,NINTH,1,1,1,0,0,lossless_without_override
leap_to_ninth,NINTH,LEAP,Industry/Manufacturing/Transportation equipment,Other liquid biofuels,NINTH,1,0,0,1,0,missing_current_targets
leap_to_ninth,NINTH,LEAP,Industry/Manufacturing/Transportation equipment,Other products,NINTH,1,1,1,0,0,lossless_without_override
leap_to_ninth,NINTH,LEAP,Industry/Manufacturing/Transportation equipment,Other recovered gases,NINTH,1,1,1,0,0,lossless_without_override
leap_to_ninth,NINTH,LEAP,Industry/Manufacturing/Transportation equipment,Other sources,NINTH,1,0,0,1,0,missing_current_targets
leap_to_ninth,NINTH,LEAP,Industry/Manufacturing/Transportation equipment,Refinery gas not liquefied,NINTH,1,1,1,0,0,lossless_without_override
leap_to_ninth,NINTH,LEAP,Industry/Manufacturing/Transportation equipment,White spirit SBP,NINTH,1,1,1,0,0,lossless_without_override
leap_to_ninth,NINTH,LEAP,Industry/Manufacturing/Wood and wood products,Anthracite,NINTH,1,1,1,0,0,lossless_without_override
leap_to_ninth,NINTH,LEAP,Industry/Manufacturing/Wood and wood products,BKB and PB,NINTH,1,1,1,0,0,lossless_without_override
leap_to_ninth,NINTH,LEAP,Industry/Manufacturing/Wood and wood products,Bagasse,NINTH,1,0,0,1,0,missing_current_targets
leap_to_ninth,NINTH,LEAP,Industry/Manufacturing/Wood and wood products,Bio jet kerosene,NINTH,1,0,0,1,0,missing_current_targets
leap_to_ninth,NINTH,LEAP,Industry/Manufacturing/Wood and wood products,Biodiesel,NINTH,1,1,1,0,0,lossless_without_override
leap_to_ninth,NINTH,LEAP,Industry/Manufacturing/Wood and wood products,Biogas,NINTH,1,1,1,0,0,lossless_without_override
leap_to_ninth,NINTH,LEAP,Industry/Manufacturing/Wood and wood products,Biogasoline,NINTH,1,0,0,1,0,missing_current_targets
leap_to_ninth,NINTH,LEAP,Industry/Manufacturing/Wood and wood products,Bitumen,NINTH,1,1,1,0,0,lossless_without_override
leap_to_ninth,NINTH,LEAP,Industry/Manufacturing/Wood and wood products,Black liquor,NINTH,1,0,0,1,0,missing_current_targets
leap_to_ninth,NINTH,LEAP,Industry/Manufacturing/Wood and wood products,Charcoal,NINTH,1,0,0,1,0,missing_current_targets
leap_to_ninth,NINTH,LEAP,Industry/Manufacturing/Wood and wood products,Coke oven coke,NINTH,1,1,1,0,0,lossless_without_override
leap_to_ninth,NINTH,LEAP,Industry/Manufacturing/Wood and wood products,Coking coal,NINTH,1,1,1,0,0,lossless_without_override
leap_to_ninth,NINTH,LEAP,Industry/Manufacturing/Wood and wood products,Crude oil,NINTH,1,1,1,0,0,lossless_without_override
leap_to_ninth,NINTH,LEAP,Industry/Manufacturing/Wood and wood products,Electricity,NINTH,1,1,1,0,0,lossless_without_override
leap_to_ninth,NINTH,LEAP,Industry/Manufacturing/Wood and wood products,Fuel oil,NINTH,1,1,1,0,0,lossless_without_override
leap_to_ninth,NINTH,LEAP,Industry/Manufacturing/Wood and wood products,Fuelwood and woodwaste,NINTH,1,1,1,0,0,lossless_without_override
leap_to_ninth,NINTH,LEAP,Industry/Manufacturing/Wood and wood products,Gas and diesel oil,NINTH,1,1,1,0,0,lossless_without_override
leap_to_ninth,NINTH,LEAP,Industry/Manufacturing/Wood and wood products,Gas works gas,NINTH,1,1,1,0,0,lossless_without_override
leap_to_ninth,NINTH,LEAP,Industry/Manufacturing/Wood and wood products,Heat,NINTH,1,1,1,0,0,lossless_without_override
leap_to_ninth,NINTH,LEAP,Industry/Manufacturing/Wood and wood products,Industrial waste,NINTH,1,1,1,0,0,lossless_without_override
leap_to_ninth,NINTH,LEAP,Industry/Manufacturing/Wood and wood products,Kerosene,NINTH,1,1,1,0,0,lossless_without_override
leap_to_ninth,NINTH,LEAP,Industry/Manufacturing/Wood and wood products,LPG,NINTH,1,1,1,0,0,lossless_without_override
leap_to_ninth,NINTH,LEAP,Industry/Manufacturing/Wood and wood products,Lignite,NINTH,1,1,1,0,0,lossless_without_override
leap_to_ninth,NINTH,LEAP,Industry/Manufacturing/Wood and wood products,Lubricants,NINTH,1,1,1,0,0,lossless_without_override
leap_to_ninth,NINTH,LEAP,Industry/Manufacturing/Wood and wood products,Motor gasoline,NINTH,1,1,1,0,0,lossless_without_override
leap_to_ninth,NINTH,LEAP,Industry/Manufacturing/Wood and wood products,Municipal solid waste non renewable,NINTH,1,0,0,1,0,missing_current_targets
leap_to_ninth,NINTH,LEAP,Industry/Manufacturing/Wood and wood products,Municipal solid waste renewable,NINTH,1,0,0,1,0,missing_current_targets
leap_to_ninth,NINTH,LEAP,Industry/Manufacturing/Wood and wood products,Natural gas,NINTH,1,1,1,0,0,lossless_without_override
leap_to_ninth,NINTH,LEAP,Industry/Manufacturing/Wood and wood products,Natural gas liquids,NINTH,1,1,1,0,0,lossless_without_override
leap_to_ninth,NINTH,LEAP,Industry/Manufacturing/Wood and wood products,Other biomass,NINTH,1,1,1,0,0,lossless_without_override
leap_to_ninth,NINTH,LEAP,Industry/Manufacturing/Wood and wood products,Other bituminous coal,NINTH,1,1,1,0,0,lossless_without_override
leap_to_ninth,NINTH,LEAP,Industry/Manufacturing/Wood and wood products,Other liquid biofuels,NINTH,1,1,1,0,0,lossless_without_override
leap_to_ninth,NINTH,LEAP,Industry/Manufacturing/Wood and wood products,Other products,NINTH,1,1,1,0,0,lossless_without_override
leap_to_ninth,NINTH,LEAP,Industry/Manufacturing/Wood and wood products,Other sources,NINTH,1,0,0,1,0,missing_current_targets
leap_to_ninth,NINTH,LEAP,Industry/Manufacturing/Wood and wood products,Paraffin waxes,NINTH,1,1,1,0,0,lossless_without_override
leap_to_ninth,NINTH,LEAP,Industry/Manufacturing/Wood and wood products,Peat,NINTH,1,1,1,0,0,lossless_without_override
leap_to_ninth,NINTH,LEAP,Industry/Manufacturing/Wood and wood products,Petroleum coke,NINTH,1,1,1,0,0,lossless_without_override
leap_to_ninth,NINTH,LEAP,Industry/Manufacturing/Wood and wood products,Sub bituminous coal,NINTH,1,1,1,0,0,lossless_without_override
leap_to_ninth,NINTH,LEAP,Industry/Manufacturing/Wood and wood products,White spirit SBP,NINTH,1,1,1,0,0,lossless_without_override
leap_to_ninth,NINTH,LEAP,Industry/Mining and quarrying,Anthracite,NINTH,1,1,1,0,0,lossless_without_override
leap_to_ninth,NINTH,LEAP,Industry/Mining and quarrying,BKB and PB,NINTH,1,1,1,0,0,lossless_without_override
leap_to_ninth,NINTH,LEAP,Industry/Mining and quarrying,Bagasse,NINTH,1,0,0,1,0,missing_current_targets
leap_to_ninth,NINTH,LEAP,Industry/Mining and quarrying,Bio jet kerosene,NINTH,1,0,0,1,0,missing_current_targets
leap_to_ninth,NINTH,LEAP,Industry/Mining and quarrying,Biodiesel,NINTH,1,1,1,0,0,lossless_without_override
leap_to_ninth,NINTH,LEAP,Industry/Mining and quarrying,Biogas,NINTH,1,1,1,0,0,lossless_without_override
leap_to_ninth,NINTH,LEAP,Industry/Mining and quarrying,Biogasoline,NINTH,1,1,1,0,0,lossless_without_override
leap_to_ninth,NINTH,LEAP,Industry/Mining and quarrying,Black liquor,NINTH,1,0,0,1,0,missing_current_targets
leap_to_ninth,NINTH,LEAP,Industry/Mining and quarrying,Blast furnace gas,NINTH,1,1,1,0,0,lossless_without_override
leap_to_ninth,NINTH,LEAP,Industry/Mining and quarrying,Charcoal,NINTH,1,1,1,0,0,lossless_without_override
leap_to_ninth,NINTH,LEAP,Industry/Mining and quarrying,Coal tar,NINTH,1,1,1,0,0,lossless_without_override
leap_to_ninth,NINTH,LEAP,Industry/Mining and quarrying,Coke oven coke,NINTH,1,1,1,0,0,lossless_without_override
leap_to_ninth,NINTH,LEAP,Industry/Mining and quarrying,Coke oven gas,NINTH,1,1,1,0,0,lossless_without_override
leap_to_ninth,NINTH,LEAP,Industry/Mining and quarrying,Coking coal,NINTH,1,1,1,0,0,lossless_without_override
leap_to_ninth,NINTH,LEAP,Industry/Mining and quarrying,Crude oil,NINTH,1,1,1,0,0,lossless_without_override
leap_to_ninth,NINTH,LEAP,Industry/Mining and quarrying,Electricity,NINTH,1,1,1,0,0,lossless_without_override
leap_to_ninth,NINTH,LEAP,Industry/Mining and quarrying,Fuel oil,NINTH,1,1,1,0,0,lossless_without_override
leap_to_ninth,NINTH,LEAP,Industry/Mining and quarrying,Fuelwood and woodwaste,NINTH,1,1,1,0,0,lossless_without_override
leap_to_ninth,NINTH,LEAP,Industry/Mining and quarrying,Gas and diesel oil,NINTH,1,1,1,0,0,lossless_without_override
leap_to_ninth,NINTH,LEAP,Industry/Mining and quarrying,Gas works gas,NINTH,1,1,1,0,0,lossless_without_override
leap_to_ninth,NINTH,LEAP,Industry/Mining and quarrying,Heat,NINTH,1,1,1,0,0,lossless_without_override
leap_to_ninth,NINTH,LEAP,Industry/Mining and quarrying,Hydrogen,NINTH,1,1,1,0,0,lossless_without_override
leap_to_ninth,NINTH,LEAP,Industry/Mining and quarrying,Industrial waste,NINTH,1,1,1,0,0,lossless_without_override
leap_to_ninth,NINTH,LEAP,Industry/Mining and quarrying,Kerosene,NINTH,1,1,1,0,0,lossless_without_override
leap_to_ninth,NINTH,LEAP,Industry/Mining and quarrying,Kerosene type jet fuel,NINTH,1,1,1,0,0,lossless_without_override
leap_to_ninth,NINTH,LEAP,Industry/Mining and quarrying,LPG,NINTH,1,1,1,0,0,lossless_without_override
leap_to_ninth,NINTH,LEAP,Industry/Mining and quarrying,Lignite,NINTH,1,1,1,0,0,lossless_without_override
leap_to_ninth,NINTH,LEAP,Industry/Mining and quarrying,Motor gasoline,NINTH,1,1,1,0,0,lossless_without_override
leap_to_ninth,NINTH,LEAP,Industry/Mining and quarrying,Municipal solid waste non renewable,NINTH,1,0,0,1,0,missing_current_targets
leap_to_ninth,NINTH,LEAP,Industry/Mining and quarrying,Municipal solid waste renewable,NINTH,1,0,0,1,0,missing_current_targets
leap_to_ninth,NINTH,LEAP,Industry/Mining and quarrying,Naphtha,NINTH,1,1,1,0,0,lossless_without_override
leap_to_ninth,NINTH,LEAP,Industry/Mining and quarrying,Natural gas,NINTH,1,1,1,0,0,lossless_without_override
leap_to_ninth,NINTH,LEAP,Industry/Mining and quarrying,Natural gas liquids,NINTH,1,1,1,0,0,lossless_without_override
leap_to_ninth,NINTH,LEAP,Industry/Mining and quarrying,Other biomass,NINTH,1,1,1,0,0,lossless_without_override
leap_to_ninth,NINTH,LEAP,Industry/Mining and quarrying,Other bituminous coal,NINTH,1,1,1,0,0,lossless_without_override
leap_to_ninth,NINTH,LEAP,Industry/Mining and quarrying,Other liquid biofuels,NINTH,1,0,0,1,0,missing_current_targets
leap_to_ninth,NINTH,LEAP,Industry/Mining and quarrying,Other products,NINTH,1,1,1,0,0,lossless_without_override
leap_to_ninth,NINTH,LEAP,Industry/Mining and quarrying,Other recovered gases,NINTH,1,1,1,0,0,lossless_without_override
leap_to_ninth,NINTH,LEAP,Industry/Mining and quarrying,Other sources,NINTH,1,0,0,1,0,missing_current_targets
leap_to_ninth,NINTH,LEAP,Industry/Mining and quarrying,Petroleum coke,NINTH,1,1,1,0,0,lossless_without_override
leap_to_ninth,NINTH,LEAP,Industry/Mining and quarrying,Refinery gas not liquefied,NINTH,1,1,1,0,0,lossless_without_override
leap_to_ninth,NINTH,LEAP,Industry/Mining and quarrying,Solar nonspecified,NINTH,1,2,1,0,1,extra_factorised_targets
leap_to_ninth,NINTH,LEAP,Industry/Mining and quarrying,Sub bituminous coal,NINTH,1,1,1,0,0,lossless_without_override
leap_to_ninth,NINTH,LEAP,International transport,Ammonia,NINTH,1,0,0,1,0,missing_current_targets
leap_to_ninth,NINTH,LEAP,International transport,Aviation gasoline,NINTH,1,0,0,1,0,missing_current_targets
leap_to_ninth,NINTH,LEAP,International transport,Bio jet kerosene,NINTH,1,0,0,1,0,missing_current_targets
leap_to_ninth,NINTH,LEAP,International transport,Biodiesel,NINTH,1,0,0,1,0,missing_current_targets
leap_to_ninth,NINTH,LEAP,International transport,Efuel,NINTH,1,0,0,1,0,missing_current_targets
leap_to_ninth,NINTH,LEAP,International transport,Fuel oil,NINTH,1,0,0,1,0,missing_current_targets
leap_to_ninth,NINTH,LEAP,International transport,Gas and diesel oil,NINTH,1,0,0,1,0,missing_current_targets
leap_to_ninth,NINTH,LEAP,International transport,Hydrogen,NINTH,1,0,0,1,0,missing_current_targets
leap_to_ninth,NINTH,LEAP,International transport,Kerosene type jet fuel,NINTH,1,0,0,1,0,missing_current_targets
leap_to_ninth,NINTH,LEAP,International transport,LNG,NINTH,1,0,0,1,0,missing_current_targets
leap_to_ninth,NINTH,LEAP,International transport,LPG,NINTH,1,0,0,1,0,missing_current_targets
leap_to_ninth,NINTH,LEAP,International transport,Lubricants,NINTH,1,0,0,1,0,missing_current_targets
leap_to_ninth,NINTH,LEAP,International transport,Motor gasoline,NINTH,1,0,0,1,0,missing_current_targets
leap_to_ninth,NINTH,LEAP,International transport,Natural gas,NINTH,1,0,0,1,0,missing_current_targets
leap_to_ninth,NINTH,LEAP,International transport,Other products,NINTH,1,0,0,1,0,missing_current_targets
leap_to_ninth,NINTH,LEAP,Liquefaction/regasification plants,Electricity,NINTH,1,0,0,1,0,missing_current_targets
leap_to_ninth,NINTH,LEAP,Liquefaction/regasification plants,Gas works gas,NINTH,1,0,0,1,0,missing_current_targets
leap_to_ninth,NINTH,LEAP,Liquefaction/regasification plants,LNG,NINTH,1,0,0,1,0,missing_current_targets
leap_to_ninth,NINTH,LEAP,Liquefaction/regasification plants,LPG,NINTH,1,0,0,1,0,missing_current_targets
leap_to_ninth,NINTH,LEAP,Liquefaction/regasification plants,Other bituminous coal,NINTH,1,0,0,1,0,missing_current_targets
leap_to_ninth,NINTH,LEAP,Liquefaction/regasification plants,Other products,NINTH,1,0,0,1,0,missing_current_targets
leap_to_ninth,NINTH,LEAP,Liquefaction/regasification plants,Petroleum coke,NINTH,1,0,0,1,0,missing_current_targets
leap_to_ninth,NINTH,LEAP,Liquefaction/regasification plants,Refinery gas not liquefied,NINTH,1,0,0,1,0,missing_current_targets
leap_to_ninth,NINTH,LEAP,Non specified transformation/Non specified transformation,Biogas,NINTH,1,1,1,0,0,lossless_without_override
leap_to_ninth,NINTH,LEAP,Non specified transformation/Non specified transformation,Crude oil,NINTH,1,1,1,0,0,lossless_without_override
leap_to_ninth,NINTH,LEAP,Non specified transformation/Non specified transformation,Electricity,NINTH,1,0,0,1,0,missing_current_targets
leap_to_ninth,NINTH,LEAP,Non specified transformation/Non specified transformation,Ethane,NINTH,1,1,1,0,0,lossless_without_override
leap_to_ninth,NINTH,LEAP,Non specified transformation/Non specified transformation,Fuel oil,NINTH,1,1,1,0,0,lossless_without_override
leap_to_ninth,NINTH,LEAP,Non specified transformation/Non specified transformation,Gas and diesel oil,NINTH,1,1,1,0,0,lossless_without_override
leap_to_ninth,NINTH,LEAP,Non specified transformation/Non specified transformation,Industrial waste,NINTH,1,1,1,0,0,lossless_without_override
leap_to_ninth,NINTH,LEAP,Non specified transformation/Non specified transformation,Kerosene,NINTH,1,1,1,0,0,lossless_without_override
leap_to_ninth,NINTH,LEAP,Non specified transformation/Non specified transformation,LPG,NINTH,1,1,1,0,0,lossless_without_override
leap_to_ninth,NINTH,LEAP,Non specified transformation/Non specified transformation,Motor gasoline,NINTH,1,0,0,1,0,missing_current_targets
leap_to_ninth,NINTH,LEAP,Non specified transformation/Non specified transformation,Natural gas,NINTH,1,1,1,0,0,lossless_without_override
leap_to_ninth,NINTH,LEAP,Non specified transformation/Non specified transformation,Natural gas liquids,NINTH,1,1,1,0,0,lossless_without_override
leap_to_ninth,NINTH,LEAP,Non specified transformation/Non specified transformation,Other biomass,NINTH,1,1,1,0,0,lossless_without_override
leap_to_ninth,NINTH,LEAP,Non specified transformation/Non specified transformation,Other bituminous coal,NINTH,1,1,1,0,0,lossless_without_override
leap_to_ninth,NINTH,LEAP,Non specified transformation/Non specified transformation,Other hydrocarbons,NINTH,1,1,1,0,0,lossless_without_override
leap_to_ninth,NINTH,LEAP,Non specified transformation/Non specified transformation,Other products,NINTH,1,1,1,0,0,lossless_without_override
leap_to_ninth,NINTH,LEAP,Non-energy use,Additives and oxygenates,NINTH,1,1,1,0,0,lossless_without_override
leap_to_ninth,NINTH,LEAP,Non-energy use,Anthracite,NINTH,1,1,1,0,0,lossless_without_override
leap_to_ninth,NINTH,LEAP,Non-energy use,BKB and PB,NINTH,1,1,1,0,0,lossless_without_override
leap_to_ninth,NINTH,LEAP,Non-energy use,Bagasse,NINTH,1,0,0,1,0,missing_current_targets
leap_to_ninth,NINTH,LEAP,Non-energy use,Bio jet kerosene,NINTH,1,0,0,1,0,missing_current_targets
leap_to_ninth,NINTH,LEAP,Non-energy use,Biodiesel,NINTH,1,0,0,1,0,missing_current_targets
leap_to_ninth,NINTH,LEAP,Non-energy use,Biogas,NINTH,1,1,1,0,0,lossless_without_override
leap_to_ninth,NINTH,LEAP,Non-energy use,Biogasoline,NINTH,1,0,0,1,0,missing_current_targets
leap_to_ninth,NINTH,LEAP,Non-energy use,Bitumen,NINTH,1,1,1,0,0,lossless_without_override
leap_to_ninth,NINTH,LEAP,Non-energy use,Black liquor,NINTH,1,0,0,1,0,missing_current_targets
leap_to_ninth,NINTH,LEAP,Non-energy use,Blast furnace gas,NINTH,1,1,1,0,0,lossless_without_override
leap_to_ninth,NINTH,LEAP,Non-energy use,Charcoal,NINTH,1,0,0,1,0,missing_current_targets
leap_to_ninth,NINTH,LEAP,Non-energy use,Coal nonspecified,NINTH,1,0,0,1,0,missing_current_targets
leap_to_ninth,NINTH,LEAP,Non-energy use,Coal tar,NINTH,1,1,1,0,0,lossless_without_override
leap_to_ninth,NINTH,LEAP,Non-energy use,Coke oven coke,NINTH,1,1,1,0,0,lossless_without_override
leap_to_ninth,NINTH,LEAP,Non-energy use,Coke oven gas,NINTH,1,1,1,0,0,lossless_without_override
leap_to_ninth,NINTH,LEAP,Non-energy use,Coking coal,NINTH,1,1,1,0,0,lossless_without_override
leap_to_ninth,NINTH,LEAP,Non-energy use,Crude oil,NINTH,1,1,1,0,0,lossless_without_override
leap_to_ninth,NINTH,LEAP,Non-energy use,Ethane,NINTH,1,1,1,0,0,lossless_without_override
leap_to_ninth,NINTH,LEAP,Non-energy use,Fuel oil,NINTH,1,1,1,0,0,lossless_without_override
leap_to_ninth,NINTH,LEAP,Non-energy use,Fuelwood and woodwaste,NINTH,1,0,0,1,0,missing_current_targets
leap_to_ninth,NINTH,LEAP,Non-energy use,Gas and diesel oil,NINTH,1,1,1,0,0,lossless_without_override
leap_to_ninth,NINTH,LEAP,Non-energy use,Gas works gas,NINTH,1,0,0,1,0,missing_current_targets
leap_to_ninth,NINTH,LEAP,Non-energy use,Hydrogen,NINTH,1,1,1,0,0,lossless_without_override
leap_to_ninth,NINTH,LEAP,Non-energy use,Industrial waste,NINTH,1,0,0,1,0,missing_current_targets
leap_to_ninth,NINTH,LEAP,Non-energy use,Kerosene,NINTH,1,1,1,0,0,lossless_without_override
leap_to_ninth,NINTH,LEAP,Non-energy use,LPG,NINTH,1,1,1,0,0,lossless_without_override
leap_to_ninth,NINTH,LEAP,Non-energy use,Lignite,NINTH,1,1,1,0,0,lossless_without_override
leap_to_ninth,NINTH,LEAP,Non-energy use,Lubricants,NINTH,1,1,1,0,0,lossless_without_override
leap_to_ninth,NINTH,LEAP,Non-energy use,Motor gasoline,NINTH,1,1,1,0,0,lossless_without_override
leap_to_ninth,NINTH,LEAP,Non-energy use,Municipal solid waste non renewable,NINTH,1,0,0,1,0,missing_current_targets
leap_to_ninth,NINTH,LEAP,Non-energy use,Municipal solid waste renewable,NINTH,1,0,0,1,0,missing_current_targets
leap_to_ninth,NINTH,LEAP,Non-energy use,Naphtha,NINTH,1,1,1,0,0,lossless_without_override
leap_to_ninth,NINTH,LEAP,Non-energy use,Natural gas,NINTH,1,1,1,0,0,lossless_without_override
leap_to_ninth,NINTH,LEAP,Non-energy use,Natural gas liquids,NINTH,1,1,1,0,0,lossless_without_override
leap_to_ninth,NINTH,LEAP,Non-energy use,Other biomass,NINTH,1,0,0,1,0,missing_current_targets
leap_to_ninth,NINTH,LEAP,Non-energy use,Other bituminous coal,NINTH,1,1,1,0,0,lossless_without_override
leap_to_ninth,NINTH,LEAP,Non-energy use,Other liquid biofuels,NINTH,1,0,0,1,0,missing_current_targets
leap_to_ninth,NINTH,LEAP,Non-energy use,Other products,NINTH,1,1,1,0,0,lossless_without_override
leap_to_ninth,NINTH,LEAP,Non-energy use,Other recovered gases,NINTH,1,1,1,0,0,lossless_without_override
leap_to_ninth,NINTH,LEAP,Non-energy use,Other sources,NINTH,1,0,0,1,0,missing_current_targets
leap_to_ninth,NINTH,LEAP,Non-energy use,Paraffin waxes,NINTH,1,1,1,0,0,lossless_without_override
leap_to_ninth,NINTH,LEAP,Non-energy use,Peat products,NINTH,1,1,1,0,0,lossless_without_override
leap_to_ninth,NINTH,LEAP,Non-energy use,PetProd nonspecified,NINTH,1,0,0,1,0,missing_current_targets
leap_to_ninth,NINTH,LEAP,Non-energy use,Petroleum coke,NINTH,1,1,1,0,0,lossless_without_override
leap_to_ninth,NINTH,LEAP,Non-energy use,Refinery feedstocks,NINTH,1,1,1,0,0,lossless_without_override
leap_to_ninth,NINTH,LEAP,Non-energy use,Refinery gas not liquefied,NINTH,1,1,1,0,0,lossless_without_override
leap_to_ninth,NINTH,LEAP,Non-energy use,Sub bituminous coal,NINTH,1,1,1,0,0,lossless_without_override
leap_to_ninth,NINTH,LEAP,Non-energy use,White spirit SBP,NINTH,1,1,1,0,0,lossless_without_override
leap_to_ninth,NINTH,LEAP,Oil Refining/Oil Refining,Additives and oxygenates,NINTH,1,1,1,0,0,lossless_without_override
leap_to_ninth,NINTH,LEAP,Oil Refining/Oil Refining,Aviation gasoline,NINTH,1,1,1,0,0,lossless_without_override
leap_to_ninth,NINTH,LEAP,Oil Refining/Oil Refining,Bitumen,NINTH,1,1,1,0,0,lossless_without_override
leap_to_ninth,NINTH,LEAP,Oil Refining/Oil Refining,Crude oil,NINTH,1,1,1,0,0,lossless_without_override
leap_to_ninth,NINTH,LEAP,Oil Refining/Oil Refining,Electricity,NINTH,1,0,0,1,0,missing_current_targets
leap_to_ninth,NINTH,LEAP,Oil Refining/Oil Refining,Ethane,NINTH,1,1,1,0,0,lossless_without_override
leap_to_ninth,NINTH,LEAP,Oil Refining/Oil Refining,Fuel oil,NINTH,1,1,1,0,0,lossless_without_override
leap_to_ninth,NINTH,LEAP,Oil Refining/Oil Refining,Gas and diesel oil,NINTH,1,1,1,0,0,lossless_without_override
leap_to_ninth,NINTH,LEAP,Oil Refining/Oil Refining,Heat,NINTH,1,0,0,1,0,missing_current_targets
leap_to_ninth,NINTH,LEAP,Oil Refining/Oil Refining,Industrial waste,NINTH,1,0,0,1,0,missing_current_targets
leap_to_ninth,NINTH,LEAP,Oil Refining/Oil Refining,Kerosene,NINTH,1,1,1,0,0,lossless_without_override
leap_to_ninth,NINTH,LEAP,Oil Refining/Oil Refining,Kerosene type jet fuel,NINTH,1,1,1,0,0,lossless_without_override
leap_to_ninth,NINTH,LEAP,Oil Refining/Oil Refining,LPG,NINTH,1,1,1,0,0,lossless_without_override
leap_to_ninth,NINTH,LEAP,Oil Refining/Oil Refining,Lubricants,NINTH,1,1,1,0,0,lossless_without_override
leap_to_ninth,NINTH,LEAP,Oil Refining/Oil Refining,Motor gasoline,NINTH,1,1,1,0,0,lossless_without_override
leap_to_ninth,NINTH,LEAP,Oil Refining/Oil Refining,Naphtha,NINTH,1,1,1,0,0,lossless_without_override
leap_to_ninth,NINTH,LEAP,Oil Refining/Oil Refining,Natural gas,NINTH,1,0,0,1,0,missing_current_targets
leap_to_ninth,NINTH,LEAP,Oil Refining/Oil Refining,Natural gas liquids,NINTH,1,1,1,0,0,lossless_without_override
leap_to_ninth,NINTH,LEAP,Oil Refining/Oil Refining,Other bituminous coal,NINTH,1,0,0,1,0,missing_current_targets
leap_to_ninth,NINTH,LEAP,Oil Refining/Oil Refining,Other hydrocarbons,NINTH,1,1,1,0,0,lossless_without_override
leap_to_ninth,NINTH,LEAP,Oil Refining/Oil Refining,Other products,NINTH,1,1,1,0,0,lossless_without_override
leap_to_ninth,NINTH,LEAP,Oil Refining/Oil Refining,Paraffin waxes,NINTH,1,1,1,0,0,lossless_without_override
leap_to_ninth,NINTH,LEAP,Oil Refining/Oil Refining,PetProd nonspecified,NINTH,1,0,0,1,0,missing_current_targets
leap_to_ninth,NINTH,LEAP,Oil Refining/Oil Refining,Petroleum coke,NINTH,1,1,1,0,0,lossless_without_override
leap_to_ninth,NINTH,LEAP,Oil Refining/Oil Refining,Refinery feedstocks,NINTH,1,1,1,0,0,lossless_without_override
leap_to_ninth,NINTH,LEAP,Oil Refining/Oil Refining,Refinery gas not liquefied,NINTH,1,1,1,0,0,lossless_without_override
leap_to_ninth,NINTH,LEAP,Oil Refining/Oil Refining,Sub bituminous coal,NINTH,1,0,0,1,0,missing_current_targets
leap_to_ninth,NINTH,LEAP,Oil Refining/Oil Refining,White spirit SBP,NINTH,1,1,1,0,0,lossless_without_override
leap_to_ninth,NINTH,LEAP,Other loss and own use/Coal mines,BKB and PB,NINTH,1,1,1,0,0,lossless_without_override
leap_to_ninth,NINTH,LEAP,Other loss and own use/Coal mines,Biodiesel,NINTH,1,1,1,0,0,lossless_without_override
leap_to_ninth,NINTH,LEAP,Other loss and own use/Coal mines,Blast furnace gas,NINTH,1,1,1,0,0,lossless_without_override
leap_to_ninth,NINTH,LEAP,Other loss and own use/Coal mines,Coal tar,NINTH,1,1,1,0,0,lossless_without_override
leap_to_ninth,NINTH,LEAP,Other loss and own use/Coal mines,Coke oven coke,NINTH,1,1,1,0,0,lossless_without_override
leap_to_ninth,NINTH,LEAP,Other loss and own use/Coal mines,Coke oven gas,NINTH,1,1,1,0,0,lossless_without_override
leap_to_ninth,NINTH,LEAP,Other loss and own use/Coal mines,Coking coal,NINTH,1,1,1,0,0,lossless_without_override
leap_to_ninth,NINTH,LEAP,Other loss and own use/Coal mines,Crude oil,NINTH,1,1,1,0,0,lossless_without_override
leap_to_ninth,NINTH,LEAP,Other loss and own use/Coal mines,Electricity,NINTH,1,1,1,0,0,lossless_without_override
leap_to_ninth,NINTH,LEAP,Other loss and own use/Coal mines,Fuel oil,NINTH,1,1,1,0,0,lossless_without_override
leap_to_ninth,NINTH,LEAP,Other loss and own use/Coal mines,Gas and diesel oil,NINTH,1,1,1,0,0,lossless_without_override
leap_to_ninth,NINTH,LEAP,Other loss and own use/Coal mines,Gas works gas,NINTH,1,1,1,0,0,lossless_without_override
leap_to_ninth,NINTH,LEAP,Other loss and own use/Coal mines,Heat,NINTH,1,1,1,0,0,lossless_without_override
leap_to_ninth,NINTH,LEAP,Other loss and own use/Coal mines,Kerosene,NINTH,1,1,1,0,0,lossless_without_override
leap_to_ninth,NINTH,LEAP,Other loss and own use/Coal mines,LPG,NINTH,1,1,1,0,0,lossless_without_override
leap_to_ninth,NINTH,LEAP,Other loss and own use/Coal mines,Lignite,NINTH,1,1,1,0,0,lossless_without_override
leap_to_ninth,NINTH,LEAP,Other loss and own use/Coal mines,Motor gasoline,NINTH,1,1,1,0,0,lossless_without_override
leap_to_ninth,NINTH,LEAP,Other loss and own use/Coal mines,Naphtha,NINTH,1,1,1,0,0,lossless_without_override
leap_to_ninth,NINTH,LEAP,Other loss and own use/Coal mines,Natural gas,NINTH,1,1,1,0,0,lossless_without_override
leap_to_ninth,NINTH,LEAP,Other loss and own use/Coal mines,Other biomass,NINTH,1,1,1,0,0,lossless_without_override
leap_to_ninth,NINTH,LEAP,Other loss and own use/Coal mines,Other bituminous coal,NINTH,1,1,1,0,0,lossless_without_override
leap_to_ninth,NINTH,LEAP,Other loss and own use/Coal mines,Other products,NINTH,1,1,1,0,0,lossless_without_override
leap_to_ninth,NINTH,LEAP,Other loss and own use/Coal mines,Refinery gas not liquefied,NINTH,1,1,1,0,0,lossless_without_override
leap_to_ninth,NINTH,LEAP,Other loss and own use/Coal mines,Sub bituminous coal,NINTH,1,1,1,0,0,lossless_without_override
leap_to_ninth,NINTH,LEAP,Other loss and own use/Electricity CHP and heat plants,Biodiesel,NINTH,1,1,1,0,0,lossless_without_override
leap_to_ninth,NINTH,LEAP,Other loss and own use/Electricity CHP and heat plants,Biogas,NINTH,1,1,1,0,0,lossless_without_override
leap_to_ninth,NINTH,LEAP,Other loss and own use/Electricity CHP and heat plants,Coal tar,NINTH,1,1,1,0,0,lossless_without_override
leap_to_ninth,NINTH,LEAP,Other loss and own use/Electricity CHP and heat plants,Coke oven coke,NINTH,1,1,1,0,0,lossless_without_override
leap_to_ninth,NINTH,LEAP,Other loss and own use/Electricity CHP and heat plants,Coke oven gas,NINTH,1,1,1,0,0,lossless_without_override
leap_to_ninth,NINTH,LEAP,Other loss and own use/Electricity CHP and heat plants,Coking coal,NINTH,1,1,1,0,0,lossless_without_override
leap_to_ninth,NINTH,LEAP,Other loss and own use/Electricity CHP and heat plants,Crude oil,NINTH,1,1,1,0,0,lossless_without_override
leap_to_ninth,NINTH,LEAP,Other loss and own use/Electricity CHP and heat plants,Electricity,NINTH,1,1,1,0,0,lossless_without_override
leap_to_ninth,NINTH,LEAP,Other loss and own use/Electricity CHP and heat plants,Fuel oil,NINTH,1,1,1,0,0,lossless_without_override
leap_to_ninth,NINTH,LEAP,Other loss and own use/Electricity CHP and heat plants,Gas and diesel oil,NINTH,1,1,1,0,0,lossless_without_override
leap_to_ninth,NINTH,LEAP,Other loss and own use/Electricity CHP and heat plants,Gas works gas,NINTH,1,1,1,0,0,lossless_without_override
leap_to_ninth,NINTH,LEAP,Other loss and own use/Electricity CHP and heat plants,Gasoline type jet fuel,NINTH,1,1,1,0,0,lossless_without_override
leap_to_ninth,NINTH,LEAP,Other loss and own use/Electricity CHP and heat plants,Heat,NINTH,1,1,1,0,0,lossless_without_override
leap_to_ninth,NINTH,LEAP,Other loss and own use/Electricity CHP and heat plants,Kerosene,NINTH,1,1,1,0,0,lossless_without_override
leap_to_ninth,NINTH,LEAP,Other loss and own use/Electricity CHP and heat plants,Kerosene type jet fuel,NINTH,1,1,1,0,0,lossless_without_override
leap_to_ninth,NINTH,LEAP,Other loss and own use/Electricity CHP and heat plants,LPG,NINTH,1,1,1,0,0,lossless_without_override
leap_to_ninth,NINTH,LEAP,Other loss and own use/Electricity CHP and heat plants,Lignite,NINTH,1,1,1,0,0,lossless_without_override
leap_to_ninth,NINTH,LEAP,Other loss and own use/Electricity CHP and heat plants,Motor gasoline,NINTH,1,1,1,0,0,lossless_without_override
leap_to_ninth,NINTH,LEAP,Other loss and own use/Electricity CHP and heat plants,Naphtha,NINTH,1,1,1,0,0,lossless_without_override
leap_to_ninth,NINTH,LEAP,Other loss and own use/Electricity CHP and heat plants,Natural gas,NINTH,1,1,1,0,0,lossless_without_override
leap_to_ninth,NINTH,LEAP,Other loss and own use/Electricity CHP and heat plants,Natural gas liquids,NINTH,1,1,1,0,0,lossless_without_override
leap_to_ninth,NINTH,LEAP,Other loss and own use/Electricity CHP and heat plants,Other biomass,NINTH,1,1,1,0,0,lossless_without_override
leap_to_ninth,NINTH,LEAP,Other loss and own use/Electricity CHP and heat plants,Other bituminous coal,NINTH,1,1,1,0,0,lossless_without_override
leap_to_ninth,NINTH,LEAP,Other loss and own use/Electricity CHP and heat plants,Other products,NINTH,1,1,1,0,0,lossless_without_override
leap_to_ninth,NINTH,LEAP,Other loss and own use/Electricity CHP and heat plants,Peat,NINTH,1,0,0,1,0,missing_current_targets
leap_to_ninth,NINTH,LEAP,Other loss and own use/Electricity CHP and heat plants,Peat products,NINTH,1,0,0,1,0,missing_current_targets
leap_to_ninth,NINTH,LEAP,Other loss and own use/Electricity CHP and heat plants,Petroleum coke,NINTH,1,1,1,0,0,lossless_without_override
leap_to_ninth,NINTH,LEAP,Other loss and own use/Electricity CHP and heat plants,Refinery gas not liquefied,NINTH,1,1,1,0,0,lossless_without_override
leap_to_ninth,NINTH,LEAP,Other loss and own use/Liquefaction and regasification plants,Electricity,NINTH,1,1,1,0,0,lossless_without_override
leap_to_ninth,NINTH,LEAP,Other loss and own use/Liquefaction and regasification plants,Natural gas,NINTH,1,1,1,0,0,lossless_without_override
leap_to_ninth,NINTH,LEAP,Other loss and own use/Non specified own uses,Biogas,NINTH,1,1,1,0,0,lossless_without_override
leap_to_ninth,NINTH,LEAP,Other loss and own use/Non specified own uses,Biogasoline,NINTH,1,0,0,1,0,missing_current_targets
leap_to_ninth,NINTH,LEAP,Other loss and own use/Non specified own uses,Crude oil,NINTH,1,1,1,0,0,lossless_without_override
leap_to_ninth,NINTH,LEAP,Other loss and own use/Non specified own uses,Electricity,NINTH,1,1,1,0,0,lossless_without_override
leap_to_ninth,NINTH,LEAP,Other loss and own use/Non specified own uses,Ethane,NINTH,1,0,0,1,0,missing_current_targets
leap_to_ninth,NINTH,LEAP,Other loss and own use/Non specified own uses,Fuel oil,NINTH,1,1,1,0,0,lossless_without_override
leap_to_ninth,NINTH,LEAP,Other loss and own use/Non specified own uses,Gas and diesel oil,NINTH,1,1,1,0,0,lossless_without_override
leap_to_ninth,NINTH,LEAP,Other loss and own use/Non specified own uses,Heat,NINTH,1,1,1,0,0,lossless_without_override
leap_to_ninth,NINTH,LEAP,Other loss and own use/Non specified own uses,Industrial waste,NINTH,1,0,0,1,0,missing_current_targets
leap_to_ninth,NINTH,LEAP,Other loss and own use/Non specified own uses,Kerosene,NINTH,1,1,1,0,0,lossless_without_override
leap_to_ninth,NINTH,LEAP,Other loss and own use/Non specified own uses,LPG,NINTH,1,1,1,0,0,lossless_without_override
leap_to_ninth,NINTH,LEAP,Other loss and own use/Non specified own uses,Motor gasoline,NINTH,1,1,1,0,0,lossless_without_override
leap_to_ninth,NINTH,LEAP,Other loss and own use/Non specified own uses,Natural gas,NINTH,1,1,1,0,0,lossless_without_override
leap_to_ninth,NINTH,LEAP,Other loss and own use/Non specified own uses,Natural gas liquids,NINTH,1,0,0,1,0,missing_current_targets
leap_to_ninth,NINTH,LEAP,Other loss and own use/Non specified own uses,Other biomass,NINTH,1,1,1,0,0,lossless_without_override
leap_to_ninth,NINTH,LEAP,Other loss and own use/Non specified own uses,Other bituminous coal,NINTH,1,1,1,0,0,lossless_without_override
leap_to_ninth,NINTH,LEAP,Other loss and own use/Non specified own uses,Other hydrocarbons,NINTH,1,0,0,1,0,missing_current_targets
leap_to_ninth,NINTH,LEAP,Other loss and own use/Non specified own uses,Other products,NINTH,1,1,1,0,0,lossless_without_override
leap_to_ninth,NINTH,LEAP,Other loss and own use/Oil and gas extraction,Biodiesel,NINTH,1,1,1,0,0,lossless_without_override
leap_to_ninth,NINTH,LEAP,Other loss and own use/Oil and gas extraction,Coke oven coke,NINTH,1,1,1,0,0,lossless_without_override
leap_to_ninth,NINTH,LEAP,Other loss and own use/Oil and gas extraction,Crude oil,NINTH,1,1,1,0,0,lossless_without_override
leap_to_ninth,NINTH,LEAP,Other loss and own use/Oil and gas extraction,Electricity,NINTH,1,1,1,0,0,lossless_without_override
leap_to_ninth,NINTH,LEAP,Other loss and own use/Oil and gas extraction,Ethane,NINTH,1,1,1,0,0,lossless_without_override
leap_to_ninth,NINTH,LEAP,Other loss and own use/Oil and gas extraction,Fuel oil,NINTH,1,1,1,0,0,lossless_without_override
leap_to_ninth,NINTH,LEAP,Other loss and own use/Oil and gas extraction,Gas and diesel oil,NINTH,1,1,1,0,0,lossless_without_override
leap_to_ninth,NINTH,LEAP,Other loss and own use/Oil and gas extraction,Gas works gas,NINTH,1,1,1,0,0,lossless_without_override
leap_to_ninth,NINTH,LEAP,Other loss and own use/Oil and gas extraction,Gasoline type jet fuel,NINTH,1,1,1,0,0,lossless_without_override
leap_to_ninth,NINTH,LEAP,Other loss and own use/Oil and gas extraction,Heat,NINTH,1,1,1,0,0,lossless_without_override
leap_to_ninth,NINTH,LEAP,Other loss and own use/Oil and gas extraction,Kerosene,NINTH,1,1,1,0,0,lossless_without_override
leap_to_ninth,NINTH,LEAP,Other loss and own use/Oil and gas extraction,Kerosene type jet fuel,NINTH,1,1,1,0,0,lossless_without_override
leap_to_ninth,NINTH,LEAP,Other loss and own use/Oil and gas extraction,LPG,NINTH,1,1,1,0,0,lossless_without_override
leap_to_ninth,NINTH,LEAP,Other loss and own use/Oil and gas extraction,Lignite,NINTH,1,1,1,0,0,lossless_without_override
leap_to_ninth,NINTH,LEAP,Other loss and own use/Oil and gas extraction,Motor gasoline,NINTH,1,1,1,0,0,lossless_without_override
leap_to_ninth,NINTH,LEAP,Other loss and own use/Oil and gas extraction,Naphtha,NINTH,1,1,1,0,0,lossless_without_override
leap_to_ninth,NINTH,LEAP,Other loss and own use/Oil and gas extraction,Natural gas,NINTH,1,1,1,0,0,lossless_without_override
leap_to_ninth,NINTH,LEAP,Other loss and own use/Oil and gas extraction,Natural gas liquids,NINTH,1,1,1,0,0,lossless_without_override
leap_to_ninth,NINTH,LEAP,Other loss and own use/Oil and gas extraction,Other bituminous coal,NINTH,1,1,1,0,0,lossless_without_override
leap_to_ninth,NINTH,LEAP,Other loss and own use/Oil and gas extraction,Other products,NINTH,1,1,1,0,0,lossless_without_override
leap_to_ninth,NINTH,LEAP,Other loss and own use/Oil and gas extraction,Petroleum coke,NINTH,1,1,1,0,0,lossless_without_override
leap_to_ninth,NINTH,LEAP,Other loss and own use/Oil and gas extraction,Refinery gas not liquefied,NINTH,1,1,1,0,0,lossless_without_override
leap_to_ninth,NINTH,LEAP,Other loss and own use/Oil refineries,Coke oven coke,NINTH,1,1,1,0,0,lossless_without_override
leap_to_ninth,NINTH,LEAP,Other loss and own use/Oil refineries,Gas works gas,NINTH,1,1,1,0,0,lossless_without_override
leap_to_ninth,NINTH,LEAP,Other loss and own use/Oil refineries,Natural gas liquids,NINTH,1,1,1,0,0,lossless_without_override
leap_to_ninth,NINTH,LEAP,Other loss and own use/Oil refineries,Other biomass,NINTH,1,1,1,0,0,lossless_without_override
leap_to_ninth,NINTH,LEAP,Other loss and own use/Pump storage plants,Electricity,NINTH,1,1,1,0,0,lossless_without_override
leap_to_ninth,NINTH,LEAP,Other loss and own use/Transmission and distribution loss,Biogas,NINTH,1,1,1,0,0,lossless_without_override
leap_to_ninth,NINTH,LEAP,Other loss and own use/Transmission and distribution loss,Blast furnace gas,NINTH,1,1,1,0,0,lossless_without_override
leap_to_ninth,NINTH,LEAP,Other loss and own use/Transmission and distribution loss,Coke oven coke,NINTH,1,1,1,0,0,lossless_without_override
leap_to_ninth,NINTH,LEAP,Other loss and own use/Transmission and distribution loss,Coke oven gas,NINTH,1,1,1,0,0,lossless_without_override
leap_to_ninth,NINTH,LEAP,Other loss and own use/Transmission and distribution loss,Coking coal,NINTH,1,1,1,0,0,lossless_without_override
leap_to_ninth,NINTH,LEAP,Other loss and own use/Transmission and distribution loss,Crude oil,NINTH,1,1,1,0,0,lossless_without_override
leap_to_ninth,NINTH,LEAP,Other loss and own use/Transmission and distribution loss,Electricity,NINTH,1,1,1,0,0,lossless_without_override
leap_to_ninth,NINTH,LEAP,Other loss and own use/Transmission and distribution loss,Gas works gas,NINTH,1,1,1,0,0,lossless_without_override
leap_to_ninth,NINTH,LEAP,Other loss and own use/Transmission and distribution loss,Gasoline type jet fuel,NINTH,1,1,1,0,0,lossless_without_override
leap_to_ninth,NINTH,LEAP,Other loss and own use/Transmission and distribution loss,Heat,NINTH,1,1,1,0,0,lossless_without_override
leap_to_ninth,NINTH,LEAP,Other loss and own use/Transmission and distribution loss,Kerosene,NINTH,1,1,1,0,0,lossless_without_override
leap_to_ninth,NINTH,LEAP,Other loss and own use/Transmission and distribution loss,Kerosene type jet fuel,NINTH,1,1,1,0,0,lossless_without_override
leap_to_ninth,NINTH,LEAP,Other loss and own use/Transmission and distribution loss,LNG,NINTH,1,1,1,0,0,lossless_without_override
leap_to_ninth,NINTH,LEAP,Other loss and own use/Transmission and distribution loss,LPG,NINTH,1,1,1,0,0,lossless_without_override
leap_to_ninth,NINTH,LEAP,Other loss and own use/Transmission and distribution loss,Lignite,NINTH,1,1,1,0,0,lossless_without_override
leap_to_ninth,NINTH,LEAP,Other loss and own use/Transmission and distribution loss,Naphtha,NINTH,1,1,1,0,0,lossless_without_override
leap_to_ninth,NINTH,LEAP,Other loss and own use/Transmission and distribution loss,Natural gas,NINTH,1,1,1,0,0,lossless_without_override
leap_to_ninth,NINTH,LEAP,Other loss and own use/Transmission and distribution loss,Natural gas liquids,NINTH,1,1,1,0,0,lossless_without_override
leap_to_ninth,NINTH,LEAP,Other loss and own use/Transmission and distribution loss,Other biomass,NINTH,1,1,1,0,0,lossless_without_override
leap_to_ninth,NINTH,LEAP,Other loss and own use/Transmission and distribution loss,Other recovered gases,NINTH,1,1,1,0,0,lossless_without_override
leap_to_ninth,NINTH,LEAP,Other loss and own use/Transmission and distribution loss,Peat,NINTH,1,1,1,0,0,lossless_without_override
leap_to_ninth,NINTH,LEAP,Other loss and own use/Transmission and distribution loss,Refinery gas not liquefied,NINTH,1,1,1,0,0,lossless_without_override
leap_to_ninth,NINTH,LEAP,Other sector,Aviation gasoline,NINTH,1,0,0,1,0,missing_current_targets
leap_to_ninth,NINTH,LEAP,Other sector,BKB and PB,NINTH,1,0,0,1,0,missing_current_targets
leap_to_ninth,NINTH,LEAP,Other sector,Biodiesel,NINTH,1,0,0,1,0,missing_current_targets
leap_to_ninth,NINTH,LEAP,Other sector,Biogas,NINTH,1,0,0,1,0,missing_current_targets
leap_to_ninth,NINTH,LEAP,Other sector,Biogasoline,NINTH,1,0,0,1,0,missing_current_targets
leap_to_ninth,NINTH,LEAP,Other sector,Coke oven coke,NINTH,1,0,0,1,0,missing_current_targets
leap_to_ninth,NINTH,LEAP,Other sector,Coke oven gas,NINTH,1,0,0,1,0,missing_current_targets
leap_to_ninth,NINTH,LEAP,Other sector,Coking coal,NINTH,1,0,0,1,0,missing_current_targets
leap_to_ninth,NINTH,LEAP,Other sector,Crude oil,NINTH,1,0,0,1,0,missing_current_targets
leap_to_ninth,NINTH,LEAP,Other sector,Electricity,NINTH,1,0,0,1,0,missing_current_targets
leap_to_ninth,NINTH,LEAP,Other sector,Fuel oil,NINTH,1,0,0,1,0,missing_current_targets
leap_to_ninth,NINTH,LEAP,Other sector,Gas and diesel oil,NINTH,1,0,0,1,0,missing_current_targets
leap_to_ninth,NINTH,LEAP,Other sector,Gas works gas,NINTH,1,0,0,1,0,missing_current_targets
leap_to_ninth,NINTH,LEAP,Other sector,Geothermal,NINTH,1,0,0,1,0,missing_current_targets
leap_to_ninth,NINTH,LEAP,Other sector,Heat,NINTH,1,0,0,1,0,missing_current_targets
leap_to_ninth,NINTH,LEAP,Other sector,Industrial waste,NINTH,1,0,0,1,0,missing_current_targets
leap_to_ninth,NINTH,LEAP,Other sector,Kerosene,NINTH,1,0,0,1,0,missing_current_targets
leap_to_ninth,NINTH,LEAP,Other sector,Kerosene type jet fuel,NINTH,1,0,0,1,0,missing_current_targets
leap_to_ninth,NINTH,LEAP,Other sector,LPG,NINTH,1,0,0,1,0,missing_current_targets
leap_to_ninth,NINTH,LEAP,Other sector,Lignite,NINTH,1,0,0,1,0,missing_current_targets
leap_to_ninth,NINTH,LEAP,Other sector,Motor gasoline,NINTH,1,0,0,1,0,missing_current_targets
leap_to_ninth,NINTH,LEAP,Other sector,Municipal solid waste non renewable,NINTH,1,0,0,1,0,missing_current_targets
leap_to_ninth,NINTH,LEAP,Other sector,Municipal solid waste renewable,NINTH,1,0,0,1,0,missing_current_targets
leap_to_ninth,NINTH,LEAP,Other sector,Naphtha,NINTH,1,0,0,1,0,missing_current_targets
leap_to_ninth,NINTH,LEAP,Other sector,Natural gas,NINTH,1,0,0,1,0,missing_current_targets
leap_to_ninth,NINTH,LEAP,Other sector,Other biomass,NINTH,1,0,0,1,0,missing_current_targets
leap_to_ninth,NINTH,LEAP,Other sector,Other bituminous coal,NINTH,1,0,0,1,0,missing_current_targets
leap_to_ninth,NINTH,LEAP,Other sector,Other liquid biofuels,NINTH,1,0,0,1,0,missing_current_targets
leap_to_ninth,NINTH,LEAP,Other sector,Other products,NINTH,1,0,0,1,0,missing_current_targets
leap_to_ninth,NINTH,LEAP,Other sector,Other sources,NINTH,1,0,0,1,0,missing_current_targets
leap_to_ninth,NINTH,LEAP,Other sector,Peat,NINTH,1,0,0,1,0,missing_current_targets
leap_to_ninth,NINTH,LEAP,Other sector,Peat products,NINTH,1,0,0,1,0,missing_current_targets
leap_to_ninth,NINTH,LEAP,Other sector/Non specified others,Aviation gasoline,NINTH,1,1,1,0,0,lossless_without_override
leap_to_ninth,NINTH,LEAP,Other sector/Non specified others,BKB and PB,NINTH,1,1,1,0,0,lossless_without_override
leap_to_ninth,NINTH,LEAP,Other sector/Non specified others,Biodiesel,NINTH,1,1,1,0,0,lossless_without_override
leap_to_ninth,NINTH,LEAP,Other sector/Non specified others,Biogas,NINTH,1,1,1,0,0,lossless_without_override
leap_to_ninth,NINTH,LEAP,Other sector/Non specified others,Biogasoline,NINTH,1,0,0,1,0,missing_current_targets
leap_to_ninth,NINTH,LEAP,Other sector/Non specified others,Coke oven coke,NINTH,1,1,1,0,0,lossless_without_override
leap_to_ninth,NINTH,LEAP,Other sector/Non specified others,Coke oven gas,NINTH,1,1,1,0,0,lossless_without_override
leap_to_ninth,NINTH,LEAP,Other sector/Non specified others,Coking coal,NINTH,1,1,1,0,0,lossless_without_override
leap_to_ninth,NINTH,LEAP,Other sector/Non specified others,Crude oil,NINTH,1,1,1,0,0,lossless_without_override
leap_to_ninth,NINTH,LEAP,Other sector/Non specified others,Electricity,NINTH,1,1,1,0,0,lossless_without_override
leap_to_ninth,NINTH,LEAP,Other sector/Non specified others,Fuel oil,NINTH,1,1,1,0,0,lossless_without_override
leap_to_ninth,NINTH,LEAP,Other sector/Non specified others,Gas and diesel oil,NINTH,1,1,1,0,0,lossless_without_override
leap_to_ninth,NINTH,LEAP,Other sector/Non specified others,Gas works gas,NINTH,1,1,1,0,0,lossless_without_override
leap_to_ninth,NINTH,LEAP,Other sector/Non specified others,Geothermal,NINTH,1,1,1,0,0,lossless_without_override
leap_to_ninth,NINTH,LEAP,Other sector/Non specified others,Heat,NINTH,1,1,1,0,0,lossless_without_override
leap_to_ninth,NINTH,LEAP,Other sector/Non specified others,Industrial waste,NINTH,1,1,1,0,0,lossless_without_override
leap_to_ninth,NINTH,LEAP,Other sector/Non specified others,Kerosene,NINTH,1,1,1,0,0,lossless_without_override
leap_to_ninth,NINTH,LEAP,Other sector/Non specified others,Kerosene type jet fuel,NINTH,1,1,1,0,0,lossless_without_override
leap_to_ninth,NINTH,LEAP,Other sector/Non specified others,LPG,NINTH,1,1,1,0,0,lossless_without_override
leap_to_ninth,NINTH,LEAP,Other sector/Non specified others,Lignite,NINTH,1,1,1,0,0,lossless_without_override
leap_to_ninth,NINTH,LEAP,Other sector/Non specified others,Motor gasoline,NINTH,1,1,1,0,0,lossless_without_override
leap_to_ninth,NINTH,LEAP,Other sector/Non specified others,Municipal solid waste non renewable,NINTH,1,1,1,0,0,lossless_without_override
leap_to_ninth,NINTH,LEAP,Other sector/Non specified others,Municipal solid waste renewable,NINTH,1,1,1,0,0,lossless_without_override
leap_to_ninth,NINTH,LEAP,Other sector/Non specified others,Naphtha,NINTH,1,1,1,0,0,lossless_without_override
leap_to_ninth,NINTH,LEAP,Other sector/Non specified others,Natural gas,NINTH,1,1,1,0,0,lossless_without_override
leap_to_ninth,NINTH,LEAP,Other sector/Non specified others,Other biomass,NINTH,1,1,1,0,0,lossless_without_override
leap_to_ninth,NINTH,LEAP,Other sector/Non specified others,Other bituminous coal,NINTH,1,1,1,0,0,lossless_without_override
leap_to_ninth,NINTH,LEAP,Other sector/Non specified others,Other liquid biofuels,NINTH,1,0,0,1,0,missing_current_targets
leap_to_ninth,NINTH,LEAP,Other sector/Non specified others,Other products,NINTH,1,1,1,0,0,lossless_without_override
leap_to_ninth,NINTH,LEAP,Other sector/Non specified others,Other sources,NINTH,1,0,0,1,0,missing_current_targets
leap_to_ninth,NINTH,LEAP,Other sector/Non specified others,Peat,NINTH,1,1,1,0,0,lossless_without_override
leap_to_ninth,NINTH,LEAP,Other sector/Non specified others,Peat products,NINTH,1,1,1,0,0,lossless_without_override
leap_to_ninth,NINTH,LEAP,Other sector/Non specified others,Solar nonspecified,NINTH,2,1,1,1,0,missing_current_targets
leap_to_ninth,NINTH,LEAP,Passenger road,Biodiesel,NINTH,1,1,1,0,0,lossless_without_override
leap_to_ninth,NINTH,LEAP,Passenger road,Biogasoline,NINTH,1,1,1,0,0,lossless_without_override
leap_to_ninth,NINTH,LEAP,Passenger road,Efuel,NINTH,1,1,1,0,0,lossless_without_override
leap_to_ninth,NINTH,LEAP,Passenger road,Electricity,NINTH,1,1,1,0,0,lossless_without_override
leap_to_ninth,NINTH,LEAP,Passenger road,Gas and diesel oil,NINTH,1,1,1,0,0,lossless_without_override
leap_to_ninth,NINTH,LEAP,Passenger road,Hydrogen,NINTH,1,1,1,0,0,lossless_without_override
leap_to_ninth,NINTH,LEAP,Passenger road,LPG,NINTH,1,1,1,0,0,lossless_without_override
leap_to_ninth,NINTH,LEAP,Passenger road,Motor gasoline,NINTH,1,1,1,0,0,lossless_without_override
leap_to_ninth,NINTH,LEAP,Passenger road,Natural gas,NINTH,1,1,1,0,0,lossless_without_override
leap_to_ninth,NINTH,LEAP,Passenger road/Buses,Biodiesel,NINTH,1,1,1,0,0,lossless_without_override
leap_to_ninth,NINTH,LEAP,Passenger road/Buses,Biogasoline,NINTH,1,1,1,0,0,lossless_without_override
leap_to_ninth,NINTH,LEAP,Passenger road/Buses,Efuel,NINTH,1,1,1,0,0,lossless_without_override
leap_to_ninth,NINTH,LEAP,Passenger road/Buses,Electricity,NINTH,1,1,1,0,0,lossless_without_override
leap_to_ninth,NINTH,LEAP,Passenger road/Buses,Fuel oil,NINTH,1,0,0,1,0,missing_current_targets
leap_to_ninth,NINTH,LEAP,Passenger road/Buses,Gas and diesel oil,NINTH,1,1,1,0,0,lossless_without_override
leap_to_ninth,NINTH,LEAP,Passenger road/Buses,Hydrogen,NINTH,1,1,1,0,0,lossless_without_override
leap_to_ninth,NINTH,LEAP,Passenger road/Buses,Kerosene,NINTH,1,0,0,1,0,missing_current_targets
leap_to_ninth,NINTH,LEAP,Passenger road/Buses,LPG,NINTH,1,1,1,0,0,lossless_without_override
leap_to_ninth,NINTH,LEAP,Passenger road/Buses,Motor gasoline,NINTH,1,1,1,0,0,lossless_without_override
leap_to_ninth,NINTH,LEAP,Passenger road/Buses,Natural gas,NINTH,1,1,1,0,0,lossless_without_override
leap_to_ninth,NINTH,LEAP,Passenger road/Buses/BEV,Electricity,NINTH,1,1,1,0,0,lossless_without_override
leap_to_ninth,NINTH,LEAP,Passenger road/Buses/ICE,Biodiesel,NINTH,1,1,1,0,0,lossless_without_override
leap_to_ninth,NINTH,LEAP,Passenger road/Buses/ICE,Biogasoline,NINTH,1,1,1,0,0,lossless_without_override
leap_to_ninth,NINTH,LEAP,Passenger road/Buses/ICE,Efuel,NINTH,2,2,2,0,0,lossless_without_override
leap_to_ninth,NINTH,LEAP,Passenger road/Buses/ICE,Gas and diesel oil,NINTH,1,1,1,0,0,lossless_without_override
leap_to_ninth,NINTH,LEAP,Passenger road/Buses/ICE,LPG,NINTH,1,1,1,0,0,lossless_without_override
leap_to_ninth,NINTH,LEAP,Passenger road/Buses/ICE,Motor gasoline,NINTH,1,1,1,0,0,lossless_without_override
leap_to_ninth,NINTH,LEAP,Passenger road/Buses/ICE,Natural gas,NINTH,1,1,1,0,0,lossless_without_override
leap_to_ninth,NINTH,LEAP,Passenger road/LPVs,Biodiesel,NINTH,3,3,3,0,0,lossless_without_override
leap_to_ninth,NINTH,LEAP,Passenger road/LPVs,Biogasoline,NINTH,3,3,3,0,0,lossless_without_override
leap_to_ninth,NINTH,LEAP,Passenger road/LPVs,Efuel,NINTH,3,3,3,0,0,lossless_without_override
leap_to_ninth,NINTH,LEAP,Passenger road/LPVs,Electricity,NINTH,3,3,3,0,0,lossless_without_override
leap_to_ninth,NINTH,LEAP,Passenger road/LPVs,Fuel oil,NINTH,1,0,0,1,0,missing_current_targets
leap_to_ninth,NINTH,LEAP,Passenger road/LPVs,Gas and diesel oil,NINTH,3,3,3,0,0,lossless_without_override
leap_to_ninth,NINTH,LEAP,Passenger road/LPVs,Hydrogen,NINTH,3,3,3,0,0,lossless_without_override
leap_to_ninth,NINTH,LEAP,Passenger road/LPVs,Kerosene,NINTH,1,0,0,1,0,missing_current_targets
leap_to_ninth,NINTH,LEAP,Passenger road/LPVs,LPG,NINTH,3,3,3,0,0,lossless_without_override
leap_to_ninth,NINTH,LEAP,Passenger road/LPVs,Motor gasoline,NINTH,3,3,3,0,0,lossless_without_override
leap_to_ninth,NINTH,LEAP,Passenger road/LPVs,Natural gas,NINTH,3,3,3,0,0,lossless_without_override
leap_to_ninth,NINTH,LEAP,Passenger road/LPVs/BEV large,Electricity,NINTH,1,1,1,0,0,lossless_without_override
leap_to_ninth,NINTH,LEAP,Passenger road/LPVs/BEV medium,Electricity,NINTH,1,1,1,0,0,lossless_without_override
leap_to_ninth,NINTH,LEAP,Passenger road/LPVs/BEV small,Electricity,NINTH,1,1,1,0,0,lossless_without_override
leap_to_ninth,NINTH,LEAP,Passenger road/LPVs/ICE large,Biodiesel,NINTH,1,1,1,0,0,lossless_without_override
leap_to_ninth,NINTH,LEAP,Passenger road/LPVs/ICE large,Biogasoline,NINTH,1,1,1,0,0,lossless_without_override
leap_to_ninth,NINTH,LEAP,Passenger road/LPVs/ICE large,Efuel,NINTH,2,2,2,0,0,lossless_without_override
leap_to_ninth,NINTH,LEAP,Passenger road/LPVs/ICE large,Gas and diesel oil,NINTH,1,1,1,0,0,lossless_without_override
leap_to_ninth,NINTH,LEAP,Passenger road/LPVs/ICE large,LPG,NINTH,1,1,1,0,0,lossless_without_override
leap_to_ninth,NINTH,LEAP,Passenger road/LPVs/ICE large,Motor gasoline,NINTH,1,1,1,0,0,lossless_without_override
leap_to_ninth,NINTH,LEAP,Passenger road/LPVs/ICE large,Natural gas,NINTH,1,1,1,0,0,lossless_without_override
leap_to_ninth,NINTH,LEAP,Passenger road/LPVs/ICE medium,Biodiesel,NINTH,1,1,1,0,0,lossless_without_override
leap_to_ninth,NINTH,LEAP,Passenger road/LPVs/ICE medium,Biogasoline,NINTH,1,1,1,0,0,lossless_without_override
leap_to_ninth,NINTH,LEAP,Passenger road/LPVs/ICE medium,Efuel,NINTH,2,2,2,0,0,lossless_without_override
leap_to_ninth,NINTH,LEAP,Passenger road/LPVs/ICE medium,Gas and diesel oil,NINTH,1,1,1,0,0,lossless_without_override
leap_to_ninth,NINTH,LEAP,Passenger road/LPVs/ICE medium,LPG,NINTH,1,1,1,0,0,lossless_without_override
leap_to_ninth,NINTH,LEAP,Passenger road/LPVs/ICE medium,Motor gasoline,NINTH,1,1,1,0,0,lossless_without_override
leap_to_ninth,NINTH,LEAP,Passenger road/LPVs/ICE medium,Natural gas,NINTH,1,1,1,0,0,lossless_without_override
leap_to_ninth,NINTH,LEAP,Passenger road/LPVs/ICE small,Biodiesel,NINTH,1,1,1,0,0,lossless_without_override
leap_to_ninth,NINTH,LEAP,Passenger road/LPVs/ICE small,Biogasoline,NINTH,1,1,1,0,0,lossless_without_override
leap_to_ninth,NINTH,LEAP,Passenger road/LPVs/ICE small,Efuel,NINTH,2,2,2,0,0,lossless_without_override
leap_to_ninth,NINTH,LEAP,Passenger road/LPVs/ICE small,Gas and diesel oil,NINTH,1,1,1,0,0,lossless_without_override
leap_to_ninth,NINTH,LEAP,Passenger road/LPVs/ICE small,Motor gasoline,NINTH,1,1,1,0,0,lossless_without_override
leap_to_ninth,NINTH,LEAP,Passenger road/LPVs/PHEV large,Biogasoline,NINTH,1,1,1,0,0,lossless_without_override
leap_to_ninth,NINTH,LEAP,Passenger road/LPVs/PHEV large,Efuel,NINTH,1,1,1,0,0,lossless_without_override
leap_to_ninth,NINTH,LEAP,Passenger road/LPVs/PHEV large,Electricity,NINTH,1,1,1,0,0,lossless_without_override
leap_to_ninth,NINTH,LEAP,Passenger road/LPVs/PHEV large,Motor gasoline,NINTH,1,1,1,0,0,lossless_without_override
leap_to_ninth,NINTH,LEAP,Passenger road/LPVs/PHEV medium,Biogasoline,NINTH,1,1,1,0,0,lossless_without_override
leap_to_ninth,NINTH,LEAP,Passenger road/LPVs/PHEV medium,Efuel,NINTH,1,1,1,0,0,lossless_without_override
leap_to_ninth,NINTH,LEAP,Passenger road/LPVs/PHEV medium,Electricity,NINTH,1,1,1,0,0,lossless_without_override
leap_to_ninth,NINTH,LEAP,Passenger road/LPVs/PHEV medium,Motor gasoline,NINTH,1,1,1,0,0,lossless_without_override
leap_to_ninth,NINTH,LEAP,Passenger road/LPVs/PHEV small,Biogasoline,NINTH,1,1,1,0,0,lossless_without_override
leap_to_ninth,NINTH,LEAP,Passenger road/LPVs/PHEV small,Efuel,NINTH,1,1,1,0,0,lossless_without_override
leap_to_ninth,NINTH,LEAP,Passenger road/LPVs/PHEV small,Electricity,NINTH,1,1,1,0,0,lossless_without_override
leap_to_ninth,NINTH,LEAP,Passenger road/LPVs/PHEV small,Motor gasoline,NINTH,1,1,1,0,0,lossless_without_override
leap_to_ninth,NINTH,LEAP,Passenger road/Motorcycles,Biogasoline,NINTH,1,1,1,0,0,lossless_without_override
leap_to_ninth,NINTH,LEAP,Passenger road/Motorcycles,Efuel,NINTH,1,1,1,0,0,lossless_without_override
leap_to_ninth,NINTH,LEAP,Passenger road/Motorcycles,Electricity,NINTH,1,1,1,0,0,lossless_without_override
leap_to_ninth,NINTH,LEAP,Passenger road/Motorcycles,Motor gasoline,NINTH,1,1,1,0,0,lossless_without_override
leap_to_ninth,NINTH,LEAP,Passenger road/Motorcycles/BEV,Electricity,NINTH,1,1,1,0,0,lossless_without_override
leap_to_ninth,NINTH,LEAP,Passenger road/Motorcycles/ICE,Biogasoline,NINTH,1,1,1,0,0,lossless_without_override
leap_to_ninth,NINTH,LEAP,Passenger road/Motorcycles/ICE,Efuel,NINTH,1,1,1,0,0,lossless_without_override
leap_to_ninth,NINTH,LEAP,Passenger road/Motorcycles/ICE,Motor gasoline,NINTH,1,1,1,0,0,lossless_without_override
leap_to_ninth,NINTH,LEAP,Petrochemical industry/Petrochemical industry,Additives and oxygenates,NINTH,1,1,1,0,0,lossless_without_override
leap_to_ninth,NINTH,LEAP,Petrochemical industry/Petrochemical industry,Fuel oil,NINTH,1,1,1,0,0,lossless_without_override
leap_to_ninth,NINTH,LEAP,Petrochemical industry/Petrochemical industry,Gas and diesel oil,NINTH,1,1,1,0,0,lossless_without_override
leap_to_ninth,NINTH,LEAP,Petrochemical industry/Petrochemical industry,Kerosene,NINTH,1,1,1,0,0,lossless_without_override
leap_to_ninth,NINTH,LEAP,Petrochemical industry/Petrochemical industry,LPG,NINTH,1,1,1,0,0,lossless_without_override
leap_to_ninth,NINTH,LEAP,Petrochemical industry/Petrochemical industry,Naphtha,NINTH,1,1,1,0,0,lossless_without_override
leap_to_ninth,NINTH,LEAP,Petrochemical industry/Petrochemical industry,Other products,NINTH,1,1,1,0,0,lossless_without_override
leap_to_ninth,NINTH,LEAP,Petrochemical industry/Petrochemical industry,Refinery feedstocks,NINTH,1,1,1,0,0,lossless_without_override
leap_to_ninth,NINTH,LEAP,Petrochemical industry/Petrochemical industry,Refinery gas not liquefied,NINTH,1,1,1,0,0,lossless_without_override
leap_to_ninth,NINTH,LEAP,Power,Ammonia,NINTH,1,0,0,1,0,missing_current_targets
leap_to_ninth,NINTH,LEAP,Power,Anthracite,NINTH,1,0,0,1,0,missing_current_targets
leap_to_ninth,NINTH,LEAP,Power,Bagasse,NINTH,1,0,0,1,0,missing_current_targets
leap_to_ninth,NINTH,LEAP,Power,Biodiesel,NINTH,1,0,0,1,0,missing_current_targets
leap_to_ninth,NINTH,LEAP,Power,Biogas,NINTH,1,0,0,1,0,missing_current_targets
leap_to_ninth,NINTH,LEAP,Power,Bitumen,NINTH,1,0,0,1,0,missing_current_targets
leap_to_ninth,NINTH,LEAP,Power,Black liquor,NINTH,1,0,0,1,0,missing_current_targets
leap_to_ninth,NINTH,LEAP,Power,Blast furnace gas,NINTH,1,0,0,1,0,missing_current_targets
leap_to_ninth,NINTH,LEAP,Power,Coke oven coke,NINTH,1,0,0,1,0,missing_current_targets
leap_to_ninth,NINTH,LEAP,Power,Coke oven gas,NINTH,1,0,0,1,0,missing_current_targets
leap_to_ninth,NINTH,LEAP,Power,Coking coal,NINTH,1,0,0,1,0,missing_current_targets
leap_to_ninth,NINTH,LEAP,Power,Crude oil,NINTH,1,0,0,1,0,missing_current_targets
leap_to_ninth,NINTH,LEAP,Power,Electricity,NINTH,1,0,0,1,0,missing_current_targets
leap_to_ninth,NINTH,LEAP,Power,Fuel oil,NINTH,1,0,0,1,0,missing_current_targets
leap_to_ninth,NINTH,LEAP,Power,Fuelwood and woodwaste,NINTH,1,0,0,1,0,missing_current_targets
leap_to_ninth,NINTH,LEAP,Power,Gas and diesel oil,NINTH,1,0,0,1,0,missing_current_targets
leap_to_ninth,NINTH,LEAP,Power,Gas works gas,NINTH,1,0,0,1,0,missing_current_targets
leap_to_ninth,NINTH,LEAP,Power,Geothermal,NINTH,1,0,0,1,0,missing_current_targets
leap_to_ninth,NINTH,LEAP,Power,Heat,NINTH,1,0,0,1,0,missing_current_targets
leap_to_ninth,NINTH,LEAP,Power,Hydro,NINTH,1,0,0,1,0,missing_current_targets
leap_to_ninth,NINTH,LEAP,Power,Hydrogen,NINTH,1,0,0,1,0,missing_current_targets
leap_to_ninth,NINTH,LEAP,Power,Industrial waste,NINTH,1,0,0,1,0,missing_current_targets
leap_to_ninth,NINTH,LEAP,Power,Kerosene,NINTH,1,0,0,1,0,missing_current_targets
leap_to_ninth,NINTH,LEAP,Power,Kerosene type jet fuel,NINTH,1,0,0,1,0,missing_current_targets
leap_to_ninth,NINTH,LEAP,Power,LNG,NINTH,1,0,0,1,0,missing_current_targets
leap_to_ninth,NINTH,LEAP,Power,LPG,NINTH,1,0,0,1,0,missing_current_targets
leap_to_ninth,NINTH,LEAP,Power,Lignite,NINTH,1,0,0,1,0,missing_current_targets
leap_to_ninth,NINTH,LEAP,Power,Motor gasoline,NINTH,1,0,0,1,0,missing_current_targets
leap_to_ninth,NINTH,LEAP,Power,Municipal solid waste non renewable,NINTH,1,0,0,1,0,missing_current_targets
leap_to_ninth,NINTH,LEAP,Power,Municipal solid waste renewable,NINTH,1,0,0,1,0,missing_current_targets
leap_to_ninth,NINTH,LEAP,Power,Naphtha,NINTH,1,0,0,1,0,missing_current_targets
leap_to_ninth,NINTH,LEAP,Power,Natural gas,NINTH,1,0,0,1,0,missing_current_targets
leap_to_ninth,NINTH,LEAP,Power,Natural gas liquids,NINTH,1,0,0,1,0,missing_current_targets
leap_to_ninth,NINTH,LEAP,Power,Nuclear,NINTH,1,0,0,1,0,missing_current_targets
leap_to_ninth,NINTH,LEAP,Power,Other biomass,NINTH,1,0,0,1,0,missing_current_targets
leap_to_ninth,NINTH,LEAP,Power,Other bituminous coal,NINTH,1,0,0,1,0,missing_current_targets
leap_to_ninth,NINTH,LEAP,Power,Other liquid biofuels,NINTH,1,0,0,1,0,missing_current_targets
leap_to_ninth,NINTH,LEAP,Power,Other products,NINTH,1,0,0,1,0,missing_current_targets
leap_to_ninth,NINTH,LEAP,Power,Other recovered gases,NINTH,1,0,0,1,0,missing_current_targets
leap_to_ninth,NINTH,LEAP,Power,Other sources,NINTH,1,0,0,1,0,missing_current_targets
leap_to_ninth,NINTH,LEAP,Power,Peat,NINTH,1,0,0,1,0,missing_current_targets
leap_to_ninth,NINTH,LEAP,Power,Peat products,NINTH,1,0,0,1,0,missing_current_targets
leap_to_ninth,NINTH,LEAP,Power,Petroleum coke,NINTH,1,0,0,1,0,missing_current_targets
leap_to_ninth,NINTH,LEAP,Power,Refinery feedstocks,NINTH,1,0,0,1,0,missing_current_targets
leap_to_ninth,NINTH,LEAP,Power,Refinery gas not liquefied,NINTH,1,0,0,1,0,missing_current_targets
leap_to_ninth,NINTH,LEAP,Power,Solar nonspecified,NINTH,2,0,0,2,0,missing_current_targets
leap_to_ninth,NINTH,LEAP,Power,Solar photovoltaics,NINTH,1,0,0,1,0,missing_current_targets
leap_to_ninth,NINTH,LEAP,Power,Sub bituminous coal,NINTH,1,0,0,1,0,missing_current_targets
leap_to_ninth,NINTH,LEAP,Power,Tide wave ocean,NINTH,1,0,0,1,0,missing_current_targets
leap_to_ninth,NINTH,LEAP,Power,Wind,NINTH,1,0,0,1,0,missing_current_targets
leap_to_ninth,NINTH,LEAP,Production,Additives and oxygenates,NINTH,1,1,1,0,0,lossless_without_override
leap_to_ninth,NINTH,LEAP,Production,Ammonia,NINTH,1,0,0,1,0,missing_current_targets
leap_to_ninth,NINTH,LEAP,Production,Anthracite,NINTH,1,1,1,0,0,lossless_without_override
leap_to_ninth,NINTH,LEAP,Production,Aviation gasoline,NINTH,1,0,0,1,0,missing_current_targets
leap_to_ninth,NINTH,LEAP,Production,BKB and PB,NINTH,1,0,0,1,0,missing_current_targets
leap_to_ninth,NINTH,LEAP,Production,Bagasse,NINTH,1,1,1,0,0,lossless_without_override
leap_to_ninth,NINTH,LEAP,Production,Bio jet kerosene,NINTH,1,1,1,0,0,lossless_without_override
leap_to_ninth,NINTH,LEAP,Production,Biodiesel,NINTH,1,1,1,0,0,lossless_without_override
leap_to_ninth,NINTH,LEAP,Production,Biogas,NINTH,1,1,1,0,0,lossless_without_override
leap_to_ninth,NINTH,LEAP,Production,Biogasoline,NINTH,1,1,1,0,0,lossless_without_override
leap_to_ninth,NINTH,LEAP,Production,Bitumen,NINTH,1,0,0,1,0,missing_current_targets
leap_to_ninth,NINTH,LEAP,Production,Black liquor,NINTH,1,1,1,0,0,lossless_without_override
leap_to_ninth,NINTH,LEAP,Production,Blast furnace gas,NINTH,1,0,0,1,0,missing_current_targets
leap_to_ninth,NINTH,LEAP,Production,Charcoal,NINTH,1,0,0,1,0,missing_current_targets
leap_to_ninth,NINTH,LEAP,Production,Coal nonspecified,NINTH,1,0,0,1,0,missing_current_targets
leap_to_ninth,NINTH,LEAP,Production,Coal tar,NINTH,1,0,0,1,0,missing_current_targets
leap_to_ninth,NINTH,LEAP,Production,Coke oven coke,NINTH,1,0,0,1,0,missing_current_targets
leap_to_ninth,NINTH,LEAP,Production,Coke oven gas,NINTH,1,0,0,1,0,missing_current_targets
leap_to_ninth,NINTH,LEAP,Production,Coking coal,NINTH,1,1,1,0,0,lossless_without_override
leap_to_ninth,NINTH,LEAP,Production,Crude oil,NINTH,1,1,1,0,0,lossless_without_override
leap_to_ninth,NINTH,LEAP,Production,Efuel,NINTH,1,0,0,1,0,missing_current_targets
leap_to_ninth,NINTH,LEAP,Production,Electricity,NINTH,2,1,1,1,0,missing_current_targets
leap_to_ninth,NINTH,LEAP,Production,Ethane,NINTH,1,1,1,0,0,lossless_without_override
leap_to_ninth,NINTH,LEAP,Production,Fuel oil,NINTH,1,0,0,1,0,missing_current_targets
leap_to_ninth,NINTH,LEAP,Production,Fuelwood and woodwaste,NINTH,1,1,1,0,0,lossless_without_override
leap_to_ninth,NINTH,LEAP,Production,Gas and diesel oil,NINTH,1,0,0,1,0,missing_current_targets
leap_to_ninth,NINTH,LEAP,Production,Gas coke,NINTH,1,0,0,1,0,missing_current_targets
leap_to_ninth,NINTH,LEAP,Production,Gas nonspecified,NINTH,1,0,0,1,0,missing_current_targets
leap_to_ninth,NINTH,LEAP,Production,Gas works gas,NINTH,1,0,0,1,0,missing_current_targets
leap_to_ninth,NINTH,LEAP,Production,Gasoline type jet fuel,NINTH,1,0,0,1,0,missing_current_targets
leap_to_ninth,NINTH,LEAP,Production,Geothermal,NINTH,1,1,1,0,0,lossless_without_override
leap_to_ninth,NINTH,LEAP,Production,Heat,NINTH,1,1,1,0,0,lossless_without_override
leap_to_ninth,NINTH,LEAP,Production,Hydro,NINTH,1,1,1,0,0,lossless_without_override
leap_to_ninth,NINTH,LEAP,Production,Hydrogen,NINTH,1,0,0,1,0,missing_current_targets
leap_to_ninth,NINTH,LEAP,Production,Industrial waste,NINTH,1,1,1,0,0,lossless_without_override
leap_to_ninth,NINTH,LEAP,Production,Kerosene,NINTH,1,0,0,1,0,missing_current_targets
leap_to_ninth,NINTH,LEAP,Production,Kerosene type jet fuel,NINTH,1,0,0,1,0,missing_current_targets
leap_to_ninth,NINTH,LEAP,Production,LNG,NINTH,1,0,0,1,0,missing_current_targets
leap_to_ninth,NINTH,LEAP,Production,LPG,NINTH,1,0,0,1,0,missing_current_targets
leap_to_ninth,NINTH,LEAP,Production,Lignite,NINTH,1,1,1,0,0,lossless_without_override
leap_to_ninth,NINTH,LEAP,Production,Lubricants,NINTH,1,0,0,1,0,missing_current_targets
leap_to_ninth,NINTH,LEAP,Production,Motor gasoline,NINTH,1,0,0,1,0,missing_current_targets
leap_to_ninth,NINTH,LEAP,Production,Municipal solid waste non renewable,NINTH,1,1,1,0,0,lossless_without_override
leap_to_ninth,NINTH,LEAP,Production,Municipal solid waste renewable,NINTH,1,1,1,0,0,lossless_without_override
leap_to_ninth,NINTH,LEAP,Production,Naphtha,NINTH,1,1,1,0,0,lossless_without_override
leap_to_ninth,NINTH,LEAP,Production,Natural gas,NINTH,1,1,1,0,0,lossless_without_override
leap_to_ninth,NINTH,LEAP,Production,Natural gas liquids,NINTH,1,1,1,0,0,lossless_without_override
leap_to_ninth,NINTH,LEAP,Production,Nuclear,NINTH,1,1,1,0,0,lossless_without_override
leap_to_ninth,NINTH,LEAP,Production,Oil shale and oil sands,NINTH,1,0,0,1,0,missing_current_targets
leap_to_ninth,NINTH,LEAP,Production,Other biomass,NINTH,2,2,2,0,0,lossless_without_override
leap_to_ninth,NINTH,LEAP,Production,Other bituminous coal,NINTH,1,1,1,0,0,lossless_without_override
leap_to_ninth,NINTH,LEAP,Production,Other hydrocarbons,NINTH,2,1,1,1,0,missing_current_targets
leap_to_ninth,NINTH,LEAP,Production,Other liquid biofuels,NINTH,1,1,1,0,0,lossless_without_override
leap_to_ninth,NINTH,LEAP,Production,Other products,NINTH,1,0,0,1,0,missing_current_targets
leap_to_ninth,NINTH,LEAP,Production,Other recovered gases,NINTH,1,0,0,1,0,missing_current_targets
leap_to_ninth,NINTH,LEAP,Production,Other sources,NINTH,2,2,2,0,0,lossless_without_override
leap_to_ninth,NINTH,LEAP,Production,Paraffin waxes,NINTH,1,0,0,1,0,missing_current_targets
leap_to_ninth,NINTH,LEAP,Production,Patent fuel,NINTH,1,0,0,1,0,missing_current_targets
leap_to_ninth,NINTH,LEAP,Production,Peat,NINTH,1,1,1,0,0,lossless_without_override
leap_to_ninth,NINTH,LEAP,Production,Peat products,NINTH,1,0,0,1,0,missing_current_targets
leap_to_ninth,NINTH,LEAP,Production,PetProd nonspecified,NINTH,1,0,0,1,0,missing_current_targets
leap_to_ninth,NINTH,LEAP,Production,Petroleum coke,NINTH,1,0,0,1,0,missing_current_targets
leap_to_ninth,NINTH,LEAP,Production,Refinery feedstocks,NINTH,1,1,1,0,0,lossless_without_override
leap_to_ninth,NINTH,LEAP,Production,Refinery gas not liquefied,NINTH,1,0,0,1,0,missing_current_targets
leap_to_ninth,NINTH,LEAP,Production,Solar nonspecified,NINTH,2,1,1,1,0,missing_current_targets
leap_to_ninth,NINTH,LEAP,Production,Solar photovoltaics,NINTH,1,1,1,0,0,lossless_without_override
leap_to_ninth,NINTH,LEAP,Production,Sub bituminous coal,NINTH,1,1,1,0,0,lossless_without_override
leap_to_ninth,NINTH,LEAP,Production,Tide wave ocean,NINTH,1,1,1,0,0,lossless_without_override
leap_to_ninth,NINTH,LEAP,Production,White spirit SBP,NINTH,1,0,0,1,0,missing_current_targets
leap_to_ninth,NINTH,LEAP,Production,Wind,NINTH,1,1,1,0,0,lossless_without_override
leap_to_ninth,NINTH,LEAP,Road,Biodiesel,NINTH,1,1,1,0,0,lossless_without_override
leap_to_ninth,NINTH,LEAP,Road,Biogas,NINTH,1,1,1,0,0,lossless_without_override
leap_to_ninth,NINTH,LEAP,Road,Biogasoline,NINTH,1,1,1,0,0,lossless_without_override
leap_to_ninth,NINTH,LEAP,Road,Efuel,NINTH,1,1,1,0,0,lossless_without_override
leap_to_ninth,NINTH,LEAP,Road,Electricity,NINTH,1,1,1,0,0,lossless_without_override
leap_to_ninth,NINTH,LEAP,Road,Fuel oil,NINTH,1,1,1,0,0,lossless_without_override
leap_to_ninth,NINTH,LEAP,Road,Gas and diesel oil,NINTH,1,1,1,0,0,lossless_without_override
leap_to_ninth,NINTH,LEAP,Road,Hydrogen,NINTH,1,1,1,0,0,lossless_without_override
leap_to_ninth,NINTH,LEAP,Road,Kerosene,NINTH,1,1,1,0,0,lossless_without_override
leap_to_ninth,NINTH,LEAP,Road,LPG,NINTH,1,1,1,0,0,lossless_without_override
leap_to_ninth,NINTH,LEAP,Road,Motor gasoline,NINTH,1,1,1,0,0,lossless_without_override
leap_to_ninth,NINTH,LEAP,Road,Natural gas,NINTH,1,1,1,0,0,lossless_without_override
leap_to_ninth,NINTH,LEAP,Total Primary Supply,Additives and oxygenates,NINTH,1,1,1,0,0,lossless_without_override
leap_to_ninth,NINTH,LEAP,Total Primary Supply,Ammonia,NINTH,1,1,1,0,0,lossless_without_override
leap_to_ninth,NINTH,LEAP,Total Primary Supply,Anthracite,NINTH,1,1,1,0,0,lossless_without_override
leap_to_ninth,NINTH,LEAP,Total Primary Supply,Aviation gasoline,NINTH,1,1,1,0,0,lossless_without_override
leap_to_ninth,NINTH,LEAP,Total Primary Supply,BKB and PB,NINTH,1,1,1,0,0,lossless_without_override
leap_to_ninth,NINTH,LEAP,Total Primary Supply,Bagasse,NINTH,1,1,1,0,0,lossless_without_override
leap_to_ninth,NINTH,LEAP,Total Primary Supply,Bio jet kerosene,NINTH,1,1,1,0,0,lossless_without_override
leap_to_ninth,NINTH,LEAP,Total Primary Supply,Biodiesel,NINTH,1,1,1,0,0,lossless_without_override
leap_to_ninth,NINTH,LEAP,Total Primary Supply,Biogas,NINTH,1,1,1,0,0,lossless_without_override
leap_to_ninth,NINTH,LEAP,Total Primary Supply,Biogasoline,NINTH,1,1,1,0,0,lossless_without_override
leap_to_ninth,NINTH,LEAP,Total Primary Supply,Bitumen,NINTH,1,1,1,0,0,lossless_without_override
leap_to_ninth,NINTH,LEAP,Total Primary Supply,Black liquor,NINTH,1,1,1,0,0,lossless_without_override
leap_to_ninth,NINTH,LEAP,Total Primary Supply,Blast furnace gas,NINTH,1,1,1,0,0,lossless_without_override
leap_to_ninth,NINTH,LEAP,Total Primary Supply,Charcoal,NINTH,1,1,1,0,0,lossless_without_override
leap_to_ninth,NINTH,LEAP,Total Primary Supply,Coal nonspecified,NINTH,1,0,0,1,0,missing_current_targets
leap_to_ninth,NINTH,LEAP,Total Primary Supply,Coal tar,NINTH,1,1,1,0,0,lossless_without_override
leap_to_ninth,NINTH,LEAP,Total Primary Supply,Coke oven coke,NINTH,1,1,1,0,0,lossless_without_override
leap_to_ninth,NINTH,LEAP,Total Primary Supply,Coke oven gas,NINTH,1,1,1,0,0,lossless_without_override
leap_to_ninth,NINTH,LEAP,Total Primary Supply,Coking coal,NINTH,1,1,1,0,0,lossless_without_override
leap_to_ninth,NINTH,LEAP,Total Primary Supply,Crude oil,NINTH,1,1,1,0,0,lossless_without_override
leap_to_ninth,NINTH,LEAP,Total Primary Supply,Efuel,NINTH,1,1,1,0,0,lossless_without_override
leap_to_ninth,NINTH,LEAP,Total Primary Supply,Electricity,NINTH,2,2,2,0,0,lossless_without_override
leap_to_ninth,NINTH,LEAP,Total Primary Supply,Ethane,NINTH,1,1,1,0,0,lossless_without_override
leap_to_ninth,NINTH,LEAP,Total Primary Supply,Fuel oil,NINTH,1,1,1,0,0,lossless_without_override
leap_to_ninth,NINTH,LEAP,Total Primary Supply,Fuelwood and woodwaste,NINTH,1,1,1,0,0,lossless_without_override
leap_to_ninth,NINTH,LEAP,Total Primary Supply,Gas and diesel oil,NINTH,1,1,1,0,0,lossless_without_override
leap_to_ninth,NINTH,LEAP,Total Primary Supply,Gas coke,NINTH,1,1,1,0,0,lossless_without_override
leap_to_ninth,NINTH,LEAP,Total Primary Supply,Gas works gas,NINTH,1,0,0,1,0,missing_current_targets
leap_to_ninth,NINTH,LEAP,Total Primary Supply,Gasoline type jet fuel,NINTH,1,1,1,0,0,lossless_without_override
leap_to_ninth,NINTH,LEAP,Total Primary Supply,Geothermal,NINTH,1,1,1,0,0,lossless_without_override
leap_to_ninth,NINTH,LEAP,Total Primary Supply,Heat,NINTH,1,1,1,0,0,lossless_without_override
leap_to_ninth,NINTH,LEAP,Total Primary Supply,Hydro,NINTH,1,1,1,0,0,lossless_without_override
leap_to_ninth,NINTH,LEAP,Total Primary Supply,Hydrogen,NINTH,1,1,1,0,0,lossless_without_override
leap_to_ninth,NINTH,LEAP,Total Primary Supply,Industrial waste,NINTH,1,1,1,0,0,lossless_without_override
leap_to_ninth,NINTH,LEAP,Total Primary Supply,Kerosene,NINTH,1,1,1,0,0,lossless_without_override
leap_to_ninth,NINTH,LEAP,Total Primary Supply,Kerosene type jet fuel,NINTH,1,1,1,0,0,lossless_without_override
leap_to_ninth,NINTH,LEAP,Total Primary Supply,LNG,NINTH,1,1,1,0,0,lossless_without_override
leap_to_ninth,NINTH,LEAP,Total Primary Supply,LPG,NINTH,1,1,1,0,0,lossless_without_override
leap_to_ninth,NINTH,LEAP,Total Primary Supply,Lignite,NINTH,1,1,1,0,0,lossless_without_override
leap_to_ninth,NINTH,LEAP,Total Primary Supply,Lubricants,NINTH,1,1,1,0,0,lossless_without_override
leap_to_ninth,NINTH,LEAP,Total Primary Supply,Motor gasoline,NINTH,1,1,1,0,0,lossless_without_override
leap_to_ninth,NINTH,LEAP,Total Primary Supply,Municipal solid waste non renewable,NINTH,1,1,1,0,0,lossless_without_override
leap_to_ninth,NINTH,LEAP,Total Primary Supply,Municipal solid waste renewable,NINTH,1,1,1,0,0,lossless_without_override
leap_to_ninth,NINTH,LEAP,Total Primary Supply,Naphtha,NINTH,1,1,1,0,0,lossless_without_override
leap_to_ninth,NINTH,LEAP,Total Primary Supply,Natural gas,NINTH,1,1,1,0,0,lossless_without_override
leap_to_ninth,NINTH,LEAP,Total Primary Supply,Natural gas liquids,NINTH,1,1,1,0,0,lossless_without_override
leap_to_ninth,NINTH,LEAP,Total Primary Supply,Nuclear,NINTH,1,1,1,0,0,lossless_without_override
leap_to_ninth,NINTH,LEAP,Total Primary Supply,Other biomass,NINTH,1,2,1,0,1,extra_factorised_targets
leap_to_ninth,NINTH,LEAP,Total Primary Supply,Other bituminous coal,NINTH,1,1,1,0,0,lossless_without_override
leap_to_ninth,NINTH,LEAP,Total Primary Supply,Other hydrocarbons,NINTH,2,2,2,0,0,lossless_without_override
leap_to_ninth,NINTH,LEAP,Total Primary Supply,Other liquid biofuels,NINTH,1,1,1,0,0,lossless_without_override
leap_to_ninth,NINTH,LEAP,Total Primary Supply,Other products,NINTH,1,1,1,0,0,lossless_without_override
leap_to_ninth,NINTH,LEAP,Total Primary Supply,Other recovered gases,NINTH,1,1,1,0,0,lossless_without_override
leap_to_ninth,NINTH,LEAP,Total Primary Supply,Other sources,NINTH,1,2,1,0,1,extra_factorised_targets
leap_to_ninth,NINTH,LEAP,Total Primary Supply,Paraffin waxes,NINTH,1,1,1,0,0,lossless_without_override
leap_to_ninth,NINTH,LEAP,Total Primary Supply,Patent fuel,NINTH,1,1,1,0,0,lossless_without_override
leap_to_ninth,NINTH,LEAP,Total Primary Supply,Peat products,NINTH,1,1,1,0,0,lossless_without_override
leap_to_ninth,NINTH,LEAP,Total Primary Supply,PetProd nonspecified,NINTH,1,0,0,1,0,missing_current_targets
leap_to_ninth,NINTH,LEAP,Total Primary Supply,Petroleum coke,NINTH,1,1,1,0,0,lossless_without_override
leap_to_ninth,NINTH,LEAP,Total Primary Supply,Refinery feedstocks,NINTH,1,1,1,0,0,lossless_without_override
leap_to_ninth,NINTH,LEAP,Total Primary Supply,Refinery gas not liquefied,NINTH,1,1,1,0,0,lossless_without_override
leap_to_ninth,NINTH,LEAP,Total Primary Supply,Solar nonspecified,NINTH,2,1,1,1,0,missing_current_targets
leap_to_ninth,NINTH,LEAP,Total Primary Supply,Solar photovoltaics,NINTH,1,1,1,0,0,lossless_without_override
leap_to_ninth,NINTH,LEAP,Total Primary Supply,Sub bituminous coal,NINTH,1,1,1,0,0,lossless_without_override
leap_to_ninth,NINTH,LEAP,Total Primary Supply,White spirit SBP,NINTH,1,1,1,0,0,lossless_without_override
leap_to_ninth,NINTH,LEAP,Total Primary Supply,Wind,NINTH,1,1,1,0,0,lossless_without_override
leap_to_ninth,NINTH,LEAP,Total final consumption,Ammonia,NINTH,1,1,1,0,0,lossless_without_override
leap_to_ninth,NINTH,LEAP,Total final consumption,Anthracite,NINTH,1,1,1,0,0,lossless_without_override
leap_to_ninth,NINTH,LEAP,Total final consumption,Aviation gasoline,NINTH,1,1,1,0,0,lossless_without_override
leap_to_ninth,NINTH,LEAP,Total final consumption,BKB and PB,NINTH,1,1,1,0,0,lossless_without_override
leap_to_ninth,NINTH,LEAP,Total final consumption,Bagasse,NINTH,1,1,1,0,0,lossless_without_override
leap_to_ninth,NINTH,LEAP,Total final consumption,Bio jet kerosene,NINTH,1,1,1,0,0,lossless_without_override
leap_to_ninth,NINTH,LEAP,Total final consumption,Biodiesel,NINTH,1,1,1,0,0,lossless_without_override
leap_to_ninth,NINTH,LEAP,Total final consumption,Biogas,NINTH,1,1,1,0,0,lossless_without_override
leap_to_ninth,NINTH,LEAP,Total final consumption,Biogasoline,NINTH,1,1,1,0,0,lossless_without_override
leap_to_ninth,NINTH,LEAP,Total final consumption,Bitumen,NINTH,1,1,1,0,0,lossless_without_override
leap_to_ninth,NINTH,LEAP,Total final consumption,Black liquor,NINTH,1,1,1,0,0,lossless_without_override
leap_to_ninth,NINTH,LEAP,Total final consumption,Blast furnace gas,NINTH,1,1,1,0,0,lossless_without_override
leap_to_ninth,NINTH,LEAP,Total final consumption,Charcoal,NINTH,1,1,1,0,0,lossless_without_override
leap_to_ninth,NINTH,LEAP,Total final consumption,Coal nonspecified,NINTH,1,0,0,1,0,missing_current_targets
leap_to_ninth,NINTH,LEAP,Total final consumption,Coal tar,NINTH,1,1,1,0,0,lossless_without_override
leap_to_ninth,NINTH,LEAP,Total final consumption,Coke oven coke,NINTH,1,1,1,0,0,lossless_without_override
leap_to_ninth,NINTH,LEAP,Total final consumption,Coke oven gas,NINTH,1,1,1,0,0,lossless_without_override
leap_to_ninth,NINTH,LEAP,Total final consumption,Efuel,NINTH,1,1,1,0,0,lossless_without_override
leap_to_ninth,NINTH,LEAP,Total final consumption,Electricity,NINTH,1,1,1,0,0,lossless_without_override
leap_to_ninth,NINTH,LEAP,Total final consumption,Ethane,NINTH,1,1,1,0,0,lossless_without_override
leap_to_ninth,NINTH,LEAP,Total final consumption,Fuel oil,NINTH,1,1,1,0,0,lossless_without_override
leap_to_ninth,NINTH,LEAP,Total final consumption,Fuelwood and woodwaste,NINTH,1,1,1,0,0,lossless_without_override
leap_to_ninth,NINTH,LEAP,Total final consumption,Gas and diesel oil,NINTH,1,1,1,0,0,lossless_without_override
leap_to_ninth,NINTH,LEAP,Total final consumption,Gas coke,NINTH,1,1,1,0,0,lossless_without_override
leap_to_ninth,NINTH,LEAP,Total final consumption,Gasoline type jet fuel,NINTH,1,1,1,0,0,lossless_without_override
leap_to_ninth,NINTH,LEAP,Total final consumption,Geothermal,NINTH,1,1,1,0,0,lossless_without_override
leap_to_ninth,NINTH,LEAP,Total final consumption,Heat,NINTH,1,1,1,0,0,lossless_without_override
leap_to_ninth,NINTH,LEAP,Total final consumption,Hydrogen,NINTH,1,1,1,0,0,lossless_without_override
leap_to_ninth,NINTH,LEAP,Total final consumption,Industrial waste,NINTH,1,1,1,0,0,lossless_without_override
leap_to_ninth,NINTH,LEAP,Total final consumption,Kerosene,NINTH,1,1,1,0,0,lossless_without_override
leap_to_ninth,NINTH,LEAP,Total final consumption,Kerosene type jet fuel,NINTH,1,1,1,0,0,lossless_without_override
leap_to_ninth,NINTH,LEAP,Total final consumption,LNG,NINTH,1,1,1,0,0,lossless_without_override
leap_to_ninth,NINTH,LEAP,Total final consumption,LPG,NINTH,1,1,1,0,0,lossless_without_override
leap_to_ninth,NINTH,LEAP,Total final consumption,Lignite,NINTH,1,1,1,0,0,lossless_without_override
leap_to_ninth,NINTH,LEAP,Total final consumption,Lubricants,NINTH,1,1,1,0,0,lossless_without_override
leap_to_ninth,NINTH,LEAP,Total final consumption,Motor gasoline,NINTH,1,1,1,0,0,lossless_without_override
leap_to_ninth,NINTH,LEAP,Total final consumption,Municipal solid waste non renewable,NINTH,1,1,1,0,0,lossless_without_override
leap_to_ninth,NINTH,LEAP,Total final consumption,Municipal solid waste renewable,NINTH,1,1,1,0,0,lossless_without_override
leap_to_ninth,NINTH,LEAP,Total final consumption,Naphtha,NINTH,1,1,1,0,0,lossless_without_override
leap_to_ninth,NINTH,LEAP,Total final consumption,Natural gas,NINTH,1,1,1,0,0,lossless_without_override
leap_to_ninth,NINTH,LEAP,Total final consumption,Other biomass,NINTH,1,2,1,0,1,extra_factorised_targets
leap_to_ninth,NINTH,LEAP,Total final consumption,Other bituminous coal,NINTH,1,1,1,0,0,lossless_without_override
leap_to_ninth,NINTH,LEAP,Total final consumption,Other liquid biofuels,NINTH,1,1,1,0,0,lossless_without_override
leap_to_ninth,NINTH,LEAP,Total final consumption,Other products,NINTH,1,1,1,0,0,lossless_without_override
leap_to_ninth,NINTH,LEAP,Total final consumption,Other recovered gases,NINTH,1,1,1,0,0,lossless_without_override
leap_to_ninth,NINTH,LEAP,Total final consumption,Other sources,NINTH,1,0,0,1,0,missing_current_targets
leap_to_ninth,NINTH,LEAP,Total final consumption,Paraffin waxes,NINTH,1,1,1,0,0,lossless_without_override
leap_to_ninth,NINTH,LEAP,Total final consumption,Patent fuel,NINTH,1,1,1,0,0,lossless_without_override
leap_to_ninth,NINTH,LEAP,Total final consumption,Peat products,NINTH,1,1,1,0,0,lossless_without_override
leap_to_ninth,NINTH,LEAP,Total final consumption,PetProd nonspecified,NINTH,1,0,0,1,0,missing_current_targets
leap_to_ninth,NINTH,LEAP,Total final consumption,Petroleum coke,NINTH,1,1,1,0,0,lossless_without_override
leap_to_ninth,NINTH,LEAP,Total final consumption,Refinery gas not liquefied,NINTH,1,1,1,0,0,lossless_without_override
leap_to_ninth,NINTH,LEAP,Total final consumption,Solar nonspecified,NINTH,2,2,2,0,0,lossless_without_override
leap_to_ninth,NINTH,LEAP,Total final consumption,Sub bituminous coal,NINTH,1,1,1,0,0,lossless_without_override
leap_to_ninth,NINTH,LEAP,Total final consumption,White spirit SBP,NINTH,1,1,1,0,0,lossless_without_override
leap_to_ninth,NINTH,LEAP,Total final energy consumption,Ammonia,NINTH,1,1,1,0,0,lossless_without_override
leap_to_ninth,NINTH,LEAP,Total final energy consumption,Anthracite,NINTH,1,1,1,0,0,lossless_without_override
leap_to_ninth,NINTH,LEAP,Total final energy consumption,Aviation gasoline,NINTH,1,1,1,0,0,lossless_without_override
leap_to_ninth,NINTH,LEAP,Total final energy consumption,BKB and PB,NINTH,1,1,1,0,0,lossless_without_override
leap_to_ninth,NINTH,LEAP,Total final energy consumption,Bagasse,NINTH,1,1,1,0,0,lossless_without_override
leap_to_ninth,NINTH,LEAP,Total final energy consumption,Bio jet kerosene,NINTH,1,1,1,0,0,lossless_without_override
leap_to_ninth,NINTH,LEAP,Total final energy consumption,Biodiesel,NINTH,1,1,1,0,0,lossless_without_override
leap_to_ninth,NINTH,LEAP,Total final energy consumption,Biogas,NINTH,1,1,1,0,0,lossless_without_override
leap_to_ninth,NINTH,LEAP,Total final energy consumption,Biogasoline,NINTH,1,1,1,0,0,lossless_without_override
leap_to_ninth,NINTH,LEAP,Total final energy consumption,Bitumen,NINTH,1,1,1,0,0,lossless_without_override
leap_to_ninth,NINTH,LEAP,Total final energy consumption,Black liquor,NINTH,1,1,1,0,0,lossless_without_override
leap_to_ninth,NINTH,LEAP,Total final energy consumption,Blast furnace gas,NINTH,1,1,1,0,0,lossless_without_override
leap_to_ninth,NINTH,LEAP,Total final energy consumption,Charcoal,NINTH,1,1,1,0,0,lossless_without_override
leap_to_ninth,NINTH,LEAP,Total final energy consumption,Coal nonspecified,NINTH,1,0,0,1,0,missing_current_targets
leap_to_ninth,NINTH,LEAP,Total final energy consumption,Coal tar,NINTH,1,1,1,0,0,lossless_without_override
leap_to_ninth,NINTH,LEAP,Total final energy consumption,Coke oven coke,NINTH,1,1,1,0,0,lossless_without_override
leap_to_ninth,NINTH,LEAP,Total final energy consumption,Coke oven gas,NINTH,1,1,1,0,0,lossless_without_override
leap_to_ninth,NINTH,LEAP,Total final energy consumption,Efuel,NINTH,1,1,1,0,0,lossless_without_override
leap_to_ninth,NINTH,LEAP,Total final energy consumption,Electricity,NINTH,1,1,1,0,0,lossless_without_override
leap_to_ninth,NINTH,LEAP,Total final energy consumption,Ethane,NINTH,1,1,1,0,0,lossless_without_override
leap_to_ninth,NINTH,LEAP,Total final energy consumption,Fuel oil,NINTH,1,1,1,0,0,lossless_without_override
leap_to_ninth,NINTH,LEAP,Total final energy consumption,Fuelwood and woodwaste,NINTH,1,1,1,0,0,lossless_without_override
leap_to_ninth,NINTH,LEAP,Total final energy consumption,Gas and diesel oil,NINTH,1,1,1,0,0,lossless_without_override
leap_to_ninth,NINTH,LEAP,Total final energy consumption,Gas coke,NINTH,1,1,1,0,0,lossless_without_override
leap_to_ninth,NINTH,LEAP,Total final energy consumption,Gasoline type jet fuel,NINTH,1,1,1,0,0,lossless_without_override
leap_to_ninth,NINTH,LEAP,Total final energy consumption,Geothermal,NINTH,1,1,1,0,0,lossless_without_override
leap_to_ninth,NINTH,LEAP,Total final energy consumption,Heat,NINTH,1,1,1,0,0,lossless_without_override
leap_to_ninth,NINTH,LEAP,Total final energy consumption,Hydrogen,NINTH,1,1,1,0,0,lossless_without_override
leap_to_ninth,NINTH,LEAP,Total final energy consumption,Industrial waste,NINTH,1,1,1,0,0,lossless_without_override
leap_to_ninth,NINTH,LEAP,Total final energy consumption,Kerosene,NINTH,1,1,1,0,0,lossless_without_override
leap_to_ninth,NINTH,LEAP,Total final energy consumption,Kerosene type jet fuel,NINTH,1,1,1,0,0,lossless_without_override
leap_to_ninth,NINTH,LEAP,Total final energy consumption,LNG,NINTH,1,1,1,0,0,lossless_without_override
leap_to_ninth,NINTH,LEAP,Total final energy consumption,LPG,NINTH,1,1,1,0,0,lossless_without_override
leap_to_ninth,NINTH,LEAP,Total final energy consumption,Lignite,NINTH,1,1,1,0,0,lossless_without_override
leap_to_ninth,NINTH,LEAP,Total final energy consumption,Lubricants,NINTH,1,1,1,0,0,lossless_without_override
leap_to_ninth,NINTH,LEAP,Total final energy consumption,Motor gasoline,NINTH,1,1,1,0,0,lossless_without_override
leap_to_ninth,NINTH,LEAP,Total final energy consumption,Municipal solid waste non renewable,NINTH,1,1,1,0,0,lossless_without_override
leap_to_ninth,NINTH,LEAP,Total final energy consumption,Municipal solid waste renewable,NINTH,1,1,1,0,0,lossless_without_override
leap_to_ninth,NINTH,LEAP,Total final energy consumption,Naphtha,NINTH,1,1,1,0,0,lossless_without_override
leap_to_ninth,NINTH,LEAP,Total final energy consumption,Natural gas,NINTH,1,1,1,0,0,lossless_without_override
leap_to_ninth,NINTH,LEAP,Total final energy consumption,Natural gas liquids,NINTH,1,1,1,0,0,lossless_without_override
leap_to_ninth,NINTH,LEAP,Total final energy consumption,Other biomass,NINTH,1,2,1,0,1,extra_factorised_targets
leap_to_ninth,NINTH,LEAP,Total final energy consumption,Other bituminous coal,NINTH,1,1,1,0,0,lossless_without_override
leap_to_ninth,NINTH,LEAP,Total final energy consumption,Other liquid biofuels,NINTH,1,1,1,0,0,lossless_without_override
leap_to_ninth,NINTH,LEAP,Total final energy consumption,Other products,NINTH,1,1,1,0,0,lossless_without_override
leap_to_ninth,NINTH,LEAP,Total final energy consumption,Other recovered gases,NINTH,1,1,1,0,0,lossless_without_override
leap_to_ninth,NINTH,LEAP,Total final energy consumption,Other sources,NINTH,1,0,0,1,0,missing_current_targets
leap_to_ninth,NINTH,LEAP,Total final energy consumption,Paraffin waxes,NINTH,1,1,1,0,0,lossless_without_override
leap_to_ninth,NINTH,LEAP,Total final energy consumption,Patent fuel,NINTH,1,1,1,0,0,lossless_without_override
leap_to_ninth,NINTH,LEAP,Total final energy consumption,Peat products,NINTH,1,1,1,0,0,lossless_without_override
leap_to_ninth,NINTH,LEAP,Total final energy consumption,PetProd nonspecified,NINTH,1,0,0,1,0,missing_current_targets
leap_to_ninth,NINTH,LEAP,Total final energy consumption,Petroleum coke,NINTH,1,1,1,0,0,lossless_without_override
leap_to_ninth,NINTH,LEAP,Total final energy consumption,Refinery gas not liquefied,NINTH,1,1,1,0,0,lossless_without_override
leap_to_ninth,NINTH,LEAP,Total final energy consumption,Solar nonspecified,NINTH,2,2,2,0,0,lossless_without_override
leap_to_ninth,NINTH,LEAP,Total final energy consumption,Sub bituminous coal,NINTH,1,1,1,0,0,lossless_without_override
leap_to_ninth,NINTH,LEAP,Total final energy consumption,White spirit SBP,NINTH,1,1,1,0,0,lossless_without_override
leap_to_ninth,NINTH,LEAP,Total transformation - no transfers,Ammonia,NINTH,1,1,1,0,0,lossless_without_override
leap_to_ninth,NINTH,LEAP,Total transformation - no transfers,Anthracite,NINTH,1,1,1,0,0,lossless_without_override
leap_to_ninth,NINTH,LEAP,Total transformation - no transfers,Aviation gasoline,NINTH,1,1,1,0,0,lossless_without_override
leap_to_ninth,NINTH,LEAP,Total transformation - no transfers,Bagasse,NINTH,1,1,1,0,0,lossless_without_override
leap_to_ninth,NINTH,LEAP,Total transformation - no transfers,Biodiesel,NINTH,1,1,1,0,0,lossless_without_override
leap_to_ninth,NINTH,LEAP,Total transformation - no transfers,Biogas,NINTH,1,1,1,0,0,lossless_without_override
leap_to_ninth,NINTH,LEAP,Total transformation - no transfers,Bitumen,NINTH,1,1,1,0,0,lossless_without_override
leap_to_ninth,NINTH,LEAP,Total transformation - no transfers,Black liquor,NINTH,1,1,1,0,0,lossless_without_override
leap_to_ninth,NINTH,LEAP,Total transformation - no transfers,Blast furnace gas,NINTH,1,1,1,0,0,lossless_without_override
leap_to_ninth,NINTH,LEAP,Total transformation - no transfers,Coal nonspecified,NINTH,1,0,0,1,0,missing_current_targets
leap_to_ninth,NINTH,LEAP,Total transformation - no transfers,Coke oven coke,NINTH,1,1,1,0,0,lossless_without_override
leap_to_ninth,NINTH,LEAP,Total transformation - no transfers,Coke oven gas,NINTH,1,1,1,0,0,lossless_without_override
leap_to_ninth,NINTH,LEAP,Total transformation - no transfers,Coking coal,NINTH,1,1,1,0,0,lossless_without_override
leap_to_ninth,NINTH,LEAP,Total transformation - no transfers,Crude oil,NINTH,1,1,1,0,0,lossless_without_override
leap_to_ninth,NINTH,LEAP,Total transformation - no transfers,Efuel,NINTH,1,1,1,0,0,lossless_without_override
leap_to_ninth,NINTH,LEAP,Total transformation - no transfers,Electricity,NINTH,2,2,2,0,0,lossless_without_override
leap_to_ninth,NINTH,LEAP,Total transformation - no transfers,Ethane,NINTH,1,1,1,0,0,lossless_without_override
leap_to_ninth,NINTH,LEAP,Total transformation - no transfers,Fuel oil,NINTH,1,1,1,0,0,lossless_without_override
leap_to_ninth,NINTH,LEAP,Total transformation - no transfers,Fuelwood and woodwaste,NINTH,1,1,1,0,0,lossless_without_override
leap_to_ninth,NINTH,LEAP,Total transformation - no transfers,Gas and diesel oil,NINTH,1,1,1,0,0,lossless_without_override
leap_to_ninth,NINTH,LEAP,Total transformation - no transfers,Gas works gas,NINTH,1,1,1,0,0,lossless_without_override
leap_to_ninth,NINTH,LEAP,Total transformation - no transfers,Geothermal,NINTH,1,1,1,0,0,lossless_without_override
leap_to_ninth,NINTH,LEAP,Total transformation - no transfers,Heat,NINTH,1,1,1,0,0,lossless_without_override
leap_to_ninth,NINTH,LEAP,Total transformation - no transfers,Hydro,NINTH,1,1,1,0,0,lossless_without_override
leap_to_ninth,NINTH,LEAP,Total transformation - no transfers,Hydrogen,NINTH,1,1,1,0,0,lossless_without_override
leap_to_ninth,NINTH,LEAP,Total transformation - no transfers,Industrial waste,NINTH,1,1,1,0,0,lossless_without_override
leap_to_ninth,NINTH,LEAP,Total transformation - no transfers,Kerosene,NINTH,1,1,1,0,0,lossless_without_override
leap_to_ninth,NINTH,LEAP,Total transformation - no transfers,Kerosene type jet fuel,NINTH,1,1,1,0,0,lossless_without_override
leap_to_ninth,NINTH,LEAP,Total transformation - no transfers,LNG,NINTH,1,1,1,0,0,lossless_without_override
leap_to_ninth,NINTH,LEAP,Total transformation - no transfers,LPG,NINTH,1,1,1,0,0,lossless_without_override
leap_to_ninth,NINTH,LEAP,Total transformation - no transfers,Lignite,NINTH,1,1,1,0,0,lossless_without_override
leap_to_ninth,NINTH,LEAP,Total transformation - no transfers,Lubricants,NINTH,1,1,1,0,0,lossless_without_override
leap_to_ninth,NINTH,LEAP,Total transformation - no transfers,Motor gasoline,NINTH,1,1,1,0,0,lossless_without_override
leap_to_ninth,NINTH,LEAP,Total transformation - no transfers,Municipal solid waste non renewable,NINTH,1,1,1,0,0,lossless_without_override
leap_to_ninth,NINTH,LEAP,Total transformation - no transfers,Municipal solid waste renewable,NINTH,1,1,1,0,0,lossless_without_override
leap_to_ninth,NINTH,LEAP,Total transformation - no transfers,Naphtha,NINTH,1,1,1,0,0,lossless_without_override
leap_to_ninth,NINTH,LEAP,Total transformation - no transfers,Natural gas,NINTH,1,1,1,0,0,lossless_without_override
leap_to_ninth,NINTH,LEAP,Total transformation - no transfers,Natural gas liquids,NINTH,1,1,1,0,0,lossless_without_override
leap_to_ninth,NINTH,LEAP,Total transformation - no transfers,Nuclear,NINTH,1,1,1,0,0,lossless_without_override
leap_to_ninth,NINTH,LEAP,Total transformation - no transfers,Other biomass,NINTH,1,1,1,0,0,lossless_without_override
leap_to_ninth,NINTH,LEAP,Total transformation - no transfers,Other bituminous coal,NINTH,1,1,1,0,0,lossless_without_override
leap_to_ninth,NINTH,LEAP,Total transformation - no transfers,Other hydrocarbons,NINTH,1,1,1,0,0,lossless_without_override
leap_to_ninth,NINTH,LEAP,Total transformation - no transfers,Other liquid biofuels,NINTH,1,1,1,0,0,lossless_without_override
leap_to_ninth,NINTH,LEAP,Total transformation - no transfers,Other products,NINTH,1,1,1,0,0,lossless_without_override
leap_to_ninth,NINTH,LEAP,Total transformation - no transfers,Other recovered gases,NINTH,1,1,1,0,0,lossless_without_override
leap_to_ninth,NINTH,LEAP,Total transformation - no transfers,Other sources,NINTH,1,2,1,0,1,extra_factorised_targets
leap_to_ninth,NINTH,LEAP,Total transformation - no transfers,Paraffin waxes,NINTH,1,1,1,0,0,lossless_without_override
leap_to_ninth,NINTH,LEAP,Total transformation - no transfers,PetProd nonspecified,NINTH,1,0,0,1,0,missing_current_targets
leap_to_ninth,NINTH,LEAP,Total transformation - no transfers,Petroleum coke,NINTH,1,1,1,0,0,lossless_without_override
leap_to_ninth,NINTH,LEAP,Total transformation - no transfers,Refinery feedstocks,NINTH,1,1,1,0,0,lossless_without_override
leap_to_ninth,NINTH,LEAP,Total transformation - no transfers,Refinery gas not liquefied,NINTH,1,1,1,0,0,lossless_without_override
leap_to_ninth,NINTH,LEAP,Total transformation - no transfers,Solar nonspecified,NINTH,2,1,1,1,0,missing_current_targets
leap_to_ninth,NINTH,LEAP,Total transformation - no transfers,Solar photovoltaics,NINTH,1,1,1,0,0,lossless_without_override
leap_to_ninth,NINTH,LEAP,Total transformation - no transfers,Sub bituminous coal,NINTH,1,1,1,0,0,lossless_without_override
leap_to_ninth,NINTH,LEAP,Total transformation - no transfers,White spirit SBP,NINTH,1,1,1,0,0,lossless_without_override
leap_to_ninth,NINTH,LEAP,Total transformation - no transfers,Wind,NINTH,1,1,1,0,0,lossless_without_override
leap_to_ninth,NINTH,LEAP,Transfers,Additives and oxygenates,NINTH,1,1,1,0,0,lossless_without_override
leap_to_ninth,NINTH,LEAP,Transfers,Aviation gasoline,NINTH,1,1,1,0,0,lossless_without_override
leap_to_ninth,NINTH,LEAP,Transfers,Bitumen,NINTH,1,1,1,0,0,lossless_without_override
leap_to_ninth,NINTH,LEAP,Transfers,Crude oil,NINTH,1,1,1,0,0,lossless_without_override
leap_to_ninth,NINTH,LEAP,Transfers,Ethane,NINTH,1,1,1,0,0,lossless_without_override
leap_to_ninth,NINTH,LEAP,Transfers,Fuel oil,NINTH,1,1,1,0,0,lossless_without_override
leap_to_ninth,NINTH,LEAP,Transfers,Gas and diesel oil,NINTH,1,1,1,0,0,lossless_without_override
leap_to_ninth,NINTH,LEAP,Transfers,Kerosene,NINTH,1,1,1,0,0,lossless_without_override
leap_to_ninth,NINTH,LEAP,Transfers,Kerosene type jet fuel,NINTH,1,1,1,0,0,lossless_without_override
leap_to_ninth,NINTH,LEAP,Transfers,LPG,NINTH,1,1,1,0,0,lossless_without_override
leap_to_ninth,NINTH,LEAP,Transfers,Lubricants,NINTH,1,1,1,0,0,lossless_without_override
leap_to_ninth,NINTH,LEAP,Transfers,Motor gasoline,NINTH,1,1,1,0,0,lossless_without_override
leap_to_ninth,NINTH,LEAP,Transfers,Naphtha,NINTH,1,1,1,0,0,lossless_without_override
leap_to_ninth,NINTH,LEAP,Transfers,Natural gas liquids,NINTH,1,1,1,0,0,lossless_without_override
leap_to_ninth,NINTH,LEAP,Transfers,Other hydrocarbons,NINTH,1,1,1,0,0,lossless_without_override
leap_to_ninth,NINTH,LEAP,Transfers,Other products,NINTH,1,1,1,0,0,lossless_without_override
leap_to_ninth,NINTH,LEAP,Transfers,Paraffin waxes,NINTH,1,1,1,0,0,lossless_without_override
leap_to_ninth,NINTH,LEAP,Transfers,Petroleum coke,NINTH,1,1,1,0,0,lossless_without_override
leap_to_ninth,NINTH,LEAP,Transfers,Refinery feedstocks,NINTH,1,1,1,0,0,lossless_without_override
leap_to_ninth,NINTH,LEAP,Transfers,Refinery gas not liquefied,NINTH,1,1,1,0,0,lossless_without_override
leap_to_ninth,NINTH,LEAP,Transfers,White spirit SBP,NINTH,1,1,1,0,0,lossless_without_override
leap_to_ninth,NINTH,LEAP,Transmission and Distribution,Electricity,NINTH,1,1,1,0,0,lossless_without_override
leap_to_ninth,NINTH,LEAP,Transport,Ammonia,NINTH,1,1,1,0,0,lossless_without_override
leap_to_ninth,NINTH,LEAP,Transport,Aviation gasoline,NINTH,1,1,1,0,0,lossless_without_override
leap_to_ninth,NINTH,LEAP,Transport,Bio jet kerosene,NINTH,1,1,1,0,0,lossless_without_override
leap_to_ninth,NINTH,LEAP,Transport,Biodiesel,NINTH,1,1,1,0,0,lossless_without_override
leap_to_ninth,NINTH,LEAP,Transport,Biogas,NINTH,1,1,1,0,0,lossless_without_override
leap_to_ninth,NINTH,LEAP,Transport,Biogasoline,NINTH,1,1,1,0,0,lossless_without_override
leap_to_ninth,NINTH,LEAP,Transport,Efuel,NINTH,1,1,1,0,0,lossless_without_override
leap_to_ninth,NINTH,LEAP,Transport,Electricity,NINTH,1,1,1,0,0,lossless_without_override
leap_to_ninth,NINTH,LEAP,Transport,Fuel oil,NINTH,1,1,1,0,0,lossless_without_override
leap_to_ninth,NINTH,LEAP,Transport,Gas and diesel oil,NINTH,1,1,1,0,0,lossless_without_override
leap_to_ninth,NINTH,LEAP,Transport,Hydrogen,NINTH,1,1,1,0,0,lossless_without_override
leap_to_ninth,NINTH,LEAP,Transport,Kerosene type jet fuel,NINTH,1,1,1,0,0,lossless_without_override
leap_to_ninth,NINTH,LEAP,Transport,LNG,NINTH,1,1,1,0,0,lossless_without_override
leap_to_ninth,NINTH,LEAP,Transport,LPG,NINTH,1,1,1,0,0,lossless_without_override
leap_to_ninth,NINTH,LEAP,Transport,Motor gasoline,NINTH,1,1,1,0,0,lossless_without_override
leap_to_ninth,NINTH,LEAP,Transport,Natural gas,NINTH,1,1,1,0,0,lossless_without_override
leap_to_ninth,NINTH,LEAP,Transport non road,Ammonia,NINTH,1,0,0,1,0,missing_current_targets
leap_to_ninth,NINTH,LEAP,Transport non road,Anthracite,NINTH,1,0,0,1,0,missing_current_targets
leap_to_ninth,NINTH,LEAP,Transport non road,Aviation gasoline,NINTH,1,0,0,1,0,missing_current_targets
leap_to_ninth,NINTH,LEAP,Transport non road,Bio jet kerosene,NINTH,1,0,0,1,0,missing_current_targets
leap_to_ninth,NINTH,LEAP,Transport non road,Biodiesel,NINTH,1,0,0,1,0,missing_current_targets
leap_to_ninth,NINTH,LEAP,Transport non road,Biogasoline,NINTH,1,0,0,1,0,missing_current_targets
leap_to_ninth,NINTH,LEAP,Transport non road,Coal tar,NINTH,1,0,0,1,0,missing_current_targets
leap_to_ninth,NINTH,LEAP,Transport non road,Coke oven coke,NINTH,1,0,0,1,0,missing_current_targets
leap_to_ninth,NINTH,LEAP,Transport non road,Coking coal,NINTH,1,0,0,1,0,missing_current_targets
leap_to_ninth,NINTH,LEAP,Transport non road,Crude oil,NINTH,1,0,0,1,0,missing_current_targets
leap_to_ninth,NINTH,LEAP,Transport non road,Efuel,NINTH,1,0,0,1,0,missing_current_targets
leap_to_ninth,NINTH,LEAP,Transport non road,Electricity,NINTH,1,0,0,1,0,missing_current_targets
leap_to_ninth,NINTH,LEAP,Transport non road,Fuel oil,NINTH,1,0,0,1,0,missing_current_targets
leap_to_ninth,NINTH,LEAP,Transport non road,Gas and diesel oil,NINTH,1,0,0,1,0,missing_current_targets
leap_to_ninth,NINTH,LEAP,Transport non road,Hydrogen,NINTH,1,0,0,1,0,missing_current_targets
leap_to_ninth,NINTH,LEAP,Transport non road,Kerosene,NINTH,1,0,0,1,0,missing_current_targets
leap_to_ninth,NINTH,LEAP,Transport non road,Kerosene type jet fuel,NINTH,1,0,0,1,0,missing_current_targets
leap_to_ninth,NINTH,LEAP,Transport non road,LNG,NINTH,1,0,0,1,0,missing_current_targets
leap_to_ninth,NINTH,LEAP,Transport non road,LPG,NINTH,1,0,0,1,0,missing_current_targets
leap_to_ninth,NINTH,LEAP,Transport non road,Lignite,NINTH,1,0,0,1,0,missing_current_targets
leap_to_ninth,NINTH,LEAP,Transport non road,Lubricants,NINTH,1,0,0,1,0,missing_current_targets
leap_to_ninth,NINTH,LEAP,Transport non road,Motor gasoline,NINTH,1,0,0,1,0,missing_current_targets
leap_to_ninth,NINTH,LEAP,Transport non road,Natural gas,NINTH,1,0,0,1,0,missing_current_targets
leap_to_ninth,NINTH,LEAP,Transport non road,Other bituminous coal,NINTH,1,0,0,1,0,missing_current_targets
leap_to_ninth,NINTH,LEAP,Transport non road,Other products,NINTH,1,0,0,1,0,missing_current_targets
leap_to_ninth,NINTH,LEAP,Transport non road,Sub bituminous coal,NINTH,1,0,0,1,0,missing_current_targets
leap_to_ninth,NINTH,LEAP,Transport non road/Freight non road,Ammonia,NINTH,3,1,1,2,0,missing_current_targets
leap_to_ninth,NINTH,LEAP,Transport non road/Freight non road,Aviation gasoline,NINTH,3,1,1,2,0,missing_current_targets
leap_to_ninth,NINTH,LEAP,Transport non road/Freight non road,Bio jet kerosene,NINTH,3,2,2,1,0,missing_current_targets
leap_to_ninth,NINTH,LEAP,Transport non road/Freight non road,Biodiesel,NINTH,3,2,2,1,0,missing_current_targets
leap_to_ninth,NINTH,LEAP,Transport non road/Freight non road,Biogasoline,NINTH,3,3,3,0,0,lossless_without_override
leap_to_ninth,NINTH,LEAP,Transport non road/Freight non road,Efuel,NINTH,3,3,3,0,0,lossless_without_override
leap_to_ninth,NINTH,LEAP,Transport non road/Freight non road,Electricity,NINTH,3,3,3,0,0,lossless_without_override
leap_to_ninth,NINTH,LEAP,Transport non road/Freight non road,Fuel oil,NINTH,3,2,2,1,0,missing_current_targets
leap_to_ninth,NINTH,LEAP,Transport non road/Freight non road,Gas and diesel oil,NINTH,3,3,3,0,0,lossless_without_override
leap_to_ninth,NINTH,LEAP,Transport non road/Freight non road,Hydrogen,NINTH,3,2,2,1,0,missing_current_targets
leap_to_ninth,NINTH,LEAP,Transport non road/Freight non road,Kerosene type jet fuel,NINTH,3,1,1,2,0,missing_current_targets
leap_to_ninth,NINTH,LEAP,Transport non road/Freight non road,LNG,NINTH,3,1,1,2,0,missing_current_targets
leap_to_ninth,NINTH,LEAP,Transport non road/Freight non road,LPG,NINTH,1,3,1,0,2,extra_factorised_targets
leap_to_ninth,NINTH,LEAP,Transport non road/Freight non road,Motor gasoline,NINTH,3,3,3,0,0,lossless_without_override
leap_to_ninth,NINTH,LEAP,Transport non road/Freight non road/Air,Aviation gasoline,NINTH,1,1,1,0,0,lossless_without_override
leap_to_ninth,NINTH,LEAP,Transport non road/Freight non road/Air,Bio jet kerosene,NINTH,1,1,1,0,0,lossless_without_override
leap_to_ninth,NINTH,LEAP,Transport non road/Freight non road/Air,Efuel,NINTH,1,1,1,0,0,lossless_without_override
leap_to_ninth,NINTH,LEAP,Transport non road/Freight non road/Air,Electricity,NINTH,1,1,1,0,0,lossless_without_override
leap_to_ninth,NINTH,LEAP,Transport non road/Freight non road/Air,Gas and diesel oil,NINTH,1,1,1,0,0,lossless_without_override
leap_to_ninth,NINTH,LEAP,Transport non road/Freight non road/Air,Hydrogen,NINTH,1,1,1,0,0,lossless_without_override
leap_to_ninth,NINTH,LEAP,Transport non road/Freight non road/Air,Kerosene type jet fuel,NINTH,1,1,1,0,0,lossless_without_override
leap_to_ninth,NINTH,LEAP,Transport non road/Freight non road/Air,Motor gasoline,NINTH,1,1,1,0,0,lossless_without_override
leap_to_ninth,NINTH,LEAP,Transport non road/Freight non road/Rail,Biodiesel,NINTH,1,1,1,0,0,lossless_without_override
leap_to_ninth,NINTH,LEAP,Transport non road/Freight non road/Rail,Coal tar,NINTH,1,1,1,0,0,lossless_without_override
leap_to_ninth,NINTH,LEAP,Transport non road/Freight non road/Rail,Efuel,NINTH,1,1,1,0,0,lossless_without_override
leap_to_ninth,NINTH,LEAP,Transport non road/Freight non road/Rail,Electricity,NINTH,1,1,1,0,0,lossless_without_override
leap_to_ninth,NINTH,LEAP,Transport non road/Freight non road/Rail,Fuel oil,NINTH,1,1,1,0,0,lossless_without_override
leap_to_ninth,NINTH,LEAP,Transport non road/Freight non road/Rail,Gas and diesel oil,NINTH,1,1,1,0,0,lossless_without_override
leap_to_ninth,NINTH,LEAP,Transport non road/Freight non road/Rail,Hydrogen,NINTH,1,0,0,1,0,missing_current_targets
leap_to_ninth,NINTH,LEAP,Transport non road/Freight non road/Rail,LPG,NINTH,1,1,1,0,0,lossless_without_override
leap_to_ninth,NINTH,LEAP,Transport non road/Freight non road/Rail,Motor gasoline,NINTH,1,1,1,0,0,lossless_without_override
leap_to_ninth,NINTH,LEAP,Transport non road/Freight non road/Rail,Other bituminous coal,NINTH,1,1,1,0,0,lossless_without_override
leap_to_ninth,NINTH,LEAP,Transport non road/Freight non road/Shipping,Ammonia,NINTH,1,1,1,0,0,lossless_without_override
leap_to_ninth,NINTH,LEAP,Transport non road/Freight non road/Shipping,Biodiesel,NINTH,1,1,1,0,0,lossless_without_override
leap_to_ninth,NINTH,LEAP,Transport non road/Freight non road/Shipping,Biogasoline,NINTH,1,1,1,0,0,lossless_without_override
leap_to_ninth,NINTH,LEAP,Transport non road/Freight non road/Shipping,Efuel,NINTH,1,1,1,0,0,lossless_without_override
leap_to_ninth,NINTH,LEAP,Transport non road/Freight non road/Shipping,Electricity,NINTH,1,1,1,0,0,lossless_without_override
leap_to_ninth,NINTH,LEAP,Transport non road/Freight non road/Shipping,Fuel oil,NINTH,1,1,1,0,0,lossless_without_override
leap_to_ninth,NINTH,LEAP,Transport non road/Freight non road/Shipping,Gas and diesel oil,NINTH,1,1,1,0,0,lossless_without_override
leap_to_ninth,NINTH,LEAP,Transport non road/Freight non road/Shipping,Hydrogen,NINTH,1,1,1,0,0,lossless_without_override
leap_to_ninth,NINTH,LEAP,Transport non road/Freight non road/Shipping,Kerosene,NINTH,1,1,1,0,0,lossless_without_override
leap_to_ninth,NINTH,LEAP,Transport non road/Freight non road/Shipping,LNG,NINTH,1,1,1,0,0,lossless_without_override
leap_to_ninth,NINTH,LEAP,Transport non road/Freight non road/Shipping,LPG,NINTH,1,1,1,0,0,lossless_without_override
leap_to_ninth,NINTH,LEAP,Transport non road/Freight non road/Shipping,Motor gasoline,NINTH,1,1,1,0,0,lossless_without_override
leap_to_ninth,NINTH,LEAP,Transport non road/International transport/Air,Aviation gasoline,NINTH,1,1,1,0,0,lossless_without_override
leap_to_ninth,NINTH,LEAP,Transport non road/International transport/Air,Bio jet kerosene,NINTH,1,1,1,0,0,lossless_without_override
leap_to_ninth,NINTH,LEAP,Transport non road/International transport/Air,Efuel,NINTH,1,1,1,0,0,lossless_without_override
leap_to_ninth,NINTH,LEAP,Transport non road/International transport/Air,Hydrogen,NINTH,1,1,1,0,0,lossless_without_override
leap_to_ninth,NINTH,LEAP,Transport non road/International transport/Air,Kerosene type jet fuel,NINTH,1,1,1,0,0,lossless_without_override
leap_to_ninth,NINTH,LEAP,Transport non road/International transport/Air,Motor gasoline,NINTH,1,1,1,0,0,lossless_without_override
leap_to_ninth,NINTH,LEAP,Transport non road/International transport/Shipping,Ammonia,NINTH,1,1,1,0,0,lossless_without_override
leap_to_ninth,NINTH,LEAP,Transport non road/International transport/Shipping,Biodiesel,NINTH,1,1,1,0,0,lossless_without_override
leap_to_ninth,NINTH,LEAP,Transport non road/International transport/Shipping,Efuel,NINTH,1,1,1,0,0,lossless_without_override
leap_to_ninth,NINTH,LEAP,Transport non road/International transport/Shipping,Fuel oil,NINTH,1,1,1,0,0,lossless_without_override
leap_to_ninth,NINTH,LEAP,Transport non road/International transport/Shipping,Gas and diesel oil,NINTH,1,1,1,0,0,lossless_without_override
leap_to_ninth,NINTH,LEAP,Transport non road/International transport/Shipping,LNG,NINTH,1,1,1,0,0,lossless_without_override
leap_to_ninth,NINTH,LEAP,Transport non road/International transport/Shipping,LPG,NINTH,1,1,1,0,0,lossless_without_override
leap_to_ninth,NINTH,LEAP,Transport non road/International transport/Shipping,Lubricants,NINTH,1,1,1,0,0,lossless_without_override
leap_to_ninth,NINTH,LEAP,Transport non road/International transport/Shipping,Motor gasoline,NINTH,1,1,1,0,0,lossless_without_override
leap_to_ninth,NINTH,LEAP,Transport non road/International transport/Shipping,Natural gas,NINTH,1,1,1,0,0,lossless_without_override
leap_to_ninth,NINTH,LEAP,Transport non road/International transport/Shipping,Other products,NINTH,1,1,1,0,0,lossless_without_override
leap_to_ninth,NINTH,LEAP,Transport non road/Nonspecified transport,Anthracite,NINTH,1,2,1,0,1,extra_factorised_targets
leap_to_ninth,NINTH,LEAP,Transport non road/Nonspecified transport,Aviation gasoline,NINTH,1,2,1,0,1,extra_factorised_targets
leap_to_ninth,NINTH,LEAP,Transport non road/Nonspecified transport,Biodiesel,NINTH,1,3,1,0,2,extra_factorised_targets
leap_to_ninth,NINTH,LEAP,Transport non road/Nonspecified transport,Coal tar,NINTH,1,1,0,1,1,missing_and_extra_targets
leap_to_ninth,NINTH,LEAP,Transport non road/Nonspecified transport,Coke oven coke,NINTH,1,1,1,0,0,lossless_without_override
leap_to_ninth,NINTH,LEAP,Transport non road/Nonspecified transport,Coking coal,NINTH,1,1,1,0,0,lossless_without_override
leap_to_ninth,NINTH,LEAP,Transport non road/Nonspecified transport,Crude oil,NINTH,1,1,1,0,0,lossless_without_override
leap_to_ninth,NINTH,LEAP,Transport non road/Nonspecified transport,Electricity,NINTH,1,3,1,0,2,extra_factorised_targets
leap_to_ninth,NINTH,LEAP,Transport non road/Nonspecified transport,Fuel oil,NINTH,1,3,1,0,2,extra_factorised_targets
leap_to_ninth,NINTH,LEAP,Transport non road/Nonspecified transport,Gas and diesel oil,NINTH,1,3,1,0,2,extra_factorised_targets
leap_to_ninth,NINTH,LEAP,Transport non road/Nonspecified transport,Kerosene,NINTH,1,3,1,0,2,extra_factorised_targets
leap_to_ninth,NINTH,LEAP,Transport non road/Nonspecified transport,Kerosene type jet fuel,NINTH,1,2,1,0,1,extra_factorised_targets
leap_to_ninth,NINTH,LEAP,Transport non road/Nonspecified transport,LPG,NINTH,1,3,1,0,2,extra_factorised_targets
leap_to_ninth,NINTH,LEAP,Transport non road/Nonspecified transport,Lignite,NINTH,1,1,1,0,0,lossless_without_override
leap_to_ninth,NINTH,LEAP,Transport non road/Nonspecified transport,Lubricants,NINTH,1,3,1,0,2,extra_factorised_targets
leap_to_ninth,NINTH,LEAP,Transport non road/Nonspecified transport,Motor gasoline,NINTH,1,3,1,0,2,extra_factorised_targets
leap_to_ninth,NINTH,LEAP,Transport non road/Nonspecified transport,Natural gas,NINTH,1,2,1,0,1,extra_factorised_targets
leap_to_ninth,NINTH,LEAP,Transport non road/Nonspecified transport,Other bituminous coal,NINTH,1,2,1,0,1,extra_factorised_targets
leap_to_ninth,NINTH,LEAP,Transport non road/Nonspecified transport,Other products,NINTH,1,3,1,0,2,extra_factorised_targets
leap_to_ninth,NINTH,LEAP,Transport non road/Nonspecified transport,Sub bituminous coal,NINTH,1,2,1,0,1,extra_factorised_targets
leap_to_ninth,NINTH,LEAP,Transport non road/Passenger non road,Ammonia,NINTH,3,1,1,2,0,missing_current_targets
leap_to_ninth,NINTH,LEAP,Transport non road/Passenger non road,Aviation gasoline,NINTH,3,1,1,2,0,missing_current_targets
leap_to_ninth,NINTH,LEAP,Transport non road/Passenger non road,Bio jet kerosene,NINTH,3,2,2,1,0,missing_current_targets
leap_to_ninth,NINTH,LEAP,Transport non road/Passenger non road,Biodiesel,NINTH,3,2,2,1,0,missing_current_targets
leap_to_ninth,NINTH,LEAP,Transport non road/Passenger non road,Biogasoline,NINTH,3,3,3,0,0,lossless_without_override
leap_to_ninth,NINTH,LEAP,Transport non road/Passenger non road,Efuel,NINTH,3,3,3,0,0,lossless_without_override
leap_to_ninth,NINTH,LEAP,Transport non road/Passenger non road,Electricity,NINTH,3,3,3,0,0,lossless_without_override
leap_to_ninth,NINTH,LEAP,Transport non road/Passenger non road,Fuel oil,NINTH,3,2,2,1,0,missing_current_targets
leap_to_ninth,NINTH,LEAP,Transport non road/Passenger non road,Gas and diesel oil,NINTH,3,3,3,0,0,lossless_without_override
leap_to_ninth,NINTH,LEAP,Transport non road/Passenger non road,Hydrogen,NINTH,3,2,2,1,0,missing_current_targets
leap_to_ninth,NINTH,LEAP,Transport non road/Passenger non road,Kerosene type jet fuel,NINTH,3,1,1,2,0,missing_current_targets
leap_to_ninth,NINTH,LEAP,Transport non road/Passenger non road,LNG,NINTH,3,1,1,2,0,missing_current_targets
leap_to_ninth,NINTH,LEAP,Transport non road/Passenger non road,LPG,NINTH,1,3,1,0,2,extra_factorised_targets
leap_to_ninth,NINTH,LEAP,Transport non road/Passenger non road,Motor gasoline,NINTH,3,3,3,0,0,lossless_without_override
leap_to_ninth,NINTH,LEAP,Transport non road/Passenger non road/Air,Aviation gasoline,NINTH,1,1,1,0,0,lossless_without_override
leap_to_ninth,NINTH,LEAP,Transport non road/Passenger non road/Air,Bio jet kerosene,NINTH,1,1,1,0,0,lossless_without_override
leap_to_ninth,NINTH,LEAP,Transport non road/Passenger non road/Air,Efuel,NINTH,1,1,1,0,0,lossless_without_override
leap_to_ninth,NINTH,LEAP,Transport non road/Passenger non road/Air,Electricity,NINTH,1,1,1,0,0,lossless_without_override
leap_to_ninth,NINTH,LEAP,Transport non road/Passenger non road/Air,Gas and diesel oil,NINTH,1,1,1,0,0,lossless_without_override
leap_to_ninth,NINTH,LEAP,Transport non road/Passenger non road/Air,Hydrogen,NINTH,1,1,1,0,0,lossless_without_override
leap_to_ninth,NINTH,LEAP,Transport non road/Passenger non road/Air,Kerosene type jet fuel,NINTH,1,1,1,0,0,lossless_without_override
leap_to_ninth,NINTH,LEAP,Transport non road/Passenger non road/Air,Motor gasoline,NINTH,1,1,1,0,0,lossless_without_override
leap_to_ninth,NINTH,LEAP,Transport non road/Passenger non road/Rail,Biodiesel,NINTH,1,1,1,0,0,lossless_without_override
leap_to_ninth,NINTH,LEAP,Transport non road/Passenger non road/Rail,Coal tar,NINTH,1,1,1,0,0,lossless_without_override
leap_to_ninth,NINTH,LEAP,Transport non road/Passenger non road/Rail,Efuel,NINTH,1,1,1,0,0,lossless_without_override
leap_to_ninth,NINTH,LEAP,Transport non road/Passenger non road/Rail,Electricity,NINTH,1,1,1,0,0,lossless_without_override
leap_to_ninth,NINTH,LEAP,Transport non road/Passenger non road/Rail,Fuel oil,NINTH,1,1,1,0,0,lossless_without_override
leap_to_ninth,NINTH,LEAP,Transport non road/Passenger non road/Rail,Gas and diesel oil,NINTH,1,1,1,0,0,lossless_without_override
leap_to_ninth,NINTH,LEAP,Transport non road/Passenger non road/Rail,Hydrogen,NINTH,1,0,0,1,0,missing_current_targets
leap_to_ninth,NINTH,LEAP,Transport non road/Passenger non road/Rail,LPG,NINTH,1,1,1,0,0,lossless_without_override
leap_to_ninth,NINTH,LEAP,Transport non road/Passenger non road/Rail,Motor gasoline,NINTH,1,1,1,0,0,lossless_without_override
leap_to_ninth,NINTH,LEAP,Transport non road/Passenger non road/Rail,Other bituminous coal,NINTH,1,1,1,0,0,lossless_without_override
leap_to_ninth,NINTH,LEAP,Transport non road/Passenger non road/Shipping,Ammonia,NINTH,1,1,1,0,0,lossless_without_override
leap_to_ninth,NINTH,LEAP,Transport non road/Passenger non road/Shipping,Biodiesel,NINTH,1,1,1,0,0,lossless_without_override
leap_to_ninth,NINTH,LEAP,Transport non road/Passenger non road/Shipping,Biogasoline,NINTH,1,1,1,0,0,lossless_without_override
leap_to_ninth,NINTH,LEAP,Transport non road/Passenger non road/Shipping,Efuel,NINTH,1,1,1,0,0,lossless_without_override
leap_to_ninth,NINTH,LEAP,Transport non road/Passenger non road/Shipping,Electricity,NINTH,1,1,1,0,0,lossless_without_override
leap_to_ninth,NINTH,LEAP,Transport non road/Passenger non road/Shipping,Fuel oil,NINTH,1,1,1,0,0,lossless_without_override
leap_to_ninth,NINTH,LEAP,Transport non road/Passenger non road/Shipping,Gas and diesel oil,NINTH,1,1,1,0,0,lossless_without_override
leap_to_ninth,NINTH,LEAP,Transport non road/Passenger non road/Shipping,Hydrogen,NINTH,1,1,1,0,0,lossless_without_override
leap_to_ninth,NINTH,LEAP,Transport non road/Passenger non road/Shipping,Kerosene,NINTH,1,1,1,0,0,lossless_without_override
leap_to_ninth,NINTH,LEAP,Transport non road/Passenger non road/Shipping,LNG,NINTH,1,1,1,0,0,lossless_without_override
leap_to_ninth,NINTH,LEAP,Transport non road/Passenger non road/Shipping,LPG,NINTH,1,1,1,0,0,lossless_without_override
leap_to_ninth,NINTH,LEAP,Transport non road/Passenger non road/Shipping,Motor gasoline,NINTH,1,1,1,0,0,lossless_without_override
leap_to_ninth,NINTH,LEAP,Transport non road/Pipeline transport,Crude oil,NINTH,1,1,1,0,0,lossless_without_override
leap_to_ninth,NINTH,LEAP,Transport non road/Pipeline transport,Electricity,NINTH,1,1,1,0,0,lossless_without_override
leap_to_ninth,NINTH,LEAP,Transport non road/Pipeline transport,Fuel oil,NINTH,1,1,1,0,0,lossless_without_override
leap_to_ninth,NINTH,LEAP,Transport non road/Pipeline transport,Gas and diesel oil,NINTH,1,1,1,0,0,lossless_without_override
leap_to_ninth,NINTH,LEAP,Transport non road/Pipeline transport,Kerosene,NINTH,1,1,1,0,0,lossless_without_override
leap_to_ninth,NINTH,LEAP,Transport non road/Pipeline transport,LPG,NINTH,1,1,1,0,0,lossless_without_override
leap_to_ninth,NINTH,LEAP,Transport non road/Pipeline transport,Motor gasoline,NINTH,1,1,1,0,0,lossless_without_override
leap_to_ninth,NINTH,LEAP,Transport non road/Pipeline transport,Natural gas,NINTH,1,1,1,0,0,lossless_without_override
ninth_to_esto,BOTH,NINTH,01_production,01_01_coking_coal,ESTO,1,1,1,0,0,lossless_without_override
ninth_to_esto,BOTH,NINTH,01_production,01_05_lignite,ESTO,1,1,1,0,0,lossless_without_override
ninth_to_esto,BOTH,NINTH,01_production,01_coal_unallocated,ESTO,1,0,0,1,0,missing_current_targets
ninth_to_esto,BOTH,NINTH,01_production,01_x_thermal_coal,ESTO,3,3,3,0,0,lossless_without_override
ninth_to_esto,BOTH,NINTH,01_production,02_coal_products,ESTO,8,0,0,8,0,missing_current_targets
ninth_to_esto,BOTH,NINTH,01_production,05_oil_shale_and_oil_sands,ESTO,1,0,0,1,0,missing_current_targets
ninth_to_esto,BOTH,NINTH,01_production,06_01_crude_oil,ESTO,1,1,1,0,0,lossless_without_override
ninth_to_esto,BOTH,NINTH,01_production,06_02_natural_gas_liquids,ESTO,1,1,1,0,0,lossless_without_override
ninth_to_esto,BOTH,NINTH,01_production,06_x_other_hydrocarbons,ESTO,3,2,2,1,0,missing_current_targets
ninth_to_esto,BOTH,NINTH,01_production,07_01_motor_gasoline,ESTO,1,0,0,1,0,missing_current_targets
ninth_to_esto,BOTH,NINTH,01_production,07_02_aviation_gasoline,ESTO,1,0,0,1,0,missing_current_targets
ninth_to_esto,BOTH,NINTH,01_production,07_03_naphtha,ESTO,1,0,0,1,0,missing_current_targets
ninth_to_esto,BOTH,NINTH,01_production,07_06_kerosene,ESTO,1,0,0,1,0,missing_current_targets
ninth_to_esto,BOTH,NINTH,01_production,07_07_gas_diesel_oil,ESTO,1,0,0,1,0,missing_current_targets
ninth_to_esto,BOTH,NINTH,01_production,07_08_fuel_oil,ESTO,1,0,0,1,0,missing_current_targets
ninth_to_esto,BOTH,NINTH,01_production,07_09_lpg,ESTO,1,0,0,1,0,missing_current_targets
ninth_to_esto,BOTH,NINTH,01_production,07_10_refinery_gas_not_liquefied,ESTO,1,0,0,1,0,missing_current_targets
ninth_to_esto,BOTH,NINTH,01_production,07_11_ethane,ESTO,1,0,0,1,0,missing_current_targets
ninth_to_esto,BOTH,NINTH,01_production,07_petroleum_products_unallocated,ESTO,1,0,0,1,0,missing_current_targets
ninth_to_esto,BOTH,NINTH,01_production,07_x_jet_fuel,ESTO,2,0,0,2,0,missing_current_targets
ninth_to_esto,BOTH,NINTH,01_production,07_x_other_petroleum_products,ESTO,6,0,0,6,0,missing_current_targets
ninth_to_esto,BOTH,NINTH,01_production,08_01_natural_gas,ESTO,1,1,1,0,0,lossless_without_override
ninth_to_esto,BOTH,NINTH,01_production,08_02_lng,ESTO,1,0,0,1,0,missing_current_targets
ninth_to_esto,BOTH,NINTH,01_production,08_03_gas_works_gas,ESTO,1,0,0,1,0,missing_current_targets
ninth_to_esto,BOTH,NINTH,01_production,08_gas_unallocated,ESTO,1,0,0,1,0,missing_current_targets
ninth_to_esto,BOTH,NINTH,01_production,09_nuclear,ESTO,1,1,1,0,0,lossless_without_override
ninth_to_esto,BOTH,NINTH,01_production,10_hydro,ESTO,1,1,1,0,0,lossless_without_override
ninth_to_esto,BOTH,NINTH,01_production,11_geothermal,ESTO,1,1,1,0,0,lossless_without_override
ninth_to_esto,BOTH,NINTH,01_production,12_01_of_which_photovoltaics,ESTO,1,1,1,0,0,lossless_without_override
ninth_to_esto,BOTH,NINTH,01_production,12_solar_unallocated,ESTO,1,1,1,0,0,lossless_without_override
ninth_to_esto,BOTH,NINTH,01_production,12_x_other_solar,ESTO,1,1,1,0,0,lossless_without_override
ninth_to_esto,BOTH,NINTH,01_production,13_tide_wave_ocean,ESTO,1,1,1,0,0,lossless_without_override
ninth_to_esto,BOTH,NINTH,01_production,14_wind,ESTO,1,1,1,0,0,lossless_without_override
ninth_to_esto,BOTH,NINTH,01_production,15_01_fuelwood_and_woodwaste,ESTO,1,1,1,0,0,lossless_without_override
ninth_to_esto,BOTH,NINTH,01_production,15_02_bagasse,ESTO,1,1,1,0,0,lossless_without_override
ninth_to_esto,BOTH,NINTH,01_production,15_03_charcoal,ESTO,1,0,0,1,0,missing_current_targets
ninth_to_esto,BOTH,NINTH,01_production,15_04_black_liquor,ESTO,1,1,1,0,0,lossless_without_override
ninth_to_esto,BOTH,NINTH,01_production,15_05_other_biomass,ESTO,1,1,1,0,0,lossless_without_override
ninth_to_esto,BOTH,NINTH,01_production,15_solid_biomass_unallocated,ESTO,1,1,1,0,0,lossless_without_override
ninth_to_esto,BOTH,NINTH,01_production,16_01_biogas,ESTO,1,1,1,0,0,lossless_without_override
ninth_to_esto,BOTH,NINTH,01_production,16_02_industrial_waste,ESTO,1,1,1,0,0,lossless_without_override
ninth_to_esto,BOTH,NINTH,01_production,16_03_municipal_solid_waste_renewable,ESTO,1,1,1,0,0,lossless_without_override
ninth_to_esto,BOTH,NINTH,01_production,16_04_municipal_solid_waste_nonrenewable,ESTO,1,1,1,0,0,lossless_without_override
ninth_to_esto,BOTH,NINTH,01_production,16_05_biogasoline,ESTO,1,1,1,0,0,lossless_without_override
ninth_to_esto,BOTH,NINTH,01_production,16_06_biodiesel,ESTO,1,1,1,0,0,lossless_without_override
ninth_to_esto,BOTH,NINTH,01_production,16_07_bio_jet_kerosene,ESTO,1,0,0,1,0,missing_current_targets
ninth_to_esto,BOTH,NINTH,01_production,16_08_other_liquid_biofuels,ESTO,1,1,1,0,0,lossless_without_override
ninth_to_esto,BOTH,NINTH,01_production,16_09_other_sources,ESTO,1,1,1,0,0,lossless_without_override
ninth_to_esto,BOTH,NINTH,01_production,16_others_unallocated,ESTO,1,1,1,0,0,lossless_without_override
ninth_to_esto,BOTH,NINTH,01_production,16_x_ammonia,ESTO,1,0,0,1,0,missing_current_targets
ninth_to_esto,BOTH,NINTH,01_production,16_x_efuel,ESTO,1,0,0,1,0,missing_current_targets
ninth_to_esto,BOTH,NINTH,01_production,16_x_hydrogen,ESTO,1,0,0,1,0,missing_current_targets
ninth_to_esto,BOTH,NINTH,01_production,17_electricity,ESTO,1,0,0,1,0,missing_current_targets
ninth_to_esto,BOTH,NINTH,01_production,17_x_green_electricity,ESTO,1,0,0,1,0,missing_current_targets
ninth_to_esto,BOTH,NINTH,01_production,18_heat,ESTO,1,1,1,0,0,lossless_without_override
ninth_to_esto,BOTH,NINTH,02_imports,01_01_coking_coal,ESTO,1,1,1,0,0,lossless_without_override
ninth_to_esto,BOTH,NINTH,02_imports,01_05_lignite,ESTO,1,1,1,0,0,lossless_without_override
ninth_to_esto,BOTH,NINTH,02_imports,01_coal_unallocated,ESTO,1,0,0,1,0,missing_current_targets
ninth_to_esto,BOTH,NINTH,02_imports,01_x_thermal_coal,ESTO,3,3,3,0,0,lossless_without_override
ninth_to_esto,BOTH,NINTH,02_imports,02_coal_products,ESTO,8,5,5,3,0,missing_current_targets
ninth_to_esto,BOTH,NINTH,02_imports,03_peat,ESTO,1,1,1,0,0,lossless_without_override
ninth_to_esto,BOTH,NINTH,02_imports,06_01_crude_oil,ESTO,1,1,1,0,0,lossless_without_override
ninth_to_esto,BOTH,NINTH,02_imports,06_02_natural_gas_liquids,ESTO,1,1,1,0,0,lossless_without_override
ninth_to_esto,BOTH,NINTH,02_imports,06_x_other_hydrocarbons,ESTO,3,3,3,0,0,lossless_without_override
ninth_to_esto,BOTH,NINTH,02_imports,07_01_motor_gasoline,ESTO,1,1,1,0,0,lossless_without_override
ninth_to_esto,BOTH,NINTH,02_imports,07_02_aviation_gasoline,ESTO,1,1,1,0,0,lossless_without_override
ninth_to_esto,BOTH,NINTH,02_imports,07_03_naphtha,ESTO,1,1,1,0,0,lossless_without_override
ninth_to_esto,BOTH,NINTH,02_imports,07_06_kerosene,ESTO,1,1,1,0,0,lossless_without_override
ninth_to_esto,BOTH,NINTH,02_imports,07_07_gas_diesel_oil,ESTO,1,1,1,0,0,lossless_without_override
ninth_to_esto,BOTH,NINTH,02_imports,07_08_fuel_oil,ESTO,1,1,1,0,0,lossless_without_override
ninth_to_esto,BOTH,NINTH,02_imports,07_09_lpg,ESTO,1,1,1,0,0,lossless_without_override
ninth_to_esto,BOTH,NINTH,02_imports,07_10_refinery_gas_not_liquefied,ESTO,1,0,0,1,0,missing_current_targets
ninth_to_esto,BOTH,NINTH,02_imports,07_11_ethane,ESTO,1,1,1,0,0,lossless_without_override
ninth_to_esto,BOTH,NINTH,02_imports,07_petroleum_products_unallocated,ESTO,1,0,0,1,0,missing_current_targets
ninth_to_esto,BOTH,NINTH,02_imports,07_x_jet_fuel,ESTO,2,2,2,0,0,lossless_without_override
ninth_to_esto,BOTH,NINTH,02_imports,07_x_other_petroleum_products,ESTO,6,6,6,0,0,lossless_without_override
ninth_to_esto,BOTH,NINTH,02_imports,08_01_natural_gas,ESTO,1,1,1,0,0,lossless_without_override
ninth_to_esto,BOTH,NINTH,02_imports,08_02_lng,ESTO,1,1,1,0,0,lossless_without_override
ninth_to_esto,BOTH,NINTH,02_imports,08_03_gas_works_gas,ESTO,1,0,0,1,0,missing_current_targets
ninth_to_esto,BOTH,NINTH,02_imports,08_gas_unallocated,ESTO,1,0,0,1,0,missing_current_targets
ninth_to_esto,BOTH,NINTH,02_imports,09_nuclear,ESTO,1,0,0,1,0,missing_current_targets
ninth_to_esto,BOTH,NINTH,02_imports,10_hydro,ESTO,1,0,0,1,0,missing_current_targets
ninth_to_esto,BOTH,NINTH,02_imports,11_geothermal,ESTO,1,0,0,1,0,missing_current_targets
ninth_to_esto,BOTH,NINTH,02_imports,12_01_of_which_photovoltaics,ESTO,1,0,0,1,0,missing_current_targets
ninth_to_esto,BOTH,NINTH,02_imports,12_solar_unallocated,ESTO,1,0,0,1,0,missing_current_targets
ninth_to_esto,BOTH,NINTH,02_imports,12_x_other_solar,ESTO,1,0,0,1,0,missing_current_targets
ninth_to_esto,BOTH,NINTH,02_imports,14_wind,ESTO,1,0,0,1,0,missing_current_targets
ninth_to_esto,BOTH,NINTH,02_imports,15_01_fuelwood_and_woodwaste,ESTO,1,0,0,1,0,missing_current_targets
ninth_to_esto,BOTH,NINTH,02_imports,15_02_bagasse,ESTO,1,0,0,1,0,missing_current_targets
ninth_to_esto,BOTH,NINTH,02_imports,15_03_charcoal,ESTO,1,1,1,0,0,lossless_without_override
ninth_to_esto,BOTH,NINTH,02_imports,15_04_black_liquor,ESTO,1,0,0,1,0,missing_current_targets
ninth_to_esto,BOTH,NINTH,02_imports,15_05_other_biomass,ESTO,1,1,1,0,0,lossless_without_override
ninth_to_esto,BOTH,NINTH,02_imports,16_01_biogas,ESTO,1,0,0,1,0,missing_current_targets
ninth_to_esto,BOTH,NINTH,02_imports,16_02_industrial_waste,ESTO,1,0,0,1,0,missing_current_targets
ninth_to_esto,BOTH,NINTH,02_imports,16_03_municipal_solid_waste_renewable,ESTO,1,0,0,1,0,missing_current_targets
ninth_to_esto,BOTH,NINTH,02_imports,16_04_municipal_solid_waste_nonrenewable,ESTO,1,0,0,1,0,missing_current_targets
ninth_to_esto,BOTH,NINTH,02_imports,16_05_biogasoline,ESTO,1,1,1,0,0,lossless_without_override
ninth_to_esto,BOTH,NINTH,02_imports,16_06_biodiesel,ESTO,1,1,1,0,0,lossless_without_override
ninth_to_esto,BOTH,NINTH,02_imports,16_07_bio_jet_kerosene,ESTO,1,1,1,0,0,lossless_without_override
ninth_to_esto,BOTH,NINTH,02_imports,16_08_other_liquid_biofuels,ESTO,1,0,0,1,0,missing_current_targets
ninth_to_esto,BOTH,NINTH,02_imports,16_09_other_sources,ESTO,1,0,0,1,0,missing_current_targets
ninth_to_esto,BOTH,NINTH,02_imports,16_others_unallocated,ESTO,1,0,0,1,0,missing_current_targets
ninth_to_esto,BOTH,NINTH,02_imports,16_x_ammonia,ESTO,1,0,0,1,0,missing_current_targets
ninth_to_esto,BOTH,NINTH,02_imports,16_x_efuel,ESTO,1,0,0,1,0,missing_current_targets
ninth_to_esto,BOTH,NINTH,02_imports,16_x_hydrogen,ESTO,1,0,0,1,0,missing_current_targets
ninth_to_esto,BOTH,NINTH,02_imports,17_electricity,ESTO,1,1,1,0,0,lossless_without_override
ninth_to_esto,BOTH,NINTH,02_imports,17_x_green_electricity,ESTO,1,1,1,0,0,lossless_without_override
ninth_to_esto,BOTH,NINTH,02_imports,18_heat,ESTO,1,0,0,1,0,missing_current_targets
ninth_to_esto,BOTH,NINTH,03_exports,01_01_coking_coal,ESTO,1,1,1,0,0,lossless_without_override
ninth_to_esto,BOTH,NINTH,03_exports,01_05_lignite,ESTO,1,1,1,0,0,lossless_without_override
ninth_to_esto,BOTH,NINTH,03_exports,01_coal_unallocated,ESTO,1,0,0,1,0,missing_current_targets
ninth_to_esto,BOTH,NINTH,03_exports,01_x_thermal_coal,ESTO,3,3,3,0,0,lossless_without_override
ninth_to_esto,BOTH,NINTH,03_exports,02_coal_products,ESTO,8,4,4,4,0,missing_current_targets
ninth_to_esto,BOTH,NINTH,03_exports,06_01_crude_oil,ESTO,1,1,1,0,0,lossless_without_override
ninth_to_esto,BOTH,NINTH,03_exports,06_02_natural_gas_liquids,ESTO,1,1,1,0,0,lossless_without_override
ninth_to_esto,BOTH,NINTH,03_exports,06_x_other_hydrocarbons,ESTO,3,3,3,0,0,lossless_without_override
ninth_to_esto,BOTH,NINTH,03_exports,07_01_motor_gasoline,ESTO,1,1,1,0,0,lossless_without_override
ninth_to_esto,BOTH,NINTH,03_exports,07_02_aviation_gasoline,ESTO,1,1,1,0,0,lossless_without_override
ninth_to_esto,BOTH,NINTH,03_exports,07_03_naphtha,ESTO,1,1,1,0,0,lossless_without_override
ninth_to_esto,BOTH,NINTH,03_exports,07_06_kerosene,ESTO,1,1,1,0,0,lossless_without_override
ninth_to_esto,BOTH,NINTH,03_exports,07_07_gas_diesel_oil,ESTO,1,1,1,0,0,lossless_without_override
ninth_to_esto,BOTH,NINTH,03_exports,07_08_fuel_oil,ESTO,1,1,1,0,0,lossless_without_override
ninth_to_esto,BOTH,NINTH,03_exports,07_09_lpg,ESTO,1,1,1,0,0,lossless_without_override
ninth_to_esto,BOTH,NINTH,03_exports,07_10_refinery_gas_not_liquefied,ESTO,1,0,0,1,0,missing_current_targets
ninth_to_esto,BOTH,NINTH,03_exports,07_11_ethane,ESTO,1,1,1,0,0,lossless_without_override
ninth_to_esto,BOTH,NINTH,03_exports,07_petroleum_products_unallocated,ESTO,1,0,0,1,0,missing_current_targets
ninth_to_esto,BOTH,NINTH,03_exports,07_x_jet_fuel,ESTO,2,2,2,0,0,lossless_without_override
ninth_to_esto,BOTH,NINTH,03_exports,07_x_other_petroleum_products,ESTO,6,6,6,0,0,lossless_without_override
ninth_to_esto,BOTH,NINTH,03_exports,08_01_natural_gas,ESTO,1,1,1,0,0,lossless_without_override
ninth_to_esto,BOTH,NINTH,03_exports,08_02_lng,ESTO,1,1,1,0,0,lossless_without_override
ninth_to_esto,BOTH,NINTH,03_exports,08_03_gas_works_gas,ESTO,1,0,0,1,0,missing_current_targets
ninth_to_esto,BOTH,NINTH,03_exports,09_nuclear,ESTO,1,0,0,1,0,missing_current_targets
ninth_to_esto,BOTH,NINTH,03_exports,10_hydro,ESTO,1,0,0,1,0,missing_current_targets
ninth_to_esto,BOTH,NINTH,03_exports,11_geothermal,ESTO,1,0,0,1,0,missing_current_targets
ninth_to_esto,BOTH,NINTH,03_exports,12_01_of_which_photovoltaics,ESTO,1,0,0,1,0,missing_current_targets
ninth_to_esto,BOTH,NINTH,03_exports,12_solar_unallocated,ESTO,1,0,0,1,0,missing_current_targets
ninth_to_esto,BOTH,NINTH,03_exports,12_x_other_solar,ESTO,1,0,0,1,0,missing_current_targets
ninth_to_esto,BOTH,NINTH,03_exports,14_wind,ESTO,1,0,0,1,0,missing_current_targets
ninth_to_esto,BOTH,NINTH,03_exports,15_01_fuelwood_and_woodwaste,ESTO,1,0,0,1,0,missing_current_targets
ninth_to_esto,BOTH,NINTH,03_exports,15_02_bagasse,ESTO,1,0,0,1,0,missing_current_targets
ninth_to_esto,BOTH,NINTH,03_exports,15_03_charcoal,ESTO,1,1,1,0,0,lossless_without_override
ninth_to_esto,BOTH,NINTH,03_exports,15_04_black_liquor,ESTO,1,0,0,1,0,missing_current_targets
ninth_to_esto,BOTH,NINTH,03_exports,15_05_other_biomass,ESTO,1,1,1,0,0,lossless_without_override
ninth_to_esto,BOTH,NINTH,03_exports,16_01_biogas,ESTO,1,0,0,1,0,missing_current_targets
ninth_to_esto,BOTH,NINTH,03_exports,16_02_industrial_waste,ESTO,1,0,0,1,0,missing_current_targets
ninth_to_esto,BOTH,NINTH,03_exports,16_03_municipal_solid_waste_renewable,ESTO,1,0,0,1,0,missing_current_targets
ninth_to_esto,BOTH,NINTH,03_exports,16_04_municipal_solid_waste_nonrenewable,ESTO,1,0,0,1,0,missing_current_targets
ninth_to_esto,BOTH,NINTH,03_exports,16_05_biogasoline,ESTO,1,1,1,0,0,lossless_without_override
ninth_to_esto,BOTH,NINTH,03_exports,16_06_biodiesel,ESTO,1,1,1,0,0,lossless_without_override
ninth_to_esto,BOTH,NINTH,03_exports,16_07_bio_jet_kerosene,ESTO,1,0,0,1,0,missing_current_targets
ninth_to_esto,BOTH,NINTH,03_exports,16_08_other_liquid_biofuels,ESTO,1,0,0,1,0,missing_current_targets
ninth_to_esto,BOTH,NINTH,03_exports,16_09_other_sources,ESTO,1,0,0,1,0,missing_current_targets
ninth_to_esto,BOTH,NINTH,03_exports,16_others_unallocated,ESTO,1,0,0,1,0,missing_current_targets
ninth_to_esto,BOTH,NINTH,03_exports,16_x_ammonia,ESTO,1,0,0,1,0,missing_current_targets
ninth_to_esto,BOTH,NINTH,03_exports,16_x_efuel,ESTO,1,0,0,1,0,missing_current_targets
ninth_to_esto,BOTH,NINTH,03_exports,16_x_hydrogen,ESTO,1,0,0,1,0,missing_current_targets
ninth_to_esto,BOTH,NINTH,03_exports,17_electricity,ESTO,1,1,1,0,0,lossless_without_override
ninth_to_esto,BOTH,NINTH,03_exports,17_x_green_electricity,ESTO,1,1,1,0,0,lossless_without_override
ninth_to_esto,BOTH,NINTH,03_exports,18_heat,ESTO,1,0,0,1,0,missing_current_targets
ninth_to_esto,BOTH,NINTH,04-05 International transport (bunkers),07_01_motor_gasoline,ESTO,1,0,0,1,0,missing_current_targets
ninth_to_esto,BOTH,NINTH,04-05 International transport (bunkers),07_02_aviation_gasoline,ESTO,1,0,0,1,0,missing_current_targets
ninth_to_esto,BOTH,NINTH,04-05 International transport (bunkers),07_07_gas_diesel_oil,ESTO,1,0,0,1,0,missing_current_targets
ninth_to_esto,BOTH,NINTH,04-05 International transport (bunkers),07_08_fuel_oil,ESTO,1,0,0,1,0,missing_current_targets
ninth_to_esto,BOTH,NINTH,04-05 International transport (bunkers),07_09_lpg,ESTO,1,0,0,1,0,missing_current_targets
ninth_to_esto,BOTH,NINTH,04-05 International transport (bunkers),08_01_natural_gas,ESTO,1,0,0,1,0,missing_current_targets
ninth_to_esto,BOTH,NINTH,04-05 International transport (bunkers),08_02_lng,ESTO,1,0,0,1,0,missing_current_targets
ninth_to_esto,BOTH,NINTH,04-05 International transport (bunkers),16_01_biogas,ESTO,1,0,0,1,0,missing_current_targets
ninth_to_esto,BOTH,NINTH,04-05 International transport (bunkers),16_05_biogasoline,ESTO,1,0,0,1,0,missing_current_targets
ninth_to_esto,BOTH,NINTH,04-05 International transport (bunkers),16_06_biodiesel,ESTO,1,0,0,1,0,missing_current_targets
ninth_to_esto,BOTH,NINTH,04-05 International transport (bunkers),16_07_bio_jet_kerosene,ESTO,1,0,0,1,0,missing_current_targets
ninth_to_esto,BOTH,NINTH,04-05 International transport (bunkers),16_x_ammonia,ESTO,1,0,0,1,0,missing_current_targets
ninth_to_esto,BOTH,NINTH,04-05 International transport (bunkers),16_x_efuel,ESTO,1,0,0,1,0,missing_current_targets
ninth_to_esto,BOTH,NINTH,04-05 International transport (bunkers),16_x_hydrogen,ESTO,1,0,0,1,0,missing_current_targets
ninth_to_esto,BOTH,NINTH,04_international_marine_bunkers,07_01_motor_gasoline,ESTO,1,1,1,0,0,lossless_without_override
ninth_to_esto,BOTH,NINTH,04_international_marine_bunkers,07_07_gas_diesel_oil,ESTO,1,1,1,0,0,lossless_without_override
ninth_to_esto,BOTH,NINTH,04_international_marine_bunkers,07_08_fuel_oil,ESTO,1,1,1,0,0,lossless_without_override
ninth_to_esto,BOTH,NINTH,04_international_marine_bunkers,07_09_lpg,ESTO,1,1,1,0,0,lossless_without_override
ninth_to_esto,BOTH,NINTH,04_international_marine_bunkers,07_x_other_petroleum_products,ESTO,2,3,2,0,1,extra_factorised_targets
ninth_to_esto,BOTH,NINTH,04_international_marine_bunkers,08_01_natural_gas,ESTO,1,1,1,0,0,lossless_without_override
ninth_to_esto,BOTH,NINTH,04_international_marine_bunkers,08_02_lng,ESTO,1,1,1,0,0,lossless_without_override
ninth_to_esto,BOTH,NINTH,04_international_marine_bunkers,16_01_biogas,ESTO,1,0,0,1,0,missing_current_targets
ninth_to_esto,BOTH,NINTH,04_international_marine_bunkers,16_05_biogasoline,ESTO,1,0,0,1,0,missing_current_targets
ninth_to_esto,BOTH,NINTH,04_international_marine_bunkers,16_06_biodiesel,ESTO,1,1,1,0,0,lossless_without_override
ninth_to_esto,BOTH,NINTH,04_international_marine_bunkers,16_x_ammonia,ESTO,1,0,0,1,0,missing_current_targets
ninth_to_esto,BOTH,NINTH,04_international_marine_bunkers,16_x_efuel,ESTO,1,0,0,1,0,missing_current_targets
ninth_to_esto,BOTH,NINTH,05_international_aviation_bunkers,07_01_motor_gasoline,ESTO,1,1,1,0,0,lossless_without_override
ninth_to_esto,BOTH,NINTH,05_international_aviation_bunkers,07_02_aviation_gasoline,ESTO,1,1,1,0,0,lossless_without_override
ninth_to_esto,BOTH,NINTH,05_international_aviation_bunkers,07_x_jet_fuel,ESTO,2,2,2,0,0,lossless_without_override
ninth_to_esto,BOTH,NINTH,05_international_aviation_bunkers,16_05_biogasoline,ESTO,1,0,0,1,0,missing_current_targets
ninth_to_esto,BOTH,NINTH,05_international_aviation_bunkers,16_07_bio_jet_kerosene,ESTO,1,0,0,1,0,missing_current_targets
ninth_to_esto,BOTH,NINTH,05_international_aviation_bunkers,16_x_efuel,ESTO,1,0,0,1,0,missing_current_targets
ninth_to_esto,BOTH,NINTH,05_international_aviation_bunkers,16_x_hydrogen,ESTO,1,0,0,1,0,missing_current_targets
ninth_to_esto,BOTH,NINTH,07_total_primary_energy_supply,01_01_coking_coal,ESTO,1,1,1,0,0,lossless_without_override
ninth_to_esto,BOTH,NINTH,07_total_primary_energy_supply,01_05_lignite,ESTO,1,1,1,0,0,lossless_without_override
ninth_to_esto,BOTH,NINTH,07_total_primary_energy_supply,01_coal_unallocated,ESTO,1,0,0,1,0,missing_current_targets
ninth_to_esto,BOTH,NINTH,07_total_primary_energy_supply,01_x_thermal_coal,ESTO,3,3,3,0,0,lossless_without_override
ninth_to_esto,BOTH,NINTH,07_total_primary_energy_supply,02_coal_products,ESTO,8,5,5,3,0,missing_current_targets
ninth_to_esto,BOTH,NINTH,07_total_primary_energy_supply,03_peat,ESTO,1,1,1,0,0,lossless_without_override
ninth_to_esto,BOTH,NINTH,07_total_primary_energy_supply,06_01_crude_oil,ESTO,1,1,1,0,0,lossless_without_override
ninth_to_esto,BOTH,NINTH,07_total_primary_energy_supply,06_02_natural_gas_liquids,ESTO,1,1,1,0,0,lossless_without_override
ninth_to_esto,BOTH,NINTH,07_total_primary_energy_supply,06_x_other_hydrocarbons,ESTO,3,3,3,0,0,lossless_without_override
ninth_to_esto,BOTH,NINTH,07_total_primary_energy_supply,07_01_motor_gasoline,ESTO,1,1,1,0,0,lossless_without_override
ninth_to_esto,BOTH,NINTH,07_total_primary_energy_supply,07_02_aviation_gasoline,ESTO,1,1,1,0,0,lossless_without_override
ninth_to_esto,BOTH,NINTH,07_total_primary_energy_supply,07_03_naphtha,ESTO,1,1,1,0,0,lossless_without_override
ninth_to_esto,BOTH,NINTH,07_total_primary_energy_supply,07_06_kerosene,ESTO,1,1,1,0,0,lossless_without_override
ninth_to_esto,BOTH,NINTH,07_total_primary_energy_supply,07_07_gas_diesel_oil,ESTO,1,1,1,0,0,lossless_without_override
ninth_to_esto,BOTH,NINTH,07_total_primary_energy_supply,07_08_fuel_oil,ESTO,1,1,1,0,0,lossless_without_override
ninth_to_esto,BOTH,NINTH,07_total_primary_energy_supply,07_09_lpg,ESTO,1,1,1,0,0,lossless_without_override
ninth_to_esto,BOTH,NINTH,07_total_primary_energy_supply,07_10_refinery_gas_not_liquefied,ESTO,1,1,1,0,0,lossless_without_override
ninth_to_esto,BOTH,NINTH,07_total_primary_energy_supply,07_11_ethane,ESTO,1,1,1,0,0,lossless_without_override
ninth_to_esto,BOTH,NINTH,07_total_primary_energy_supply,07_petroleum_products_unallocated,ESTO,1,0,0,1,0,missing_current_targets
ninth_to_esto,BOTH,NINTH,07_total_primary_energy_supply,07_x_jet_fuel,ESTO,2,2,2,0,0,lossless_without_override
ninth_to_esto,BOTH,NINTH,07_total_primary_energy_supply,07_x_other_petroleum_products,ESTO,6,6,6,0,0,lossless_without_override
ninth_to_esto,BOTH,NINTH,07_total_primary_energy_supply,08_01_natural_gas,ESTO,1,1,1,0,0,lossless_without_override
ninth_to_esto,BOTH,NINTH,07_total_primary_energy_supply,08_02_lng,ESTO,1,1,1,0,0,lossless_without_override
ninth_to_esto,BOTH,NINTH,07_total_primary_energy_supply,08_03_gas_works_gas,ESTO,1,0,0,1,0,missing_current_targets
ninth_to_esto,BOTH,NINTH,07_total_primary_energy_supply,08_gas_unallocated,ESTO,1,0,0,1,0,missing_current_targets
ninth_to_esto,BOTH,NINTH,07_total_primary_energy_supply,09_nuclear,ESTO,1,1,1,0,0,lossless_without_override
ninth_to_esto,BOTH,NINTH,07_total_primary_energy_supply,10_hydro,ESTO,1,1,1,0,0,lossless_without_override
ninth_to_esto,BOTH,NINTH,07_total_primary_energy_supply,11_geothermal,ESTO,1,1,1,0,0,lossless_without_override
ninth_to_esto,BOTH,NINTH,07_total_primary_energy_supply,12_01_of_which_photovoltaics,ESTO,1,1,1,0,0,lossless_without_override
ninth_to_esto,BOTH,NINTH,07_total_primary_energy_supply,12_solar_unallocated,ESTO,1,1,1,0,0,lossless_without_override
ninth_to_esto,BOTH,NINTH,07_total_primary_energy_supply,12_x_other_solar,ESTO,1,1,1,0,0,lossless_without_override
ninth_to_esto,BOTH,NINTH,07_total_primary_energy_supply,13_tide_wave_ocean,ESTO,1,1,1,0,0,lossless_without_override
ninth_to_esto,BOTH,NINTH,07_total_primary_energy_supply,14_wind,ESTO,1,1,1,0,0,lossless_without_override
ninth_to_esto,BOTH,NINTH,07_total_primary_energy_supply,15_01_fuelwood_and_woodwaste,ESTO,1,1,1,0,0,lossless_without_override
ninth_to_esto,BOTH,NINTH,07_total_primary_energy_supply,15_02_bagasse,ESTO,1,1,1,0,0,lossless_without_override
ninth_to_esto,BOTH,NINTH,07_total_primary_energy_supply,15_03_charcoal,ESTO,1,1,1,0,0,lossless_without_override
ninth_to_esto,BOTH,NINTH,07_total_primary_energy_supply,15_04_black_liquor,ESTO,1,1,1,0,0,lossless_without_override
ninth_to_esto,BOTH,NINTH,07_total_primary_energy_supply,15_05_other_biomass,ESTO,1,1,1,0,0,lossless_without_override
ninth_to_esto,BOTH,NINTH,07_total_primary_energy_supply,15_solid_biomass_unallocated,ESTO,1,1,1,0,0,lossless_without_override
ninth_to_esto,BOTH,NINTH,07_total_primary_energy_supply,16_01_biogas,ESTO,1,1,1,0,0,lossless_without_override
ninth_to_esto,BOTH,NINTH,07_total_primary_energy_supply,16_02_industrial_waste,ESTO,1,1,1,0,0,lossless_without_override
ninth_to_esto,BOTH,NINTH,07_total_primary_energy_supply,16_03_municipal_solid_waste_renewable,ESTO,1,1,1,0,0,lossless_without_override
ninth_to_esto,BOTH,NINTH,07_total_primary_energy_supply,16_04_municipal_solid_waste_nonrenewable,ESTO,1,1,1,0,0,lossless_without_override
ninth_to_esto,BOTH,NINTH,07_total_primary_energy_supply,16_05_biogasoline,ESTO,1,1,1,0,0,lossless_without_override
ninth_to_esto,BOTH,NINTH,07_total_primary_energy_supply,16_06_biodiesel,ESTO,1,1,1,0,0,lossless_without_override
ninth_to_esto,BOTH,NINTH,07_total_primary_energy_supply,16_07_bio_jet_kerosene,ESTO,1,1,1,0,0,lossless_without_override
ninth_to_esto,BOTH,NINTH,07_total_primary_energy_supply,16_08_other_liquid_biofuels,ESTO,1,1,1,0,0,lossless_without_override
ninth_to_esto,BOTH,NINTH,07_total_primary_energy_supply,16_09_other_sources,ESTO,1,1,1,0,0,lossless_without_override
ninth_to_esto,BOTH,NINTH,07_total_primary_energy_supply,16_others_unallocated,ESTO,1,1,1,0,0,lossless_without_override
ninth_to_esto,BOTH,NINTH,07_total_primary_energy_supply,16_x_ammonia,ESTO,1,0,0,1,0,missing_current_targets
ninth_to_esto,BOTH,NINTH,07_total_primary_energy_supply,16_x_efuel,ESTO,1,0,0,1,0,missing_current_targets
ninth_to_esto,BOTH,NINTH,07_total_primary_energy_supply,16_x_hydrogen,ESTO,1,0,0,1,0,missing_current_targets
ninth_to_esto,BOTH,NINTH,07_total_primary_energy_supply,17_electricity,ESTO,1,1,1,0,0,lossless_without_override
ninth_to_esto,BOTH,NINTH,07_total_primary_energy_supply,17_x_green_electricity,ESTO,1,1,1,0,0,lossless_without_override
ninth_to_esto,BOTH,NINTH,07_total_primary_energy_supply,18_heat,ESTO,1,1,1,0,0,lossless_without_override
ninth_to_esto,BOTH,NINTH,08_transfers,06_01_crude_oil,ESTO,1,1,1,0,0,lossless_without_override
ninth_to_esto,BOTH,NINTH,08_transfers,06_02_natural_gas_liquids,ESTO,1,1,1,0,0,lossless_without_override
ninth_to_esto,BOTH,NINTH,08_transfers,06_x_other_hydrocarbons,ESTO,3,3,3,0,0,lossless_without_override
ninth_to_esto,BOTH,NINTH,08_transfers,07_01_motor_gasoline,ESTO,1,1,1,0,0,lossless_without_override
ninth_to_esto,BOTH,NINTH,08_transfers,07_02_aviation_gasoline,ESTO,1,1,1,0,0,lossless_without_override
ninth_to_esto,BOTH,NINTH,08_transfers,07_03_naphtha,ESTO,1,1,1,0,0,lossless_without_override
ninth_to_esto,BOTH,NINTH,08_transfers,07_06_kerosene,ESTO,1,1,1,0,0,lossless_without_override
ninth_to_esto,BOTH,NINTH,08_transfers,07_07_gas_diesel_oil,ESTO,1,1,1,0,0,lossless_without_override
ninth_to_esto,BOTH,NINTH,08_transfers,07_08_fuel_oil,ESTO,1,1,1,0,0,lossless_without_override
ninth_to_esto,BOTH,NINTH,08_transfers,07_09_lpg,ESTO,1,1,1,0,0,lossless_without_override
ninth_to_esto,BOTH,NINTH,08_transfers,07_10_refinery_gas_not_liquefied,ESTO,1,1,1,0,0,lossless_without_override
ninth_to_esto,BOTH,NINTH,08_transfers,07_11_ethane,ESTO,1,1,1,0,0,lossless_without_override
ninth_to_esto,BOTH,NINTH,08_transfers,07_petroleum_products_unallocated,ESTO,1,0,0,1,0,missing_current_targets
ninth_to_esto,BOTH,NINTH,08_transfers,07_x_jet_fuel,ESTO,2,2,2,0,0,lossless_without_override
ninth_to_esto,BOTH,NINTH,08_transfers,07_x_other_petroleum_products,ESTO,6,6,6,0,0,lossless_without_override
ninth_to_esto,BOTH,NINTH,"09_01-09_02,09_x Power sector",01_05_lignite,ESTO,1,0,0,1,0,missing_current_targets
ninth_to_esto,BOTH,NINTH,"09_01-09_02,09_x Power sector",01_x_thermal_coal,ESTO,3,0,0,3,0,missing_current_targets
ninth_to_esto,BOTH,NINTH,"09_01-09_02,09_x Power sector",02_coal_products,ESTO,8,0,0,8,0,missing_current_targets
ninth_to_esto,BOTH,NINTH,"09_01-09_02,09_x Power sector",03_peat,ESTO,1,0,0,1,0,missing_current_targets
ninth_to_esto,BOTH,NINTH,"09_01-09_02,09_x Power sector",04_peat_products,ESTO,1,0,0,1,0,missing_current_targets
ninth_to_esto,BOTH,NINTH,"09_01-09_02,09_x Power sector",06_01_crude_oil,ESTO,1,0,0,1,0,missing_current_targets
ninth_to_esto,BOTH,NINTH,"09_01-09_02,09_x Power sector",06_02_natural_gas_liquids,ESTO,1,0,0,1,0,missing_current_targets
ninth_to_esto,BOTH,NINTH,"09_01-09_02,09_x Power sector",06_x_other_hydrocarbons,ESTO,2,0,0,2,0,missing_current_targets
ninth_to_esto,BOTH,NINTH,"09_01-09_02,09_x Power sector",07_01_motor_gasoline,ESTO,1,0,0,1,0,missing_current_targets
ninth_to_esto,BOTH,NINTH,"09_01-09_02,09_x Power sector",07_03_naphtha,ESTO,1,0,0,1,0,missing_current_targets
ninth_to_esto,BOTH,NINTH,"09_01-09_02,09_x Power sector",07_06_kerosene,ESTO,1,0,0,1,0,missing_current_targets
ninth_to_esto,BOTH,NINTH,"09_01-09_02,09_x Power sector",07_07_gas_diesel_oil,ESTO,1,0,0,1,0,missing_current_targets
ninth_to_esto,BOTH,NINTH,"09_01-09_02,09_x Power sector",07_08_fuel_oil,ESTO,1,0,0,1,0,missing_current_targets
ninth_to_esto,BOTH,NINTH,"09_01-09_02,09_x Power sector",07_09_lpg,ESTO,1,0,0,1,0,missing_current_targets
ninth_to_esto,BOTH,NINTH,"09_01-09_02,09_x Power sector",07_10_refinery_gas_not_liquefied,ESTO,1,0,0,1,0,missing_current_targets
ninth_to_esto,BOTH,NINTH,"09_01-09_02,09_x Power sector",07_x_jet_fuel,ESTO,1,0,0,1,0,missing_current_targets
ninth_to_esto,BOTH,NINTH,"09_01-09_02,09_x Power sector",07_x_other_petroleum_products,ESTO,3,0,0,3,0,missing_current_targets
ninth_to_esto,BOTH,NINTH,"09_01-09_02,09_x Power sector",08_01_natural_gas,ESTO,1,0,0,1,0,missing_current_targets
ninth_to_esto,BOTH,NINTH,"09_01-09_02,09_x Power sector",08_02_lng,ESTO,1,0,0,1,0,missing_current_targets
ninth_to_esto,BOTH,NINTH,"09_01-09_02,09_x Power sector",08_03_gas_works_gas,ESTO,1,0,0,1,0,missing_current_targets
ninth_to_esto,BOTH,NINTH,"09_01-09_02,09_x Power sector",09_nuclear,ESTO,1,0,0,1,0,missing_current_targets
ninth_to_esto,BOTH,NINTH,"09_01-09_02,09_x Power sector",10_hydro,ESTO,1,0,0,1,0,missing_current_targets
ninth_to_esto,BOTH,NINTH,"09_01-09_02,09_x Power sector",11_geothermal,ESTO,1,0,0,1,0,missing_current_targets
ninth_to_esto,BOTH,NINTH,"09_01-09_02,09_x Power sector",12_01_of_which_photovoltaics,ESTO,1,0,0,1,0,missing_current_targets
ninth_to_esto,BOTH,NINTH,"09_01-09_02,09_x Power sector",12_solar_unallocated,ESTO,1,0,0,1,0,missing_current_targets
ninth_to_esto,BOTH,NINTH,"09_01-09_02,09_x Power sector",12_x_other_solar,ESTO,1,0,0,1,0,missing_current_targets
ninth_to_esto,BOTH,NINTH,"09_01-09_02,09_x Power sector",13_tide_wave_ocean,ESTO,1,0,0,1,0,missing_current_targets
ninth_to_esto,BOTH,NINTH,"09_01-09_02,09_x Power sector",14_wind,ESTO,1,0,0,1,0,missing_current_targets
ninth_to_esto,BOTH,NINTH,"09_01-09_02,09_x Power sector",15_01_fuelwood_and_woodwaste,ESTO,1,0,0,1,0,missing_current_targets
ninth_to_esto,BOTH,NINTH,"09_01-09_02,09_x Power sector",15_02_bagasse,ESTO,1,0,0,1,0,missing_current_targets
ninth_to_esto,BOTH,NINTH,"09_01-09_02,09_x Power sector",15_04_black_liquor,ESTO,1,0,0,1,0,missing_current_targets
ninth_to_esto,BOTH,NINTH,"09_01-09_02,09_x Power sector",15_05_other_biomass,ESTO,1,0,0,1,0,missing_current_targets
ninth_to_esto,BOTH,NINTH,"09_01-09_02,09_x Power sector",15_solid_biomass_unallocated,ESTO,1,0,0,1,0,missing_current_targets
ninth_to_esto,BOTH,NINTH,"09_01-09_02,09_x Power sector",16_01_biogas,ESTO,1,0,0,1,0,missing_current_targets
ninth_to_esto,BOTH,NINTH,"09_01-09_02,09_x Power sector",16_02_industrial_waste,ESTO,1,0,0,1,0,missing_current_targets
ninth_to_esto,BOTH,NINTH,"09_01-09_02,09_x Power sector",16_03_municipal_solid_waste_renewable,ESTO,1,0,0,1,0,missing_current_targets
ninth_to_esto,BOTH,NINTH,"09_01-09_02,09_x Power sector",16_04_municipal_solid_waste_nonrenewable,ESTO,1,0,0,1,0,missing_current_targets
ninth_to_esto,BOTH,NINTH,"09_01-09_02,09_x Power sector",16_06_biodiesel,ESTO,1,0,0,1,0,missing_current_targets
ninth_to_esto,BOTH,NINTH,"09_01-09_02,09_x Power sector",16_08_other_liquid_biofuels,ESTO,1,0,0,1,0,missing_current_targets
ninth_to_esto,BOTH,NINTH,"09_01-09_02,09_x Power sector",16_09_other_sources,ESTO,1,0,0,1,0,missing_current_targets
ninth_to_esto,BOTH,NINTH,"09_01-09_02,09_x Power sector",16_others_unallocated,ESTO,1,0,0,1,0,missing_current_targets
ninth_to_esto,BOTH,NINTH,"09_01-09_02,09_x Power sector",16_x_ammonia,ESTO,1,0,0,1,0,missing_current_targets
ninth_to_esto,BOTH,NINTH,"09_01-09_02,09_x Power sector",16_x_hydrogen,ESTO,1,0,0,1,0,missing_current_targets
ninth_to_esto,BOTH,NINTH,"09_01-09_02,09_x Power sector",17_electricity,ESTO,1,0,0,1,0,missing_current_targets
ninth_to_esto,BOTH,NINTH,"09_01-09_02,09_x Power sector",18_heat,ESTO,1,0,0,1,0,missing_current_targets
ninth_to_esto,BOTH,NINTH,09_01_electricity_plants,01_05_lignite,ESTO,1,0,0,1,0,missing_current_targets
ninth_to_esto,BOTH,NINTH,09_01_electricity_plants,01_x_thermal_coal,ESTO,3,0,0,3,0,missing_current_targets
ninth_to_esto,BOTH,NINTH,09_01_electricity_plants,02_coal_products,ESTO,8,0,0,8,0,missing_current_targets
ninth_to_esto,BOTH,NINTH,09_01_electricity_plants,06_01_crude_oil,ESTO,1,0,0,1,0,missing_current_targets
ninth_to_esto,BOTH,NINTH,09_01_electricity_plants,06_02_natural_gas_liquids,ESTO,1,0,0,1,0,missing_current_targets
ninth_to_esto,BOTH,NINTH,09_01_electricity_plants,06_x_other_hydrocarbons,ESTO,1,0,0,1,0,missing_current_targets
ninth_to_esto,BOTH,NINTH,09_01_electricity_plants,07_01_motor_gasoline,ESTO,1,0,0,1,0,missing_current_targets
ninth_to_esto,BOTH,NINTH,09_01_electricity_plants,07_03_naphtha,ESTO,1,0,0,1,0,missing_current_targets
ninth_to_esto,BOTH,NINTH,09_01_electricity_plants,07_06_kerosene,ESTO,1,0,0,1,0,missing_current_targets
ninth_to_esto,BOTH,NINTH,09_01_electricity_plants,07_07_gas_diesel_oil,ESTO,1,0,0,1,0,missing_current_targets
ninth_to_esto,BOTH,NINTH,09_01_electricity_plants,07_08_fuel_oil,ESTO,1,0,0,1,0,missing_current_targets
ninth_to_esto,BOTH,NINTH,09_01_electricity_plants,07_09_lpg,ESTO,1,0,0,1,0,missing_current_targets
ninth_to_esto,BOTH,NINTH,09_01_electricity_plants,07_10_refinery_gas_not_liquefied,ESTO,1,0,0,1,0,missing_current_targets
ninth_to_esto,BOTH,NINTH,09_01_electricity_plants,07_petroleum_products_unallocated,ESTO,1,0,0,1,0,missing_current_targets
ninth_to_esto,BOTH,NINTH,09_01_electricity_plants,07_x_jet_fuel,ESTO,1,0,0,1,0,missing_current_targets
ninth_to_esto,BOTH,NINTH,09_01_electricity_plants,07_x_other_petroleum_products,ESTO,3,0,0,3,0,missing_current_targets
ninth_to_esto,BOTH,NINTH,09_01_electricity_plants,08_01_natural_gas,ESTO,1,0,0,1,0,missing_current_targets
ninth_to_esto,BOTH,NINTH,09_01_electricity_plants,08_02_lng,ESTO,1,0,0,1,0,missing_current_targets
ninth_to_esto,BOTH,NINTH,09_01_electricity_plants,08_03_gas_works_gas,ESTO,1,0,0,1,0,missing_current_targets
ninth_to_esto,BOTH,NINTH,09_01_electricity_plants,09_nuclear,ESTO,1,0,0,1,0,missing_current_targets
ninth_to_esto,BOTH,NINTH,09_01_electricity_plants,10_hydro,ESTO,1,0,0,1,0,missing_current_targets
ninth_to_esto,BOTH,NINTH,09_01_electricity_plants,11_geothermal,ESTO,1,0,0,1,0,missing_current_targets
ninth_to_esto,BOTH,NINTH,09_01_electricity_plants,12_01_of_which_photovoltaics,ESTO,1,0,0,1,0,missing_current_targets
ninth_to_esto,BOTH,NINTH,09_01_electricity_plants,12_solar_unallocated,ESTO,1,0,0,1,0,missing_current_targets
ninth_to_esto,BOTH,NINTH,09_01_electricity_plants,12_x_other_solar,ESTO,1,0,0,1,0,missing_current_targets
ninth_to_esto,BOTH,NINTH,09_01_electricity_plants,13_tide_wave_ocean,ESTO,1,0,0,1,0,missing_current_targets
ninth_to_esto,BOTH,NINTH,09_01_electricity_plants,14_wind,ESTO,1,0,0,1,0,missing_current_targets
ninth_to_esto,BOTH,NINTH,09_01_electricity_plants,15_01_fuelwood_and_woodwaste,ESTO,1,0,0,1,0,missing_current_targets
ninth_to_esto,BOTH,NINTH,09_01_electricity_plants,15_02_bagasse,ESTO,1,0,0,1,0,missing_current_targets
ninth_to_esto,BOTH,NINTH,09_01_electricity_plants,15_04_black_liquor,ESTO,1,0,0,1,0,missing_current_targets
ninth_to_esto,BOTH,NINTH,09_01_electricity_plants,15_05_other_biomass,ESTO,1,0,0,1,0,missing_current_targets
ninth_to_esto,BOTH,NINTH,09_01_electricity_plants,15_solid_biomass_unallocated,ESTO,1,0,0,1,0,missing_current_targets
ninth_to_esto,BOTH,NINTH,09_01_electricity_plants,16_01_biogas,ESTO,1,0,0,1,0,missing_current_targets
ninth_to_esto,BOTH,NINTH,09_01_electricity_plants,16_02_industrial_waste,ESTO,1,0,0,1,0,missing_current_targets
ninth_to_esto,BOTH,NINTH,09_01_electricity_plants,16_03_municipal_solid_waste_renewable,ESTO,1,0,0,1,0,missing_current_targets
ninth_to_esto,BOTH,NINTH,09_01_electricity_plants,16_04_municipal_solid_waste_nonrenewable,ESTO,1,0,0,1,0,missing_current_targets
ninth_to_esto,BOTH,NINTH,09_01_electricity_plants,16_06_biodiesel,ESTO,1,0,0,1,0,missing_current_targets
ninth_to_esto,BOTH,NINTH,09_01_electricity_plants,16_08_other_liquid_biofuels,ESTO,1,0,0,1,0,missing_current_targets
ninth_to_esto,BOTH,NINTH,09_01_electricity_plants,16_09_other_sources,ESTO,1,0,0,1,0,missing_current_targets
ninth_to_esto,BOTH,NINTH,09_01_electricity_plants,16_others_unallocated,ESTO,1,0,0,1,0,missing_current_targets
ninth_to_esto,BOTH,NINTH,09_01_electricity_plants,16_x_ammonia,ESTO,1,0,0,1,0,missing_current_targets
ninth_to_esto,BOTH,NINTH,09_01_electricity_plants,16_x_hydrogen,ESTO,1,0,0,1,0,missing_current_targets
ninth_to_esto,BOTH,NINTH,09_01_electricity_plants,17_electricity,ESTO,1,0,0,1,0,missing_current_targets
ninth_to_esto,BOTH,NINTH,09_01_electricity_plants,18_heat,ESTO,1,0,0,1,0,missing_current_targets
ninth_to_esto,BOTH,NINTH,09_02_chp_plants,01_05_lignite,ESTO,1,0,0,1,0,missing_current_targets
ninth_to_esto,BOTH,NINTH,09_02_chp_plants,01_x_thermal_coal,ESTO,3,0,0,3,0,missing_current_targets
ninth_to_esto,BOTH,NINTH,09_02_chp_plants,02_coal_products,ESTO,8,0,0,8,0,missing_current_targets
ninth_to_esto,BOTH,NINTH,09_02_chp_plants,03_peat,ESTO,1,0,0,1,0,missing_current_targets
ninth_to_esto,BOTH,NINTH,09_02_chp_plants,06_01_crude_oil,ESTO,1,0,0,1,0,missing_current_targets
ninth_to_esto,BOTH,NINTH,09_02_chp_plants,06_x_other_hydrocarbons,ESTO,1,0,0,1,0,missing_current_targets
ninth_to_esto,BOTH,NINTH,09_02_chp_plants,07_03_naphtha,ESTO,1,0,0,1,0,missing_current_targets
ninth_to_esto,BOTH,NINTH,09_02_chp_plants,07_06_kerosene,ESTO,1,0,0,1,0,missing_current_targets
ninth_to_esto,BOTH,NINTH,09_02_chp_plants,07_07_gas_diesel_oil,ESTO,1,0,0,1,0,missing_current_targets
ninth_to_esto,BOTH,NINTH,09_02_chp_plants,07_08_fuel_oil,ESTO,1,0,0,1,0,missing_current_targets
ninth_to_esto,BOTH,NINTH,09_02_chp_plants,07_09_lpg,ESTO,1,0,0,1,0,missing_current_targets
ninth_to_esto,BOTH,NINTH,09_02_chp_plants,07_10_refinery_gas_not_liquefied,ESTO,1,0,0,1,0,missing_current_targets
ninth_to_esto,BOTH,NINTH,09_02_chp_plants,07_petroleum_products_unallocated,ESTO,1,0,0,1,0,missing_current_targets
ninth_to_esto,BOTH,NINTH,09_02_chp_plants,07_x_other_petroleum_products,ESTO,2,0,0,2,0,missing_current_targets
ninth_to_esto,BOTH,NINTH,09_02_chp_plants,08_01_natural_gas,ESTO,1,0,0,1,0,missing_current_targets
ninth_to_esto,BOTH,NINTH,09_02_chp_plants,09_nuclear,ESTO,1,0,0,1,0,missing_current_targets
ninth_to_esto,BOTH,NINTH,09_02_chp_plants,11_geothermal,ESTO,1,0,0,1,0,missing_current_targets
ninth_to_esto,BOTH,NINTH,09_02_chp_plants,15_01_fuelwood_and_woodwaste,ESTO,1,0,0,1,0,missing_current_targets
ninth_to_esto,BOTH,NINTH,09_02_chp_plants,15_02_bagasse,ESTO,1,0,0,1,0,missing_current_targets
ninth_to_esto,BOTH,NINTH,09_02_chp_plants,15_04_black_liquor,ESTO,1,0,0,1,0,missing_current_targets
ninth_to_esto,BOTH,NINTH,09_02_chp_plants,15_05_other_biomass,ESTO,1,0,0,1,0,missing_current_targets
ninth_to_esto,BOTH,NINTH,09_02_chp_plants,15_solid_biomass_unallocated,ESTO,1,0,0,1,0,missing_current_targets
ninth_to_esto,BOTH,NINTH,09_02_chp_plants,16_01_biogas,ESTO,1,0,0,1,0,missing_current_targets
ninth_to_esto,BOTH,NINTH,09_02_chp_plants,16_02_industrial_waste,ESTO,1,0,0,1,0,missing_current_targets
ninth_to_esto,BOTH,NINTH,09_02_chp_plants,16_03_municipal_solid_waste_renewable,ESTO,1,0,0,1,0,missing_current_targets
ninth_to_esto,BOTH,NINTH,09_02_chp_plants,16_04_municipal_solid_waste_nonrenewable,ESTO,1,0,0,1,0,missing_current_targets
ninth_to_esto,BOTH,NINTH,09_02_chp_plants,16_06_biodiesel,ESTO,1,0,0,1,0,missing_current_targets
ninth_to_esto,BOTH,NINTH,09_02_chp_plants,16_08_other_liquid_biofuels,ESTO,1,0,0,1,0,missing_current_targets
ninth_to_esto,BOTH,NINTH,09_02_chp_plants,16_09_other_sources,ESTO,1,0,0,1,0,missing_current_targets
ninth_to_esto,BOTH,NINTH,09_02_chp_plants,16_others_unallocated,ESTO,1,0,0,1,0,missing_current_targets
ninth_to_esto,BOTH,NINTH,09_02_chp_plants,16_x_ammonia,ESTO,1,0,0,1,0,missing_current_targets
ninth_to_esto,BOTH,NINTH,09_02_chp_plants,17_electricity,ESTO,1,0,0,1,0,missing_current_targets
ninth_to_esto,BOTH,NINTH,09_02_chp_plants,18_heat,ESTO,1,0,0,1,0,missing_current_targets
ninth_to_esto,BOTH,NINTH,09_04_electric_boilers,17_electricity,ESTO,1,1,1,0,0,lossless_without_override
ninth_to_esto,BOTH,NINTH,09_04_electric_boilers,18_heat,ESTO,1,1,1,0,0,lossless_without_override
ninth_to_esto,BOTH,NINTH,09_05_chemical_heat_for_electricity_production,17_electricity,ESTO,1,1,1,0,0,lossless_without_override
ninth_to_esto,BOTH,NINTH,09_05_chemical_heat_for_electricity_production,18_heat,ESTO,1,1,1,0,0,lossless_without_override
ninth_to_esto,BOTH,NINTH,09_06_01_gas_works_plants,01_05_lignite,ESTO,1,1,1,0,0,lossless_without_override
ninth_to_esto,BOTH,NINTH,09_06_01_gas_works_plants,01_x_thermal_coal,ESTO,3,2,2,1,0,missing_current_targets
ninth_to_esto,BOTH,NINTH,09_06_01_gas_works_plants,02_coal_products,ESTO,8,3,3,5,0,missing_current_targets
ninth_to_esto,BOTH,NINTH,09_06_01_gas_works_plants,07_09_lpg,ESTO,1,1,1,0,0,lossless_without_override
ninth_to_esto,BOTH,NINTH,09_06_01_gas_works_plants,07_10_refinery_gas_not_liquefied,ESTO,1,1,1,0,0,lossless_without_override
ninth_to_esto,BOTH,NINTH,09_06_01_gas_works_plants,07_petroleum_products_unallocated,ESTO,1,0,0,1,0,missing_current_targets
ninth_to_esto,BOTH,NINTH,09_06_01_gas_works_plants,07_x_other_petroleum_products,ESTO,1,1,1,0,0,lossless_without_override
ninth_to_esto,BOTH,NINTH,09_06_01_gas_works_plants,08_01_natural_gas,ESTO,1,1,1,0,0,lossless_without_override
ninth_to_esto,BOTH,NINTH,09_06_01_gas_works_plants,08_03_gas_works_gas,ESTO,1,1,1,0,0,lossless_without_override
ninth_to_esto,BOTH,NINTH,09_06_01_gas_works_plants,17_electricity,ESTO,1,0,0,1,0,missing_current_targets
ninth_to_esto,BOTH,NINTH,09_06_01_gas_works_plants_incl_own_use,01_05_lignite,ESTO,1,0,0,1,0,missing_current_targets
ninth_to_esto,BOTH,NINTH,09_06_01_gas_works_plants_incl_own_use,01_x_thermal_coal,ESTO,3,0,0,3,0,missing_current_targets
ninth_to_esto,BOTH,NINTH,09_06_01_gas_works_plants_incl_own_use,02_coal_products,ESTO,8,0,0,8,0,missing_current_targets
ninth_to_esto,BOTH,NINTH,09_06_01_gas_works_plants_incl_own_use,07_09_lpg,ESTO,1,0,0,1,0,missing_current_targets
ninth_to_esto,BOTH,NINTH,09_06_01_gas_works_plants_incl_own_use,07_10_refinery_gas_not_liquefied,ESTO,1,0,0,1,0,missing_current_targets
ninth_to_esto,BOTH,NINTH,09_06_01_gas_works_plants_incl_own_use,07_petroleum_products_unallocated,ESTO,1,0,0,1,0,missing_current_targets
ninth_to_esto,BOTH,NINTH,09_06_01_gas_works_plants_incl_own_use,07_x_other_petroleum_products,ESTO,1,0,0,1,0,missing_current_targets
ninth_to_esto,BOTH,NINTH,09_06_01_gas_works_plants_incl_own_use,08_01_natural_gas,ESTO,1,0,0,1,0,missing_current_targets
ninth_to_esto,BOTH,NINTH,09_06_01_gas_works_plants_incl_own_use,08_03_gas_works_gas,ESTO,1,0,0,1,0,missing_current_targets
ninth_to_esto,BOTH,NINTH,09_06_01_gas_works_plants_incl_own_use,17_electricity,ESTO,1,0,0,1,0,missing_current_targets
ninth_to_esto,BOTH,NINTH,09_06_02_liquefaction_regasification_plants,07_03_naphtha,ESTO,1,1,1,0,0,lossless_without_override
ninth_to_esto,BOTH,NINTH,09_06_02_liquefaction_regasification_plants,07_09_lpg,ESTO,1,1,1,0,0,lossless_without_override
ninth_to_esto,BOTH,NINTH,09_06_02_liquefaction_regasification_plants,08_01_natural_gas,ESTO,1,1,1,0,0,lossless_without_override
ninth_to_esto,BOTH,NINTH,09_06_02_liquefaction_regasification_plants,08_02_lng,ESTO,1,1,1,0,0,lossless_without_override
ninth_to_esto,BOTH,NINTH,09_06_02_liquefaction_regasification_plants_incl_own_use,07_03_naphtha,ESTO,1,0,0,1,0,missing_current_targets
ninth_to_esto,BOTH,NINTH,09_06_02_liquefaction_regasification_plants_incl_own_use,07_09_lpg,ESTO,1,0,0,1,0,missing_current_targets
ninth_to_esto,BOTH,NINTH,09_06_02_liquefaction_regasification_plants_incl_own_use,08_01_natural_gas,ESTO,1,0,0,1,0,missing_current_targets
ninth_to_esto,BOTH,NINTH,09_06_02_liquefaction_regasification_plants_incl_own_use,08_02_lng,ESTO,1,0,0,1,0,missing_current_targets
ninth_to_esto,BOTH,NINTH,09_06_gas_processing_plants,01_01_coking_coal,ESTO,1,1,1,0,0,lossless_without_override
ninth_to_esto,BOTH,NINTH,09_06_gas_processing_plants,01_05_lignite,ESTO,1,1,1,0,0,lossless_without_override
ninth_to_esto,BOTH,NINTH,09_06_gas_processing_plants,01_x_thermal_coal,ESTO,1,2,1,0,1,extra_factorised_targets
ninth_to_esto,BOTH,NINTH,09_06_gas_processing_plants,02_coal_products,ESTO,8,3,3,5,0,missing_current_targets
ninth_to_esto,BOTH,NINTH,09_06_gas_processing_plants,07_03_naphtha,ESTO,1,1,1,0,0,lossless_without_override
ninth_to_esto,BOTH,NINTH,09_06_gas_processing_plants,07_06_kerosene,ESTO,1,1,1,0,0,lossless_without_override
ninth_to_esto,BOTH,NINTH,09_06_gas_processing_plants,07_07_gas_diesel_oil,ESTO,1,1,1,0,0,lossless_without_override
ninth_to_esto,BOTH,NINTH,09_06_gas_processing_plants,07_08_fuel_oil,ESTO,1,1,1,0,0,lossless_without_override
ninth_to_esto,BOTH,NINTH,09_06_gas_processing_plants,07_09_lpg,ESTO,1,1,1,0,0,lossless_without_override
ninth_to_esto,BOTH,NINTH,09_06_gas_processing_plants,07_10_refinery_gas_not_liquefied,ESTO,1,1,1,0,0,lossless_without_override
ninth_to_esto,BOTH,NINTH,09_06_gas_processing_plants,07_x_other_petroleum_products,ESTO,2,2,2,0,0,lossless_without_override
ninth_to_esto,BOTH,NINTH,09_06_gas_processing_plants,08_01_natural_gas,ESTO,1,1,1,0,0,lossless_without_override
ninth_to_esto,BOTH,NINTH,09_06_gas_processing_plants,08_02_lng,ESTO,1,1,1,0,0,lossless_without_override
ninth_to_esto,BOTH,NINTH,09_06_gas_processing_plants,08_03_gas_works_gas,ESTO,1,1,1,0,0,lossless_without_override
ninth_to_esto,BOTH,NINTH,09_06_gas_processing_plants,16_01_biogas,ESTO,1,1,1,0,0,lossless_without_override
ninth_to_esto,BOTH,NINTH,09_06_gas_processing_plants,17_electricity,ESTO,1,0,0,1,0,missing_current_targets
ninth_to_esto,BOTH,NINTH,09_06_gas_processing_plants,18_heat,ESTO,1,0,0,1,0,missing_current_targets
ninth_to_esto,BOTH,NINTH,09_06_gas_processing_plants_incl_own_use,01_01_coking_coal,ESTO,1,0,0,1,0,missing_current_targets
ninth_to_esto,BOTH,NINTH,09_06_gas_processing_plants_incl_own_use,01_05_lignite,ESTO,1,0,0,1,0,missing_current_targets
ninth_to_esto,BOTH,NINTH,09_06_gas_processing_plants_incl_own_use,01_x_thermal_coal,ESTO,1,0,0,1,0,missing_current_targets
ninth_to_esto,BOTH,NINTH,09_06_gas_processing_plants_incl_own_use,02_coal_products,ESTO,8,0,0,8,0,missing_current_targets
ninth_to_esto,BOTH,NINTH,09_06_gas_processing_plants_incl_own_use,07_03_naphtha,ESTO,1,0,0,1,0,missing_current_targets
ninth_to_esto,BOTH,NINTH,09_06_gas_processing_plants_incl_own_use,07_06_kerosene,ESTO,1,0,0,1,0,missing_current_targets
ninth_to_esto,BOTH,NINTH,09_06_gas_processing_plants_incl_own_use,07_07_gas_diesel_oil,ESTO,1,0,0,1,0,missing_current_targets
ninth_to_esto,BOTH,NINTH,09_06_gas_processing_plants_incl_own_use,07_08_fuel_oil,ESTO,1,0,0,1,0,missing_current_targets
ninth_to_esto,BOTH,NINTH,09_06_gas_processing_plants_incl_own_use,07_09_lpg,ESTO,1,0,0,1,0,missing_current_targets
ninth_to_esto,BOTH,NINTH,09_06_gas_processing_plants_incl_own_use,07_10_refinery_gas_not_liquefied,ESTO,1,0,0,1,0,missing_current_targets
ninth_to_esto,BOTH,NINTH,09_06_gas_processing_plants_incl_own_use,07_x_other_petroleum_products,ESTO,2,0,0,2,0,missing_current_targets
ninth_to_esto,BOTH,NINTH,09_06_gas_processing_plants_incl_own_use,08_01_natural_gas,ESTO,1,0,0,1,0,missing_current_targets
ninth_to_esto,BOTH,NINTH,09_06_gas_processing_plants_incl_own_use,08_02_lng,ESTO,1,0,0,1,0,missing_current_targets
ninth_to_esto,BOTH,NINTH,09_06_gas_processing_plants_incl_own_use,08_03_gas_works_gas,ESTO,1,0,0,1,0,missing_current_targets
ninth_to_esto,BOTH,NINTH,09_06_gas_processing_plants_incl_own_use,16_01_biogas,ESTO,1,0,0,1,0,missing_current_targets
ninth_to_esto,BOTH,NINTH,09_06_gas_processing_plants_incl_own_use,17_electricity,ESTO,1,0,0,1,0,missing_current_targets
ninth_to_esto,BOTH,NINTH,09_06_gas_processing_plants_incl_own_use,18_heat,ESTO,1,0,0,1,0,missing_current_targets
ninth_to_esto,BOTH,NINTH,09_07_oil_refineries,06_01_crude_oil,ESTO,1,1,1,0,0,lossless_without_override
ninth_to_esto,BOTH,NINTH,09_07_oil_refineries,06_02_natural_gas_liquids,ESTO,1,1,1,0,0,lossless_without_override
ninth_to_esto,BOTH,NINTH,09_07_oil_refineries,06_x_other_hydrocarbons,ESTO,3,3,3,0,0,lossless_without_override
ninth_to_esto,BOTH,NINTH,09_07_oil_refineries,07_01_motor_gasoline,ESTO,1,1,1,0,0,lossless_without_override
ninth_to_esto,BOTH,NINTH,09_07_oil_refineries,07_02_aviation_gasoline,ESTO,1,1,1,0,0,lossless_without_override
ninth_to_esto,BOTH,NINTH,09_07_oil_refineries,07_03_naphtha,ESTO,1,1,1,0,0,lossless_without_override
ninth_to_esto,BOTH,NINTH,09_07_oil_refineries,07_06_kerosene,ESTO,1,1,1,0,0,lossless_without_override
ninth_to_esto,BOTH,NINTH,09_07_oil_refineries,07_07_gas_diesel_oil,ESTO,1,1,1,0,0,lossless_without_override
ninth_to_esto,BOTH,NINTH,09_07_oil_refineries,07_08_fuel_oil,ESTO,1,1,1,0,0,lossless_without_override
ninth_to_esto,BOTH,NINTH,09_07_oil_refineries,07_09_lpg,ESTO,1,1,1,0,0,lossless_without_override
ninth_to_esto,BOTH,NINTH,09_07_oil_refineries,07_10_refinery_gas_not_liquefied,ESTO,1,1,1,0,0,lossless_without_override
ninth_to_esto,BOTH,NINTH,09_07_oil_refineries,07_11_ethane,ESTO,1,1,1,0,0,lossless_without_override
ninth_to_esto,BOTH,NINTH,09_07_oil_refineries,07_petroleum_products_unallocated,ESTO,1,0,0,1,0,missing_current_targets
ninth_to_esto,BOTH,NINTH,09_07_oil_refineries,07_x_jet_fuel,ESTO,2,2,2,0,0,lossless_without_override
ninth_to_esto,BOTH,NINTH,09_07_oil_refineries,07_x_other_petroleum_products,ESTO,6,6,6,0,0,lossless_without_override
ninth_to_esto,BOTH,NINTH,09_07_oil_refineries_incl_own_use,06_01_crude_oil,ESTO,1,0,0,1,0,missing_current_targets
ninth_to_esto,BOTH,NINTH,09_07_oil_refineries_incl_own_use,06_02_natural_gas_liquids,ESTO,1,0,0,1,0,missing_current_targets
ninth_to_esto,BOTH,NINTH,09_07_oil_refineries_incl_own_use,06_x_other_hydrocarbons,ESTO,3,0,0,3,0,missing_current_targets
ninth_to_esto,BOTH,NINTH,09_07_oil_refineries_incl_own_use,07_01_motor_gasoline,ESTO,1,0,0,1,0,missing_current_targets
ninth_to_esto,BOTH,NINTH,09_07_oil_refineries_incl_own_use,07_02_aviation_gasoline,ESTO,1,0,0,1,0,missing_current_targets
ninth_to_esto,BOTH,NINTH,09_07_oil_refineries_incl_own_use,07_03_naphtha,ESTO,1,0,0,1,0,missing_current_targets
ninth_to_esto,BOTH,NINTH,09_07_oil_refineries_incl_own_use,07_06_kerosene,ESTO,1,0,0,1,0,missing_current_targets
ninth_to_esto,BOTH,NINTH,09_07_oil_refineries_incl_own_use,07_07_gas_diesel_oil,ESTO,1,0,0,1,0,missing_current_targets
ninth_to_esto,BOTH,NINTH,09_07_oil_refineries_incl_own_use,07_08_fuel_oil,ESTO,1,0,0,1,0,missing_current_targets
ninth_to_esto,BOTH,NINTH,09_07_oil_refineries_incl_own_use,07_09_lpg,ESTO,1,0,0,1,0,missing_current_targets
ninth_to_esto,BOTH,NINTH,09_07_oil_refineries_incl_own_use,07_10_refinery_gas_not_liquefied,ESTO,1,0,0,1,0,missing_current_targets
ninth_to_esto,BOTH,NINTH,09_07_oil_refineries_incl_own_use,07_11_ethane,ESTO,1,0,0,1,0,missing_current_targets
ninth_to_esto,BOTH,NINTH,09_07_oil_refineries_incl_own_use,07_petroleum_products_unallocated,ESTO,1,0,0,1,0,missing_current_targets
ninth_to_esto,BOTH,NINTH,09_07_oil_refineries_incl_own_use,07_x_jet_fuel,ESTO,2,0,0,2,0,missing_current_targets
ninth_to_esto,BOTH,NINTH,09_07_oil_refineries_incl_own_use,07_x_other_petroleum_products,ESTO,6,0,0,6,0,missing_current_targets
ninth_to_esto,BOTH,NINTH,09_08_coal_transformation,01_01_coking_coal,ESTO,1,1,1,0,0,lossless_without_override
ninth_to_esto,BOTH,NINTH,09_08_coal_transformation,01_x_thermal_coal,ESTO,3,3,3,0,0,lossless_without_override
ninth_to_esto,BOTH,NINTH,09_08_coal_transformation,02_coal_products,ESTO,8,7,7,1,0,missing_current_targets
ninth_to_esto,BOTH,NINTH,09_08_coal_transformation,03_peat,ESTO,1,1,1,0,0,lossless_without_override
ninth_to_esto,BOTH,NINTH,09_08_coal_transformation,04_peat_products,ESTO,1,1,1,0,0,lossless_without_override
ninth_to_esto,BOTH,NINTH,09_08_coal_transformation,07_06_kerosene,ESTO,1,0,0,1,0,missing_current_targets
ninth_to_esto,BOTH,NINTH,09_08_coal_transformation,07_07_gas_diesel_oil,ESTO,1,0,0,1,0,missing_current_targets
ninth_to_esto,BOTH,NINTH,09_08_coal_transformation,07_08_fuel_oil,ESTO,1,1,1,0,0,lossless_without_override
ninth_to_esto,BOTH,NINTH,09_08_coal_transformation,07_09_lpg,ESTO,1,0,0,1,0,missing_current_targets
ninth_to_esto,BOTH,NINTH,09_08_coal_transformation,07_x_other_petroleum_products,ESTO,2,2,2,0,0,lossless_without_override
ninth_to_esto,BOTH,NINTH,09_08_coal_transformation,08_01_natural_gas,ESTO,1,1,1,0,0,lossless_without_override
ninth_to_esto,BOTH,NINTH,09_08_coal_transformation,16_02_industrial_waste,ESTO,1,1,1,0,0,lossless_without_override
ninth_to_esto,BOTH,NINTH,09_08_coal_transformation,17_electricity,ESTO,1,0,0,1,0,missing_current_targets
ninth_to_esto,BOTH,NINTH,09_08_coal_transformation_incl_own_use,01_01_coking_coal,ESTO,1,0,0,1,0,missing_current_targets
ninth_to_esto,BOTH,NINTH,09_08_coal_transformation_incl_own_use,01_x_thermal_coal,ESTO,3,0,0,3,0,missing_current_targets
ninth_to_esto,BOTH,NINTH,09_08_coal_transformation_incl_own_use,02_coal_products,ESTO,8,0,0,8,0,missing_current_targets
ninth_to_esto,BOTH,NINTH,09_08_coal_transformation_incl_own_use,03_peat,ESTO,1,0,0,1,0,missing_current_targets
ninth_to_esto,BOTH,NINTH,09_08_coal_transformation_incl_own_use,04_peat_products,ESTO,1,0,0,1,0,missing_current_targets
ninth_to_esto,BOTH,NINTH,09_08_coal_transformation_incl_own_use,07_06_kerosene,ESTO,1,0,0,1,0,missing_current_targets
ninth_to_esto,BOTH,NINTH,09_08_coal_transformation_incl_own_use,07_07_gas_diesel_oil,ESTO,1,0,0,1,0,missing_current_targets
ninth_to_esto,BOTH,NINTH,09_08_coal_transformation_incl_own_use,07_08_fuel_oil,ESTO,1,0,0,1,0,missing_current_targets
ninth_to_esto,BOTH,NINTH,09_08_coal_transformation_incl_own_use,07_09_lpg,ESTO,1,0,0,1,0,missing_current_targets
ninth_to_esto,BOTH,NINTH,09_08_coal_transformation_incl_own_use,07_x_other_petroleum_products,ESTO,2,0,0,2,0,missing_current_targets
ninth_to_esto,BOTH,NINTH,09_08_coal_transformation_incl_own_use,08_01_natural_gas,ESTO,1,0,0,1,0,missing_current_targets
ninth_to_esto,BOTH,NINTH,09_08_coal_transformation_incl_own_use,16_02_industrial_waste,ESTO,1,0,0,1,0,missing_current_targets
ninth_to_esto,BOTH,NINTH,09_08_coal_transformation_incl_own_use,17_electricity,ESTO,1,0,0,1,0,missing_current_targets
ninth_to_esto,BOTH,NINTH,09_09_petrochemical_industry,06_x_other_hydrocarbons,ESTO,3,1,1,2,0,missing_current_targets
ninth_to_esto,BOTH,NINTH,09_09_petrochemical_industry,07_03_naphtha,ESTO,1,1,1,0,0,lossless_without_override
ninth_to_esto,BOTH,NINTH,09_09_petrochemical_industry,07_09_lpg,ESTO,1,1,1,0,0,lossless_without_override
ninth_to_esto,BOTH,NINTH,09_09_petrochemical_industry,07_10_refinery_gas_not_liquefied,ESTO,1,1,1,0,0,lossless_without_override
ninth_to_esto,BOTH,NINTH,09_09_petrochemical_industry,07_petroleum_products_unallocated,ESTO,1,0,0,1,0,missing_current_targets
ninth_to_esto,BOTH,NINTH,09_09_petrochemical_industry,07_x_other_petroleum_products,ESTO,1,3,1,0,2,extra_factorised_targets
ninth_to_esto,BOTH,NINTH,09_11_charcoal_processing,15_01_fuelwood_and_woodwaste,ESTO,1,1,1,0,0,lossless_without_override
ninth_to_esto,BOTH,NINTH,09_11_charcoal_processing,15_03_charcoal,ESTO,1,1,1,0,0,lossless_without_override
ninth_to_esto,BOTH,NINTH,09_11_charcoal_processing,15_05_other_biomass,ESTO,1,1,1,0,0,lossless_without_override
ninth_to_esto,BOTH,NINTH,09_12_nonspecified_transformation,01_x_thermal_coal,ESTO,3,1,1,2,0,missing_current_targets
ninth_to_esto,BOTH,NINTH,09_12_nonspecified_transformation,06_02_natural_gas_liquids,ESTO,1,1,1,0,0,lossless_without_override
ninth_to_esto,BOTH,NINTH,09_12_nonspecified_transformation,06_x_other_hydrocarbons,ESTO,3,1,1,2,0,missing_current_targets
ninth_to_esto,BOTH,NINTH,09_12_nonspecified_transformation,07_01_motor_gasoline,ESTO,1,0,0,1,0,missing_current_targets
ninth_to_esto,BOTH,NINTH,09_12_nonspecified_transformation,07_06_kerosene,ESTO,1,0,0,1,0,missing_current_targets
ninth_to_esto,BOTH,NINTH,09_12_nonspecified_transformation,07_07_gas_diesel_oil,ESTO,1,1,1,0,0,lossless_without_override
ninth_to_esto,BOTH,NINTH,09_12_nonspecified_transformation,07_08_fuel_oil,ESTO,1,1,1,0,0,lossless_without_override
ninth_to_esto,BOTH,NINTH,09_12_nonspecified_transformation,07_09_lpg,ESTO,1,1,1,0,0,lossless_without_override
ninth_to_esto,BOTH,NINTH,09_12_nonspecified_transformation,07_11_ethane,ESTO,1,1,1,0,0,lossless_without_override
ninth_to_esto,BOTH,NINTH,09_12_nonspecified_transformation,07_x_other_petroleum_products,ESTO,1,1,1,0,0,lossless_without_override
ninth_to_esto,BOTH,NINTH,09_12_nonspecified_transformation,08_01_natural_gas,ESTO,1,1,1,0,0,lossless_without_override
ninth_to_esto,BOTH,NINTH,09_12_nonspecified_transformation,15_05_other_biomass,ESTO,1,1,1,0,0,lossless_without_override
ninth_to_esto,BOTH,NINTH,09_12_nonspecified_transformation,16_01_biogas,ESTO,1,1,1,0,0,lossless_without_override
ninth_to_esto,BOTH,NINTH,09_12_nonspecified_transformation,17_electricity,ESTO,1,0,0,1,0,missing_current_targets
ninth_to_esto,BOTH,NINTH,09_13_01_electrolysers,16_x_ammonia,ESTO,1,0,0,1,0,missing_current_targets
ninth_to_esto,BOTH,NINTH,09_13_01_electrolysers,16_x_efuel,ESTO,1,0,0,1,0,missing_current_targets
ninth_to_esto,BOTH,NINTH,09_13_01_electrolysers,16_x_hydrogen,ESTO,1,0,0,1,0,missing_current_targets
ninth_to_esto,BOTH,NINTH,09_13_01_electrolysers,17_electricity,ESTO,1,0,0,1,0,missing_current_targets
ninth_to_esto,BOTH,NINTH,09_13_01_electrolysers,17_x_green_electricity,ESTO,1,0,0,1,0,missing_current_targets
ninth_to_esto,BOTH,NINTH,09_13_02_smr_wo_ccs,08_01_natural_gas,ESTO,1,0,0,1,0,missing_current_targets
ninth_to_esto,BOTH,NINTH,09_13_02_smr_wo_ccs,16_x_ammonia,ESTO,1,0,0,1,0,missing_current_targets
ninth_to_esto,BOTH,NINTH,09_13_02_smr_wo_ccs,16_x_efuel,ESTO,1,0,0,1,0,missing_current_targets
ninth_to_esto,BOTH,NINTH,09_13_02_smr_wo_ccs,16_x_hydrogen,ESTO,1,0,0,1,0,missing_current_targets
ninth_to_esto,BOTH,NINTH,09_13_03_smr_w_ccs,08_01_natural_gas,ESTO,1,0,0,1,0,missing_current_targets
ninth_to_esto,BOTH,NINTH,09_13_03_smr_w_ccs,16_x_ammonia,ESTO,1,0,0,1,0,missing_current_targets
ninth_to_esto,BOTH,NINTH,09_13_03_smr_w_ccs,16_x_efuel,ESTO,1,0,0,1,0,missing_current_targets
ninth_to_esto,BOTH,NINTH,09_13_03_smr_w_ccs,16_x_hydrogen,ESTO,1,0,0,1,0,missing_current_targets
ninth_to_esto,BOTH,NINTH,09_13_hydrogen_transformation,08_01_natural_gas,ESTO,1,0,0,1,0,missing_current_targets
ninth_to_esto,BOTH,NINTH,09_13_hydrogen_transformation,16_x_ammonia,ESTO,1,0,0,1,0,missing_current_targets
ninth_to_esto,BOTH,NINTH,09_13_hydrogen_transformation,16_x_efuel,ESTO,1,0,0,1,0,missing_current_targets
ninth_to_esto,BOTH,NINTH,09_13_hydrogen_transformation,16_x_hydrogen,ESTO,1,0,0,1,0,missing_current_targets
ninth_to_esto,BOTH,NINTH,09_13_hydrogen_transformation,17_electricity,ESTO,1,0,0,1,0,missing_current_targets
ninth_to_esto,BOTH,NINTH,09_total_transformation_sector,01_01_coking_coal,ESTO,1,1,1,0,0,lossless_without_override
ninth_to_esto,BOTH,NINTH,09_total_transformation_sector,01_05_lignite,ESTO,1,1,1,0,0,lossless_without_override
ninth_to_esto,BOTH,NINTH,09_total_transformation_sector,01_coal_unallocated,ESTO,1,0,0,1,0,missing_current_targets
ninth_to_esto,BOTH,NINTH,09_total_transformation_sector,01_x_thermal_coal,ESTO,3,3,3,0,0,lossless_without_override
ninth_to_esto,BOTH,NINTH,09_total_transformation_sector,02_coal_products,ESTO,8,7,7,1,0,missing_current_targets
ninth_to_esto,BOTH,NINTH,09_total_transformation_sector,06_01_crude_oil,ESTO,1,1,1,0,0,lossless_without_override
ninth_to_esto,BOTH,NINTH,09_total_transformation_sector,06_02_natural_gas_liquids,ESTO,1,1,1,0,0,lossless_without_override
ninth_to_esto,BOTH,NINTH,09_total_transformation_sector,06_x_other_hydrocarbons,ESTO,2,3,2,0,1,extra_factorised_targets
ninth_to_esto,BOTH,NINTH,09_total_transformation_sector,07_01_motor_gasoline,ESTO,1,1,1,0,0,lossless_without_override
ninth_to_esto,BOTH,NINTH,09_total_transformation_sector,07_02_aviation_gasoline,ESTO,1,1,1,0,0,lossless_without_override
ninth_to_esto,BOTH,NINTH,09_total_transformation_sector,07_03_naphtha,ESTO,1,1,1,0,0,lossless_without_override
ninth_to_esto,BOTH,NINTH,09_total_transformation_sector,07_06_kerosene,ESTO,1,1,1,0,0,lossless_without_override
ninth_to_esto,BOTH,NINTH,09_total_transformation_sector,07_07_gas_diesel_oil,ESTO,1,1,1,0,0,lossless_without_override
ninth_to_esto,BOTH,NINTH,09_total_transformation_sector,07_08_fuel_oil,ESTO,1,1,1,0,0,lossless_without_override
ninth_to_esto,BOTH,NINTH,09_total_transformation_sector,07_09_lpg,ESTO,1,1,1,0,0,lossless_without_override
ninth_to_esto,BOTH,NINTH,09_total_transformation_sector,07_10_refinery_gas_not_liquefied,ESTO,1,1,1,0,0,lossless_without_override
ninth_to_esto,BOTH,NINTH,09_total_transformation_sector,07_11_ethane,ESTO,1,1,1,0,0,lossless_without_override
ninth_to_esto,BOTH,NINTH,09_total_transformation_sector,07_petroleum_products_unallocated,ESTO,1,0,0,1,0,missing_current_targets
ninth_to_esto,BOTH,NINTH,09_total_transformation_sector,07_x_jet_fuel,ESTO,1,2,1,0,1,extra_factorised_targets
ninth_to_esto,BOTH,NINTH,09_total_transformation_sector,07_x_other_petroleum_products,ESTO,6,6,6,0,0,lossless_without_override
ninth_to_esto,BOTH,NINTH,09_total_transformation_sector,08_01_natural_gas,ESTO,1,1,1,0,0,lossless_without_override
ninth_to_esto,BOTH,NINTH,09_total_transformation_sector,08_02_lng,ESTO,1,1,1,0,0,lossless_without_override
ninth_to_esto,BOTH,NINTH,09_total_transformation_sector,08_03_gas_works_gas,ESTO,1,1,1,0,0,lossless_without_override
ninth_to_esto,BOTH,NINTH,09_total_transformation_sector,09_nuclear,ESTO,1,1,1,0,0,lossless_without_override
ninth_to_esto,BOTH,NINTH,09_total_transformation_sector,10_hydro,ESTO,1,1,1,0,0,lossless_without_override
ninth_to_esto,BOTH,NINTH,09_total_transformation_sector,11_geothermal,ESTO,1,1,1,0,0,lossless_without_override
ninth_to_esto,BOTH,NINTH,09_total_transformation_sector,12_01_of_which_photovoltaics,ESTO,1,1,1,0,0,lossless_without_override
ninth_to_esto,BOTH,NINTH,09_total_transformation_sector,12_solar_unallocated,ESTO,1,1,1,0,0,lossless_without_override
ninth_to_esto,BOTH,NINTH,09_total_transformation_sector,12_x_other_solar,ESTO,1,1,1,0,0,lossless_without_override
ninth_to_esto,BOTH,NINTH,09_total_transformation_sector,14_wind,ESTO,1,1,1,0,0,lossless_without_override
ninth_to_esto,BOTH,NINTH,09_total_transformation_sector,15_01_fuelwood_and_woodwaste,ESTO,1,1,1,0,0,lossless_without_override
ninth_to_esto,BOTH,NINTH,09_total_transformation_sector,15_02_bagasse,ESTO,1,1,1,0,0,lossless_without_override
ninth_to_esto,BOTH,NINTH,09_total_transformation_sector,15_03_charcoal,ESTO,2,1,1,1,0,missing_current_targets
ninth_to_esto,BOTH,NINTH,09_total_transformation_sector,15_04_black_liquor,ESTO,1,1,1,0,0,lossless_without_override
ninth_to_esto,BOTH,NINTH,09_total_transformation_sector,15_05_other_biomass,ESTO,1,1,1,0,0,lossless_without_override
ninth_to_esto,BOTH,NINTH,09_total_transformation_sector,15_solid_biomass_unallocated,ESTO,1,1,1,0,0,lossless_without_override
ninth_to_esto,BOTH,NINTH,09_total_transformation_sector,16_01_biogas,ESTO,1,1,1,0,0,lossless_without_override
ninth_to_esto,BOTH,NINTH,09_total_transformation_sector,16_02_industrial_waste,ESTO,1,1,1,0,0,lossless_without_override
ninth_to_esto,BOTH,NINTH,09_total_transformation_sector,16_03_municipal_solid_waste_renewable,ESTO,1,1,1,0,0,lossless_without_override
ninth_to_esto,BOTH,NINTH,09_total_transformation_sector,16_04_municipal_solid_waste_nonrenewable,ESTO,1,1,1,0,0,lossless_without_override
ninth_to_esto,BOTH,NINTH,09_total_transformation_sector,16_06_biodiesel,ESTO,1,1,1,0,0,lossless_without_override
ninth_to_esto,BOTH,NINTH,09_total_transformation_sector,16_08_other_liquid_biofuels,ESTO,1,1,1,0,0,lossless_without_override
ninth_to_esto,BOTH,NINTH,09_total_transformation_sector,16_09_other_sources,ESTO,1,1,1,0,0,lossless_without_override
ninth_to_esto,BOTH,NINTH,09_total_transformation_sector,16_others_unallocated,ESTO,1,1,1,0,0,lossless_without_override
ninth_to_esto,BOTH,NINTH,09_total_transformation_sector,16_x_ammonia,ESTO,1,0,0,1,0,missing_current_targets
ninth_to_esto,BOTH,NINTH,09_total_transformation_sector,16_x_efuel,ESTO,1,0,0,1,0,missing_current_targets
ninth_to_esto,BOTH,NINTH,09_total_transformation_sector,16_x_hydrogen,ESTO,1,0,0,1,0,missing_current_targets
ninth_to_esto,BOTH,NINTH,09_total_transformation_sector,17_electricity,ESTO,1,1,1,0,0,lossless_without_override
ninth_to_esto,BOTH,NINTH,09_total_transformation_sector,17_x_green_electricity,ESTO,1,1,1,0,0,lossless_without_override
ninth_to_esto,BOTH,NINTH,09_total_transformation_sector,18_heat,ESTO,1,1,1,0,0,lossless_without_override
ninth_to_esto,BOTH,NINTH,09_x_heat_plants,01_05_lignite,ESTO,1,0,0,1,0,missing_current_targets
ninth_to_esto,BOTH,NINTH,09_x_heat_plants,01_x_thermal_coal,ESTO,3,0,0,3,0,missing_current_targets
ninth_to_esto,BOTH,NINTH,09_x_heat_plants,02_coal_products,ESTO,8,0,0,8,0,missing_current_targets
ninth_to_esto,BOTH,NINTH,09_x_heat_plants,03_peat,ESTO,1,0,0,1,0,missing_current_targets
ninth_to_esto,BOTH,NINTH,09_x_heat_plants,04_peat_products,ESTO,1,0,0,1,0,missing_current_targets
ninth_to_esto,BOTH,NINTH,09_x_heat_plants,06_01_crude_oil,ESTO,1,0,0,1,0,missing_current_targets
ninth_to_esto,BOTH,NINTH,09_x_heat_plants,06_02_natural_gas_liquids,ESTO,1,0,0,1,0,missing_current_targets
ninth_to_esto,BOTH,NINTH,09_x_heat_plants,06_x_other_hydrocarbons,ESTO,1,0,0,1,0,missing_current_targets
ninth_to_esto,BOTH,NINTH,09_x_heat_plants,07_03_naphtha,ESTO,1,0,0,1,0,missing_current_targets
ninth_to_esto,BOTH,NINTH,09_x_heat_plants,07_06_kerosene,ESTO,1,0,0,1,0,missing_current_targets
ninth_to_esto,BOTH,NINTH,09_x_heat_plants,07_07_gas_diesel_oil,ESTO,1,0,0,1,0,missing_current_targets
ninth_to_esto,BOTH,NINTH,09_x_heat_plants,07_08_fuel_oil,ESTO,1,0,0,1,0,missing_current_targets
ninth_to_esto,BOTH,NINTH,09_x_heat_plants,07_09_lpg,ESTO,1,0,0,1,0,missing_current_targets
ninth_to_esto,BOTH,NINTH,09_x_heat_plants,07_10_refinery_gas_not_liquefied,ESTO,1,0,0,1,0,missing_current_targets
ninth_to_esto,BOTH,NINTH,09_x_heat_plants,07_petroleum_products_unallocated,ESTO,1,0,0,1,0,missing_current_targets
ninth_to_esto,BOTH,NINTH,09_x_heat_plants,07_x_other_petroleum_products,ESTO,2,0,0,2,0,missing_current_targets
ninth_to_esto,BOTH,NINTH,09_x_heat_plants,08_01_natural_gas,ESTO,1,0,0,1,0,missing_current_targets
ninth_to_esto,BOTH,NINTH,09_x_heat_plants,08_03_gas_works_gas,ESTO,1,0,0,1,0,missing_current_targets
ninth_to_esto,BOTH,NINTH,09_x_heat_plants,15_05_other_biomass,ESTO,1,0,0,1,0,missing_current_targets
ninth_to_esto,BOTH,NINTH,09_x_heat_plants,15_solid_biomass_unallocated,ESTO,1,0,0,1,0,missing_current_targets
ninth_to_esto,BOTH,NINTH,09_x_heat_plants,16_01_biogas,ESTO,1,0,0,1,0,missing_current_targets
ninth_to_esto,BOTH,NINTH,09_x_heat_plants,16_02_industrial_waste,ESTO,1,0,0,1,0,missing_current_targets
ninth_to_esto,BOTH,NINTH,09_x_heat_plants,16_03_municipal_solid_waste_renewable,ESTO,1,0,0,1,0,missing_current_targets
ninth_to_esto,BOTH,NINTH,09_x_heat_plants,16_04_municipal_solid_waste_nonrenewable,ESTO,1,0,0,1,0,missing_current_targets
ninth_to_esto,BOTH,NINTH,09_x_heat_plants,16_09_other_sources,ESTO,1,0,0,1,0,missing_current_targets
ninth_to_esto,BOTH,NINTH,09_x_heat_plants,16_others_unallocated,ESTO,1,0,0,1,0,missing_current_targets
ninth_to_esto,BOTH,NINTH,09_x_heat_plants,17_electricity,ESTO,1,0,0,1,0,missing_current_targets
ninth_to_esto,BOTH,NINTH,09_x_heat_plants,18_heat,ESTO,1,0,0,1,0,missing_current_targets
ninth_to_esto,BOTH,NINTH,10_01_01_electricity_chp_and_heat_plants,01_x_thermal_coal,ESTO,1,2,1,0,1,extra_factorised_targets
ninth_to_esto,BOTH,NINTH,10_01_01_electricity_chp_and_heat_plants,02_coal_products,ESTO,3,6,3,0,3,extra_factorised_targets
ninth_to_esto,BOTH,NINTH,10_01_01_electricity_chp_and_heat_plants,03_peat,ESTO,1,1,1,0,0,lossless_without_override
ninth_to_esto,BOTH,NINTH,10_01_01_electricity_chp_and_heat_plants,04_peat_products,ESTO,1,1,1,0,0,lossless_without_override
ninth_to_esto,BOTH,NINTH,10_01_01_electricity_chp_and_heat_plants,06_01_crude_oil,ESTO,1,1,1,0,0,lossless_without_override
ninth_to_esto,BOTH,NINTH,10_01_01_electricity_chp_and_heat_plants,07_01_motor_gasoline,ESTO,1,1,1,0,0,lossless_without_override
ninth_to_esto,BOTH,NINTH,10_01_01_electricity_chp_and_heat_plants,07_06_kerosene,ESTO,1,1,1,0,0,lossless_without_override
ninth_to_esto,BOTH,NINTH,10_01_01_electricity_chp_and_heat_plants,07_07_gas_diesel_oil,ESTO,1,1,1,0,0,lossless_without_override
ninth_to_esto,BOTH,NINTH,10_01_01_electricity_chp_and_heat_plants,07_08_fuel_oil,ESTO,1,1,1,0,0,lossless_without_override
ninth_to_esto,BOTH,NINTH,10_01_01_electricity_chp_and_heat_plants,07_09_lpg,ESTO,1,1,1,0,0,lossless_without_override
ninth_to_esto,BOTH,NINTH,10_01_01_electricity_chp_and_heat_plants,07_10_refinery_gas_not_liquefied,ESTO,1,1,1,0,0,lossless_without_override
ninth_to_esto,BOTH,NINTH,10_01_01_electricity_chp_and_heat_plants,07_x_other_petroleum_products,ESTO,2,4,2,0,2,extra_factorised_targets
ninth_to_esto,BOTH,NINTH,10_01_01_electricity_chp_and_heat_plants,08_01_natural_gas,ESTO,1,1,1,0,0,lossless_without_override
ninth_to_esto,BOTH,NINTH,10_01_01_electricity_chp_and_heat_plants,15_05_other_biomass,ESTO,1,1,1,0,0,lossless_without_override
ninth_to_esto,BOTH,NINTH,10_01_01_electricity_chp_and_heat_plants,16_01_biogas,ESTO,1,1,1,0,0,lossless_without_override
ninth_to_esto,BOTH,NINTH,10_01_01_electricity_chp_and_heat_plants,16_06_biodiesel,ESTO,1,1,1,0,0,lossless_without_override
ninth_to_esto,BOTH,NINTH,10_01_01_electricity_chp_and_heat_plants,17_electricity,ESTO,1,1,1,0,0,lossless_without_override
ninth_to_esto,BOTH,NINTH,10_01_01_electricity_chp_and_heat_plants,18_heat,ESTO,1,1,1,0,0,lossless_without_override
ninth_to_esto,BOTH,NINTH,10_01_02_gas_works_plants,01_x_thermal_coal,ESTO,3,1,1,2,0,missing_current_targets
ninth_to_esto,BOTH,NINTH,10_01_02_gas_works_plants,02_coal_products,ESTO,2,6,2,0,4,extra_factorised_targets
ninth_to_esto,BOTH,NINTH,10_01_02_gas_works_plants,07_01_motor_gasoline,ESTO,1,1,1,0,0,lossless_without_override
ninth_to_esto,BOTH,NINTH,10_01_02_gas_works_plants,07_07_gas_diesel_oil,ESTO,1,1,1,0,0,lossless_without_override
ninth_to_esto,BOTH,NINTH,10_01_02_gas_works_plants,07_09_lpg,ESTO,1,1,1,0,0,lossless_without_override
ninth_to_esto,BOTH,NINTH,10_01_02_gas_works_plants,07_petroleum_products_unallocated,ESTO,1,0,0,1,0,missing_current_targets
ninth_to_esto,BOTH,NINTH,10_01_02_gas_works_plants,07_x_other_petroleum_products,ESTO,1,2,1,0,1,extra_factorised_targets
ninth_to_esto,BOTH,NINTH,10_01_02_gas_works_plants,08_01_natural_gas,ESTO,1,1,1,0,0,lossless_without_override
ninth_to_esto,BOTH,NINTH,10_01_02_gas_works_plants,08_03_gas_works_gas,ESTO,1,1,1,0,0,lossless_without_override
ninth_to_esto,BOTH,NINTH,10_01_02_gas_works_plants,17_electricity,ESTO,1,1,1,0,0,lossless_without_override
ninth_to_esto,BOTH,NINTH,10_01_02_gas_works_plants,18_heat,ESTO,1,1,1,0,0,lossless_without_override
ninth_to_esto,BOTH,NINTH,10_01_03_liquefaction_regasification_plants,08_01_natural_gas,ESTO,1,1,1,0,0,lossless_without_override
ninth_to_esto,BOTH,NINTH,10_01_03_liquefaction_regasification_plants,17_electricity,ESTO,1,1,1,0,0,lossless_without_override
ninth_to_esto,BOTH,NINTH,10_01_05_coke_ovens,02_coal_products,ESTO,8,6,6,2,0,missing_current_targets
ninth_to_esto,BOTH,NINTH,10_01_05_coke_ovens,07_06_kerosene,ESTO,1,1,1,0,0,lossless_without_override
ninth_to_esto,BOTH,NINTH,10_01_05_coke_ovens,07_07_gas_diesel_oil,ESTO,1,1,1,0,0,lossless_without_override
ninth_to_esto,BOTH,NINTH,10_01_05_coke_ovens,07_08_fuel_oil,ESTO,1,1,1,0,0,lossless_without_override
ninth_to_esto,BOTH,NINTH,10_01_05_coke_ovens,07_09_lpg,ESTO,1,1,1,0,0,lossless_without_override
ninth_to_esto,BOTH,NINTH,10_01_05_coke_ovens,08_01_natural_gas,ESTO,1,1,1,0,0,lossless_without_override
ninth_to_esto,BOTH,NINTH,10_01_05_coke_ovens,08_03_gas_works_gas,ESTO,1,1,1,0,0,lossless_without_override
ninth_to_esto,BOTH,NINTH,10_01_05_coke_ovens,17_electricity,ESTO,1,1,1,0,0,lossless_without_override
ninth_to_esto,BOTH,NINTH,10_01_06_coal_mines,01_01_coking_coal,ESTO,1,1,1,0,0,lossless_without_override
ninth_to_esto,BOTH,NINTH,10_01_06_coal_mines,01_05_lignite,ESTO,1,1,1,0,0,lossless_without_override
ninth_to_esto,BOTH,NINTH,10_01_06_coal_mines,01_x_thermal_coal,ESTO,3,3,3,0,0,lossless_without_override
ninth_to_esto,BOTH,NINTH,10_01_06_coal_mines,02_coal_products,ESTO,8,6,6,2,0,missing_current_targets
ninth_to_esto,BOTH,NINTH,10_01_06_coal_mines,06_01_crude_oil,ESTO,1,1,1,0,0,lossless_without_override
ninth_to_esto,BOTH,NINTH,10_01_06_coal_mines,07_01_motor_gasoline,ESTO,1,1,1,0,0,lossless_without_override
ninth_to_esto,BOTH,NINTH,10_01_06_coal_mines,07_03_naphtha,ESTO,1,1,1,0,0,lossless_without_override
ninth_to_esto,BOTH,NINTH,10_01_06_coal_mines,07_06_kerosene,ESTO,1,1,1,0,0,lossless_without_override
ninth_to_esto,BOTH,NINTH,10_01_06_coal_mines,07_07_gas_diesel_oil,ESTO,1,1,1,0,0,lossless_without_override
ninth_to_esto,BOTH,NINTH,10_01_06_coal_mines,07_08_fuel_oil,ESTO,1,1,1,0,0,lossless_without_override
ninth_to_esto,BOTH,NINTH,10_01_06_coal_mines,07_09_lpg,ESTO,1,1,1,0,0,lossless_without_override
ninth_to_esto,BOTH,NINTH,10_01_06_coal_mines,07_petroleum_products_unallocated,ESTO,1,0,0,1,0,missing_current_targets
ninth_to_esto,BOTH,NINTH,10_01_06_coal_mines,07_x_other_petroleum_products,ESTO,2,2,1,1,1,missing_and_extra_targets
ninth_to_esto,BOTH,NINTH,10_01_06_coal_mines,08_01_natural_gas,ESTO,1,1,1,0,0,lossless_without_override
ninth_to_esto,BOTH,NINTH,10_01_06_coal_mines,08_03_gas_works_gas,ESTO,1,1,1,0,0,lossless_without_override
ninth_to_esto,BOTH,NINTH,10_01_06_coal_mines,16_06_biodiesel,ESTO,1,1,1,0,0,lossless_without_override
ninth_to_esto,BOTH,NINTH,10_01_06_coal_mines,17_electricity,ESTO,1,1,1,0,0,lossless_without_override
ninth_to_esto,BOTH,NINTH,10_01_06_coal_mines,18_heat,ESTO,1,1,1,0,0,lossless_without_override
ninth_to_esto,BOTH,NINTH,10_01_07_blast_furnaces,02_coal_products,ESTO,8,3,3,5,0,missing_current_targets
ninth_to_esto,BOTH,NINTH,10_01_07_blast_furnaces,07_08_fuel_oil,ESTO,1,1,1,0,0,lossless_without_override
ninth_to_esto,BOTH,NINTH,10_01_07_blast_furnaces,08_01_natural_gas,ESTO,1,1,1,0,0,lossless_without_override
ninth_to_esto,BOTH,NINTH,10_01_07_blast_furnaces,17_electricity,ESTO,1,1,1,0,0,lossless_without_override
ninth_to_esto,BOTH,NINTH,10_01_11_oil_refineries,01_x_thermal_coal,ESTO,3,2,2,1,0,missing_current_targets
ninth_to_esto,BOTH,NINTH,10_01_11_oil_refineries,06_01_crude_oil,ESTO,1,1,1,0,0,lossless_without_override
ninth_to_esto,BOTH,NINTH,10_01_11_oil_refineries,06_x_other_hydrocarbons,ESTO,1,1,1,0,0,lossless_without_override
ninth_to_esto,BOTH,NINTH,10_01_11_oil_refineries,07_01_motor_gasoline,ESTO,1,1,1,0,0,lossless_without_override
ninth_to_esto,BOTH,NINTH,10_01_11_oil_refineries,07_02_aviation_gasoline,ESTO,1,1,1,0,0,lossless_without_override
ninth_to_esto,BOTH,NINTH,10_01_11_oil_refineries,07_03_naphtha,ESTO,1,1,1,0,0,lossless_without_override
ninth_to_esto,BOTH,NINTH,10_01_11_oil_refineries,07_06_kerosene,ESTO,1,1,1,0,0,lossless_without_override
ninth_to_esto,BOTH,NINTH,10_01_11_oil_refineries,07_07_gas_diesel_oil,ESTO,1,1,1,0,0,lossless_without_override
ninth_to_esto,BOTH,NINTH,10_01_11_oil_refineries,07_08_fuel_oil,ESTO,1,1,1,0,0,lossless_without_override
ninth_to_esto,BOTH,NINTH,10_01_11_oil_refineries,07_09_lpg,ESTO,1,1,1,0,0,lossless_without_override
ninth_to_esto,BOTH,NINTH,10_01_11_oil_refineries,07_10_refinery_gas_not_liquefied,ESTO,1,1,1,0,0,lossless_without_override
ninth_to_esto,BOTH,NINTH,10_01_11_oil_refineries,07_11_ethane,ESTO,1,1,1,0,0,lossless_without_override
ninth_to_esto,BOTH,NINTH,10_01_11_oil_refineries,07_petroleum_products_unallocated,ESTO,1,0,0,1,0,missing_current_targets
ninth_to_esto,BOTH,NINTH,10_01_11_oil_refineries,07_x_jet_fuel,ESTO,2,2,2,0,0,lossless_without_override
ninth_to_esto,BOTH,NINTH,10_01_11_oil_refineries,07_x_other_petroleum_products,ESTO,5,6,5,0,1,extra_factorised_targets
ninth_to_esto,BOTH,NINTH,10_01_11_oil_refineries,08_01_natural_gas,ESTO,1,1,1,0,0,lossless_without_override
ninth_to_esto,BOTH,NINTH,10_01_11_oil_refineries,16_02_industrial_waste,ESTO,1,1,1,0,0,lossless_without_override
ninth_to_esto,BOTH,NINTH,10_01_11_oil_refineries,17_electricity,ESTO,1,1,1,0,0,lossless_without_override
ninth_to_esto,BOTH,NINTH,10_01_11_oil_refineries,18_heat,ESTO,1,1,1,0,0,lossless_without_override
ninth_to_esto,BOTH,NINTH,10_01_12_oil_and_gas_extraction,01_x_thermal_coal,ESTO,3,2,2,1,0,missing_current_targets
ninth_to_esto,BOTH,NINTH,10_01_12_oil_and_gas_extraction,06_01_crude_oil,ESTO,1,1,1,0,0,lossless_without_override
ninth_to_esto,BOTH,NINTH,10_01_12_oil_and_gas_extraction,07_01_motor_gasoline,ESTO,1,1,1,0,0,lossless_without_override
ninth_to_esto,BOTH,NINTH,10_01_12_oil_and_gas_extraction,07_06_kerosene,ESTO,1,1,1,0,0,lossless_without_override
ninth_to_esto,BOTH,NINTH,10_01_12_oil_and_gas_extraction,07_07_gas_diesel_oil,ESTO,1,1,1,0,0,lossless_without_override
ninth_to_esto,BOTH,NINTH,10_01_12_oil_and_gas_extraction,07_08_fuel_oil,ESTO,1,1,1,0,0,lossless_without_override
ninth_to_esto,BOTH,NINTH,10_01_12_oil_and_gas_extraction,07_09_lpg,ESTO,1,1,1,0,0,lossless_without_override
ninth_to_esto,BOTH,NINTH,10_01_12_oil_and_gas_extraction,07_10_refinery_gas_not_liquefied,ESTO,1,1,1,0,0,lossless_without_override
ninth_to_esto,BOTH,NINTH,10_01_12_oil_and_gas_extraction,07_11_ethane,ESTO,1,1,1,0,0,lossless_without_override
ninth_to_esto,BOTH,NINTH,10_01_12_oil_and_gas_extraction,07_petroleum_products_unallocated,ESTO,1,0,0,1,0,missing_current_targets
ninth_to_esto,BOTH,NINTH,10_01_12_oil_and_gas_extraction,07_x_other_petroleum_products,ESTO,2,3,2,0,1,extra_factorised_targets
ninth_to_esto,BOTH,NINTH,10_01_12_oil_and_gas_extraction,08_01_natural_gas,ESTO,1,1,1,0,0,lossless_without_override
ninth_to_esto,BOTH,NINTH,10_01_12_oil_and_gas_extraction,16_06_biodiesel,ESTO,1,1,1,0,0,lossless_without_override
ninth_to_esto,BOTH,NINTH,10_01_12_oil_and_gas_extraction,17_electricity,ESTO,1,1,1,0,0,lossless_without_override
ninth_to_esto,BOTH,NINTH,10_01_12_oil_and_gas_extraction,18_heat,ESTO,1,1,1,0,0,lossless_without_override
ninth_to_esto,BOTH,NINTH,10_01_13_pump_storage_plants,17_electricity,ESTO,1,1,1,0,0,lossless_without_override
ninth_to_esto,BOTH,NINTH,10_01_17_nonspecified_own_uses,07_01_motor_gasoline,ESTO,1,1,1,0,0,lossless_without_override
ninth_to_esto,BOTH,NINTH,10_01_17_nonspecified_own_uses,07_06_kerosene,ESTO,1,1,1,0,0,lossless_without_override
ninth_to_esto,BOTH,NINTH,10_01_17_nonspecified_own_uses,07_07_gas_diesel_oil,ESTO,1,1,1,0,0,lossless_without_override
ninth_to_esto,BOTH,NINTH,10_01_17_nonspecified_own_uses,07_08_fuel_oil,ESTO,1,1,1,0,0,lossless_without_override
ninth_to_esto,BOTH,NINTH,10_01_17_nonspecified_own_uses,07_09_lpg,ESTO,1,1,1,0,0,lossless_without_override
ninth_to_esto,BOTH,NINTH,10_01_17_nonspecified_own_uses,07_petroleum_products_unallocated,ESTO,1,0,0,1,0,missing_current_targets
ninth_to_esto,BOTH,NINTH,10_01_17_nonspecified_own_uses,07_x_other_petroleum_products,ESTO,1,1,1,0,0,lossless_without_override
ninth_to_esto,BOTH,NINTH,10_01_17_nonspecified_own_uses,08_01_natural_gas,ESTO,1,1,1,0,0,lossless_without_override
ninth_to_esto,BOTH,NINTH,10_01_17_nonspecified_own_uses,15_05_other_biomass,ESTO,1,1,1,0,0,lossless_without_override
ninth_to_esto,BOTH,NINTH,10_01_17_nonspecified_own_uses,17_electricity,ESTO,2,2,2,0,0,lossless_without_override
ninth_to_esto,BOTH,NINTH,10_01_17_nonspecified_own_uses,18_heat,ESTO,1,1,1,0,0,lossless_without_override
ninth_to_esto,BOTH,NINTH,10_01_19_hydrogen_transformation,17_electricity,ESTO,1,0,0,1,0,missing_current_targets
ninth_to_esto,BOTH,NINTH,10_02_transmission_and_distribution_losses,01_x_thermal_coal,ESTO,1,1,1,0,0,lossless_without_override
ninth_to_esto,BOTH,NINTH,10_02_transmission_and_distribution_losses,02_coal_products,ESTO,4,4,4,0,0,lossless_without_override
ninth_to_esto,BOTH,NINTH,10_02_transmission_and_distribution_losses,06_01_crude_oil,ESTO,1,1,1,0,0,lossless_without_override
ninth_to_esto,BOTH,NINTH,10_02_transmission_and_distribution_losses,07_01_motor_gasoline,ESTO,1,1,1,0,0,lossless_without_override
ninth_to_esto,BOTH,NINTH,10_02_transmission_and_distribution_losses,07_07_gas_diesel_oil,ESTO,1,1,1,0,0,lossless_without_override
ninth_to_esto,BOTH,NINTH,10_02_transmission_and_distribution_losses,07_08_fuel_oil,ESTO,1,1,1,0,0,lossless_without_override
ninth_to_esto,BOTH,NINTH,10_02_transmission_and_distribution_losses,07_09_lpg,ESTO,1,1,1,0,0,lossless_without_override
ninth_to_esto,BOTH,NINTH,10_02_transmission_and_distribution_losses,07_x_other_petroleum_products,ESTO,1,0,0,1,0,missing_current_targets
ninth_to_esto,BOTH,NINTH,10_02_transmission_and_distribution_losses,08_01_natural_gas,ESTO,1,1,1,0,0,lossless_without_override
ninth_to_esto,BOTH,NINTH,10_02_transmission_and_distribution_losses,08_02_lng,ESTO,1,1,1,0,0,lossless_without_override
ninth_to_esto,BOTH,NINTH,10_02_transmission_and_distribution_losses,17_electricity,ESTO,1,1,1,0,0,lossless_without_override
ninth_to_esto,BOTH,NINTH,10_02_transmission_and_distribution_losses,18_heat,ESTO,1,1,1,0,0,lossless_without_override
ninth_to_esto,BOTH,NINTH,12_total_final_consumption,01_01_coking_coal,ESTO,1,1,1,0,0,lossless_without_override
ninth_to_esto,BOTH,NINTH,12_total_final_consumption,01_05_lignite,ESTO,1,1,1,0,0,lossless_without_override
ninth_to_esto,BOTH,NINTH,12_total_final_consumption,01_coal_unallocated,ESTO,1,0,0,1,0,missing_current_targets
ninth_to_esto,BOTH,NINTH,12_total_final_consumption,01_x_thermal_coal,ESTO,3,3,3,0,0,lossless_without_override
ninth_to_esto,BOTH,NINTH,12_total_final_consumption,02_coal_products,ESTO,8,7,7,1,0,missing_current_targets
ninth_to_esto,BOTH,NINTH,12_total_final_consumption,03_peat,ESTO,1,1,1,0,0,lossless_without_override
ninth_to_esto,BOTH,NINTH,12_total_final_consumption,06_01_crude_oil,ESTO,1,1,1,0,0,lossless_without_override
ninth_to_esto,BOTH,NINTH,12_total_final_consumption,06_02_natural_gas_liquids,ESTO,1,1,1,0,0,lossless_without_override
ninth_to_esto,BOTH,NINTH,12_total_final_consumption,06_x_other_hydrocarbons,ESTO,3,2,2,1,0,missing_current_targets
ninth_to_esto,BOTH,NINTH,12_total_final_consumption,07_01_motor_gasoline,ESTO,1,1,1,0,0,lossless_without_override
ninth_to_esto,BOTH,NINTH,12_total_final_consumption,07_02_aviation_gasoline,ESTO,1,1,1,0,0,lossless_without_override
ninth_to_esto,BOTH,NINTH,12_total_final_consumption,07_03_naphtha,ESTO,1,1,1,0,0,lossless_without_override
ninth_to_esto,BOTH,NINTH,12_total_final_consumption,07_06_kerosene,ESTO,1,1,1,0,0,lossless_without_override
ninth_to_esto,BOTH,NINTH,12_total_final_consumption,07_07_gas_diesel_oil,ESTO,1,1,1,0,0,lossless_without_override
ninth_to_esto,BOTH,NINTH,12_total_final_consumption,07_08_fuel_oil,ESTO,1,1,1,0,0,lossless_without_override
ninth_to_esto,BOTH,NINTH,12_total_final_consumption,07_09_lpg,ESTO,1,1,1,0,0,lossless_without_override
ninth_to_esto,BOTH,NINTH,12_total_final_consumption,07_10_refinery_gas_not_liquefied,ESTO,1,1,1,0,0,lossless_without_override
ninth_to_esto,BOTH,NINTH,12_total_final_consumption,07_11_ethane,ESTO,1,1,1,0,0,lossless_without_override
ninth_to_esto,BOTH,NINTH,12_total_final_consumption,07_petroleum_products_unallocated,ESTO,1,0,0,1,0,missing_current_targets
ninth_to_esto,BOTH,NINTH,12_total_final_consumption,07_x_jet_fuel,ESTO,2,2,2,0,0,lossless_without_override
ninth_to_esto,BOTH,NINTH,12_total_final_consumption,07_x_other_petroleum_products,ESTO,6,6,6,0,0,lossless_without_override
ninth_to_esto,BOTH,NINTH,12_total_final_consumption,08_01_natural_gas,ESTO,1,1,1,0,0,lossless_without_override
ninth_to_esto,BOTH,NINTH,12_total_final_consumption,08_02_lng,ESTO,1,0,0,1,0,missing_current_targets
ninth_to_esto,BOTH,NINTH,12_total_final_consumption,08_03_gas_works_gas,ESTO,1,1,1,0,0,lossless_without_override
ninth_to_esto,BOTH,NINTH,12_total_final_consumption,08_gas_unallocated,ESTO,1,0,0,1,0,missing_current_targets
ninth_to_esto,BOTH,NINTH,12_total_final_consumption,11_geothermal,ESTO,1,1,1,0,0,lossless_without_override
ninth_to_esto,BOTH,NINTH,12_total_final_consumption,12_solar_unallocated,ESTO,1,1,1,0,0,lossless_without_override
ninth_to_esto,BOTH,NINTH,12_total_final_consumption,12_x_other_solar,ESTO,1,1,1,0,0,lossless_without_override
ninth_to_esto,BOTH,NINTH,12_total_final_consumption,15_01_fuelwood_and_woodwaste,ESTO,1,1,1,0,0,lossless_without_override
ninth_to_esto,BOTH,NINTH,12_total_final_consumption,15_02_bagasse,ESTO,1,1,1,0,0,lossless_without_override
ninth_to_esto,BOTH,NINTH,12_total_final_consumption,15_03_charcoal,ESTO,1,1,1,0,0,lossless_without_override
ninth_to_esto,BOTH,NINTH,12_total_final_consumption,15_04_black_liquor,ESTO,1,1,1,0,0,lossless_without_override
ninth_to_esto,BOTH,NINTH,12_total_final_consumption,15_05_other_biomass,ESTO,1,1,1,0,0,lossless_without_override
ninth_to_esto,BOTH,NINTH,12_total_final_consumption,15_solid_biomass_unallocated,ESTO,1,1,1,0,0,lossless_without_override
ninth_to_esto,BOTH,NINTH,12_total_final_consumption,16_01_biogas,ESTO,1,1,1,0,0,lossless_without_override
ninth_to_esto,BOTH,NINTH,12_total_final_consumption,16_02_industrial_waste,ESTO,1,1,1,0,0,lossless_without_override
ninth_to_esto,BOTH,NINTH,12_total_final_consumption,16_03_municipal_solid_waste_renewable,ESTO,1,1,1,0,0,lossless_without_override
ninth_to_esto,BOTH,NINTH,12_total_final_consumption,16_04_municipal_solid_waste_nonrenewable,ESTO,1,1,1,0,0,lossless_without_override
ninth_to_esto,BOTH,NINTH,12_total_final_consumption,16_05_biogasoline,ESTO,1,1,1,0,0,lossless_without_override
ninth_to_esto,BOTH,NINTH,12_total_final_consumption,16_06_biodiesel,ESTO,1,1,1,0,0,lossless_without_override
ninth_to_esto,BOTH,NINTH,12_total_final_consumption,16_07_bio_jet_kerosene,ESTO,1,1,1,0,0,lossless_without_override
ninth_to_esto,BOTH,NINTH,12_total_final_consumption,16_08_other_liquid_biofuels,ESTO,1,1,1,0,0,lossless_without_override
ninth_to_esto,BOTH,NINTH,12_total_final_consumption,16_09_other_sources,ESTO,1,0,0,1,0,missing_current_targets
ninth_to_esto,BOTH,NINTH,12_total_final_consumption,16_x_ammonia,ESTO,1,0,0,1,0,missing_current_targets
ninth_to_esto,BOTH,NINTH,12_total_final_consumption,16_x_efuel,ESTO,1,0,0,1,0,missing_current_targets
ninth_to_esto,BOTH,NINTH,12_total_final_consumption,16_x_hydrogen,ESTO,1,0,0,1,0,missing_current_targets
ninth_to_esto,BOTH,NINTH,12_total_final_consumption,17_electricity,ESTO,1,1,1,0,0,lossless_without_override
ninth_to_esto,BOTH,NINTH,12_total_final_consumption,18_heat,ESTO,1,1,1,0,0,lossless_without_override
ninth_to_esto,BOTH,NINTH,13_total_final_energy_consumption,01_01_coking_coal,ESTO,1,1,1,0,0,lossless_without_override
ninth_to_esto,BOTH,NINTH,13_total_final_energy_consumption,01_05_lignite,ESTO,1,1,1,0,0,lossless_without_override
ninth_to_esto,BOTH,NINTH,13_total_final_energy_consumption,01_coal_unallocated,ESTO,1,0,0,1,0,missing_current_targets
ninth_to_esto,BOTH,NINTH,13_total_final_energy_consumption,01_x_thermal_coal,ESTO,3,3,3,0,0,lossless_without_override
ninth_to_esto,BOTH,NINTH,13_total_final_energy_consumption,02_coal_products,ESTO,8,7,7,1,0,missing_current_targets
ninth_to_esto,BOTH,NINTH,13_total_final_energy_consumption,03_peat,ESTO,1,1,1,0,0,lossless_without_override
ninth_to_esto,BOTH,NINTH,13_total_final_energy_consumption,06_01_crude_oil,ESTO,1,1,1,0,0,lossless_without_override
ninth_to_esto,BOTH,NINTH,13_total_final_energy_consumption,07_01_motor_gasoline,ESTO,1,1,1,0,0,lossless_without_override
ninth_to_esto,BOTH,NINTH,13_total_final_energy_consumption,07_02_aviation_gasoline,ESTO,1,1,1,0,0,lossless_without_override
ninth_to_esto,BOTH,NINTH,13_total_final_energy_consumption,07_03_naphtha,ESTO,1,1,1,0,0,lossless_without_override
ninth_to_esto,BOTH,NINTH,13_total_final_energy_consumption,07_06_kerosene,ESTO,1,1,1,0,0,lossless_without_override
ninth_to_esto,BOTH,NINTH,13_total_final_energy_consumption,07_07_gas_diesel_oil,ESTO,1,1,1,0,0,lossless_without_override
ninth_to_esto,BOTH,NINTH,13_total_final_energy_consumption,07_08_fuel_oil,ESTO,1,1,1,0,0,lossless_without_override
ninth_to_esto,BOTH,NINTH,13_total_final_energy_consumption,07_09_lpg,ESTO,1,1,1,0,0,lossless_without_override
ninth_to_esto,BOTH,NINTH,13_total_final_energy_consumption,07_10_refinery_gas_not_liquefied,ESTO,1,1,1,0,0,lossless_without_override
ninth_to_esto,BOTH,NINTH,13_total_final_energy_consumption,07_11_ethane,ESTO,1,1,1,0,0,lossless_without_override
ninth_to_esto,BOTH,NINTH,13_total_final_energy_consumption,07_petroleum_products_unallocated,ESTO,1,0,0,1,0,missing_current_targets
ninth_to_esto,BOTH,NINTH,13_total_final_energy_consumption,07_x_jet_fuel,ESTO,2,2,2,0,0,lossless_without_override
ninth_to_esto,BOTH,NINTH,13_total_final_energy_consumption,07_x_other_petroleum_products,ESTO,6,6,6,0,0,lossless_without_override
ninth_to_esto,BOTH,NINTH,13_total_final_energy_consumption,08_01_natural_gas,ESTO,1,1,1,0,0,lossless_without_override
ninth_to_esto,BOTH,NINTH,13_total_final_energy_consumption,08_02_lng,ESTO,1,0,0,1,0,missing_current_targets
ninth_to_esto,BOTH,NINTH,13_total_final_energy_consumption,08_03_gas_works_gas,ESTO,1,1,1,0,0,lossless_without_override
ninth_to_esto,BOTH,NINTH,13_total_final_energy_consumption,08_gas_unallocated,ESTO,1,0,0,1,0,missing_current_targets
ninth_to_esto,BOTH,NINTH,13_total_final_energy_consumption,11_geothermal,ESTO,1,1,1,0,0,lossless_without_override
ninth_to_esto,BOTH,NINTH,13_total_final_energy_consumption,12_solar_unallocated,ESTO,1,1,1,0,0,lossless_without_override
ninth_to_esto,BOTH,NINTH,13_total_final_energy_consumption,12_x_other_solar,ESTO,1,1,1,0,0,lossless_without_override
ninth_to_esto,BOTH,NINTH,13_total_final_energy_consumption,15_01_fuelwood_and_woodwaste,ESTO,1,1,1,0,0,lossless_without_override
ninth_to_esto,BOTH,NINTH,13_total_final_energy_consumption,15_02_bagasse,ESTO,1,1,1,0,0,lossless_without_override
ninth_to_esto,BOTH,NINTH,13_total_final_energy_consumption,15_03_charcoal,ESTO,1,1,1,0,0,lossless_without_override
ninth_to_esto,BOTH,NINTH,13_total_final_energy_consumption,15_04_black_liquor,ESTO,1,1,1,0,0,lossless_without_override
ninth_to_esto,BOTH,NINTH,13_total_final_energy_consumption,15_05_other_biomass,ESTO,1,1,1,0,0,lossless_without_override
ninth_to_esto,BOTH,NINTH,13_total_final_energy_consumption,15_solid_biomass_unallocated,ESTO,1,1,1,0,0,lossless_without_override
ninth_to_esto,BOTH,NINTH,13_total_final_energy_consumption,16_01_biogas,ESTO,1,1,1,0,0,lossless_without_override
ninth_to_esto,BOTH,NINTH,13_total_final_energy_consumption,16_02_industrial_waste,ESTO,1,1,1,0,0,lossless_without_override
ninth_to_esto,BOTH,NINTH,13_total_final_energy_consumption,16_03_municipal_solid_waste_renewable,ESTO,1,1,1,0,0,lossless_without_override
ninth_to_esto,BOTH,NINTH,13_total_final_energy_consumption,16_04_municipal_solid_waste_nonrenewable,ESTO,1,1,1,0,0,lossless_without_override
ninth_to_esto,BOTH,NINTH,13_total_final_energy_consumption,16_05_biogasoline,ESTO,1,1,1,0,0,lossless_without_override
ninth_to_esto,BOTH,NINTH,13_total_final_energy_consumption,16_06_biodiesel,ESTO,1,1,1,0,0,lossless_without_override
ninth_to_esto,BOTH,NINTH,13_total_final_energy_consumption,16_07_bio_jet_kerosene,ESTO,1,1,1,0,0,lossless_without_override
ninth_to_esto,BOTH,NINTH,13_total_final_energy_consumption,16_08_other_liquid_biofuels,ESTO,1,1,1,0,0,lossless_without_override
ninth_to_esto,BOTH,NINTH,13_total_final_energy_consumption,16_09_other_sources,ESTO,1,0,0,1,0,missing_current_targets
ninth_to_esto,BOTH,NINTH,13_total_final_energy_consumption,16_x_ammonia,ESTO,1,0,0,1,0,missing_current_targets
ninth_to_esto,BOTH,NINTH,13_total_final_energy_consumption,16_x_efuel,ESTO,1,0,0,1,0,missing_current_targets
ninth_to_esto,BOTH,NINTH,13_total_final_energy_consumption,16_x_hydrogen,ESTO,1,0,0,1,0,missing_current_targets
ninth_to_esto,BOTH,NINTH,13_total_final_energy_consumption,17_electricity,ESTO,1,1,1,0,0,lossless_without_override
ninth_to_esto,BOTH,NINTH,13_total_final_energy_consumption,18_heat,ESTO,1,1,1,0,0,lossless_without_override
ninth_to_esto,BOTH,NINTH,14_01_mining_and_quarrying,01_05_lignite,ESTO,1,1,1,0,0,lossless_without_override
ninth_to_esto,BOTH,NINTH,14_01_mining_and_quarrying,01_x_thermal_coal,ESTO,3,3,3,0,0,lossless_without_override
ninth_to_esto,BOTH,NINTH,14_01_mining_and_quarrying,02_coal_products,ESTO,8,7,7,1,0,missing_current_targets
ninth_to_esto,BOTH,NINTH,14_01_mining_and_quarrying,06_01_crude_oil,ESTO,1,1,1,0,0,lossless_without_override
ninth_to_esto,BOTH,NINTH,14_01_mining_and_quarrying,07_01_motor_gasoline,ESTO,1,1,1,0,0,lossless_without_override
ninth_to_esto,BOTH,NINTH,14_01_mining_and_quarrying,07_06_kerosene,ESTO,1,1,1,0,0,lossless_without_override
ninth_to_esto,BOTH,NINTH,14_01_mining_and_quarrying,07_07_gas_diesel_oil,ESTO,1,1,1,0,0,lossless_without_override
ninth_to_esto,BOTH,NINTH,14_01_mining_and_quarrying,07_08_fuel_oil,ESTO,1,1,1,0,0,lossless_without_override
ninth_to_esto,BOTH,NINTH,14_01_mining_and_quarrying,07_09_lpg,ESTO,1,1,1,0,0,lossless_without_override
ninth_to_esto,BOTH,NINTH,14_01_mining_and_quarrying,07_petroleum_products_unallocated,ESTO,1,0,0,1,0,missing_current_targets
ninth_to_esto,BOTH,NINTH,14_01_mining_and_quarrying,07_x_jet_fuel,ESTO,2,1,1,1,0,missing_current_targets
ninth_to_esto,BOTH,NINTH,14_01_mining_and_quarrying,07_x_other_petroleum_products,ESTO,2,5,2,0,3,extra_factorised_targets
ninth_to_esto,BOTH,NINTH,14_01_mining_and_quarrying,08_01_natural_gas,ESTO,1,1,1,0,0,lossless_without_override
ninth_to_esto,BOTH,NINTH,14_01_mining_and_quarrying,08_03_gas_works_gas,ESTO,1,1,1,0,0,lossless_without_override
ninth_to_esto,BOTH,NINTH,14_01_mining_and_quarrying,12_solar_unallocated,ESTO,1,0,0,1,0,missing_current_targets
ninth_to_esto,BOTH,NINTH,14_01_mining_and_quarrying,15_01_fuelwood_and_woodwaste,ESTO,1,1,1,0,0,lossless_without_override
ninth_to_esto,BOTH,NINTH,14_01_mining_and_quarrying,15_02_bagasse,ESTO,1,0,0,1,0,missing_current_targets
ninth_to_esto,BOTH,NINTH,14_01_mining_and_quarrying,15_03_charcoal,ESTO,1,1,1,0,0,lossless_without_override
ninth_to_esto,BOTH,NINTH,14_01_mining_and_quarrying,15_04_black_liquor,ESTO,1,0,0,1,0,missing_current_targets
ninth_to_esto,BOTH,NINTH,14_01_mining_and_quarrying,15_05_other_biomass,ESTO,1,1,1,0,0,lossless_without_override
ninth_to_esto,BOTH,NINTH,14_01_mining_and_quarrying,16_01_biogas,ESTO,1,0,0,1,0,missing_current_targets
ninth_to_esto,BOTH,NINTH,14_01_mining_and_quarrying,16_02_industrial_waste,ESTO,1,1,1,0,0,lossless_without_override
ninth_to_esto,BOTH,NINTH,14_01_mining_and_quarrying,16_03_municipal_solid_waste_renewable,ESTO,1,0,0,1,0,missing_current_targets
ninth_to_esto,BOTH,NINTH,14_01_mining_and_quarrying,16_04_municipal_solid_waste_nonrenewable,ESTO,1,0,0,1,0,missing_current_targets
ninth_to_esto,BOTH,NINTH,14_01_mining_and_quarrying,16_05_biogasoline,ESTO,1,1,1,0,0,lossless_without_override
ninth_to_esto,BOTH,NINTH,14_01_mining_and_quarrying,16_06_biodiesel,ESTO,1,1,1,0,0,lossless_without_override
ninth_to_esto,BOTH,NINTH,14_01_mining_and_quarrying,16_07_bio_jet_kerosene,ESTO,1,0,0,1,0,missing_current_targets
ninth_to_esto,BOTH,NINTH,14_01_mining_and_quarrying,16_08_other_liquid_biofuels,ESTO,1,0,0,1,0,missing_current_targets
ninth_to_esto,BOTH,NINTH,14_01_mining_and_quarrying,16_09_other_sources,ESTO,1,0,0,1,0,missing_current_targets
ninth_to_esto,BOTH,NINTH,14_01_mining_and_quarrying,16_others_unallocated,ESTO,1,0,0,1,0,missing_current_targets
ninth_to_esto,BOTH,NINTH,14_01_mining_and_quarrying,16_x_hydrogen,ESTO,1,0,0,1,0,missing_current_targets
ninth_to_esto,BOTH,NINTH,14_01_mining_and_quarrying,17_electricity,ESTO,1,1,1,0,0,lossless_without_override
ninth_to_esto,BOTH,NINTH,14_01_mining_and_quarrying,18_heat,ESTO,1,1,1,0,0,lossless_without_override
ninth_to_esto,BOTH,NINTH,14_02_construction,01_05_lignite,ESTO,1,1,1,0,0,lossless_without_override
ninth_to_esto,BOTH,NINTH,14_02_construction,01_x_thermal_coal,ESTO,3,3,3,0,0,lossless_without_override
ninth_to_esto,BOTH,NINTH,14_02_construction,02_coal_products,ESTO,8,5,5,3,0,missing_current_targets
ninth_to_esto,BOTH,NINTH,14_02_construction,07_01_motor_gasoline,ESTO,1,1,1,0,0,lossless_without_override
ninth_to_esto,BOTH,NINTH,14_02_construction,07_02_aviation_gasoline,ESTO,1,1,1,0,0,lossless_without_override
ninth_to_esto,BOTH,NINTH,14_02_construction,07_06_kerosene,ESTO,1,1,1,0,0,lossless_without_override
ninth_to_esto,BOTH,NINTH,14_02_construction,07_07_gas_diesel_oil,ESTO,1,1,1,0,0,lossless_without_override
ninth_to_esto,BOTH,NINTH,14_02_construction,07_08_fuel_oil,ESTO,1,1,1,0,0,lossless_without_override
ninth_to_esto,BOTH,NINTH,14_02_construction,07_09_lpg,ESTO,1,1,1,0,0,lossless_without_override
ninth_to_esto,BOTH,NINTH,14_02_construction,07_petroleum_products_unallocated,ESTO,1,0,0,1,0,missing_current_targets
ninth_to_esto,BOTH,NINTH,14_02_construction,07_x_jet_fuel,ESTO,2,1,1,1,0,missing_current_targets
ninth_to_esto,BOTH,NINTH,14_02_construction,07_x_other_petroleum_products,ESTO,1,1,1,0,0,lossless_without_override
ninth_to_esto,BOTH,NINTH,14_02_construction,08_01_natural_gas,ESTO,1,1,1,0,0,lossless_without_override
ninth_to_esto,BOTH,NINTH,14_02_construction,15_01_fuelwood_and_woodwaste,ESTO,1,0,0,1,0,missing_current_targets
ninth_to_esto,BOTH,NINTH,14_02_construction,15_02_bagasse,ESTO,1,0,0,1,0,missing_current_targets
ninth_to_esto,BOTH,NINTH,14_02_construction,15_03_charcoal,ESTO,1,0,0,1,0,missing_current_targets
ninth_to_esto,BOTH,NINTH,14_02_construction,15_04_black_liquor,ESTO,1,0,0,1,0,missing_current_targets
ninth_to_esto,BOTH,NINTH,14_02_construction,15_05_other_biomass,ESTO,1,1,1,0,0,lossless_without_override
ninth_to_esto,BOTH,NINTH,14_02_construction,16_01_biogas,ESTO,1,0,0,1,0,missing_current_targets
ninth_to_esto,BOTH,NINTH,14_02_construction,16_02_industrial_waste,ESTO,1,1,1,0,0,lossless_without_override
ninth_to_esto,BOTH,NINTH,14_02_construction,16_03_municipal_solid_waste_renewable,ESTO,1,1,1,0,0,lossless_without_override
ninth_to_esto,BOTH,NINTH,14_02_construction,16_04_municipal_solid_waste_nonrenewable,ESTO,1,1,1,0,0,lossless_without_override
ninth_to_esto,BOTH,NINTH,14_02_construction,16_05_biogasoline,ESTO,1,0,0,1,0,missing_current_targets
ninth_to_esto,BOTH,NINTH,14_02_construction,16_06_biodiesel,ESTO,1,1,1,0,0,lossless_without_override
ninth_to_esto,BOTH,NINTH,14_02_construction,16_07_bio_jet_kerosene,ESTO,1,0,0,1,0,missing_current_targets
ninth_to_esto,BOTH,NINTH,14_02_construction,16_08_other_liquid_biofuels,ESTO,1,0,0,1,0,missing_current_targets
ninth_to_esto,BOTH,NINTH,14_02_construction,16_09_other_sources,ESTO,1,0,0,1,0,missing_current_targets
ninth_to_esto,BOTH,NINTH,14_02_construction,16_others_unallocated,ESTO,1,0,0,1,0,missing_current_targets
ninth_to_esto,BOTH,NINTH,14_02_construction,17_electricity,ESTO,1,1,1,0,0,lossless_without_override
ninth_to_esto,BOTH,NINTH,14_02_construction,18_heat,ESTO,1,1,1,0,0,lossless_without_override
ninth_to_esto,BOTH,NINTH,14_03_01_iron_and_steel,01_01_coking_coal,ESTO,1,1,1,0,0,lossless_without_override
ninth_to_esto,BOTH,NINTH,14_03_01_iron_and_steel,01_coal_unallocated,ESTO,1,0,0,1,0,missing_current_targets
ninth_to_esto,BOTH,NINTH,14_03_01_iron_and_steel,01_x_thermal_coal,ESTO,3,3,3,0,0,lossless_without_override
ninth_to_esto,BOTH,NINTH,14_03_01_iron_and_steel,02_coal_products,ESTO,8,7,7,1,0,missing_current_targets
ninth_to_esto,BOTH,NINTH,14_03_01_iron_and_steel,06_01_crude_oil,ESTO,1,1,1,0,0,lossless_without_override
ninth_to_esto,BOTH,NINTH,14_03_01_iron_and_steel,07_01_motor_gasoline,ESTO,1,1,1,0,0,lossless_without_override
ninth_to_esto,BOTH,NINTH,14_03_01_iron_and_steel,07_06_kerosene,ESTO,1,1,1,0,0,lossless_without_override
ninth_to_esto,BOTH,NINTH,14_03_01_iron_and_steel,07_07_gas_diesel_oil,ESTO,1,1,1,0,0,lossless_without_override
ninth_to_esto,BOTH,NINTH,14_03_01_iron_and_steel,07_08_fuel_oil,ESTO,1,1,1,0,0,lossless_without_override
ninth_to_esto,BOTH,NINTH,14_03_01_iron_and_steel,07_09_lpg,ESTO,1,1,1,0,0,lossless_without_override
ninth_to_esto,BOTH,NINTH,14_03_01_iron_and_steel,07_10_refinery_gas_not_liquefied,ESTO,1,1,1,0,0,lossless_without_override
ninth_to_esto,BOTH,NINTH,14_03_01_iron_and_steel,07_petroleum_products_unallocated,ESTO,1,0,0,1,0,missing_current_targets
ninth_to_esto,BOTH,NINTH,14_03_01_iron_and_steel,07_x_jet_fuel,ESTO,2,1,1,1,0,missing_current_targets
ninth_to_esto,BOTH,NINTH,14_03_01_iron_and_steel,07_x_other_petroleum_products,ESTO,4,6,4,0,2,extra_factorised_targets
ninth_to_esto,BOTH,NINTH,14_03_01_iron_and_steel,08_01_natural_gas,ESTO,1,1,1,0,0,lossless_without_override
ninth_to_esto,BOTH,NINTH,14_03_01_iron_and_steel,08_03_gas_works_gas,ESTO,1,1,1,0,0,lossless_without_override
ninth_to_esto,BOTH,NINTH,14_03_01_iron_and_steel,15_01_fuelwood_and_woodwaste,ESTO,1,1,1,0,0,lossless_without_override
ninth_to_esto,BOTH,NINTH,14_03_01_iron_and_steel,15_02_bagasse,ESTO,1,0,0,1,0,missing_current_targets
ninth_to_esto,BOTH,NINTH,14_03_01_iron_and_steel,15_03_charcoal,ESTO,1,0,0,1,0,missing_current_targets
ninth_to_esto,BOTH,NINTH,14_03_01_iron_and_steel,15_04_black_liquor,ESTO,1,0,0,1,0,missing_current_targets
ninth_to_esto,BOTH,NINTH,14_03_01_iron_and_steel,15_05_other_biomass,ESTO,1,1,1,0,0,lossless_without_override
ninth_to_esto,BOTH,NINTH,14_03_01_iron_and_steel,15_solid_biomass_unallocated,ESTO,1,1,1,0,0,lossless_without_override
ninth_to_esto,BOTH,NINTH,14_03_01_iron_and_steel,16_01_biogas,ESTO,1,1,1,0,0,lossless_without_override
ninth_to_esto,BOTH,NINTH,14_03_01_iron_and_steel,16_02_industrial_waste,ESTO,1,1,1,0,0,lossless_without_override
ninth_to_esto,BOTH,NINTH,14_03_01_iron_and_steel,16_03_municipal_solid_waste_renewable,ESTO,1,0,0,1,0,missing_current_targets
ninth_to_esto,BOTH,NINTH,14_03_01_iron_and_steel,16_04_municipal_solid_waste_nonrenewable,ESTO,1,0,0,1,0,missing_current_targets
ninth_to_esto,BOTH,NINTH,14_03_01_iron_and_steel,16_05_biogasoline,ESTO,1,0,0,1,0,missing_current_targets
ninth_to_esto,BOTH,NINTH,14_03_01_iron_and_steel,16_06_biodiesel,ESTO,1,1,1,0,0,lossless_without_override
ninth_to_esto,BOTH,NINTH,14_03_01_iron_and_steel,16_07_bio_jet_kerosene,ESTO,1,0,0,1,0,missing_current_targets
ninth_to_esto,BOTH,NINTH,14_03_01_iron_and_steel,16_08_other_liquid_biofuels,ESTO,1,0,0,1,0,missing_current_targets
ninth_to_esto,BOTH,NINTH,14_03_01_iron_and_steel,16_09_other_sources,ESTO,1,0,0,1,0,missing_current_targets
ninth_to_esto,BOTH,NINTH,14_03_01_iron_and_steel,16_others_unallocated,ESTO,1,0,0,1,0,missing_current_targets
ninth_to_esto,BOTH,NINTH,14_03_01_iron_and_steel,16_x_ammonia,ESTO,1,0,0,1,0,missing_current_targets
ninth_to_esto,BOTH,NINTH,14_03_01_iron_and_steel,16_x_efuel,ESTO,1,0,0,1,0,missing_current_targets
ninth_to_esto,BOTH,NINTH,14_03_01_iron_and_steel,16_x_hydrogen,ESTO,1,0,0,1,0,missing_current_targets
ninth_to_esto,BOTH,NINTH,14_03_01_iron_and_steel,17_electricity,ESTO,1,1,1,0,0,lossless_without_override
ninth_to_esto,BOTH,NINTH,14_03_01_iron_and_steel,18_heat,ESTO,1,1,1,0,0,lossless_without_override
ninth_to_esto,BOTH,NINTH,14_03_02_chemical_incl_petrochemical,01_05_lignite,ESTO,1,1,1,0,0,lossless_without_override
ninth_to_esto,BOTH,NINTH,14_03_02_chemical_incl_petrochemical,01_coal_unallocated,ESTO,1,0,0,1,0,missing_current_targets
ninth_to_esto,BOTH,NINTH,14_03_02_chemical_incl_petrochemical,01_x_thermal_coal,ESTO,3,3,3,0,0,lossless_without_override
ninth_to_esto,BOTH,NINTH,14_03_02_chemical_incl_petrochemical,02_coal_products,ESTO,8,7,7,1,0,missing_current_targets
ninth_to_esto,BOTH,NINTH,14_03_02_chemical_incl_petrochemical,06_01_crude_oil,ESTO,1,1,1,0,0,lossless_without_override
ninth_to_esto,BOTH,NINTH,14_03_02_chemical_incl_petrochemical,06_x_other_hydrocarbons,ESTO,1,1,1,0,0,lossless_without_override
ninth_to_esto,BOTH,NINTH,14_03_02_chemical_incl_petrochemical,07_01_motor_gasoline,ESTO,1,1,1,0,0,lossless_without_override
ninth_to_esto,BOTH,NINTH,14_03_02_chemical_incl_petrochemical,07_02_aviation_gasoline,ESTO,1,0,0,1,0,missing_current_targets
ninth_to_esto,BOTH,NINTH,14_03_02_chemical_incl_petrochemical,07_03_naphtha,ESTO,1,1,1,0,0,lossless_without_override
ninth_to_esto,BOTH,NINTH,14_03_02_chemical_incl_petrochemical,07_06_kerosene,ESTO,1,1,1,0,0,lossless_without_override
ninth_to_esto,BOTH,NINTH,14_03_02_chemical_incl_petrochemical,07_07_gas_diesel_oil,ESTO,1,1,1,0,0,lossless_without_override
ninth_to_esto,BOTH,NINTH,14_03_02_chemical_incl_petrochemical,07_08_fuel_oil,ESTO,1,1,1,0,0,lossless_without_override
ninth_to_esto,BOTH,NINTH,14_03_02_chemical_incl_petrochemical,07_09_lpg,ESTO,1,1,1,0,0,lossless_without_override
ninth_to_esto,BOTH,NINTH,14_03_02_chemical_incl_petrochemical,07_10_refinery_gas_not_liquefied,ESTO,1,1,1,0,0,lossless_without_override
ninth_to_esto,BOTH,NINTH,14_03_02_chemical_incl_petrochemical,07_11_ethane,ESTO,1,1,1,0,0,lossless_without_override
ninth_to_esto,BOTH,NINTH,14_03_02_chemical_incl_petrochemical,07_petroleum_products_unallocated,ESTO,1,0,0,1,0,missing_current_targets
ninth_to_esto,BOTH,NINTH,14_03_02_chemical_incl_petrochemical,07_x_jet_fuel,ESTO,2,1,1,1,0,missing_current_targets
ninth_to_esto,BOTH,NINTH,14_03_02_chemical_incl_petrochemical,07_x_other_petroleum_products,ESTO,6,6,6,0,0,lossless_without_override
ninth_to_esto,BOTH,NINTH,14_03_02_chemical_incl_petrochemical,08_01_natural_gas,ESTO,1,1,1,0,0,lossless_without_override
ninth_to_esto,BOTH,NINTH,14_03_02_chemical_incl_petrochemical,08_03_gas_works_gas,ESTO,1,1,1,0,0,lossless_without_override
ninth_to_esto,BOTH,NINTH,14_03_02_chemical_incl_petrochemical,08_gas_unallocated,ESTO,1,0,0,1,0,missing_current_targets
ninth_to_esto,BOTH,NINTH,14_03_02_chemical_incl_petrochemical,15_01_fuelwood_and_woodwaste,ESTO,1,1,1,0,0,lossless_without_override
ninth_to_esto,BOTH,NINTH,14_03_02_chemical_incl_petrochemical,15_02_bagasse,ESTO,1,1,1,0,0,lossless_without_override
ninth_to_esto,BOTH,NINTH,14_03_02_chemical_incl_petrochemical,15_03_charcoal,ESTO,1,1,1,0,0,lossless_without_override
ninth_to_esto,BOTH,NINTH,14_03_02_chemical_incl_petrochemical,15_04_black_liquor,ESTO,1,1,1,0,0,lossless_without_override
ninth_to_esto,BOTH,NINTH,14_03_02_chemical_incl_petrochemical,15_05_other_biomass,ESTO,1,1,1,0,0,lossless_without_override
ninth_to_esto,BOTH,NINTH,14_03_02_chemical_incl_petrochemical,15_solid_biomass_unallocated,ESTO,1,1,1,0,0,lossless_without_override
ninth_to_esto,BOTH,NINTH,14_03_02_chemical_incl_petrochemical,16_01_biogas,ESTO,1,1,1,0,0,lossless_without_override
ninth_to_esto,BOTH,NINTH,14_03_02_chemical_incl_petrochemical,16_02_industrial_waste,ESTO,1,1,1,0,0,lossless_without_override
ninth_to_esto,BOTH,NINTH,14_03_02_chemical_incl_petrochemical,16_03_municipal_solid_waste_renewable,ESTO,1,1,1,0,0,lossless_without_override
ninth_to_esto,BOTH,NINTH,14_03_02_chemical_incl_petrochemical,16_04_municipal_solid_waste_nonrenewable,ESTO,1,1,1,0,0,lossless_without_override
ninth_to_esto,BOTH,NINTH,14_03_02_chemical_incl_petrochemical,16_05_biogasoline,ESTO,1,0,0,1,0,missing_current_targets
ninth_to_esto,BOTH,NINTH,14_03_02_chemical_incl_petrochemical,16_06_biodiesel,ESTO,1,1,1,0,0,lossless_without_override
ninth_to_esto,BOTH,NINTH,14_03_02_chemical_incl_petrochemical,16_07_bio_jet_kerosene,ESTO,1,0,0,1,0,missing_current_targets
ninth_to_esto,BOTH,NINTH,14_03_02_chemical_incl_petrochemical,16_08_other_liquid_biofuels,ESTO,1,1,1,0,0,lossless_without_override
ninth_to_esto,BOTH,NINTH,14_03_02_chemical_incl_petrochemical,16_09_other_sources,ESTO,1,0,0,1,0,missing_current_targets
ninth_to_esto,BOTH,NINTH,14_03_02_chemical_incl_petrochemical,16_others_unallocated,ESTO,1,0,0,1,0,missing_current_targets
ninth_to_esto,BOTH,NINTH,14_03_02_chemical_incl_petrochemical,16_x_hydrogen,ESTO,1,0,0,1,0,missing_current_targets
ninth_to_esto,BOTH,NINTH,14_03_02_chemical_incl_petrochemical,17_electricity,ESTO,1,1,1,0,0,lossless_without_override
ninth_to_esto,BOTH,NINTH,14_03_02_chemical_incl_petrochemical,18_heat,ESTO,1,1,1,0,0,lossless_without_override
ninth_to_esto,BOTH,NINTH,14_03_03_non_ferrous_metals,01_01_coking_coal,ESTO,1,1,1,0,0,lossless_without_override
ninth_to_esto,BOTH,NINTH,14_03_03_non_ferrous_metals,01_05_lignite,ESTO,1,1,1,0,0,lossless_without_override
ninth_to_esto,BOTH,NINTH,14_03_03_non_ferrous_metals,01_x_thermal_coal,ESTO,3,3,3,0,0,lossless_without_override
ninth_to_esto,BOTH,NINTH,14_03_03_non_ferrous_metals,02_coal_products,ESTO,8,6,6,2,0,missing_current_targets
ninth_to_esto,BOTH,NINTH,14_03_03_non_ferrous_metals,06_01_crude_oil,ESTO,1,1,1,0,0,lossless_without_override
ninth_to_esto,BOTH,NINTH,14_03_03_non_ferrous_metals,07_01_motor_gasoline,ESTO,1,1,1,0,0,lossless_without_override
ninth_to_esto,BOTH,NINTH,14_03_03_non_ferrous_metals,07_02_aviation_gasoline,ESTO,1,0,0,1,0,missing_current_targets
ninth_to_esto,BOTH,NINTH,14_03_03_non_ferrous_metals,07_03_naphtha,ESTO,1,1,1,0,0,lossless_without_override
ninth_to_esto,BOTH,NINTH,14_03_03_non_ferrous_metals,07_06_kerosene,ESTO,1,1,1,0,0,lossless_without_override
ninth_to_esto,BOTH,NINTH,14_03_03_non_ferrous_metals,07_07_gas_diesel_oil,ESTO,1,1,1,0,0,lossless_without_override
ninth_to_esto,BOTH,NINTH,14_03_03_non_ferrous_metals,07_08_fuel_oil,ESTO,1,1,1,0,0,lossless_without_override
ninth_to_esto,BOTH,NINTH,14_03_03_non_ferrous_metals,07_09_lpg,ESTO,1,1,1,0,0,lossless_without_override
ninth_to_esto,BOTH,NINTH,14_03_03_non_ferrous_metals,07_10_refinery_gas_not_liquefied,ESTO,1,1,1,0,0,lossless_without_override
ninth_to_esto,BOTH,NINTH,14_03_03_non_ferrous_metals,07_11_ethane,ESTO,1,0,0,1,0,missing_current_targets
ninth_to_esto,BOTH,NINTH,14_03_03_non_ferrous_metals,07_petroleum_products_unallocated,ESTO,1,0,0,1,0,missing_current_targets
ninth_to_esto,BOTH,NINTH,14_03_03_non_ferrous_metals,07_x_jet_fuel,ESTO,2,0,0,2,0,missing_current_targets
ninth_to_esto,BOTH,NINTH,14_03_03_non_ferrous_metals,07_x_other_petroleum_products,ESTO,6,5,5,1,0,missing_current_targets
ninth_to_esto,BOTH,NINTH,14_03_03_non_ferrous_metals,08_01_natural_gas,ESTO,1,1,1,0,0,lossless_without_override
ninth_to_esto,BOTH,NINTH,14_03_03_non_ferrous_metals,08_03_gas_works_gas,ESTO,1,1,1,0,0,lossless_without_override
ninth_to_esto,BOTH,NINTH,14_03_03_non_ferrous_metals,15_01_fuelwood_and_woodwaste,ESTO,1,0,0,1,0,missing_current_targets
ninth_to_esto,BOTH,NINTH,14_03_03_non_ferrous_metals,15_02_bagasse,ESTO,1,0,0,1,0,missing_current_targets
ninth_to_esto,BOTH,NINTH,14_03_03_non_ferrous_metals,15_03_charcoal,ESTO,1,0,0,1,0,missing_current_targets
ninth_to_esto,BOTH,NINTH,14_03_03_non_ferrous_metals,15_04_black_liquor,ESTO,1,0,0,1,0,missing_current_targets
ninth_to_esto,BOTH,NINTH,14_03_03_non_ferrous_metals,15_05_other_biomass,ESTO,1,1,1,0,0,lossless_without_override
ninth_to_esto,BOTH,NINTH,14_03_03_non_ferrous_metals,16_01_biogas,ESTO,1,0,0,1,0,missing_current_targets
ninth_to_esto,BOTH,NINTH,14_03_03_non_ferrous_metals,16_02_industrial_waste,ESTO,1,1,1,0,0,lossless_without_override
ninth_to_esto,BOTH,NINTH,14_03_03_non_ferrous_metals,16_03_municipal_solid_waste_renewable,ESTO,1,0,0,1,0,missing_current_targets
ninth_to_esto,BOTH,NINTH,14_03_03_non_ferrous_metals,16_04_municipal_solid_waste_nonrenewable,ESTO,1,0,0,1,0,missing_current_targets
ninth_to_esto,BOTH,NINTH,14_03_03_non_ferrous_metals,16_05_biogasoline,ESTO,1,0,0,1,0,missing_current_targets
ninth_to_esto,BOTH,NINTH,14_03_03_non_ferrous_metals,16_06_biodiesel,ESTO,1,1,1,0,0,lossless_without_override
ninth_to_esto,BOTH,NINTH,14_03_03_non_ferrous_metals,16_07_bio_jet_kerosene,ESTO,1,0,0,1,0,missing_current_targets
ninth_to_esto,BOTH,NINTH,14_03_03_non_ferrous_metals,16_08_other_liquid_biofuels,ESTO,1,0,0,1,0,missing_current_targets
ninth_to_esto,BOTH,NINTH,14_03_03_non_ferrous_metals,16_09_other_sources,ESTO,1,0,0,1,0,missing_current_targets
ninth_to_esto,BOTH,NINTH,14_03_03_non_ferrous_metals,16_others_unallocated,ESTO,1,0,0,1,0,missing_current_targets
ninth_to_esto,BOTH,NINTH,14_03_03_non_ferrous_metals,16_x_hydrogen,ESTO,1,0,0,1,0,missing_current_targets
ninth_to_esto,BOTH,NINTH,14_03_03_non_ferrous_metals,17_electricity,ESTO,1,1,1,0,0,lossless_without_override
ninth_to_esto,BOTH,NINTH,14_03_03_non_ferrous_metals,18_heat,ESTO,1,1,1,0,0,lossless_without_override
ninth_to_esto,BOTH,NINTH,14_03_04_nonmetallic_mineral_products,01_05_lignite,ESTO,1,1,1,0,0,lossless_without_override
ninth_to_esto,BOTH,NINTH,14_03_04_nonmetallic_mineral_products,01_coal_unallocated,ESTO,1,0,0,1,0,missing_current_targets
ninth_to_esto,BOTH,NINTH,14_03_04_nonmetallic_mineral_products,01_x_thermal_coal,ESTO,3,3,3,0,0,lossless_without_override
ninth_to_esto,BOTH,NINTH,14_03_04_nonmetallic_mineral_products,02_coal_products,ESTO,8,7,7,1,0,missing_current_targets
ninth_to_esto,BOTH,NINTH,14_03_04_nonmetallic_mineral_products,06_01_crude_oil,ESTO,1,1,1,0,0,lossless_without_override
ninth_to_esto,BOTH,NINTH,14_03_04_nonmetallic_mineral_products,07_01_motor_gasoline,ESTO,1,1,1,0,0,lossless_without_override
ninth_to_esto,BOTH,NINTH,14_03_04_nonmetallic_mineral_products,07_02_aviation_gasoline,ESTO,1,0,0,1,0,missing_current_targets
ninth_to_esto,BOTH,NINTH,14_03_04_nonmetallic_mineral_products,07_03_naphtha,ESTO,1,1,1,0,0,lossless_without_override
ninth_to_esto,BOTH,NINTH,14_03_04_nonmetallic_mineral_products,07_06_kerosene,ESTO,1,1,1,0,0,lossless_without_override
ninth_to_esto,BOTH,NINTH,14_03_04_nonmetallic_mineral_products,07_07_gas_diesel_oil,ESTO,1,1,1,0,0,lossless_without_override
ninth_to_esto,BOTH,NINTH,14_03_04_nonmetallic_mineral_products,07_08_fuel_oil,ESTO,1,1,1,0,0,lossless_without_override
ninth_to_esto,BOTH,NINTH,14_03_04_nonmetallic_mineral_products,07_09_lpg,ESTO,1,1,1,0,0,lossless_without_override
ninth_to_esto,BOTH,NINTH,14_03_04_nonmetallic_mineral_products,07_10_refinery_gas_not_liquefied,ESTO,1,1,1,0,0,lossless_without_override
ninth_to_esto,BOTH,NINTH,14_03_04_nonmetallic_mineral_products,07_11_ethane,ESTO,1,0,0,1,0,missing_current_targets
ninth_to_esto,BOTH,NINTH,14_03_04_nonmetallic_mineral_products,07_petroleum_products_unallocated,ESTO,1,0,0,1,0,missing_current_targets
ninth_to_esto,BOTH,NINTH,14_03_04_nonmetallic_mineral_products,07_x_jet_fuel,ESTO,2,0,0,2,0,missing_current_targets
ninth_to_esto,BOTH,NINTH,14_03_04_nonmetallic_mineral_products,07_x_other_petroleum_products,ESTO,6,6,6,0,0,lossless_without_override
ninth_to_esto,BOTH,NINTH,14_03_04_nonmetallic_mineral_products,08_01_natural_gas,ESTO,1,1,1,0,0,lossless_without_override
ninth_to_esto,BOTH,NINTH,14_03_04_nonmetallic_mineral_products,08_03_gas_works_gas,ESTO,1,1,1,0,0,lossless_without_override
ninth_to_esto,BOTH,NINTH,14_03_04_nonmetallic_mineral_products,15_01_fuelwood_and_woodwaste,ESTO,1,1,1,0,0,lossless_without_override
ninth_to_esto,BOTH,NINTH,14_03_04_nonmetallic_mineral_products,15_02_bagasse,ESTO,1,0,0,1,0,missing_current_targets
ninth_to_esto,BOTH,NINTH,14_03_04_nonmetallic_mineral_products,15_03_charcoal,ESTO,1,1,1,0,0,lossless_without_override
ninth_to_esto,BOTH,NINTH,14_03_04_nonmetallic_mineral_products,15_04_black_liquor,ESTO,1,0,0,1,0,missing_current_targets
ninth_to_esto,BOTH,NINTH,14_03_04_nonmetallic_mineral_products,15_05_other_biomass,ESTO,1,1,1,0,0,lossless_without_override
ninth_to_esto,BOTH,NINTH,14_03_04_nonmetallic_mineral_products,15_solid_biomass_unallocated,ESTO,1,1,1,0,0,lossless_without_override
ninth_to_esto,BOTH,NINTH,14_03_04_nonmetallic_mineral_products,16_01_biogas,ESTO,1,1,1,0,0,lossless_without_override
ninth_to_esto,BOTH,NINTH,14_03_04_nonmetallic_mineral_products,16_02_industrial_waste,ESTO,1,1,1,0,0,lossless_without_override
ninth_to_esto,BOTH,NINTH,14_03_04_nonmetallic_mineral_products,16_03_municipal_solid_waste_renewable,ESTO,1,1,1,0,0,lossless_without_override
ninth_to_esto,BOTH,NINTH,14_03_04_nonmetallic_mineral_products,16_04_municipal_solid_waste_nonrenewable,ESTO,1,0,0,1,0,missing_current_targets
ninth_to_esto,BOTH,NINTH,14_03_04_nonmetallic_mineral_products,16_05_biogasoline,ESTO,1,0,0,1,0,missing_current_targets
ninth_to_esto,BOTH,NINTH,14_03_04_nonmetallic_mineral_products,16_06_biodiesel,ESTO,1,1,1,0,0,lossless_without_override
ninth_to_esto,BOTH,NINTH,14_03_04_nonmetallic_mineral_products,16_07_bio_jet_kerosene,ESTO,1,0,0,1,0,missing_current_targets
ninth_to_esto,BOTH,NINTH,14_03_04_nonmetallic_mineral_products,16_08_other_liquid_biofuels,ESTO,1,1,1,0,0,lossless_without_override
ninth_to_esto,BOTH,NINTH,14_03_04_nonmetallic_mineral_products,16_09_other_sources,ESTO,1,0,0,1,0,missing_current_targets
ninth_to_esto,BOTH,NINTH,14_03_04_nonmetallic_mineral_products,16_others_unallocated,ESTO,1,0,0,1,0,missing_current_targets
ninth_to_esto,BOTH,NINTH,14_03_04_nonmetallic_mineral_products,16_x_hydrogen,ESTO,1,0,0,1,0,missing_current_targets
ninth_to_esto,BOTH,NINTH,14_03_04_nonmetallic_mineral_products,17_electricity,ESTO,1,1,1,0,0,lossless_without_override
ninth_to_esto,BOTH,NINTH,14_03_04_nonmetallic_mineral_products,18_heat,ESTO,1,1,1,0,0,lossless_without_override
ninth_to_esto,BOTH,NINTH,14_03_05_transportation_equipment,01_05_lignite,ESTO,1,1,1,0,0,lossless_without_override
ninth_to_esto,BOTH,NINTH,14_03_05_transportation_equipment,01_x_thermal_coal,ESTO,3,3,3,0,0,lossless_without_override
ninth_to_esto,BOTH,NINTH,14_03_05_transportation_equipment,02_coal_products,ESTO,8,5,5,3,0,missing_current_targets
ninth_to_esto,BOTH,NINTH,14_03_05_transportation_equipment,07_01_motor_gasoline,ESTO,1,1,1,0,0,lossless_without_override
ninth_to_esto,BOTH,NINTH,14_03_05_transportation_equipment,07_06_kerosene,ESTO,1,1,1,0,0,lossless_without_override
ninth_to_esto,BOTH,NINTH,14_03_05_transportation_equipment,07_07_gas_diesel_oil,ESTO,1,1,1,0,0,lossless_without_override
ninth_to_esto,BOTH,NINTH,14_03_05_transportation_equipment,07_08_fuel_oil,ESTO,1,1,1,0,0,lossless_without_override
ninth_to_esto,BOTH,NINTH,14_03_05_transportation_equipment,07_09_lpg,ESTO,1,1,1,0,0,lossless_without_override
ninth_to_esto,BOTH,NINTH,14_03_05_transportation_equipment,07_petroleum_products_unallocated,ESTO,1,0,0,1,0,missing_current_targets
ninth_to_esto,BOTH,NINTH,14_03_05_transportation_equipment,07_x_jet_fuel,ESTO,2,1,1,1,0,missing_current_targets
ninth_to_esto,BOTH,NINTH,14_03_05_transportation_equipment,07_x_other_petroleum_products,ESTO,3,4,3,0,1,extra_factorised_targets
ninth_to_esto,BOTH,NINTH,14_03_05_transportation_equipment,08_01_natural_gas,ESTO,1,1,1,0,0,lossless_without_override
ninth_to_esto,BOTH,NINTH,14_03_05_transportation_equipment,08_03_gas_works_gas,ESTO,1,1,1,0,0,lossless_without_override
ninth_to_esto,BOTH,NINTH,14_03_05_transportation_equipment,15_01_fuelwood_and_woodwaste,ESTO,1,0,0,1,0,missing_current_targets
ninth_to_esto,BOTH,NINTH,14_03_05_transportation_equipment,15_02_bagasse,ESTO,1,0,0,1,0,missing_current_targets
ninth_to_esto,BOTH,NINTH,14_03_05_transportation_equipment,15_03_charcoal,ESTO,1,0,0,1,0,missing_current_targets
ninth_to_esto,BOTH,NINTH,14_03_05_transportation_equipment,15_04_black_liquor,ESTO,1,0,0,1,0,missing_current_targets
ninth_to_esto,BOTH,NINTH,14_03_05_transportation_equipment,15_05_other_biomass,ESTO,1,1,1,0,0,lossless_without_override
ninth_to_esto,BOTH,NINTH,14_03_05_transportation_equipment,16_01_biogas,ESTO,1,1,1,0,0,lossless_without_override
ninth_to_esto,BOTH,NINTH,14_03_05_transportation_equipment,16_02_industrial_waste,ESTO,1,1,1,0,0,lossless_without_override
ninth_to_esto,BOTH,NINTH,14_03_05_transportation_equipment,16_03_municipal_solid_waste_renewable,ESTO,1,0,0,1,0,missing_current_targets
ninth_to_esto,BOTH,NINTH,14_03_05_transportation_equipment,16_04_municipal_solid_waste_nonrenewable,ESTO,1,0,0,1,0,missing_current_targets
ninth_to_esto,BOTH,NINTH,14_03_05_transportation_equipment,16_05_biogasoline,ESTO,1,0,0,1,0,missing_current_targets
ninth_to_esto,BOTH,NINTH,14_03_05_transportation_equipment,16_06_biodiesel,ESTO,1,1,1,0,0,lossless_without_override
ninth_to_esto,BOTH,NINTH,14_03_05_transportation_equipment,16_07_bio_jet_kerosene,ESTO,1,0,0,1,0,missing_current_targets
ninth_to_esto,BOTH,NINTH,14_03_05_transportation_equipment,16_08_other_liquid_biofuels,ESTO,1,0,0,1,0,missing_current_targets
ninth_to_esto,BOTH,NINTH,14_03_05_transportation_equipment,16_09_other_sources,ESTO,1,0,0,1,0,missing_current_targets
ninth_to_esto,BOTH,NINTH,14_03_05_transportation_equipment,16_others_unallocated,ESTO,1,0,0,1,0,missing_current_targets
ninth_to_esto,BOTH,NINTH,14_03_05_transportation_equipment,17_electricity,ESTO,1,1,1,0,0,lossless_without_override
ninth_to_esto,BOTH,NINTH,14_03_05_transportation_equipment,18_heat,ESTO,1,1,1,0,0,lossless_without_override
ninth_to_esto,BOTH,NINTH,14_03_06_machinery,01_05_lignite,ESTO,1,1,1,0,0,lossless_without_override
ninth_to_esto,BOTH,NINTH,14_03_06_machinery,01_coal_unallocated,ESTO,1,0,0,1,0,missing_current_targets
ninth_to_esto,BOTH,NINTH,14_03_06_machinery,01_x_thermal_coal,ESTO,3,3,3,0,0,lossless_without_override
ninth_to_esto,BOTH,NINTH,14_03_06_machinery,02_coal_products,ESTO,8,6,6,2,0,missing_current_targets
ninth_to_esto,BOTH,NINTH,14_03_06_machinery,07_01_motor_gasoline,ESTO,1,1,1,0,0,lossless_without_override
ninth_to_esto,BOTH,NINTH,14_03_06_machinery,07_02_aviation_gasoline,ESTO,1,0,0,1,0,missing_current_targets
ninth_to_esto,BOTH,NINTH,14_03_06_machinery,07_03_naphtha,ESTO,1,1,1,0,0,lossless_without_override
ninth_to_esto,BOTH,NINTH,14_03_06_machinery,07_06_kerosene,ESTO,1,1,1,0,0,lossless_without_override
ninth_to_esto,BOTH,NINTH,14_03_06_machinery,07_07_gas_diesel_oil,ESTO,1,1,1,0,0,lossless_without_override
ninth_to_esto,BOTH,NINTH,14_03_06_machinery,07_08_fuel_oil,ESTO,1,1,1,0,0,lossless_without_override
ninth_to_esto,BOTH,NINTH,14_03_06_machinery,07_09_lpg,ESTO,1,1,1,0,0,lossless_without_override
ninth_to_esto,BOTH,NINTH,14_03_06_machinery,07_10_refinery_gas_not_liquefied,ESTO,1,1,1,0,0,lossless_without_override
ninth_to_esto,BOTH,NINTH,14_03_06_machinery,07_11_ethane,ESTO,1,0,0,1,0,missing_current_targets
ninth_to_esto,BOTH,NINTH,14_03_06_machinery,07_petroleum_products_unallocated,ESTO,1,0,0,1,0,missing_current_targets
ninth_to_esto,BOTH,NINTH,14_03_06_machinery,07_x_jet_fuel,ESTO,2,1,1,1,0,missing_current_targets
ninth_to_esto,BOTH,NINTH,14_03_06_machinery,07_x_other_petroleum_products,ESTO,6,6,6,0,0,lossless_without_override
ninth_to_esto,BOTH,NINTH,14_03_06_machinery,08_01_natural_gas,ESTO,1,1,1,0,0,lossless_without_override
ninth_to_esto,BOTH,NINTH,14_03_06_machinery,08_03_gas_works_gas,ESTO,1,1,1,0,0,lossless_without_override
ninth_to_esto,BOTH,NINTH,14_03_06_machinery,15_01_fuelwood_and_woodwaste,ESTO,1,0,0,1,0,missing_current_targets
ninth_to_esto,BOTH,NINTH,14_03_06_machinery,15_02_bagasse,ESTO,1,0,0,1,0,missing_current_targets
ninth_to_esto,BOTH,NINTH,14_03_06_machinery,15_03_charcoal,ESTO,1,0,0,1,0,missing_current_targets
ninth_to_esto,BOTH,NINTH,14_03_06_machinery,15_04_black_liquor,ESTO,1,0,0,1,0,missing_current_targets
ninth_to_esto,BOTH,NINTH,14_03_06_machinery,15_05_other_biomass,ESTO,1,1,1,0,0,lossless_without_override
ninth_to_esto,BOTH,NINTH,14_03_06_machinery,16_01_biogas,ESTO,1,0,0,1,0,missing_current_targets
ninth_to_esto,BOTH,NINTH,14_03_06_machinery,16_02_industrial_waste,ESTO,1,1,1,0,0,lossless_without_override
ninth_to_esto,BOTH,NINTH,14_03_06_machinery,16_03_municipal_solid_waste_renewable,ESTO,1,0,0,1,0,missing_current_targets
ninth_to_esto,BOTH,NINTH,14_03_06_machinery,16_04_municipal_solid_waste_nonrenewable,ESTO,1,0,0,1,0,missing_current_targets
ninth_to_esto,BOTH,NINTH,14_03_06_machinery,16_05_biogasoline,ESTO,1,0,0,1,0,missing_current_targets
ninth_to_esto,BOTH,NINTH,14_03_06_machinery,16_06_biodiesel,ESTO,1,1,1,0,0,lossless_without_override
ninth_to_esto,BOTH,NINTH,14_03_06_machinery,16_07_bio_jet_kerosene,ESTO,1,0,0,1,0,missing_current_targets
ninth_to_esto,BOTH,NINTH,14_03_06_machinery,16_08_other_liquid_biofuels,ESTO,1,0,0,1,0,missing_current_targets
ninth_to_esto,BOTH,NINTH,14_03_06_machinery,16_09_other_sources,ESTO,1,0,0,1,0,missing_current_targets
ninth_to_esto,BOTH,NINTH,14_03_06_machinery,16_others_unallocated,ESTO,1,0,0,1,0,missing_current_targets
ninth_to_esto,BOTH,NINTH,14_03_06_machinery,17_electricity,ESTO,1,1,1,0,0,lossless_without_override
ninth_to_esto,BOTH,NINTH,14_03_06_machinery,18_heat,ESTO,1,1,1,0,0,lossless_without_override
ninth_to_esto,BOTH,NINTH,14_03_07_food_beverages_and_tobacco,01_05_lignite,ESTO,1,1,1,0,0,lossless_without_override
ninth_to_esto,BOTH,NINTH,14_03_07_food_beverages_and_tobacco,01_coal_unallocated,ESTO,1,0,0,1,0,missing_current_targets
ninth_to_esto,BOTH,NINTH,14_03_07_food_beverages_and_tobacco,01_x_thermal_coal,ESTO,3,3,3,0,0,lossless_without_override
ninth_to_esto,BOTH,NINTH,14_03_07_food_beverages_and_tobacco,02_coal_products,ESTO,8,6,6,2,0,missing_current_targets
ninth_to_esto,BOTH,NINTH,14_03_07_food_beverages_and_tobacco,06_01_crude_oil,ESTO,1,1,1,0,0,lossless_without_override
ninth_to_esto,BOTH,NINTH,14_03_07_food_beverages_and_tobacco,07_01_motor_gasoline,ESTO,1,1,1,0,0,lossless_without_override
ninth_to_esto,BOTH,NINTH,14_03_07_food_beverages_and_tobacco,07_06_kerosene,ESTO,1,1,1,0,0,lossless_without_override
ninth_to_esto,BOTH,NINTH,14_03_07_food_beverages_and_tobacco,07_07_gas_diesel_oil,ESTO,1,1,1,0,0,lossless_without_override
ninth_to_esto,BOTH,NINTH,14_03_07_food_beverages_and_tobacco,07_08_fuel_oil,ESTO,1,1,1,0,0,lossless_without_override
ninth_to_esto,BOTH,NINTH,14_03_07_food_beverages_and_tobacco,07_09_lpg,ESTO,1,1,1,0,0,lossless_without_override
ninth_to_esto,BOTH,NINTH,14_03_07_food_beverages_and_tobacco,07_petroleum_products_unallocated,ESTO,1,0,0,1,0,missing_current_targets
ninth_to_esto,BOTH,NINTH,14_03_07_food_beverages_and_tobacco,07_x_other_petroleum_products,ESTO,3,5,3,0,2,extra_factorised_targets
ninth_to_esto,BOTH,NINTH,14_03_07_food_beverages_and_tobacco,08_01_natural_gas,ESTO,1,1,1,0,0,lossless_without_override
ninth_to_esto,BOTH,NINTH,14_03_07_food_beverages_and_tobacco,08_03_gas_works_gas,ESTO,1,1,1,0,0,lossless_without_override
ninth_to_esto,BOTH,NINTH,14_03_07_food_beverages_and_tobacco,11_geothermal,ESTO,1,1,1,0,0,lossless_without_override
ninth_to_esto,BOTH,NINTH,14_03_07_food_beverages_and_tobacco,15_01_fuelwood_and_woodwaste,ESTO,1,1,1,0,0,lossless_without_override
ninth_to_esto,BOTH,NINTH,14_03_07_food_beverages_and_tobacco,15_02_bagasse,ESTO,1,1,1,0,0,lossless_without_override
ninth_to_esto,BOTH,NINTH,14_03_07_food_beverages_and_tobacco,15_03_charcoal,ESTO,1,1,1,0,0,lossless_without_override
ninth_to_esto,BOTH,NINTH,14_03_07_food_beverages_and_tobacco,15_04_black_liquor,ESTO,1,0,0,1,0,missing_current_targets
ninth_to_esto,BOTH,NINTH,14_03_07_food_beverages_and_tobacco,15_05_other_biomass,ESTO,1,1,1,0,0,lossless_without_override
ninth_to_esto,BOTH,NINTH,14_03_07_food_beverages_and_tobacco,15_solid_biomass_unallocated,ESTO,1,1,1,0,0,lossless_without_override
ninth_to_esto,BOTH,NINTH,14_03_07_food_beverages_and_tobacco,16_01_biogas,ESTO,1,1,1,0,0,lossless_without_override
ninth_to_esto,BOTH,NINTH,14_03_07_food_beverages_and_tobacco,16_02_industrial_waste,ESTO,1,1,1,0,0,lossless_without_override
ninth_to_esto,BOTH,NINTH,14_03_07_food_beverages_and_tobacco,16_03_municipal_solid_waste_renewable,ESTO,1,0,0,1,0,missing_current_targets
ninth_to_esto,BOTH,NINTH,14_03_07_food_beverages_and_tobacco,16_04_municipal_solid_waste_nonrenewable,ESTO,1,0,0,1,0,missing_current_targets
ninth_to_esto,BOTH,NINTH,14_03_07_food_beverages_and_tobacco,16_05_biogasoline,ESTO,1,0,0,1,0,missing_current_targets
ninth_to_esto,BOTH,NINTH,14_03_07_food_beverages_and_tobacco,16_06_biodiesel,ESTO,1,1,1,0,0,lossless_without_override
ninth_to_esto,BOTH,NINTH,14_03_07_food_beverages_and_tobacco,16_07_bio_jet_kerosene,ESTO,1,0,0,1,0,missing_current_targets
ninth_to_esto,BOTH,NINTH,14_03_07_food_beverages_and_tobacco,16_08_other_liquid_biofuels,ESTO,1,1,1,0,0,lossless_without_override
ninth_to_esto,BOTH,NINTH,14_03_07_food_beverages_and_tobacco,16_09_other_sources,ESTO,1,0,0,1,0,missing_current_targets
ninth_to_esto,BOTH,NINTH,14_03_07_food_beverages_and_tobacco,16_others_unallocated,ESTO,1,0,0,1,0,missing_current_targets
ninth_to_esto,BOTH,NINTH,14_03_07_food_beverages_and_tobacco,17_electricity,ESTO,1,1,1,0,0,lossless_without_override
ninth_to_esto,BOTH,NINTH,14_03_07_food_beverages_and_tobacco,18_heat,ESTO,1,1,1,0,0,lossless_without_override
ninth_to_esto,BOTH,NINTH,14_03_08_pulp_paper_and_printing,01_05_lignite,ESTO,1,1,1,0,0,lossless_without_override
ninth_to_esto,BOTH,NINTH,14_03_08_pulp_paper_and_printing,01_coal_unallocated,ESTO,1,0,0,1,0,missing_current_targets
ninth_to_esto,BOTH,NINTH,14_03_08_pulp_paper_and_printing,01_x_thermal_coal,ESTO,3,3,3,0,0,lossless_without_override
ninth_to_esto,BOTH,NINTH,14_03_08_pulp_paper_and_printing,02_coal_products,ESTO,8,6,6,2,0,missing_current_targets
ninth_to_esto,BOTH,NINTH,14_03_08_pulp_paper_and_printing,06_01_crude_oil,ESTO,1,1,1,0,0,lossless_without_override
ninth_to_esto,BOTH,NINTH,14_03_08_pulp_paper_and_printing,07_01_motor_gasoline,ESTO,1,1,1,0,0,lossless_without_override
ninth_to_esto,BOTH,NINTH,14_03_08_pulp_paper_and_printing,07_02_aviation_gasoline,ESTO,1,0,0,1,0,missing_current_targets
ninth_to_esto,BOTH,NINTH,14_03_08_pulp_paper_and_printing,07_03_naphtha,ESTO,1,1,1,0,0,lossless_without_override
ninth_to_esto,BOTH,NINTH,14_03_08_pulp_paper_and_printing,07_06_kerosene,ESTO,1,1,1,0,0,lossless_without_override
ninth_to_esto,BOTH,NINTH,14_03_08_pulp_paper_and_printing,07_07_gas_diesel_oil,ESTO,1,1,1,0,0,lossless_without_override
ninth_to_esto,BOTH,NINTH,14_03_08_pulp_paper_and_printing,07_08_fuel_oil,ESTO,1,1,1,0,0,lossless_without_override
ninth_to_esto,BOTH,NINTH,14_03_08_pulp_paper_and_printing,07_09_lpg,ESTO,1,1,1,0,0,lossless_without_override
ninth_to_esto,BOTH,NINTH,14_03_08_pulp_paper_and_printing,07_10_refinery_gas_not_liquefied,ESTO,1,1,1,0,0,lossless_without_override
ninth_to_esto,BOTH,NINTH,14_03_08_pulp_paper_and_printing,07_11_ethane,ESTO,1,0,0,1,0,missing_current_targets
ninth_to_esto,BOTH,NINTH,14_03_08_pulp_paper_and_printing,07_petroleum_products_unallocated,ESTO,1,0,0,1,0,missing_current_targets
ninth_to_esto,BOTH,NINTH,14_03_08_pulp_paper_and_printing,07_x_jet_fuel,ESTO,2,0,0,2,0,missing_current_targets
ninth_to_esto,BOTH,NINTH,14_03_08_pulp_paper_and_printing,07_x_other_petroleum_products,ESTO,6,5,5,1,0,missing_current_targets
ninth_to_esto,BOTH,NINTH,14_03_08_pulp_paper_and_printing,08_01_natural_gas,ESTO,1,1,1,0,0,lossless_without_override
ninth_to_esto,BOTH,NINTH,14_03_08_pulp_paper_and_printing,08_03_gas_works_gas,ESTO,1,1,1,0,0,lossless_without_override
ninth_to_esto,BOTH,NINTH,14_03_08_pulp_paper_and_printing,15_01_fuelwood_and_woodwaste,ESTO,1,1,1,0,0,lossless_without_override
ninth_to_esto,BOTH,NINTH,14_03_08_pulp_paper_and_printing,15_02_bagasse,ESTO,1,0,0,1,0,missing_current_targets
ninth_to_esto,BOTH,NINTH,14_03_08_pulp_paper_and_printing,15_03_charcoal,ESTO,1,0,0,1,0,missing_current_targets
ninth_to_esto,BOTH,NINTH,14_03_08_pulp_paper_and_printing,15_04_black_liquor,ESTO,1,1,1,0,0,lossless_without_override
ninth_to_esto,BOTH,NINTH,14_03_08_pulp_paper_and_printing,15_05_other_biomass,ESTO,1,1,1,0,0,lossless_without_override
ninth_to_esto,BOTH,NINTH,14_03_08_pulp_paper_and_printing,15_solid_biomass_unallocated,ESTO,1,1,1,0,0,lossless_without_override
ninth_to_esto,BOTH,NINTH,14_03_08_pulp_paper_and_printing,16_01_biogas,ESTO,1,1,1,0,0,lossless_without_override
ninth_to_esto,BOTH,NINTH,14_03_08_pulp_paper_and_printing,16_02_industrial_waste,ESTO,1,1,1,0,0,lossless_without_override
ninth_to_esto,BOTH,NINTH,14_03_08_pulp_paper_and_printing,16_03_municipal_solid_waste_renewable,ESTO,1,1,1,0,0,lossless_without_override
ninth_to_esto,BOTH,NINTH,14_03_08_pulp_paper_and_printing,16_04_municipal_solid_waste_nonrenewable,ESTO,1,1,1,0,0,lossless_without_override
ninth_to_esto,BOTH,NINTH,14_03_08_pulp_paper_and_printing,16_05_biogasoline,ESTO,1,0,0,1,0,missing_current_targets
ninth_to_esto,BOTH,NINTH,14_03_08_pulp_paper_and_printing,16_06_biodiesel,ESTO,1,1,1,0,0,lossless_without_override
ninth_to_esto,BOTH,NINTH,14_03_08_pulp_paper_and_printing,16_07_bio_jet_kerosene,ESTO,1,0,0,1,0,missing_current_targets
ninth_to_esto,BOTH,NINTH,14_03_08_pulp_paper_and_printing,16_08_other_liquid_biofuels,ESTO,1,1,1,0,0,lossless_without_override
ninth_to_esto,BOTH,NINTH,14_03_08_pulp_paper_and_printing,16_09_other_sources,ESTO,1,0,0,1,0,missing_current_targets
ninth_to_esto,BOTH,NINTH,14_03_08_pulp_paper_and_printing,16_others_unallocated,ESTO,1,0,0,1,0,missing_current_targets
ninth_to_esto,BOTH,NINTH,14_03_08_pulp_paper_and_printing,17_electricity,ESTO,1,1,1,0,0,lossless_without_override
ninth_to_esto,BOTH,NINTH,14_03_08_pulp_paper_and_printing,18_heat,ESTO,1,1,1,0,0,lossless_without_override
ninth_to_esto,BOTH,NINTH,14_03_09_wood_and_wood_products,01_05_lignite,ESTO,1,1,1,0,0,lossless_without_override
ninth_to_esto,BOTH,NINTH,14_03_09_wood_and_wood_products,01_x_thermal_coal,ESTO,3,3,3,0,0,lossless_without_override
ninth_to_esto,BOTH,NINTH,14_03_09_wood_and_wood_products,02_coal_products,ESTO,8,5,5,3,0,missing_current_targets
ninth_to_esto,BOTH,NINTH,14_03_09_wood_and_wood_products,06_01_crude_oil,ESTO,1,1,1,0,0,lossless_without_override
ninth_to_esto,BOTH,NINTH,14_03_09_wood_and_wood_products,07_01_motor_gasoline,ESTO,1,1,1,0,0,lossless_without_override
ninth_to_esto,BOTH,NINTH,14_03_09_wood_and_wood_products,07_06_kerosene,ESTO,1,1,1,0,0,lossless_without_override
ninth_to_esto,BOTH,NINTH,14_03_09_wood_and_wood_products,07_07_gas_diesel_oil,ESTO,1,1,1,0,0,lossless_without_override
ninth_to_esto,BOTH,NINTH,14_03_09_wood_and_wood_products,07_08_fuel_oil,ESTO,1,1,1,0,0,lossless_without_override
ninth_to_esto,BOTH,NINTH,14_03_09_wood_and_wood_products,07_09_lpg,ESTO,1,1,1,0,0,lossless_without_override
ninth_to_esto,BOTH,NINTH,14_03_09_wood_and_wood_products,07_petroleum_products_unallocated,ESTO,1,0,0,1,0,missing_current_targets
ninth_to_esto,BOTH,NINTH,14_03_09_wood_and_wood_products,07_x_other_petroleum_products,ESTO,1,3,1,0,2,extra_factorised_targets
ninth_to_esto,BOTH,NINTH,14_03_09_wood_and_wood_products,08_01_natural_gas,ESTO,1,1,1,0,0,lossless_without_override
ninth_to_esto,BOTH,NINTH,14_03_09_wood_and_wood_products,15_01_fuelwood_and_woodwaste,ESTO,1,1,1,0,0,lossless_without_override
ninth_to_esto,BOTH,NINTH,14_03_09_wood_and_wood_products,15_02_bagasse,ESTO,1,0,0,1,0,missing_current_targets
ninth_to_esto,BOTH,NINTH,14_03_09_wood_and_wood_products,15_03_charcoal,ESTO,1,0,0,1,0,missing_current_targets
ninth_to_esto,BOTH,NINTH,14_03_09_wood_and_wood_products,15_04_black_liquor,ESTO,1,0,0,1,0,missing_current_targets
ninth_to_esto,BOTH,NINTH,14_03_09_wood_and_wood_products,15_05_other_biomass,ESTO,1,1,1,0,0,lossless_without_override
ninth_to_esto,BOTH,NINTH,14_03_09_wood_and_wood_products,16_01_biogas,ESTO,1,0,0,1,0,missing_current_targets
ninth_to_esto,BOTH,NINTH,14_03_09_wood_and_wood_products,16_02_industrial_waste,ESTO,1,1,1,0,0,lossless_without_override
ninth_to_esto,BOTH,NINTH,14_03_09_wood_and_wood_products,16_03_municipal_solid_waste_renewable,ESTO,1,0,0,1,0,missing_current_targets
ninth_to_esto,BOTH,NINTH,14_03_09_wood_and_wood_products,16_04_municipal_solid_waste_nonrenewable,ESTO,1,0,0,1,0,missing_current_targets
ninth_to_esto,BOTH,NINTH,14_03_09_wood_and_wood_products,16_05_biogasoline,ESTO,1,0,0,1,0,missing_current_targets
ninth_to_esto,BOTH,NINTH,14_03_09_wood_and_wood_products,16_06_biodiesel,ESTO,1,1,1,0,0,lossless_without_override
ninth_to_esto,BOTH,NINTH,14_03_09_wood_and_wood_products,16_07_bio_jet_kerosene,ESTO,1,0,0,1,0,missing_current_targets
ninth_to_esto,BOTH,NINTH,14_03_09_wood_and_wood_products,16_08_other_liquid_biofuels,ESTO,1,1,1,0,0,lossless_without_override
ninth_to_esto,BOTH,NINTH,14_03_09_wood_and_wood_products,16_09_other_sources,ESTO,1,0,0,1,0,missing_current_targets
ninth_to_esto,BOTH,NINTH,14_03_09_wood_and_wood_products,16_others_unallocated,ESTO,1,0,0,1,0,missing_current_targets
ninth_to_esto,BOTH,NINTH,14_03_09_wood_and_wood_products,17_electricity,ESTO,1,1,1,0,0,lossless_without_override
ninth_to_esto,BOTH,NINTH,14_03_09_wood_and_wood_products,18_heat,ESTO,1,1,1,0,0,lossless_without_override
ninth_to_esto,BOTH,NINTH,14_03_10_textiles_and_leather,01_05_lignite,ESTO,1,1,1,0,0,lossless_without_override
ninth_to_esto,BOTH,NINTH,14_03_10_textiles_and_leather,01_coal_unallocated,ESTO,1,0,0,1,0,missing_current_targets
ninth_to_esto,BOTH,NINTH,14_03_10_textiles_and_leather,01_x_thermal_coal,ESTO,3,3,3,0,0,lossless_without_override
ninth_to_esto,BOTH,NINTH,14_03_10_textiles_and_leather,02_coal_products,ESTO,8,6,6,2,0,missing_current_targets
ninth_to_esto,BOTH,NINTH,14_03_10_textiles_and_leather,06_01_crude_oil,ESTO,1,1,1,0,0,lossless_without_override
ninth_to_esto,BOTH,NINTH,14_03_10_textiles_and_leather,07_01_motor_gasoline,ESTO,1,1,1,0,0,lossless_without_override
ninth_to_esto,BOTH,NINTH,14_03_10_textiles_and_leather,07_06_kerosene,ESTO,1,1,1,0,0,lossless_without_override
ninth_to_esto,BOTH,NINTH,14_03_10_textiles_and_leather,07_07_gas_diesel_oil,ESTO,1,1,1,0,0,lossless_without_override
ninth_to_esto,BOTH,NINTH,14_03_10_textiles_and_leather,07_08_fuel_oil,ESTO,1,1,1,0,0,lossless_without_override
ninth_to_esto,BOTH,NINTH,14_03_10_textiles_and_leather,07_09_lpg,ESTO,1,1,1,0,0,lossless_without_override
ninth_to_esto,BOTH,NINTH,14_03_10_textiles_and_leather,07_petroleum_products_unallocated,ESTO,1,0,0,1,0,missing_current_targets
ninth_to_esto,BOTH,NINTH,14_03_10_textiles_and_leather,07_x_other_petroleum_products,ESTO,3,4,3,0,1,extra_factorised_targets
ninth_to_esto,BOTH,NINTH,14_03_10_textiles_and_leather,08_01_natural_gas,ESTO,1,1,1,0,0,lossless_without_override
ninth_to_esto,BOTH,NINTH,14_03_10_textiles_and_leather,08_03_gas_works_gas,ESTO,1,1,1,0,0,lossless_without_override
ninth_to_esto,BOTH,NINTH,14_03_10_textiles_and_leather,15_01_fuelwood_and_woodwaste,ESTO,1,1,1,0,0,lossless_without_override
ninth_to_esto,BOTH,NINTH,14_03_10_textiles_and_leather,15_05_other_biomass,ESTO,1,1,1,0,0,lossless_without_override
ninth_to_esto,BOTH,NINTH,14_03_10_textiles_and_leather,16_01_biogas,ESTO,1,1,1,0,0,lossless_without_override
ninth_to_esto,BOTH,NINTH,14_03_10_textiles_and_leather,16_02_industrial_waste,ESTO,1,1,1,0,0,lossless_without_override
ninth_to_esto,BOTH,NINTH,14_03_10_textiles_and_leather,16_03_municipal_solid_waste_renewable,ESTO,1,1,1,0,0,lossless_without_override
ninth_to_esto,BOTH,NINTH,14_03_10_textiles_and_leather,16_04_municipal_solid_waste_nonrenewable,ESTO,1,1,1,0,0,lossless_without_override
ninth_to_esto,BOTH,NINTH,14_03_10_textiles_and_leather,16_06_biodiesel,ESTO,1,1,1,0,0,lossless_without_override
ninth_to_esto,BOTH,NINTH,14_03_10_textiles_and_leather,17_electricity,ESTO,1,1,1,0,0,lossless_without_override
ninth_to_esto,BOTH,NINTH,14_03_10_textiles_and_leather,18_heat,ESTO,1,1,1,0,0,lossless_without_override
ninth_to_esto,BOTH,NINTH,14_03_11_nonspecified_industry,01_01_coking_coal,ESTO,1,1,1,0,0,lossless_without_override
ninth_to_esto,BOTH,NINTH,14_03_11_nonspecified_industry,01_05_lignite,ESTO,1,1,1,0,0,lossless_without_override
ninth_to_esto,BOTH,NINTH,14_03_11_nonspecified_industry,01_coal_unallocated,ESTO,1,0,0,1,0,missing_current_targets
ninth_to_esto,BOTH,NINTH,14_03_11_nonspecified_industry,01_x_thermal_coal,ESTO,3,3,3,0,0,lossless_without_override
ninth_to_esto,BOTH,NINTH,14_03_11_nonspecified_industry,02_coal_products,ESTO,8,7,7,1,0,missing_current_targets
ninth_to_esto,BOTH,NINTH,14_03_11_nonspecified_industry,03_peat,ESTO,1,1,1,0,0,lossless_without_override
ninth_to_esto,BOTH,NINTH,14_03_11_nonspecified_industry,06_01_crude_oil,ESTO,1,1,1,0,0,lossless_without_override
ninth_to_esto,BOTH,NINTH,14_03_11_nonspecified_industry,07_01_motor_gasoline,ESTO,1,1,1,0,0,lossless_without_override
ninth_to_esto,BOTH,NINTH,14_03_11_nonspecified_industry,07_02_aviation_gasoline,ESTO,1,1,1,0,0,lossless_without_override
ninth_to_esto,BOTH,NINTH,14_03_11_nonspecified_industry,07_03_naphtha,ESTO,1,1,1,0,0,lossless_without_override
ninth_to_esto,BOTH,NINTH,14_03_11_nonspecified_industry,07_06_kerosene,ESTO,1,1,1,0,0,lossless_without_override
ninth_to_esto,BOTH,NINTH,14_03_11_nonspecified_industry,07_07_gas_diesel_oil,ESTO,1,1,1,0,0,lossless_without_override
ninth_to_esto,BOTH,NINTH,14_03_11_nonspecified_industry,07_08_fuel_oil,ESTO,1,1,1,0,0,lossless_without_override
ninth_to_esto,BOTH,NINTH,14_03_11_nonspecified_industry,07_09_lpg,ESTO,1,1,1,0,0,lossless_without_override
ninth_to_esto,BOTH,NINTH,14_03_11_nonspecified_industry,07_10_refinery_gas_not_liquefied,ESTO,1,1,1,0,0,lossless_without_override
ninth_to_esto,BOTH,NINTH,14_03_11_nonspecified_industry,07_11_ethane,ESTO,1,0,0,1,0,missing_current_targets
ninth_to_esto,BOTH,NINTH,14_03_11_nonspecified_industry,07_petroleum_products_unallocated,ESTO,1,0,0,1,0,missing_current_targets
ninth_to_esto,BOTH,NINTH,14_03_11_nonspecified_industry,07_x_jet_fuel,ESTO,2,1,1,1,0,missing_current_targets
ninth_to_esto,BOTH,NINTH,14_03_11_nonspecified_industry,07_x_other_petroleum_products,ESTO,6,6,6,0,0,lossless_without_override
ninth_to_esto,BOTH,NINTH,14_03_11_nonspecified_industry,08_01_natural_gas,ESTO,1,1,1,0,0,lossless_without_override
ninth_to_esto,BOTH,NINTH,14_03_11_nonspecified_industry,08_03_gas_works_gas,ESTO,1,1,1,0,0,lossless_without_override
ninth_to_esto,BOTH,NINTH,14_03_11_nonspecified_industry,08_gas_unallocated,ESTO,1,0,0,1,0,missing_current_targets
ninth_to_esto,BOTH,NINTH,14_03_11_nonspecified_industry,11_geothermal,ESTO,1,1,1,0,0,lossless_without_override
ninth_to_esto,BOTH,NINTH,14_03_11_nonspecified_industry,12_solar_unallocated,ESTO,1,1,1,0,0,lossless_without_override
ninth_to_esto,BOTH,NINTH,14_03_11_nonspecified_industry,12_x_other_solar,ESTO,1,1,1,0,0,lossless_without_override
ninth_to_esto,BOTH,NINTH,14_03_11_nonspecified_industry,15_01_fuelwood_and_woodwaste,ESTO,1,1,1,0,0,lossless_without_override
ninth_to_esto,BOTH,NINTH,14_03_11_nonspecified_industry,15_02_bagasse,ESTO,1,1,1,0,0,lossless_without_override
ninth_to_esto,BOTH,NINTH,14_03_11_nonspecified_industry,15_03_charcoal,ESTO,1,1,1,0,0,lossless_without_override
ninth_to_esto,BOTH,NINTH,14_03_11_nonspecified_industry,15_04_black_liquor,ESTO,1,0,0,1,0,missing_current_targets
ninth_to_esto,BOTH,NINTH,14_03_11_nonspecified_industry,15_05_other_biomass,ESTO,1,1,1,0,0,lossless_without_override
ninth_to_esto,BOTH,NINTH,14_03_11_nonspecified_industry,15_solid_biomass_unallocated,ESTO,1,1,1,0,0,lossless_without_override
ninth_to_esto,BOTH,NINTH,14_03_11_nonspecified_industry,16_01_biogas,ESTO,1,1,1,0,0,lossless_without_override
ninth_to_esto,BOTH,NINTH,14_03_11_nonspecified_industry,16_02_industrial_waste,ESTO,1,1,1,0,0,lossless_without_override
ninth_to_esto,BOTH,NINTH,14_03_11_nonspecified_industry,16_03_municipal_solid_waste_renewable,ESTO,1,1,1,0,0,lossless_without_override
ninth_to_esto,BOTH,NINTH,14_03_11_nonspecified_industry,16_04_municipal_solid_waste_nonrenewable,ESTO,1,1,1,0,0,lossless_without_override
ninth_to_esto,BOTH,NINTH,14_03_11_nonspecified_industry,16_05_biogasoline,ESTO,1,1,1,0,0,lossless_without_override
ninth_to_esto,BOTH,NINTH,14_03_11_nonspecified_industry,16_06_biodiesel,ESTO,1,1,1,0,0,lossless_without_override
ninth_to_esto,BOTH,NINTH,14_03_11_nonspecified_industry,16_07_bio_jet_kerosene,ESTO,1,0,0,1,0,missing_current_targets
ninth_to_esto,BOTH,NINTH,14_03_11_nonspecified_industry,16_08_other_liquid_biofuels,ESTO,1,0,0,1,0,missing_current_targets
ninth_to_esto,BOTH,NINTH,14_03_11_nonspecified_industry,16_09_other_sources,ESTO,1,0,0,1,0,missing_current_targets
ninth_to_esto,BOTH,NINTH,14_03_11_nonspecified_industry,16_others_unallocated,ESTO,1,0,0,1,0,missing_current_targets
ninth_to_esto,BOTH,NINTH,14_03_11_nonspecified_industry,17_electricity,ESTO,1,1,1,0,0,lossless_without_override
ninth_to_esto,BOTH,NINTH,14_03_11_nonspecified_industry,18_heat,ESTO,1,1,1,0,0,lossless_without_override
ninth_to_esto,BOTH,NINTH,14_03_manufacturing,01_01_coking_coal,ESTO,1,1,1,0,0,lossless_without_override
ninth_to_esto,BOTH,NINTH,14_03_manufacturing,01_05_lignite,ESTO,1,1,1,0,0,lossless_without_override
ninth_to_esto,BOTH,NINTH,14_03_manufacturing,01_coal_unallocated,ESTO,1,0,0,1,0,missing_current_targets
ninth_to_esto,BOTH,NINTH,14_03_manufacturing,01_x_thermal_coal,ESTO,3,3,3,0,0,lossless_without_override
ninth_to_esto,BOTH,NINTH,14_03_manufacturing,02_coal_products,ESTO,8,7,7,1,0,missing_current_targets
ninth_to_esto,BOTH,NINTH,14_03_manufacturing,07_01_motor_gasoline,ESTO,1,1,1,0,0,lossless_without_override
ninth_to_esto,BOTH,NINTH,14_03_manufacturing,07_02_aviation_gasoline,ESTO,1,1,1,0,0,lossless_without_override
ninth_to_esto,BOTH,NINTH,14_03_manufacturing,07_03_naphtha,ESTO,1,1,1,0,0,lossless_without_override
ninth_to_esto,BOTH,NINTH,14_03_manufacturing,07_06_kerosene,ESTO,1,1,1,0,0,lossless_without_override
ninth_to_esto,BOTH,NINTH,14_03_manufacturing,07_07_gas_diesel_oil,ESTO,1,1,1,0,0,lossless_without_override
ninth_to_esto,BOTH,NINTH,14_03_manufacturing,07_08_fuel_oil,ESTO,1,1,1,0,0,lossless_without_override
ninth_to_esto,BOTH,NINTH,14_03_manufacturing,07_09_lpg,ESTO,1,1,1,0,0,lossless_without_override
ninth_to_esto,BOTH,NINTH,14_03_manufacturing,07_10_refinery_gas_not_liquefied,ESTO,1,1,1,0,0,lossless_without_override
ninth_to_esto,BOTH,NINTH,14_03_manufacturing,07_11_ethane,ESTO,1,1,1,0,0,lossless_without_override
ninth_to_esto,BOTH,NINTH,14_03_manufacturing,07_petroleum_products_unallocated,ESTO,1,0,0,1,0,missing_current_targets
ninth_to_esto,BOTH,NINTH,14_03_manufacturing,07_x_jet_fuel,ESTO,2,1,1,1,0,missing_current_targets
ninth_to_esto,BOTH,NINTH,14_03_manufacturing,07_x_other_petroleum_products,ESTO,6,6,6,0,0,lossless_without_override
ninth_to_esto,BOTH,NINTH,14_03_manufacturing,08_01_natural_gas,ESTO,1,1,1,0,0,lossless_without_override
ninth_to_esto,BOTH,NINTH,14_03_manufacturing,08_03_gas_works_gas,ESTO,1,1,1,0,0,lossless_without_override
ninth_to_esto,BOTH,NINTH,14_03_manufacturing,15_01_fuelwood_and_woodwaste,ESTO,1,1,1,0,0,lossless_without_override
ninth_to_esto,BOTH,NINTH,14_03_manufacturing,15_02_bagasse,ESTO,1,1,1,0,0,lossless_without_override
ninth_to_esto,BOTH,NINTH,14_03_manufacturing,15_03_charcoal,ESTO,1,1,1,0,0,lossless_without_override
ninth_to_esto,BOTH,NINTH,14_03_manufacturing,15_04_black_liquor,ESTO,1,1,1,0,0,lossless_without_override
ninth_to_esto,BOTH,NINTH,14_03_manufacturing,15_05_other_biomass,ESTO,1,1,1,0,0,lossless_without_override
ninth_to_esto,BOTH,NINTH,14_03_manufacturing,15_solid_biomass_unallocated,ESTO,1,1,1,0,0,lossless_without_override
ninth_to_esto,BOTH,NINTH,14_03_manufacturing,16_01_biogas,ESTO,1,1,1,0,0,lossless_without_override
ninth_to_esto,BOTH,NINTH,14_03_manufacturing,16_02_industrial_waste,ESTO,1,1,1,0,0,lossless_without_override
ninth_to_esto,BOTH,NINTH,14_03_manufacturing,16_03_municipal_solid_waste_renewable,ESTO,1,1,1,0,0,lossless_without_override
ninth_to_esto,BOTH,NINTH,14_03_manufacturing,16_04_municipal_solid_waste_nonrenewable,ESTO,1,1,1,0,0,lossless_without_override
ninth_to_esto,BOTH,NINTH,14_03_manufacturing,16_05_biogasoline,ESTO,1,1,1,0,0,lossless_without_override
ninth_to_esto,BOTH,NINTH,14_03_manufacturing,16_06_biodiesel,ESTO,1,1,1,0,0,lossless_without_override
ninth_to_esto,BOTH,NINTH,14_03_manufacturing,16_07_bio_jet_kerosene,ESTO,1,0,0,1,0,missing_current_targets
ninth_to_esto,BOTH,NINTH,14_03_manufacturing,16_08_other_liquid_biofuels,ESTO,1,1,1,0,0,lossless_without_override
ninth_to_esto,BOTH,NINTH,14_03_manufacturing,16_09_other_sources,ESTO,1,0,0,1,0,missing_current_targets
ninth_to_esto,BOTH,NINTH,14_03_manufacturing,16_others_unallocated,ESTO,1,0,0,1,0,missing_current_targets
ninth_to_esto,BOTH,NINTH,14_03_manufacturing,16_x_hydrogen,ESTO,1,0,0,1,0,missing_current_targets
ninth_to_esto,BOTH,NINTH,14_03_manufacturing,17_electricity,ESTO,1,1,1,0,0,lossless_without_override
ninth_to_esto,BOTH,NINTH,14_03_manufacturing,18_heat,ESTO,1,1,1,0,0,lossless_without_override
ninth_to_esto,BOTH,NINTH,14_industry_sector,01_01_coking_coal,ESTO,1,1,1,0,0,lossless_without_override
ninth_to_esto,BOTH,NINTH,14_industry_sector,01_05_lignite,ESTO,1,1,1,0,0,lossless_without_override
ninth_to_esto,BOTH,NINTH,14_industry_sector,01_coal_unallocated,ESTO,1,0,0,1,0,missing_current_targets
ninth_to_esto,BOTH,NINTH,14_industry_sector,01_x_thermal_coal,ESTO,3,3,3,0,0,lossless_without_override
ninth_to_esto,BOTH,NINTH,14_industry_sector,02_coal_products,ESTO,8,7,7,1,0,missing_current_targets
ninth_to_esto,BOTH,NINTH,14_industry_sector,07_01_motor_gasoline,ESTO,1,1,1,0,0,lossless_without_override
ninth_to_esto,BOTH,NINTH,14_industry_sector,07_02_aviation_gasoline,ESTO,1,1,1,0,0,lossless_without_override
ninth_to_esto,BOTH,NINTH,14_industry_sector,07_03_naphtha,ESTO,1,1,1,0,0,lossless_without_override
ninth_to_esto,BOTH,NINTH,14_industry_sector,07_06_kerosene,ESTO,1,1,1,0,0,lossless_without_override
ninth_to_esto,BOTH,NINTH,14_industry_sector,07_07_gas_diesel_oil,ESTO,1,1,1,0,0,lossless_without_override
ninth_to_esto,BOTH,NINTH,14_industry_sector,07_08_fuel_oil,ESTO,1,1,1,0,0,lossless_without_override
ninth_to_esto,BOTH,NINTH,14_industry_sector,07_09_lpg,ESTO,1,1,1,0,0,lossless_without_override
ninth_to_esto,BOTH,NINTH,14_industry_sector,07_10_refinery_gas_not_liquefied,ESTO,1,1,1,0,0,lossless_without_override
ninth_to_esto,BOTH,NINTH,14_industry_sector,07_11_ethane,ESTO,1,1,1,0,0,lossless_without_override
ninth_to_esto,BOTH,NINTH,14_industry_sector,07_petroleum_products_unallocated,ESTO,1,0,0,1,0,missing_current_targets
ninth_to_esto,BOTH,NINTH,14_industry_sector,07_x_jet_fuel,ESTO,2,1,1,1,0,missing_current_targets
ninth_to_esto,BOTH,NINTH,14_industry_sector,07_x_other_petroleum_products,ESTO,6,6,6,0,0,lossless_without_override
ninth_to_esto,BOTH,NINTH,14_industry_sector,08_01_natural_gas,ESTO,1,1,1,0,0,lossless_without_override
ninth_to_esto,BOTH,NINTH,14_industry_sector,08_03_gas_works_gas,ESTO,1,1,1,0,0,lossless_without_override
ninth_to_esto,BOTH,NINTH,14_industry_sector,08_gas_unallocated,ESTO,1,0,0,1,0,missing_current_targets
ninth_to_esto,BOTH,NINTH,14_industry_sector,15_01_fuelwood_and_woodwaste,ESTO,1,1,1,0,0,lossless_without_override
ninth_to_esto,BOTH,NINTH,14_industry_sector,15_02_bagasse,ESTO,1,1,1,0,0,lossless_without_override
ninth_to_esto,BOTH,NINTH,14_industry_sector,15_03_charcoal,ESTO,1,1,1,0,0,lossless_without_override
ninth_to_esto,BOTH,NINTH,14_industry_sector,15_04_black_liquor,ESTO,1,1,1,0,0,lossless_without_override
ninth_to_esto,BOTH,NINTH,14_industry_sector,15_05_other_biomass,ESTO,1,1,1,0,0,lossless_without_override
ninth_to_esto,BOTH,NINTH,14_industry_sector,15_solid_biomass_unallocated,ESTO,1,1,1,0,0,lossless_without_override
ninth_to_esto,BOTH,NINTH,14_industry_sector,16_01_biogas,ESTO,1,1,1,0,0,lossless_without_override
ninth_to_esto,BOTH,NINTH,14_industry_sector,16_02_industrial_waste,ESTO,1,1,1,0,0,lossless_without_override
ninth_to_esto,BOTH,NINTH,14_industry_sector,16_03_municipal_solid_waste_renewable,ESTO,1,1,1,0,0,lossless_without_override
ninth_to_esto,BOTH,NINTH,14_industry_sector,16_04_municipal_solid_waste_nonrenewable,ESTO,1,1,1,0,0,lossless_without_override
ninth_to_esto,BOTH,NINTH,14_industry_sector,16_05_biogasoline,ESTO,1,1,1,0,0,lossless_without_override
ninth_to_esto,BOTH,NINTH,14_industry_sector,16_06_biodiesel,ESTO,1,1,1,0,0,lossless_without_override
ninth_to_esto,BOTH,NINTH,14_industry_sector,16_07_bio_jet_kerosene,ESTO,1,0,0,1,0,missing_current_targets
ninth_to_esto,BOTH,NINTH,14_industry_sector,16_08_other_liquid_biofuels,ESTO,1,1,1,0,0,lossless_without_override
ninth_to_esto,BOTH,NINTH,14_industry_sector,16_09_other_sources,ESTO,1,0,0,1,0,missing_current_targets
ninth_to_esto,BOTH,NINTH,14_industry_sector,16_x_hydrogen,ESTO,1,0,0,1,0,missing_current_targets
ninth_to_esto,BOTH,NINTH,14_industry_sector,17_electricity,ESTO,1,1,1,0,0,lossless_without_override
ninth_to_esto,BOTH,NINTH,14_industry_sector,18_heat,ESTO,1,1,1,0,0,lossless_without_override
ninth_to_esto,BOTH,NINTH,"15_01,15_03-15_06 Transport non-road",07_01_motor_gasoline,ESTO,1,0,0,1,0,missing_current_targets
ninth_to_esto,BOTH,NINTH,"15_01,15_03-15_06 Transport non-road",07_02_aviation_gasoline,ESTO,1,0,0,1,0,missing_current_targets
ninth_to_esto,BOTH,NINTH,"15_01,15_03-15_06 Transport non-road",07_06_kerosene,ESTO,1,0,0,1,0,missing_current_targets
ninth_to_esto,BOTH,NINTH,"15_01,15_03-15_06 Transport non-road",07_07_gas_diesel_oil,ESTO,1,0,0,1,0,missing_current_targets
ninth_to_esto,BOTH,NINTH,"15_01,15_03-15_06 Transport non-road",07_08_fuel_oil,ESTO,1,0,0,1,0,missing_current_targets
ninth_to_esto,BOTH,NINTH,"15_01,15_03-15_06 Transport non-road",07_09_lpg,ESTO,1,0,0,1,0,missing_current_targets
ninth_to_esto,BOTH,NINTH,"15_01,15_03-15_06 Transport non-road",07_petroleum_products_unallocated,ESTO,1,0,0,1,0,missing_current_targets
ninth_to_esto,BOTH,NINTH,"15_01,15_03-15_06 Transport non-road",07_x_other_petroleum_products,ESTO,1,0,0,1,0,missing_current_targets
ninth_to_esto,BOTH,NINTH,"15_01,15_03-15_06 Transport non-road",08_01_natural_gas,ESTO,1,0,0,1,0,missing_current_targets
ninth_to_esto,BOTH,NINTH,"15_01,15_03-15_06 Transport non-road",08_02_lng,ESTO,1,0,0,1,0,missing_current_targets
ninth_to_esto,BOTH,NINTH,"15_01,15_03-15_06 Transport non-road",16_05_biogasoline,ESTO,1,0,0,1,0,missing_current_targets
ninth_to_esto,BOTH,NINTH,"15_01,15_03-15_06 Transport non-road",16_06_biodiesel,ESTO,1,0,0,1,0,missing_current_targets
ninth_to_esto,BOTH,NINTH,"15_01,15_03-15_06 Transport non-road",16_07_bio_jet_kerosene,ESTO,1,0,0,1,0,missing_current_targets
ninth_to_esto,BOTH,NINTH,"15_01,15_03-15_06 Transport non-road",16_x_ammonia,ESTO,1,0,0,1,0,missing_current_targets
ninth_to_esto,BOTH,NINTH,"15_01,15_03-15_06 Transport non-road",16_x_efuel,ESTO,1,0,0,1,0,missing_current_targets
ninth_to_esto,BOTH,NINTH,"15_01,15_03-15_06 Transport non-road",16_x_hydrogen,ESTO,1,0,0,1,0,missing_current_targets
ninth_to_esto,BOTH,NINTH,"15_01,15_03-15_06 Transport non-road",17_electricity,ESTO,1,0,0,1,0,missing_current_targets
ninth_to_esto,BOTH,NINTH,15_01_domestic_air_transport,07_01_motor_gasoline,ESTO,1,1,1,0,0,lossless_without_override
ninth_to_esto,BOTH,NINTH,15_01_domestic_air_transport,07_02_aviation_gasoline,ESTO,1,1,1,0,0,lossless_without_override
ninth_to_esto,BOTH,NINTH,15_01_domestic_air_transport,07_07_gas_diesel_oil,ESTO,1,1,1,0,0,lossless_without_override
ninth_to_esto,BOTH,NINTH,15_01_domestic_air_transport,07_09_lpg,ESTO,1,1,1,0,0,lossless_without_override
ninth_to_esto,BOTH,NINTH,15_01_domestic_air_transport,07_x_jet_fuel,ESTO,2,2,2,0,0,lossless_without_override
ninth_to_esto,BOTH,NINTH,15_01_domestic_air_transport,16_05_biogasoline,ESTO,1,0,0,1,0,missing_current_targets
ninth_to_esto,BOTH,NINTH,15_01_domestic_air_transport,16_07_bio_jet_kerosene,ESTO,1,1,1,0,0,lossless_without_override
ninth_to_esto,BOTH,NINTH,15_01_domestic_air_transport,16_x_efuel,ESTO,1,0,0,1,0,missing_current_targets
ninth_to_esto,BOTH,NINTH,15_01_domestic_air_transport,16_x_hydrogen,ESTO,1,0,0,1,0,missing_current_targets
ninth_to_esto,BOTH,NINTH,15_01_domestic_air_transport,17_electricity,ESTO,1,0,0,1,0,missing_current_targets
ninth_to_esto,BOTH,NINTH,15_02_road,07_01_motor_gasoline,ESTO,1,1,1,0,0,lossless_without_override
ninth_to_esto,BOTH,NINTH,15_02_road,07_02_aviation_gasoline,ESTO,1,1,1,0,0,lossless_without_override
ninth_to_esto,BOTH,NINTH,15_02_road,07_06_kerosene,ESTO,1,1,1,0,0,lossless_without_override
ninth_to_esto,BOTH,NINTH,15_02_road,07_07_gas_diesel_oil,ESTO,1,1,1,0,0,lossless_without_override
ninth_to_esto,BOTH,NINTH,15_02_road,07_08_fuel_oil,ESTO,1,1,1,0,0,lossless_without_override
ninth_to_esto,BOTH,NINTH,15_02_road,07_09_lpg,ESTO,1,1,1,0,0,lossless_without_override
ninth_to_esto,BOTH,NINTH,15_02_road,07_x_jet_fuel,ESTO,1,0,0,1,0,missing_current_targets
ninth_to_esto,BOTH,NINTH,15_02_road,08_01_natural_gas,ESTO,1,1,1,0,0,lossless_without_override
ninth_to_esto,BOTH,NINTH,15_02_road,08_02_lng,ESTO,1,0,0,1,0,missing_current_targets
ninth_to_esto,BOTH,NINTH,15_02_road,08_03_gas_works_gas,ESTO,1,0,0,1,0,missing_current_targets
ninth_to_esto,BOTH,NINTH,15_02_road,16_01_biogas,ESTO,1,1,1,0,0,lossless_without_override
ninth_to_esto,BOTH,NINTH,15_02_road,16_05_biogasoline,ESTO,1,1,1,0,0,lossless_without_override
ninth_to_esto,BOTH,NINTH,15_02_road,16_06_biodiesel,ESTO,1,1,1,0,0,lossless_without_override
ninth_to_esto,BOTH,NINTH,15_02_road,16_x_efuel,ESTO,1,0,0,1,0,missing_current_targets
ninth_to_esto,BOTH,NINTH,15_02_road,16_x_hydrogen,ESTO,1,0,0,1,0,missing_current_targets
ninth_to_esto,BOTH,NINTH,15_02_road,17_electricity,ESTO,1,1,1,0,0,lossless_without_override
ninth_to_esto,BOTH,NINTH,15_03_rail,01_x_thermal_coal,ESTO,3,3,3,0,0,lossless_without_override
ninth_to_esto,BOTH,NINTH,15_03_rail,02_coal_products,ESTO,2,4,2,0,2,extra_factorised_targets
ninth_to_esto,BOTH,NINTH,15_03_rail,07_01_motor_gasoline,ESTO,1,1,1,0,0,lossless_without_override
ninth_to_esto,BOTH,NINTH,15_03_rail,07_07_gas_diesel_oil,ESTO,1,1,1,0,0,lossless_without_override
ninth_to_esto,BOTH,NINTH,15_03_rail,07_08_fuel_oil,ESTO,1,1,1,0,0,lossless_without_override
ninth_to_esto,BOTH,NINTH,15_03_rail,07_09_lpg,ESTO,1,1,1,0,0,lossless_without_override
ninth_to_esto,BOTH,NINTH,15_03_rail,16_05_biogasoline,ESTO,1,0,0,1,0,missing_current_targets
ninth_to_esto,BOTH,NINTH,15_03_rail,16_06_biodiesel,ESTO,1,1,1,0,0,lossless_without_override
ninth_to_esto,BOTH,NINTH,15_03_rail,16_x_efuel,ESTO,1,0,0,1,0,missing_current_targets
ninth_to_esto,BOTH,NINTH,15_03_rail,16_x_hydrogen,ESTO,1,0,0,1,0,missing_current_targets
ninth_to_esto,BOTH,NINTH,15_03_rail,17_electricity,ESTO,1,1,1,0,0,lossless_without_override
ninth_to_esto,BOTH,NINTH,15_04_domestic_navigation,07_01_motor_gasoline,ESTO,1,1,1,0,0,lossless_without_override
ninth_to_esto,BOTH,NINTH,15_04_domestic_navigation,07_06_kerosene,ESTO,1,1,1,0,0,lossless_without_override
ninth_to_esto,BOTH,NINTH,15_04_domestic_navigation,07_07_gas_diesel_oil,ESTO,1,1,1,0,0,lossless_without_override
ninth_to_esto,BOTH,NINTH,15_04_domestic_navigation,07_08_fuel_oil,ESTO,1,1,1,0,0,lossless_without_override
ninth_to_esto,BOTH,NINTH,15_04_domestic_navigation,07_09_lpg,ESTO,1,1,1,0,0,lossless_without_override
ninth_to_esto,BOTH,NINTH,15_04_domestic_navigation,07_x_jet_fuel,ESTO,1,0,0,1,0,missing_current_targets
ninth_to_esto,BOTH,NINTH,15_04_domestic_navigation,08_01_natural_gas,ESTO,1,1,1,0,0,lossless_without_override
ninth_to_esto,BOTH,NINTH,15_04_domestic_navigation,08_02_lng,ESTO,1,0,0,1,0,missing_current_targets
ninth_to_esto,BOTH,NINTH,15_04_domestic_navigation,16_05_biogasoline,ESTO,1,0,0,1,0,missing_current_targets
ninth_to_esto,BOTH,NINTH,15_04_domestic_navigation,16_06_biodiesel,ESTO,1,1,1,0,0,lossless_without_override
ninth_to_esto,BOTH,NINTH,15_04_domestic_navigation,16_07_bio_jet_kerosene,ESTO,1,0,0,1,0,missing_current_targets
ninth_to_esto,BOTH,NINTH,15_04_domestic_navigation,16_x_ammonia,ESTO,1,0,0,1,0,missing_current_targets
ninth_to_esto,BOTH,NINTH,15_04_domestic_navigation,16_x_efuel,ESTO,1,0,0,1,0,missing_current_targets
ninth_to_esto,BOTH,NINTH,15_04_domestic_navigation,16_x_hydrogen,ESTO,1,0,0,1,0,missing_current_targets
ninth_to_esto,BOTH,NINTH,15_04_domestic_navigation,17_electricity,ESTO,1,1,1,0,0,lossless_without_override
ninth_to_esto,BOTH,NINTH,15_05_pipeline_transport,07_01_motor_gasoline,ESTO,1,1,1,0,0,lossless_without_override
ninth_to_esto,BOTH,NINTH,15_05_pipeline_transport,07_06_kerosene,ESTO,1,1,1,0,0,lossless_without_override
ninth_to_esto,BOTH,NINTH,15_05_pipeline_transport,07_07_gas_diesel_oil,ESTO,1,1,1,0,0,lossless_without_override
ninth_to_esto,BOTH,NINTH,15_05_pipeline_transport,07_08_fuel_oil,ESTO,1,1,1,0,0,lossless_without_override
ninth_to_esto,BOTH,NINTH,15_05_pipeline_transport,07_09_lpg,ESTO,1,1,1,0,0,lossless_without_override
ninth_to_esto,BOTH,NINTH,15_05_pipeline_transport,08_01_natural_gas,ESTO,1,1,1,0,0,lossless_without_override
ninth_to_esto,BOTH,NINTH,15_05_pipeline_transport,17_electricity,ESTO,1,1,1,0,0,lossless_without_override
ninth_to_esto,BOTH,NINTH,15_06_nonspecified_transport,07_01_motor_gasoline,ESTO,1,1,1,0,0,lossless_without_override
ninth_to_esto,BOTH,NINTH,15_06_nonspecified_transport,07_02_aviation_gasoline,ESTO,1,1,1,0,0,lossless_without_override
ninth_to_esto,BOTH,NINTH,15_06_nonspecified_transport,07_06_kerosene,ESTO,1,1,1,0,0,lossless_without_override
ninth_to_esto,BOTH,NINTH,15_06_nonspecified_transport,07_07_gas_diesel_oil,ESTO,1,1,1,0,0,lossless_without_override
ninth_to_esto,BOTH,NINTH,15_06_nonspecified_transport,07_08_fuel_oil,ESTO,1,1,1,0,0,lossless_without_override
ninth_to_esto,BOTH,NINTH,15_06_nonspecified_transport,07_09_lpg,ESTO,1,1,1,0,0,lossless_without_override
ninth_to_esto,BOTH,NINTH,15_06_nonspecified_transport,07_petroleum_products_unallocated,ESTO,1,0,0,1,0,missing_current_targets
ninth_to_esto,BOTH,NINTH,15_06_nonspecified_transport,07_x_jet_fuel,ESTO,2,1,1,1,0,missing_current_targets
ninth_to_esto,BOTH,NINTH,15_06_nonspecified_transport,07_x_other_petroleum_products,ESTO,1,1,1,0,0,lossless_without_override
ninth_to_esto,BOTH,NINTH,15_06_nonspecified_transport,08_01_natural_gas,ESTO,1,1,1,0,0,lossless_without_override
ninth_to_esto,BOTH,NINTH,15_06_nonspecified_transport,17_electricity,ESTO,1,1,1,0,0,lossless_without_override
ninth_to_esto,BOTH,NINTH,15_transport_sector,07_01_motor_gasoline,ESTO,1,1,1,0,0,lossless_without_override
ninth_to_esto,BOTH,NINTH,15_transport_sector,07_02_aviation_gasoline,ESTO,1,1,1,0,0,lossless_without_override
ninth_to_esto,BOTH,NINTH,15_transport_sector,07_07_gas_diesel_oil,ESTO,1,1,1,0,0,lossless_without_override
ninth_to_esto,BOTH,NINTH,15_transport_sector,07_08_fuel_oil,ESTO,1,1,1,0,0,lossless_without_override
ninth_to_esto,BOTH,NINTH,15_transport_sector,07_09_lpg,ESTO,1,1,1,0,0,lossless_without_override
ninth_to_esto,BOTH,NINTH,15_transport_sector,07_x_jet_fuel,ESTO,1,2,1,0,1,extra_factorised_targets
ninth_to_esto,BOTH,NINTH,15_transport_sector,08_01_natural_gas,ESTO,1,1,1,0,0,lossless_without_override
ninth_to_esto,BOTH,NINTH,15_transport_sector,08_02_lng,ESTO,1,0,0,1,0,missing_current_targets
ninth_to_esto,BOTH,NINTH,15_transport_sector,08_03_gas_works_gas,ESTO,1,1,1,0,0,lossless_without_override
ninth_to_esto,BOTH,NINTH,15_transport_sector,16_01_biogas,ESTO,1,1,1,0,0,lossless_without_override
ninth_to_esto,BOTH,NINTH,15_transport_sector,16_05_biogasoline,ESTO,1,1,1,0,0,lossless_without_override
ninth_to_esto,BOTH,NINTH,15_transport_sector,16_06_biodiesel,ESTO,1,1,1,0,0,lossless_without_override
ninth_to_esto,BOTH,NINTH,15_transport_sector,16_07_bio_jet_kerosene,ESTO,1,1,1,0,0,lossless_without_override
ninth_to_esto,BOTH,NINTH,15_transport_sector,16_x_ammonia,ESTO,1,0,0,1,0,missing_current_targets
ninth_to_esto,BOTH,NINTH,15_transport_sector,16_x_efuel,ESTO,1,0,0,1,0,missing_current_targets
ninth_to_esto,BOTH,NINTH,15_transport_sector,16_x_hydrogen,ESTO,1,0,0,1,0,missing_current_targets
ninth_to_esto,BOTH,NINTH,15_transport_sector,17_electricity,ESTO,1,1,1,0,0,lossless_without_override
ninth_to_esto,BOTH,NINTH,16_01_01_commercial_and_public_services,01_01_coking_coal,ESTO,1,1,1,0,0,lossless_without_override
ninth_to_esto,BOTH,NINTH,16_01_01_commercial_and_public_services,01_05_lignite,ESTO,1,1,1,0,0,lossless_without_override
ninth_to_esto,BOTH,NINTH,16_01_01_commercial_and_public_services,01_coal_unallocated,ESTO,1,0,0,1,0,missing_current_targets
ninth_to_esto,BOTH,NINTH,16_01_01_commercial_and_public_services,01_x_thermal_coal,ESTO,3,3,3,0,0,lossless_without_override
ninth_to_esto,BOTH,NINTH,16_01_01_commercial_and_public_services,02_coal_products,ESTO,8,7,7,1,0,missing_current_targets
ninth_to_esto,BOTH,NINTH,16_01_01_commercial_and_public_services,03_peat,ESTO,1,1,1,0,0,lossless_without_override
ninth_to_esto,BOTH,NINTH,16_01_01_commercial_and_public_services,04_peat_products,ESTO,1,1,1,0,0,lossless_without_override
ninth_to_esto,BOTH,NINTH,16_01_01_commercial_and_public_services,06_01_crude_oil,ESTO,1,1,1,0,0,lossless_without_override
ninth_to_esto,BOTH,NINTH,16_01_01_commercial_and_public_services,06_02_natural_gas_liquids,ESTO,1,1,1,0,0,lossless_without_override
ninth_to_esto,BOTH,NINTH,16_01_01_commercial_and_public_services,06_x_other_hydrocarbons,ESTO,3,0,0,3,0,missing_current_targets
ninth_to_esto,BOTH,NINTH,16_01_01_commercial_and_public_services,07_01_motor_gasoline,ESTO,1,1,1,0,0,lossless_without_override
ninth_to_esto,BOTH,NINTH,16_01_01_commercial_and_public_services,07_02_aviation_gasoline,ESTO,1,1,1,0,0,lossless_without_override
ninth_to_esto,BOTH,NINTH,16_01_01_commercial_and_public_services,07_03_naphtha,ESTO,1,1,1,0,0,lossless_without_override
ninth_to_esto,BOTH,NINTH,16_01_01_commercial_and_public_services,07_06_kerosene,ESTO,1,1,1,0,0,lossless_without_override
ninth_to_esto,BOTH,NINTH,16_01_01_commercial_and_public_services,07_07_gas_diesel_oil,ESTO,1,1,1,0,0,lossless_without_override
ninth_to_esto,BOTH,NINTH,16_01_01_commercial_and_public_services,07_08_fuel_oil,ESTO,1,1,1,0,0,lossless_without_override
ninth_to_esto,BOTH,NINTH,16_01_01_commercial_and_public_services,07_09_lpg,ESTO,1,1,1,0,0,lossless_without_override
ninth_to_esto,BOTH,NINTH,16_01_01_commercial_and_public_services,07_10_refinery_gas_not_liquefied,ESTO,1,1,1,0,0,lossless_without_override
ninth_to_esto,BOTH,NINTH,16_01_01_commercial_and_public_services,07_11_ethane,ESTO,1,0,0,1,0,missing_current_targets
ninth_to_esto,BOTH,NINTH,16_01_01_commercial_and_public_services,07_petroleum_products_unallocated,ESTO,1,0,0,1,0,missing_current_targets
ninth_to_esto,BOTH,NINTH,16_01_01_commercial_and_public_services,07_x_jet_fuel,ESTO,2,2,2,0,0,lossless_without_override
ninth_to_esto,BOTH,NINTH,16_01_01_commercial_and_public_services,07_x_other_petroleum_products,ESTO,6,1,1,5,0,missing_current_targets
ninth_to_esto,BOTH,NINTH,16_01_01_commercial_and_public_services,08_01_natural_gas,ESTO,1,1,1,0,0,lossless_without_override
ninth_to_esto,BOTH,NINTH,16_01_01_commercial_and_public_services,08_02_lng,ESTO,1,0,0,1,0,missing_current_targets
ninth_to_esto,BOTH,NINTH,16_01_01_commercial_and_public_services,08_03_gas_works_gas,ESTO,1,1,1,0,0,lossless_without_override
ninth_to_esto,BOTH,NINTH,16_01_01_commercial_and_public_services,08_gas_unallocated,ESTO,1,0,0,1,0,missing_current_targets
ninth_to_esto,BOTH,NINTH,16_01_01_commercial_and_public_services,09_nuclear,ESTO,1,0,0,1,0,missing_current_targets
ninth_to_esto,BOTH,NINTH,16_01_01_commercial_and_public_services,10_hydro,ESTO,1,0,0,1,0,missing_current_targets
ninth_to_esto,BOTH,NINTH,16_01_01_commercial_and_public_services,11_geothermal,ESTO,1,1,1,0,0,lossless_without_override
ninth_to_esto,BOTH,NINTH,16_01_01_commercial_and_public_services,12_01_of_which_photovoltaics,ESTO,1,0,0,1,0,missing_current_targets
ninth_to_esto,BOTH,NINTH,16_01_01_commercial_and_public_services,12_solar_unallocated,ESTO,1,1,1,0,0,lossless_without_override
ninth_to_esto,BOTH,NINTH,16_01_01_commercial_and_public_services,12_x_other_solar,ESTO,1,1,1,0,0,lossless_without_override
ninth_to_esto,BOTH,NINTH,16_01_01_commercial_and_public_services,13_tide_wave_ocean,ESTO,1,0,0,1,0,missing_current_targets
ninth_to_esto,BOTH,NINTH,16_01_01_commercial_and_public_services,14_wind,ESTO,1,0,0,1,0,missing_current_targets
ninth_to_esto,BOTH,NINTH,16_01_01_commercial_and_public_services,15_01_fuelwood_and_woodwaste,ESTO,1,1,1,0,0,lossless_without_override
ninth_to_esto,BOTH,NINTH,16_01_01_commercial_and_public_services,15_02_bagasse,ESTO,1,0,0,1,0,missing_current_targets
ninth_to_esto,BOTH,NINTH,16_01_01_commercial_and_public_services,15_03_charcoal,ESTO,1,1,1,0,0,lossless_without_override
ninth_to_esto,BOTH,NINTH,16_01_01_commercial_and_public_services,15_04_black_liquor,ESTO,1,0,0,1,0,missing_current_targets
ninth_to_esto,BOTH,NINTH,16_01_01_commercial_and_public_services,15_05_other_biomass,ESTO,1,1,1,0,0,lossless_without_override
ninth_to_esto,BOTH,NINTH,16_01_01_commercial_and_public_services,16_01_biogas,ESTO,1,1,1,0,0,lossless_without_override
ninth_to_esto,BOTH,NINTH,16_01_01_commercial_and_public_services,16_02_industrial_waste,ESTO,1,1,1,0,0,lossless_without_override
ninth_to_esto,BOTH,NINTH,16_01_01_commercial_and_public_services,16_03_municipal_solid_waste_renewable,ESTO,1,1,1,0,0,lossless_without_override
ninth_to_esto,BOTH,NINTH,16_01_01_commercial_and_public_services,16_04_municipal_solid_waste_nonrenewable,ESTO,1,1,1,0,0,lossless_without_override
ninth_to_esto,BOTH,NINTH,16_01_01_commercial_and_public_services,16_05_biogasoline,ESTO,1,1,1,0,0,lossless_without_override
ninth_to_esto,BOTH,NINTH,16_01_01_commercial_and_public_services,16_06_biodiesel,ESTO,1,1,1,0,0,lossless_without_override
ninth_to_esto,BOTH,NINTH,16_01_01_commercial_and_public_services,16_07_bio_jet_kerosene,ESTO,1,0,0,1,0,missing_current_targets
ninth_to_esto,BOTH,NINTH,16_01_01_commercial_and_public_services,16_08_other_liquid_biofuels,ESTO,1,1,1,0,0,lossless_without_override
ninth_to_esto,BOTH,NINTH,16_01_01_commercial_and_public_services,16_09_other_sources,ESTO,1,0,0,1,0,missing_current_targets
ninth_to_esto,BOTH,NINTH,16_01_01_commercial_and_public_services,16_x_hydrogen,ESTO,1,0,0,1,0,missing_current_targets
ninth_to_esto,BOTH,NINTH,16_01_01_commercial_and_public_services,17_electricity,ESTO,1,1,1,0,0,lossless_without_override
ninth_to_esto,BOTH,NINTH,16_01_01_commercial_and_public_services,18_heat,ESTO,1,1,1,0,0,lossless_without_override
ninth_to_esto,BOTH,NINTH,16_01_01_commercial_and_public_services_incl_datacentres,01_01_coking_coal,ESTO,1,1,1,0,0,lossless_without_override
ninth_to_esto,BOTH,NINTH,16_01_01_commercial_and_public_services_incl_datacentres,01_05_lignite,ESTO,1,1,1,0,0,lossless_without_override
ninth_to_esto,BOTH,NINTH,16_01_01_commercial_and_public_services_incl_datacentres,01_coal_unallocated,ESTO,1,0,0,1,0,missing_current_targets
ninth_to_esto,BOTH,NINTH,16_01_01_commercial_and_public_services_incl_datacentres,01_x_thermal_coal,ESTO,3,3,3,0,0,lossless_without_override
ninth_to_esto,BOTH,NINTH,16_01_01_commercial_and_public_services_incl_datacentres,02_coal_products,ESTO,8,7,7,1,0,missing_current_targets
ninth_to_esto,BOTH,NINTH,16_01_01_commercial_and_public_services_incl_datacentres,03_peat,ESTO,1,1,1,0,0,lossless_without_override
ninth_to_esto,BOTH,NINTH,16_01_01_commercial_and_public_services_incl_datacentres,04_peat_products,ESTO,1,1,1,0,0,lossless_without_override
ninth_to_esto,BOTH,NINTH,16_01_01_commercial_and_public_services_incl_datacentres,06_01_crude_oil,ESTO,1,1,1,0,0,lossless_without_override
ninth_to_esto,BOTH,NINTH,16_01_01_commercial_and_public_services_incl_datacentres,06_02_natural_gas_liquids,ESTO,1,1,1,0,0,lossless_without_override
ninth_to_esto,BOTH,NINTH,16_01_01_commercial_and_public_services_incl_datacentres,06_x_other_hydrocarbons,ESTO,3,0,0,3,0,missing_current_targets
ninth_to_esto,BOTH,NINTH,16_01_01_commercial_and_public_services_incl_datacentres,07_01_motor_gasoline,ESTO,1,1,1,0,0,lossless_without_override
ninth_to_esto,BOTH,NINTH,16_01_01_commercial_and_public_services_incl_datacentres,07_02_aviation_gasoline,ESTO,1,1,1,0,0,lossless_without_override
ninth_to_esto,BOTH,NINTH,16_01_01_commercial_and_public_services_incl_datacentres,07_03_naphtha,ESTO,1,1,1,0,0,lossless_without_override
ninth_to_esto,BOTH,NINTH,16_01_01_commercial_and_public_services_incl_datacentres,07_06_kerosene,ESTO,1,1,1,0,0,lossless_without_override
ninth_to_esto,BOTH,NINTH,16_01_01_commercial_and_public_services_incl_datacentres,07_07_gas_diesel_oil,ESTO,1,1,1,0,0,lossless_without_override
ninth_to_esto,BOTH,NINTH,16_01_01_commercial_and_public_services_incl_datacentres,07_08_fuel_oil,ESTO,1,1,1,0,0,lossless_without_override
ninth_to_esto,BOTH,NINTH,16_01_01_commercial_and_public_services_incl_datacentres,07_09_lpg,ESTO,1,1,1,0,0,lossless_without_override
ninth_to_esto,BOTH,NINTH,16_01_01_commercial_and_public_services_incl_datacentres,07_10_refinery_gas_not_liquefied,ESTO,1,1,1,0,0,lossless_without_override
ninth_to_esto,BOTH,NINTH,16_01_01_commercial_and_public_services_incl_datacentres,07_11_ethane,ESTO,1,0,0,1,0,missing_current_targets
ninth_to_esto,BOTH,NINTH,16_01_01_commercial_and_public_services_incl_datacentres,07_petroleum_products_unallocated,ESTO,1,0,0,1,0,missing_current_targets
ninth_to_esto,BOTH,NINTH,16_01_01_commercial_and_public_services_incl_datacentres,07_x_jet_fuel,ESTO,2,2,2,0,0,lossless_without_override
ninth_to_esto,BOTH,NINTH,16_01_01_commercial_and_public_services_incl_datacentres,07_x_other_petroleum_products,ESTO,6,1,1,5,0,missing_current_targets
ninth_to_esto,BOTH,NINTH,16_01_01_commercial_and_public_services_incl_datacentres,08_01_natural_gas,ESTO,1,1,1,0,0,lossless_without_override
ninth_to_esto,BOTH,NINTH,16_01_01_commercial_and_public_services_incl_datacentres,08_02_lng,ESTO,1,0,0,1,0,missing_current_targets
ninth_to_esto,BOTH,NINTH,16_01_01_commercial_and_public_services_incl_datacentres,08_03_gas_works_gas,ESTO,1,1,1,0,0,lossless_without_override
ninth_to_esto,BOTH,NINTH,16_01_01_commercial_and_public_services_incl_datacentres,08_gas_unallocated,ESTO,1,0,0,1,0,missing_current_targets
ninth_to_esto,BOTH,NINTH,16_01_01_commercial_and_public_services_incl_datacentres,09_nuclear,ESTO,1,0,0,1,0,missing_current_targets
ninth_to_esto,BOTH,NINTH,16_01_01_commercial_and_public_services_incl_datacentres,10_hydro,ESTO,1,0,0,1,0,missing_current_targets
ninth_to_esto,BOTH,NINTH,16_01_01_commercial_and_public_services_incl_datacentres,11_geothermal,ESTO,1,1,1,0,0,lossless_without_override
ninth_to_esto,BOTH,NINTH,16_01_01_commercial_and_public_services_incl_datacentres,12_01_of_which_photovoltaics,ESTO,1,0,0,1,0,missing_current_targets
ninth_to_esto,BOTH,NINTH,16_01_01_commercial_and_public_services_incl_datacentres,12_solar_unallocated,ESTO,1,1,1,0,0,lossless_without_override
ninth_to_esto,BOTH,NINTH,16_01_01_commercial_and_public_services_incl_datacentres,12_x_other_solar,ESTO,1,1,1,0,0,lossless_without_override
ninth_to_esto,BOTH,NINTH,16_01_01_commercial_and_public_services_incl_datacentres,13_tide_wave_ocean,ESTO,1,0,0,1,0,missing_current_targets
ninth_to_esto,BOTH,NINTH,16_01_01_commercial_and_public_services_incl_datacentres,14_wind,ESTO,1,0,0,1,0,missing_current_targets
ninth_to_esto,BOTH,NINTH,16_01_01_commercial_and_public_services_incl_datacentres,15_01_fuelwood_and_woodwaste,ESTO,1,1,1,0,0,lossless_without_override
ninth_to_esto,BOTH,NINTH,16_01_01_commercial_and_public_services_incl_datacentres,15_02_bagasse,ESTO,1,0,0,1,0,missing_current_targets
ninth_to_esto,BOTH,NINTH,16_01_01_commercial_and_public_services_incl_datacentres,15_03_charcoal,ESTO,1,1,1,0,0,lossless_without_override
ninth_to_esto,BOTH,NINTH,16_01_01_commercial_and_public_services_incl_datacentres,15_04_black_liquor,ESTO,1,0,0,1,0,missing_current_targets
ninth_to_esto,BOTH,NINTH,16_01_01_commercial_and_public_services_incl_datacentres,15_05_other_biomass,ESTO,1,1,1,0,0,lossless_without_override
ninth_to_esto,BOTH,NINTH,16_01_01_commercial_and_public_services_incl_datacentres,16_01_biogas,ESTO,1,1,1,0,0,lossless_without_override
ninth_to_esto,BOTH,NINTH,16_01_01_commercial_and_public_services_incl_datacentres,16_02_industrial_waste,ESTO,1,1,1,0,0,lossless_without_override
ninth_to_esto,BOTH,NINTH,16_01_01_commercial_and_public_services_incl_datacentres,16_03_municipal_solid_waste_renewable,ESTO,1,1,1,0,0,lossless_without_override
ninth_to_esto,BOTH,NINTH,16_01_01_commercial_and_public_services_incl_datacentres,16_04_municipal_solid_waste_nonrenewable,ESTO,1,1,1,0,0,lossless_without_override
ninth_to_esto,BOTH,NINTH,16_01_01_commercial_and_public_services_incl_datacentres,16_05_biogasoline,ESTO,1,1,1,0,0,lossless_without_override
ninth_to_esto,BOTH,NINTH,16_01_01_commercial_and_public_services_incl_datacentres,16_06_biodiesel,ESTO,1,1,1,0,0,lossless_without_override
ninth_to_esto,BOTH,NINTH,16_01_01_commercial_and_public_services_incl_datacentres,16_07_bio_jet_kerosene,ESTO,1,0,0,1,0,missing_current_targets
ninth_to_esto,BOTH,NINTH,16_01_01_commercial_and_public_services_incl_datacentres,16_08_other_liquid_biofuels,ESTO,1,1,1,0,0,lossless_without_override
ninth_to_esto,BOTH,NINTH,16_01_01_commercial_and_public_services_incl_datacentres,16_09_other_sources,ESTO,1,0,0,1,0,missing_current_targets
ninth_to_esto,BOTH,NINTH,16_01_01_commercial_and_public_services_incl_datacentres,16_x_hydrogen,ESTO,1,0,0,1,0,missing_current_targets
ninth_to_esto,BOTH,NINTH,16_01_01_commercial_and_public_services_incl_datacentres,17_electricity,ESTO,1,1,1,0,0,lossless_without_override
ninth_to_esto,BOTH,NINTH,16_01_01_commercial_and_public_services_incl_datacentres,18_heat,ESTO,1,1,1,0,0,lossless_without_override
ninth_to_esto,BOTH,NINTH,16_01_02_residential,01_05_lignite,ESTO,1,1,1,0,0,lossless_without_override
ninth_to_esto,BOTH,NINTH,16_01_02_residential,01_x_thermal_coal,ESTO,3,3,3,0,0,lossless_without_override
ninth_to_esto,BOTH,NINTH,16_01_02_residential,02_coal_products,ESTO,8,5,5,3,0,missing_current_targets
ninth_to_esto,BOTH,NINTH,16_01_02_residential,03_peat,ESTO,1,1,1,0,0,lossless_without_override
ninth_to_esto,BOTH,NINTH,16_01_02_residential,04_peat_products,ESTO,1,1,1,0,0,lossless_without_override
ninth_to_esto,BOTH,NINTH,16_01_02_residential,07_01_motor_gasoline,ESTO,1,1,1,0,0,lossless_without_override
ninth_to_esto,BOTH,NINTH,16_01_02_residential,07_06_kerosene,ESTO,1,1,1,0,0,lossless_without_override
ninth_to_esto,BOTH,NINTH,16_01_02_residential,07_07_gas_diesel_oil,ESTO,1,1,1,0,0,lossless_without_override
ninth_to_esto,BOTH,NINTH,16_01_02_residential,07_08_fuel_oil,ESTO,1,1,1,0,0,lossless_without_override
ninth_to_esto,BOTH,NINTH,16_01_02_residential,07_09_lpg,ESTO,1,1,1,0,0,lossless_without_override
ninth_to_esto,BOTH,NINTH,16_01_02_residential,07_petroleum_products_unallocated,ESTO,1,0,0,1,0,missing_current_targets
ninth_to_esto,BOTH,NINTH,16_01_02_residential,08_01_natural_gas,ESTO,1,1,1,0,0,lossless_without_override
ninth_to_esto,BOTH,NINTH,16_01_02_residential,08_03_gas_works_gas,ESTO,1,1,1,0,0,lossless_without_override
ninth_to_esto,BOTH,NINTH,16_01_02_residential,11_geothermal,ESTO,1,1,1,0,0,lossless_without_override
ninth_to_esto,BOTH,NINTH,16_01_02_residential,12_solar_unallocated,ESTO,1,1,1,0,0,lossless_without_override
ninth_to_esto,BOTH,NINTH,16_01_02_residential,12_x_other_solar,ESTO,1,1,1,0,0,lossless_without_override
ninth_to_esto,BOTH,NINTH,16_01_02_residential,15_01_fuelwood_and_woodwaste,ESTO,1,1,1,0,0,lossless_without_override
ninth_to_esto,BOTH,NINTH,16_01_02_residential,15_02_bagasse,ESTO,1,1,1,0,0,lossless_without_override
ninth_to_esto,BOTH,NINTH,16_01_02_residential,15_03_charcoal,ESTO,1,1,1,0,0,lossless_without_override
ninth_to_esto,BOTH,NINTH,16_01_02_residential,15_05_other_biomass,ESTO,1,1,1,0,0,lossless_without_override
ninth_to_esto,BOTH,NINTH,16_01_02_residential,16_01_biogas,ESTO,1,1,1,0,0,lossless_without_override
ninth_to_esto,BOTH,NINTH,16_01_02_residential,16_05_biogasoline,ESTO,1,1,1,0,0,lossless_without_override
ninth_to_esto,BOTH,NINTH,16_01_02_residential,16_06_biodiesel,ESTO,1,1,1,0,0,lossless_without_override
ninth_to_esto,BOTH,NINTH,16_01_02_residential,17_electricity,ESTO,1,1,1,0,0,lossless_without_override
ninth_to_esto,BOTH,NINTH,16_01_02_residential,18_heat,ESTO,1,1,1,0,0,lossless_without_override
ninth_to_esto,BOTH,NINTH,16_01_03_ai_training,17_electricity,ESTO,1,0,0,1,0,missing_current_targets
ninth_to_esto,BOTH,NINTH,16_01_04_traditional_data_centres,17_electricity,ESTO,1,0,0,1,0,missing_current_targets
ninth_to_esto,BOTH,NINTH,16_02-16_05 Other sector (all demand aggregate),01_05_lignite,ESTO,1,0,0,1,0,missing_current_targets
ninth_to_esto,BOTH,NINTH,16_02-16_05 Other sector (all demand aggregate),06_01_crude_oil,ESTO,1,0,0,1,0,missing_current_targets
ninth_to_esto,BOTH,NINTH,16_02-16_05 Other sector (all demand aggregate),07_01_motor_gasoline,ESTO,1,0,0,1,0,missing_current_targets
ninth_to_esto,BOTH,NINTH,16_02-16_05 Other sector (all demand aggregate),07_02_aviation_gasoline,ESTO,1,0,0,1,0,missing_current_targets
ninth_to_esto,BOTH,NINTH,16_02-16_05 Other sector (all demand aggregate),07_06_kerosene,ESTO,1,0,0,1,0,missing_current_targets
ninth_to_esto,BOTH,NINTH,16_02-16_05 Other sector (all demand aggregate),07_07_gas_diesel_oil,ESTO,1,0,0,1,0,missing_current_targets
ninth_to_esto,BOTH,NINTH,16_02-16_05 Other sector (all demand aggregate),07_08_fuel_oil,ESTO,1,0,0,1,0,missing_current_targets
ninth_to_esto,BOTH,NINTH,16_02-16_05 Other sector (all demand aggregate),07_09_lpg,ESTO,1,0,0,1,0,missing_current_targets
ninth_to_esto,BOTH,NINTH,16_02-16_05 Other sector (all demand aggregate),07_petroleum_products_unallocated,ESTO,1,0,0,1,0,missing_current_targets
ninth_to_esto,BOTH,NINTH,16_02-16_05 Other sector (all demand aggregate),08_01_natural_gas,ESTO,1,0,0,1,0,missing_current_targets
ninth_to_esto,BOTH,NINTH,16_02-16_05 Other sector (all demand aggregate),11_geothermal,ESTO,1,0,0,1,0,missing_current_targets
ninth_to_esto,BOTH,NINTH,16_02-16_05 Other sector (all demand aggregate),12_solar_unallocated,ESTO,1,0,0,1,0,missing_current_targets
ninth_to_esto,BOTH,NINTH,16_02-16_05 Other sector (all demand aggregate),12_x_other_solar,ESTO,1,0,0,1,0,missing_current_targets
ninth_to_esto,BOTH,NINTH,16_02-16_05 Other sector (all demand aggregate),15_01_fuelwood_and_woodwaste,ESTO,1,0,0,1,0,missing_current_targets
ninth_to_esto,BOTH,NINTH,16_02-16_05 Other sector (all demand aggregate),15_03_charcoal,ESTO,1,0,0,1,0,missing_current_targets
ninth_to_esto,BOTH,NINTH,16_02-16_05 Other sector (all demand aggregate),15_05_other_biomass,ESTO,1,0,0,1,0,missing_current_targets
ninth_to_esto,BOTH,NINTH,16_02-16_05 Other sector (all demand aggregate),16_01_biogas,ESTO,1,0,0,1,0,missing_current_targets
ninth_to_esto,BOTH,NINTH,16_02-16_05 Other sector (all demand aggregate),16_02_industrial_waste,ESTO,1,0,0,1,0,missing_current_targets
ninth_to_esto,BOTH,NINTH,16_02-16_05 Other sector (all demand aggregate),16_03_municipal_solid_waste_renewable,ESTO,1,0,0,1,0,missing_current_targets
ninth_to_esto,BOTH,NINTH,16_02-16_05 Other sector (all demand aggregate),16_04_municipal_solid_waste_nonrenewable,ESTO,1,0,0,1,0,missing_current_targets
ninth_to_esto,BOTH,NINTH,16_02-16_05 Other sector (all demand aggregate),16_05_biogasoline,ESTO,1,0,0,1,0,missing_current_targets
ninth_to_esto,BOTH,NINTH,16_02-16_05 Other sector (all demand aggregate),16_06_biodiesel,ESTO,1,0,0,1,0,missing_current_targets
ninth_to_esto,BOTH,NINTH,16_02-16_05 Other sector (all demand aggregate),16_08_other_liquid_biofuels,ESTO,1,0,0,1,0,missing_current_targets
ninth_to_esto,BOTH,NINTH,16_02-16_05 Other sector (all demand aggregate),16_09_other_sources,ESTO,1,0,0,1,0,missing_current_targets
ninth_to_esto,BOTH,NINTH,16_02-16_05 Other sector (all demand aggregate),16_x_hydrogen,ESTO,1,0,0,1,0,missing_current_targets
ninth_to_esto,BOTH,NINTH,16_02-16_05 Other sector (all demand aggregate),17_electricity,ESTO,1,0,0,1,0,missing_current_targets
ninth_to_esto,BOTH,NINTH,16_02-16_05 Other sector (all demand aggregate),18_heat,ESTO,1,0,0,1,0,missing_current_targets
ninth_to_esto,BOTH,NINTH,16_02_agriculture_and_fishing,01_05_lignite,ESTO,1,2,0,1,2,missing_and_extra_targets
ninth_to_esto,BOTH,NINTH,16_02_agriculture_and_fishing,01_x_thermal_coal,ESTO,3,5,0,3,5,missing_and_extra_targets
ninth_to_esto,BOTH,NINTH,16_02_agriculture_and_fishing,02_coal_products,ESTO,3,3,0,3,3,missing_and_extra_targets
ninth_to_esto,BOTH,NINTH,16_02_agriculture_and_fishing,06_01_crude_oil,ESTO,2,1,1,1,0,missing_current_targets
ninth_to_esto,BOTH,NINTH,16_02_agriculture_and_fishing,07_01_motor_gasoline,ESTO,1,2,0,1,2,missing_and_extra_targets
ninth_to_esto,BOTH,NINTH,16_02_agriculture_and_fishing,07_02_aviation_gasoline,ESTO,1,1,0,1,1,missing_and_extra_targets
ninth_to_esto,BOTH,NINTH,16_02_agriculture_and_fishing,07_06_kerosene,ESTO,1,2,0,1,2,missing_and_extra_targets
ninth_to_esto,BOTH,NINTH,16_02_agriculture_and_fishing,07_07_gas_diesel_oil,ESTO,1,2,0,1,2,missing_and_extra_targets
ninth_to_esto,BOTH,NINTH,16_02_agriculture_and_fishing,07_08_fuel_oil,ESTO,1,2,0,1,2,missing_and_extra_targets
ninth_to_esto,BOTH,NINTH,16_02_agriculture_and_fishing,07_09_lpg,ESTO,1,2,0,1,2,missing_and_extra_targets
ninth_to_esto,BOTH,NINTH,16_02_agriculture_and_fishing,07_petroleum_products_unallocated,ESTO,1,0,0,1,0,missing_current_targets
ninth_to_esto,BOTH,NINTH,16_02_agriculture_and_fishing,07_x_jet_fuel,ESTO,1,1,0,1,1,missing_and_extra_targets
ninth_to_esto,BOTH,NINTH,16_02_agriculture_and_fishing,07_x_other_petroleum_products,ESTO,3,2,2,1,0,missing_current_targets
ninth_to_esto,BOTH,NINTH,16_02_agriculture_and_fishing,08_01_natural_gas,ESTO,1,2,0,1,2,missing_and_extra_targets
ninth_to_esto,BOTH,NINTH,16_02_agriculture_and_fishing,11_geothermal,ESTO,1,2,0,1,2,missing_and_extra_targets
ninth_to_esto,BOTH,NINTH,16_02_agriculture_and_fishing,12_x_other_solar,ESTO,1,0,0,1,0,missing_current_targets
ninth_to_esto,BOTH,NINTH,16_02_agriculture_and_fishing,15_01_fuelwood_and_woodwaste,ESTO,1,2,0,1,2,missing_and_extra_targets
ninth_to_esto,BOTH,NINTH,16_02_agriculture_and_fishing,15_03_charcoal,ESTO,1,2,0,1,2,missing_and_extra_targets
ninth_to_esto,BOTH,NINTH,16_02_agriculture_and_fishing,15_05_other_biomass,ESTO,1,2,0,1,2,missing_and_extra_targets
ninth_to_esto,BOTH,NINTH,16_02_agriculture_and_fishing,16_01_biogas,ESTO,1,1,0,1,1,missing_and_extra_targets
ninth_to_esto,BOTH,NINTH,16_02_agriculture_and_fishing,16_02_industrial_waste,ESTO,1,1,0,1,1,missing_and_extra_targets
ninth_to_esto,BOTH,NINTH,16_02_agriculture_and_fishing,16_03_municipal_solid_waste_renewable,ESTO,1,1,0,1,1,missing_and_extra_targets
ninth_to_esto,BOTH,NINTH,16_02_agriculture_and_fishing,16_04_municipal_solid_waste_nonrenewable,ESTO,1,1,0,1,1,missing_and_extra_targets
ninth_to_esto,BOTH,NINTH,16_02_agriculture_and_fishing,16_05_biogasoline,ESTO,1,2,0,1,2,missing_and_extra_targets
ninth_to_esto,BOTH,NINTH,16_02_agriculture_and_fishing,16_06_biodiesel,ESTO,1,2,0,1,2,missing_and_extra_targets
ninth_to_esto,BOTH,NINTH,16_02_agriculture_and_fishing,16_08_other_liquid_biofuels,ESTO,2,0,0,2,0,missing_current_targets
ninth_to_esto,BOTH,NINTH,16_02_agriculture_and_fishing,16_09_other_sources,ESTO,2,0,0,2,0,missing_current_targets
ninth_to_esto,BOTH,NINTH,16_02_agriculture_and_fishing,16_x_hydrogen,ESTO,1,0,0,1,0,missing_current_targets
ninth_to_esto,BOTH,NINTH,16_02_agriculture_and_fishing,17_electricity,ESTO,1,2,0,1,2,missing_and_extra_targets
ninth_to_esto,BOTH,NINTH,16_02_agriculture_and_fishing,18_heat,ESTO,1,2,0,1,2,missing_and_extra_targets
ninth_to_esto,BOTH,NINTH,16_05_nonspecified_others,01_x_thermal_coal,ESTO,3,3,3,0,0,lossless_without_override
ninth_to_esto,BOTH,NINTH,16_05_nonspecified_others,02_coal_products,ESTO,8,3,3,5,0,missing_current_targets
ninth_to_esto,BOTH,NINTH,16_05_nonspecified_others,06_01_crude_oil,ESTO,1,1,1,0,0,lossless_without_override
ninth_to_esto,BOTH,NINTH,16_05_nonspecified_others,07_01_motor_gasoline,ESTO,1,1,1,0,0,lossless_without_override
ninth_to_esto,BOTH,NINTH,16_05_nonspecified_others,07_02_aviation_gasoline,ESTO,1,1,1,0,0,lossless_without_override
ninth_to_esto,BOTH,NINTH,16_05_nonspecified_others,07_06_kerosene,ESTO,1,1,1,0,0,lossless_without_override
ninth_to_esto,BOTH,NINTH,16_05_nonspecified_others,07_07_gas_diesel_oil,ESTO,1,1,1,0,0,lossless_without_override
ninth_to_esto,BOTH,NINTH,16_05_nonspecified_others,07_08_fuel_oil,ESTO,1,1,1,0,0,lossless_without_override
ninth_to_esto,BOTH,NINTH,16_05_nonspecified_others,07_09_lpg,ESTO,1,1,1,0,0,lossless_without_override
ninth_to_esto,BOTH,NINTH,16_05_nonspecified_others,07_petroleum_products_unallocated,ESTO,1,0,0,1,0,missing_current_targets
ninth_to_esto,BOTH,NINTH,16_05_nonspecified_others,07_x_jet_fuel,ESTO,2,1,1,1,0,missing_current_targets
ninth_to_esto,BOTH,NINTH,16_05_nonspecified_others,07_x_other_petroleum_products,ESTO,1,2,1,0,1,extra_factorised_targets
ninth_to_esto,BOTH,NINTH,16_05_nonspecified_others,08_01_natural_gas,ESTO,1,1,1,0,0,lossless_without_override
ninth_to_esto,BOTH,NINTH,16_05_nonspecified_others,11_geothermal,ESTO,1,1,1,0,0,lossless_without_override
ninth_to_esto,BOTH,NINTH,16_05_nonspecified_others,12_solar_unallocated,ESTO,1,1,1,0,0,lossless_without_override
ninth_to_esto,BOTH,NINTH,16_05_nonspecified_others,12_x_other_solar,ESTO,1,1,1,0,0,lossless_without_override
ninth_to_esto,BOTH,NINTH,16_05_nonspecified_others,15_05_other_biomass,ESTO,1,1,1,0,0,lossless_without_override
ninth_to_esto,BOTH,NINTH,16_05_nonspecified_others,16_01_biogas,ESTO,1,1,1,0,0,lossless_without_override
ninth_to_esto,BOTH,NINTH,16_05_nonspecified_others,16_02_industrial_waste,ESTO,1,1,1,0,0,lossless_without_override
ninth_to_esto,BOTH,NINTH,16_05_nonspecified_others,16_05_biogasoline,ESTO,1,1,1,0,0,lossless_without_override
ninth_to_esto,BOTH,NINTH,16_05_nonspecified_others,16_06_biodiesel,ESTO,1,1,1,0,0,lossless_without_override
ninth_to_esto,BOTH,NINTH,16_05_nonspecified_others,16_08_other_liquid_biofuels,ESTO,1,0,0,1,0,missing_current_targets
ninth_to_esto,BOTH,NINTH,16_05_nonspecified_others,16_09_other_sources,ESTO,1,0,0,1,0,missing_current_targets
ninth_to_esto,BOTH,NINTH,16_05_nonspecified_others,17_electricity,ESTO,1,1,1,0,0,lossless_without_override
ninth_to_esto,BOTH,NINTH,16_05_nonspecified_others,18_heat,ESTO,1,1,1,0,0,lossless_without_override
ninth_to_esto,BOTH,NINTH,16_other_sector,08_01_natural_gas,ESTO,1,1,1,0,0,lossless_without_override
ninth_to_esto,BOTH,NINTH,16_other_sector,08_02_lng,ESTO,1,0,0,1,0,missing_current_targets
ninth_to_esto,BOTH,NINTH,16_other_sector,08_03_gas_works_gas,ESTO,1,1,1,0,0,lossless_without_override
ninth_to_esto,BOTH,NINTH,16_other_sector,16_01_biogas,ESTO,1,1,1,0,0,lossless_without_override
ninth_to_esto,BOTH,NINTH,16_other_sector,16_02_industrial_waste,ESTO,1,1,1,0,0,lossless_without_override
ninth_to_esto,BOTH,NINTH,16_other_sector,16_03_municipal_solid_waste_renewable,ESTO,1,1,1,0,0,lossless_without_override
ninth_to_esto,BOTH,NINTH,16_other_sector,16_04_municipal_solid_waste_nonrenewable,ESTO,1,1,1,0,0,lossless_without_override
ninth_to_esto,BOTH,NINTH,16_other_sector,16_05_biogasoline,ESTO,1,1,1,0,0,lossless_without_override
ninth_to_esto,BOTH,NINTH,16_other_sector,16_06_biodiesel,ESTO,1,1,1,0,0,lossless_without_override
ninth_to_esto,BOTH,NINTH,16_other_sector,16_08_other_liquid_biofuels,ESTO,1,1,1,0,0,lossless_without_override
ninth_to_esto,BOTH,NINTH,16_other_sector,16_x_hydrogen,ESTO,1,0,0,1,0,missing_current_targets
ninth_to_esto,BOTH,NINTH,17_nonenergy_use,01_01_coking_coal,ESTO,1,1,1,0,0,lossless_without_override
ninth_to_esto,BOTH,NINTH,17_nonenergy_use,01_05_lignite,ESTO,1,1,1,0,0,lossless_without_override
ninth_to_esto,BOTH,NINTH,17_nonenergy_use,01_coal_unallocated,ESTO,1,0,0,1,0,missing_current_targets
ninth_to_esto,BOTH,NINTH,17_nonenergy_use,01_x_thermal_coal,ESTO,3,3,3,0,0,lossless_without_override
ninth_to_esto,BOTH,NINTH,17_nonenergy_use,02_coal_products,ESTO,8,6,6,2,0,missing_current_targets
ninth_to_esto,BOTH,NINTH,17_nonenergy_use,06_01_crude_oil,ESTO,1,1,1,0,0,lossless_without_override
ninth_to_esto,BOTH,NINTH,17_nonenergy_use,06_02_natural_gas_liquids,ESTO,1,1,1,0,0,lossless_without_override
ninth_to_esto,BOTH,NINTH,17_nonenergy_use,06_x_other_hydrocarbons,ESTO,3,2,2,1,0,missing_current_targets
ninth_to_esto,BOTH,NINTH,17_nonenergy_use,07_01_motor_gasoline,ESTO,1,1,1,0,0,lossless_without_override
ninth_to_esto,BOTH,NINTH,17_nonenergy_use,07_03_naphtha,ESTO,1,1,1,0,0,lossless_without_override
ninth_to_esto,BOTH,NINTH,17_nonenergy_use,07_06_kerosene,ESTO,1,1,1,0,0,lossless_without_override
ninth_to_esto,BOTH,NINTH,17_nonenergy_use,07_07_gas_diesel_oil,ESTO,1,1,1,0,0,lossless_without_override
ninth_to_esto,BOTH,NINTH,17_nonenergy_use,07_08_fuel_oil,ESTO,1,1,1,0,0,lossless_without_override
ninth_to_esto,BOTH,NINTH,17_nonenergy_use,07_09_lpg,ESTO,1,1,1,0,0,lossless_without_override
ninth_to_esto,BOTH,NINTH,17_nonenergy_use,07_10_refinery_gas_not_liquefied,ESTO,1,1,1,0,0,lossless_without_override
ninth_to_esto,BOTH,NINTH,17_nonenergy_use,07_11_ethane,ESTO,1,1,1,0,0,lossless_without_override
ninth_to_esto,BOTH,NINTH,17_nonenergy_use,07_petroleum_products_unallocated,ESTO,1,0,0,1,0,missing_current_targets
ninth_to_esto,BOTH,NINTH,17_nonenergy_use,07_x_other_petroleum_products,ESTO,6,6,6,0,0,lossless_without_override
ninth_to_esto,BOTH,NINTH,17_nonenergy_use,08_01_natural_gas,ESTO,1,1,1,0,0,lossless_without_override
ninth_to_esto,BOTH,NINTH,17_nonenergy_use,08_03_gas_works_gas,ESTO,1,1,1,0,0,lossless_without_override
ninth_to_esto,BOTH,NINTH,17_nonenergy_use,15_01_fuelwood_and_woodwaste,ESTO,1,0,0,1,0,missing_current_targets
ninth_to_esto,BOTH,NINTH,17_nonenergy_use,15_02_bagasse,ESTO,1,0,0,1,0,missing_current_targets
ninth_to_esto,BOTH,NINTH,17_nonenergy_use,15_03_charcoal,ESTO,1,0,0,1,0,missing_current_targets
ninth_to_esto,BOTH,NINTH,17_nonenergy_use,15_04_black_liquor,ESTO,1,0,0,1,0,missing_current_targets
ninth_to_esto,BOTH,NINTH,17_nonenergy_use,15_05_other_biomass,ESTO,1,0,0,1,0,missing_current_targets
ninth_to_esto,BOTH,NINTH,17_nonenergy_use,16_01_biogas,ESTO,1,0,0,1,0,missing_current_targets
ninth_to_esto,BOTH,NINTH,17_nonenergy_use,16_02_industrial_waste,ESTO,1,0,0,1,0,missing_current_targets
ninth_to_esto,BOTH,NINTH,17_nonenergy_use,16_03_municipal_solid_waste_renewable,ESTO,1,0,0,1,0,missing_current_targets
ninth_to_esto,BOTH,NINTH,17_nonenergy_use,16_04_municipal_solid_waste_nonrenewable,ESTO,1,0,0,1,0,missing_current_targets
ninth_to_esto,BOTH,NINTH,17_nonenergy_use,16_05_biogasoline,ESTO,1,0,0,1,0,missing_current_targets
ninth_to_esto,BOTH,NINTH,17_nonenergy_use,16_06_biodiesel,ESTO,1,0,0,1,0,missing_current_targets
ninth_to_esto,BOTH,NINTH,17_nonenergy_use,16_07_bio_jet_kerosene,ESTO,1,0,0,1,0,missing_current_targets
ninth_to_esto,BOTH,NINTH,17_nonenergy_use,16_08_other_liquid_biofuels,ESTO,1,0,0,1,0,missing_current_targets
ninth_to_esto,BOTH,NINTH,17_nonenergy_use,16_09_other_sources,ESTO,1,0,0,1,0,missing_current_targets
ninth_to_esto,BOTH,NINTH,17_nonenergy_use,16_x_hydrogen,ESTO,1,0,0,1,0,missing_current_targets
ninth_to_esto,BOTH,NINTH,18_01_electricity_plants,01_05_lignite,ESTO,2,3,2,0,1,extra_factorised_targets
ninth_to_esto,BOTH,NINTH,18_01_electricity_plants,01_coal_unallocated,ESTO,3,3,3,0,0,lossless_without_override
ninth_to_esto,BOTH,NINTH,18_01_electricity_plants,01_x_thermal_coal,ESTO,7,8,7,0,1,extra_factorised_targets
ninth_to_esto,BOTH,NINTH,18_01_electricity_plants,02_coal_products,ESTO,9,15,9,0,6,extra_factorised_targets
ninth_to_esto,BOTH,NINTH,18_01_electricity_plants,06_01_crude_oil,ESTO,1,3,1,0,2,extra_factorised_targets
ninth_to_esto,BOTH,NINTH,18_01_electricity_plants,06_02_natural_gas_liquids,ESTO,1,2,1,0,1,extra_factorised_targets
ninth_to_esto,BOTH,NINTH,18_01_electricity_plants,07_03_naphtha,ESTO,2,2,2,0,0,lossless_without_override
ninth_to_esto,BOTH,NINTH,18_01_electricity_plants,07_06_kerosene,ESTO,3,3,3,0,0,lossless_without_override
ninth_to_esto,BOTH,NINTH,18_01_electricity_plants,07_07_gas_diesel_oil,ESTO,3,3,3,0,0,lossless_without_override
ninth_to_esto,BOTH,NINTH,18_01_electricity_plants,07_08_fuel_oil,ESTO,3,3,3,0,0,lossless_without_override
ninth_to_esto,BOTH,NINTH,18_01_electricity_plants,07_09_lpg,ESTO,2,3,2,0,1,extra_factorised_targets
ninth_to_esto,BOTH,NINTH,18_01_electricity_plants,07_10_refinery_gas_not_liquefied,ESTO,3,3,3,0,0,lossless_without_override
ninth_to_esto,BOTH,NINTH,18_01_electricity_plants,07_petroleum_products_unallocated,ESTO,3,3,3,0,0,lossless_without_override
ninth_to_esto,BOTH,NINTH,18_01_electricity_plants,07_x_jet_fuel,ESTO,1,2,1,0,1,extra_factorised_targets
ninth_to_esto,BOTH,NINTH,18_01_electricity_plants,07_x_other_petroleum_products,ESTO,8,8,8,0,0,lossless_without_override
ninth_to_esto,BOTH,NINTH,18_01_electricity_plants,08_01_natural_gas,ESTO,3,3,3,0,0,lossless_without_override
ninth_to_esto,BOTH,NINTH,18_01_electricity_plants,08_gas_unallocated,ESTO,3,3,3,0,0,lossless_without_override
ninth_to_esto,BOTH,NINTH,18_01_electricity_plants,09_nuclear,ESTO,1,2,1,0,1,extra_factorised_targets
ninth_to_esto,BOTH,NINTH,18_01_electricity_plants,10_hydro,ESTO,2,2,2,0,0,lossless_without_override
ninth_to_esto,BOTH,NINTH,18_01_electricity_plants,11_geothermal,ESTO,2,2,2,0,0,lossless_without_override
ninth_to_esto,BOTH,NINTH,18_01_electricity_plants,12_01_of_which_photovoltaics,ESTO,2,2,2,0,0,lossless_without_override
ninth_to_esto,BOTH,NINTH,18_01_electricity_plants,12_x_other_solar,ESTO,1,2,1,0,1,extra_factorised_targets
ninth_to_esto,BOTH,NINTH,18_01_electricity_plants,13_tide_wave_ocean,ESTO,1,1,1,0,0,lossless_without_override
ninth_to_esto,BOTH,NINTH,18_01_electricity_plants,14_wind,ESTO,2,2,2,0,0,lossless_without_override
ninth_to_esto,BOTH,NINTH,18_01_electricity_plants,15_05_other_biomass,ESTO,2,3,2,0,1,extra_factorised_targets
ninth_to_esto,BOTH,NINTH,18_01_electricity_plants,15_solid_biomass_unallocated,ESTO,3,3,3,0,0,lossless_without_override
ninth_to_esto,BOTH,NINTH,18_01_electricity_plants,16_01_biogas,ESTO,3,3,3,0,0,lossless_without_override
ninth_to_esto,BOTH,NINTH,18_01_electricity_plants,16_02_industrial_waste,ESTO,3,3,3,0,0,lossless_without_override
ninth_to_esto,BOTH,NINTH,18_01_electricity_plants,16_03_municipal_solid_waste_renewable,ESTO,3,3,3,0,0,lossless_without_override
ninth_to_esto,BOTH,NINTH,18_01_electricity_plants,16_04_municipal_solid_waste_nonrenewable,ESTO,3,3,3,0,0,lossless_without_override
ninth_to_esto,BOTH,NINTH,18_01_electricity_plants,16_08_other_liquid_biofuels,ESTO,1,3,1,0,2,extra_factorised_targets
ninth_to_esto,BOTH,NINTH,18_01_electricity_plants,16_others_unallocated,ESTO,3,3,3,0,0,lossless_without_override
ninth_to_esto,BOTH,NINTH,18_01_electricity_plants,16_x_ammonia,ESTO,2,0,0,2,0,missing_current_targets
ninth_to_esto,BOTH,NINTH,18_01_electricity_plants,16_x_hydrogen,ESTO,1,0,0,1,0,missing_current_targets
ninth_to_esto,BOTH,NINTH,18_01_electricity_plants,18_heat,ESTO,1,2,1,0,1,extra_factorised_targets
ninth_to_esto,BOTH,NINTH,18_02_chp_plants,01_05_lignite,ESTO,1,1,1,0,0,lossless_without_override
ninth_to_esto,BOTH,NINTH,18_02_chp_plants,01_coal_unallocated,ESTO,1,1,1,0,0,lossless_without_override
ninth_to_esto,BOTH,NINTH,18_02_chp_plants,01_x_thermal_coal,ESTO,2,3,2,0,1,extra_factorised_targets
ninth_to_esto,BOTH,NINTH,18_02_chp_plants,02_coal_products,ESTO,2,4,2,0,2,extra_factorised_targets
ninth_to_esto,BOTH,NINTH,18_02_chp_plants,07_03_naphtha,ESTO,1,1,1,0,0,lossless_without_override
ninth_to_esto,BOTH,NINTH,18_02_chp_plants,07_07_gas_diesel_oil,ESTO,1,1,1,0,0,lossless_without_override
ninth_to_esto,BOTH,NINTH,18_02_chp_plants,07_08_fuel_oil,ESTO,1,1,1,0,0,lossless_without_override
ninth_to_esto,BOTH,NINTH,18_02_chp_plants,07_10_refinery_gas_not_liquefied,ESTO,1,1,1,0,0,lossless_without_override
ninth_to_esto,BOTH,NINTH,18_02_chp_plants,07_petroleum_products_unallocated,ESTO,1,1,1,0,0,lossless_without_override
ninth_to_esto,BOTH,NINTH,18_02_chp_plants,07_x_other_petroleum_products,ESTO,2,2,2,0,0,lossless_without_override
ninth_to_esto,BOTH,NINTH,18_02_chp_plants,08_01_natural_gas,ESTO,1,1,1,0,0,lossless_without_override
ninth_to_esto,BOTH,NINTH,18_02_chp_plants,08_gas_unallocated,ESTO,1,1,1,0,0,lossless_without_override
ninth_to_esto,BOTH,NINTH,18_02_chp_plants,11_geothermal,ESTO,1,1,1,0,0,lossless_without_override
ninth_to_esto,BOTH,NINTH,18_02_chp_plants,15_05_other_biomass,ESTO,1,1,1,0,0,lossless_without_override
ninth_to_esto,BOTH,NINTH,18_02_chp_plants,15_solid_biomass_unallocated,ESTO,1,1,1,0,0,lossless_without_override
ninth_to_esto,BOTH,NINTH,18_02_chp_plants,16_01_biogas,ESTO,1,1,1,0,0,lossless_without_override
ninth_to_esto,BOTH,NINTH,18_02_chp_plants,16_02_industrial_waste,ESTO,1,1,1,0,0,lossless_without_override
ninth_to_esto,BOTH,NINTH,18_02_chp_plants,16_03_municipal_solid_waste_renewable,ESTO,1,1,1,0,0,lossless_without_override
ninth_to_esto,BOTH,NINTH,18_02_chp_plants,16_04_municipal_solid_waste_nonrenewable,ESTO,1,1,1,0,0,lossless_without_override
ninth_to_esto,BOTH,NINTH,18_02_chp_plants,16_08_other_liquid_biofuels,ESTO,1,1,1,0,0,lossless_without_override
ninth_to_esto,BOTH,NINTH,18_02_chp_plants,16_others_unallocated,ESTO,1,1,1,0,0,lossless_without_override
ninth_to_esto,BOTH,NINTH,18_electricity_output_in_gwh,16_x_ammonia,ESTO,1,0,0,1,0,missing_current_targets
ninth_to_esto,BOTH,NINTH,18_electricity_output_in_gwh,16_x_hydrogen,ESTO,1,0,0,1,0,missing_current_targets
ninth_to_esto,BOTH,NINTH,19_01_chp_plants,01_coal_unallocated,ESTO,2,1,1,1,0,missing_current_targets
ninth_to_esto,BOTH,NINTH,19_01_chp_plants,01_x_thermal_coal,ESTO,4,5,4,0,1,extra_factorised_targets
ninth_to_esto,BOTH,NINTH,19_01_chp_plants,06_crude_oil_and_ngl_unallocated,ESTO,1,0,0,1,0,missing_current_targets
ninth_to_esto,BOTH,NINTH,19_01_chp_plants,07_03_naphtha,ESTO,1,1,1,0,0,lossless_without_override
ninth_to_esto,BOTH,NINTH,19_01_chp_plants,07_06_kerosene,ESTO,1,2,1,0,1,extra_factorised_targets
ninth_to_esto,BOTH,NINTH,19_01_chp_plants,07_07_gas_diesel_oil,ESTO,2,2,2,0,0,lossless_without_override
ninth_to_esto,BOTH,NINTH,19_01_chp_plants,07_08_fuel_oil,ESTO,2,2,2,0,0,lossless_without_override
ninth_to_esto,BOTH,NINTH,19_01_chp_plants,07_10_refinery_gas_not_liquefied,ESTO,1,2,1,0,1,extra_factorised_targets
ninth_to_esto,BOTH,NINTH,19_01_chp_plants,07_petroleum_products_unallocated,ESTO,2,1,1,1,0,missing_current_targets
ninth_to_esto,BOTH,NINTH,19_01_chp_plants,07_x_other_petroleum_products,ESTO,4,4,4,0,0,lossless_without_override
ninth_to_esto,BOTH,NINTH,19_01_chp_plants,08_01_natural_gas,ESTO,2,2,2,0,0,lossless_without_override
ninth_to_esto,BOTH,NINTH,19_01_chp_plants,08_gas_unallocated,ESTO,2,1,1,1,0,missing_current_targets
ninth_to_esto,BOTH,NINTH,19_01_chp_plants,09_nuclear,ESTO,1,1,1,0,0,lossless_without_override
ninth_to_esto,BOTH,NINTH,19_01_chp_plants,15_solid_biomass_unallocated,ESTO,2,2,2,0,0,lossless_without_override
ninth_to_esto,BOTH,NINTH,19_01_chp_plants,16_01_biogas,ESTO,2,2,2,0,0,lossless_without_override
ninth_to_esto,BOTH,NINTH,19_01_chp_plants,16_02_industrial_waste,ESTO,2,2,2,0,0,lossless_without_override
ninth_to_esto,BOTH,NINTH,19_01_chp_plants,16_03_municipal_solid_waste_renewable,ESTO,2,2,2,0,0,lossless_without_override
ninth_to_esto,BOTH,NINTH,19_01_chp_plants,16_04_municipal_solid_waste_nonrenewable,ESTO,2,2,2,0,0,lossless_without_override
ninth_to_esto,BOTH,NINTH,19_01_chp_plants,16_others_unallocated,ESTO,2,1,1,1,0,missing_current_targets
ninth_to_esto,BOTH,NINTH,19_01_chp_plants,16_x_ammonia,ESTO,1,0,0,1,0,missing_current_targets
ninth_to_esto,BOTH,NINTH,19_01_chp_plants,18_heat,ESTO,1,1,1,0,0,lossless_without_override
ninth_to_esto,BOTH,NINTH,19_02_heat_plants,01_coal_unallocated,ESTO,2,2,2,0,0,lossless_without_override
ninth_to_esto,BOTH,NINTH,19_02_heat_plants,01_x_thermal_coal,ESTO,1,2,1,0,1,extra_factorised_targets
ninth_to_esto,BOTH,NINTH,19_02_heat_plants,06_crude_oil_and_ngl_unallocated,ESTO,1,0,0,1,0,missing_current_targets
ninth_to_esto,BOTH,NINTH,19_02_heat_plants,07_03_naphtha,ESTO,1,1,1,0,0,lossless_without_override
ninth_to_esto,BOTH,NINTH,19_02_heat_plants,07_06_kerosene,ESTO,1,1,1,0,0,lossless_without_override
ninth_to_esto,BOTH,NINTH,19_02_heat_plants,07_07_gas_diesel_oil,ESTO,1,2,1,0,1,extra_factorised_targets
ninth_to_esto,BOTH,NINTH,19_02_heat_plants,07_08_fuel_oil,ESTO,1,2,1,0,1,extra_factorised_targets
ninth_to_esto,BOTH,NINTH,19_02_heat_plants,07_10_refinery_gas_not_liquefied,ESTO,1,2,1,0,1,extra_factorised_targets
ninth_to_esto,BOTH,NINTH,19_02_heat_plants,07_petroleum_products_unallocated,ESTO,2,2,2,0,0,lossless_without_override
ninth_to_esto,BOTH,NINTH,19_02_heat_plants,07_x_other_petroleum_products,ESTO,1,3,1,0,2,extra_factorised_targets
ninth_to_esto,BOTH,NINTH,19_02_heat_plants,08_01_natural_gas,ESTO,2,2,2,0,0,lossless_without_override
ninth_to_esto,BOTH,NINTH,19_02_heat_plants,08_gas_unallocated,ESTO,2,2,2,0,0,lossless_without_override
ninth_to_esto,BOTH,NINTH,19_02_heat_plants,15_solid_biomass_unallocated,ESTO,2,2,2,0,0,lossless_without_override
ninth_to_esto,BOTH,NINTH,19_02_heat_plants,16_01_biogas,ESTO,2,2,2,0,0,lossless_without_override
ninth_to_esto,BOTH,NINTH,19_02_heat_plants,16_02_industrial_waste,ESTO,2,2,2,0,0,lossless_without_override
ninth_to_esto,BOTH,NINTH,19_02_heat_plants,16_03_municipal_solid_waste_renewable,ESTO,2,2,2,0,0,lossless_without_override
ninth_to_esto,BOTH,NINTH,19_02_heat_plants,16_04_municipal_solid_waste_nonrenewable,ESTO,2,2,2,0,0,lossless_without_override
ninth_to_esto,BOTH,NINTH,19_02_heat_plants,16_others_unallocated,ESTO,2,2,2,0,0,lossless_without_override
ninth_to_esto,BOTH,NINTH,19_02_heat_plants,17_electricity,ESTO,1,2,1,0,1,extra_factorised_targets
ninth_to_esto,BOTH,NINTH,19_heat_output_in_pj,16_x_ammonia,ESTO,1,0,0,1,0,missing_current_targets
ninth_to_esto,ESTO_EXTENDED,NINTH,09_02_chp_plants,17_electricity,ESTO,1,1,1,0,0,lossless_without_override
