mapping_name,comparison_scope,source_system,source_product,target_system,source_flow_count,distinct_target_product_sets,target_sets_by_source_flow,explained_by_valid_pair_filtering,review_status
leap_to_esto,BOTH,LEAP,Anthracite,ESTO,49,2,Agriculture and fishing => 01.04 Anthracite || BKB and PB plants/BKB and PB plants => 01.04 Anthracite || Blast furnaces/Blast furnaces => 01.04 Anthracite || Buildings => 01.03 Sub-bituminous coal || Buildings/Residential => 01.04 Anthracite || Buildings/Services => 01.04 Anthracite || Buildings/Services/Data_Centers => 01.04 Anthracite || Buildings/Services/Educational => 01.04 Anthracite || Buildings/Services/Hospitals => 01.04 Anthracite || Buildings/Services/Others_Unspecified => 01.04 Anthracite || Buildings/Services/Service Buildings => 01.04 Anthracite || CHP interim/CHP interim => 01.04 Anthracite || CHP plants => 01.04 Anthracite || Coal transformation => 01.04 Anthracite || Coke ovens/Coke ovens => 01.04 Anthracite || Demand\All demand aggregated\Other sector => 01.04 Anthracite || Electricity Generation => 01.04 Anthracite || Electricity interim/Electricity interim => 01.04 Anthracite || Exports => 01.04 Anthracite || Gas processing plants => 01.04 Anthracite || Gas works plants/Gas works plants => 01.04 Anthracite || Heat plant interim/Heat plant interim => 01.04 Anthracite || Imports => 01.04 Anthracite || Industry => 01.04 Anthracite || Industry/Construction => 01.04 Anthracite || Industry/Manufacturing => 01.04 Anthracite || Industry/Manufacturing/Chemical => 01.04 Anthracite || Industry/Manufacturing/Food beverages and tobacco => 01.04 Anthracite || Industry/Manufacturing/Iron and steel => 01.04 Anthracite || Industry/Manufacturing/Machinery => 01.04 Anthracite || Industry/Manufacturing/Non ferrous metals => 01.04 Anthracite || Industry/Manufacturing/Non metallic mineral products => 01.04 Anthracite || Industry/Manufacturing/Non specified industry => 01.04 Anthracite || Industry/Manufacturing/Pulp paper and printing => 01.04 Anthracite || Industry/Manufacturing/Textiles and leather => 01.04 Anthracite || Industry/Manufacturing/Wood and wood products => 01.04 Anthracite || Industry/Mining and quarrying => 01.04 Anthracite || Liquefaction coal to oil/Liquefaction coal to oil => 01.04 Anthracite || Non-energy use => 01.04 Anthracite || Other sector => 01.04 Anthracite || Other sector/Agriculture => 01.04 Anthracite || Other sector/Fishing => 01.04 Anthracite || Patent fuel plants/Patent fuel plants => 01.04 Anthracite || Power => 01.04 Anthracite || Production => 01.04 Anthracite || Total Primary Supply => 01.04 Anthracite || Total final consumption => 01.04 Anthracite || Total final energy consumption => 01.04 Anthracite || Total transformation - no transfers => 01.04 Anthracite,False,unresolved_flow_qualified_product_semantics
leap_to_esto,BOTH,LEAP,Aviation gasoline,ESTO,39,2,Agriculture and fishing => 07.02 Aviation gasoline || Buildings => 07.01 Motor gasoline || Buildings/Services => 07.02 Aviation gasoline || Buildings/Services/Data_Centers => 07.02 Aviation gasoline || Buildings/Services/Educational => 07.02 Aviation gasoline || Buildings/Services/Hospitals => 07.02 Aviation gasoline || Buildings/Services/Others_Unspecified => 07.02 Aviation gasoline || Buildings/Services/Service Buildings => 07.02 Aviation gasoline || Demand\All demand aggregated\International transport => 07.02 Aviation gasoline || Demand\All demand aggregated\Other sector => 07.02 Aviation gasoline || Demand\All demand aggregated\Transport non road => 07.02 Aviation gasoline || Exports => 07.02 Aviation gasoline || Imports => 07.02 Aviation gasoline || Industry => 07.02 Aviation gasoline || Industry/Manufacturing => 07.02 Aviation gasoline || Industry/Manufacturing/Chemical => 07.02 Aviation gasoline || Industry/Manufacturing/Machinery => 07.02 Aviation gasoline || Industry/Manufacturing/Non ferrous metals => 07.02 Aviation gasoline || Industry/Manufacturing/Non metallic mineral products => 07.02 Aviation gasoline || Industry/Manufacturing/Non specified industry => 07.02 Aviation gasoline || Industry/Manufacturing/Pulp paper and printing => 07.02 Aviation gasoline || International transport => 07.02 Aviation gasoline || Oil Refining/Oil Refining => 07.02 Aviation gasoline || Other sector => 07.02 Aviation gasoline || Other sector/Agriculture => 07.02 Aviation gasoline || Other sector/Fishing => 07.02 Aviation gasoline || Other sector/Non specified others => 07.02 Aviation gasoline || Production => 07.02 Aviation gasoline || Total Primary Supply => 07.02 Aviation gasoline || Total final consumption => 07.02 Aviation gasoline || Total final energy consumption => 07.02 Aviation gasoline || Total transformation - no transfers => 07.02 Aviation gasoline || Transfers => 07.02 Aviation gasoline || Transport => 07.02 Aviation gasoline || Transport non road => 07.02 Aviation gasoline || Transport non road/Freight non road/Air => 07.02 Aviation gasoline || Transport non road/International transport/Air => 07.02 Aviation gasoline || Transport non road/Nonspecified transport => 07.02 Aviation gasoline || Transport non road/Passenger non road/Air => 07.02 Aviation gasoline,False,unresolved_flow_qualified_product_semantics
leap_to_esto,BOTH,LEAP,BKB and PB,ESTO,43,2,Agriculture and fishing => 02.08 BKB/PB || BKB and PB plants/BKB and PB plants => 02.08 BKB/PB || Buildings => 02.07 Coal tar || Buildings/Residential => 02.08 BKB/PB || Buildings/Services => 02.08 BKB/PB || Buildings/Services/Data_Centers => 02.08 BKB/PB || Buildings/Services/Educational => 02.08 BKB/PB || Buildings/Services/Hospitals => 02.08 BKB/PB || Buildings/Services/Others_Unspecified => 02.08 BKB/PB || Buildings/Services/Service Buildings => 02.08 BKB/PB || Coal transformation => 02.08 BKB/PB || Coke ovens/Coke ovens => 02.08 BKB/PB || Demand\All demand aggregated\Other sector => 02.08 BKB/PB || Exports => 02.08 BKB/PB || Gas works plants/Gas works plants => 02.08 BKB/PB || Imports => 02.08 BKB/PB || Industry => 02.08 BKB/PB || Industry/Manufacturing => 02.08 BKB/PB || Industry/Manufacturing/Chemical => 02.08 BKB/PB || Industry/Manufacturing/Food beverages and tobacco => 02.08 BKB/PB || Industry/Manufacturing/Iron and steel => 02.08 BKB/PB || Industry/Manufacturing/Machinery => 02.08 BKB/PB || Industry/Manufacturing/Non ferrous metals => 02.08 BKB/PB || Industry/Manufacturing/Non metallic mineral products => 02.08 BKB/PB || Industry/Manufacturing/Non specified industry => 02.08 BKB/PB || Industry/Manufacturing/Pulp paper and printing => 02.08 BKB/PB || Industry/Manufacturing/Textiles and leather => 02.08 BKB/PB || Industry/Manufacturing/Transportation equipment => 02.08 BKB/PB || Industry/Manufacturing/Wood and wood products => 02.08 BKB/PB || Industry/Mining and quarrying => 02.08 BKB/PB || Liquefaction coal to oil/Liquefaction coal to oil => 02.08 BKB/PB || Non-energy use => 02.08 BKB/PB || Other loss and own use/Coal mines => 02.08 BKB/PB || Other sector => 02.08 BKB/PB || Other sector/Agriculture => 02.08 BKB/PB || Other sector/Fishing => 02.08 BKB/PB || Other sector/Non specified others => 02.08 BKB/PB || Patent fuel plants/Patent fuel plants => 02.08 BKB/PB || Production => 02.08 BKB/PB || Total Primary Supply => 02.08 BKB/PB || Total final consumption => 02.08 BKB/PB || Total final energy consumption => 02.08 BKB/PB || Total transformation - no transfers => 02.08 BKB/PB,False,unresolved_flow_qualified_product_semantics
leap_to_esto,BOTH,LEAP,Bagasse,ESTO,30,2,Buildings => 04 Peat products|15.02 Bagasse || Buildings/Residential => 15.02 Bagasse || CHP interim/CHP interim => 15.02 Bagasse || CHP plants => 15.02 Bagasse || Demand\All demand aggregated\Other sector => 15.02 Bagasse || Electricity Generation => 15.02 Bagasse || Electricity interim/Electricity interim => 15.02 Bagasse || Exports => 15.02 Bagasse || Imports => 15.02 Bagasse || Industry => 15.02 Bagasse || Industry/Construction => 15.02 Bagasse || Industry/Manufacturing => 15.02 Bagasse || Industry/Manufacturing/Chemical => 15.02 Bagasse || Industry/Manufacturing/Food beverages and tobacco => 15.02 Bagasse || Industry/Manufacturing/Iron and steel => 15.02 Bagasse || Industry/Manufacturing/Machinery => 15.02 Bagasse || Industry/Manufacturing/Non ferrous metals => 15.02 Bagasse || Industry/Manufacturing/Non metallic mineral products => 15.02 Bagasse || Industry/Manufacturing/Non specified industry => 15.02 Bagasse || Industry/Manufacturing/Pulp paper and printing => 15.02 Bagasse || Industry/Manufacturing/Transportation equipment => 15.02 Bagasse || Industry/Manufacturing/Wood and wood products => 15.02 Bagasse || Industry/Mining and quarrying => 15.02 Bagasse || Non-energy use => 15.02 Bagasse || Power => 15.02 Bagasse || Production => 15.02 Bagasse || Total Primary Supply => 15.02 Bagasse || Total final consumption => 15.02 Bagasse || Total final energy consumption => 15.02 Bagasse || Total transformation - no transfers => 15.02 Bagasse,False,unresolved_flow_qualified_product_semantics
leap_to_esto,BOTH,LEAP,Biodiesel,ESTO,57,2,Agriculture and fishing => 16.06 Biodiesel || Buildings => 16.05 Biogasoline || Buildings/Residential => 16.06 Biodiesel || Buildings/Services => 16.06 Biodiesel || Buildings/Services/Data_Centers => 16.06 Biodiesel || Buildings/Services/Educational => 16.06 Biodiesel || Buildings/Services/Hospitals => 16.06 Biodiesel || Buildings/Services/Others_Unspecified => 16.06 Biodiesel || Buildings/Services/Service Buildings => 16.06 Biodiesel || CHP interim/CHP interim => 16.06 Biodiesel || CHP plants => 16.06 Biodiesel || Demand\All demand aggregated\International transport => 16.06 Biodiesel || Demand\All demand aggregated\Other sector => 16.06 Biodiesel || Demand\All demand aggregated\Road => 16.06 Biodiesel || Demand\All demand aggregated\Transport non road => 16.06 Biodiesel || Electricity Generation => 16.06 Biodiesel || Electricity interim/Electricity interim => 16.06 Biodiesel || Exports => 16.06 Biodiesel || Imports => 16.06 Biodiesel || Industry => 16.06 Biodiesel || Industry/Construction => 16.06 Biodiesel || Industry/Manufacturing => 16.06 Biodiesel || Industry/Manufacturing/Chemical => 16.06 Biodiesel || Industry/Manufacturing/Food beverages and tobacco => 16.06 Biodiesel || Industry/Manufacturing/Iron and steel => 16.06 Biodiesel || Industry/Manufacturing/Machinery => 16.06 Biodiesel || Industry/Manufacturing/Non ferrous metals => 16.06 Biodiesel || Industry/Manufacturing/Non metallic mineral products => 16.06 Biodiesel || Industry/Manufacturing/Non specified industry => 16.06 Biodiesel || Industry/Manufacturing/Pulp paper and printing => 16.06 Biodiesel || Industry/Manufacturing/Textiles and leather => 16.06 Biodiesel || Industry/Manufacturing/Transportation equipment => 16.06 Biodiesel || Industry/Manufacturing/Wood and wood products => 16.06 Biodiesel || Industry/Mining and quarrying => 16.06 Biodiesel || International transport => 16.06 Biodiesel || Non-energy use => 16.06 Biodiesel || Other loss and own use/Coal mines => 16.06 Biodiesel || Other loss and own use/Electricity CHP and heat plants => 16.06 Biodiesel || Other loss and own use/Oil and gas extraction => 16.06 Biodiesel || Other sector => 16.06 Biodiesel || Other sector/Agriculture => 16.06 Biodiesel || Other sector/Fishing => 16.06 Biodiesel || Other sector/Non specified others => 16.06 Biodiesel || Power => 16.06 Biodiesel || Production => 16.06 Biodiesel || Road => 16.06 Biodiesel || Total Primary Supply => 16.06 Biodiesel || Total final consumption => 16.06 Biodiesel || Total final energy consumption => 16.06 Biodiesel || Total transformation - no transfers => 16.06 Biodiesel || Transport => 16.06 Biodiesel || Transport non road => 16.06 Biodiesel || Transport non road/Freight non road/Rail => 16.06 Biodiesel || Transport non road/Freight non road/Shipping => 16.06 Biodiesel || Transport non road/International transport/Shipping => 16.06 Biodiesel || Transport non road/Passenger non road/Rail => 16.06 Biodiesel || Transport non road/Passenger non road/Shipping => 16.06 Biodiesel,False,unresolved_flow_qualified_product_semantics
leap_to_esto,BOTH,LEAP,Biogas,ESTO,52,2,Agriculture and fishing => 16.01 Biogas || Buildings => 15.05 Other biomass || Buildings/Residential => 16.01 Biogas || Buildings/Services => 16.01 Biogas || Buildings/Services/Data_Centers => 16.01 Biogas || Buildings/Services/Educational => 16.01 Biogas || Buildings/Services/Hospitals => 16.01 Biogas || Buildings/Services/Others_Unspecified => 16.01 Biogas || Buildings/Services/Service Buildings => 16.01 Biogas || CHP interim/CHP interim => 16.01 Biogas || CHP plants => 16.01 Biogas || Demand\All demand aggregated\Other sector => 16.01 Biogas || Demand\All demand aggregated\Road => 16.01 Biogas || Electricity Generation => 16.01 Biogas || Electricity interim/Electricity interim => 16.01 Biogas || Exports => 16.01 Biogas || Gas processing plants => 16.01 Biogas || Heat plant interim/Heat plant interim => 16.01 Biogas || Heat plants => 16.01 Biogas || Imports => 16.01 Biogas || Industry => 16.01 Biogas || Industry/Construction => 16.01 Biogas || Industry/Manufacturing => 16.01 Biogas || Industry/Manufacturing/Chemical => 16.01 Biogas || Industry/Manufacturing/Food beverages and tobacco => 16.01 Biogas || Industry/Manufacturing/Iron and steel => 16.01 Biogas || Industry/Manufacturing/Machinery => 16.01 Biogas || Industry/Manufacturing/Non ferrous metals => 16.01 Biogas || Industry/Manufacturing/Non metallic mineral products => 16.01 Biogas || Industry/Manufacturing/Non specified industry => 16.01 Biogas || Industry/Manufacturing/Pulp paper and printing => 16.01 Biogas || Industry/Manufacturing/Textiles and leather => 16.01 Biogas || Industry/Manufacturing/Transportation equipment => 16.01 Biogas || Industry/Manufacturing/Wood and wood products => 16.01 Biogas || Industry/Mining and quarrying => 16.01 Biogas || Natural gas blending plants/Natural gas blending plants => 16.01 Biogas || Non specified transformation/Non specified transformation => 16.01 Biogas || Non-energy use => 16.01 Biogas || Other loss and own use/Electricity CHP and heat plants => 16.01 Biogas || Other loss and own use/Non specified own uses => 16.01 Biogas || Other sector => 16.01 Biogas || Other sector/Agriculture => 16.01 Biogas || Other sector/Fishing => 16.01 Biogas || Other sector/Non specified others => 16.01 Biogas || Power => 16.01 Biogas || Production => 16.01 Biogas || Road => 16.01 Biogas || Total Primary Supply => 16.01 Biogas || Total final consumption => 16.01 Biogas || Total final energy consumption => 16.01 Biogas || Total transformation - no transfers => 16.01 Biogas || Transport => 16.01 Biogas,False,unresolved_flow_qualified_product_semantics
leap_to_esto,BOTH,LEAP,Biogasoline,ESTO,42,2,Agriculture and fishing => 16.05 Biogasoline || Buildings => 16.04 Municipal solid waste (non-renewable) || Buildings/Residential => 16.05 Biogasoline || Buildings/Services => 16.05 Biogasoline || Buildings/Services/Data_Centers => 16.05 Biogasoline || Buildings/Services/Educational => 16.05 Biogasoline || Buildings/Services/Hospitals => 16.05 Biogasoline || Buildings/Services/Others_Unspecified => 16.05 Biogasoline || Buildings/Services/Service Buildings => 16.05 Biogasoline || Demand\All demand aggregated\Other sector => 16.05 Biogasoline || Demand\All demand aggregated\Road => 16.05 Biogasoline || Exports => 16.05 Biogasoline || Imports => 16.05 Biogasoline || Industry => 16.05 Biogasoline || Industry/Construction => 16.05 Biogasoline || Industry/Manufacturing => 16.05 Biogasoline || Industry/Manufacturing/Chemical => 16.05 Biogasoline || Industry/Manufacturing/Food beverages and tobacco => 16.05 Biogasoline || Industry/Manufacturing/Iron and steel => 16.05 Biogasoline || Industry/Manufacturing/Machinery => 16.05 Biogasoline || Industry/Manufacturing/Non ferrous metals => 16.05 Biogasoline || Industry/Manufacturing/Non metallic mineral products => 16.05 Biogasoline || Industry/Manufacturing/Non specified industry => 16.05 Biogasoline || Industry/Manufacturing/Pulp paper and printing => 16.05 Biogasoline || Industry/Manufacturing/Transportation equipment => 16.05 Biogasoline || Industry/Manufacturing/Wood and wood products => 16.05 Biogasoline || Industry/Mining and quarrying => 16.05 Biogasoline || Non-energy use => 16.05 Biogasoline || Other loss and own use/Non specified own uses => 16.05 Biogasoline || Other sector => 16.05 Biogasoline || Other sector/Agriculture => 16.05 Biogasoline || Other sector/Fishing => 16.05 Biogasoline || Other sector/Non specified others => 16.05 Biogasoline || Production => 16.05 Biogasoline || Road => 16.05 Biogasoline || Total Primary Supply => 16.05 Biogasoline || Total final consumption => 16.05 Biogasoline || Total final energy consumption => 16.05 Biogasoline || Transport => 16.05 Biogasoline || Transport non road => 16.05 Biogasoline || Transport non road/Freight non road/Shipping => 16.05 Biogasoline || Transport non road/Passenger non road/Shipping => 16.05 Biogasoline,False,unresolved_flow_qualified_product_semantics
leap_to_esto,BOTH,LEAP,Blast furnace gas,ESTO,46,2,Agriculture and fishing => 02.04 Blast furnace gas || BKB and PB plants/BKB and PB plants => 02.04 Blast furnace gas || Blast furnaces/Blast furnaces => 02.04 Blast furnace gas || Buildings => 02.03 Coke oven gas || Buildings/Services => 02.04 Blast furnace gas || Buildings/Services/Data_Centers => 02.04 Blast furnace gas || Buildings/Services/Educational => 02.04 Blast furnace gas || Buildings/Services/Hospitals => 02.04 Blast furnace gas || Buildings/Services/Others_Unspecified => 02.04 Blast furnace gas || Buildings/Services/Service Buildings => 02.04 Blast furnace gas || CHP interim/CHP interim => 02.04 Blast furnace gas || CHP plants => 02.04 Blast furnace gas || Coal transformation => 02.04 Blast furnace gas || Coke ovens/Coke ovens => 02.04 Blast furnace gas || Demand\All demand aggregated\Other sector => 02.04 Blast furnace gas || Electricity Generation => 02.04 Blast furnace gas || Electricity interim/Electricity interim => 02.04 Blast furnace gas || Exports => 02.04 Blast furnace gas || Gas works plants/Gas works plants => 02.04 Blast furnace gas || Heat plant interim/Heat plant interim => 02.04 Blast furnace gas || Heat plants => 02.04 Blast furnace gas || Imports => 02.04 Blast furnace gas || Industry => 02.04 Blast furnace gas || Industry/Manufacturing => 02.04 Blast furnace gas || Industry/Manufacturing/Chemical => 02.04 Blast furnace gas || Industry/Manufacturing/Iron and steel => 02.04 Blast furnace gas || Industry/Manufacturing/Machinery => 02.04 Blast furnace gas || Industry/Manufacturing/Non ferrous metals => 02.04 Blast furnace gas || Industry/Manufacturing/Non metallic mineral products => 02.04 Blast furnace gas || Industry/Manufacturing/Non specified industry => 02.04 Blast furnace gas || Industry/Manufacturing/Transportation equipment => 02.04 Blast furnace gas || Industry/Mining and quarrying => 02.04 Blast furnace gas || Liquefaction coal to oil/Liquefaction coal to oil => 02.04 Blast furnace gas || Non-energy use => 02.04 Blast furnace gas || Other loss and own use/Coal mines => 02.04 Blast furnace gas || Other loss and own use/Transmission and distribution loss => 02.04 Blast furnace gas || Other sector => 02.04 Blast furnace gas || Other sector/Agriculture => 02.04 Blast furnace gas || Other sector/Fishing => 02.04 Blast furnace gas || Patent fuel plants/Patent fuel plants => 02.04 Blast furnace gas || Power => 02.04 Blast furnace gas || Production => 02.04 Blast furnace gas || Total Primary Supply => 02.04 Blast furnace gas || Total final consumption => 02.04 Blast furnace gas || Total final energy consumption => 02.04 Blast furnace gas || Total transformation - no transfers => 02.04 Blast furnace gas,False,unresolved_flow_qualified_product_semantics
leap_to_esto,BOTH,LEAP,Charcoal,ESTO,35,2,Agriculture and fishing => 15.03 Charcoal || Buildings => 15.01 Fuelwood & woodwaste || Buildings/Residential => 15.03 Charcoal || Buildings/Services => 15.03 Charcoal || Buildings/Services/Data_Centers => 15.03 Charcoal || Buildings/Services/Educational => 15.03 Charcoal || Buildings/Services/Hospitals => 15.03 Charcoal || Buildings/Services/Others_Unspecified => 15.03 Charcoal || Buildings/Services/Service Buildings => 15.03 Charcoal || Charcoal processing/Charcoal processing => 15.03 Charcoal || Demand\All demand aggregated\Other sector => 15.03 Charcoal || Exports => 15.03 Charcoal || Imports => 15.03 Charcoal || Industry => 15.03 Charcoal || Industry/Construction => 15.03 Charcoal || Industry/Manufacturing => 15.03 Charcoal || Industry/Manufacturing/Chemical => 15.03 Charcoal || Industry/Manufacturing/Food beverages and tobacco => 15.03 Charcoal || Industry/Manufacturing/Iron and steel => 15.03 Charcoal || Industry/Manufacturing/Machinery => 15.03 Charcoal || Industry/Manufacturing/Non ferrous metals => 15.03 Charcoal || Industry/Manufacturing/Non metallic mineral products => 15.03 Charcoal || Industry/Manufacturing/Non specified industry => 15.03 Charcoal || Industry/Manufacturing/Pulp paper and printing => 15.03 Charcoal || Industry/Manufacturing/Transportation equipment => 15.03 Charcoal || Industry/Manufacturing/Wood and wood products => 15.03 Charcoal || Industry/Mining and quarrying => 15.03 Charcoal || Non-energy use => 15.03 Charcoal || Other sector => 15.03 Charcoal || Other sector/Agriculture => 15.03 Charcoal || Other sector/Fishing => 15.03 Charcoal || Production => 15.03 Charcoal || Total Primary Supply => 15.03 Charcoal || Total final consumption => 15.03 Charcoal || Total final energy consumption => 15.03 Charcoal,False,unresolved_flow_qualified_product_semantics
leap_to_esto,BOTH,LEAP,Coal tar,ESTO,44,2,Agriculture and fishing => 02.07 Coal tar || BKB and PB plants/BKB and PB plants => 02.07 Coal tar || Blast furnaces/Blast furnaces => 02.07 Coal tar || Buildings => 02.06 Patent fuel || Buildings/Services => 02.07 Coal tar || Buildings/Services/Data_Centers => 02.07 Coal tar || Buildings/Services/Educational => 02.07 Coal tar || Buildings/Services/Hospitals => 02.07 Coal tar || Buildings/Services/Others_Unspecified => 02.07 Coal tar || Buildings/Services/Service Buildings => 02.07 Coal tar || Coal transformation => 02.07 Coal tar || Coke ovens/Coke ovens => 02.07 Coal tar || Demand\All demand aggregated\Transport non road => 02.07 Coal tar || Exports => 02.07 Coal tar || Gas processing plants => 02.07 Coal tar || Gas works plants/Gas works plants => 02.07 Coal tar || Imports => 02.07 Coal tar || Industry => 02.07 Coal tar || Industry/Manufacturing => 02.07 Coal tar || Industry/Manufacturing/Chemical => 02.07 Coal tar || Industry/Manufacturing/Food beverages and tobacco => 02.07 Coal tar || Industry/Manufacturing/Iron and steel => 02.07 Coal tar || Industry/Manufacturing/Machinery => 02.07 Coal tar || Industry/Manufacturing/Non ferrous metals => 02.07 Coal tar || Industry/Manufacturing/Non metallic mineral products => 02.07 Coal tar || Industry/Manufacturing/Non specified industry => 02.07 Coal tar || Industry/Mining and quarrying => 02.07 Coal tar || Liquefaction coal to oil/Liquefaction coal to oil => 02.07 Coal tar || Non-energy use => 02.07 Coal tar || Other loss and own use/Coal mines => 02.07 Coal tar || Other loss and own use/Electricity CHP and heat plants => 02.07 Coal tar || Other sector => 02.07 Coal tar || Other sector/Agriculture => 02.07 Coal tar || Other sector/Fishing => 02.07 Coal tar || Patent fuel plants/Patent fuel plants => 02.07 Coal tar || Production => 02.07 Coal tar || Total Primary Supply => 02.07 Coal tar || Total final consumption => 02.07 Coal tar || Total final energy consumption => 02.07 Coal tar || Total transformation - no transfers => 02.07 Coal tar || Transport non road => 02.07 Coal tar || Transport non road/Freight non road/Rail => 02.07 Coal tar || Transport non road/Nonspecified transport => 02.07 Coal tar || Transport non road/Passenger non road/Rail => 02.07 Coal tar,False,unresolved_flow_qualified_product_semantics
leap_to_esto,BOTH,LEAP,Coke oven coke,ESTO,58,2,Agriculture and fishing => 02.01 Coke oven coke || BKB and PB plants/BKB and PB plants => 02.01 Coke oven coke || Blast furnaces/Blast furnaces => 02.01 Coke oven coke || Buildings => 01.05 Lignite || Buildings/Services => 02.01 Coke oven coke || Buildings/Services/Data_Centers => 02.01 Coke oven coke || Buildings/Services/Educational => 02.01 Coke oven coke || Buildings/Services/Hospitals => 02.01 Coke oven coke || Buildings/Services/Others_Unspecified => 02.01 Coke oven coke || Buildings/Services/Service Buildings => 02.01 Coke oven coke || CHP interim/CHP interim => 02.01 Coke oven coke || CHP plants => 02.01 Coke oven coke || Coal transformation => 02.01 Coke oven coke || Coke ovens/Coke ovens => 02.01 Coke oven coke || Demand\All demand aggregated\Other sector => 02.01 Coke oven coke || Demand\All demand aggregated\Transport non road => 02.01 Coke oven coke || Electricity Generation => 02.01 Coke oven coke || Electricity interim/Electricity interim => 02.01 Coke oven coke || Exports => 02.01 Coke oven coke || Gas processing plants => 02.01 Coke oven coke || Gas works plants/Gas works plants => 02.01 Coke oven coke || Heat plant interim/Heat plant interim => 02.01 Coke oven coke || Heat plants => 02.01 Coke oven coke || Imports => 02.01 Coke oven coke || Industry => 02.01 Coke oven coke || Industry/Construction => 02.01 Coke oven coke || Industry/Manufacturing => 02.01 Coke oven coke || Industry/Manufacturing/Chemical => 02.01 Coke oven coke || Industry/Manufacturing/Food beverages and tobacco => 02.01 Coke oven coke || Industry/Manufacturing/Iron and steel => 02.01 Coke oven coke || Industry/Manufacturing/Machinery => 02.01 Coke oven coke || Industry/Manufacturing/Non ferrous metals => 02.01 Coke oven coke || Industry/Manufacturing/Non metallic mineral products => 02.01 Coke oven coke || Industry/Manufacturing/Non specified industry => 02.01 Coke oven coke || Industry/Manufacturing/Pulp paper and printing => 02.01 Coke oven coke || Industry/Manufacturing/Textiles and leather => 02.01 Coke oven coke || Industry/Manufacturing/Transportation equipment => 02.01 Coke oven coke || Industry/Manufacturing/Wood and wood products => 02.01 Coke oven coke || Industry/Mining and quarrying => 02.01 Coke oven coke || Liquefaction coal to oil/Liquefaction coal to oil => 02.01 Coke oven coke || Non-energy use => 02.01 Coke oven coke || Other loss and own use/Coal mines => 02.01 Coke oven coke || Other loss and own use/Electricity CHP and heat plants => 02.01 Coke oven coke || Other loss and own use/Oil refineries => 02.01 Coke oven coke || Other loss and own use/Transmission and distribution loss => 02.01 Coke oven coke || Other sector => 02.01 Coke oven coke || Other sector/Agriculture => 02.01 Coke oven coke || Other sector/Fishing => 02.01 Coke oven coke || Other sector/Non specified others => 02.01 Coke oven coke || Patent fuel plants/Patent fuel plants => 02.01 Coke oven coke || Power => 02.01 Coke oven coke || Production => 02.01 Coke oven coke || Total Primary Supply => 02.01 Coke oven coke || Total final consumption => 02.01 Coke oven coke || Total final energy consumption => 02.01 Coke oven coke || Total transformation - no transfers => 02.01 Coke oven coke || Transport non road => 02.01 Coke oven coke || Transport non road/Nonspecified transport => 02.01 Coke oven coke,False,unresolved_flow_qualified_product_semantics
leap_to_esto,BOTH,LEAP,Coke oven gas,ESTO,53,2,Agriculture and fishing => 02.03 Coke oven gas || BKB and PB plants/BKB and PB plants => 02.03 Coke oven gas || Blast furnaces/Blast furnaces => 02.03 Coke oven gas || Buildings => 02.01 Coke oven coke || Buildings/Residential => 02.03 Coke oven gas || Buildings/Services => 02.03 Coke oven gas || Buildings/Services/Data_Centers => 02.03 Coke oven gas || Buildings/Services/Educational => 02.03 Coke oven gas || Buildings/Services/Hospitals => 02.03 Coke oven gas || Buildings/Services/Others_Unspecified => 02.03 Coke oven gas || Buildings/Services/Service Buildings => 02.03 Coke oven gas || CHP interim/CHP interim => 02.03 Coke oven gas || CHP plants => 02.03 Coke oven gas || Coal transformation => 02.03 Coke oven gas || Coke ovens/Coke ovens => 02.03 Coke oven gas || Demand\All demand aggregated\Other sector => 02.03 Coke oven gas || Electricity Generation => 02.03 Coke oven gas || Electricity interim/Electricity interim => 02.03 Coke oven gas || Exports => 02.03 Coke oven gas || Gas processing plants => 02.03 Coke oven gas || Gas works plants/Gas works plants => 02.03 Coke oven gas || Heat plant interim/Heat plant interim => 02.03 Coke oven gas || Heat plants => 02.03 Coke oven gas || Imports => 02.03 Coke oven gas || Industry => 02.03 Coke oven gas || Industry/Manufacturing => 02.03 Coke oven gas || Industry/Manufacturing/Chemical => 02.03 Coke oven gas || Industry/Manufacturing/Food beverages and tobacco => 02.03 Coke oven gas || Industry/Manufacturing/Iron and steel => 02.03 Coke oven gas || Industry/Manufacturing/Machinery => 02.03 Coke oven gas || Industry/Manufacturing/Non ferrous metals => 02.03 Coke oven gas || Industry/Manufacturing/Non metallic mineral products => 02.03 Coke oven gas || Industry/Manufacturing/Non specified industry => 02.03 Coke oven gas || Industry/Manufacturing/Textiles and leather => 02.03 Coke oven gas || Industry/Manufacturing/Transportation equipment => 02.03 Coke oven gas || Industry/Mining and quarrying => 02.03 Coke oven gas || Liquefaction coal to oil/Liquefaction coal to oil => 02.03 Coke oven gas || Natural gas blending plants/Natural gas blending plants => 02.03 Coke oven gas || Non-energy use => 02.03 Coke oven gas || Other loss and own use/Coal mines => 02.03 Coke oven gas || Other loss and own use/Electricity CHP and heat plants => 02.03 Coke oven gas || Other loss and own use/Transmission and distribution loss => 02.03 Coke oven gas || Other sector => 02.03 Coke oven gas || Other sector/Agriculture => 02.03 Coke oven gas || Other sector/Fishing => 02.03 Coke oven gas || Other sector/Non specified others => 02.03 Coke oven gas || Patent fuel plants/Patent fuel plants => 02.03 Coke oven gas || Power => 02.03 Coke oven gas || Production => 02.03 Coke oven gas || Total Primary Supply => 02.03 Coke oven gas || Total final consumption => 02.03 Coke oven gas || Total final energy consumption => 02.03 Coke oven gas || Total transformation - no transfers => 02.03 Coke oven gas,False,unresolved_flow_qualified_product_semantics
leap_to_esto,BOTH,LEAP,Electricity,ESTO,81,2,Agriculture and fishing => 17 Electricity || BKB and PB plants/BKB and PB plants => 17 Electricity || Blast furnaces/Blast furnaces => 17 Electricity || Buildings => 16.12 Hydrogen || Buildings/Residential => 17 Electricity || Buildings/Services => 17 Electricity || Buildings/Services/Data_Centers => 17 Electricity || Buildings/Services/Educational => 17 Electricity || Buildings/Services/Hospitals => 17 Electricity || Buildings/Services/Others_Unspecified => 17 Electricity || Buildings/Services/Service Buildings => 17 Electricity || CHP interim/CHP interim => 17 Electricity || CHP plants => 17 Electricity || Chemical heat for electricity production/Chemical heat for electricity production => 17 Electricity || Coal transformation => 17 Electricity || Coke ovens/Coke ovens => 17 Electricity || Demand\All demand aggregated\Other sector => 17 Electricity || Demand\All demand aggregated\Road => 17 Electricity || Demand\All demand aggregated\Transport non road => 17 Electricity || Electric boilers/Electric boilers => 17 Electricity || Electricity Generation => 17 Electricity || Electricity interim/Electricity interim => 17 Electricity || Exports => 17 Electricity || Gas processing plants => 17 Electricity || Gas works plants/Gas works plants => 17 Electricity || Heat plant interim/Heat plant interim => 17 Electricity || Heat plants => 17 Electricity || Hydrogen transformation => 17 Electricity || Hydrogen transformation/Electrolysers => 17 Electricity || Imports => 17 Electricity || Industry => 17 Electricity || Industry/Construction => 17 Electricity || Industry/Manufacturing => 17 Electricity || Industry/Manufacturing/Chemical => 17 Electricity || Industry/Manufacturing/Food beverages and tobacco => 17 Electricity || Industry/Manufacturing/Iron and steel => 17 Electricity || Industry/Manufacturing/Machinery => 17 Electricity || Industry/Manufacturing/Non ferrous metals => 17 Electricity || Industry/Manufacturing/Non metallic mineral products => 17 Electricity || Industry/Manufacturing/Non specified industry => 17 Electricity || Industry/Manufacturing/Pulp paper and printing => 17 Electricity || Industry/Manufacturing/Textiles and leather => 17 Electricity || Industry/Manufacturing/Transportation equipment => 17 Electricity || Industry/Manufacturing/Wood and wood products => 17 Electricity || Industry/Mining and quarrying => 17 Electricity || LNG regasification/Regasification => 17 Electricity || Liquefaction coal to oil/Liquefaction coal to oil => 17 Electricity || Liquefaction/regasification plants => 17 Electricity || NG Liquefaction/NG Liquefaction => 17 Electricity || Non specified transformation/Non specified transformation => 17 Electricity || Oil Refining/Oil Refining => 17 Electricity || Other loss and own use/Coal mines => 17 Electricity || Other loss and own use/Electricity CHP and heat plants => 17 Electricity || Other loss and own use/Liquefaction and regasification plants => 17 Electricity || Other loss and own use/Non specified own uses => 17 Electricity || Other loss and own use/Oil and gas extraction => 17 Electricity || Other loss and own use/Pump storage plants => 17 Electricity || Other loss and own use/Transmission and distribution loss => 17 Electricity || Other sector => 17 Electricity || Other sector/Agriculture => 17 Electricity || Other sector/Fishing => 17 Electricity || Other sector/Non specified others => 17 Electricity || Patent fuel plants/Patent fuel plants => 17 Electricity || Power => 17 Electricity || Production => 17 Electricity || Road => 17 Electricity || Total Primary Supply => 17 Electricity || Total final consumption => 17 Electricity || Total final energy consumption => 17 Electricity || Total transformation - no transfers => 17 Electricity || Transmission and Distribution => 17 Electricity || Transport => 17 Electricity || Transport non road => 17 Electricity || Transport non road/Freight non road/Air => 17 Electricity || Transport non road/Freight non road/Rail => 17 Electricity || Transport non road/Freight non road/Shipping => 17 Electricity || Transport non road/Nonspecified transport => 17 Electricity || Transport non road/Passenger non road/Air => 17 Electricity || Transport non road/Passenger non road/Rail => 17 Electricity || Transport non road/Passenger non road/Shipping => 17 Electricity || Transport non road/Pipeline transport => 17 Electricity,False,unresolved_flow_qualified_product_semantics
leap_to_esto,BOTH,LEAP,Fuel oil,ESTO,74,2,Agriculture and fishing => 07.08 Fuel oil || BKB and PB plants/BKB and PB plants => 07.08 Fuel oil || Blast furnaces/Blast furnaces => 07.08 Fuel oil || Buildings => 07.07 Gas/diesel oil || Buildings/Residential => 07.08 Fuel oil || Buildings/Services => 07.08 Fuel oil || Buildings/Services/Data_Centers => 07.08 Fuel oil || Buildings/Services/Educational => 07.08 Fuel oil || Buildings/Services/Hospitals => 07.08 Fuel oil || Buildings/Services/Others_Unspecified => 07.08 Fuel oil || Buildings/Services/Service Buildings => 07.08 Fuel oil || CHP interim/CHP interim => 07.08 Fuel oil || CHP plants => 07.08 Fuel oil || Coal transformation => 07.08 Fuel oil || Coke ovens/Coke ovens => 07.08 Fuel oil || Demand\All demand aggregated\International transport => 07.08 Fuel oil || Demand\All demand aggregated\Other sector => 07.08 Fuel oil || Demand\All demand aggregated\Road => 07.08 Fuel oil || Demand\All demand aggregated\Transport non road => 07.08 Fuel oil || Electricity Generation => 07.08 Fuel oil || Electricity interim/Electricity interim => 07.08 Fuel oil || Exports => 07.08 Fuel oil || Gas processing plants => 07.08 Fuel oil || Gas works plants/Gas works plants => 07.08 Fuel oil || Heat plant interim/Heat plant interim => 07.08 Fuel oil || Heat plants => 07.08 Fuel oil || Imports => 07.08 Fuel oil || Industry => 07.08 Fuel oil || Industry/Construction => 07.08 Fuel oil || Industry/Manufacturing => 07.08 Fuel oil || Industry/Manufacturing/Chemical => 07.08 Fuel oil || Industry/Manufacturing/Food beverages and tobacco => 07.08 Fuel oil || Industry/Manufacturing/Iron and steel => 07.08 Fuel oil || Industry/Manufacturing/Machinery => 07.08 Fuel oil || Industry/Manufacturing/Non ferrous metals => 07.08 Fuel oil || Industry/Manufacturing/Non metallic mineral products => 07.08 Fuel oil || Industry/Manufacturing/Non specified industry => 07.08 Fuel oil || Industry/Manufacturing/Pulp paper and printing => 07.08 Fuel oil || Industry/Manufacturing/Textiles and leather => 07.08 Fuel oil || Industry/Manufacturing/Transportation equipment => 07.08 Fuel oil || Industry/Manufacturing/Wood and wood products => 07.08 Fuel oil || Industry/Mining and quarrying => 07.08 Fuel oil || International transport => 07.08 Fuel oil || Liquefaction coal to oil/Liquefaction coal to oil => 07.08 Fuel oil || Natural gas blending plants/Natural gas blending plants => 07.08 Fuel oil || Non specified transformation/Non specified transformation => 07.08 Fuel oil || Non-energy use => 07.08 Fuel oil || Oil Refining/Oil Refining => 07.08 Fuel oil || Other loss and own use/Coal mines => 07.08 Fuel oil || Other loss and own use/Electricity CHP and heat plants => 07.08 Fuel oil || Other loss and own use/Non specified own uses => 07.08 Fuel oil || Other loss and own use/Oil and gas extraction => 07.08 Fuel oil || Other sector => 07.08 Fuel oil || Other sector/Agriculture => 07.08 Fuel oil || Other sector/Fishing => 07.08 Fuel oil || Other sector/Non specified others => 07.08 Fuel oil || Patent fuel plants/Patent fuel plants => 07.08 Fuel oil || Power => 07.08 Fuel oil || Production => 07.08 Fuel oil || Road => 07.08 Fuel oil || Total Primary Supply => 07.08 Fuel oil || Total final consumption => 07.08 Fuel oil || Total final energy consumption => 07.08 Fuel oil || Total transformation - no transfers => 07.08 Fuel oil || Transfers => 07.08 Fuel oil || Transport => 07.08 Fuel oil || Transport non road => 07.08 Fuel oil || Transport non road/Freight non road/Rail => 07.08 Fuel oil || Transport non road/Freight non road/Shipping => 07.08 Fuel oil || Transport non road/International transport/Shipping => 07.08 Fuel oil || Transport non road/Nonspecified transport => 07.08 Fuel oil || Transport non road/Passenger non road/Rail => 07.08 Fuel oil || Transport non road/Passenger non road/Shipping => 07.08 Fuel oil || Transport non road/Pipeline transport => 07.08 Fuel oil,False,unresolved_flow_qualified_product_semantics
leap_to_esto,BOTH,LEAP,Fuelwood and woodwaste,ESTO,42,2,Agriculture and fishing => 15.01 Fuelwood & woodwaste || Buildings => 12.99 Solar nonspecified || Buildings/Residential => 15.01 Fuelwood & woodwaste || Buildings/Services => 15.01 Fuelwood & woodwaste || Buildings/Services/Data_Centers => 15.01 Fuelwood & woodwaste || Buildings/Services/Educational => 15.01 Fuelwood & woodwaste || Buildings/Services/Hospitals => 15.01 Fuelwood & woodwaste || Buildings/Services/Others_Unspecified => 15.01 Fuelwood & woodwaste || Buildings/Services/Service Buildings => 15.01 Fuelwood & woodwaste || CHP interim/CHP interim => 15.01 Fuelwood & woodwaste || CHP plants => 15.01 Fuelwood & woodwaste || Charcoal processing/Charcoal processing => 15.01 Fuelwood & woodwaste || Demand\All demand aggregated\Other sector => 15.01 Fuelwood & woodwaste || Electricity Generation => 15.01 Fuelwood & woodwaste || Electricity interim/Electricity interim => 15.01 Fuelwood & woodwaste || Exports => 15.01 Fuelwood & woodwaste || Imports => 15.01 Fuelwood & woodwaste || Industry => 15.01 Fuelwood & woodwaste || Industry/Construction => 15.01 Fuelwood & woodwaste || Industry/Manufacturing => 15.01 Fuelwood & woodwaste || Industry/Manufacturing/Chemical => 15.01 Fuelwood & woodwaste || Industry/Manufacturing/Food beverages and tobacco => 15.01 Fuelwood & woodwaste || Industry/Manufacturing/Iron and steel => 15.01 Fuelwood & woodwaste || Industry/Manufacturing/Machinery => 15.01 Fuelwood & woodwaste || Industry/Manufacturing/Non ferrous metals => 15.01 Fuelwood & woodwaste || Industry/Manufacturing/Non metallic mineral products => 15.01 Fuelwood & woodwaste || Industry/Manufacturing/Non specified industry => 15.01 Fuelwood & woodwaste || Industry/Manufacturing/Pulp paper and printing => 15.01 Fuelwood & woodwaste || Industry/Manufacturing/Textiles and leather => 15.01 Fuelwood & woodwaste || Industry/Manufacturing/Transportation equipment => 15.01 Fuelwood & woodwaste || Industry/Manufacturing/Wood and wood products => 15.01 Fuelwood & woodwaste || Industry/Mining and quarrying => 15.01 Fuelwood & woodwaste || Non-energy use => 15.01 Fuelwood & woodwaste || Other sector => 15.01 Fuelwood & woodwaste || Other sector/Agriculture => 15.01 Fuelwood & woodwaste || Other sector/Fishing => 15.01 Fuelwood & woodwaste || Power => 15.01 Fuelwood & woodwaste || Production => 15.01 Fuelwood & woodwaste || Total Primary Supply => 15.01 Fuelwood & woodwaste || Total final consumption => 15.01 Fuelwood & woodwaste || Total final energy consumption => 15.01 Fuelwood & woodwaste || Total transformation - no transfers => 15.01 Fuelwood & woodwaste,False,unresolved_flow_qualified_product_semantics
leap_to_esto,BOTH,LEAP,Gas and diesel oil,ESTO,76,2,Agriculture and fishing => 07.07 Gas/diesel oil || BKB and PB plants/BKB and PB plants => 07.07 Gas/diesel oil || Buildings => 07.06 Kerosene || Buildings/Residential => 07.07 Gas/diesel oil || Buildings/Services => 07.07 Gas/diesel oil || Buildings/Services/Data_Centers => 07.07 Gas/diesel oil || Buildings/Services/Educational => 07.07 Gas/diesel oil || Buildings/Services/Hospitals => 07.07 Gas/diesel oil || Buildings/Services/Others_Unspecified => 07.07 Gas/diesel oil || Buildings/Services/Service Buildings => 07.07 Gas/diesel oil || CHP interim/CHP interim => 07.07 Gas/diesel oil || CHP plants => 07.07 Gas/diesel oil || Coal transformation => 07.07 Gas/diesel oil || Coke ovens/Coke ovens => 07.07 Gas/diesel oil || Demand\All demand aggregated\International transport => 07.07 Gas/diesel oil || Demand\All demand aggregated\Other sector => 07.07 Gas/diesel oil || Demand\All demand aggregated\Road => 07.07 Gas/diesel oil || Demand\All demand aggregated\Transport non road => 07.07 Gas/diesel oil || Electricity Generation => 07.07 Gas/diesel oil || Electricity interim/Electricity interim => 07.07 Gas/diesel oil || Exports => 07.07 Gas/diesel oil || Gas processing plants => 07.07 Gas/diesel oil || Gas to liquids plants/Gas to liquids plants => 07.07 Gas/diesel oil || Gas works plants/Gas works plants => 07.07 Gas/diesel oil || Heat plant interim/Heat plant interim => 07.07 Gas/diesel oil || Heat plants => 07.07 Gas/diesel oil || Imports => 07.07 Gas/diesel oil || Industry => 07.07 Gas/diesel oil || Industry/Construction => 07.07 Gas/diesel oil || Industry/Manufacturing => 07.07 Gas/diesel oil || Industry/Manufacturing/Chemical => 07.07 Gas/diesel oil || Industry/Manufacturing/Food beverages and tobacco => 07.07 Gas/diesel oil || Industry/Manufacturing/Iron and steel => 07.07 Gas/diesel oil || Industry/Manufacturing/Machinery => 07.07 Gas/diesel oil || Industry/Manufacturing/Non ferrous metals => 07.07 Gas/diesel oil || Industry/Manufacturing/Non metallic mineral products => 07.07 Gas/diesel oil || Industry/Manufacturing/Non specified industry => 07.07 Gas/diesel oil || Industry/Manufacturing/Pulp paper and printing => 07.07 Gas/diesel oil || Industry/Manufacturing/Textiles and leather => 07.07 Gas/diesel oil || Industry/Manufacturing/Transportation equipment => 07.07 Gas/diesel oil || Industry/Manufacturing/Wood and wood products => 07.07 Gas/diesel oil || Industry/Mining and quarrying => 07.07 Gas/diesel oil || International transport => 07.07 Gas/diesel oil || Liquefaction coal to oil/Liquefaction coal to oil => 07.07 Gas/diesel oil || Natural gas blending plants/Natural gas blending plants => 07.07 Gas/diesel oil || Non specified transformation/Non specified transformation => 07.07 Gas/diesel oil || Non-energy use => 07.07 Gas/diesel oil || Oil Refining/Oil Refining => 07.07 Gas/diesel oil || Other loss and own use/Coal mines => 07.07 Gas/diesel oil || Other loss and own use/Electricity CHP and heat plants => 07.07 Gas/diesel oil || Other loss and own use/Non specified own uses => 07.07 Gas/diesel oil || Other loss and own use/Oil and gas extraction => 07.07 Gas/diesel oil || Other sector => 07.07 Gas/diesel oil || Other sector/Agriculture => 07.07 Gas/diesel oil || Other sector/Fishing => 07.07 Gas/diesel oil || Other sector/Non specified others => 07.07 Gas/diesel oil || Patent fuel plants/Patent fuel plants => 07.07 Gas/diesel oil || Power => 07.07 Gas/diesel oil || Production => 07.07 Gas/diesel oil || Road => 07.07 Gas/diesel oil || Total Primary Supply => 07.07 Gas/diesel oil || Total final consumption => 07.07 Gas/diesel oil || Total final energy consumption => 07.07 Gas/diesel oil || Total transformation - no transfers => 07.07 Gas/diesel oil || Transfers => 07.07 Gas/diesel oil || Transport => 07.07 Gas/diesel oil || Transport non road => 07.07 Gas/diesel oil || Transport non road/Freight non road/Air => 07.07 Gas/diesel oil || Transport non road/Freight non road/Rail => 07.07 Gas/diesel oil || Transport non road/Freight non road/Shipping => 07.07 Gas/diesel oil || Transport non road/International transport/Shipping => 07.07 Gas/diesel oil || Transport non road/Nonspecified transport => 07.07 Gas/diesel oil || Transport non road/Passenger non road/Air => 07.07 Gas/diesel oil || Transport non road/Passenger non road/Rail => 07.07 Gas/diesel oil || Transport non road/Passenger non road/Shipping => 07.07 Gas/diesel oil || Transport non road/Pipeline transport => 07.07 Gas/diesel oil,False,unresolved_flow_qualified_product_semantics
leap_to_esto,BOTH,LEAP,Gas works gas,ESTO,39,2,Agriculture and fishing => 08.03 Gas works gas || Buildings => 08.01 Natural gas || Buildings/Residential => 08.03 Gas works gas || Buildings/Services => 08.03 Gas works gas || Buildings/Services/Data_Centers => 08.03 Gas works gas || Buildings/Services/Educational => 08.03 Gas works gas || Buildings/Services/Hospitals => 08.03 Gas works gas || Buildings/Services/Others_Unspecified => 08.03 Gas works gas || Buildings/Services/Service Buildings => 08.03 Gas works gas || Coke ovens/Coke ovens => 08.03 Gas works gas || Demand\All demand aggregated\Other sector => 08.03 Gas works gas || Electricity Generation => 08.03 Gas works gas || Electricity interim/Electricity interim => 08.03 Gas works gas || Exports => 08.03 Gas works gas || Gas processing plants => 08.03 Gas works gas || Gas works plants/Gas works plants => 08.03 Gas works gas || Heat plant interim/Heat plant interim => 08.03 Gas works gas || Heat plants => 08.03 Gas works gas || Imports => 08.03 Gas works gas || Industry/Manufacturing/Chemical => 08.03 Gas works gas || Industry/Manufacturing/Food beverages and tobacco => 08.03 Gas works gas || Industry/Manufacturing/Iron and steel => 08.03 Gas works gas || Industry/Manufacturing/Machinery => 08.03 Gas works gas || Industry/Manufacturing/Non ferrous metals => 08.03 Gas works gas || Industry/Manufacturing/Non metallic mineral products => 08.03 Gas works gas || Industry/Manufacturing/Non specified industry => 08.03 Gas works gas || Industry/Manufacturing/Transportation equipment => 08.03 Gas works gas || Industry/Mining and quarrying => 08.03 Gas works gas || Natural gas blending plants/Natural gas blending plants => 08.03 Gas works gas || Non-energy use => 08.03 Gas works gas || Other loss and own use/Coal mines => 08.03 Gas works gas || Other loss and own use/Oil refineries => 08.03 Gas works gas || Other sector => 08.03 Gas works gas || Other sector/Agriculture => 08.03 Gas works gas || Other sector/Fishing => 08.03 Gas works gas || Power => 08.03 Gas works gas || Production => 08.03 Gas works gas || Total Primary Supply => 08.03 Gas works gas || Total transformation - no transfers => 08.03 Gas works gas,False,unresolved_flow_qualified_product_semantics
leap_to_esto,BOTH,LEAP,Geothermal,ESTO,28,2,Agriculture and fishing => 11 Geothermal || Buildings => 08.03 Gas works gas || Buildings/Residential => 11 Geothermal || Buildings/Services => 11 Geothermal || Buildings/Services/Data_Centers => 11 Geothermal || Buildings/Services/Educational => 11 Geothermal || Buildings/Services/Hospitals => 11 Geothermal || Buildings/Services/Others_Unspecified => 11 Geothermal || Buildings/Services/Service Buildings => 11 Geothermal || CHP interim/CHP interim => 11 Geothermal || CHP plants => 11 Geothermal || Demand\All demand aggregated\Other sector => 11 Geothermal || Electricity Generation => 11 Geothermal || Electricity interim/Electricity interim => 11 Geothermal || Exports => 11 Geothermal || Imports => 11 Geothermal || Industry/Manufacturing/Food beverages and tobacco => 11 Geothermal || Industry/Manufacturing/Non specified industry => 11 Geothermal || Other sector => 11 Geothermal || Other sector/Agriculture => 11 Geothermal || Other sector/Fishing => 11 Geothermal || Other sector/Non specified others => 11 Geothermal || Power => 11 Geothermal || Production => 11 Geothermal || Total Primary Supply => 11 Geothermal || Total final consumption => 11 Geothermal || Total final energy consumption => 11 Geothermal || Total transformation - no transfers => 11 Geothermal,False,unresolved_flow_qualified_product_semantics
leap_to_esto,BOTH,LEAP,Heat,ESTO,54,2,Agriculture and fishing => 18 Heat || Buildings => 17 Electricity || Buildings/Residential => 18 Heat || Buildings/Services => 18 Heat || Buildings/Services/Data_Centers => 18 Heat || Buildings/Services/Educational => 18 Heat || Buildings/Services/Hospitals => 18 Heat || Buildings/Services/Others_Unspecified => 18 Heat || Buildings/Services/Service Buildings => 18 Heat || CHP interim/CHP interim => 18 Heat || CHP plants => 18 Heat || Chemical heat for electricity production/Chemical heat for electricity production => 18 Heat || Coke ovens/Coke ovens => 18 Heat || Demand\All demand aggregated\Other sector => 18 Heat || Electric boilers/Electric boilers => 18 Heat || Electricity Generation => 18 Heat || Electricity interim/Electricity interim => 18 Heat || Exports => 18 Heat || Gas processing plants => 18 Heat || Gas works plants/Gas works plants => 18 Heat || Heat plant interim/Heat plant interim => 18 Heat || Heat plants => 18 Heat || Imports => 18 Heat || Industry => 18 Heat || Industry/Construction => 18 Heat || Industry/Manufacturing => 18 Heat || Industry/Manufacturing/Chemical => 18 Heat || Industry/Manufacturing/Food beverages and tobacco => 18 Heat || Industry/Manufacturing/Iron and steel => 18 Heat || Industry/Manufacturing/Machinery => 18 Heat || Industry/Manufacturing/Non ferrous metals => 18 Heat || Industry/Manufacturing/Non metallic mineral products => 18 Heat || Industry/Manufacturing/Non specified industry => 18 Heat || Industry/Manufacturing/Pulp paper and printing => 18 Heat || Industry/Manufacturing/Textiles and leather => 18 Heat || Industry/Manufacturing/Transportation equipment => 18 Heat || Industry/Manufacturing/Wood and wood products => 18 Heat || Industry/Mining and quarrying => 18 Heat || Oil Refining/Oil Refining => 18 Heat || Other loss and own use/Coal mines => 18 Heat || Other loss and own use/Electricity CHP and heat plants => 18 Heat || Other loss and own use/Non specified own uses => 18 Heat || Other loss and own use/Oil and gas extraction => 18 Heat || Other loss and own use/Transmission and distribution loss => 18 Heat || Other sector => 18 Heat || Other sector/Agriculture => 18 Heat || Other sector/Fishing => 18 Heat || Other sector/Non specified others => 18 Heat || Power => 18 Heat || Production => 18 Heat || Total Primary Supply => 18 Heat || Total final consumption => 18 Heat || Total final energy consumption => 18 Heat || Total transformation - no transfers => 18 Heat,False,unresolved_flow_qualified_product_semantics
leap_to_esto,BOTH,LEAP,Hydrogen,ESTO,45,2,Agriculture and fishing => 16.12 Hydrogen || Buildings => 16.06 Biodiesel || Buildings/Services => 16.12 Hydrogen || Buildings/Services/Data_Centers => 16.12 Hydrogen || Buildings/Services/Educational => 16.12 Hydrogen || Buildings/Services/Hospitals => 16.12 Hydrogen || Buildings/Services/Others_Unspecified => 16.12 Hydrogen || Buildings/Services/Service Buildings => 16.12 Hydrogen || CHP interim/CHP interim => 16.12 Hydrogen || Electricity Generation => 16.12 Hydrogen || Electricity interim/Electricity interim => 16.12 Hydrogen || Exports => 16.12 Hydrogen || Hydrogen transformation => 16.12 Hydrogen || Hydrogen transformation/Electrolysers => 16.12 Hydrogen || Hydrogen transformation/SMR with CCS => 16.12 Hydrogen || Imports => 16.12 Hydrogen || Industry => 16.12 Hydrogen || Industry/Manufacturing => 16.12 Hydrogen || Industry/Manufacturing/Chemical => 16.12 Hydrogen || Industry/Manufacturing/Iron and steel => 16.12 Hydrogen || Industry/Manufacturing/Non ferrous metals => 16.12 Hydrogen || Industry/Manufacturing/Non metallic mineral products => 16.12 Hydrogen || Industry/Manufacturing/Non specified industry => 16.12 Hydrogen || Industry/Mining and quarrying => 16.12 Hydrogen || International transport => 16.12 Hydrogen || Non-energy use => 16.12 Hydrogen || Other sector => 16.12 Hydrogen || Other sector/Agriculture => 16.12 Hydrogen || Other sector/Fishing => 16.12 Hydrogen || Power => 16.12 Hydrogen || Production => 16.12 Hydrogen || Road => 16.12 Hydrogen || Total Primary Supply => 16.12 Hydrogen || Total final consumption => 16.12 Hydrogen || Total final energy consumption => 16.12 Hydrogen || Total transformation - no transfers => 16.12 Hydrogen || Transport => 16.12 Hydrogen || Transport non road => 16.12 Hydrogen || Transport non road/Freight non road/Air => 16.12 Hydrogen || Transport non road/Freight non road/Rail => 16.12 Hydrogen || Transport non road/Freight non road/Shipping => 16.12 Hydrogen || Transport non road/International transport/Air => 16.12 Hydrogen || Transport non road/Passenger non road/Air => 16.12 Hydrogen || Transport non road/Passenger non road/Rail => 16.12 Hydrogen || Transport non road/Passenger non road/Shipping => 16.12 Hydrogen,False,unresolved_flow_qualified_product_semantics
leap_to_esto,BOTH,LEAP,Industrial waste,ESTO,49,2,Agriculture and fishing => 16.02 Industrial waste || BKB and PB plants/BKB and PB plants => 16.02 Industrial waste || Buildings => 16.01 Biogas || Buildings/Services => 16.02 Industrial waste || Buildings/Services/Data_Centers => 16.02 Industrial waste || Buildings/Services/Educational => 16.02 Industrial waste || Buildings/Services/Hospitals => 16.02 Industrial waste || Buildings/Services/Others_Unspecified => 16.02 Industrial waste || Buildings/Services/Service Buildings => 16.02 Industrial waste || CHP interim/CHP interim => 16.02 Industrial waste || CHP plants => 16.02 Industrial waste || Coal transformation => 16.02 Industrial waste || Coke ovens/Coke ovens => 16.02 Industrial waste || Demand\All demand aggregated\Other sector => 16.02 Industrial waste || Electricity Generation => 16.02 Industrial waste || Electricity interim/Electricity interim => 16.02 Industrial waste || Exports => 16.02 Industrial waste || Heat plant interim/Heat plant interim => 16.02 Industrial waste || Heat plants => 16.02 Industrial waste || Imports => 16.02 Industrial waste || Industry => 16.02 Industrial waste || Industry/Construction => 16.02 Industrial waste || Industry/Manufacturing => 16.02 Industrial waste || Industry/Manufacturing/Chemical => 16.02 Industrial waste || Industry/Manufacturing/Food beverages and tobacco => 16.02 Industrial waste || Industry/Manufacturing/Iron and steel => 16.02 Industrial waste || Industry/Manufacturing/Machinery => 16.02 Industrial waste || Industry/Manufacturing/Non ferrous metals => 16.02 Industrial waste || Industry/Manufacturing/Non metallic mineral products => 16.02 Industrial waste || Industry/Manufacturing/Non specified industry => 16.02 Industrial waste || Industry/Manufacturing/Pulp paper and printing => 16.02 Industrial waste || Industry/Manufacturing/Textiles and leather => 16.02 Industrial waste || Industry/Manufacturing/Transportation equipment => 16.02 Industrial waste || Industry/Manufacturing/Wood and wood products => 16.02 Industrial waste || Industry/Mining and quarrying => 16.02 Industrial waste || Liquefaction coal to oil/Liquefaction coal to oil => 16.02 Industrial waste || Non-energy use => 16.02 Industrial waste || Oil Refining/Oil Refining => 16.02 Industrial waste || Other sector => 16.02 Industrial waste || Other sector/Agriculture => 16.02 Industrial waste || Other sector/Fishing => 16.02 Industrial waste || Other sector/Non specified others => 16.02 Industrial waste || Patent fuel plants/Patent fuel plants => 16.02 Industrial waste || Power => 16.02 Industrial waste || Production => 16.02 Industrial waste || Total Primary Supply => 16.02 Industrial waste || Total final consumption => 16.02 Industrial waste || Total final energy consumption => 16.02 Industrial waste || Total transformation - no transfers => 16.02 Industrial waste,False,unresolved_flow_qualified_product_semantics
leap_to_esto,BOTH,LEAP,Kerosene,ESTO,68,2,Agriculture and fishing => 07.06 Kerosene || BKB and PB plants/BKB and PB plants => 07.06 Kerosene || Buildings => 07.05 Kerosene type jet fuel || Buildings/Residential => 07.06 Kerosene || Buildings/Services => 07.06 Kerosene || Buildings/Services/Data_Centers => 07.06 Kerosene || Buildings/Services/Educational => 07.06 Kerosene || Buildings/Services/Hospitals => 07.06 Kerosene || Buildings/Services/Others_Unspecified => 07.06 Kerosene || Buildings/Services/Service Buildings => 07.06 Kerosene || CHP interim/CHP interim => 07.06 Kerosene || CHP plants => 07.06 Kerosene || Coal transformation => 07.06 Kerosene || Coke ovens/Coke ovens => 07.06 Kerosene || Demand\All demand aggregated\International transport => 07.06 Kerosene || Demand\All demand aggregated\Other sector => 07.06 Kerosene || Demand\All demand aggregated\Road => 07.06 Kerosene || Demand\All demand aggregated\Transport non road => 07.06 Kerosene || Electricity Generation => 07.06 Kerosene || Electricity interim/Electricity interim => 07.06 Kerosene || Exports => 07.06 Kerosene || Gas processing plants => 07.06 Kerosene || Gas to liquids plants/Gas to liquids plants => 07.06 Kerosene || Heat plant interim/Heat plant interim => 07.06 Kerosene || Heat plants => 07.06 Kerosene || Imports => 07.06 Kerosene || Industry => 07.06 Kerosene || Industry/Construction => 07.06 Kerosene || Industry/Manufacturing => 07.06 Kerosene || Industry/Manufacturing/Chemical => 07.06 Kerosene || Industry/Manufacturing/Food beverages and tobacco => 07.06 Kerosene || Industry/Manufacturing/Iron and steel => 07.06 Kerosene || Industry/Manufacturing/Machinery => 07.06 Kerosene || Industry/Manufacturing/Non ferrous metals => 07.06 Kerosene || Industry/Manufacturing/Non metallic mineral products => 07.06 Kerosene || Industry/Manufacturing/Non specified industry => 07.06 Kerosene || Industry/Manufacturing/Pulp paper and printing => 07.06 Kerosene || Industry/Manufacturing/Textiles and leather => 07.06 Kerosene || Industry/Manufacturing/Transportation equipment => 07.06 Kerosene || Industry/Manufacturing/Wood and wood products => 07.06 Kerosene || Industry/Mining and quarrying => 07.06 Kerosene || Liquefaction coal to oil/Liquefaction coal to oil => 07.06 Kerosene || Liquefaction/regasification plants => 07.06 Kerosene || Natural gas blending plants/Natural gas blending plants => 07.06 Kerosene || Non specified transformation/Non specified transformation => 07.06 Kerosene || Non-energy use => 07.06 Kerosene || Oil Refining/Oil Refining => 07.06 Kerosene || Other loss and own use/Coal mines => 07.06 Kerosene || Other loss and own use/Electricity CHP and heat plants => 07.06 Kerosene || Other loss and own use/Non specified own uses => 07.06 Kerosene || Other loss and own use/Oil and gas extraction => 07.06 Kerosene || Other sector => 07.06 Kerosene || Other sector/Agriculture => 07.06 Kerosene || Other sector/Fishing => 07.06 Kerosene || Other sector/Non specified others => 07.06 Kerosene || Patent fuel plants/Patent fuel plants => 07.06 Kerosene || Power => 07.06 Kerosene || Production => 07.06 Kerosene || Road => 07.06 Kerosene || Total Primary Supply => 07.06 Kerosene || Total final consumption => 07.06 Kerosene || Total final energy consumption => 07.06 Kerosene || Total transformation - no transfers => 07.06 Kerosene || Transfers => 07.06 Kerosene || Transport non road => 07.06 Kerosene || Transport non road/Freight non road/Shipping => 07.06 Kerosene || Transport non road/Nonspecified transport => 07.06 Kerosene || Transport non road/Passenger non road/Shipping => 07.06 Kerosene,False,unresolved_flow_qualified_product_semantics
leap_to_esto,BOTH,LEAP,Kerosene type jet fuel,ESTO,46,2,Agriculture and fishing => 07.05 Kerosene type jet fuel || Buildings => 07.02 Aviation gasoline || Buildings/Services => 07.05 Kerosene type jet fuel || Buildings/Services/Data_Centers => 07.05 Kerosene type jet fuel || Buildings/Services/Educational => 07.05 Kerosene type jet fuel || Buildings/Services/Hospitals => 07.05 Kerosene type jet fuel || Buildings/Services/Others_Unspecified => 07.05 Kerosene type jet fuel || Buildings/Services/Service Buildings => 07.05 Kerosene type jet fuel || Demand\All demand aggregated\International transport => 07.05 Kerosene type jet fuel || Demand\All demand aggregated\Other sector => 07.05 Kerosene type jet fuel || Demand\All demand aggregated\Transport non road => 07.05 Kerosene type jet fuel || Electricity Generation => 07.05 Kerosene type jet fuel || Electricity interim/Electricity interim => 07.05 Kerosene type jet fuel || Exports => 07.05 Kerosene type jet fuel || Imports => 07.05 Kerosene type jet fuel || Industry => 07.05 Kerosene type jet fuel || Industry/Construction => 07.05 Kerosene type jet fuel || Industry/Manufacturing => 07.05 Kerosene type jet fuel || Industry/Manufacturing/Chemical => 07.05 Kerosene type jet fuel || Industry/Manufacturing/Iron and steel => 07.05 Kerosene type jet fuel || Industry/Manufacturing/Machinery => 07.05 Kerosene type jet fuel || Industry/Manufacturing/Non ferrous metals => 07.05 Kerosene type jet fuel || Industry/Manufacturing/Non metallic mineral products => 07.05 Kerosene type jet fuel || Industry/Manufacturing/Non specified industry => 07.05 Kerosene type jet fuel || Industry/Manufacturing/Pulp paper and printing => 07.05 Kerosene type jet fuel || Industry/Manufacturing/Transportation equipment => 07.05 Kerosene type jet fuel || Industry/Mining and quarrying => 07.05 Kerosene type jet fuel || International transport => 07.05 Kerosene type jet fuel || Oil Refining/Oil Refining => 07.05 Kerosene type jet fuel || Other sector => 07.05 Kerosene type jet fuel || Other sector/Agriculture => 07.05 Kerosene type jet fuel || Other sector/Fishing => 07.05 Kerosene type jet fuel || Other sector/Non specified others => 07.05 Kerosene type jet fuel || Power => 07.05 Kerosene type jet fuel || Production => 07.05 Kerosene type jet fuel || Total Primary Supply => 07.05 Kerosene type jet fuel || Total final consumption => 07.05 Kerosene type jet fuel || Total final energy consumption => 07.05 Kerosene type jet fuel || Total transformation - no transfers => 07.05 Kerosene type jet fuel || Transfers => 07.05 Kerosene type jet fuel || Transport => 07.05 Kerosene type jet fuel || Transport non road => 07.05 Kerosene type jet fuel || Transport non road/Freight non road/Air => 07.05 Kerosene type jet fuel || Transport non road/International transport/Air => 07.05 Kerosene type jet fuel || Transport non road/Nonspecified transport => 07.05 Kerosene type jet fuel || Transport non road/Passenger non road/Air => 07.05 Kerosene type jet fuel,False,unresolved_flow_qualified_product_semantics
leap_to_esto,BOTH,LEAP,LPG,ESTO,78,2,Agriculture and fishing => 07.09 LPG || BKB and PB plants/BKB and PB plants => 07.09 LPG || Buildings => 07.08 Fuel oil || Buildings/Residential => 07.09 LPG || Buildings/Services => 07.09 LPG || Buildings/Services/Data_Centers => 07.09 LPG || Buildings/Services/Educational => 07.09 LPG || Buildings/Services/Hospitals => 07.09 LPG || Buildings/Services/Others_Unspecified => 07.09 LPG || Buildings/Services/Service Buildings => 07.09 LPG || CHP interim/CHP interim => 07.09 LPG || CHP plants => 07.09 LPG || Coal transformation => 07.09 LPG || Coke ovens/Coke ovens => 07.09 LPG || Demand\All demand aggregated\International transport => 07.09 LPG || Demand\All demand aggregated\Other sector => 07.09 LPG || Demand\All demand aggregated\Road => 07.09 LPG || Demand\All demand aggregated\Transport non road => 07.09 LPG || Electricity Generation => 07.09 LPG || Electricity interim/Electricity interim => 07.09 LPG || Exports => 07.09 LPG || Gas processing plants => 07.09 LPG || Gas to liquids plants/Gas to liquids plants => 07.09 LPG || Gas works plants/Gas works plants => 07.09 LPG || Heat plant interim/Heat plant interim => 07.09 LPG || Heat plants => 07.09 LPG || Imports => 07.09 LPG || Industry => 07.09 LPG || Industry/Construction => 07.09 LPG || Industry/Manufacturing => 07.09 LPG || Industry/Manufacturing/Chemical => 07.09 LPG || Industry/Manufacturing/Food beverages and tobacco => 07.09 LPG || Industry/Manufacturing/Iron and steel => 07.09 LPG || Industry/Manufacturing/Machinery => 07.09 LPG || Industry/Manufacturing/Non ferrous metals => 07.09 LPG || Industry/Manufacturing/Non metallic mineral products => 07.09 LPG || Industry/Manufacturing/Non specified industry => 07.09 LPG || Industry/Manufacturing/Pulp paper and printing => 07.09 LPG || Industry/Manufacturing/Textiles and leather => 07.09 LPG || Industry/Manufacturing/Transportation equipment => 07.09 LPG || Industry/Manufacturing/Wood and wood products => 07.09 LPG || Industry/Mining and quarrying => 07.09 LPG || International transport => 07.09 LPG || LNG regasification/Regasification => 07.09 LPG || Liquefaction coal to oil/Liquefaction coal to oil => 07.09 LPG || NG Liquefaction/Liquefaction => 07.09 LPG || Natural gas blending plants/Natural gas blending plants => 07.09 LPG || Non specified transformation/Non specified transformation => 07.09 LPG || Non-energy use => 07.09 LPG || Oil Refining/Oil Refining => 07.09 LPG || Other loss and own use/Coal mines => 07.09 LPG || Other loss and own use/Electricity CHP and heat plants => 07.09 LPG || Other loss and own use/Non specified own uses => 07.09 LPG || Other loss and own use/Oil and gas extraction => 07.09 LPG || Other loss and own use/Transmission and distribution loss => 07.09 LPG || Other sector => 07.09 LPG || Other sector/Agriculture => 07.09 LPG || Other sector/Fishing => 07.09 LPG || Other sector/Non specified others => 07.09 LPG || Patent fuel plants/Patent fuel plants => 07.09 LPG || Petrochemical industry/Petrochemical industry => 07.09 LPG || Power => 07.09 LPG || Production => 07.09 LPG || Road => 07.09 LPG || Total Primary Supply => 07.09 LPG || Total final consumption => 07.09 LPG || Total final energy consumption => 07.09 LPG || Total transformation - no transfers => 07.09 LPG || Transfers => 07.09 LPG || Transport => 07.09 LPG || Transport non road => 07.09 LPG || Transport non road/Freight non road/Rail => 07.09 LPG || Transport non road/Freight non road/Shipping => 07.09 LPG || Transport non road/International transport/Shipping => 07.09 LPG || Transport non road/Nonspecified transport => 07.09 LPG || Transport non road/Passenger non road/Rail => 07.09 LPG || Transport non road/Passenger non road/Shipping => 07.09 LPG || Transport non road/Pipeline transport => 07.09 LPG,False,unresolved_flow_qualified_product_semantics
leap_to_esto,BOTH,LEAP,Lignite,ESTO,49,2,Agriculture and fishing => 01.05 Lignite || BKB and PB plants/BKB and PB plants => 01.05 Lignite || Buildings => 01.04 Anthracite || Buildings/Residential => 01.05 Lignite || Buildings/Services => 01.05 Lignite || Buildings/Services/Data_Centers => 01.05 Lignite || Buildings/Services/Educational => 01.05 Lignite || Buildings/Services/Hospitals => 01.05 Lignite || Buildings/Services/Others_Unspecified => 01.05 Lignite || Buildings/Services/Service Buildings => 01.05 Lignite || CHP interim/CHP interim => 01.05 Lignite || CHP plants => 01.05 Lignite || Coal transformation => 01.05 Lignite || Coke ovens/Coke ovens => 01.05 Lignite || Demand\All demand aggregated\Other sector => 01.05 Lignite || Electricity Generation => 01.05 Lignite || Electricity interim/Electricity interim => 01.05 Lignite || Exports => 01.05 Lignite || Gas processing plants => 01.05 Lignite || Gas works plants/Gas works plants => 01.05 Lignite || Heat plant interim/Heat plant interim => 01.05 Lignite || Heat plants => 01.05 Lignite || Imports => 01.05 Lignite || Industry => 01.05 Lignite || Industry/Construction => 01.05 Lignite || Industry/Manufacturing => 01.05 Lignite || Industry/Manufacturing/Chemical => 01.05 Lignite || Industry/Manufacturing/Food beverages and tobacco => 01.05 Lignite || Industry/Manufacturing/Machinery => 01.05 Lignite || Industry/Manufacturing/Non ferrous metals => 01.05 Lignite || Industry/Manufacturing/Non metallic mineral products => 01.05 Lignite || Industry/Manufacturing/Non specified industry => 01.05 Lignite || Industry/Manufacturing/Pulp paper and printing => 01.05 Lignite || Industry/Manufacturing/Textiles and leather => 01.05 Lignite || Industry/Manufacturing/Transportation equipment => 01.05 Lignite || Industry/Manufacturing/Wood and wood products => 01.05 Lignite || Industry/Mining and quarrying => 01.05 Lignite || Liquefaction coal to oil/Liquefaction coal to oil => 01.05 Lignite || Non-energy use => 01.05 Lignite || Other loss and own use/Coal mines => 01.05 Lignite || Other sector => 01.05 Lignite || Other sector/Agriculture => 01.05 Lignite || Other sector/Fishing => 01.05 Lignite || Power => 01.05 Lignite || Production => 01.05 Lignite || Total Primary Supply => 01.05 Lignite || Total final consumption => 01.05 Lignite || Total final energy consumption => 01.05 Lignite || Total transformation - no transfers => 01.05 Lignite,False,unresolved_flow_qualified_product_semantics
leap_to_esto,BOTH,LEAP,Motor gasoline,ESTO,67,2,Agriculture and fishing => 07.01 Motor gasoline || Buildings => 02.08 BKB/PB || Buildings/Residential => 07.01 Motor gasoline || Buildings/Services => 07.01 Motor gasoline || Buildings/Services/Data_Centers => 07.01 Motor gasoline || Buildings/Services/Educational => 07.01 Motor gasoline || Buildings/Services/Hospitals => 07.01 Motor gasoline || Buildings/Services/Others_Unspecified => 07.01 Motor gasoline || Buildings/Services/Service Buildings => 07.01 Motor gasoline || Coke ovens/Coke ovens => 07.01 Motor gasoline || Demand\All demand aggregated\International transport => 07.01 Motor gasoline || Demand\All demand aggregated\Other sector => 07.01 Motor gasoline || Demand\All demand aggregated\Road => 07.01 Motor gasoline || Demand\All demand aggregated\Transport non road => 07.01 Motor gasoline || Electricity Generation => 07.01 Motor gasoline || Electricity interim/Electricity interim => 07.01 Motor gasoline || Exports => 07.01 Motor gasoline || Gas processing plants => 07.01 Motor gasoline || Gas works plants/Gas works plants => 07.01 Motor gasoline || Imports => 07.01 Motor gasoline || Industry => 07.01 Motor gasoline || Industry/Construction => 07.01 Motor gasoline || Industry/Manufacturing/Chemical => 07.01 Motor gasoline || Industry/Manufacturing/Food beverages and tobacco => 07.01 Motor gasoline || Industry/Manufacturing/Iron and steel => 07.01 Motor gasoline || Industry/Manufacturing/Machinery => 07.01 Motor gasoline || Industry/Manufacturing/Non ferrous metals => 07.01 Motor gasoline || Industry/Manufacturing/Non metallic mineral products => 07.01 Motor gasoline || Industry/Manufacturing/Non specified industry => 07.01 Motor gasoline || Industry/Manufacturing/Pulp paper and printing => 07.01 Motor gasoline || Industry/Manufacturing/Textiles and leather => 07.01 Motor gasoline || Industry/Manufacturing/Transportation equipment => 07.01 Motor gasoline || Industry/Manufacturing/Wood and wood products => 07.01 Motor gasoline || Industry/Mining and quarrying => 07.01 Motor gasoline || International transport => 07.01 Motor gasoline || Liquefaction/regasification plants => 07.01 Motor gasoline || Non specified transformation/Non specified transformation => 07.01 Motor gasoline || Non-energy use => 07.01 Motor gasoline || Oil Refining/Oil Refining => 07.01 Motor gasoline || Other loss and own use/Coal mines => 07.01 Motor gasoline || Other loss and own use/Electricity CHP and heat plants => 07.01 Motor gasoline || Other loss and own use/Non specified own uses => 07.01 Motor gasoline || Other loss and own use/Oil and gas extraction => 07.01 Motor gasoline || Other sector => 07.01 Motor gasoline || Other sector/Agriculture => 07.01 Motor gasoline || Other sector/Fishing => 07.01 Motor gasoline || Other sector/Non specified others => 07.01 Motor gasoline || Power => 07.01 Motor gasoline || Production => 07.01 Motor gasoline || Road => 07.01 Motor gasoline || Total Primary Supply => 07.01 Motor gasoline || Total final consumption => 07.01 Motor gasoline || Total final energy consumption => 07.01 Motor gasoline || Total transformation - no transfers => 07.01 Motor gasoline || Transfers => 07.01 Motor gasoline || Transport => 07.01 Motor gasoline || Transport non road => 07.01 Motor gasoline || Transport non road/Freight non road/Air => 07.01 Motor gasoline || Transport non road/Freight non road/Rail => 07.01 Motor gasoline || Transport non road/Freight non road/Shipping => 07.01 Motor gasoline || Transport non road/International transport/Air => 07.01 Motor gasoline || Transport non road/International transport/Shipping => 07.01 Motor gasoline || Transport non road/Nonspecified transport => 07.01 Motor gasoline || Transport non road/Passenger non road/Air => 07.01 Motor gasoline || Transport non road/Passenger non road/Rail => 07.01 Motor gasoline || Transport non road/Passenger non road/Shipping => 07.01 Motor gasoline || Transport non road/Pipeline transport => 07.01 Motor gasoline,False,unresolved_flow_qualified_product_semantics
leap_to_esto,BOTH,LEAP,Municipal solid waste non renewable,ESTO,42,2,Agriculture and fishing => 16.04 Municipal solid waste (non-renewable) || Buildings => 16.03 Municipal solid waste (renewable) || Buildings/Services => 16.04 Municipal solid waste (non-renewable) || Buildings/Services/Data_Centers => 16.04 Municipal solid waste (non-renewable) || Buildings/Services/Educational => 16.04 Municipal solid waste (non-renewable) || Buildings/Services/Hospitals => 16.04 Municipal solid waste (non-renewable) || Buildings/Services/Others_Unspecified => 16.04 Municipal solid waste (non-renewable) || Buildings/Services/Service Buildings => 16.04 Municipal solid waste (non-renewable) || CHP interim/CHP interim => 16.04 Municipal solid waste (non-renewable) || CHP plants => 16.04 Municipal solid waste (non-renewable) || Demand\All demand aggregated\Other sector => 16.04 Municipal solid waste (non-renewable) || Electricity Generation => 16.04 Municipal solid waste (non-renewable) || Electricity interim/Electricity interim => 16.04 Municipal solid waste (non-renewable) || Exports => 16.04 Municipal solid waste (non-renewable) || Heat plant interim/Heat plant interim => 16.04 Municipal solid waste (non-renewable) || Heat plants => 16.04 Municipal solid waste (non-renewable) || Imports => 16.04 Municipal solid waste (non-renewable) || Industry => 16.04 Municipal solid waste (non-renewable) || Industry/Construction => 16.04 Municipal solid waste (non-renewable) || Industry/Manufacturing => 16.04 Municipal solid waste (non-renewable) || Industry/Manufacturing/Chemical => 16.04 Municipal solid waste (non-renewable) || Industry/Manufacturing/Food beverages and tobacco => 16.04 Municipal solid waste (non-renewable) || Industry/Manufacturing/Iron and steel => 16.04 Municipal solid waste (non-renewable) || Industry/Manufacturing/Machinery => 16.04 Municipal solid waste (non-renewable) || Industry/Manufacturing/Non ferrous metals => 16.04 Municipal solid waste (non-renewable) || Industry/Manufacturing/Non metallic mineral products => 16.04 Municipal solid waste (non-renewable) || Industry/Manufacturing/Non specified industry => 16.04 Municipal solid waste (non-renewable) || Industry/Manufacturing/Pulp paper and printing => 16.04 Municipal solid waste (non-renewable) || Industry/Manufacturing/Textiles and leather => 16.04 Municipal solid waste (non-renewable) || Industry/Manufacturing/Transportation equipment => 16.04 Municipal solid waste (non-renewable) || Industry/Manufacturing/Wood and wood products => 16.04 Municipal solid waste (non-renewable) || Industry/Mining and quarrying => 16.04 Municipal solid waste (non-renewable) || Non-energy use => 16.04 Municipal solid waste (non-renewable) || Other sector => 16.04 Municipal solid waste (non-renewable) || Other sector/Agriculture => 16.04 Municipal solid waste (non-renewable) || Other sector/Fishing => 16.04 Municipal solid waste (non-renewable) || Power => 16.04 Municipal solid waste (non-renewable) || Production => 16.04 Municipal solid waste (non-renewable) || Total Primary Supply => 16.04 Municipal solid waste (non-renewable) || Total final consumption => 16.04 Municipal solid waste (non-renewable) || Total final energy consumption => 16.04 Municipal solid waste (non-renewable) || Total transformation - no transfers => 16.04 Municipal solid waste (non-renewable),False,unresolved_flow_qualified_product_semantics
leap_to_esto,BOTH,LEAP,Municipal solid waste renewable,ESTO,42,2,Agriculture and fishing => 16.03 Municipal solid waste (renewable) || Buildings => 16.02 Industrial waste || Buildings/Services => 16.03 Municipal solid waste (renewable) || Buildings/Services/Data_Centers => 16.03 Municipal solid waste (renewable) || Buildings/Services/Educational => 16.03 Municipal solid waste (renewable) || Buildings/Services/Hospitals => 16.03 Municipal solid waste (renewable) || Buildings/Services/Others_Unspecified => 16.03 Municipal solid waste (renewable) || Buildings/Services/Service Buildings => 16.03 Municipal solid waste (renewable) || CHP interim/CHP interim => 16.03 Municipal solid waste (renewable) || CHP plants => 16.03 Municipal solid waste (renewable) || Demand\All demand aggregated\Other sector => 16.03 Municipal solid waste (renewable) || Electricity Generation => 16.03 Municipal solid waste (renewable) || Electricity interim/Electricity interim => 16.03 Municipal solid waste (renewable) || Exports => 16.03 Municipal solid waste (renewable) || Heat plant interim/Heat plant interim => 16.03 Municipal solid waste (renewable) || Heat plants => 16.03 Municipal solid waste (renewable) || Imports => 16.03 Municipal solid waste (renewable) || Industry => 16.03 Municipal solid waste (renewable) || Industry/Construction => 16.03 Municipal solid waste (renewable) || Industry/Manufacturing => 16.03 Municipal solid waste (renewable) || Industry/Manufacturing/Chemical => 16.03 Municipal solid waste (renewable) || Industry/Manufacturing/Food beverages and tobacco => 16.03 Municipal solid waste (renewable) || Industry/Manufacturing/Iron and steel => 16.03 Municipal solid waste (renewable) || Industry/Manufacturing/Machinery => 16.03 Municipal solid waste (renewable) || Industry/Manufacturing/Non ferrous metals => 16.03 Municipal solid waste (renewable) || Industry/Manufacturing/Non metallic mineral products => 16.03 Municipal solid waste (renewable) || Industry/Manufacturing/Non specified industry => 16.03 Municipal solid waste (renewable) || Industry/Manufacturing/Pulp paper and printing => 16.03 Municipal solid waste (renewable) || Industry/Manufacturing/Textiles and leather => 16.03 Municipal solid waste (renewable) || Industry/Manufacturing/Transportation equipment => 16.03 Municipal solid waste (renewable) || Industry/Manufacturing/Wood and wood products => 16.03 Municipal solid waste (renewable) || Industry/Mining and quarrying => 16.03 Municipal solid waste (renewable) || Non-energy use => 16.03 Municipal solid waste (renewable) || Other sector => 16.03 Municipal solid waste (renewable) || Other sector/Agriculture => 16.03 Municipal solid waste (renewable) || Other sector/Fishing => 16.03 Municipal solid waste (renewable) || Power => 16.03 Municipal solid waste (renewable) || Production => 16.03 Municipal solid waste (renewable) || Total Primary Supply => 16.03 Municipal solid waste (renewable) || Total final consumption => 16.03 Municipal solid waste (renewable) || Total final energy consumption => 16.03 Municipal solid waste (renewable) || Total transformation - no transfers => 16.03 Municipal solid waste (renewable),False,unresolved_flow_qualified_product_semantics
leap_to_esto,BOTH,LEAP,Natural gas,ESTO,77,2,Agriculture and fishing => 08.01 Natural gas || BKB and PB plants/BKB and PB plants => 08.01 Natural gas || Blast furnaces/Blast furnaces => 08.01 Natural gas || Buildings => 07.09 LPG || Buildings/Residential => 08.01 Natural gas || Buildings/Services => 08.01 Natural gas || Buildings/Services/Data_Centers => 08.01 Natural gas || Buildings/Services/Educational => 08.01 Natural gas || Buildings/Services/Hospitals => 08.01 Natural gas || Buildings/Services/Others_Unspecified => 08.01 Natural gas || Buildings/Services/Service Buildings => 08.01 Natural gas || CHP interim/CHP interim => 08.01 Natural gas || CHP plants => 08.01 Natural gas || Coal transformation => 08.01 Natural gas || Coke ovens/Coke ovens => 08.01 Natural gas || Demand\All demand aggregated\International transport => 08.01 Natural gas || Demand\All demand aggregated\Other sector => 08.01 Natural gas || Demand\All demand aggregated\Road => 08.01 Natural gas || Demand\All demand aggregated\Transport non road => 08.01 Natural gas || Electricity Generation => 08.01 Natural gas || Electricity interim/Electricity interim => 08.01 Natural gas || Exports => 08.01 Natural gas || Gas processing plants => 08.01 Natural gas || Gas to liquids plants/Gas to liquids plants => 08.01 Natural gas || Gas works plants/Gas works plants => 08.01 Natural gas || Heat plant interim/Heat plant interim => 08.01 Natural gas || Heat plants => 08.01 Natural gas || Hydrogen transformation => 08.01 Natural gas || Hydrogen transformation/SMR with CCS => 08.01 Natural gas || Imports => 08.01 Natural gas || Industry => 08.01 Natural gas || Industry/Construction => 08.01 Natural gas || Industry/Manufacturing => 08.01 Natural gas || Industry/Manufacturing/Chemical => 08.01 Natural gas || Industry/Manufacturing/Food beverages and tobacco => 08.01 Natural gas || Industry/Manufacturing/Iron and steel => 08.01 Natural gas || Industry/Manufacturing/Machinery => 08.01 Natural gas || Industry/Manufacturing/Non ferrous metals => 08.01 Natural gas || Industry/Manufacturing/Non metallic mineral products => 08.01 Natural gas || Industry/Manufacturing/Non specified industry => 08.01 Natural gas || Industry/Manufacturing/Pulp paper and printing => 08.01 Natural gas || Industry/Manufacturing/Textiles and leather => 08.01 Natural gas || Industry/Manufacturing/Transportation equipment => 08.01 Natural gas || Industry/Manufacturing/Wood and wood products => 08.01 Natural gas || Industry/Mining and quarrying => 08.01 Natural gas || International transport => 08.01 Natural gas || LNG regasification/Regasification => 08.01 Natural gas || Liquefaction coal to oil/Liquefaction coal to oil => 08.01 Natural gas || Liquefaction/regasification plants => 08.01 Natural gas || NG Liquefaction/Liquefaction => 08.01 Natural gas || Natural gas blending plants/Natural gas blending plants => 08.01 Natural gas || Non specified transformation/Non specified transformation => 08.01 Natural gas || Non-energy use => 08.01 Natural gas || Oil Refining/Oil Refining => 08.01 Natural gas || Other loss and own use/Coal mines => 08.01 Natural gas || Other loss and own use/Electricity CHP and heat plants => 08.01 Natural gas || Other loss and own use/Liquefaction and regasification plants => 08.01 Natural gas || Other loss and own use/Non specified own uses => 08.01 Natural gas || Other loss and own use/Oil and gas extraction => 08.01 Natural gas || Other loss and own use/Transmission and distribution loss => 08.01 Natural gas || Other sector => 08.01 Natural gas || Other sector/Agriculture => 08.01 Natural gas || Other sector/Fishing => 08.01 Natural gas || Other sector/Non specified others => 08.01 Natural gas || Patent fuel plants/Patent fuel plants => 08.01 Natural gas || Power => 08.01 Natural gas || Production => 08.01 Natural gas || Road => 08.01 Natural gas || Total Primary Supply => 08.01 Natural gas || Total final consumption => 08.01 Natural gas || Total final energy consumption => 08.01 Natural gas || Total transformation - no transfers => 08.01 Natural gas || Transport => 08.01 Natural gas || Transport non road => 08.01 Natural gas || Transport non road/International transport/Shipping => 08.01 Natural gas || Transport non road/Nonspecified transport => 08.01 Natural gas || Transport non road/Pipeline transport => 08.01 Natural gas,False,unresolved_flow_qualified_product_semantics
leap_to_esto,BOTH,LEAP,Other biomass,ESTO,49,2,Agriculture and fishing => 15.05 Other biomass || Buildings => 15.03 Charcoal || Buildings/Residential => 15.05 Other biomass || Buildings/Services => 15.05 Other biomass || Buildings/Services/Data_Centers => 15.05 Other biomass || Buildings/Services/Educational => 15.05 Other biomass || Buildings/Services/Hospitals => 15.05 Other biomass || Buildings/Services/Others_Unspecified => 15.05 Other biomass || Buildings/Services/Service Buildings => 15.05 Other biomass || CHP interim/CHP interim => 15.05 Other biomass || CHP plants => 15.05 Other biomass || Charcoal processing/Charcoal processing => 15.05 Other biomass || Demand\All demand aggregated\Other sector => 15.05 Other biomass || Electricity Generation => 15.05 Other biomass || Electricity interim/Electricity interim => 15.05 Other biomass || Exports => 15.05 Other biomass || Heat plant interim/Heat plant interim => 15.05 Other biomass || Heat plants => 15.05 Other biomass || Imports => 15.05 Other biomass || Industry => 15.05 Other biomass || Industry/Construction => 15.05 Other biomass || Industry/Manufacturing => 15.05 Other biomass || Industry/Manufacturing/Chemical => 15.05 Other biomass || Industry/Manufacturing/Food beverages and tobacco => 15.05 Other biomass || Industry/Manufacturing/Iron and steel => 15.05 Other biomass || Industry/Manufacturing/Machinery => 15.05 Other biomass || Industry/Manufacturing/Non ferrous metals => 15.05 Other biomass || Industry/Manufacturing/Non metallic mineral products => 15.05 Other biomass || Industry/Manufacturing/Non specified industry => 15.05 Other biomass || Industry/Manufacturing/Pulp paper and printing => 15.05 Other biomass || Industry/Manufacturing/Textiles and leather => 15.05 Other biomass || Industry/Manufacturing/Transportation equipment => 15.05 Other biomass || Industry/Manufacturing/Wood and wood products => 15.05 Other biomass || Industry/Mining and quarrying => 15.05 Other biomass || Non specified transformation/Non specified transformation => 15.05 Other biomass || Non-energy use => 15.05 Other biomass || Other loss and own use/Electricity CHP and heat plants => 15.05 Other biomass || Other loss and own use/Non specified own uses => 15.05 Other biomass || Other loss and own use/Oil refineries => 15.05 Other biomass || Other sector => 15.05 Other biomass || Other sector/Agriculture => 15.05 Other biomass || Other sector/Fishing => 15.05 Other biomass || Other sector/Non specified others => 15.05 Other biomass || Power => 15.05 Other biomass || Production => 15.05 Other biomass || Total Primary Supply => 15.05 Other biomass || Total final consumption => 15.05 Other biomass || Total final energy consumption => 15.05 Other biomass || Total transformation - no transfers => 15.05 Other biomass,False,unresolved_flow_qualified_product_semantics
leap_to_esto,BOTH,LEAP,Other recovered gases,ESTO,44,2,Agriculture and fishing => 02.05 Other recovered gases || BKB and PB plants/BKB and PB plants => 02.05 Other recovered gases || Blast furnaces/Blast furnaces => 02.05 Other recovered gases || Buildings => 02.04 Blast furnace gas || Buildings/Services => 02.05 Other recovered gases || Buildings/Services/Data_Centers => 02.05 Other recovered gases || Buildings/Services/Educational => 02.05 Other recovered gases || Buildings/Services/Hospitals => 02.05 Other recovered gases || Buildings/Services/Others_Unspecified => 02.05 Other recovered gases || Buildings/Services/Service Buildings => 02.05 Other recovered gases || CHP interim/CHP interim => 02.05 Other recovered gases || CHP plants => 02.05 Other recovered gases || Coal transformation => 02.05 Other recovered gases || Coke ovens/Coke ovens => 02.05 Other recovered gases || Electricity Generation => 02.05 Other recovered gases || Electricity interim/Electricity interim => 02.05 Other recovered gases || Exports => 02.05 Other recovered gases || Gas works plants/Gas works plants => 02.05 Other recovered gases || Heat plant interim/Heat plant interim => 02.05 Other recovered gases || Heat plants => 02.05 Other recovered gases || Imports => 02.05 Other recovered gases || Industry => 02.05 Other recovered gases || Industry/Manufacturing => 02.05 Other recovered gases || Industry/Manufacturing/Chemical => 02.05 Other recovered gases || Industry/Manufacturing/Iron and steel => 02.05 Other recovered gases || Industry/Manufacturing/Machinery => 02.05 Other recovered gases || Industry/Manufacturing/Non ferrous metals => 02.05 Other recovered gases || Industry/Manufacturing/Non metallic mineral products => 02.05 Other recovered gases || Industry/Manufacturing/Non specified industry => 02.05 Other recovered gases || Industry/Manufacturing/Transportation equipment => 02.05 Other recovered gases || Industry/Mining and quarrying => 02.05 Other recovered gases || Liquefaction coal to oil/Liquefaction coal to oil => 02.05 Other recovered gases || Non-energy use => 02.05 Other recovered gases || Other loss and own use/Transmission and distribution loss => 02.05 Other recovered gases || Other sector => 02.05 Other recovered gases || Other sector/Agriculture => 02.05 Other recovered gases || Other sector/Fishing => 02.05 Other recovered gases || Patent fuel plants/Patent fuel plants => 02.05 Other recovered gases || Power => 02.05 Other recovered gases || Production => 02.05 Other recovered gases || Total Primary Supply => 02.05 Other recovered gases || Total final consumption => 02.05 Other recovered gases || Total final energy consumption => 02.05 Other recovered gases || Total transformation - no transfers => 02.05 Other recovered gases,False,unresolved_flow_qualified_product_semantics
leap_to_esto,BOTH,LEAP,Patent fuel,ESTO,31,2,Agriculture and fishing => 02.06 Patent fuel || BKB and PB plants/BKB and PB plants => 02.06 Patent fuel || Blast furnaces/Blast furnaces => 02.06 Patent fuel || Buildings => 02.05 Other recovered gases || Buildings/Residential => 02.06 Patent fuel || Buildings/Services => 02.06 Patent fuel || Buildings/Services/Data_Centers => 02.06 Patent fuel || Buildings/Services/Educational => 02.06 Patent fuel || Buildings/Services/Hospitals => 02.06 Patent fuel || Buildings/Services/Others_Unspecified => 02.06 Patent fuel || Buildings/Services/Service Buildings => 02.06 Patent fuel || Coal transformation => 02.06 Patent fuel || Coke ovens/Coke ovens => 02.06 Patent fuel || Demand\All demand aggregated\Other sector => 02.06 Patent fuel || Exports => 02.06 Patent fuel || Gas works plants/Gas works plants => 02.06 Patent fuel || Imports => 02.06 Patent fuel || Industry => 02.06 Patent fuel || Industry/Manufacturing => 02.06 Patent fuel || Industry/Manufacturing/Iron and steel => 02.06 Patent fuel || Industry/Manufacturing/Non specified industry => 02.06 Patent fuel || Liquefaction coal to oil/Liquefaction coal to oil => 02.06 Patent fuel || Other sector => 02.06 Patent fuel || Other sector/Agriculture => 02.06 Patent fuel || Other sector/Fishing => 02.06 Patent fuel || Patent fuel plants/Patent fuel plants => 02.06 Patent fuel || Production => 02.06 Patent fuel || Total Primary Supply => 02.06 Patent fuel || Total final consumption => 02.06 Patent fuel || Total final energy consumption => 02.06 Patent fuel || Total transformation - no transfers => 02.06 Patent fuel,False,unresolved_flow_qualified_product_semantics
leap_to_esto,BOTH,LEAP,Peat,ESTO,17,2,BKB and PB plants/BKB and PB plants => 03 Peat || Buildings => 18 Heat || Buildings/Residential => 03 Peat || CHP interim/CHP interim => 03 Peat || CHP plants => 03 Peat || Coal transformation => 03 Peat || Demand\All demand aggregated\Other sector => 03 Peat || Exports => 03 Peat || Heat plant interim/Heat plant interim => 03 Peat || Heat plants => 03 Peat || Imports => 03 Peat || Liquefaction coal to oil/Liquefaction coal to oil => 03 Peat || Other loss and own use/Electricity CHP and heat plants => 03 Peat || Patent fuel plants/Patent fuel plants => 03 Peat || Power => 03 Peat || Production => 03 Peat || Total transformation - no transfers => 03 Peat,False,unresolved_flow_qualified_product_semantics
leap_to_esto,BOTH,LEAP,Peat products,ESTO,15,2,BKB and PB plants/BKB and PB plants => 04 Peat products || Buildings => 03 Peat || Buildings/Residential => 04 Peat products || Coal transformation => 04 Peat products || Demand\All demand aggregated\Other sector => 04 Peat products || Exports => 04 Peat products || Heat plant interim/Heat plant interim => 04 Peat products || Heat plants => 04 Peat products || Imports => 04 Peat products || Liquefaction coal to oil/Liquefaction coal to oil => 04 Peat products || Other loss and own use/Electricity CHP and heat plants => 04 Peat products || Patent fuel plants/Patent fuel plants => 04 Peat products || Power => 04 Peat products || Production => 04 Peat products || Total transformation - no transfers => 04 Peat products,False,unresolved_flow_qualified_product_semantics
leap_to_esto,BOTH,LEAP,Solar nonspecified,ESTO,25,2,Agriculture and fishing => 12.99 Solar nonspecified || Buildings => 11 Geothermal || Buildings/Residential => 12.99 Solar nonspecified || Buildings/Services => 12.99 Solar nonspecified || Buildings/Services/Data_Centers => 12.99 Solar nonspecified || Buildings/Services/Educational => 12.99 Solar nonspecified || Buildings/Services/Hospitals => 12.99 Solar nonspecified || Buildings/Services/Others_Unspecified => 12.99 Solar nonspecified || Buildings/Services/Service Buildings => 12.99 Solar nonspecified || Demand\All demand aggregated\Other sector => 12.99 Solar nonspecified || Electricity Generation => 12.99 Solar nonspecified || Electricity interim/Electricity interim => 12.99 Solar nonspecified || Exports => 12.99 Solar nonspecified || Imports => 12.99 Solar nonspecified || Industry/Manufacturing/Non specified industry => 12.99 Solar nonspecified || Other sector => 12.99 Solar nonspecified || Other sector/Agriculture => 12.99 Solar nonspecified || Other sector/Fishing => 12.99 Solar nonspecified || Other sector/Non specified others => 12.99 Solar nonspecified || Power => 12.99 Solar nonspecified || Production => 12.99 Solar nonspecified || Total Primary Supply => 12.99 Solar nonspecified || Total final consumption => 12.99 Solar nonspecified || Total final energy consumption => 12.99 Solar nonspecified || Total transformation - no transfers => 12.99 Solar nonspecified,False,unresolved_flow_qualified_product_semantics
leap_to_esto,BOTH,LEAP,Sub bituminous coal,ESTO,47,2,Agriculture and fishing => 01.03 Sub-bituminous coal || BKB and PB plants/BKB and PB plants => 01.03 Sub-bituminous coal || Buildings => 01.02 Other bituminous coal || Buildings/Residential => 01.03 Sub-bituminous coal || Buildings/Services => 01.03 Sub-bituminous coal || Buildings/Services/Data_Centers => 01.03 Sub-bituminous coal || Buildings/Services/Educational => 01.03 Sub-bituminous coal || Buildings/Services/Hospitals => 01.03 Sub-bituminous coal || Buildings/Services/Others_Unspecified => 01.03 Sub-bituminous coal || Buildings/Services/Service Buildings => 01.03 Sub-bituminous coal || CHP interim/CHP interim => 01.03 Sub-bituminous coal || CHP plants => 01.03 Sub-bituminous coal || Coal transformation => 01.03 Sub-bituminous coal || Coke ovens/Coke ovens => 01.03 Sub-bituminous coal || Demand\All demand aggregated\Other sector => 01.03 Sub-bituminous coal || Electricity Generation => 01.03 Sub-bituminous coal || Electricity interim/Electricity interim => 01.03 Sub-bituminous coal || Exports => 01.03 Sub-bituminous coal || Gas works plants/Gas works plants => 01.03 Sub-bituminous coal || Imports => 01.03 Sub-bituminous coal || Industry => 01.03 Sub-bituminous coal || Industry/Manufacturing => 01.03 Sub-bituminous coal || Industry/Manufacturing/Chemical => 01.03 Sub-bituminous coal || Industry/Manufacturing/Food beverages and tobacco => 01.03 Sub-bituminous coal || Industry/Manufacturing/Iron and steel => 01.03 Sub-bituminous coal || Industry/Manufacturing/Machinery => 01.03 Sub-bituminous coal || Industry/Manufacturing/Non ferrous metals => 01.03 Sub-bituminous coal || Industry/Manufacturing/Non metallic mineral products => 01.03 Sub-bituminous coal || Industry/Manufacturing/Non specified industry => 01.03 Sub-bituminous coal || Industry/Manufacturing/Pulp paper and printing => 01.03 Sub-bituminous coal || Industry/Manufacturing/Textiles and leather => 01.03 Sub-bituminous coal || Industry/Manufacturing/Wood and wood products => 01.03 Sub-bituminous coal || Industry/Mining and quarrying => 01.03 Sub-bituminous coal || Liquefaction coal to oil/Liquefaction coal to oil => 01.03 Sub-bituminous coal || Non-energy use => 01.03 Sub-bituminous coal || Oil Refining/Oil Refining => 01.03 Sub-bituminous coal || Other loss and own use/Coal mines => 01.03 Sub-bituminous coal || Other sector => 01.03 Sub-bituminous coal || Other sector/Agriculture => 01.03 Sub-bituminous coal || Other sector/Fishing => 01.03 Sub-bituminous coal || Patent fuel plants/Patent fuel plants => 01.03 Sub-bituminous coal || Power => 01.03 Sub-bituminous coal || Production => 01.03 Sub-bituminous coal || Total Primary Supply => 01.03 Sub-bituminous coal || Total final consumption => 01.03 Sub-bituminous coal || Total final energy consumption => 01.03 Sub-bituminous coal || Total transformation - no transfers => 01.03 Sub-bituminous coal,False,unresolved_flow_qualified_product_semantics
leap_to_ninth,NINTH,LEAP,Electricity,NINTH,92,3,Agriculture and fishing => 17_electricity || Buildings => 17_electricity || Buildings/Residential => 17_electricity || Buildings/Services => 17_electricity || Buildings/Services/Data_Centers => 17_electricity || Buildings/Services/Educational => 17_electricity || Buildings/Services/Hospitals => 17_electricity || Buildings/Services/Others_Unspecified => 17_electricity || Buildings/Services/Service Buildings => 17_electricity || CHP interim/CHP interim => 17_electricity || CHP plants => 17_electricity || Chemical heat for electricity production/Chemical heat for electricity production => 17_electricity || Coal transformation => 17_electricity || Demand\All demand aggregated\Buildings => 17_electricity || Demand\All demand aggregated\Industry => 17_electricity || Demand\All demand aggregated\Other sector => 17_electricity || Demand\All demand aggregated\Road => 17_electricity || Demand\All demand aggregated\Transport non road => 17_electricity || Electric boilers/Electric boilers => 17_electricity || Electricity Generation => 17_electricity || Electricity interim/Electricity interim => 17_electricity || Exports => 17_electricity|17_x_green_electricity || Freight road => 17_electricity || Freight road/LCVs => 17_electricity || Freight road/Trucks => 17_electricity || Freight road/Trucks/BEV heavy => 17_electricity || Gas processing plants => 17_electricity || Gas works plants/Gas works plants => 17_electricity || Heat plant interim/Heat plant interim => 17_electricity || Heat plants => 17_electricity || Hydrogen transformation => 17_electricity || Hydrogen transformation/Electrolysers => 17_x_green_electricity || Imports => 17_electricity|17_x_green_electricity || Industry => 17_electricity || Industry/Construction => 17_electricity || Industry/Manufacturing => 17_electricity || Industry/Manufacturing/Chemical => 17_electricity || Industry/Manufacturing/Food beverages and tobacco => 17_electricity || Industry/Manufacturing/Iron and steel => 17_electricity || Industry/Manufacturing/Machinery => 17_electricity || Industry/Manufacturing/Non ferrous metals => 17_electricity || Industry/Manufacturing/Non metallic mineral products => 17_electricity || Industry/Manufacturing/Non specified industry => 17_electricity || Industry/Manufacturing/Pulp paper and printing => 17_electricity || Industry/Manufacturing/Textiles and leather => 17_electricity || Industry/Manufacturing/Transportation equipment => 17_electricity || Industry/Manufacturing/Wood and wood products => 17_electricity || Industry/Mining and quarrying => 17_electricity || Liquefaction/regasification plants => 17_electricity || Non specified transformation/Non specified transformation => 17_electricity || Oil Refining/Oil Refining => 17_electricity || Other loss and own use/Coal mines => 17_electricity || Other loss and own use/Electricity CHP and heat plants => 17_electricity || Other loss and own use/Liquefaction and regasification plants => 17_electricity || Other loss and own use/Non specified own uses => 17_electricity || Other loss and own use/Oil and gas extraction => 17_electricity || Other loss and own use/Pump storage plants => 17_electricity || Other loss and own use/Transmission and distribution loss => 17_electricity || Other sector => 17_electricity || Other sector/Non specified others => 17_electricity || Passenger road => 17_electricity || Passenger road/Buses => 17_electricity || Passenger road/Buses/BEV => 17_electricity || Passenger road/LPVs => 17_electricity || Passenger road/LPVs/BEV large => 17_electricity || Passenger road/LPVs/BEV medium => 17_electricity || Passenger road/LPVs/BEV small => 17_electricity || Passenger road/LPVs/PHEV large => 17_electricity || Passenger road/LPVs/PHEV medium => 17_electricity || Passenger road/LPVs/PHEV small => 17_electricity || Passenger road/Motorcycles => 17_electricity || Passenger road/Motorcycles/BEV => 17_electricity || Power => 17_electricity || Production => 17_electricity|17_x_green_electricity || Road => 17_electricity || Total Primary Supply => 17_electricity|17_x_green_electricity || Total final consumption => 17_electricity || Total final energy consumption => 17_electricity || Total transformation - no transfers => 17_electricity|17_x_green_electricity || Transmission and Distribution => 17_electricity || Transport => 17_electricity || Transport non road => 17_electricity || Transport non road/Freight non road => 17_electricity || Transport non road/Freight non road/Air => 17_electricity || Transport non road/Freight non road/Rail => 17_electricity || Transport non road/Freight non road/Shipping => 17_electricity || Transport non road/Nonspecified transport => 17_electricity || Transport non road/Passenger non road => 17_electricity || Transport non road/Passenger non road/Air => 17_electricity || Transport non road/Passenger non road/Rail => 17_electricity || Transport non road/Passenger non road/Shipping => 17_electricity || Transport non road/Pipeline transport => 17_electricity,False,unresolved_flow_qualified_product_semantics
leap_to_ninth,NINTH,LEAP,Other biomass,NINTH,51,2,Agriculture and fishing => 15_05_other_biomass || Buildings => 15_05_other_biomass || Buildings/Residential => 15_05_other_biomass || Buildings/Services => 15_05_other_biomass || Buildings/Services/Data_Centers => 15_05_other_biomass || Buildings/Services/Educational => 15_05_other_biomass || Buildings/Services/Hospitals => 15_05_other_biomass || Buildings/Services/Others_Unspecified => 15_05_other_biomass || Buildings/Services/Service Buildings => 15_05_other_biomass || CHP interim/CHP interim => 15_05_other_biomass || CHP plants => 15_05_other_biomass || Charcoal processing/Charcoal processing => 15_05_other_biomass || Demand\All demand aggregated\Buildings => 15_05_other_biomass || Demand\All demand aggregated\Industry => 15_05_other_biomass || Demand\All demand aggregated\Other sector => 15_05_other_biomass || Electricity Generation => 15_05_other_biomass || Electricity interim/Electricity interim => 15_05_other_biomass || Exports => 15_05_other_biomass || Heat plant interim/Heat plant interim => 15_05_other_biomass || Heat plants => 15_05_other_biomass || Imports => 15_05_other_biomass || Industry => 15_05_other_biomass || Industry/Construction => 15_05_other_biomass || Industry/Manufacturing => 15_05_other_biomass || Industry/Manufacturing/Chemical => 15_05_other_biomass || Industry/Manufacturing/Food beverages and tobacco => 15_05_other_biomass || Industry/Manufacturing/Iron and steel => 15_05_other_biomass || Industry/Manufacturing/Machinery => 15_05_other_biomass || Industry/Manufacturing/Non ferrous metals => 15_05_other_biomass || Industry/Manufacturing/Non metallic mineral products => 15_05_other_biomass || Industry/Manufacturing/Non specified industry => 15_05_other_biomass || Industry/Manufacturing/Pulp paper and printing => 15_05_other_biomass || Industry/Manufacturing/Textiles and leather => 15_05_other_biomass || Industry/Manufacturing/Transportation equipment => 15_05_other_biomass || Industry/Manufacturing/Wood and wood products => 15_05_other_biomass || Industry/Mining and quarrying => 15_05_other_biomass || Non specified transformation/Non specified transformation => 15_05_other_biomass || Non-energy use => 15_05_other_biomass || Other loss and own use/Coal mines => 15_05_other_biomass || Other loss and own use/Electricity CHP and heat plants => 15_05_other_biomass || Other loss and own use/Non specified own uses => 15_05_other_biomass || Other loss and own use/Oil refineries => 15_05_other_biomass || Other loss and own use/Transmission and distribution loss => 15_05_other_biomass || Other sector => 15_05_other_biomass || Other sector/Non specified others => 15_05_other_biomass || Power => 15_05_other_biomass || Production => 15_05_other_biomass|15_solid_biomass_unallocated || Total Primary Supply => 15_05_other_biomass || Total final consumption => 15_05_other_biomass || Total final energy consumption => 15_05_other_biomass || Total transformation - no transfers => 15_05_other_biomass,False,unresolved_flow_qualified_product_semantics
leap_to_ninth,NINTH,LEAP,Other hydrocarbons,NINTH,11,2,Electricity interim/Electricity interim => 06_x_other_hydrocarbons || Exports => 06_x_other_hydrocarbons || Heat plant interim/Heat plant interim => 06_x_other_hydrocarbons || Imports => 06_crude_oil_and_ngl_unallocated|06_x_other_hydrocarbons || Non specified transformation/Non specified transformation => 06_x_other_hydrocarbons || Oil Refining/Oil Refining => 06_x_other_hydrocarbons || Other loss and own use/Non specified own uses => 06_x_other_hydrocarbons || Production => 06_crude_oil_and_ngl_unallocated|06_x_other_hydrocarbons || Total Primary Supply => 06_crude_oil_and_ngl_unallocated|06_x_other_hydrocarbons || Total transformation - no transfers => 06_x_other_hydrocarbons || Transfers => 06_x_other_hydrocarbons,False,unresolved_flow_qualified_product_semantics
leap_to_ninth,NINTH,LEAP,Other sources,NINTH,31,2,Agriculture and fishing => 16_09_other_sources || CHP interim/CHP interim => 16_09_other_sources || CHP plants => 16_09_other_sources || Electricity Generation => 16_09_other_sources || Electricity interim/Electricity interim => 16_09_other_sources || Exports => 16_09_other_sources || Heat plant interim/Heat plant interim => 16_09_other_sources || Imports => 16_09_other_sources || Industry => 16_09_other_sources || Industry/Construction => 16_09_other_sources || Industry/Manufacturing => 16_09_other_sources || Industry/Manufacturing/Chemical => 16_09_other_sources || Industry/Manufacturing/Food beverages and tobacco => 16_09_other_sources || Industry/Manufacturing/Iron and steel => 16_09_other_sources || Industry/Manufacturing/Machinery => 16_09_other_sources || Industry/Manufacturing/Non ferrous metals => 16_09_other_sources || Industry/Manufacturing/Non metallic mineral products => 16_09_other_sources || Industry/Manufacturing/Non specified industry => 16_09_other_sources || Industry/Manufacturing/Pulp paper and printing => 16_09_other_sources || Industry/Manufacturing/Transportation equipment => 16_09_other_sources || Industry/Manufacturing/Wood and wood products => 16_09_other_sources || Industry/Mining and quarrying => 16_09_other_sources || Non-energy use => 16_09_other_sources || Other sector => 16_09_other_sources || Other sector/Non specified others => 16_09_other_sources || Power => 16_09_other_sources || Production => 16_09_other_sources|16_others_unallocated || Total Primary Supply => 16_09_other_sources || Total final consumption => 16_09_other_sources || Total final energy consumption => 16_09_other_sources || Total transformation - no transfers => 16_09_other_sources,False,unresolved_flow_qualified_product_semantics
leap_to_ninth,NINTH,LEAP,Solar nonspecified,NINTH,23,2,Buildings => 12_solar_unallocated|12_x_other_solar || Buildings/Residential => 12_solar_unallocated|12_x_other_solar || Buildings/Services => 12_solar_unallocated|12_x_other_solar || Buildings/Services/Data_Centers => 12_solar_unallocated|12_x_other_solar || Buildings/Services/Educational => 12_solar_unallocated|12_x_other_solar || Buildings/Services/Hospitals => 12_solar_unallocated|12_x_other_solar || Buildings/Services/Others_Unspecified => 12_solar_unallocated|12_x_other_solar || Buildings/Services/Service Buildings => 12_solar_unallocated|12_x_other_solar || Demand\All demand aggregated\Buildings => 12_x_other_solar || Demand\All demand aggregated\Other sector => 12_x_other_solar || Electricity Generation => 12_solar_unallocated|12_x_other_solar || Electricity interim/Electricity interim => 12_solar_unallocated|12_x_other_solar || Exports => 12_solar_unallocated|12_x_other_solar || Imports => 12_solar_unallocated|12_x_other_solar || Industry/Manufacturing/Non specified industry => 12_solar_unallocated|12_x_other_solar || Industry/Mining and quarrying => 12_x_other_solar || Other sector/Non specified others => 12_solar_unallocated|12_x_other_solar || Power => 12_solar_unallocated|12_x_other_solar || Production => 12_solar_unallocated|12_x_other_solar || Total Primary Supply => 12_solar_unallocated|12_x_other_solar || Total final consumption => 12_solar_unallocated|12_x_other_solar || Total final energy consumption => 12_solar_unallocated|12_x_other_solar || Total transformation - no transfers => 12_solar_unallocated|12_x_other_solar,False,unresolved_flow_qualified_product_semantics
ninth_to_esto,BOTH,NINTH,01_x_thermal_coal,ESTO,50,3,"01_production => 01.02 Other bituminous coal|01.03 Sub-bituminous coal|01.04 Anthracite || 02_imports => 01.02 Other bituminous coal|01.03 Sub-bituminous coal|01.04 Anthracite || 03_exports => 01.02 Other bituminous coal|01.03 Sub-bituminous coal|01.04 Anthracite || 07_total_primary_energy_supply => 01.02 Other bituminous coal|01.03 Sub-bituminous coal|01.04 Anthracite || 09_01-09_02,09_x Power sector => 01.02 Other bituminous coal|01.03 Sub-bituminous coal|01.04 Anthracite || 09_01_electricity_plants => 01.02 Other bituminous coal|01.03 Sub-bituminous coal|01.04 Anthracite || 09_02_chp_plants => 01.02 Other bituminous coal|01.03 Sub-bituminous coal|01.04 Anthracite || 09_06_01_gas_works_plants => 01.02 Other bituminous coal|01.03 Sub-bituminous coal|01.04 Anthracite || 09_06_01_gas_works_plants_incl_own_use => 01.02 Other bituminous coal|01.03 Sub-bituminous coal|01.04 Anthracite || 09_06_gas_processing_plants => 01.02 Other bituminous coal || 09_06_gas_processing_plants_incl_own_use => 01.02 Other bituminous coal || 09_08_coal_transformation => 01.02 Other bituminous coal|01.03 Sub-bituminous coal|01.04 Anthracite || 09_08_coal_transformation_incl_own_use => 01.02 Other bituminous coal|01.03 Sub-bituminous coal|01.04 Anthracite || 09_12_nonspecified_transformation => 01.02 Other bituminous coal|01.03 Sub-bituminous coal|01.04 Anthracite || 09_total_transformation_sector => 01.02 Other bituminous coal|01.03 Sub-bituminous coal|01.04 Anthracite || 09_x_heat_plants => 01.02 Other bituminous coal|01.03 Sub-bituminous coal|01.04 Anthracite || 10_01_01_electricity_chp_and_heat_plants => 01.02 Other bituminous coal || 10_01_02_gas_works_plants => 01.02 Other bituminous coal|01.03 Sub-bituminous coal|01.04 Anthracite || 10_01_06_coal_mines => 01.02 Other bituminous coal|01.03 Sub-bituminous coal|01.04 Anthracite || 10_01_11_oil_refineries => 01.02 Other bituminous coal|01.03 Sub-bituminous coal|01.04 Anthracite || 10_01_12_oil_and_gas_extraction => 01.02 Other bituminous coal|01.03 Sub-bituminous coal|01.04 Anthracite || 10_02_transmission_and_distribution_losses => 01.02 Other bituminous coal || 12_total_final_consumption => 01.02 Other bituminous coal|01.03 Sub-bituminous coal|01.04 Anthracite || 13_total_final_energy_consumption => 01.02 Other bituminous coal|01.03 Sub-bituminous coal|01.04 Anthracite || 14_01_mining_and_quarrying => 01.02 Other bituminous coal|01.03 Sub-bituminous coal|01.04 Anthracite || 14_02_construction => 01.02 Other bituminous coal|01.03 Sub-bituminous coal|01.04 Anthracite || 14_03_01_iron_and_steel => 01.02 Other bituminous coal|01.03 Sub-bituminous coal|01.04 Anthracite || 14_03_02_chemical_incl_petrochemical => 01.02 Other bituminous coal|01.03 Sub-bituminous coal|01.04 Anthracite || 14_03_03_non_ferrous_metals => 01.02 Other bituminous coal|01.03 Sub-bituminous coal|01.04 Anthracite || 14_03_04_nonmetallic_mineral_products => 01.02 Other bituminous coal|01.03 Sub-bituminous coal|01.04 Anthracite || 14_03_05_transportation_equipment => 01.02 Other bituminous coal|01.03 Sub-bituminous coal|01.04 Anthracite || 14_03_06_machinery => 01.02 Other bituminous coal|01.03 Sub-bituminous coal|01.04 Anthracite || 14_03_07_food_beverages_and_tobacco => 01.02 Other bituminous coal|01.03 Sub-bituminous coal|01.04 Anthracite || 14_03_08_pulp_paper_and_printing => 01.02 Other bituminous coal|01.03 Sub-bituminous coal|01.04 Anthracite || 14_03_09_wood_and_wood_products => 01.02 Other bituminous coal|01.03 Sub-bituminous coal|01.04 Anthracite || 14_03_10_textiles_and_leather => 01.02 Other bituminous coal|01.03 Sub-bituminous coal|01.04 Anthracite || 14_03_11_nonspecified_industry => 01.02 Other bituminous coal|01.03 Sub-bituminous coal|01.04 Anthracite || 14_03_manufacturing => 01.02 Other bituminous coal|01.03 Sub-bituminous coal|01.04 Anthracite || 14_industry_sector => 01.02 Other bituminous coal|01.03 Sub-bituminous coal|01.04 Anthracite || 15_03_rail => 01.02 Other bituminous coal|01.03 Sub-bituminous coal|01.04 Anthracite || 16_01_01_commercial_and_public_services => 01.02 Other bituminous coal|01.03 Sub-bituminous coal|01.04 Anthracite || 16_01_01_commercial_and_public_services_incl_datacentres => 01.02 Other bituminous coal|01.03 Sub-bituminous coal|01.04 Anthracite || 16_01_02_residential => 01.02 Other bituminous coal|01.03 Sub-bituminous coal|01.04 Anthracite || 16_02_agriculture_and_fishing => 01.02 Other bituminous coal|01.03 Sub-bituminous coal|01.04 Anthracite || 16_05_nonspecified_others => 01.02 Other bituminous coal|01.03 Sub-bituminous coal|01.04 Anthracite || 17_nonenergy_use => 01.02 Other bituminous coal|01.03 Sub-bituminous coal|01.04 Anthracite || 18_01_electricity_plants => 01.02 Other bituminous coal|01.03 Sub-bituminous coal|01.04 Anthracite || 18_02_chp_plants => 01.02 Other bituminous coal|01.03 Sub-bituminous coal || 19_01_chp_plants => 01.02 Other bituminous coal|01.03 Sub-bituminous coal|01.04 Anthracite || 19_02_heat_plants => 01.02 Other bituminous coal",False,unresolved_flow_qualified_product_semantics
ninth_to_esto,BOTH,NINTH,02_coal_products,ESTO,47,7,"01_production => 02.01 Coke oven coke|02.02 Gas coke|02.03 Coke oven gas|02.04 Blast furnace gas|02.05 Other recovered gases|02.06 Patent fuel|02.07 Coal tar|02.08 BKB/PB || 02_imports => 02.01 Coke oven coke|02.02 Gas coke|02.03 Coke oven gas|02.04 Blast furnace gas|02.05 Other recovered gases|02.06 Patent fuel|02.07 Coal tar|02.08 BKB/PB || 03_exports => 02.01 Coke oven coke|02.02 Gas coke|02.03 Coke oven gas|02.04 Blast furnace gas|02.05 Other recovered gases|02.06 Patent fuel|02.07 Coal tar|02.08 BKB/PB || 07_total_primary_energy_supply => 02.01 Coke oven coke|02.02 Gas coke|02.03 Coke oven gas|02.04 Blast furnace gas|02.05 Other recovered gases|02.06 Patent fuel|02.07 Coal tar|02.08 BKB/PB || 09_01-09_02,09_x Power sector => 02.01 Coke oven coke|02.02 Gas coke|02.03 Coke oven gas|02.04 Blast furnace gas|02.05 Other recovered gases|02.06 Patent fuel|02.07 Coal tar|02.08 BKB/PB || 09_01_electricity_plants => 02.01 Coke oven coke|02.02 Gas coke|02.03 Coke oven gas|02.04 Blast furnace gas|02.05 Other recovered gases|02.06 Patent fuel|02.07 Coal tar|02.08 BKB/PB || 09_02_chp_plants => 02.01 Coke oven coke|02.02 Gas coke|02.03 Coke oven gas|02.04 Blast furnace gas|02.05 Other recovered gases|02.06 Patent fuel|02.07 Coal tar|02.08 BKB/PB || 09_06_01_gas_works_plants => 02.01 Coke oven coke|02.02 Gas coke|02.03 Coke oven gas|02.04 Blast furnace gas|02.05 Other recovered gases|02.06 Patent fuel|02.07 Coal tar|02.08 BKB/PB || 09_06_01_gas_works_plants_incl_own_use => 02.01 Coke oven coke|02.02 Gas coke|02.03 Coke oven gas|02.04 Blast furnace gas|02.05 Other recovered gases|02.06 Patent fuel|02.07 Coal tar|02.08 BKB/PB || 09_06_gas_processing_plants => 02.01 Coke oven coke|02.02 Gas coke|02.03 Coke oven gas|02.04 Blast furnace gas|02.05 Other recovered gases|02.06 Patent fuel|02.07 Coal tar|02.08 BKB/PB || 09_06_gas_processing_plants_incl_own_use => 02.01 Coke oven coke|02.02 Gas coke|02.03 Coke oven gas|02.04 Blast furnace gas|02.05 Other recovered gases|02.06 Patent fuel|02.07 Coal tar|02.08 BKB/PB || 09_08_coal_transformation => 02.01 Coke oven coke|02.02 Gas coke|02.03 Coke oven gas|02.04 Blast furnace gas|02.05 Other recovered gases|02.06 Patent fuel|02.07 Coal tar|02.08 BKB/PB || 09_08_coal_transformation_incl_own_use => 02.01 Coke oven coke|02.02 Gas coke|02.03 Coke oven gas|02.04 Blast furnace gas|02.05 Other recovered gases|02.06 Patent fuel|02.07 Coal tar|02.08 BKB/PB || 09_total_transformation_sector => 02.01 Coke oven coke|02.02 Gas coke|02.03 Coke oven gas|02.04 Blast furnace gas|02.05 Other recovered gases|02.06 Patent fuel|02.07 Coal tar|02.08 BKB/PB || 09_x_heat_plants => 02.01 Coke oven coke|02.02 Gas coke|02.03 Coke oven gas|02.04 Blast furnace gas|02.05 Other recovered gases|02.06 Patent fuel|02.07 Coal tar|02.08 BKB/PB || 10_01_01_electricity_chp_and_heat_plants => 02.01 Coke oven coke|02.03 Coke oven gas|02.07 Coal tar || 10_01_02_gas_works_plants => 02.03 Coke oven gas|02.05 Other recovered gases || 10_01_05_coke_ovens => 02.01 Coke oven coke|02.02 Gas coke|02.03 Coke oven gas|02.04 Blast furnace gas|02.05 Other recovered gases|02.06 Patent fuel|02.07 Coal tar|02.08 BKB/PB || 10_01_06_coal_mines => 02.01 Coke oven coke|02.02 Gas coke|02.03 Coke oven gas|02.04 Blast furnace gas|02.05 Other recovered gases|02.06 Patent fuel|02.07 Coal tar|02.08 BKB/PB || 10_01_07_blast_furnaces => 02.01 Coke oven coke|02.02 Gas coke|02.03 Coke oven gas|02.04 Blast furnace gas|02.05 Other recovered gases|02.06 Patent fuel|02.07 Coal tar|02.08 BKB/PB || 10_02_transmission_and_distribution_losses => 02.01 Coke oven coke|02.03 Coke oven gas|02.04 Blast furnace gas|02.05 Other recovered gases || 12_total_final_consumption => 02.01 Coke oven coke|02.02 Gas coke|02.03 Coke oven gas|02.04 Blast furnace gas|02.05 Other recovered gases|02.06 Patent fuel|02.07 Coal tar|02.08 BKB/PB || 13_total_final_energy_consumption => 02.01 Coke oven coke|02.02 Gas coke|02.03 Coke oven gas|02.04 Blast furnace gas|02.05 Other recovered gases|02.06 Patent fuel|02.07 Coal tar|02.08 BKB/PB || 14_01_mining_and_quarrying => 02.01 Coke oven coke|02.02 Gas coke|02.03 Coke oven gas|02.04 Blast furnace gas|02.05 Other recovered gases|02.06 Patent fuel|02.07 Coal tar|02.08 BKB/PB || 14_02_construction => 02.01 Coke oven coke|02.02 Gas coke|02.03 Coke oven gas|02.04 Blast furnace gas|02.05 Other recovered gases|02.06 Patent fuel|02.07 Coal tar|02.08 BKB/PB || 14_03_01_iron_and_steel => 02.01 Coke oven coke|02.02 Gas coke|02.03 Coke oven gas|02.04 Blast furnace gas|02.05 Other recovered gases|02.06 Patent fuel|02.07 Coal tar|02.08 BKB/PB || 14_03_02_chemical_incl_petrochemical => 02.01 Coke oven coke|02.02 Gas coke|02.03 Coke oven gas|02.04 Blast furnace gas|02.05 Other recovered gases|02.06 Patent fuel|02.07 Coal tar|02.08 BKB/PB || 14_03_03_non_ferrous_metals => 02.01 Coke oven coke|02.02 Gas coke|02.03 Coke oven gas|02.04 Blast furnace gas|02.05 Other recovered gases|02.06 Patent fuel|02.07 Coal tar|02.08 BKB/PB || 14_03_04_nonmetallic_mineral_products => 02.01 Coke oven coke|02.02 Gas coke|02.03 Coke oven gas|02.04 Blast furnace gas|02.05 Other recovered gases|02.06 Patent fuel|02.07 Coal tar|02.08 BKB/PB || 14_03_05_transportation_equipment => 02.01 Coke oven coke|02.02 Gas coke|02.03 Coke oven gas|02.04 Blast furnace gas|02.05 Other recovered gases|02.06 Patent fuel|02.07 Coal tar|02.08 BKB/PB || 14_03_06_machinery => 02.01 Coke oven coke|02.02 Gas coke|02.03 Coke oven gas|02.04 Blast furnace gas|02.05 Other recovered gases|02.06 Patent fuel|02.07 Coal tar|02.08 BKB/PB || 14_03_07_food_beverages_and_tobacco => 02.01 Coke oven coke|02.02 Gas coke|02.03 Coke oven gas|02.04 Blast furnace gas|02.05 Other recovered gases|02.06 Patent fuel|02.07 Coal tar|02.08 BKB/PB || 14_03_08_pulp_paper_and_printing => 02.01 Coke oven coke|02.02 Gas coke|02.03 Coke oven gas|02.04 Blast furnace gas|02.05 Other recovered gases|02.06 Patent fuel|02.07 Coal tar|02.08 BKB/PB || 14_03_09_wood_and_wood_products => 02.01 Coke oven coke|02.02 Gas coke|02.03 Coke oven gas|02.04 Blast furnace gas|02.05 Other recovered gases|02.06 Patent fuel|02.07 Coal tar|02.08 BKB/PB || 14_03_10_textiles_and_leather => 02.01 Coke oven coke|02.02 Gas coke|02.03 Coke oven gas|02.04 Blast furnace gas|02.05 Other recovered gases|02.06 Patent fuel|02.07 Coal tar|02.08 BKB/PB || 14_03_11_nonspecified_industry => 02.01 Coke oven coke|02.02 Gas coke|02.03 Coke oven gas|02.04 Blast furnace gas|02.05 Other recovered gases|02.06 Patent fuel|02.07 Coal tar|02.08 BKB/PB || 14_03_manufacturing => 02.01 Coke oven coke|02.02 Gas coke|02.03 Coke oven gas|02.04 Blast furnace gas|02.05 Other recovered gases|02.06 Patent fuel|02.07 Coal tar|02.08 BKB/PB || 14_industry_sector => 02.01 Coke oven coke|02.02 Gas coke|02.03 Coke oven gas|02.04 Blast furnace gas|02.05 Other recovered gases|02.06 Patent fuel|02.07 Coal tar|02.08 BKB/PB || 15_03_rail => 02.01 Coke oven coke|02.07 Coal tar || 16_01_01_commercial_and_public_services => 02.01 Coke oven coke|02.02 Gas coke|02.03 Coke oven gas|02.04 Blast furnace gas|02.05 Other recovered gases|02.06 Patent fuel|02.07 Coal tar|02.08 BKB/PB || 16_01_01_commercial_and_public_services_incl_datacentres => 02.01 Coke oven coke|02.02 Gas coke|02.03 Coke oven gas|02.04 Blast furnace gas|02.05 Other recovered gases|02.06 Patent fuel|02.07 Coal tar|02.08 BKB/PB || 16_01_02_residential => 02.01 Coke oven coke|02.02 Gas coke|02.03 Coke oven gas|02.04 Blast furnace gas|02.05 Other recovered gases|02.06 Patent fuel|02.07 Coal tar|02.08 BKB/PB || 16_02_agriculture_and_fishing => 02.01 Coke oven coke|02.03 Coke oven gas|02.06 Patent fuel || 16_05_nonspecified_others => 02.01 Coke oven coke|02.02 Gas coke|02.03 Coke oven gas|02.04 Blast furnace gas|02.05 Other recovered gases|02.06 Patent fuel|02.07 Coal tar|02.08 BKB/PB || 17_nonenergy_use => 02.01 Coke oven coke|02.02 Gas coke|02.03 Coke oven gas|02.04 Blast furnace gas|02.05 Other recovered gases|02.06 Patent fuel|02.07 Coal tar|02.08 BKB/PB || 18_01_electricity_plants => 02.01 Coke oven coke|02.03 Coke oven gas|02.04 Blast furnace gas|02.05 Other recovered gases || 18_02_chp_plants => 02.03 Coke oven gas|02.04 Blast furnace gas",False,unresolved_flow_qualified_product_semantics
ninth_to_esto,BOTH,NINTH,06_x_other_hydrocarbons,ESTO,20,4,"01_production => 06.03 Refinery feedstocks|06.04 Additives/ oxygenates|06.05 Other hydrocarbons || 02_imports => 06.03 Refinery feedstocks|06.04 Additives/ oxygenates|06.05 Other hydrocarbons || 03_exports => 06.03 Refinery feedstocks|06.04 Additives/ oxygenates|06.05 Other hydrocarbons || 07_total_primary_energy_supply => 06.03 Refinery feedstocks|06.04 Additives/ oxygenates|06.05 Other hydrocarbons || 08_transfers => 06.03 Refinery feedstocks|06.04 Additives/ oxygenates|06.05 Other hydrocarbons || 09_01-09_02,09_x Power sector => 06.03 Refinery feedstocks|06.05 Other hydrocarbons || 09_01_electricity_plants => 06.05 Other hydrocarbons || 09_02_chp_plants => 06.03 Refinery feedstocks || 09_07_oil_refineries => 06.03 Refinery feedstocks|06.04 Additives/ oxygenates|06.05 Other hydrocarbons || 09_07_oil_refineries_incl_own_use => 06.03 Refinery feedstocks|06.04 Additives/ oxygenates|06.05 Other hydrocarbons || 09_09_petrochemical_industry => 06.03 Refinery feedstocks|06.04 Additives/ oxygenates|06.05 Other hydrocarbons || 09_12_nonspecified_transformation => 06.03 Refinery feedstocks|06.04 Additives/ oxygenates|06.05 Other hydrocarbons || 09_total_transformation_sector => 06.03 Refinery feedstocks|06.05 Other hydrocarbons || 09_x_heat_plants => 06.05 Other hydrocarbons || 10_01_11_oil_refineries => 06.03 Refinery feedstocks || 12_total_final_consumption => 06.03 Refinery feedstocks|06.04 Additives/ oxygenates|06.05 Other hydrocarbons || 14_03_02_chemical_incl_petrochemical => 06.03 Refinery feedstocks || 16_01_01_commercial_and_public_services => 06.03 Refinery feedstocks|06.04 Additives/ oxygenates|06.05 Other hydrocarbons || 16_01_01_commercial_and_public_services_incl_datacentres => 06.03 Refinery feedstocks|06.04 Additives/ oxygenates|06.05 Other hydrocarbons || 17_nonenergy_use => 06.03 Refinery feedstocks|06.04 Additives/ oxygenates|06.05 Other hydrocarbons",False,unresolved_flow_qualified_product_semantics
ninth_to_esto,BOTH,NINTH,07_x_jet_fuel,ESTO,36,2,"01_production => 07.04 Gasoline type jet fuel|07.05 Kerosene type jet fuel || 02_imports => 07.04 Gasoline type jet fuel|07.05 Kerosene type jet fuel || 03_exports => 07.04 Gasoline type jet fuel|07.05 Kerosene type jet fuel || 05_international_aviation_bunkers => 07.04 Gasoline type jet fuel|07.05 Kerosene type jet fuel || 07_total_primary_energy_supply => 07.04 Gasoline type jet fuel|07.05 Kerosene type jet fuel || 08_transfers => 07.04 Gasoline type jet fuel|07.05 Kerosene type jet fuel || 09_01-09_02,09_x Power sector => 07.05 Kerosene type jet fuel || 09_01_electricity_plants => 07.05 Kerosene type jet fuel || 09_07_oil_refineries => 07.04 Gasoline type jet fuel|07.05 Kerosene type jet fuel || 09_07_oil_refineries_incl_own_use => 07.04 Gasoline type jet fuel|07.05 Kerosene type jet fuel || 09_total_transformation_sector => 07.05 Kerosene type jet fuel || 10_01_11_oil_refineries => 07.04 Gasoline type jet fuel|07.05 Kerosene type jet fuel || 12_total_final_consumption => 07.04 Gasoline type jet fuel|07.05 Kerosene type jet fuel || 13_total_final_energy_consumption => 07.04 Gasoline type jet fuel|07.05 Kerosene type jet fuel || 14_01_mining_and_quarrying => 07.04 Gasoline type jet fuel|07.05 Kerosene type jet fuel || 14_02_construction => 07.04 Gasoline type jet fuel|07.05 Kerosene type jet fuel || 14_03_01_iron_and_steel => 07.04 Gasoline type jet fuel|07.05 Kerosene type jet fuel || 14_03_02_chemical_incl_petrochemical => 07.04 Gasoline type jet fuel|07.05 Kerosene type jet fuel || 14_03_03_non_ferrous_metals => 07.04 Gasoline type jet fuel|07.05 Kerosene type jet fuel || 14_03_04_nonmetallic_mineral_products => 07.04 Gasoline type jet fuel|07.05 Kerosene type jet fuel || 14_03_05_transportation_equipment => 07.04 Gasoline type jet fuel|07.05 Kerosene type jet fuel || 14_03_06_machinery => 07.04 Gasoline type jet fuel|07.05 Kerosene type jet fuel || 14_03_08_pulp_paper_and_printing => 07.04 Gasoline type jet fuel|07.05 Kerosene type jet fuel || 14_03_11_nonspecified_industry => 07.04 Gasoline type jet fuel|07.05 Kerosene type jet fuel || 14_03_manufacturing => 07.04 Gasoline type jet fuel|07.05 Kerosene type jet fuel || 14_industry_sector => 07.04 Gasoline type jet fuel|07.05 Kerosene type jet fuel || 15_01_domestic_air_transport => 07.04 Gasoline type jet fuel|07.05 Kerosene type jet fuel || 15_02_road => 07.05 Kerosene type jet fuel || 15_04_domestic_navigation => 07.05 Kerosene type jet fuel || 15_06_nonspecified_transport => 07.04 Gasoline type jet fuel|07.05 Kerosene type jet fuel || 15_transport_sector => 07.05 Kerosene type jet fuel || 16_01_01_commercial_and_public_services => 07.04 Gasoline type jet fuel|07.05 Kerosene type jet fuel || 16_01_01_commercial_and_public_services_incl_datacentres => 07.04 Gasoline type jet fuel|07.05 Kerosene type jet fuel || 16_02_agriculture_and_fishing => 07.05 Kerosene type jet fuel || 16_05_nonspecified_others => 07.04 Gasoline type jet fuel|07.05 Kerosene type jet fuel || 18_01_electricity_plants => 07.05 Kerosene type jet fuel",False,unresolved_flow_qualified_product_semantics
ninth_to_esto,BOTH,NINTH,07_x_other_petroleum_products,ESTO,56,11,"01_production => 07.12 White spirit SBP|07.13 Lubricants|07.14 Bitumen|07.15 Paraffin waxes|07.16 Petroleum coke|07.17 Other products || 02_imports => 07.12 White spirit SBP|07.13 Lubricants|07.14 Bitumen|07.15 Paraffin waxes|07.16 Petroleum coke|07.17 Other products || 03_exports => 07.12 White spirit SBP|07.13 Lubricants|07.14 Bitumen|07.15 Paraffin waxes|07.16 Petroleum coke|07.17 Other products || 04_international_marine_bunkers => 07.13 Lubricants|07.17 Other products || 07_total_primary_energy_supply => 07.12 White spirit SBP|07.13 Lubricants|07.14 Bitumen|07.15 Paraffin waxes|07.16 Petroleum coke|07.17 Other products || 08_transfers => 07.12 White spirit SBP|07.13 Lubricants|07.14 Bitumen|07.15 Paraffin waxes|07.16 Petroleum coke|07.17 Other products || 09_01-09_02,09_x Power sector => 07.14 Bitumen|07.16 Petroleum coke|07.17 Other products || 09_01_electricity_plants => 07.14 Bitumen|07.16 Petroleum coke|07.17 Other products || 09_02_chp_plants => 07.16 Petroleum coke|07.17 Other products || 09_06_01_gas_works_plants => 07.16 Petroleum coke || 09_06_01_gas_works_plants_incl_own_use => 07.16 Petroleum coke || 09_06_gas_processing_plants => 07.16 Petroleum coke|07.17 Other products || 09_06_gas_processing_plants_incl_own_use => 07.16 Petroleum coke|07.17 Other products || 09_07_oil_refineries => 07.12 White spirit SBP|07.13 Lubricants|07.14 Bitumen|07.15 Paraffin waxes|07.16 Petroleum coke|07.17 Other products || 09_07_oil_refineries_incl_own_use => 07.12 White spirit SBP|07.13 Lubricants|07.14 Bitumen|07.15 Paraffin waxes|07.16 Petroleum coke|07.17 Other products || 09_08_coal_transformation => 07.16 Petroleum coke|07.17 Other products || 09_08_coal_transformation_incl_own_use => 07.16 Petroleum coke|07.17 Other products || 09_09_petrochemical_industry => 07.17 Other products || 09_12_nonspecified_transformation => 07.17 Other products || 09_total_transformation_sector => 07.12 White spirit SBP|07.13 Lubricants|07.14 Bitumen|07.15 Paraffin waxes|07.16 Petroleum coke|07.17 Other products || 09_x_heat_plants => 07.16 Petroleum coke|07.17 Other products || 10_01_01_electricity_chp_and_heat_plants => 07.16 Petroleum coke|07.17 Other products || 10_01_02_gas_works_plants => 07.17 Other products || 10_01_06_coal_mines => 07.16 Petroleum coke|07.17 Other products || 10_01_11_oil_refineries => 07.12 White spirit SBP|07.13 Lubricants|07.14 Bitumen|07.16 Petroleum coke|07.17 Other products || 10_01_12_oil_and_gas_extraction => 07.16 Petroleum coke|07.17 Other products || 10_01_17_nonspecified_own_uses => 07.17 Other products || 10_02_transmission_and_distribution_losses => 07.16 Petroleum coke || 12_total_final_consumption => 07.12 White spirit SBP|07.13 Lubricants|07.14 Bitumen|07.15 Paraffin waxes|07.16 Petroleum coke|07.17 Other products || 13_total_final_energy_consumption => 07.12 White spirit SBP|07.13 Lubricants|07.14 Bitumen|07.15 Paraffin waxes|07.16 Petroleum coke|07.17 Other products || 14_01_mining_and_quarrying => 07.16 Petroleum coke|07.17 Other products || 14_02_construction => 07.17 Other products || 14_03_01_iron_and_steel => 07.12 White spirit SBP|07.15 Paraffin waxes|07.16 Petroleum coke|07.17 Other products || 14_03_02_chemical_incl_petrochemical => 07.12 White spirit SBP|07.13 Lubricants|07.14 Bitumen|07.15 Paraffin waxes|07.16 Petroleum coke|07.17 Other products || 14_03_03_non_ferrous_metals => 07.12 White spirit SBP|07.13 Lubricants|07.14 Bitumen|07.15 Paraffin waxes|07.16 Petroleum coke|07.17 Other products || 14_03_04_nonmetallic_mineral_products => 07.12 White spirit SBP|07.13 Lubricants|07.14 Bitumen|07.15 Paraffin waxes|07.16 Petroleum coke|07.17 Other products || 14_03_05_transportation_equipment => 07.12 White spirit SBP|07.15 Paraffin waxes|07.17 Other products || 14_03_06_machinery => 07.12 White spirit SBP|07.13 Lubricants|07.14 Bitumen|07.15 Paraffin waxes|07.16 Petroleum coke|07.17 Other products || 14_03_07_food_beverages_and_tobacco => 07.12 White spirit SBP|07.15 Paraffin waxes|07.17 Other products || 14_03_08_pulp_paper_and_printing => 07.12 White spirit SBP|07.13 Lubricants|07.14 Bitumen|07.15 Paraffin waxes|07.16 Petroleum coke|07.17 Other products || 14_03_09_wood_and_wood_products => 07.15 Paraffin waxes || 14_03_10_textiles_and_leather => 07.12 White spirit SBP|07.15 Paraffin waxes|07.17 Other products || 14_03_11_nonspecified_industry => 07.12 White spirit SBP|07.13 Lubricants|07.14 Bitumen|07.15 Paraffin waxes|07.16 Petroleum coke|07.17 Other products || 14_03_manufacturing => 07.12 White spirit SBP|07.13 Lubricants|07.14 Bitumen|07.15 Paraffin waxes|07.16 Petroleum coke|07.17 Other products || 14_industry_sector => 07.12 White spirit SBP|07.13 Lubricants|07.14 Bitumen|07.15 Paraffin waxes|07.16 Petroleum coke|07.17 Other products || 15_01,15_03-15_06 Transport non-road => 07.17 Other products || 15_06_nonspecified_transport => 07.17 Other products || 16_01_01_commercial_and_public_services => 07.12 White spirit SBP|07.13 Lubricants|07.14 Bitumen|07.15 Paraffin waxes|07.16 Petroleum coke|07.17 Other products || 16_01_01_commercial_and_public_services_incl_datacentres => 07.12 White spirit SBP|07.13 Lubricants|07.14 Bitumen|07.15 Paraffin waxes|07.16 Petroleum coke|07.17 Other products || 16_02_agriculture_and_fishing => 07.13 Lubricants || 16_05_nonspecified_others => 07.17 Other products || 17_nonenergy_use => 07.12 White spirit SBP|07.13 Lubricants|07.14 Bitumen|07.15 Paraffin waxes|07.16 Petroleum coke|07.17 Other products || 18_01_electricity_plants => 07.14 Bitumen|07.16 Petroleum coke|07.17 Other products || 18_02_chp_plants => 07.16 Petroleum coke|07.17 Other products || 19_01_chp_plants => 07.16 Petroleum coke|07.17 Other products || 19_02_heat_plants => 07.17 Other products",False,unresolved_flow_qualified_product_semantics
