flows,products,is_subtotal,structural_origin,structural_rule_ids,structural_parent_flow,structural_parent_product,rollup_modes,rollup_group_ids
01 Production,01.01 Coking coal,False,active_mapping,leap_combined_esto|ninth_pairs_to_esto_pairs,,,,
01 Production,01.02 Other bituminous coal,False,active_mapping,leap_combined_esto|ninth_pairs_to_esto_pairs,,,,
01 Production,01.03 Sub-bituminous coal,False,active_mapping,leap_combined_esto|ninth_pairs_to_esto_pairs,,,,
01 Production,01.04 Anthracite,False,active_mapping,leap_combined_esto|ninth_pairs_to_esto_pairs,,,,
01 Production,01.05 Lignite,False,active_mapping,leap_combined_esto|ninth_pairs_to_esto_pairs,,,,
01 Production,01.99 Coal nonspecified,False,active_mapping,leap_combined_esto|ninth_pairs_to_esto_pairs,,,,
01 Production,02.01 Coke oven coke,False,active_mapping,leap_combined_esto|ninth_pairs_to_esto_pairs,,,,
01 Production,02.02 Gas coke,False,active_mapping,leap_combined_esto|ninth_pairs_to_esto_pairs,,,,
01 Production,02.03 Coke oven gas,False,active_mapping,leap_combined_esto|ninth_pairs_to_esto_pairs,,,,
01 Production,02.04 Blast furnace gas,False,active_mapping,leap_combined_esto|ninth_pairs_to_esto_pairs,,,,
01 Production,02.05 Other recovered gases,False,active_mapping,leap_combined_esto|ninth_pairs_to_esto_pairs,,,,
01 Production,02.06 Patent fuel,False,active_mapping,leap_combined_esto|ninth_pairs_to_esto_pairs,,,,
01 Production,02.07 Coal tar,False,active_mapping,leap_combined_esto|ninth_pairs_to_esto_pairs,,,,
01 Production,02.08 BKB/PB,False,active_mapping,leap_combined_esto|ninth_pairs_to_esto_pairs,,,,
01 Production,03 Peat,False,active_mapping,leap_combined_esto|ninth_pairs_to_esto_pairs,,,,
01 Production,04 Peat products,False,active_mapping,leap_combined_esto|ninth_pairs_to_esto_pairs,,,,
01 Production,05 Oil shale and oil sands,False,active_mapping,ninth_pairs_to_esto_pairs,,,,
01 Production,06.01 Crude oil,False,active_mapping,leap_combined_esto|ninth_pairs_to_esto_pairs,,,,
01 Production,06.02 Natural gas liquids,False,active_mapping,leap_combined_esto|ninth_pairs_to_esto_pairs,,,,
01 Production,06.03 Refinery feedstocks,False,active_mapping,leap_combined_esto|ninth_pairs_to_esto_pairs,,,,
01 Production,06.04 Additives/ oxygenates,False,active_mapping,leap_combined_esto|ninth_pairs_to_esto_pairs,,,,
01 Production,06.05 Other hydrocarbons,False,active_mapping,leap_combined_esto|ninth_pairs_to_esto_pairs,,,,
01 Production,07.01 Motor gasoline,False,active_mapping,leap_combined_esto|ninth_pairs_to_esto_pairs,,,,
01 Production,07.02 Aviation gasoline,False,active_mapping,leap_combined_esto|ninth_pairs_to_esto_pairs,,,,
01 Production,07.03 Naphtha,False,active_mapping,leap_combined_esto|ninth_pairs_to_esto_pairs,,,,
01 Production,07.04 Gasoline type jet fuel,False,active_mapping,leap_combined_esto|ninth_pairs_to_esto_pairs,,,,
01 Production,07.05 Kerosene type jet fuel,False,active_mapping,leap_combined_esto|ninth_pairs_to_esto_pairs,,,,
01 Production,07.06 Kerosene,False,active_mapping,leap_combined_esto|ninth_pairs_to_esto_pairs,,,,
01 Production,07.07 Gas/diesel oil,False,active_mapping,leap_combined_esto|ninth_pairs_to_esto_pairs,,,,
01 Production,07.08 Fuel oil,False,active_mapping,leap_combined_esto|ninth_pairs_to_esto_pairs,,,,
01 Production,07.09 LPG,False,active_mapping,leap_combined_esto|ninth_pairs_to_esto_pairs,,,,
01 Production,07.10 Refinery gas (not liquefied),False,active_mapping,leap_combined_esto|ninth_pairs_to_esto_pairs,,,,
01 Production,07.11 Ethane,False,active_mapping,leap_combined_esto|ninth_pairs_to_esto_pairs,,,,
01 Production,07.12 White spirit SBP,False,active_mapping,leap_combined_esto|ninth_pairs_to_esto_pairs,,,,
01 Production,07.13 Lubricants,False,active_mapping,leap_combined_esto|ninth_pairs_to_esto_pairs,,,,
01 Production,07.14 Bitumen,False,active_mapping,leap_combined_esto|ninth_pairs_to_esto_pairs,,,,
01 Production,07.15 Paraffin waxes,False,active_mapping,leap_combined_esto|ninth_pairs_to_esto_pairs,,,,
01 Production,07.16 Petroleum coke,False,active_mapping,leap_combined_esto|ninth_pairs_to_esto_pairs,,,,
01 Production,07.17 Other products,False,active_mapping,leap_combined_esto|ninth_pairs_to_esto_pairs,,,,
01 Production,07.99 PetProd nonspecified,False,active_mapping,leap_combined_esto|ninth_pairs_to_esto_pairs,,,,
01 Production,08.01 Natural gas,False,active_mapping,leap_combined_esto|ninth_pairs_to_esto_pairs,,,,
01 Production,08.02 LNG,False,active_mapping,leap_combined_esto|ninth_pairs_to_esto_pairs,,,,
01 Production,08.03 Gas works gas,False,active_mapping,leap_combined_esto|ninth_pairs_to_esto_pairs,,,,
01 Production,08.99 Gas nonspecified,False,active_mapping,leap_combined_esto|ninth_pairs_to_esto_pairs,,,,
01 Production,09 Nuclear,False,active_mapping,leap_combined_esto|ninth_pairs_to_esto_pairs,,,,
01 Production,10 Hydro,False,active_mapping,leap_combined_esto|ninth_pairs_to_esto_pairs,,,,
01 Production,11 Geothermal,False,active_mapping,leap_combined_esto|ninth_pairs_to_esto_pairs,,,,
01 Production,12.01 of which: Photovoltaics,False,active_mapping,leap_combined_esto|ninth_pairs_to_esto_pairs,,,,
01 Production,12.99 Solar nonspecified,False,active_mapping,leap_combined_esto|ninth_pairs_to_esto_pairs,,,,
01 Production,"13 Tide, wave, ocean",False,active_mapping,ninth_pairs_to_esto_pairs,,,,
01 Production,14 Wind,False,active_mapping,leap_combined_esto|ninth_pairs_to_esto_pairs,,,,
01 Production,15.01 Fuelwood & woodwaste,False,active_mapping,leap_combined_esto|ninth_pairs_to_esto_pairs,,,,
01 Production,15.02 Bagasse,False,active_mapping,leap_combined_esto|ninth_pairs_to_esto_pairs,,,,
01 Production,15.03 Charcoal,False,active_mapping,leap_combined_esto|ninth_pairs_to_esto_pairs,,,,
01 Production,15.04 Black liquor,False,active_mapping,leap_combined_esto|ninth_pairs_to_esto_pairs,,,,
01 Production,15.05 Other biomass,False,active_mapping,leap_combined_esto|ninth_pairs_to_esto_pairs,,,,
01 Production,16.01 Biogas,False,active_mapping,leap_combined_esto|ninth_pairs_to_esto_pairs,,,,
01 Production,16.02 Industrial waste,False,active_mapping,leap_combined_esto|ninth_pairs_to_esto_pairs,,,,
01 Production,16.03 Municipal solid waste (renewable),False,active_mapping,leap_combined_esto|ninth_pairs_to_esto_pairs,,,,
01 Production,16.04 Municipal solid waste (non-renewable),False,active_mapping,leap_combined_esto|ninth_pairs_to_esto_pairs,,,,
01 Production,16.05 Biogasoline,False,active_mapping,leap_combined_esto|ninth_pairs_to_esto_pairs,,,,
01 Production,16.06 Biodiesel,False,active_mapping,leap_combined_esto|ninth_pairs_to_esto_pairs,,,,
01 Production,16.07 Bio jet kerosene,False,active_mapping,leap_combined_esto|ninth_pairs_to_esto_pairs,,,,
01 Production,16.08 Other liquid biofuels,False,active_mapping,leap_combined_esto|ninth_pairs_to_esto_pairs,,,,
01 Production,16.09 Other sources,False,active_mapping,leap_combined_esto|ninth_pairs_to_esto_pairs,,,,
01 Production,16.10 Ammonia,False,active_mapping,leap_combined_esto|ninth_pairs_to_esto_pairs,,,,
01 Production,16.11 E-fuel,False,active_mapping,leap_combined_esto|ninth_pairs_to_esto_pairs,,,,
01 Production,16.12 Hydrogen,False,active_mapping,leap_combined_esto|ninth_pairs_to_esto_pairs,,,,
01 Production,17 Electricity,False,active_mapping,leap_combined_esto|ninth_pairs_to_esto_pairs,,,,
01 Production,18 Heat,False,active_mapping,leap_combined_esto|ninth_pairs_to_esto_pairs,,,,
02 Imports,01.01 Coking coal,False,active_mapping,leap_combined_esto|ninth_pairs_to_esto_pairs,,,,
02 Imports,01.02 Other bituminous coal,False,active_mapping,leap_combined_esto|ninth_pairs_to_esto_pairs,,,,
02 Imports,01.03 Sub-bituminous coal,False,active_mapping,leap_combined_esto|ninth_pairs_to_esto_pairs,,,,
02 Imports,01.04 Anthracite,False,active_mapping,leap_combined_esto|ninth_pairs_to_esto_pairs,,,,
02 Imports,01.05 Lignite,False,active_mapping,leap_combined_esto|ninth_pairs_to_esto_pairs,,,,
02 Imports,01.99 Coal nonspecified,False,active_mapping,leap_combined_esto|ninth_pairs_to_esto_pairs,,,,
02 Imports,02.01 Coke oven coke,False,active_mapping,leap_combined_esto|ninth_pairs_to_esto_pairs,,,,
02 Imports,02.02 Gas coke,False,active_mapping,leap_combined_esto|ninth_pairs_to_esto_pairs,,,,
02 Imports,02.03 Coke oven gas,False,active_mapping,leap_combined_esto|ninth_pairs_to_esto_pairs,,,,
02 Imports,02.04 Blast furnace gas,False,active_mapping,leap_combined_esto|ninth_pairs_to_esto_pairs,,,,
02 Imports,02.05 Other recovered gases,False,active_mapping,leap_combined_esto|ninth_pairs_to_esto_pairs,,,,
02 Imports,02.06 Patent fuel,False,active_mapping,leap_combined_esto|ninth_pairs_to_esto_pairs,,,,
02 Imports,02.07 Coal tar,False,active_mapping,leap_combined_esto|ninth_pairs_to_esto_pairs,,,,
02 Imports,02.08 BKB/PB,False,active_mapping,leap_combined_esto|ninth_pairs_to_esto_pairs,,,,
02 Imports,03 Peat,False,active_mapping,leap_combined_esto|ninth_pairs_to_esto_pairs,,,,
02 Imports,04 Peat products,False,active_mapping,leap_combined_esto|ninth_pairs_to_esto_pairs,,,,
02 Imports,05 Oil shale and oil sands,False,active_mapping,ninth_pairs_to_esto_pairs,,,,
02 Imports,06.01 Crude oil,False,active_mapping,leap_combined_esto|ninth_pairs_to_esto_pairs,,,,
02 Imports,06.02 Natural gas liquids,False,active_mapping,leap_combined_esto|ninth_pairs_to_esto_pairs,,,,
02 Imports,06.03 Refinery feedstocks,False,active_mapping,leap_combined_esto|ninth_pairs_to_esto_pairs,,,,
02 Imports,06.04 Additives/ oxygenates,False,active_mapping,leap_combined_esto|ninth_pairs_to_esto_pairs,,,,
02 Imports,06.05 Other hydrocarbons,False,active_mapping,leap_combined_esto|ninth_pairs_to_esto_pairs,,,,
02 Imports,07.01 Motor gasoline,False,active_mapping,leap_combined_esto|ninth_pairs_to_esto_pairs,,,,
02 Imports,07.02 Aviation gasoline,False,active_mapping,leap_combined_esto|ninth_pairs_to_esto_pairs,,,,
02 Imports,07.03 Naphtha,False,active_mapping,leap_combined_esto|ninth_pairs_to_esto_pairs,,,,
02 Imports,07.04 Gasoline type jet fuel,False,active_mapping,leap_combined_esto|ninth_pairs_to_esto_pairs,,,,
02 Imports,07.05 Kerosene type jet fuel,False,active_mapping,leap_combined_esto|ninth_pairs_to_esto_pairs,,,,
02 Imports,07.06 Kerosene,False,active_mapping,leap_combined_esto|ninth_pairs_to_esto_pairs,,,,
02 Imports,07.07 Gas/diesel oil,False,active_mapping,leap_combined_esto|ninth_pairs_to_esto_pairs,,,,
02 Imports,07.08 Fuel oil,False,active_mapping,leap_combined_esto|ninth_pairs_to_esto_pairs,,,,
02 Imports,07.09 LPG,False,active_mapping,leap_combined_esto|ninth_pairs_to_esto_pairs,,,,
02 Imports,07.10 Refinery gas (not liquefied),False,active_mapping,leap_combined_esto|ninth_pairs_to_esto_pairs,,,,
02 Imports,07.11 Ethane,False,active_mapping,leap_combined_esto|ninth_pairs_to_esto_pairs,,,,
02 Imports,07.12 White spirit SBP,False,active_mapping,leap_combined_esto|ninth_pairs_to_esto_pairs,,,,
02 Imports,07.13 Lubricants,False,active_mapping,leap_combined_esto|ninth_pairs_to_esto_pairs,,,,
02 Imports,07.14 Bitumen,False,active_mapping,leap_combined_esto|ninth_pairs_to_esto_pairs,,,,
02 Imports,07.15 Paraffin waxes,False,active_mapping,leap_combined_esto|ninth_pairs_to_esto_pairs,,,,
02 Imports,07.16 Petroleum coke,False,active_mapping,leap_combined_esto|ninth_pairs_to_esto_pairs,,,,
02 Imports,07.17 Other products,False,active_mapping,leap_combined_esto|ninth_pairs_to_esto_pairs,,,,
02 Imports,07.99 PetProd nonspecified,False,active_mapping,leap_combined_esto|ninth_pairs_to_esto_pairs,,,,
02 Imports,08.01 Natural gas,False,active_mapping,leap_combined_esto|ninth_pairs_to_esto_pairs,,,,
02 Imports,08.02 LNG,False,active_mapping,leap_combined_esto|ninth_pairs_to_esto_pairs,,,,
02 Imports,08.03 Gas works gas,False,active_mapping,leap_combined_esto|ninth_pairs_to_esto_pairs,,,,
02 Imports,08.99 Gas nonspecified,False,active_mapping,leap_combined_esto|ninth_pairs_to_esto_pairs,,,,
02 Imports,09 Nuclear,False,active_mapping,leap_combined_esto|ninth_pairs_to_esto_pairs,,,,
02 Imports,10 Hydro,False,active_mapping,leap_combined_esto|ninth_pairs_to_esto_pairs,,,,
02 Imports,11 Geothermal,False,active_mapping,leap_combined_esto|ninth_pairs_to_esto_pairs,,,,
02 Imports,12.01 of which: Photovoltaics,False,active_mapping,leap_combined_esto|ninth_pairs_to_esto_pairs,,,,
02 Imports,12.99 Solar nonspecified,False,active_mapping,leap_combined_esto|ninth_pairs_to_esto_pairs,,,,
02 Imports,"13 Tide, wave, ocean",False,active_mapping,ninth_pairs_to_esto_pairs,,,,
02 Imports,14 Wind,False,active_mapping,leap_combined_esto|ninth_pairs_to_esto_pairs,,,,
02 Imports,15.01 Fuelwood & woodwaste,False,active_mapping,leap_combined_esto|ninth_pairs_to_esto_pairs,,,,
02 Imports,15.02 Bagasse,False,active_mapping,leap_combined_esto|ninth_pairs_to_esto_pairs,,,,
02 Imports,15.03 Charcoal,False,active_mapping,leap_combined_esto|ninth_pairs_to_esto_pairs,,,,
02 Imports,15.04 Black liquor,False,active_mapping,leap_combined_esto|ninth_pairs_to_esto_pairs,,,,
02 Imports,15.05 Other biomass,False,active_mapping,leap_combined_esto|ninth_pairs_to_esto_pairs,,,,
02 Imports,16.01 Biogas,False,active_mapping,leap_combined_esto|ninth_pairs_to_esto_pairs,,,,
02 Imports,16.02 Industrial waste,False,active_mapping,leap_combined_esto|ninth_pairs_to_esto_pairs,,,,
02 Imports,16.03 Municipal solid waste (renewable),False,active_mapping,leap_combined_esto|ninth_pairs_to_esto_pairs,,,,
02 Imports,16.04 Municipal solid waste (non-renewable),False,active_mapping,leap_combined_esto|ninth_pairs_to_esto_pairs,,,,
02 Imports,16.05 Biogasoline,False,active_mapping,leap_combined_esto|ninth_pairs_to_esto_pairs,,,,
02 Imports,16.06 Biodiesel,False,active_mapping,leap_combined_esto|ninth_pairs_to_esto_pairs,,,,
02 Imports,16.07 Bio jet kerosene,False,active_mapping,leap_combined_esto|ninth_pairs_to_esto_pairs,,,,
02 Imports,16.08 Other liquid biofuels,False,active_mapping,leap_combined_esto|ninth_pairs_to_esto_pairs,,,,
02 Imports,16.09 Other sources,False,active_mapping,leap_combined_esto|ninth_pairs_to_esto_pairs,,,,
02 Imports,16.10 Ammonia,False,active_mapping,leap_combined_esto|ninth_pairs_to_esto_pairs,,,,
02 Imports,16.11 E-fuel,False,active_mapping,leap_combined_esto|ninth_pairs_to_esto_pairs,,,,
02 Imports,16.12 Hydrogen,False,active_mapping,leap_combined_esto|ninth_pairs_to_esto_pairs,,,,
02 Imports,17 Electricity,False,active_mapping,leap_combined_esto|ninth_pairs_to_esto_pairs,,,,
02 Imports,18 Heat,False,active_mapping,leap_combined_esto|ninth_pairs_to_esto_pairs,,,,
03 Exports,01.01 Coking coal,False,active_mapping,leap_combined_esto|ninth_pairs_to_esto_pairs,,,,
03 Exports,01.02 Other bituminous coal,False,active_mapping,leap_combined_esto|ninth_pairs_to_esto_pairs,,,,
03 Exports,01.03 Sub-bituminous coal,False,active_mapping,leap_combined_esto|ninth_pairs_to_esto_pairs,,,,
03 Exports,01.04 Anthracite,False,active_mapping,leap_combined_esto|ninth_pairs_to_esto_pairs,,,,
03 Exports,01.05 Lignite,False,active_mapping,leap_combined_esto|ninth_pairs_to_esto_pairs,,,,
03 Exports,01.99 Coal nonspecified,False,active_mapping,leap_combined_esto|ninth_pairs_to_esto_pairs,,,,
03 Exports,02.01 Coke oven coke,False,active_mapping,leap_combined_esto|ninth_pairs_to_esto_pairs,,,,
03 Exports,02.02 Gas coke,False,active_mapping,leap_combined_esto|ninth_pairs_to_esto_pairs,,,,
03 Exports,02.03 Coke oven gas,False,active_mapping,leap_combined_esto|ninth_pairs_to_esto_pairs,,,,
03 Exports,02.04 Blast furnace gas,False,active_mapping,leap_combined_esto|ninth_pairs_to_esto_pairs,,,,
03 Exports,02.05 Other recovered gases,False,active_mapping,leap_combined_esto|ninth_pairs_to_esto_pairs,,,,
03 Exports,02.06 Patent fuel,False,active_mapping,leap_combined_esto|ninth_pairs_to_esto_pairs,,,,
03 Exports,02.07 Coal tar,False,active_mapping,leap_combined_esto|ninth_pairs_to_esto_pairs,,,,
03 Exports,02.08 BKB/PB,False,active_mapping,leap_combined_esto|ninth_pairs_to_esto_pairs,,,,
03 Exports,03 Peat,False,active_mapping,leap_combined_esto|ninth_pairs_to_esto_pairs,,,,
03 Exports,04 Peat products,False,active_mapping,leap_combined_esto|ninth_pairs_to_esto_pairs,,,,
03 Exports,05 Oil shale and oil sands,False,active_mapping,ninth_pairs_to_esto_pairs,,,,
03 Exports,06.01 Crude oil,False,active_mapping,leap_combined_esto|ninth_pairs_to_esto_pairs,,,,
03 Exports,06.02 Natural gas liquids,False,active_mapping,leap_combined_esto|ninth_pairs_to_esto_pairs,,,,
03 Exports,06.03 Refinery feedstocks,False,active_mapping,leap_combined_esto|ninth_pairs_to_esto_pairs,,,,
03 Exports,06.04 Additives/ oxygenates,False,active_mapping,leap_combined_esto|ninth_pairs_to_esto_pairs,,,,
03 Exports,06.05 Other hydrocarbons,False,active_mapping,leap_combined_esto,,,,
03 Exports,07.01 Motor gasoline,False,active_mapping,leap_combined_esto|ninth_pairs_to_esto_pairs,,,,
03 Exports,07.02 Aviation gasoline,False,active_mapping,leap_combined_esto|ninth_pairs_to_esto_pairs,,,,
03 Exports,07.03 Naphtha,False,active_mapping,leap_combined_esto|ninth_pairs_to_esto_pairs,,,,
03 Exports,07.04 Gasoline type jet fuel,False,active_mapping,leap_combined_esto|ninth_pairs_to_esto_pairs,,,,
03 Exports,07.05 Kerosene type jet fuel,False,active_mapping,leap_combined_esto|ninth_pairs_to_esto_pairs,,,,
03 Exports,07.06 Kerosene,False,active_mapping,leap_combined_esto|ninth_pairs_to_esto_pairs,,,,
03 Exports,07.07 Gas/diesel oil,False,active_mapping,leap_combined_esto|ninth_pairs_to_esto_pairs,,,,
03 Exports,07.08 Fuel oil,False,active_mapping,leap_combined_esto|ninth_pairs_to_esto_pairs,,,,
03 Exports,07.09 LPG,False,active_mapping,leap_combined_esto|ninth_pairs_to_esto_pairs,,,,
03 Exports,07.10 Refinery gas (not liquefied),False,active_mapping,leap_combined_esto|ninth_pairs_to_esto_pairs,,,,
03 Exports,07.11 Ethane,False,active_mapping,leap_combined_esto|ninth_pairs_to_esto_pairs,,,,
03 Exports,07.12 White spirit SBP,False,active_mapping,leap_combined_esto|ninth_pairs_to_esto_pairs,,,,
03 Exports,07.13 Lubricants,False,active_mapping,leap_combined_esto|ninth_pairs_to_esto_pairs,,,,
03 Exports,07.14 Bitumen,False,active_mapping,leap_combined_esto|ninth_pairs_to_esto_pairs,,,,
03 Exports,07.15 Paraffin waxes,False,active_mapping,leap_combined_esto|ninth_pairs_to_esto_pairs,,,,
03 Exports,07.16 Petroleum coke,False,active_mapping,leap_combined_esto|ninth_pairs_to_esto_pairs,,,,
03 Exports,07.17 Other products,False,active_mapping,leap_combined_esto|ninth_pairs_to_esto_pairs,,,,
03 Exports,07.99 PetProd nonspecified,False,active_mapping,leap_combined_esto|ninth_pairs_to_esto_pairs,,,,
03 Exports,08.01 Natural gas,False,active_mapping,leap_combined_esto|ninth_pairs_to_esto_pairs,,,,
03 Exports,08.02 LNG,False,active_mapping,leap_combined_esto|ninth_pairs_to_esto_pairs,,,,
03 Exports,08.03 Gas works gas,False,active_mapping,leap_combined_esto|ninth_pairs_to_esto_pairs,,,,
03 Exports,08.99 Gas nonspecified,False,active_mapping,leap_combined_esto|ninth_pairs_to_esto_pairs,,,,
03 Exports,09 Nuclear,False,active_mapping,leap_combined_esto|ninth_pairs_to_esto_pairs,,,,
03 Exports,10 Hydro,False,active_mapping,leap_combined_esto|ninth_pairs_to_esto_pairs,,,,
03 Exports,11 Geothermal,False,active_mapping,leap_combined_esto|ninth_pairs_to_esto_pairs,,,,
03 Exports,12.01 of which: Photovoltaics,False,active_mapping,leap_combined_esto|ninth_pairs_to_esto_pairs,,,,
03 Exports,12.99 Solar nonspecified,False,active_mapping,leap_combined_esto|ninth_pairs_to_esto_pairs,,,,
03 Exports,"13 Tide, wave, ocean",False,active_mapping,ninth_pairs_to_esto_pairs,,,,
03 Exports,14 Wind,False,active_mapping,leap_combined_esto|ninth_pairs_to_esto_pairs,,,,
03 Exports,15.01 Fuelwood & woodwaste,False,active_mapping,leap_combined_esto|ninth_pairs_to_esto_pairs,,,,
03 Exports,15.02 Bagasse,False,active_mapping,leap_combined_esto|ninth_pairs_to_esto_pairs,,,,
03 Exports,15.03 Charcoal,False,active_mapping,leap_combined_esto|ninth_pairs_to_esto_pairs,,,,
03 Exports,15.04 Black liquor,False,active_mapping,leap_combined_esto|ninth_pairs_to_esto_pairs,,,,
03 Exports,15.05 Other biomass,False,active_mapping,leap_combined_esto|ninth_pairs_to_esto_pairs,,,,
03 Exports,16.01 Biogas,False,active_mapping,leap_combined_esto|ninth_pairs_to_esto_pairs,,,,
03 Exports,16.02 Industrial waste,False,active_mapping,leap_combined_esto|ninth_pairs_to_esto_pairs,,,,
03 Exports,16.03 Municipal solid waste (renewable),False,active_mapping,leap_combined_esto|ninth_pairs_to_esto_pairs,,,,
03 Exports,16.04 Municipal solid waste (non-renewable),False,active_mapping,leap_combined_esto|ninth_pairs_to_esto_pairs,,,,
03 Exports,16.05 Biogasoline,False,active_mapping,leap_combined_esto|ninth_pairs_to_esto_pairs,,,,
03 Exports,16.06 Biodiesel,False,active_mapping,leap_combined_esto|ninth_pairs_to_esto_pairs,,,,
03 Exports,16.07 Bio jet kerosene,False,active_mapping,leap_combined_esto|ninth_pairs_to_esto_pairs,,,,
03 Exports,16.08 Other liquid biofuels,False,active_mapping,leap_combined_esto|ninth_pairs_to_esto_pairs,,,,
03 Exports,16.09 Other sources,False,active_mapping,leap_combined_esto|ninth_pairs_to_esto_pairs,,,,
03 Exports,16.10 Ammonia,False,active_mapping,leap_combined_esto|ninth_pairs_to_esto_pairs,,,,
03 Exports,16.11 E-fuel,False,active_mapping,leap_combined_esto|ninth_pairs_to_esto_pairs,,,,
03 Exports,16.12 Hydrogen,False,active_mapping,leap_combined_esto|ninth_pairs_to_esto_pairs,,,,
03 Exports,17 Electricity,False,active_mapping,leap_combined_esto|ninth_pairs_to_esto_pairs,,,,
03 Exports,18 Heat,False,active_mapping,leap_combined_esto|ninth_pairs_to_esto_pairs,,,,
04 International marine bunkers,07.01 Motor gasoline,False,active_mapping,leap_combined_esto|ninth_pairs_to_esto_pairs,,,,
04 International marine bunkers,07.07 Gas/diesel oil,False,active_mapping,leap_combined_esto|ninth_pairs_to_esto_pairs,,,,
04 International marine bunkers,07.08 Fuel oil,False,active_mapping,leap_combined_esto|ninth_pairs_to_esto_pairs,,,,
04 International marine bunkers,07.09 LPG,False,active_mapping,leap_combined_esto|ninth_pairs_to_esto_pairs,,,,
04 International marine bunkers,07.13 Lubricants,False,active_mapping,leap_combined_esto|ninth_pairs_to_esto_pairs,,,,
04 International marine bunkers,07.17 Other products,False,active_mapping,leap_combined_esto|ninth_pairs_to_esto_pairs,,,,
04 International marine bunkers,08.01 Natural gas,False,active_mapping,leap_combined_esto|ninth_pairs_to_esto_pairs,,,,
04 International marine bunkers,08.02 LNG,False,active_mapping,leap_combined_esto|ninth_pairs_to_esto_pairs,,,,
04 International marine bunkers,16.01 Biogas,False,active_mapping,ninth_pairs_to_esto_pairs,,,,
04 International marine bunkers,16.05 Biogasoline,False,active_mapping,ninth_pairs_to_esto_pairs,,,,
04 International marine bunkers,16.06 Biodiesel,False,active_mapping,leap_combined_esto|ninth_pairs_to_esto_pairs,,,,
04 International marine bunkers,16.10 Ammonia,False,active_mapping,leap_combined_esto|ninth_pairs_to_esto_pairs,,,,
04 International marine bunkers,16.11 E-fuel,False,active_mapping,leap_combined_esto|ninth_pairs_to_esto_pairs,,,,
04-05 International transport (bunkers),07.01 Motor gasoline,False,active_mapping,leap_combined_esto|ninth_pairs_to_esto_pairs,,,,
04-05 International transport (bunkers),07.02 Aviation gasoline,False,active_mapping,leap_combined_esto|ninth_pairs_to_esto_pairs,,,,
04-05 International transport (bunkers),07.05 Kerosene type jet fuel,False,active_mapping,leap_combined_esto|ninth_pairs_to_esto_pairs,,,,
04-05 International transport (bunkers),07.06 Kerosene,False,active_mapping,leap_combined_esto|ninth_pairs_to_esto_pairs,,,,
04-05 International transport (bunkers),07.07 Gas/diesel oil,False,active_mapping,leap_combined_esto|ninth_pairs_to_esto_pairs,,,,
04-05 International transport (bunkers),07.08 Fuel oil,False,active_mapping,leap_combined_esto|ninth_pairs_to_esto_pairs,,,,
04-05 International transport (bunkers),07.09 LPG,False,active_mapping,leap_combined_esto|ninth_pairs_to_esto_pairs,,,,
04-05 International transport (bunkers),07.13 Lubricants,False,active_mapping,leap_combined_esto|ninth_pairs_to_esto_pairs,,,,
04-05 International transport (bunkers),07.17 Other products,False,active_mapping,leap_combined_esto|ninth_pairs_to_esto_pairs,,,,
04-05 International transport (bunkers),08.01 Natural gas,False,active_mapping,leap_combined_esto|ninth_pairs_to_esto_pairs,,,,
04-05 International transport (bunkers),08.02 LNG,False,active_mapping,leap_combined_esto|ninth_pairs_to_esto_pairs,,,,
04-05 International transport (bunkers),16.01 Biogas,False,active_mapping,leap_combined_esto|ninth_pairs_to_esto_pairs,,,,
04-05 International transport (bunkers),16.05 Biogasoline,False,active_mapping,leap_combined_esto|ninth_pairs_to_esto_pairs,,,,
04-05 International transport (bunkers),16.06 Biodiesel,False,active_mapping,leap_combined_esto|ninth_pairs_to_esto_pairs,,,,
04-05 International transport (bunkers),16.07 Bio jet kerosene,False,active_mapping,leap_combined_esto|ninth_pairs_to_esto_pairs,,,,
04-05 International transport (bunkers),16.10 Ammonia,False,active_mapping,leap_combined_esto|ninth_pairs_to_esto_pairs,,,,
04-05 International transport (bunkers),16.11 E-fuel,False,active_mapping,leap_combined_esto|ninth_pairs_to_esto_pairs,,,,
04-05 International transport (bunkers),16.12 Hydrogen,False,active_mapping,leap_combined_esto|ninth_pairs_to_esto_pairs,,,,
05 International aviation bunkers,07.01 Motor gasoline,False,active_mapping,leap_combined_esto|ninth_pairs_to_esto_pairs,,,,
05 International aviation bunkers,07.02 Aviation gasoline,False,active_mapping,leap_combined_esto|ninth_pairs_to_esto_pairs,,,,
05 International aviation bunkers,07.04 Gasoline type jet fuel,False,active_mapping,leap_combined_esto|ninth_pairs_to_esto_pairs,,,,
05 International aviation bunkers,07.05 Kerosene type jet fuel,False,active_mapping,leap_combined_esto|ninth_pairs_to_esto_pairs,,,,
05 International aviation bunkers,16.05 Biogasoline,False,active_mapping,ninth_pairs_to_esto_pairs,,,,
05 International aviation bunkers,16.07 Bio jet kerosene,False,active_mapping,leap_combined_esto|ninth_pairs_to_esto_pairs,,,,
05 International aviation bunkers,16.11 E-fuel,False,active_mapping,leap_combined_esto|ninth_pairs_to_esto_pairs,,,,
05 International aviation bunkers,16.12 Hydrogen,False,active_mapping,leap_combined_esto|ninth_pairs_to_esto_pairs,,,,
06 Stock changes,01.01 Coking coal,False,active_mapping,leap_combined_esto,,,,
06 Stock changes,01.02 Other bituminous coal,False,active_mapping,leap_combined_esto,,,,
06 Stock changes,01.03 Sub-bituminous coal,False,active_mapping,leap_combined_esto,,,,
06 Stock changes,01.04 Anthracite,False,active_mapping,leap_combined_esto,,,,
06 Stock changes,01.05 Lignite,False,active_mapping,leap_combined_esto,,,,
06 Stock changes,02.01 Coke oven coke,False,active_mapping,leap_combined_esto,,,,
06 Stock changes,02.08 BKB/PB,False,active_mapping,leap_combined_esto,,,,
06 Stock changes,04 Peat products,False,active_mapping,leap_combined_esto,,,,
06 Stock changes,06.01 Crude oil,False,active_mapping,leap_combined_esto,,,,
06 Stock changes,06.02 Natural gas liquids,False,active_mapping,leap_combined_esto,,,,
06 Stock changes,06.03 Refinery feedstocks,False,active_mapping,leap_combined_esto,,,,
06 Stock changes,06.04 Additives/ oxygenates,False,active_mapping,leap_combined_esto,,,,
06 Stock changes,06.05 Other hydrocarbons,False,active_mapping,leap_combined_esto,,,,
06 Stock changes,07.01 Motor gasoline,False,active_mapping,leap_combined_esto,,,,
06 Stock changes,07.02 Aviation gasoline,False,active_mapping,leap_combined_esto,,,,
06 Stock changes,07.03 Naphtha,False,active_mapping,leap_combined_esto,,,,
06 Stock changes,07.05 Kerosene type jet fuel,False,active_mapping,leap_combined_esto,,,,
06 Stock changes,07.06 Kerosene,False,active_mapping,leap_combined_esto,,,,
06 Stock changes,07.07 Gas/diesel oil,False,active_mapping,leap_combined_esto,,,,
06 Stock changes,07.08 Fuel oil,False,active_mapping,leap_combined_esto,,,,
06 Stock changes,07.09 LPG,False,active_mapping,leap_combined_esto,,,,
06 Stock changes,07.11 Ethane,False,active_mapping,leap_combined_esto,,,,
06 Stock changes,07.12 White spirit SBP,False,active_mapping,leap_combined_esto,,,,
06 Stock changes,07.13 Lubricants,False,active_mapping,leap_combined_esto,,,,
06 Stock changes,07.14 Bitumen,False,active_mapping,leap_combined_esto,,,,
06 Stock changes,07.15 Paraffin waxes,False,active_mapping,leap_combined_esto,,,,
06 Stock changes,07.16 Petroleum coke,False,active_mapping,leap_combined_esto,,,,
06 Stock changes,07.17 Other products,False,active_mapping,leap_combined_esto,,,,
06 Stock changes,08.01 Natural gas,False,active_mapping,leap_combined_esto,,,,
06 Stock changes,08.02 LNG,False,active_mapping,leap_combined_esto,,,,
06 Stock changes,15.05 Other biomass,False,active_mapping,leap_combined_esto,,,,
06 Stock changes,16.05 Biogasoline,False,active_mapping,leap_combined_esto,,,,
06 Stock changes,16.06 Biodiesel,False,active_mapping,leap_combined_esto,,,,
06 Stock changes,16.07 Bio jet kerosene,False,active_mapping,leap_combined_esto,,,,
07 Total primary energy supply,01.01 Coking coal,False,active_mapping,leap_combined_esto|ninth_pairs_to_esto_pairs,,,,
07 Total primary energy supply,01.02 Other bituminous coal,False,active_mapping,leap_combined_esto|ninth_pairs_to_esto_pairs,,,,
07 Total primary energy supply,01.03 Sub-bituminous coal,False,active_mapping,leap_combined_esto|ninth_pairs_to_esto_pairs,,,,
07 Total primary energy supply,01.04 Anthracite,False,active_mapping,leap_combined_esto|ninth_pairs_to_esto_pairs,,,,
07 Total primary energy supply,01.05 Lignite,False,active_mapping,leap_combined_esto|ninth_pairs_to_esto_pairs,,,,
07 Total primary energy supply,01.99 Coal nonspecified,False,active_mapping,leap_combined_esto|ninth_pairs_to_esto_pairs,,,,
07 Total primary energy supply,02.01 Coke oven coke,False,active_mapping,leap_combined_esto|ninth_pairs_to_esto_pairs,,,,
07 Total primary energy supply,02.02 Gas coke,False,active_mapping,leap_combined_esto|ninth_pairs_to_esto_pairs,,,,
07 Total primary energy supply,02.03 Coke oven gas,False,active_mapping,leap_combined_esto|ninth_pairs_to_esto_pairs,,,,
07 Total primary energy supply,02.04 Blast furnace gas,False,active_mapping,leap_combined_esto|ninth_pairs_to_esto_pairs,,,,
07 Total primary energy supply,02.05 Other recovered gases,False,active_mapping,leap_combined_esto|ninth_pairs_to_esto_pairs,,,,
07 Total primary energy supply,02.06 Patent fuel,False,active_mapping,leap_combined_esto|ninth_pairs_to_esto_pairs,,,,
07 Total primary energy supply,02.07 Coal tar,False,active_mapping,leap_combined_esto|ninth_pairs_to_esto_pairs,,,,
07 Total primary energy supply,02.08 BKB/PB,False,active_mapping,leap_combined_esto|ninth_pairs_to_esto_pairs,,,,
07 Total primary energy supply,03 Peat,False,active_mapping,leap_combined_esto|ninth_pairs_to_esto_pairs,,,,
07 Total primary energy supply,04 Peat products,False,active_mapping,leap_combined_esto|ninth_pairs_to_esto_pairs,,,,
07 Total primary energy supply,06.01 Crude oil,False,active_mapping,leap_combined_esto|ninth_pairs_to_esto_pairs,,,,
07 Total primary energy supply,06.02 Natural gas liquids,False,active_mapping,leap_combined_esto|ninth_pairs_to_esto_pairs,,,,
07 Total primary energy supply,06.03 Refinery feedstocks,False,active_mapping,leap_combined_esto|ninth_pairs_to_esto_pairs,,,,
07 Total primary energy supply,06.04 Additives/ oxygenates,False,active_mapping,leap_combined_esto|ninth_pairs_to_esto_pairs,,,,
07 Total primary energy supply,06.05 Other hydrocarbons,False,active_mapping,leap_combined_esto|ninth_pairs_to_esto_pairs,,,,
07 Total primary energy supply,07.01 Motor gasoline,False,active_mapping,leap_combined_esto|ninth_pairs_to_esto_pairs,,,,
07 Total primary energy supply,07.02 Aviation gasoline,False,active_mapping,leap_combined_esto|ninth_pairs_to_esto_pairs,,,,
07 Total primary energy supply,07.03 Naphtha,False,active_mapping,leap_combined_esto|ninth_pairs_to_esto_pairs,,,,
07 Total primary energy supply,07.04 Gasoline type jet fuel,False,active_mapping,leap_combined_esto|ninth_pairs_to_esto_pairs,,,,
07 Total primary energy supply,07.05 Kerosene type jet fuel,False,active_mapping,leap_combined_esto|ninth_pairs_to_esto_pairs,,,,
07 Total primary energy supply,07.06 Kerosene,False,active_mapping,leap_combined_esto|ninth_pairs_to_esto_pairs,,,,
07 Total primary energy supply,07.07 Gas/diesel oil,False,active_mapping,leap_combined_esto|ninth_pairs_to_esto_pairs,,,,
07 Total primary energy supply,07.08 Fuel oil,False,active_mapping,leap_combined_esto|ninth_pairs_to_esto_pairs,,,,
07 Total primary energy supply,07.09 LPG,False,active_mapping,leap_combined_esto|ninth_pairs_to_esto_pairs,,,,
07 Total primary energy supply,07.10 Refinery gas (not liquefied),False,active_mapping,leap_combined_esto|ninth_pairs_to_esto_pairs,,,,
07 Total primary energy supply,07.11 Ethane,False,active_mapping,leap_combined_esto|ninth_pairs_to_esto_pairs,,,,
07 Total primary energy supply,07.12 White spirit SBP,False,active_mapping,leap_combined_esto|ninth_pairs_to_esto_pairs,,,,
07 Total primary energy supply,07.13 Lubricants,False,active_mapping,leap_combined_esto|ninth_pairs_to_esto_pairs,,,,
07 Total primary energy supply,07.14 Bitumen,False,active_mapping,leap_combined_esto|ninth_pairs_to_esto_pairs,,,,
07 Total primary energy supply,07.15 Paraffin waxes,False,active_mapping,leap_combined_esto|ninth_pairs_to_esto_pairs,,,,
07 Total primary energy supply,07.16 Petroleum coke,False,active_mapping,leap_combined_esto|ninth_pairs_to_esto_pairs,,,,
07 Total primary energy supply,07.17 Other products,False,active_mapping,leap_combined_esto|ninth_pairs_to_esto_pairs,,,,
07 Total primary energy supply,07.99 PetProd nonspecified,False,active_mapping,leap_combined_esto|ninth_pairs_to_esto_pairs,,,,
07 Total primary energy supply,08.01 Natural gas,False,active_mapping,leap_combined_esto|ninth_pairs_to_esto_pairs,,,,
07 Total primary energy supply,08.02 LNG,False,active_mapping,leap_combined_esto|ninth_pairs_to_esto_pairs,,,,
07 Total primary energy supply,08.03 Gas works gas,False,active_mapping,leap_combined_esto|ninth_pairs_to_esto_pairs,,,,
07 Total primary energy supply,08.99 Gas nonspecified,False,active_mapping,leap_combined_esto|ninth_pairs_to_esto_pairs,,,,
07 Total primary energy supply,09 Nuclear,False,active_mapping,leap_combined_esto|ninth_pairs_to_esto_pairs,,,,
07 Total primary energy supply,10 Hydro,False,active_mapping,leap_combined_esto|ninth_pairs_to_esto_pairs,,,,
07 Total primary energy supply,11 Geothermal,False,active_mapping,leap_combined_esto|ninth_pairs_to_esto_pairs,,,,
07 Total primary energy supply,12.01 of which: Photovoltaics,False,active_mapping,leap_combined_esto|ninth_pairs_to_esto_pairs,,,,
07 Total primary energy supply,12.99 Solar nonspecified,False,active_mapping,leap_combined_esto|ninth_pairs_to_esto_pairs,,,,
07 Total primary energy supply,"13 Tide, wave, ocean",False,active_mapping,ninth_pairs_to_esto_pairs,,,,
07 Total primary energy supply,14 Wind,False,active_mapping,leap_combined_esto|ninth_pairs_to_esto_pairs,,,,
07 Total primary energy supply,15.01 Fuelwood & woodwaste,False,active_mapping,leap_combined_esto|ninth_pairs_to_esto_pairs,,,,
07 Total primary energy supply,15.02 Bagasse,False,active_mapping,leap_combined_esto|ninth_pairs_to_esto_pairs,,,,
07 Total primary energy supply,15.03 Charcoal,False,active_mapping,leap_combined_esto|ninth_pairs_to_esto_pairs,,,,
07 Total primary energy supply,15.04 Black liquor,False,active_mapping,leap_combined_esto|ninth_pairs_to_esto_pairs,,,,
07 Total primary energy supply,15.05 Other biomass,False,active_mapping,leap_combined_esto|ninth_pairs_to_esto_pairs,,,,
07 Total primary energy supply,16.01 Biogas,False,active_mapping,leap_combined_esto|ninth_pairs_to_esto_pairs,,,,
07 Total primary energy supply,16.02 Industrial waste,False,active_mapping,leap_combined_esto|ninth_pairs_to_esto_pairs,,,,
07 Total primary energy supply,16.03 Municipal solid waste (renewable),False,active_mapping,leap_combined_esto|ninth_pairs_to_esto_pairs,,,,
07 Total primary energy supply,16.04 Municipal solid waste (non-renewable),False,active_mapping,leap_combined_esto|ninth_pairs_to_esto_pairs,,,,
07 Total primary energy supply,16.05 Biogasoline,False,active_mapping,leap_combined_esto|ninth_pairs_to_esto_pairs,,,,
07 Total primary energy supply,16.06 Biodiesel,False,active_mapping,leap_combined_esto|ninth_pairs_to_esto_pairs,,,,
07 Total primary energy supply,16.07 Bio jet kerosene,False,active_mapping,leap_combined_esto|ninth_pairs_to_esto_pairs,,,,
07 Total primary energy supply,16.08 Other liquid biofuels,False,active_mapping,leap_combined_esto|ninth_pairs_to_esto_pairs,,,,
07 Total primary energy supply,16.09 Other sources,False,active_mapping,leap_combined_esto|ninth_pairs_to_esto_pairs,,,,
07 Total primary energy supply,16.10 Ammonia,False,active_mapping,leap_combined_esto|ninth_pairs_to_esto_pairs,,,,
07 Total primary energy supply,16.11 E-fuel,False,active_mapping,leap_combined_esto|ninth_pairs_to_esto_pairs,,,,
07 Total primary energy supply,16.12 Hydrogen,False,active_mapping,leap_combined_esto|ninth_pairs_to_esto_pairs,,,,
07 Total primary energy supply,17 Electricity,False,active_mapping,leap_combined_esto|ninth_pairs_to_esto_pairs,,,,
07 Total primary energy supply,18 Heat,False,active_mapping,leap_combined_esto|ninth_pairs_to_esto_pairs,,,,
08 Transfers,06.01 Crude oil,False,active_mapping,leap_combined_esto|ninth_pairs_to_esto_pairs,,,,
08 Transfers,06.02 Natural gas liquids,False,active_mapping,leap_combined_esto|ninth_pairs_to_esto_pairs,,,,
08 Transfers,06.03 Refinery feedstocks,False,active_mapping,leap_combined_esto|ninth_pairs_to_esto_pairs,,,,
08 Transfers,06.04 Additives/ oxygenates,False,active_mapping,leap_combined_esto|ninth_pairs_to_esto_pairs,,,,
08 Transfers,06.05 Other hydrocarbons,False,active_mapping,leap_combined_esto,,,,
08 Transfers,07.01 Motor gasoline,False,active_mapping,leap_combined_esto|ninth_pairs_to_esto_pairs,,,,
08 Transfers,07.02 Aviation gasoline,False,active_mapping,leap_combined_esto|ninth_pairs_to_esto_pairs,,,,
08 Transfers,07.03 Naphtha,False,active_mapping,leap_combined_esto|ninth_pairs_to_esto_pairs,,,,
08 Transfers,07.04 Gasoline type jet fuel,False,active_mapping,leap_combined_esto|ninth_pairs_to_esto_pairs,,,,
08 Transfers,07.05 Kerosene type jet fuel,False,active_mapping,leap_combined_esto|ninth_pairs_to_esto_pairs,,,,
08 Transfers,07.06 Kerosene,False,active_mapping,leap_combined_esto|ninth_pairs_to_esto_pairs,,,,
08 Transfers,07.07 Gas/diesel oil,False,active_mapping,leap_combined_esto|ninth_pairs_to_esto_pairs,,,,
08 Transfers,07.08 Fuel oil,False,active_mapping,leap_combined_esto|ninth_pairs_to_esto_pairs,,,,
08 Transfers,07.09 LPG,False,active_mapping,leap_combined_esto|ninth_pairs_to_esto_pairs,,,,
08 Transfers,07.10 Refinery gas (not liquefied),False,active_mapping,leap_combined_esto|ninth_pairs_to_esto_pairs,,,,
08 Transfers,07.11 Ethane,False,active_mapping,leap_combined_esto|ninth_pairs_to_esto_pairs,,,,
08 Transfers,07.12 White spirit SBP,False,active_mapping,leap_combined_esto|ninth_pairs_to_esto_pairs,,,,
08 Transfers,07.13 Lubricants,False,active_mapping,leap_combined_esto|ninth_pairs_to_esto_pairs,,,,
08 Transfers,07.14 Bitumen,False,active_mapping,leap_combined_esto|ninth_pairs_to_esto_pairs,,,,
08 Transfers,07.15 Paraffin waxes,False,active_mapping,leap_combined_esto|ninth_pairs_to_esto_pairs,,,,
08 Transfers,07.16 Petroleum coke,False,active_mapping,leap_combined_esto|ninth_pairs_to_esto_pairs,,,,
08 Transfers,07.17 Other products,False,active_mapping,leap_combined_esto|ninth_pairs_to_esto_pairs,,,,
08 Transfers,07.99 PetProd nonspecified,False,active_mapping,leap_combined_esto|ninth_pairs_to_esto_pairs,,,,
09 Total transformation sector,01.01 Coking coal,True,active_mapping,leap_combined_esto|ninth_pairs_to_esto_pairs,,,,
09 Total transformation sector,01.02 Other bituminous coal,True,active_mapping,leap_combined_esto|ninth_pairs_to_esto_pairs,,,,
09 Total transformation sector,01.03 Sub-bituminous coal,True,active_mapping,leap_combined_esto|ninth_pairs_to_esto_pairs,,,,
09 Total transformation sector,01.04 Anthracite,True,active_mapping,leap_combined_esto|ninth_pairs_to_esto_pairs,,,,
09 Total transformation sector,01.05 Lignite,True,active_mapping,leap_combined_esto|ninth_pairs_to_esto_pairs,,,,
09 Total transformation sector,01.99 Coal nonspecified,True,active_mapping,leap_combined_esto|ninth_pairs_to_esto_pairs,,,,
09 Total transformation sector,02.01 Coke oven coke,True,active_mapping,leap_combined_esto|ninth_pairs_to_esto_pairs,,,,
09 Total transformation sector,02.02 Gas coke,True,active_mapping,leap_combined_esto|ninth_pairs_to_esto_pairs,,,,
09 Total transformation sector,02.03 Coke oven gas,True,active_mapping,leap_combined_esto|ninth_pairs_to_esto_pairs,,,,
09 Total transformation sector,02.04 Blast furnace gas,True,active_mapping,leap_combined_esto|ninth_pairs_to_esto_pairs,,,,
09 Total transformation sector,02.05 Other recovered gases,True,active_mapping,leap_combined_esto|ninth_pairs_to_esto_pairs,,,,
09 Total transformation sector,02.06 Patent fuel,True,active_mapping,leap_combined_esto|ninth_pairs_to_esto_pairs,,,,
09 Total transformation sector,02.07 Coal tar,True,active_mapping,leap_combined_esto|ninth_pairs_to_esto_pairs,,,,
09 Total transformation sector,02.08 BKB/PB,True,active_mapping,leap_combined_esto|ninth_pairs_to_esto_pairs,,,,
09 Total transformation sector,03 Peat,True,active_mapping,leap_combined_esto,,,,
09 Total transformation sector,04 Peat products,True,active_mapping,leap_combined_esto,,,,
09 Total transformation sector,06.01 Crude oil,True,active_mapping,leap_combined_esto|ninth_pairs_to_esto_pairs,,,,
09 Total transformation sector,06.02 Natural gas liquids,True,active_mapping,leap_combined_esto|ninth_pairs_to_esto_pairs,,,,
09 Total transformation sector,06.03 Refinery feedstocks,True,active_mapping,leap_combined_esto|ninth_pairs_to_esto_pairs,,,,
09 Total transformation sector,06.04 Additives/ oxygenates,True,active_mapping,leap_combined_esto|ninth_pairs_to_esto_pairs,,,,
09 Total transformation sector,06.05 Other hydrocarbons,True,active_mapping,leap_combined_esto,,,,
09 Total transformation sector,07.01 Motor gasoline,True,active_mapping,leap_combined_esto|ninth_pairs_to_esto_pairs,,,,
09 Total transformation sector,07.02 Aviation gasoline,True,active_mapping,leap_combined_esto|ninth_pairs_to_esto_pairs,,,,
09 Total transformation sector,07.03 Naphtha,True,active_mapping,leap_combined_esto|ninth_pairs_to_esto_pairs,,,,
09 Total transformation sector,07.04 Gasoline type jet fuel,True,active_mapping,leap_combined_esto|ninth_pairs_to_esto_pairs,,,,
09 Total transformation sector,07.05 Kerosene type jet fuel,True,active_mapping,leap_combined_esto|ninth_pairs_to_esto_pairs,,,,
09 Total transformation sector,07.06 Kerosene,True,active_mapping,leap_combined_esto|ninth_pairs_to_esto_pairs,,,,
09 Total transformation sector,07.07 Gas/diesel oil,True,active_mapping,leap_combined_esto|ninth_pairs_to_esto_pairs,,,,
09 Total transformation sector,07.08 Fuel oil,True,active_mapping,leap_combined_esto|ninth_pairs_to_esto_pairs,,,,
09 Total transformation sector,07.09 LPG,True,active_mapping,leap_combined_esto|ninth_pairs_to_esto_pairs,,,,
09 Total transformation sector,07.10 Refinery gas (not liquefied),True,active_mapping,leap_combined_esto|ninth_pairs_to_esto_pairs,,,,
09 Total transformation sector,07.11 Ethane,True,active_mapping,leap_combined_esto|ninth_pairs_to_esto_pairs,,,,
09 Total transformation sector,07.12 White spirit SBP,True,active_mapping,leap_combined_esto|ninth_pairs_to_esto_pairs,,,,
09 Total transformation sector,07.13 Lubricants,True,active_mapping,leap_combined_esto|ninth_pairs_to_esto_pairs,,,,
09 Total transformation sector,07.14 Bitumen,True,active_mapping,leap_combined_esto|ninth_pairs_to_esto_pairs,,,,
09 Total transformation sector,07.15 Paraffin waxes,True,active_mapping,leap_combined_esto|ninth_pairs_to_esto_pairs,,,,
09 Total transformation sector,07.16 Petroleum coke,True,active_mapping,leap_combined_esto|ninth_pairs_to_esto_pairs,,,,
09 Total transformation sector,07.17 Other products,True,active_mapping,leap_combined_esto|ninth_pairs_to_esto_pairs,,,,
09 Total transformation sector,07.99 PetProd nonspecified,True,active_mapping,leap_combined_esto|ninth_pairs_to_esto_pairs,,,,
09 Total transformation sector,08.01 Natural gas,True,active_mapping,leap_combined_esto|ninth_pairs_to_esto_pairs,,,,
09 Total transformation sector,08.02 LNG,True,active_mapping,leap_combined_esto|ninth_pairs_to_esto_pairs,,,,
09 Total transformation sector,08.03 Gas works gas,True,active_mapping,leap_combined_esto|ninth_pairs_to_esto_pairs,,,,
09 Total transformation sector,09 Nuclear,True,active_mapping,leap_combined_esto|ninth_pairs_to_esto_pairs,,,,
09 Total transformation sector,10 Hydro,True,active_mapping,leap_combined_esto|ninth_pairs_to_esto_pairs,,,,
09 Total transformation sector,11 Geothermal,True,active_mapping,leap_combined_esto|ninth_pairs_to_esto_pairs,,,,
09 Total transformation sector,12.01 of which: Photovoltaics,True,active_mapping,leap_combined_esto|ninth_pairs_to_esto_pairs,,,,
09 Total transformation sector,12.99 Solar nonspecified,True,active_mapping,leap_combined_esto|ninth_pairs_to_esto_pairs,,,,
09 Total transformation sector,14 Wind,True,active_mapping,leap_combined_esto|ninth_pairs_to_esto_pairs,,,,
09 Total transformation sector,15.01 Fuelwood & woodwaste,True,active_mapping,leap_combined_esto|ninth_pairs_to_esto_pairs,,,,
09 Total transformation sector,15.02 Bagasse,True,active_mapping,leap_combined_esto|ninth_pairs_to_esto_pairs,,,,
09 Total transformation sector,15.03 Charcoal,True,active_mapping,leap_combined_esto|ninth_pairs_to_esto_pairs,,,,
09 Total transformation sector,15.04 Black liquor,True,active_mapping,leap_combined_esto|ninth_pairs_to_esto_pairs,,,,
09 Total transformation sector,15.05 Other biomass,True,active_mapping,leap_combined_esto|ninth_pairs_to_esto_pairs,,,,
09 Total transformation sector,16.01 Biogas,True,active_mapping,leap_combined_esto|ninth_pairs_to_esto_pairs,,,,
09 Total transformation sector,16.02 Industrial waste,True,active_mapping,leap_combined_esto|ninth_pairs_to_esto_pairs,,,,
09 Total transformation sector,16.03 Municipal solid waste (renewable),True,active_mapping,leap_combined_esto|ninth_pairs_to_esto_pairs,,,,
09 Total transformation sector,16.04 Municipal solid waste (non-renewable),True,active_mapping,leap_combined_esto|ninth_pairs_to_esto_pairs,,,,
09 Total transformation sector,16.06 Biodiesel,True,active_mapping,leap_combined_esto|ninth_pairs_to_esto_pairs,,,,
09 Total transformation sector,16.08 Other liquid biofuels,True,active_mapping,leap_combined_esto|ninth_pairs_to_esto_pairs,,,,
09 Total transformation sector,16.09 Other sources,True,active_mapping,leap_combined_esto|ninth_pairs_to_esto_pairs,,,,
09 Total transformation sector,16.10 Ammonia,True,active_mapping,leap_combined_esto|ninth_pairs_to_esto_pairs,,,,
09 Total transformation sector,16.11 E-fuel,True,active_mapping,leap_combined_esto|ninth_pairs_to_esto_pairs,,,,
09 Total transformation sector,16.12 Hydrogen,True,active_mapping,leap_combined_esto|ninth_pairs_to_esto_pairs,,,,
09 Total transformation sector,17 Electricity,True,active_mapping,leap_combined_esto|ninth_pairs_to_esto_pairs,,,,
09 Total transformation sector,18 Heat,True,active_mapping,leap_combined_esto|ninth_pairs_to_esto_pairs,,,,
09.01-09.02 Power sector,01.02 Other bituminous coal,False,active_mapping,leap_combined_esto|ninth_pairs_to_esto_pairs,,,,
09.01-09.02 Power sector,01.03 Sub-bituminous coal,False,active_mapping,leap_combined_esto|ninth_pairs_to_esto_pairs,,,,
09.01-09.02 Power sector,01.04 Anthracite,False,active_mapping,leap_combined_esto|ninth_pairs_to_esto_pairs,,,,
09.01-09.02 Power sector,01.05 Lignite,False,active_mapping,leap_combined_esto|ninth_pairs_to_esto_pairs,,,,
09.01-09.02 Power sector,02.01 Coke oven coke,False,active_mapping,leap_combined_esto|ninth_pairs_to_esto_pairs,,,,
09.01-09.02 Power sector,02.02 Gas coke,False,active_mapping,leap_combined_esto|ninth_pairs_to_esto_pairs,,,,
09.01-09.02 Power sector,02.03 Coke oven gas,False,active_mapping,leap_combined_esto|ninth_pairs_to_esto_pairs,,,,
09.01-09.02 Power sector,02.04 Blast furnace gas,False,active_mapping,leap_combined_esto|ninth_pairs_to_esto_pairs,,,,
09.01-09.02 Power sector,02.05 Other recovered gases,False,active_mapping,leap_combined_esto|ninth_pairs_to_esto_pairs,,,,
09.01-09.02 Power sector,02.06 Patent fuel,False,active_mapping,leap_combined_esto|ninth_pairs_to_esto_pairs,,,,
09.01-09.02 Power sector,02.07 Coal tar,False,active_mapping,leap_combined_esto|ninth_pairs_to_esto_pairs,,,,
09.01-09.02 Power sector,02.08 BKB/PB,False,active_mapping,leap_combined_esto|ninth_pairs_to_esto_pairs,,,,
09.01-09.02 Power sector,03 Peat,False,active_mapping,leap_combined_esto|ninth_pairs_to_esto_pairs,,,,
09.01-09.02 Power sector,04 Peat products,False,active_mapping,leap_combined_esto|ninth_pairs_to_esto_pairs,,,,
09.01-09.02 Power sector,06.01 Crude oil,False,active_mapping,leap_combined_esto|ninth_pairs_to_esto_pairs,,,,
09.01-09.02 Power sector,06.02 Natural gas liquids,False,active_mapping,leap_combined_esto|ninth_pairs_to_esto_pairs,,,,
09.01-09.02 Power sector,06.03 Refinery feedstocks,False,active_mapping,leap_combined_esto|ninth_pairs_to_esto_pairs,,,,
09.01-09.02 Power sector,06.05 Other hydrocarbons,False,active_mapping,leap_combined_esto,,,,
09.01-09.02 Power sector,07.01 Motor gasoline,False,active_mapping,leap_combined_esto|ninth_pairs_to_esto_pairs,,,,
09.01-09.02 Power sector,07.03 Naphtha,False,active_mapping,leap_combined_esto|ninth_pairs_to_esto_pairs,,,,
09.01-09.02 Power sector,07.04 Gasoline type jet fuel,False,active_mapping,leap_combined_esto|ninth_pairs_to_esto_pairs,,,,
09.01-09.02 Power sector,07.05 Kerosene type jet fuel,False,active_mapping,leap_combined_esto|ninth_pairs_to_esto_pairs,,,,
09.01-09.02 Power sector,07.06 Kerosene,False,active_mapping,leap_combined_esto|ninth_pairs_to_esto_pairs,,,,
09.01-09.02 Power sector,07.07 Gas/diesel oil,False,active_mapping,leap_combined_esto|ninth_pairs_to_esto_pairs,,,,
09.01-09.02 Power sector,07.08 Fuel oil,False,active_mapping,leap_combined_esto|ninth_pairs_to_esto_pairs,,,,
09.01-09.02 Power sector,07.09 LPG,False,active_mapping,leap_combined_esto|ninth_pairs_to_esto_pairs,,,,
09.01-09.02 Power sector,07.10 Refinery gas (not liquefied),False,active_mapping,leap_combined_esto|ninth_pairs_to_esto_pairs,,,,
09.01-09.02 Power sector,07.14 Bitumen,False,active_mapping,leap_combined_esto|ninth_pairs_to_esto_pairs,,,,
09.01-09.02 Power sector,07.16 Petroleum coke,False,active_mapping,leap_combined_esto|ninth_pairs_to_esto_pairs,,,,
09.01-09.02 Power sector,07.17 Other products,False,active_mapping,leap_combined_esto|ninth_pairs_to_esto_pairs,,,,
09.01-09.02 Power sector,08.01 Natural gas,False,active_mapping,leap_combined_esto|ninth_pairs_to_esto_pairs,,,,
09.01-09.02 Power sector,08.02 LNG,False,active_mapping,leap_combined_esto|ninth_pairs_to_esto_pairs,,,,
09.01-09.02 Power sector,08.03 Gas works gas,False,active_mapping,leap_combined_esto|ninth_pairs_to_esto_pairs,,,,
09.01-09.02 Power sector,09 Nuclear,False,active_mapping,leap_combined_esto|ninth_pairs_to_esto_pairs,,,,
09.01-09.02 Power sector,10 Hydro,False,active_mapping,leap_combined_esto|ninth_pairs_to_esto_pairs,,,,
09.01-09.02 Power sector,11 Geothermal,False,active_mapping,leap_combined_esto|ninth_pairs_to_esto_pairs,,,,
09.01-09.02 Power sector,12.01 of which: Photovoltaics,False,active_mapping,leap_combined_esto|ninth_pairs_to_esto_pairs,,,,
09.01-09.02 Power sector,12.99 Solar nonspecified,False,active_mapping,leap_combined_esto|ninth_pairs_to_esto_pairs,,,,
09.01-09.02 Power sector,"13 Tide, wave, ocean",False,active_mapping,ninth_pairs_to_esto_pairs,,,,
09.01-09.02 Power sector,14 Wind,False,active_mapping,leap_combined_esto|ninth_pairs_to_esto_pairs,,,,
09.01-09.02 Power sector,15.01 Fuelwood & woodwaste,False,active_mapping,leap_combined_esto|ninth_pairs_to_esto_pairs,,,,
09.01-09.02 Power sector,15.02 Bagasse,False,active_mapping,leap_combined_esto|ninth_pairs_to_esto_pairs,,,,
09.01-09.02 Power sector,15.04 Black liquor,False,active_mapping,leap_combined_esto|ninth_pairs_to_esto_pairs,,,,
09.01-09.02 Power sector,15.05 Other biomass,False,active_mapping,leap_combined_esto|ninth_pairs_to_esto_pairs,,,,
09.01-09.02 Power sector,16.01 Biogas,False,active_mapping,leap_combined_esto|ninth_pairs_to_esto_pairs,,,,
09.01-09.02 Power sector,16.02 Industrial waste,False,active_mapping,leap_combined_esto|ninth_pairs_to_esto_pairs,,,,
09.01-09.02 Power sector,16.03 Municipal solid waste (renewable),False,active_mapping,leap_combined_esto|ninth_pairs_to_esto_pairs,,,,
09.01-09.02 Power sector,16.04 Municipal solid waste (non-renewable),False,active_mapping,leap_combined_esto|ninth_pairs_to_esto_pairs,,,,
09.01-09.02 Power sector,16.06 Biodiesel,False,active_mapping,leap_combined_esto|ninth_pairs_to_esto_pairs,,,,
09.01-09.02 Power sector,16.08 Other liquid biofuels,False,active_mapping,leap_combined_esto|ninth_pairs_to_esto_pairs,,,,
09.01-09.02 Power sector,16.09 Other sources,False,active_mapping,leap_combined_esto|ninth_pairs_to_esto_pairs,,,,
09.01-09.02 Power sector,16.10 Ammonia,False,active_mapping,leap_combined_esto|ninth_pairs_to_esto_pairs,,,,
09.01-09.02 Power sector,16.12 Hydrogen,False,active_mapping,leap_combined_esto|ninth_pairs_to_esto_pairs,,,,
09.01-09.02 Power sector,17 Electricity,False,active_mapping,leap_combined_esto|ninth_pairs_to_esto_pairs,,,,
09.01-09.02 Power sector,18 Heat,False,active_mapping,leap_combined_esto|ninth_pairs_to_esto_pairs,,,,
"09.01.01,09.02.01 Electricity plants",01.02 Other bituminous coal,False,active_mapping,leap_combined_esto|ninth_pairs_to_esto_pairs,,,,
"09.01.01,09.02.01 Electricity plants",01.03 Sub-bituminous coal,False,active_mapping,leap_combined_esto|ninth_pairs_to_esto_pairs,,,,
"09.01.01,09.02.01 Electricity plants",01.04 Anthracite,False,active_mapping,leap_combined_esto|ninth_pairs_to_esto_pairs,,,,
"09.01.01,09.02.01 Electricity plants",01.05 Lignite,False,active_mapping,leap_combined_esto|ninth_pairs_to_esto_pairs,,,,
"09.01.01,09.02.01 Electricity plants",02.01 Coke oven coke,False,active_mapping,leap_combined_esto|ninth_pairs_to_esto_pairs,,,,
"09.01.01,09.02.01 Electricity plants",02.02 Gas coke,False,active_mapping,leap_combined_esto|ninth_pairs_to_esto_pairs,,,,
"09.01.01,09.02.01 Electricity plants",02.03 Coke oven gas,False,active_mapping,leap_combined_esto|ninth_pairs_to_esto_pairs,,,,
"09.01.01,09.02.01 Electricity plants",02.04 Blast furnace gas,False,active_mapping,leap_combined_esto|ninth_pairs_to_esto_pairs,,,,
"09.01.01,09.02.01 Electricity plants",02.05 Other recovered gases,False,active_mapping,leap_combined_esto|ninth_pairs_to_esto_pairs,,,,
"09.01.01,09.02.01 Electricity plants",02.06 Patent fuel,False,active_mapping,leap_combined_esto|ninth_pairs_to_esto_pairs,,,,
"09.01.01,09.02.01 Electricity plants",02.07 Coal tar,False,active_mapping,leap_combined_esto|ninth_pairs_to_esto_pairs,,,,
"09.01.01,09.02.01 Electricity plants",02.08 BKB/PB,False,active_mapping,leap_combined_esto|ninth_pairs_to_esto_pairs,,,,
"09.01.01,09.02.01 Electricity plants",06.01 Crude oil,False,active_mapping,leap_combined_esto|ninth_pairs_to_esto_pairs,,,,
"09.01.01,09.02.01 Electricity plants",06.02 Natural gas liquids,False,active_mapping,leap_combined_esto|ninth_pairs_to_esto_pairs,,,,
"09.01.01,09.02.01 Electricity plants",06.05 Other hydrocarbons,False,active_mapping,leap_combined_esto,,,,
"09.01.01,09.02.01 Electricity plants",07.01 Motor gasoline,False,active_mapping,leap_combined_esto|ninth_pairs_to_esto_pairs,,,,
"09.01.01,09.02.01 Electricity plants",07.03 Naphtha,False,active_mapping,leap_combined_esto|ninth_pairs_to_esto_pairs,,,,
"09.01.01,09.02.01 Electricity plants",07.04 Gasoline type jet fuel,False,active_mapping,leap_combined_esto|ninth_pairs_to_esto_pairs,,,,
"09.01.01,09.02.01 Electricity plants",07.05 Kerosene type jet fuel,False,active_mapping,leap_combined_esto|ninth_pairs_to_esto_pairs,,,,
"09.01.01,09.02.01 Electricity plants",07.06 Kerosene,False,active_mapping,leap_combined_esto|ninth_pairs_to_esto_pairs,,,,
"09.01.01,09.02.01 Electricity plants",07.07 Gas/diesel oil,False,active_mapping,leap_combined_esto|ninth_pairs_to_esto_pairs,,,,
"09.01.01,09.02.01 Electricity plants",07.08 Fuel oil,False,active_mapping,leap_combined_esto|ninth_pairs_to_esto_pairs,,,,
"09.01.01,09.02.01 Electricity plants",07.09 LPG,False,active_mapping,leap_combined_esto|ninth_pairs_to_esto_pairs,,,,
"09.01.01,09.02.01 Electricity plants",07.10 Refinery gas (not liquefied),False,active_mapping,leap_combined_esto|ninth_pairs_to_esto_pairs,,,,
"09.01.01,09.02.01 Electricity plants",07.14 Bitumen,False,active_mapping,leap_combined_esto|ninth_pairs_to_esto_pairs,,,,
"09.01.01,09.02.01 Electricity plants",07.16 Petroleum coke,False,active_mapping,leap_combined_esto|ninth_pairs_to_esto_pairs,,,,
"09.01.01,09.02.01 Electricity plants",07.17 Other products,False,active_mapping,leap_combined_esto|ninth_pairs_to_esto_pairs,,,,
"09.01.01,09.02.01 Electricity plants",07.99 PetProd nonspecified,False,active_mapping,leap_combined_esto|ninth_pairs_to_esto_pairs,,,,
"09.01.01,09.02.01 Electricity plants",08.01 Natural gas,False,active_mapping,leap_combined_esto|ninth_pairs_to_esto_pairs,,,,
"09.01.01,09.02.01 Electricity plants",08.02 LNG,False,active_mapping,leap_combined_esto|ninth_pairs_to_esto_pairs,,,,
"09.01.01,09.02.01 Electricity plants",08.03 Gas works gas,False,active_mapping,leap_combined_esto|ninth_pairs_to_esto_pairs,,,,
"09.01.01,09.02.01 Electricity plants",09 Nuclear,False,active_mapping,leap_combined_esto|ninth_pairs_to_esto_pairs,,,,
"09.01.01,09.02.01 Electricity plants",10 Hydro,False,active_mapping,leap_combined_esto|ninth_pairs_to_esto_pairs,,,,
"09.01.01,09.02.01 Electricity plants",11 Geothermal,False,active_mapping,leap_combined_esto|ninth_pairs_to_esto_pairs,,,,
"09.01.01,09.02.01 Electricity plants",12.01 of which: Photovoltaics,False,active_mapping,leap_combined_esto|ninth_pairs_to_esto_pairs,,,,
"09.01.01,09.02.01 Electricity plants",12.99 Solar nonspecified,False,active_mapping,leap_combined_esto|ninth_pairs_to_esto_pairs,,,,
"09.01.01,09.02.01 Electricity plants","13 Tide, wave, ocean",False,active_mapping,ninth_pairs_to_esto_pairs,,,,
"09.01.01,09.02.01 Electricity plants",14 Wind,False,active_mapping,leap_combined_esto|ninth_pairs_to_esto_pairs,,,,
"09.01.01,09.02.01 Electricity plants",15.01 Fuelwood & woodwaste,False,active_mapping,leap_combined_esto|ninth_pairs_to_esto_pairs,,,,
"09.01.01,09.02.01 Electricity plants",15.02 Bagasse,False,active_mapping,leap_combined_esto|ninth_pairs_to_esto_pairs,,,,
"09.01.01,09.02.01 Electricity plants",15.04 Black liquor,False,active_mapping,leap_combined_esto|ninth_pairs_to_esto_pairs,,,,
"09.01.01,09.02.01 Electricity plants",15.05 Other biomass,False,active_mapping,leap_combined_esto|ninth_pairs_to_esto_pairs,,,,
"09.01.01,09.02.01 Electricity plants",16.01 Biogas,False,active_mapping,leap_combined_esto|ninth_pairs_to_esto_pairs,,,,
"09.01.01,09.02.01 Electricity plants",16.02 Industrial waste,False,active_mapping,leap_combined_esto|ninth_pairs_to_esto_pairs,,,,
"09.01.01,09.02.01 Electricity plants",16.03 Municipal solid waste (renewable),False,active_mapping,leap_combined_esto|ninth_pairs_to_esto_pairs,,,,
"09.01.01,09.02.01 Electricity plants",16.04 Municipal solid waste (non-renewable),False,active_mapping,leap_combined_esto|ninth_pairs_to_esto_pairs,,,,
"09.01.01,09.02.01 Electricity plants",16.06 Biodiesel,False,active_mapping,leap_combined_esto|ninth_pairs_to_esto_pairs,,,,
"09.01.01,09.02.01 Electricity plants",16.08 Other liquid biofuels,False,active_mapping,leap_combined_esto|ninth_pairs_to_esto_pairs,,,,
"09.01.01,09.02.01 Electricity plants",16.09 Other sources,False,active_mapping,leap_combined_esto|ninth_pairs_to_esto_pairs,,,,
"09.01.01,09.02.01 Electricity plants",16.10 Ammonia,False,active_mapping,leap_combined_esto|ninth_pairs_to_esto_pairs,,,,
"09.01.01,09.02.01 Electricity plants",16.12 Hydrogen,False,active_mapping,leap_combined_esto|ninth_pairs_to_esto_pairs,,,,
"09.01.01,09.02.01 Electricity plants",17 Electricity,False,active_mapping,leap_combined_esto|ninth_pairs_to_esto_pairs,,,,
"09.01.01,09.02.01 Electricity plants",18 Heat,False,active_mapping,leap_combined_esto|ninth_pairs_to_esto_pairs,,,,
"09.01.01.01,09.02.01.01 Coal power",01.01 Coking coal,False,active_mapping,leap_combined_esto,,,,
"09.01.01.01,09.02.01.01 Coal power",01.02 Other bituminous coal,False,active_mapping,leap_combined_esto,,,,
"09.01.01.01,09.02.01.01 Coal power",01.03 Sub-bituminous coal,False,active_mapping,leap_combined_esto,,,,
"09.01.01.01,09.02.01.01 Coal power",01.04 Anthracite,False,active_mapping,leap_combined_esto,,,,
"09.01.01.01,09.02.01.01 Coal power",01.05 Lignite,False,active_mapping,leap_combined_esto,,,,
"09.01.01.01,09.02.01.01 Coal power",01.99 Coal nonspecified,False,active_mapping,leap_combined_esto,,,,
"09.01.01.01,09.02.01.01 Coal power",02.01 Coke oven coke,False,active_mapping,leap_combined_esto,,,,
"09.01.01.01,09.02.01.01 Coal power",02.02 Gas coke,False,active_mapping,leap_combined_esto,,,,
"09.01.01.01,09.02.01.01 Coal power",02.03 Coke oven gas,False,active_mapping,leap_combined_esto,,,,
"09.01.01.01,09.02.01.01 Coal power",02.04 Blast furnace gas,False,active_mapping,leap_combined_esto,,,,
"09.01.01.01,09.02.01.01 Coal power",02.05 Other recovered gases,False,active_mapping,leap_combined_esto,,,,
"09.01.01.01,09.02.01.01 Coal power",02.06 Patent fuel,False,active_mapping,leap_combined_esto,,,,
"09.01.01.01,09.02.01.01 Coal power",02.07 Coal tar,False,active_mapping,leap_combined_esto,,,,
"09.01.01.01,09.02.01.01 Coal power",02.08 BKB/PB,False,active_mapping,leap_combined_esto,,,,
"09.01.01.01,09.02.01.01 Coal power",03 Peat,False,active_mapping,leap_combined_esto,,,,
"09.01.01.01,09.02.01.01 Coal power",04 Peat products,False,active_mapping,leap_combined_esto,,,,
"09.01.01.01,09.02.01.01 Coal power",06.01 Crude oil,False,active_mapping,leap_combined_esto,,,,
"09.01.01.01,09.02.01.01 Coal power",06.02 Natural gas liquids,False,active_mapping,leap_combined_esto,,,,
"09.01.01.01,09.02.01.01 Coal power",06.04 Additives/ oxygenates,False,active_mapping,leap_combined_esto,,,,
"09.01.01.01,09.02.01.01 Coal power",07.01 Motor gasoline,False,active_mapping,leap_combined_esto,,,,
"09.01.01.01,09.02.01.01 Coal power",07.02 Aviation gasoline,False,active_mapping,leap_combined_esto,,,,
"09.01.01.01,09.02.01.01 Coal power",07.03 Naphtha,False,active_mapping,leap_combined_esto,,,,
"09.01.01.01,09.02.01.01 Coal power",07.04 Gasoline type jet fuel,False,active_mapping,leap_combined_esto,,,,
"09.01.01.01,09.02.01.01 Coal power",07.05 Kerosene type jet fuel,False,active_mapping,leap_combined_esto,,,,
"09.01.01.01,09.02.01.01 Coal power",07.06 Kerosene,False,active_mapping,leap_combined_esto,,,,
"09.01.01.01,09.02.01.01 Coal power",07.07 Gas/diesel oil,False,active_mapping,leap_combined_esto,,,,
"09.01.01.01,09.02.01.01 Coal power",07.08 Fuel oil,False,active_mapping,leap_combined_esto,,,,
"09.01.01.01,09.02.01.01 Coal power",07.09 LPG,False,active_mapping,leap_combined_esto,,,,
"09.01.01.01,09.02.01.01 Coal power",07.10 Refinery gas (not liquefied),False,active_mapping,leap_combined_esto,,,,
"09.01.01.01,09.02.01.01 Coal power",07.11 Ethane,False,active_mapping,leap_combined_esto,,,,
"09.01.01.01,09.02.01.01 Coal power",07.12 White spirit SBP,False,active_mapping,leap_combined_esto,,,,
"09.01.01.01,09.02.01.01 Coal power",07.13 Lubricants,False,active_mapping,leap_combined_esto,,,,
"09.01.01.01,09.02.01.01 Coal power",07.14 Bitumen,False,active_mapping,leap_combined_esto,,,,
"09.01.01.01,09.02.01.01 Coal power",07.15 Paraffin waxes,False,active_mapping,leap_combined_esto,,,,
"09.01.01.01,09.02.01.01 Coal power",07.16 Petroleum coke,False,active_mapping,leap_combined_esto,,,,
"09.01.01.01,09.02.01.01 Coal power",07.17 Other products,False,active_mapping,leap_combined_esto,,,,
"09.01.01.01,09.02.01.01 Coal power",07.99 PetProd nonspecified,False,active_mapping,leap_combined_esto,,,,
"09.01.01.01,09.02.01.01 Coal power",08.01 Natural gas,False,active_mapping,leap_combined_esto,,,,
"09.01.01.01,09.02.01.01 Coal power",08.02 LNG,False,active_mapping,leap_combined_esto,,,,
"09.01.01.01,09.02.01.01 Coal power",08.03 Gas works gas,False,active_mapping,leap_combined_esto,,,,
"09.01.01.01,09.02.01.01 Coal power",08.99 Gas nonspecified,False,active_mapping,leap_combined_esto,,,,
"09.01.01.01,09.02.01.01 Coal power",09 Nuclear,False,active_mapping,leap_combined_esto,,,,
"09.01.01.01,09.02.01.01 Coal power",10 Hydro,False,active_mapping,leap_combined_esto,,,,
"09.01.01.01,09.02.01.01 Coal power",11 Geothermal,False,active_mapping,leap_combined_esto,,,,
"09.01.01.01,09.02.01.01 Coal power",12.01 of which: Photovoltaics,False,active_mapping,leap_combined_esto,,,,
"09.01.01.01,09.02.01.01 Coal power",12.99 Solar nonspecified,False,active_mapping,leap_combined_esto,,,,
"09.01.01.01,09.02.01.01 Coal power",14 Wind,False,active_mapping,leap_combined_esto,,,,
"09.01.01.01,09.02.01.01 Coal power",15.01 Fuelwood & woodwaste,False,active_mapping,leap_combined_esto,,,,
"09.01.01.01,09.02.01.01 Coal power",15.02 Bagasse,False,active_mapping,leap_combined_esto,,,,
"09.01.01.01,09.02.01.01 Coal power",15.03 Charcoal,False,active_mapping,leap_combined_esto,,,,
"09.01.01.01,09.02.01.01 Coal power",15.04 Black liquor,False,active_mapping,leap_combined_esto,,,,
"09.01.01.01,09.02.01.01 Coal power",15.05 Other biomass,False,active_mapping,leap_combined_esto,,,,
"09.01.01.01,09.02.01.01 Coal power",16.01 Biogas,False,active_mapping,leap_combined_esto,,,,
"09.01.01.01,09.02.01.01 Coal power",16.02 Industrial waste,False,active_mapping,leap_combined_esto,,,,
"09.01.01.01,09.02.01.01 Coal power",16.03 Municipal solid waste (renewable),False,active_mapping,leap_combined_esto,,,,
"09.01.01.01,09.02.01.01 Coal power",16.04 Municipal solid waste (non-renewable),False,active_mapping,leap_combined_esto,,,,
"09.01.01.01,09.02.01.01 Coal power",16.05 Biogasoline,False,active_mapping,leap_combined_esto,,,,
"09.01.01.01,09.02.01.01 Coal power",16.06 Biodiesel,False,active_mapping,leap_combined_esto,,,,
"09.01.01.01,09.02.01.01 Coal power",16.07 Bio jet kerosene,False,active_mapping,leap_combined_esto,,,,
"09.01.01.01,09.02.01.01 Coal power",16.08 Other liquid biofuels,False,active_mapping,leap_combined_esto,,,,
"09.01.01.01,09.02.01.01 Coal power",16.09 Other sources,False,active_mapping,leap_combined_esto,,,,
"09.01.01.01,09.02.01.01 Coal power",16.10 Ammonia,False,active_mapping,leap_combined_esto,,,,
"09.01.01.01,09.02.01.01 Coal power",16.11 E-fuel,False,active_mapping,leap_combined_esto,,,,
"09.01.01.01,09.02.01.01 Coal power",16.12 Hydrogen,False,active_mapping,leap_combined_esto,,,,
"09.01.01.01,09.02.01.01 Coal power",17 Electricity,False,active_mapping,leap_combined_esto,,,,
"09.01.01.01,09.02.01.01 Coal power",18 Heat,False,active_mapping,leap_combined_esto,,,,
"09.01.01.02,09.02.01.02 Coal power CCS",01.01 Coking coal,False,active_mapping,leap_combined_esto,,,,
"09.01.01.02,09.02.01.02 Coal power CCS",01.02 Other bituminous coal,False,active_mapping,leap_combined_esto,,,,
"09.01.01.02,09.02.01.02 Coal power CCS",01.03 Sub-bituminous coal,False,active_mapping,leap_combined_esto,,,,
"09.01.01.02,09.02.01.02 Coal power CCS",01.04 Anthracite,False,active_mapping,leap_combined_esto,,,,
"09.01.01.02,09.02.01.02 Coal power CCS",01.05 Lignite,False,active_mapping,leap_combined_esto,,,,
"09.01.01.02,09.02.01.02 Coal power CCS",01.99 Coal nonspecified,False,active_mapping,leap_combined_esto,,,,
"09.01.01.02,09.02.01.02 Coal power CCS",02.01 Coke oven coke,False,active_mapping,leap_combined_esto,,,,
"09.01.01.02,09.02.01.02 Coal power CCS",02.02 Gas coke,False,active_mapping,leap_combined_esto,,,,
"09.01.01.02,09.02.01.02 Coal power CCS",02.03 Coke oven gas,False,active_mapping,leap_combined_esto,,,,
"09.01.01.02,09.02.01.02 Coal power CCS",02.04 Blast furnace gas,False,active_mapping,leap_combined_esto,,,,
"09.01.01.02,09.02.01.02 Coal power CCS",02.05 Other recovered gases,False,active_mapping,leap_combined_esto,,,,
"09.01.01.02,09.02.01.02 Coal power CCS",02.06 Patent fuel,False,active_mapping,leap_combined_esto,,,,
"09.01.01.02,09.02.01.02 Coal power CCS",02.07 Coal tar,False,active_mapping,leap_combined_esto,,,,
"09.01.01.02,09.02.01.02 Coal power CCS",02.08 BKB/PB,False,active_mapping,leap_combined_esto,,,,
"09.01.01.02,09.02.01.02 Coal power CCS",03 Peat,False,active_mapping,leap_combined_esto,,,,
"09.01.01.02,09.02.01.02 Coal power CCS",04 Peat products,False,active_mapping,leap_combined_esto,,,,
"09.01.01.02,09.02.01.02 Coal power CCS",06.01 Crude oil,False,active_mapping,leap_combined_esto,,,,
"09.01.01.02,09.02.01.02 Coal power CCS",06.02 Natural gas liquids,False,active_mapping,leap_combined_esto,,,,
"09.01.01.02,09.02.01.02 Coal power CCS",06.04 Additives/ oxygenates,False,active_mapping,leap_combined_esto,,,,
"09.01.01.02,09.02.01.02 Coal power CCS",07.01 Motor gasoline,False,active_mapping,leap_combined_esto,,,,
"09.01.01.02,09.02.01.02 Coal power CCS",07.02 Aviation gasoline,False,active_mapping,leap_combined_esto,,,,
"09.01.01.02,09.02.01.02 Coal power CCS",07.03 Naphtha,False,active_mapping,leap_combined_esto,,,,
"09.01.01.02,09.02.01.02 Coal power CCS",07.04 Gasoline type jet fuel,False,active_mapping,leap_combined_esto,,,,
"09.01.01.02,09.02.01.02 Coal power CCS",07.05 Kerosene type jet fuel,False,active_mapping,leap_combined_esto,,,,
"09.01.01.02,09.02.01.02 Coal power CCS",07.06 Kerosene,False,active_mapping,leap_combined_esto,,,,
"09.01.01.02,09.02.01.02 Coal power CCS",07.07 Gas/diesel oil,False,active_mapping,leap_combined_esto,,,,
"09.01.01.02,09.02.01.02 Coal power CCS",07.08 Fuel oil,False,active_mapping,leap_combined_esto,,,,
"09.01.01.02,09.02.01.02 Coal power CCS",07.09 LPG,False,active_mapping,leap_combined_esto,,,,
"09.01.01.02,09.02.01.02 Coal power CCS",07.10 Refinery gas (not liquefied),False,active_mapping,leap_combined_esto,,,,
"09.01.01.02,09.02.01.02 Coal power CCS",07.11 Ethane,False,active_mapping,leap_combined_esto,,,,
"09.01.01.02,09.02.01.02 Coal power CCS",07.12 White spirit SBP,False,active_mapping,leap_combined_esto,,,,
"09.01.01.02,09.02.01.02 Coal power CCS",07.13 Lubricants,False,active_mapping,leap_combined_esto,,,,
"09.01.01.02,09.02.01.02 Coal power CCS",07.14 Bitumen,False,active_mapping,leap_combined_esto,,,,
"09.01.01.02,09.02.01.02 Coal power CCS",07.15 Paraffin waxes,False,active_mapping,leap_combined_esto,,,,
"09.01.01.02,09.02.01.02 Coal power CCS",07.16 Petroleum coke,False,active_mapping,leap_combined_esto,,,,
"09.01.01.02,09.02.01.02 Coal power CCS",07.17 Other products,False,active_mapping,leap_combined_esto,,,,
"09.01.01.02,09.02.01.02 Coal power CCS",07.99 PetProd nonspecified,False,active_mapping,leap_combined_esto,,,,
"09.01.01.02,09.02.01.02 Coal power CCS",08.01 Natural gas,False,active_mapping,leap_combined_esto,,,,
"09.01.01.02,09.02.01.02 Coal power CCS",08.02 LNG,False,active_mapping,leap_combined_esto,,,,
"09.01.01.02,09.02.01.02 Coal power CCS",08.03 Gas works gas,False,active_mapping,leap_combined_esto,,,,
"09.01.01.02,09.02.01.02 Coal power CCS",08.99 Gas nonspecified,False,active_mapping,leap_combined_esto,,,,
"09.01.01.02,09.02.01.02 Coal power CCS",09 Nuclear,False,active_mapping,leap_combined_esto,,,,
"09.01.01.02,09.02.01.02 Coal power CCS",10 Hydro,False,active_mapping,leap_combined_esto,,,,
"09.01.01.02,09.02.01.02 Coal power CCS",11 Geothermal,False,active_mapping,leap_combined_esto,,,,
"09.01.01.02,09.02.01.02 Coal power CCS",12.01 of which: Photovoltaics,False,active_mapping,leap_combined_esto,,,,
"09.01.01.02,09.02.01.02 Coal power CCS",12.99 Solar nonspecified,False,active_mapping,leap_combined_esto,,,,
"09.01.01.02,09.02.01.02 Coal power CCS",14 Wind,False,active_mapping,leap_combined_esto,,,,
"09.01.01.02,09.02.01.02 Coal power CCS",15.01 Fuelwood & woodwaste,False,active_mapping,leap_combined_esto,,,,
"09.01.01.02,09.02.01.02 Coal power CCS",15.02 Bagasse,False,active_mapping,leap_combined_esto,,,,
"09.01.01.02,09.02.01.02 Coal power CCS",15.03 Charcoal,False,active_mapping,leap_combined_esto,,,,
"09.01.01.02,09.02.01.02 Coal power CCS",15.04 Black liquor,False,active_mapping,leap_combined_esto,,,,
"09.01.01.02,09.02.01.02 Coal power CCS",15.05 Other biomass,False,active_mapping,leap_combined_esto,,,,
"09.01.01.02,09.02.01.02 Coal power CCS",16.01 Biogas,False,active_mapping,leap_combined_esto,,,,
"09.01.01.02,09.02.01.02 Coal power CCS",16.02 Industrial waste,False,active_mapping,leap_combined_esto,,,,
"09.01.01.02,09.02.01.02 Coal power CCS",16.03 Municipal solid waste (renewable),False,active_mapping,leap_combined_esto,,,,
"09.01.01.02,09.02.01.02 Coal power CCS",16.04 Municipal solid waste (non-renewable),False,active_mapping,leap_combined_esto,,,,
"09.01.01.02,09.02.01.02 Coal power CCS",16.05 Biogasoline,False,active_mapping,leap_combined_esto,,,,
"09.01.01.02,09.02.01.02 Coal power CCS",16.06 Biodiesel,False,active_mapping,leap_combined_esto,,,,
"09.01.01.02,09.02.01.02 Coal power CCS",16.07 Bio jet kerosene,False,active_mapping,leap_combined_esto,,,,
"09.01.01.02,09.02.01.02 Coal power CCS",16.08 Other liquid biofuels,False,active_mapping,leap_combined_esto,,,,
"09.01.01.02,09.02.01.02 Coal power CCS",16.09 Other sources,False,active_mapping,leap_combined_esto,,,,
"09.01.01.02,09.02.01.02 Coal power CCS",16.10 Ammonia,False,active_mapping,leap_combined_esto,,,,
"09.01.01.02,09.02.01.02 Coal power CCS",16.11 E-fuel,False,active_mapping,leap_combined_esto,,,,
"09.01.01.02,09.02.01.02 Coal power CCS",16.12 Hydrogen,False,active_mapping,leap_combined_esto,,,,
"09.01.01.02,09.02.01.02 Coal power CCS",17 Electricity,False,active_mapping,leap_combined_esto,,,,
"09.01.01.02,09.02.01.02 Coal power CCS",18 Heat,False,active_mapping,leap_combined_esto,,,,
"09.01.01.03,09.02.01.03 Coal hydrogen blended",01.01 Coking coal,False,active_mapping,leap_combined_esto,,,,
"09.01.01.03,09.02.01.03 Coal hydrogen blended",01.02 Other bituminous coal,False,active_mapping,leap_combined_esto,,,,
"09.01.01.03,09.02.01.03 Coal hydrogen blended",01.03 Sub-bituminous coal,False,active_mapping,leap_combined_esto,,,,
"09.01.01.03,09.02.01.03 Coal hydrogen blended",01.04 Anthracite,False,active_mapping,leap_combined_esto,,,,
"09.01.01.03,09.02.01.03 Coal hydrogen blended",01.05 Lignite,False,active_mapping,leap_combined_esto,,,,
"09.01.01.03,09.02.01.03 Coal hydrogen blended",01.99 Coal nonspecified,False,active_mapping,leap_combined_esto,,,,
"09.01.01.03,09.02.01.03 Coal hydrogen blended",02.01 Coke oven coke,False,active_mapping,leap_combined_esto,,,,
"09.01.01.03,09.02.01.03 Coal hydrogen blended",02.02 Gas coke,False,active_mapping,leap_combined_esto,,,,
"09.01.01.03,09.02.01.03 Coal hydrogen blended",02.03 Coke oven gas,False,active_mapping,leap_combined_esto,,,,
"09.01.01.03,09.02.01.03 Coal hydrogen blended",02.04 Blast furnace gas,False,active_mapping,leap_combined_esto,,,,
"09.01.01.03,09.02.01.03 Coal hydrogen blended",02.05 Other recovered gases,False,active_mapping,leap_combined_esto,,,,
"09.01.01.03,09.02.01.03 Coal hydrogen blended",02.06 Patent fuel,False,active_mapping,leap_combined_esto,,,,
"09.01.01.03,09.02.01.03 Coal hydrogen blended",02.07 Coal tar,False,active_mapping,leap_combined_esto,,,,
"09.01.01.03,09.02.01.03 Coal hydrogen blended",02.08 BKB/PB,False,active_mapping,leap_combined_esto,,,,
"09.01.01.03,09.02.01.03 Coal hydrogen blended",03 Peat,False,active_mapping,leap_combined_esto,,,,
"09.01.01.03,09.02.01.03 Coal hydrogen blended",04 Peat products,False,active_mapping,leap_combined_esto,,,,
"09.01.01.03,09.02.01.03 Coal hydrogen blended",06.01 Crude oil,False,active_mapping,leap_combined_esto,,,,
"09.01.01.03,09.02.01.03 Coal hydrogen blended",06.02 Natural gas liquids,False,active_mapping,leap_combined_esto,,,,
"09.01.01.03,09.02.01.03 Coal hydrogen blended",06.04 Additives/ oxygenates,False,active_mapping,leap_combined_esto,,,,
"09.01.01.03,09.02.01.03 Coal hydrogen blended",07.01 Motor gasoline,False,active_mapping,leap_combined_esto,,,,
"09.01.01.03,09.02.01.03 Coal hydrogen blended",07.02 Aviation gasoline,False,active_mapping,leap_combined_esto,,,,
"09.01.01.03,09.02.01.03 Coal hydrogen blended",07.03 Naphtha,False,active_mapping,leap_combined_esto,,,,
"09.01.01.03,09.02.01.03 Coal hydrogen blended",07.04 Gasoline type jet fuel,False,active_mapping,leap_combined_esto,,,,
"09.01.01.03,09.02.01.03 Coal hydrogen blended",07.05 Kerosene type jet fuel,False,active_mapping,leap_combined_esto,,,,
"09.01.01.03,09.02.01.03 Coal hydrogen blended",07.06 Kerosene,False,active_mapping,leap_combined_esto,,,,
"09.01.01.03,09.02.01.03 Coal hydrogen blended",07.07 Gas/diesel oil,False,active_mapping,leap_combined_esto,,,,
"09.01.01.03,09.02.01.03 Coal hydrogen blended",07.08 Fuel oil,False,active_mapping,leap_combined_esto,,,,
"09.01.01.03,09.02.01.03 Coal hydrogen blended",07.09 LPG,False,active_mapping,leap_combined_esto,,,,
"09.01.01.03,09.02.01.03 Coal hydrogen blended",07.10 Refinery gas (not liquefied),False,active_mapping,leap_combined_esto,,,,
"09.01.01.03,09.02.01.03 Coal hydrogen blended",07.11 Ethane,False,active_mapping,leap_combined_esto,,,,
"09.01.01.03,09.02.01.03 Coal hydrogen blended",07.12 White spirit SBP,False,active_mapping,leap_combined_esto,,,,
"09.01.01.03,09.02.01.03 Coal hydrogen blended",07.13 Lubricants,False,active_mapping,leap_combined_esto,,,,
"09.01.01.03,09.02.01.03 Coal hydrogen blended",07.14 Bitumen,False,active_mapping,leap_combined_esto,,,,
"09.01.01.03,09.02.01.03 Coal hydrogen blended",07.15 Paraffin waxes,False,active_mapping,leap_combined_esto,,,,
"09.01.01.03,09.02.01.03 Coal hydrogen blended",07.16 Petroleum coke,False,active_mapping,leap_combined_esto,,,,
"09.01.01.03,09.02.01.03 Coal hydrogen blended",07.17 Other products,False,active_mapping,leap_combined_esto,,,,
"09.01.01.03,09.02.01.03 Coal hydrogen blended",07.99 PetProd nonspecified,False,active_mapping,leap_combined_esto,,,,
"09.01.01.03,09.02.01.03 Coal hydrogen blended",08.01 Natural gas,False,active_mapping,leap_combined_esto,,,,
"09.01.01.03,09.02.01.03 Coal hydrogen blended",08.02 LNG,False,active_mapping,leap_combined_esto,,,,
"09.01.01.03,09.02.01.03 Coal hydrogen blended",08.03 Gas works gas,False,active_mapping,leap_combined_esto,,,,
"09.01.01.03,09.02.01.03 Coal hydrogen blended",08.99 Gas nonspecified,False,active_mapping,leap_combined_esto,,,,
"09.01.01.03,09.02.01.03 Coal hydrogen blended",09 Nuclear,False,active_mapping,leap_combined_esto,,,,
"09.01.01.03,09.02.01.03 Coal hydrogen blended",10 Hydro,False,active_mapping,leap_combined_esto,,,,
"09.01.01.03,09.02.01.03 Coal hydrogen blended",11 Geothermal,False,active_mapping,leap_combined_esto,,,,
"09.01.01.03,09.02.01.03 Coal hydrogen blended",12.01 of which: Photovoltaics,False,active_mapping,leap_combined_esto,,,,
"09.01.01.03,09.02.01.03 Coal hydrogen blended",12.99 Solar nonspecified,False,active_mapping,leap_combined_esto,,,,
"09.01.01.03,09.02.01.03 Coal hydrogen blended",14 Wind,False,active_mapping,leap_combined_esto,,,,
"09.01.01.03,09.02.01.03 Coal hydrogen blended",15.01 Fuelwood & woodwaste,False,active_mapping,leap_combined_esto,,,,
"09.01.01.03,09.02.01.03 Coal hydrogen blended",15.02 Bagasse,False,active_mapping,leap_combined_esto,,,,
"09.01.01.03,09.02.01.03 Coal hydrogen blended",15.03 Charcoal,False,active_mapping,leap_combined_esto,,,,
"09.01.01.03,09.02.01.03 Coal hydrogen blended",15.04 Black liquor,False,active_mapping,leap_combined_esto,,,,
"09.01.01.03,09.02.01.03 Coal hydrogen blended",15.05 Other biomass,False,active_mapping,leap_combined_esto,,,,
"09.01.01.03,09.02.01.03 Coal hydrogen blended",16.01 Biogas,False,active_mapping,leap_combined_esto,,,,
"09.01.01.03,09.02.01.03 Coal hydrogen blended",16.02 Industrial waste,False,active_mapping,leap_combined_esto,,,,
"09.01.01.03,09.02.01.03 Coal hydrogen blended",16.03 Municipal solid waste (renewable),False,active_mapping,leap_combined_esto,,,,
"09.01.01.03,09.02.01.03 Coal hydrogen blended",16.04 Municipal solid waste (non-renewable),False,active_mapping,leap_combined_esto,,,,
"09.01.01.03,09.02.01.03 Coal hydrogen blended",16.05 Biogasoline,False,active_mapping,leap_combined_esto,,,,
"09.01.01.03,09.02.01.03 Coal hydrogen blended",16.06 Biodiesel,False,active_mapping,leap_combined_esto,,,,
"09.01.01.03,09.02.01.03 Coal hydrogen blended",16.07 Bio jet kerosene,False,active_mapping,leap_combined_esto,,,,
"09.01.01.03,09.02.01.03 Coal hydrogen blended",16.08 Other liquid biofuels,False,active_mapping,leap_combined_esto,,,,
"09.01.01.03,09.02.01.03 Coal hydrogen blended",16.09 Other sources,False,active_mapping,leap_combined_esto,,,,
"09.01.01.03,09.02.01.03 Coal hydrogen blended",16.10 Ammonia,False,active_mapping,leap_combined_esto,,,,
"09.01.01.03,09.02.01.03 Coal hydrogen blended",16.11 E-fuel,False,active_mapping,leap_combined_esto,,,,
"09.01.01.03,09.02.01.03 Coal hydrogen blended",16.12 Hydrogen,False,active_mapping,leap_combined_esto,,,,
"09.01.01.03,09.02.01.03 Coal hydrogen blended",17 Electricity,False,active_mapping,leap_combined_esto,,,,
"09.01.01.03,09.02.01.03 Coal hydrogen blended",18 Heat,False,active_mapping,leap_combined_esto,,,,
"09.01.01.04,09.02.01.04 Gas power",01.01 Coking coal,False,active_mapping,leap_combined_esto,,,,
"09.01.01.04,09.02.01.04 Gas power",01.02 Other bituminous coal,False,active_mapping,leap_combined_esto,,,,
"09.01.01.04,09.02.01.04 Gas power",01.03 Sub-bituminous coal,False,active_mapping,leap_combined_esto,,,,
"09.01.01.04,09.02.01.04 Gas power",01.04 Anthracite,False,active_mapping,leap_combined_esto,,,,
"09.01.01.04,09.02.01.04 Gas power",01.05 Lignite,False,active_mapping,leap_combined_esto,,,,
"09.01.01.04,09.02.01.04 Gas power",01.99 Coal nonspecified,False,active_mapping,leap_combined_esto,,,,
"09.01.01.04,09.02.01.04 Gas power",02.01 Coke oven coke,False,active_mapping,leap_combined_esto,,,,
"09.01.01.04,09.02.01.04 Gas power",02.02 Gas coke,False,active_mapping,leap_combined_esto,,,,
"09.01.01.04,09.02.01.04 Gas power",02.03 Coke oven gas,False,active_mapping,leap_combined_esto,,,,
"09.01.01.04,09.02.01.04 Gas power",02.04 Blast furnace gas,False,active_mapping,leap_combined_esto,,,,
"09.01.01.04,09.02.01.04 Gas power",02.05 Other recovered gases,False,active_mapping,leap_combined_esto,,,,
"09.01.01.04,09.02.01.04 Gas power",02.06 Patent fuel,False,active_mapping,leap_combined_esto,,,,
"09.01.01.04,09.02.01.04 Gas power",02.07 Coal tar,False,active_mapping,leap_combined_esto,,,,
"09.01.01.04,09.02.01.04 Gas power",02.08 BKB/PB,False,active_mapping,leap_combined_esto,,,,
"09.01.01.04,09.02.01.04 Gas power",03 Peat,False,active_mapping,leap_combined_esto,,,,
"09.01.01.04,09.02.01.04 Gas power",04 Peat products,False,active_mapping,leap_combined_esto,,,,
"09.01.01.04,09.02.01.04 Gas power",06.01 Crude oil,False,active_mapping,leap_combined_esto,,,,
"09.01.01.04,09.02.01.04 Gas power",06.02 Natural gas liquids,False,active_mapping,leap_combined_esto,,,,
"09.01.01.04,09.02.01.04 Gas power",06.04 Additives/ oxygenates,False,active_mapping,leap_combined_esto,,,,
"09.01.01.04,09.02.01.04 Gas power",07.01 Motor gasoline,False,active_mapping,leap_combined_esto,,,,
"09.01.01.04,09.02.01.04 Gas power",07.02 Aviation gasoline,False,active_mapping,leap_combined_esto,,,,
"09.01.01.04,09.02.01.04 Gas power",07.03 Naphtha,False,active_mapping,leap_combined_esto,,,,
"09.01.01.04,09.02.01.04 Gas power",07.04 Gasoline type jet fuel,False,active_mapping,leap_combined_esto,,,,
"09.01.01.04,09.02.01.04 Gas power",07.05 Kerosene type jet fuel,False,active_mapping,leap_combined_esto,,,,
"09.01.01.04,09.02.01.04 Gas power",07.06 Kerosene,False,active_mapping,leap_combined_esto,,,,
"09.01.01.04,09.02.01.04 Gas power",07.07 Gas/diesel oil,False,active_mapping,leap_combined_esto,,,,
"09.01.01.04,09.02.01.04 Gas power",07.08 Fuel oil,False,active_mapping,leap_combined_esto,,,,
"09.01.01.04,09.02.01.04 Gas power",07.09 LPG,False,active_mapping,leap_combined_esto,,,,
"09.01.01.04,09.02.01.04 Gas power",07.10 Refinery gas (not liquefied),False,active_mapping,leap_combined_esto,,,,
"09.01.01.04,09.02.01.04 Gas power",07.11 Ethane,False,active_mapping,leap_combined_esto,,,,
"09.01.01.04,09.02.01.04 Gas power",07.12 White spirit SBP,False,active_mapping,leap_combined_esto,,,,
"09.01.01.04,09.02.01.04 Gas power",07.13 Lubricants,False,active_mapping,leap_combined_esto,,,,
"09.01.01.04,09.02.01.04 Gas power",07.14 Bitumen,False,active_mapping,leap_combined_esto,,,,
"09.01.01.04,09.02.01.04 Gas power",07.15 Paraffin waxes,False,active_mapping,leap_combined_esto,,,,
"09.01.01.04,09.02.01.04 Gas power",07.16 Petroleum coke,False,active_mapping,leap_combined_esto,,,,
"09.01.01.04,09.02.01.04 Gas power",07.17 Other products,False,active_mapping,leap_combined_esto,,,,
"09.01.01.04,09.02.01.04 Gas power",07.99 PetProd nonspecified,False,active_mapping,leap_combined_esto,,,,
"09.01.01.04,09.02.01.04 Gas power",08.01 Natural gas,False,active_mapping,leap_combined_esto,,,,
"09.01.01.04,09.02.01.04 Gas power",08.02 LNG,False,active_mapping,leap_combined_esto,,,,
"09.01.01.04,09.02.01.04 Gas power",08.03 Gas works gas,False,active_mapping,leap_combined_esto,,,,
"09.01.01.04,09.02.01.04 Gas power",08.99 Gas nonspecified,False,active_mapping,leap_combined_esto,,,,
"09.01.01.04,09.02.01.04 Gas power",09 Nuclear,False,active_mapping,leap_combined_esto,,,,
"09.01.01.04,09.02.01.04 Gas power",10 Hydro,False,active_mapping,leap_combined_esto,,,,
"09.01.01.04,09.02.01.04 Gas power",11 Geothermal,False,active_mapping,leap_combined_esto,,,,
"09.01.01.04,09.02.01.04 Gas power",12.01 of which: Photovoltaics,False,active_mapping,leap_combined_esto,,,,
"09.01.01.04,09.02.01.04 Gas power",12.99 Solar nonspecified,False,active_mapping,leap_combined_esto,,,,
"09.01.01.04,09.02.01.04 Gas power",14 Wind,False,active_mapping,leap_combined_esto,,,,
"09.01.01.04,09.02.01.04 Gas power",15.01 Fuelwood & woodwaste,False,active_mapping,leap_combined_esto,,,,
"09.01.01.04,09.02.01.04 Gas power",15.02 Bagasse,False,active_mapping,leap_combined_esto,,,,
"09.01.01.04,09.02.01.04 Gas power",15.03 Charcoal,False,active_mapping,leap_combined_esto,,,,
"09.01.01.04,09.02.01.04 Gas power",15.04 Black liquor,False,active_mapping,leap_combined_esto,,,,
"09.01.01.04,09.02.01.04 Gas power",15.05 Other biomass,False,active_mapping,leap_combined_esto,,,,
"09.01.01.04,09.02.01.04 Gas power",16.01 Biogas,False,active_mapping,leap_combined_esto,,,,
"09.01.01.04,09.02.01.04 Gas power",16.02 Industrial waste,False,active_mapping,leap_combined_esto,,,,
"09.01.01.04,09.02.01.04 Gas power",16.03 Municipal solid waste (renewable),False,active_mapping,leap_combined_esto,,,,
"09.01.01.04,09.02.01.04 Gas power",16.04 Municipal solid waste (non-renewable),False,active_mapping,leap_combined_esto,,,,
"09.01.01.04,09.02.01.04 Gas power",16.05 Biogasoline,False,active_mapping,leap_combined_esto,,,,
"09.01.01.04,09.02.01.04 Gas power",16.06 Biodiesel,False,active_mapping,leap_combined_esto,,,,
"09.01.01.04,09.02.01.04 Gas power",16.07 Bio jet kerosene,False,active_mapping,leap_combined_esto,,,,
"09.01.01.04,09.02.01.04 Gas power",16.08 Other liquid biofuels,False,active_mapping,leap_combined_esto,,,,
"09.01.01.04,09.02.01.04 Gas power",16.09 Other sources,False,active_mapping,leap_combined_esto,,,,
"09.01.01.04,09.02.01.04 Gas power",16.10 Ammonia,False,active_mapping,leap_combined_esto,,,,
"09.01.01.04,09.02.01.04 Gas power",16.11 E-fuel,False,active_mapping,leap_combined_esto,,,,
"09.01.01.04,09.02.01.04 Gas power",16.12 Hydrogen,False,active_mapping,leap_combined_esto,,,,
"09.01.01.04,09.02.01.04 Gas power",17 Electricity,False,active_mapping,leap_combined_esto,,,,
"09.01.01.04,09.02.01.04 Gas power",18 Heat,False,active_mapping,leap_combined_esto,,,,
"09.01.01.05,09.02.01.05 Gas power CCS",01.01 Coking coal,False,active_mapping,leap_combined_esto,,,,
"09.01.01.05,09.02.01.05 Gas power CCS",01.02 Other bituminous coal,False,active_mapping,leap_combined_esto,,,,
"09.01.01.05,09.02.01.05 Gas power CCS",01.03 Sub-bituminous coal,False,active_mapping,leap_combined_esto,,,,
"09.01.01.05,09.02.01.05 Gas power CCS",01.04 Anthracite,False,active_mapping,leap_combined_esto,,,,
"09.01.01.05,09.02.01.05 Gas power CCS",01.05 Lignite,False,active_mapping,leap_combined_esto,,,,
"09.01.01.05,09.02.01.05 Gas power CCS",01.99 Coal nonspecified,False,active_mapping,leap_combined_esto,,,,
"09.01.01.05,09.02.01.05 Gas power CCS",02.01 Coke oven coke,False,active_mapping,leap_combined_esto,,,,
"09.01.01.05,09.02.01.05 Gas power CCS",02.02 Gas coke,False,active_mapping,leap_combined_esto,,,,
"09.01.01.05,09.02.01.05 Gas power CCS",02.03 Coke oven gas,False,active_mapping,leap_combined_esto,,,,
"09.01.01.05,09.02.01.05 Gas power CCS",02.04 Blast furnace gas,False,active_mapping,leap_combined_esto,,,,
"09.01.01.05,09.02.01.05 Gas power CCS",02.05 Other recovered gases,False,active_mapping,leap_combined_esto,,,,
"09.01.01.05,09.02.01.05 Gas power CCS",02.06 Patent fuel,False,active_mapping,leap_combined_esto,,,,
"09.01.01.05,09.02.01.05 Gas power CCS",02.07 Coal tar,False,active_mapping,leap_combined_esto,,,,
"09.01.01.05,09.02.01.05 Gas power CCS",02.08 BKB/PB,False,active_mapping,leap_combined_esto,,,,
"09.01.01.05,09.02.01.05 Gas power CCS",03 Peat,False,active_mapping,leap_combined_esto,,,,
"09.01.01.05,09.02.01.05 Gas power CCS",04 Peat products,False,active_mapping,leap_combined_esto,,,,
"09.01.01.05,09.02.01.05 Gas power CCS",06.01 Crude oil,False,active_mapping,leap_combined_esto,,,,
"09.01.01.05,09.02.01.05 Gas power CCS",06.02 Natural gas liquids,False,active_mapping,leap_combined_esto,,,,
"09.01.01.05,09.02.01.05 Gas power CCS",06.04 Additives/ oxygenates,False,active_mapping,leap_combined_esto,,,,
"09.01.01.05,09.02.01.05 Gas power CCS",07.01 Motor gasoline,False,active_mapping,leap_combined_esto,,,,
"09.01.01.05,09.02.01.05 Gas power CCS",07.02 Aviation gasoline,False,active_mapping,leap_combined_esto,,,,
"09.01.01.05,09.02.01.05 Gas power CCS",07.03 Naphtha,False,active_mapping,leap_combined_esto,,,,
"09.01.01.05,09.02.01.05 Gas power CCS",07.04 Gasoline type jet fuel,False,active_mapping,leap_combined_esto,,,,
"09.01.01.05,09.02.01.05 Gas power CCS",07.05 Kerosene type jet fuel,False,active_mapping,leap_combined_esto,,,,
"09.01.01.05,09.02.01.05 Gas power CCS",07.06 Kerosene,False,active_mapping,leap_combined_esto,,,,
"09.01.01.05,09.02.01.05 Gas power CCS",07.07 Gas/diesel oil,False,active_mapping,leap_combined_esto,,,,
"09.01.01.05,09.02.01.05 Gas power CCS",07.08 Fuel oil,False,active_mapping,leap_combined_esto,,,,
"09.01.01.05,09.02.01.05 Gas power CCS",07.09 LPG,False,active_mapping,leap_combined_esto,,,,
"09.01.01.05,09.02.01.05 Gas power CCS",07.10 Refinery gas (not liquefied),False,active_mapping,leap_combined_esto,,,,
"09.01.01.05,09.02.01.05 Gas power CCS",07.11 Ethane,False,active_mapping,leap_combined_esto,,,,
"09.01.01.05,09.02.01.05 Gas power CCS",07.12 White spirit SBP,False,active_mapping,leap_combined_esto,,,,
"09.01.01.05,09.02.01.05 Gas power CCS",07.13 Lubricants,False,active_mapping,leap_combined_esto,,,,
"09.01.01.05,09.02.01.05 Gas power CCS",07.14 Bitumen,False,active_mapping,leap_combined_esto,,,,
"09.01.01.05,09.02.01.05 Gas power CCS",07.15 Paraffin waxes,False,active_mapping,leap_combined_esto,,,,
"09.01.01.05,09.02.01.05 Gas power CCS",07.16 Petroleum coke,False,active_mapping,leap_combined_esto,,,,
"09.01.01.05,09.02.01.05 Gas power CCS",07.17 Other products,False,active_mapping,leap_combined_esto,,,,
"09.01.01.05,09.02.01.05 Gas power CCS",07.99 PetProd nonspecified,False,active_mapping,leap_combined_esto,,,,
"09.01.01.05,09.02.01.05 Gas power CCS",08.01 Natural gas,False,active_mapping,leap_combined_esto,,,,
"09.01.01.05,09.02.01.05 Gas power CCS",08.02 LNG,False,active_mapping,leap_combined_esto,,,,
"09.01.01.05,09.02.01.05 Gas power CCS",08.03 Gas works gas,False,active_mapping,leap_combined_esto,,,,
"09.01.01.05,09.02.01.05 Gas power CCS",08.99 Gas nonspecified,False,active_mapping,leap_combined_esto,,,,
"09.01.01.05,09.02.01.05 Gas power CCS",09 Nuclear,False,active_mapping,leap_combined_esto,,,,
"09.01.01.05,09.02.01.05 Gas power CCS",10 Hydro,False,active_mapping,leap_combined_esto,,,,
"09.01.01.05,09.02.01.05 Gas power CCS",11 Geothermal,False,active_mapping,leap_combined_esto,,,,
"09.01.01.05,09.02.01.05 Gas power CCS",12.01 of which: Photovoltaics,False,active_mapping,leap_combined_esto,,,,
"09.01.01.05,09.02.01.05 Gas power CCS",12.99 Solar nonspecified,False,active_mapping,leap_combined_esto,,,,
"09.01.01.05,09.02.01.05 Gas power CCS",14 Wind,False,active_mapping,leap_combined_esto,,,,
"09.01.01.05,09.02.01.05 Gas power CCS",15.01 Fuelwood & woodwaste,False,active_mapping,leap_combined_esto,,,,
"09.01.01.05,09.02.01.05 Gas power CCS",15.02 Bagasse,False,active_mapping,leap_combined_esto,,,,
"09.01.01.05,09.02.01.05 Gas power CCS",15.03 Charcoal,False,active_mapping,leap_combined_esto,,,,
"09.01.01.05,09.02.01.05 Gas power CCS",15.04 Black liquor,False,active_mapping,leap_combined_esto,,,,
"09.01.01.05,09.02.01.05 Gas power CCS",15.05 Other biomass,False,active_mapping,leap_combined_esto,,,,
"09.01.01.05,09.02.01.05 Gas power CCS",16.01 Biogas,False,active_mapping,leap_combined_esto,,,,
"09.01.01.05,09.02.01.05 Gas power CCS",16.02 Industrial waste,False,active_mapping,leap_combined_esto,,,,
"09.01.01.05,09.02.01.05 Gas power CCS",16.03 Municipal solid waste (renewable),False,active_mapping,leap_combined_esto,,,,
"09.01.01.05,09.02.01.05 Gas power CCS",16.04 Municipal solid waste (non-renewable),False,active_mapping,leap_combined_esto,,,,
"09.01.01.05,09.02.01.05 Gas power CCS",16.05 Biogasoline,False,active_mapping,leap_combined_esto,,,,
"09.01.01.05,09.02.01.05 Gas power CCS",16.06 Biodiesel,False,active_mapping,leap_combined_esto,,,,
"09.01.01.05,09.02.01.05 Gas power CCS",16.07 Bio jet kerosene,False,active_mapping,leap_combined_esto,,,,
"09.01.01.05,09.02.01.05 Gas power CCS",16.08 Other liquid biofuels,False,active_mapping,leap_combined_esto,,,,
"09.01.01.05,09.02.01.05 Gas power CCS",16.09 Other sources,False,active_mapping,leap_combined_esto,,,,
"09.01.01.05,09.02.01.05 Gas power CCS",16.10 Ammonia,False,active_mapping,leap_combined_esto,,,,
"09.01.01.05,09.02.01.05 Gas power CCS",16.11 E-fuel,False,active_mapping,leap_combined_esto,,,,
"09.01.01.05,09.02.01.05 Gas power CCS",16.12 Hydrogen,False,active_mapping,leap_combined_esto,,,,
"09.01.01.05,09.02.01.05 Gas power CCS",17 Electricity,False,active_mapping,leap_combined_esto,,,,
"09.01.01.05,09.02.01.05 Gas power CCS",18 Heat,False,active_mapping,leap_combined_esto,,,,
"09.01.01.06,09.02.01.06 Geothermal",01.01 Coking coal,False,active_mapping,leap_combined_esto,,,,
"09.01.01.06,09.02.01.06 Geothermal",01.02 Other bituminous coal,False,active_mapping,leap_combined_esto,,,,
"09.01.01.06,09.02.01.06 Geothermal",01.03 Sub-bituminous coal,False,active_mapping,leap_combined_esto,,,,
"09.01.01.06,09.02.01.06 Geothermal",01.04 Anthracite,False,active_mapping,leap_combined_esto,,,,
"09.01.01.06,09.02.01.06 Geothermal",01.05 Lignite,False,active_mapping,leap_combined_esto,,,,
"09.01.01.06,09.02.01.06 Geothermal",01.99 Coal nonspecified,False,active_mapping,leap_combined_esto,,,,
"09.01.01.06,09.02.01.06 Geothermal",02.01 Coke oven coke,False,active_mapping,leap_combined_esto,,,,
"09.01.01.06,09.02.01.06 Geothermal",02.02 Gas coke,False,active_mapping,leap_combined_esto,,,,
"09.01.01.06,09.02.01.06 Geothermal",02.03 Coke oven gas,False,active_mapping,leap_combined_esto,,,,
"09.01.01.06,09.02.01.06 Geothermal",02.04 Blast furnace gas,False,active_mapping,leap_combined_esto,,,,
"09.01.01.06,09.02.01.06 Geothermal",02.05 Other recovered gases,False,active_mapping,leap_combined_esto,,,,
"09.01.01.06,09.02.01.06 Geothermal",02.06 Patent fuel,False,active_mapping,leap_combined_esto,,,,
"09.01.01.06,09.02.01.06 Geothermal",02.07 Coal tar,False,active_mapping,leap_combined_esto,,,,
"09.01.01.06,09.02.01.06 Geothermal",02.08 BKB/PB,False,active_mapping,leap_combined_esto,,,,
"09.01.01.06,09.02.01.06 Geothermal",03 Peat,False,active_mapping,leap_combined_esto,,,,
"09.01.01.06,09.02.01.06 Geothermal",04 Peat products,False,active_mapping,leap_combined_esto,,,,
"09.01.01.06,09.02.01.06 Geothermal",06.01 Crude oil,False,active_mapping,leap_combined_esto,,,,
"09.01.01.06,09.02.01.06 Geothermal",06.02 Natural gas liquids,False,active_mapping,leap_combined_esto,,,,
"09.01.01.06,09.02.01.06 Geothermal",06.04 Additives/ oxygenates,False,active_mapping,leap_combined_esto,,,,
"09.01.01.06,09.02.01.06 Geothermal",07.01 Motor gasoline,False,active_mapping,leap_combined_esto,,,,
"09.01.01.06,09.02.01.06 Geothermal",07.02 Aviation gasoline,False,active_mapping,leap_combined_esto,,,,
"09.01.01.06,09.02.01.06 Geothermal",07.03 Naphtha,False,active_mapping,leap_combined_esto,,,,
"09.01.01.06,09.02.01.06 Geothermal",07.04 Gasoline type jet fuel,False,active_mapping,leap_combined_esto,,,,
"09.01.01.06,09.02.01.06 Geothermal",07.05 Kerosene type jet fuel,False,active_mapping,leap_combined_esto,,,,
"09.01.01.06,09.02.01.06 Geothermal",07.06 Kerosene,False,active_mapping,leap_combined_esto,,,,
"09.01.01.06,09.02.01.06 Geothermal",07.07 Gas/diesel oil,False,active_mapping,leap_combined_esto,,,,
"09.01.01.06,09.02.01.06 Geothermal",07.08 Fuel oil,False,active_mapping,leap_combined_esto,,,,
"09.01.01.06,09.02.01.06 Geothermal",07.09 LPG,False,active_mapping,leap_combined_esto,,,,
"09.01.01.06,09.02.01.06 Geothermal",07.10 Refinery gas (not liquefied),False,active_mapping,leap_combined_esto,,,,
"09.01.01.06,09.02.01.06 Geothermal",07.11 Ethane,False,active_mapping,leap_combined_esto,,,,
"09.01.01.06,09.02.01.06 Geothermal",07.12 White spirit SBP,False,active_mapping,leap_combined_esto,,,,
"09.01.01.06,09.02.01.06 Geothermal",07.13 Lubricants,False,active_mapping,leap_combined_esto,,,,
"09.01.01.06,09.02.01.06 Geothermal",07.14 Bitumen,False,active_mapping,leap_combined_esto,,,,
"09.01.01.06,09.02.01.06 Geothermal",07.15 Paraffin waxes,False,active_mapping,leap_combined_esto,,,,
"09.01.01.06,09.02.01.06 Geothermal",07.16 Petroleum coke,False,active_mapping,leap_combined_esto,,,,
"09.01.01.06,09.02.01.06 Geothermal",07.17 Other products,False,active_mapping,leap_combined_esto,,,,
"09.01.01.06,09.02.01.06 Geothermal",07.99 PetProd nonspecified,False,active_mapping,leap_combined_esto,,,,
"09.01.01.06,09.02.01.06 Geothermal",08.01 Natural gas,False,active_mapping,leap_combined_esto,,,,
"09.01.01.06,09.02.01.06 Geothermal",08.02 LNG,False,active_mapping,leap_combined_esto,,,,
"09.01.01.06,09.02.01.06 Geothermal",08.03 Gas works gas,False,active_mapping,leap_combined_esto,,,,
"09.01.01.06,09.02.01.06 Geothermal",08.99 Gas nonspecified,False,active_mapping,leap_combined_esto,,,,
"09.01.01.06,09.02.01.06 Geothermal",09 Nuclear,False,active_mapping,leap_combined_esto,,,,
"09.01.01.06,09.02.01.06 Geothermal",10 Hydro,False,active_mapping,leap_combined_esto,,,,
"09.01.01.06,09.02.01.06 Geothermal",11 Geothermal,False,active_mapping,leap_combined_esto,,,,
"09.01.01.06,09.02.01.06 Geothermal",12.01 of which: Photovoltaics,False,active_mapping,leap_combined_esto,,,,
"09.01.01.06,09.02.01.06 Geothermal",12.99 Solar nonspecified,False,active_mapping,leap_combined_esto,,,,
"09.01.01.06,09.02.01.06 Geothermal",14 Wind,False,active_mapping,leap_combined_esto,,,,
"09.01.01.06,09.02.01.06 Geothermal",15.01 Fuelwood & woodwaste,False,active_mapping,leap_combined_esto,,,,
"09.01.01.06,09.02.01.06 Geothermal",15.02 Bagasse,False,active_mapping,leap_combined_esto,,,,
"09.01.01.06,09.02.01.06 Geothermal",15.03 Charcoal,False,active_mapping,leap_combined_esto,,,,
"09.01.01.06,09.02.01.06 Geothermal",15.04 Black liquor,False,active_mapping,leap_combined_esto,,,,
"09.01.01.06,09.02.01.06 Geothermal",15.05 Other biomass,False,active_mapping,leap_combined_esto,,,,
"09.01.01.06,09.02.01.06 Geothermal",16.01 Biogas,False,active_mapping,leap_combined_esto,,,,
"09.01.01.06,09.02.01.06 Geothermal",16.02 Industrial waste,False,active_mapping,leap_combined_esto,,,,
"09.01.01.06,09.02.01.06 Geothermal",16.03 Municipal solid waste (renewable),False,active_mapping,leap_combined_esto,,,,
"09.01.01.06,09.02.01.06 Geothermal",16.04 Municipal solid waste (non-renewable),False,active_mapping,leap_combined_esto,,,,
"09.01.01.06,09.02.01.06 Geothermal",16.05 Biogasoline,False,active_mapping,leap_combined_esto,,,,
"09.01.01.06,09.02.01.06 Geothermal",16.06 Biodiesel,False,active_mapping,leap_combined_esto,,,,
"09.01.01.06,09.02.01.06 Geothermal",16.07 Bio jet kerosene,False,active_mapping,leap_combined_esto,,,,
"09.01.01.06,09.02.01.06 Geothermal",16.08 Other liquid biofuels,False,active_mapping,leap_combined_esto,,,,
"09.01.01.06,09.02.01.06 Geothermal",16.09 Other sources,False,active_mapping,leap_combined_esto,,,,
"09.01.01.06,09.02.01.06 Geothermal",16.10 Ammonia,False,active_mapping,leap_combined_esto,,,,
"09.01.01.06,09.02.01.06 Geothermal",16.11 E-fuel,False,active_mapping,leap_combined_esto,,,,
"09.01.01.06,09.02.01.06 Geothermal",16.12 Hydrogen,False,active_mapping,leap_combined_esto,,,,
"09.01.01.06,09.02.01.06 Geothermal",17 Electricity,False,active_mapping,leap_combined_esto,,,,
"09.01.01.06,09.02.01.06 Geothermal",18 Heat,False,active_mapping,leap_combined_esto,,,,
"09.01.01.07,09.02.01.07 Hydro",01.01 Coking coal,False,active_mapping,leap_combined_esto,,,,
"09.01.01.07,09.02.01.07 Hydro",01.02 Other bituminous coal,False,active_mapping,leap_combined_esto,,,,
"09.01.01.07,09.02.01.07 Hydro",01.03 Sub-bituminous coal,False,active_mapping,leap_combined_esto,,,,
"09.01.01.07,09.02.01.07 Hydro",01.04 Anthracite,False,active_mapping,leap_combined_esto,,,,
"09.01.01.07,09.02.01.07 Hydro",01.05 Lignite,False,active_mapping,leap_combined_esto,,,,
"09.01.01.07,09.02.01.07 Hydro",01.99 Coal nonspecified,False,active_mapping,leap_combined_esto,,,,
"09.01.01.07,09.02.01.07 Hydro",02.01 Coke oven coke,False,active_mapping,leap_combined_esto,,,,
"09.01.01.07,09.02.01.07 Hydro",02.02 Gas coke,False,active_mapping,leap_combined_esto,,,,
"09.01.01.07,09.02.01.07 Hydro",02.03 Coke oven gas,False,active_mapping,leap_combined_esto,,,,
"09.01.01.07,09.02.01.07 Hydro",02.04 Blast furnace gas,False,active_mapping,leap_combined_esto,,,,
"09.01.01.07,09.02.01.07 Hydro",02.05 Other recovered gases,False,active_mapping,leap_combined_esto,,,,
"09.01.01.07,09.02.01.07 Hydro",02.06 Patent fuel,False,active_mapping,leap_combined_esto,,,,
"09.01.01.07,09.02.01.07 Hydro",02.07 Coal tar,False,active_mapping,leap_combined_esto,,,,
"09.01.01.07,09.02.01.07 Hydro",02.08 BKB/PB,False,active_mapping,leap_combined_esto,,,,
"09.01.01.07,09.02.01.07 Hydro",03 Peat,False,active_mapping,leap_combined_esto,,,,
"09.01.01.07,09.02.01.07 Hydro",04 Peat products,False,active_mapping,leap_combined_esto,,,,
"09.01.01.07,09.02.01.07 Hydro",06.01 Crude oil,False,active_mapping,leap_combined_esto,,,,
"09.01.01.07,09.02.01.07 Hydro",06.02 Natural gas liquids,False,active_mapping,leap_combined_esto,,,,
"09.01.01.07,09.02.01.07 Hydro",06.04 Additives/ oxygenates,False,active_mapping,leap_combined_esto,,,,
"09.01.01.07,09.02.01.07 Hydro",07.01 Motor gasoline,False,active_mapping,leap_combined_esto,,,,
"09.01.01.07,09.02.01.07 Hydro",07.02 Aviation gasoline,False,active_mapping,leap_combined_esto,,,,
"09.01.01.07,09.02.01.07 Hydro",07.03 Naphtha,False,active_mapping,leap_combined_esto,,,,
"09.01.01.07,09.02.01.07 Hydro",07.04 Gasoline type jet fuel,False,active_mapping,leap_combined_esto,,,,
"09.01.01.07,09.02.01.07 Hydro",07.05 Kerosene type jet fuel,False,active_mapping,leap_combined_esto,,,,
"09.01.01.07,09.02.01.07 Hydro",07.06 Kerosene,False,active_mapping,leap_combined_esto,,,,
"09.01.01.07,09.02.01.07 Hydro",07.07 Gas/diesel oil,False,active_mapping,leap_combined_esto,,,,
"09.01.01.07,09.02.01.07 Hydro",07.08 Fuel oil,False,active_mapping,leap_combined_esto,,,,
"09.01.01.07,09.02.01.07 Hydro",07.09 LPG,False,active_mapping,leap_combined_esto,,,,
"09.01.01.07,09.02.01.07 Hydro",07.10 Refinery gas (not liquefied),False,active_mapping,leap_combined_esto,,,,
"09.01.01.07,09.02.01.07 Hydro",07.11 Ethane,False,active_mapping,leap_combined_esto,,,,
"09.01.01.07,09.02.01.07 Hydro",07.12 White spirit SBP,False,active_mapping,leap_combined_esto,,,,
"09.01.01.07,09.02.01.07 Hydro",07.13 Lubricants,False,active_mapping,leap_combined_esto,,,,
"09.01.01.07,09.02.01.07 Hydro",07.14 Bitumen,False,active_mapping,leap_combined_esto,,,,
"09.01.01.07,09.02.01.07 Hydro",07.15 Paraffin waxes,False,active_mapping,leap_combined_esto,,,,
"09.01.01.07,09.02.01.07 Hydro",07.16 Petroleum coke,False,active_mapping,leap_combined_esto,,,,
"09.01.01.07,09.02.01.07 Hydro",07.17 Other products,False,active_mapping,leap_combined_esto,,,,
"09.01.01.07,09.02.01.07 Hydro",07.99 PetProd nonspecified,False,active_mapping,leap_combined_esto,,,,
"09.01.01.07,09.02.01.07 Hydro",08.01 Natural gas,False,active_mapping,leap_combined_esto,,,,
"09.01.01.07,09.02.01.07 Hydro",08.02 LNG,False,active_mapping,leap_combined_esto,,,,
"09.01.01.07,09.02.01.07 Hydro",08.03 Gas works gas,False,active_mapping,leap_combined_esto,,,,
"09.01.01.07,09.02.01.07 Hydro",08.99 Gas nonspecified,False,active_mapping,leap_combined_esto,,,,
"09.01.01.07,09.02.01.07 Hydro",09 Nuclear,False,active_mapping,leap_combined_esto,,,,
"09.01.01.07,09.02.01.07 Hydro",10 Hydro,False,active_mapping,leap_combined_esto,,,,
"09.01.01.07,09.02.01.07 Hydro",11 Geothermal,False,active_mapping,leap_combined_esto,,,,
"09.01.01.07,09.02.01.07 Hydro",12.01 of which: Photovoltaics,False,active_mapping,leap_combined_esto,,,,
"09.01.01.07,09.02.01.07 Hydro",12.99 Solar nonspecified,False,active_mapping,leap_combined_esto,,,,
"09.01.01.07,09.02.01.07 Hydro",14 Wind,False,active_mapping,leap_combined_esto,,,,
"09.01.01.07,09.02.01.07 Hydro",15.01 Fuelwood & woodwaste,False,active_mapping,leap_combined_esto,,,,
"09.01.01.07,09.02.01.07 Hydro",15.02 Bagasse,False,active_mapping,leap_combined_esto,,,,
"09.01.01.07,09.02.01.07 Hydro",15.03 Charcoal,False,active_mapping,leap_combined_esto,,,,
"09.01.01.07,09.02.01.07 Hydro",15.04 Black liquor,False,active_mapping,leap_combined_esto,,,,
"09.01.01.07,09.02.01.07 Hydro",15.05 Other biomass,False,active_mapping,leap_combined_esto,,,,
"09.01.01.07,09.02.01.07 Hydro",16.01 Biogas,False,active_mapping,leap_combined_esto,,,,
"09.01.01.07,09.02.01.07 Hydro",16.02 Industrial waste,False,active_mapping,leap_combined_esto,,,,
"09.01.01.07,09.02.01.07 Hydro",16.03 Municipal solid waste (renewable),False,active_mapping,leap_combined_esto,,,,
"09.01.01.07,09.02.01.07 Hydro",16.04 Municipal solid waste (non-renewable),False,active_mapping,leap_combined_esto,,,,
"09.01.01.07,09.02.01.07 Hydro",16.05 Biogasoline,False,active_mapping,leap_combined_esto,,,,
"09.01.01.07,09.02.01.07 Hydro",16.06 Biodiesel,False,active_mapping,leap_combined_esto,,,,
"09.01.01.07,09.02.01.07 Hydro",16.07 Bio jet kerosene,False,active_mapping,leap_combined_esto,,,,
"09.01.01.07,09.02.01.07 Hydro",16.08 Other liquid biofuels,False,active_mapping,leap_combined_esto,,,,
"09.01.01.07,09.02.01.07 Hydro",16.09 Other sources,False,active_mapping,leap_combined_esto,,,,
"09.01.01.07,09.02.01.07 Hydro",16.10 Ammonia,False,active_mapping,leap_combined_esto,,,,
"09.01.01.07,09.02.01.07 Hydro",16.11 E-fuel,False,active_mapping,leap_combined_esto,,,,
"09.01.01.07,09.02.01.07 Hydro",16.12 Hydrogen,False,active_mapping,leap_combined_esto,,,,
"09.01.01.07,09.02.01.07 Hydro",17 Electricity,False,active_mapping,leap_combined_esto,,,,
"09.01.01.07,09.02.01.07 Hydro",18 Heat,False,active_mapping,leap_combined_esto,,,,
"09.01.01.08,09.02.01.08 Nuclear",01.01 Coking coal,False,active_mapping,leap_combined_esto,,,,
"09.01.01.08,09.02.01.08 Nuclear",01.02 Other bituminous coal,False,active_mapping,leap_combined_esto,,,,
"09.01.01.08,09.02.01.08 Nuclear",01.03 Sub-bituminous coal,False,active_mapping,leap_combined_esto,,,,
"09.01.01.08,09.02.01.08 Nuclear",01.04 Anthracite,False,active_mapping,leap_combined_esto,,,,
"09.01.01.08,09.02.01.08 Nuclear",01.05 Lignite,False,active_mapping,leap_combined_esto,,,,
"09.01.01.08,09.02.01.08 Nuclear",01.99 Coal nonspecified,False,active_mapping,leap_combined_esto,,,,
"09.01.01.08,09.02.01.08 Nuclear",02.01 Coke oven coke,False,active_mapping,leap_combined_esto,,,,
"09.01.01.08,09.02.01.08 Nuclear",02.02 Gas coke,False,active_mapping,leap_combined_esto,,,,
"09.01.01.08,09.02.01.08 Nuclear",02.03 Coke oven gas,False,active_mapping,leap_combined_esto,,,,
"09.01.01.08,09.02.01.08 Nuclear",02.04 Blast furnace gas,False,active_mapping,leap_combined_esto,,,,
"09.01.01.08,09.02.01.08 Nuclear",02.05 Other recovered gases,False,active_mapping,leap_combined_esto,,,,
"09.01.01.08,09.02.01.08 Nuclear",02.06 Patent fuel,False,active_mapping,leap_combined_esto,,,,
"09.01.01.08,09.02.01.08 Nuclear",02.07 Coal tar,False,active_mapping,leap_combined_esto,,,,
"09.01.01.08,09.02.01.08 Nuclear",02.08 BKB/PB,False,active_mapping,leap_combined_esto,,,,
"09.01.01.08,09.02.01.08 Nuclear",03 Peat,False,active_mapping,leap_combined_esto,,,,
"09.01.01.08,09.02.01.08 Nuclear",04 Peat products,False,active_mapping,leap_combined_esto,,,,
"09.01.01.08,09.02.01.08 Nuclear",06.01 Crude oil,False,active_mapping,leap_combined_esto,,,,
"09.01.01.08,09.02.01.08 Nuclear",06.02 Natural gas liquids,False,active_mapping,leap_combined_esto,,,,
"09.01.01.08,09.02.01.08 Nuclear",06.04 Additives/ oxygenates,False,active_mapping,leap_combined_esto,,,,
"09.01.01.08,09.02.01.08 Nuclear",07.01 Motor gasoline,False,active_mapping,leap_combined_esto,,,,
"09.01.01.08,09.02.01.08 Nuclear",07.02 Aviation gasoline,False,active_mapping,leap_combined_esto,,,,
"09.01.01.08,09.02.01.08 Nuclear",07.03 Naphtha,False,active_mapping,leap_combined_esto,,,,
"09.01.01.08,09.02.01.08 Nuclear",07.04 Gasoline type jet fuel,False,active_mapping,leap_combined_esto,,,,
"09.01.01.08,09.02.01.08 Nuclear",07.05 Kerosene type jet fuel,False,active_mapping,leap_combined_esto,,,,
"09.01.01.08,09.02.01.08 Nuclear",07.06 Kerosene,False,active_mapping,leap_combined_esto,,,,
"09.01.01.08,09.02.01.08 Nuclear",07.07 Gas/diesel oil,False,active_mapping,leap_combined_esto,,,,
"09.01.01.08,09.02.01.08 Nuclear",07.08 Fuel oil,False,active_mapping,leap_combined_esto,,,,
"09.01.01.08,09.02.01.08 Nuclear",07.09 LPG,False,active_mapping,leap_combined_esto,,,,
"09.01.01.08,09.02.01.08 Nuclear",07.10 Refinery gas (not liquefied),False,active_mapping,leap_combined_esto,,,,
"09.01.01.08,09.02.01.08 Nuclear",07.11 Ethane,False,active_mapping,leap_combined_esto,,,,
"09.01.01.08,09.02.01.08 Nuclear",07.12 White spirit SBP,False,active_mapping,leap_combined_esto,,,,
"09.01.01.08,09.02.01.08 Nuclear",07.13 Lubricants,False,active_mapping,leap_combined_esto,,,,
"09.01.01.08,09.02.01.08 Nuclear",07.14 Bitumen,False,active_mapping,leap_combined_esto,,,,
"09.01.01.08,09.02.01.08 Nuclear",07.15 Paraffin waxes,False,active_mapping,leap_combined_esto,,,,
"09.01.01.08,09.02.01.08 Nuclear",07.16 Petroleum coke,False,active_mapping,leap_combined_esto,,,,
"09.01.01.08,09.02.01.08 Nuclear",07.17 Other products,False,active_mapping,leap_combined_esto,,,,
"09.01.01.08,09.02.01.08 Nuclear",07.99 PetProd nonspecified,False,active_mapping,leap_combined_esto,,,,
"09.01.01.08,09.02.01.08 Nuclear",08.01 Natural gas,False,active_mapping,leap_combined_esto,,,,
"09.01.01.08,09.02.01.08 Nuclear",08.02 LNG,False,active_mapping,leap_combined_esto,,,,
"09.01.01.08,09.02.01.08 Nuclear",08.03 Gas works gas,False,active_mapping,leap_combined_esto,,,,
"09.01.01.08,09.02.01.08 Nuclear",08.99 Gas nonspecified,False,active_mapping,leap_combined_esto,,,,
"09.01.01.08,09.02.01.08 Nuclear",09 Nuclear,False,active_mapping,leap_combined_esto,,,,
"09.01.01.08,09.02.01.08 Nuclear",10 Hydro,False,active_mapping,leap_combined_esto,,,,
"09.01.01.08,09.02.01.08 Nuclear",11 Geothermal,False,active_mapping,leap_combined_esto,,,,
"09.01.01.08,09.02.01.08 Nuclear",12.01 of which: Photovoltaics,False,active_mapping,leap_combined_esto,,,,
"09.01.01.08,09.02.01.08 Nuclear",12.99 Solar nonspecified,False,active_mapping,leap_combined_esto,,,,
"09.01.01.08,09.02.01.08 Nuclear",14 Wind,False,active_mapping,leap_combined_esto,,,,
"09.01.01.08,09.02.01.08 Nuclear",15.01 Fuelwood & woodwaste,False,active_mapping,leap_combined_esto,,,,
"09.01.01.08,09.02.01.08 Nuclear",15.02 Bagasse,False,active_mapping,leap_combined_esto,,,,
"09.01.01.08,09.02.01.08 Nuclear",15.03 Charcoal,False,active_mapping,leap_combined_esto,,,,
"09.01.01.08,09.02.01.08 Nuclear",15.04 Black liquor,False,active_mapping,leap_combined_esto,,,,
"09.01.01.08,09.02.01.08 Nuclear",15.05 Other biomass,False,active_mapping,leap_combined_esto,,,,
"09.01.01.08,09.02.01.08 Nuclear",16.01 Biogas,False,active_mapping,leap_combined_esto,,,,
"09.01.01.08,09.02.01.08 Nuclear",16.02 Industrial waste,False,active_mapping,leap_combined_esto,,,,
"09.01.01.08,09.02.01.08 Nuclear",16.03 Municipal solid waste (renewable),False,active_mapping,leap_combined_esto,,,,
"09.01.01.08,09.02.01.08 Nuclear",16.04 Municipal solid waste (non-renewable),False,active_mapping,leap_combined_esto,,,,
"09.01.01.08,09.02.01.08 Nuclear",16.05 Biogasoline,False,active_mapping,leap_combined_esto,,,,
"09.01.01.08,09.02.01.08 Nuclear",16.06 Biodiesel,False,active_mapping,leap_combined_esto,,,,
"09.01.01.08,09.02.01.08 Nuclear",16.07 Bio jet kerosene,False,active_mapping,leap_combined_esto,,,,
"09.01.01.08,09.02.01.08 Nuclear",16.08 Other liquid biofuels,False,active_mapping,leap_combined_esto,,,,
"09.01.01.08,09.02.01.08 Nuclear",16.09 Other sources,False,active_mapping,leap_combined_esto,,,,
"09.01.01.08,09.02.01.08 Nuclear",16.10 Ammonia,False,active_mapping,leap_combined_esto,,,,
"09.01.01.08,09.02.01.08 Nuclear",16.11 E-fuel,False,active_mapping,leap_combined_esto,,,,
"09.01.01.08,09.02.01.08 Nuclear",16.12 Hydrogen,False,active_mapping,leap_combined_esto,,,,
"09.01.01.08,09.02.01.08 Nuclear",17 Electricity,False,active_mapping,leap_combined_esto,,,,
"09.01.01.08,09.02.01.08 Nuclear",18 Heat,False,active_mapping,leap_combined_esto,,,,
"09.01.01.09,09.02.01.09 Others",01.01 Coking coal,False,active_mapping,leap_combined_esto,,,,
"09.01.01.09,09.02.01.09 Others",01.02 Other bituminous coal,False,active_mapping,leap_combined_esto,,,,
"09.01.01.09,09.02.01.09 Others",01.03 Sub-bituminous coal,False,active_mapping,leap_combined_esto,,,,
"09.01.01.09,09.02.01.09 Others",01.04 Anthracite,False,active_mapping,leap_combined_esto,,,,
"09.01.01.09,09.02.01.09 Others",01.05 Lignite,False,active_mapping,leap_combined_esto,,,,
"09.01.01.09,09.02.01.09 Others",01.99 Coal nonspecified,False,active_mapping,leap_combined_esto,,,,
"09.01.01.09,09.02.01.09 Others",02.01 Coke oven coke,False,active_mapping,leap_combined_esto,,,,
"09.01.01.09,09.02.01.09 Others",02.02 Gas coke,False,active_mapping,leap_combined_esto,,,,
"09.01.01.09,09.02.01.09 Others",02.03 Coke oven gas,False,active_mapping,leap_combined_esto,,,,
"09.01.01.09,09.02.01.09 Others",02.04 Blast furnace gas,False,active_mapping,leap_combined_esto,,,,
"09.01.01.09,09.02.01.09 Others",02.05 Other recovered gases,False,active_mapping,leap_combined_esto,,,,
"09.01.01.09,09.02.01.09 Others",02.06 Patent fuel,False,active_mapping,leap_combined_esto,,,,
"09.01.01.09,09.02.01.09 Others",02.07 Coal tar,False,active_mapping,leap_combined_esto,,,,
"09.01.01.09,09.02.01.09 Others",02.08 BKB/PB,False,active_mapping,leap_combined_esto,,,,
"09.01.01.09,09.02.01.09 Others",03 Peat,False,active_mapping,leap_combined_esto,,,,
"09.01.01.09,09.02.01.09 Others",04 Peat products,False,active_mapping,leap_combined_esto,,,,
"09.01.01.09,09.02.01.09 Others",06.01 Crude oil,False,active_mapping,leap_combined_esto,,,,
"09.01.01.09,09.02.01.09 Others",06.02 Natural gas liquids,False,active_mapping,leap_combined_esto,,,,
"09.01.01.09,09.02.01.09 Others",06.04 Additives/ oxygenates,False,active_mapping,leap_combined_esto,,,,
"09.01.01.09,09.02.01.09 Others",07.01 Motor gasoline,False,active_mapping,leap_combined_esto,,,,
"09.01.01.09,09.02.01.09 Others",07.02 Aviation gasoline,False,active_mapping,leap_combined_esto,,,,
"09.01.01.09,09.02.01.09 Others",07.03 Naphtha,False,active_mapping,leap_combined_esto,,,,
"09.01.01.09,09.02.01.09 Others",07.04 Gasoline type jet fuel,False,active_mapping,leap_combined_esto,,,,
"09.01.01.09,09.02.01.09 Others",07.05 Kerosene type jet fuel,False,active_mapping,leap_combined_esto,,,,
"09.01.01.09,09.02.01.09 Others",07.06 Kerosene,False,active_mapping,leap_combined_esto,,,,
"09.01.01.09,09.02.01.09 Others",07.07 Gas/diesel oil,False,active_mapping,leap_combined_esto,,,,
"09.01.01.09,09.02.01.09 Others",07.08 Fuel oil,False,active_mapping,leap_combined_esto,,,,
"09.01.01.09,09.02.01.09 Others",07.09 LPG,False,active_mapping,leap_combined_esto,,,,
"09.01.01.09,09.02.01.09 Others",07.10 Refinery gas (not liquefied),False,active_mapping,leap_combined_esto,,,,
"09.01.01.09,09.02.01.09 Others",07.11 Ethane,False,active_mapping,leap_combined_esto,,,,
"09.01.01.09,09.02.01.09 Others",07.12 White spirit SBP,False,active_mapping,leap_combined_esto,,,,
"09.01.01.09,09.02.01.09 Others",07.13 Lubricants,False,active_mapping,leap_combined_esto,,,,
"09.01.01.09,09.02.01.09 Others",07.14 Bitumen,False,active_mapping,leap_combined_esto,,,,
"09.01.01.09,09.02.01.09 Others",07.15 Paraffin waxes,False,active_mapping,leap_combined_esto,,,,
"09.01.01.09,09.02.01.09 Others",07.16 Petroleum coke,False,active_mapping,leap_combined_esto,,,,
"09.01.01.09,09.02.01.09 Others",07.17 Other products,False,active_mapping,leap_combined_esto,,,,
"09.01.01.09,09.02.01.09 Others",07.99 PetProd nonspecified,False,active_mapping,leap_combined_esto,,,,
"09.01.01.09,09.02.01.09 Others",08.01 Natural gas,False,active_mapping,leap_combined_esto,,,,
"09.01.01.09,09.02.01.09 Others",08.02 LNG,False,active_mapping,leap_combined_esto,,,,
"09.01.01.09,09.02.01.09 Others",08.03 Gas works gas,False,active_mapping,leap_combined_esto,,,,
"09.01.01.09,09.02.01.09 Others",08.99 Gas nonspecified,False,active_mapping,leap_combined_esto,,,,
"09.01.01.09,09.02.01.09 Others",09 Nuclear,False,active_mapping,leap_combined_esto,,,,
"09.01.01.09,09.02.01.09 Others",10 Hydro,False,active_mapping,leap_combined_esto,,,,
"09.01.01.09,09.02.01.09 Others",11 Geothermal,False,active_mapping,leap_combined_esto,,,,
"09.01.01.09,09.02.01.09 Others",12.01 of which: Photovoltaics,False,active_mapping,leap_combined_esto,,,,
"09.01.01.09,09.02.01.09 Others",12.99 Solar nonspecified,False,active_mapping,leap_combined_esto,,,,
"09.01.01.09,09.02.01.09 Others",14 Wind,False,active_mapping,leap_combined_esto,,,,
"09.01.01.09,09.02.01.09 Others",15.01 Fuelwood & woodwaste,False,active_mapping,leap_combined_esto,,,,
"09.01.01.09,09.02.01.09 Others",15.02 Bagasse,False,active_mapping,leap_combined_esto,,,,
"09.01.01.09,09.02.01.09 Others",15.03 Charcoal,False,active_mapping,leap_combined_esto,,,,
"09.01.01.09,09.02.01.09 Others",15.04 Black liquor,False,active_mapping,leap_combined_esto,,,,
"09.01.01.09,09.02.01.09 Others",15.05 Other biomass,False,active_mapping,leap_combined_esto,,,,
"09.01.01.09,09.02.01.09 Others",16.01 Biogas,False,active_mapping,leap_combined_esto,,,,
"09.01.01.09,09.02.01.09 Others",16.02 Industrial waste,False,active_mapping,leap_combined_esto,,,,
"09.01.01.09,09.02.01.09 Others",16.03 Municipal solid waste (renewable),False,active_mapping,leap_combined_esto,,,,
"09.01.01.09,09.02.01.09 Others",16.04 Municipal solid waste (non-renewable),False,active_mapping,leap_combined_esto,,,,
"09.01.01.09,09.02.01.09 Others",16.05 Biogasoline,False,active_mapping,leap_combined_esto,,,,
"09.01.01.09,09.02.01.09 Others",16.06 Biodiesel,False,active_mapping,leap_combined_esto,,,,
"09.01.01.09,09.02.01.09 Others",16.07 Bio jet kerosene,False,active_mapping,leap_combined_esto,,,,
"09.01.01.09,09.02.01.09 Others",16.08 Other liquid biofuels,False,active_mapping,leap_combined_esto,,,,
"09.01.01.09,09.02.01.09 Others",16.09 Other sources,False,active_mapping,leap_combined_esto,,,,
"09.01.01.09,09.02.01.09 Others",16.10 Ammonia,False,active_mapping,leap_combined_esto,,,,
"09.01.01.09,09.02.01.09 Others",16.11 E-fuel,False,active_mapping,leap_combined_esto,,,,
"09.01.01.09,09.02.01.09 Others",16.12 Hydrogen,False,active_mapping,leap_combined_esto,,,,
"09.01.01.09,09.02.01.09 Others",17 Electricity,False,active_mapping,leap_combined_esto,,,,
"09.01.01.09,09.02.01.09 Others",18 Heat,False,active_mapping,leap_combined_esto,,,,
"09.01.01.10,09.02.01.10 Oil",01.01 Coking coal,False,active_mapping,leap_combined_esto,,,,
"09.01.01.10,09.02.01.10 Oil",01.02 Other bituminous coal,False,active_mapping,leap_combined_esto,,,,
"09.01.01.10,09.02.01.10 Oil",01.03 Sub-bituminous coal,False,active_mapping,leap_combined_esto,,,,
"09.01.01.10,09.02.01.10 Oil",01.04 Anthracite,False,active_mapping,leap_combined_esto,,,,
"09.01.01.10,09.02.01.10 Oil",01.05 Lignite,False,active_mapping,leap_combined_esto,,,,
"09.01.01.10,09.02.01.10 Oil",01.99 Coal nonspecified,False,active_mapping,leap_combined_esto,,,,
"09.01.01.10,09.02.01.10 Oil",02.01 Coke oven coke,False,active_mapping,leap_combined_esto,,,,
"09.01.01.10,09.02.01.10 Oil",02.02 Gas coke,False,active_mapping,leap_combined_esto,,,,
"09.01.01.10,09.02.01.10 Oil",02.03 Coke oven gas,False,active_mapping,leap_combined_esto,,,,
"09.01.01.10,09.02.01.10 Oil",02.04 Blast furnace gas,False,active_mapping,leap_combined_esto,,,,
"09.01.01.10,09.02.01.10 Oil",02.05 Other recovered gases,False,active_mapping,leap_combined_esto,,,,
"09.01.01.10,09.02.01.10 Oil",02.06 Patent fuel,False,active_mapping,leap_combined_esto,,,,
"09.01.01.10,09.02.01.10 Oil",02.07 Coal tar,False,active_mapping,leap_combined_esto,,,,
"09.01.01.10,09.02.01.10 Oil",02.08 BKB/PB,False,active_mapping,leap_combined_esto,,,,
"09.01.01.10,09.02.01.10 Oil",03 Peat,False,active_mapping,leap_combined_esto,,,,
"09.01.01.10,09.02.01.10 Oil",04 Peat products,False,active_mapping,leap_combined_esto,,,,
"09.01.01.10,09.02.01.10 Oil",06.01 Crude oil,False,active_mapping,leap_combined_esto,,,,
"09.01.01.10,09.02.01.10 Oil",06.02 Natural gas liquids,False,active_mapping,leap_combined_esto,,,,
"09.01.01.10,09.02.01.10 Oil",06.04 Additives/ oxygenates,False,active_mapping,leap_combined_esto,,,,
"09.01.01.10,09.02.01.10 Oil",07.01 Motor gasoline,False,active_mapping,leap_combined_esto,,,,
"09.01.01.10,09.02.01.10 Oil",07.02 Aviation gasoline,False,active_mapping,leap_combined_esto,,,,
"09.01.01.10,09.02.01.10 Oil",07.03 Naphtha,False,active_mapping,leap_combined_esto,,,,
"09.01.01.10,09.02.01.10 Oil",07.04 Gasoline type jet fuel,False,active_mapping,leap_combined_esto,,,,
"09.01.01.10,09.02.01.10 Oil",07.05 Kerosene type jet fuel,False,active_mapping,leap_combined_esto,,,,
"09.01.01.10,09.02.01.10 Oil",07.06 Kerosene,False,active_mapping,leap_combined_esto,,,,
"09.01.01.10,09.02.01.10 Oil",07.07 Gas/diesel oil,False,active_mapping,leap_combined_esto,,,,
"09.01.01.10,09.02.01.10 Oil",07.08 Fuel oil,False,active_mapping,leap_combined_esto,,,,
"09.01.01.10,09.02.01.10 Oil",07.09 LPG,False,active_mapping,leap_combined_esto,,,,
"09.01.01.10,09.02.01.10 Oil",07.10 Refinery gas (not liquefied),False,active_mapping,leap_combined_esto,,,,
"09.01.01.10,09.02.01.10 Oil",07.11 Ethane,False,active_mapping,leap_combined_esto,,,,
"09.01.01.10,09.02.01.10 Oil",07.12 White spirit SBP,False,active_mapping,leap_combined_esto,,,,
"09.01.01.10,09.02.01.10 Oil",07.13 Lubricants,False,active_mapping,leap_combined_esto,,,,
"09.01.01.10,09.02.01.10 Oil",07.14 Bitumen,False,active_mapping,leap_combined_esto,,,,
"09.01.01.10,09.02.01.10 Oil",07.15 Paraffin waxes,False,active_mapping,leap_combined_esto,,,,
"09.01.01.10,09.02.01.10 Oil",07.16 Petroleum coke,False,active_mapping,leap_combined_esto,,,,
"09.01.01.10,09.02.01.10 Oil",07.17 Other products,False,active_mapping,leap_combined_esto,,,,
"09.01.01.10,09.02.01.10 Oil",07.99 PetProd nonspecified,False,active_mapping,leap_combined_esto,,,,
"09.01.01.10,09.02.01.10 Oil",08.01 Natural gas,False,active_mapping,leap_combined_esto,,,,
"09.01.01.10,09.02.01.10 Oil",08.02 LNG,False,active_mapping,leap_combined_esto,,,,
"09.01.01.10,09.02.01.10 Oil",08.03 Gas works gas,False,active_mapping,leap_combined_esto,,,,
"09.01.01.10,09.02.01.10 Oil",08.99 Gas nonspecified,False,active_mapping,leap_combined_esto,,,,
"09.01.01.10,09.02.01.10 Oil",09 Nuclear,False,active_mapping,leap_combined_esto,,,,
"09.01.01.10,09.02.01.10 Oil",10 Hydro,False,active_mapping,leap_combined_esto,,,,
"09.01.01.10,09.02.01.10 Oil",11 Geothermal,False,active_mapping,leap_combined_esto,,,,
"09.01.01.10,09.02.01.10 Oil",12.01 of which: Photovoltaics,False,active_mapping,leap_combined_esto,,,,
"09.01.01.10,09.02.01.10 Oil",12.99 Solar nonspecified,False,active_mapping,leap_combined_esto,,,,
"09.01.01.10,09.02.01.10 Oil",14 Wind,False,active_mapping,leap_combined_esto,,,,
"09.01.01.10,09.02.01.10 Oil",15.01 Fuelwood & woodwaste,False,active_mapping,leap_combined_esto,,,,
"09.01.01.10,09.02.01.10 Oil",15.02 Bagasse,False,active_mapping,leap_combined_esto,,,,
"09.01.01.10,09.02.01.10 Oil",15.03 Charcoal,False,active_mapping,leap_combined_esto,,,,
"09.01.01.10,09.02.01.10 Oil",15.04 Black liquor,False,active_mapping,leap_combined_esto,,,,
"09.01.01.10,09.02.01.10 Oil",15.05 Other biomass,False,active_mapping,leap_combined_esto,,,,
"09.01.01.10,09.02.01.10 Oil",16.01 Biogas,False,active_mapping,leap_combined_esto,,,,
"09.01.01.10,09.02.01.10 Oil",16.02 Industrial waste,False,active_mapping,leap_combined_esto,,,,
"09.01.01.10,09.02.01.10 Oil",16.03 Municipal solid waste (renewable),False,active_mapping,leap_combined_esto,,,,
"09.01.01.10,09.02.01.10 Oil",16.04 Municipal solid waste (non-renewable),False,active_mapping,leap_combined_esto,,,,
"09.01.01.10,09.02.01.10 Oil",16.05 Biogasoline,False,active_mapping,leap_combined_esto,,,,
"09.01.01.10,09.02.01.10 Oil",16.06 Biodiesel,False,active_mapping,leap_combined_esto,,,,
"09.01.01.10,09.02.01.10 Oil",16.07 Bio jet kerosene,False,active_mapping,leap_combined_esto,,,,
"09.01.01.10,09.02.01.10 Oil",16.08 Other liquid biofuels,False,active_mapping,leap_combined_esto,,,,
"09.01.01.10,09.02.01.10 Oil",16.09 Other sources,False,active_mapping,leap_combined_esto,,,,
"09.01.01.10,09.02.01.10 Oil",16.10 Ammonia,False,active_mapping,leap_combined_esto,,,,
"09.01.01.10,09.02.01.10 Oil",16.11 E-fuel,False,active_mapping,leap_combined_esto,,,,
"09.01.01.10,09.02.01.10 Oil",16.12 Hydrogen,False,active_mapping,leap_combined_esto,,,,
"09.01.01.10,09.02.01.10 Oil",17 Electricity,False,active_mapping,leap_combined_esto,,,,
"09.01.01.10,09.02.01.10 Oil",18 Heat,False,active_mapping,leap_combined_esto,,,,
"09.01.01.11,09.02.01.11 Solar",01.01 Coking coal,False,active_mapping,leap_combined_esto,,,,
"09.01.01.11,09.02.01.11 Solar",01.02 Other bituminous coal,False,active_mapping,leap_combined_esto,,,,
"09.01.01.11,09.02.01.11 Solar",01.03 Sub-bituminous coal,False,active_mapping,leap_combined_esto,,,,
"09.01.01.11,09.02.01.11 Solar",01.04 Anthracite,False,active_mapping,leap_combined_esto,,,,
"09.01.01.11,09.02.01.11 Solar",01.05 Lignite,False,active_mapping,leap_combined_esto,,,,
"09.01.01.11,09.02.01.11 Solar",01.99 Coal nonspecified,False,active_mapping,leap_combined_esto,,,,
"09.01.01.11,09.02.01.11 Solar",02.01 Coke oven coke,False,active_mapping,leap_combined_esto,,,,
"09.01.01.11,09.02.01.11 Solar",02.02 Gas coke,False,active_mapping,leap_combined_esto,,,,
"09.01.01.11,09.02.01.11 Solar",02.03 Coke oven gas,False,active_mapping,leap_combined_esto,,,,
"09.01.01.11,09.02.01.11 Solar",02.04 Blast furnace gas,False,active_mapping,leap_combined_esto,,,,
"09.01.01.11,09.02.01.11 Solar",02.05 Other recovered gases,False,active_mapping,leap_combined_esto,,,,
"09.01.01.11,09.02.01.11 Solar",02.06 Patent fuel,False,active_mapping,leap_combined_esto,,,,
"09.01.01.11,09.02.01.11 Solar",02.07 Coal tar,False,active_mapping,leap_combined_esto,,,,
"09.01.01.11,09.02.01.11 Solar",02.08 BKB/PB,False,active_mapping,leap_combined_esto,,,,
"09.01.01.11,09.02.01.11 Solar",03 Peat,False,active_mapping,leap_combined_esto,,,,
"09.01.01.11,09.02.01.11 Solar",04 Peat products,False,active_mapping,leap_combined_esto,,,,
"09.01.01.11,09.02.01.11 Solar",06.01 Crude oil,False,active_mapping,leap_combined_esto,,,,
"09.01.01.11,09.02.01.11 Solar",06.02 Natural gas liquids,False,active_mapping,leap_combined_esto,,,,
"09.01.01.11,09.02.01.11 Solar",06.04 Additives/ oxygenates,False,active_mapping,leap_combined_esto,,,,
"09.01.01.11,09.02.01.11 Solar",07.01 Motor gasoline,False,active_mapping,leap_combined_esto,,,,
"09.01.01.11,09.02.01.11 Solar",07.02 Aviation gasoline,False,active_mapping,leap_combined_esto,,,,
"09.01.01.11,09.02.01.11 Solar",07.03 Naphtha,False,active_mapping,leap_combined_esto,,,,
"09.01.01.11,09.02.01.11 Solar",07.04 Gasoline type jet fuel,False,active_mapping,leap_combined_esto,,,,
"09.01.01.11,09.02.01.11 Solar",07.05 Kerosene type jet fuel,False,active_mapping,leap_combined_esto,,,,
"09.01.01.11,09.02.01.11 Solar",07.06 Kerosene,False,active_mapping,leap_combined_esto,,,,
"09.01.01.11,09.02.01.11 Solar",07.07 Gas/diesel oil,False,active_mapping,leap_combined_esto,,,,
"09.01.01.11,09.02.01.11 Solar",07.08 Fuel oil,False,active_mapping,leap_combined_esto,,,,
"09.01.01.11,09.02.01.11 Solar",07.09 LPG,False,active_mapping,leap_combined_esto,,,,
"09.01.01.11,09.02.01.11 Solar",07.10 Refinery gas (not liquefied),False,active_mapping,leap_combined_esto,,,,
"09.01.01.11,09.02.01.11 Solar",07.11 Ethane,False,active_mapping,leap_combined_esto,,,,
"09.01.01.11,09.02.01.11 Solar",07.12 White spirit SBP,False,active_mapping,leap_combined_esto,,,,
"09.01.01.11,09.02.01.11 Solar",07.13 Lubricants,False,active_mapping,leap_combined_esto,,,,
"09.01.01.11,09.02.01.11 Solar",07.14 Bitumen,False,active_mapping,leap_combined_esto,,,,
"09.01.01.11,09.02.01.11 Solar",07.15 Paraffin waxes,False,active_mapping,leap_combined_esto,,,,
"09.01.01.11,09.02.01.11 Solar",07.16 Petroleum coke,False,active_mapping,leap_combined_esto,,,,
"09.01.01.11,09.02.01.11 Solar",07.17 Other products,False,active_mapping,leap_combined_esto,,,,
"09.01.01.11,09.02.01.11 Solar",07.99 PetProd nonspecified,False,active_mapping,leap_combined_esto,,,,
"09.01.01.11,09.02.01.11 Solar",08.01 Natural gas,False,active_mapping,leap_combined_esto,,,,
"09.01.01.11,09.02.01.11 Solar",08.02 LNG,False,active_mapping,leap_combined_esto,,,,
"09.01.01.11,09.02.01.11 Solar",08.03 Gas works gas,False,active_mapping,leap_combined_esto,,,,
"09.01.01.11,09.02.01.11 Solar",08.99 Gas nonspecified,False,active_mapping,leap_combined_esto,,,,
"09.01.01.11,09.02.01.11 Solar",09 Nuclear,False,active_mapping,leap_combined_esto,,,,
"09.01.01.11,09.02.01.11 Solar",10 Hydro,False,active_mapping,leap_combined_esto,,,,
"09.01.01.11,09.02.01.11 Solar",11 Geothermal,False,active_mapping,leap_combined_esto,,,,
"09.01.01.11,09.02.01.11 Solar",12.01 of which: Photovoltaics,False,active_mapping,leap_combined_esto,,,,
"09.01.01.11,09.02.01.11 Solar",12.99 Solar nonspecified,False,active_mapping,leap_combined_esto,,,,
"09.01.01.11,09.02.01.11 Solar",14 Wind,False,active_mapping,leap_combined_esto,,,,
"09.01.01.11,09.02.01.11 Solar",15.01 Fuelwood & woodwaste,False,active_mapping,leap_combined_esto,,,,
"09.01.01.11,09.02.01.11 Solar",15.02 Bagasse,False,active_mapping,leap_combined_esto,,,,
"09.01.01.11,09.02.01.11 Solar",15.03 Charcoal,False,active_mapping,leap_combined_esto,,,,
"09.01.01.11,09.02.01.11 Solar",15.04 Black liquor,False,active_mapping,leap_combined_esto,,,,
"09.01.01.11,09.02.01.11 Solar",15.05 Other biomass,False,active_mapping,leap_combined_esto,,,,
"09.01.01.11,09.02.01.11 Solar",16.01 Biogas,False,active_mapping,leap_combined_esto,,,,
"09.01.01.11,09.02.01.11 Solar",16.02 Industrial waste,False,active_mapping,leap_combined_esto,,,,
"09.01.01.11,09.02.01.11 Solar",16.03 Municipal solid waste (renewable),False,active_mapping,leap_combined_esto,,,,
"09.01.01.11,09.02.01.11 Solar",16.04 Municipal solid waste (non-renewable),False,active_mapping,leap_combined_esto,,,,
"09.01.01.11,09.02.01.11 Solar",16.05 Biogasoline,False,active_mapping,leap_combined_esto,,,,
"09.01.01.11,09.02.01.11 Solar",16.06 Biodiesel,False,active_mapping,leap_combined_esto,,,,
"09.01.01.11,09.02.01.11 Solar",16.07 Bio jet kerosene,False,active_mapping,leap_combined_esto,,,,
"09.01.01.11,09.02.01.11 Solar",16.08 Other liquid biofuels,False,active_mapping,leap_combined_esto,,,,
"09.01.01.11,09.02.01.11 Solar",16.09 Other sources,False,active_mapping,leap_combined_esto,,,,
"09.01.01.11,09.02.01.11 Solar",16.10 Ammonia,False,active_mapping,leap_combined_esto,,,,
"09.01.01.11,09.02.01.11 Solar",16.11 E-fuel,False,active_mapping,leap_combined_esto,,,,
"09.01.01.11,09.02.01.11 Solar",16.12 Hydrogen,False,active_mapping,leap_combined_esto,,,,
"09.01.01.11,09.02.01.11 Solar",17 Electricity,False,active_mapping,leap_combined_esto,,,,
"09.01.01.11,09.02.01.11 Solar",18 Heat,False,active_mapping,leap_combined_esto,,,,
"09.01.01.12,09.02.01.12 Solar CSP",01.01 Coking coal,False,active_mapping,leap_combined_esto,,,,
"09.01.01.12,09.02.01.12 Solar CSP",01.02 Other bituminous coal,False,active_mapping,leap_combined_esto,,,,
"09.01.01.12,09.02.01.12 Solar CSP",01.03 Sub-bituminous coal,False,active_mapping,leap_combined_esto,,,,
"09.01.01.12,09.02.01.12 Solar CSP",01.04 Anthracite,False,active_mapping,leap_combined_esto,,,,
"09.01.01.12,09.02.01.12 Solar CSP",01.05 Lignite,False,active_mapping,leap_combined_esto,,,,
"09.01.01.12,09.02.01.12 Solar CSP",01.99 Coal nonspecified,False,active_mapping,leap_combined_esto,,,,
"09.01.01.12,09.02.01.12 Solar CSP",02.01 Coke oven coke,False,active_mapping,leap_combined_esto,,,,
"09.01.01.12,09.02.01.12 Solar CSP",02.02 Gas coke,False,active_mapping,leap_combined_esto,,,,
"09.01.01.12,09.02.01.12 Solar CSP",02.03 Coke oven gas,False,active_mapping,leap_combined_esto,,,,
"09.01.01.12,09.02.01.12 Solar CSP",02.04 Blast furnace gas,False,active_mapping,leap_combined_esto,,,,
"09.01.01.12,09.02.01.12 Solar CSP",02.05 Other recovered gases,False,active_mapping,leap_combined_esto,,,,
"09.01.01.12,09.02.01.12 Solar CSP",02.06 Patent fuel,False,active_mapping,leap_combined_esto,,,,
"09.01.01.12,09.02.01.12 Solar CSP",02.07 Coal tar,False,active_mapping,leap_combined_esto,,,,
"09.01.01.12,09.02.01.12 Solar CSP",02.08 BKB/PB,False,active_mapping,leap_combined_esto,,,,
"09.01.01.12,09.02.01.12 Solar CSP",03 Peat,False,active_mapping,leap_combined_esto,,,,
"09.01.01.12,09.02.01.12 Solar CSP",04 Peat products,False,active_mapping,leap_combined_esto,,,,
"09.01.01.12,09.02.01.12 Solar CSP",06.01 Crude oil,False,active_mapping,leap_combined_esto,,,,
"09.01.01.12,09.02.01.12 Solar CSP",06.02 Natural gas liquids,False,active_mapping,leap_combined_esto,,,,
"09.01.01.12,09.02.01.12 Solar CSP",06.04 Additives/ oxygenates,False,active_mapping,leap_combined_esto,,,,
"09.01.01.12,09.02.01.12 Solar CSP",07.01 Motor gasoline,False,active_mapping,leap_combined_esto,,,,
"09.01.01.12,09.02.01.12 Solar CSP",07.02 Aviation gasoline,False,active_mapping,leap_combined_esto,,,,
"09.01.01.12,09.02.01.12 Solar CSP",07.03 Naphtha,False,active_mapping,leap_combined_esto,,,,
"09.01.01.12,09.02.01.12 Solar CSP",07.04 Gasoline type jet fuel,False,active_mapping,leap_combined_esto,,,,
"09.01.01.12,09.02.01.12 Solar CSP",07.05 Kerosene type jet fuel,False,active_mapping,leap_combined_esto,,,,
"09.01.01.12,09.02.01.12 Solar CSP",07.06 Kerosene,False,active_mapping,leap_combined_esto,,,,
"09.01.01.12,09.02.01.12 Solar CSP",07.07 Gas/diesel oil,False,active_mapping,leap_combined_esto,,,,
"09.01.01.12,09.02.01.12 Solar CSP",07.08 Fuel oil,False,active_mapping,leap_combined_esto,,,,
"09.01.01.12,09.02.01.12 Solar CSP",07.09 LPG,False,active_mapping,leap_combined_esto,,,,
"09.01.01.12,09.02.01.12 Solar CSP",07.10 Refinery gas (not liquefied),False,active_mapping,leap_combined_esto,,,,
"09.01.01.12,09.02.01.12 Solar CSP",07.11 Ethane,False,active_mapping,leap_combined_esto,,,,
"09.01.01.12,09.02.01.12 Solar CSP",07.12 White spirit SBP,False,active_mapping,leap_combined_esto,,,,
"09.01.01.12,09.02.01.12 Solar CSP",07.13 Lubricants,False,active_mapping,leap_combined_esto,,,,
"09.01.01.12,09.02.01.12 Solar CSP",07.14 Bitumen,False,active_mapping,leap_combined_esto,,,,
"09.01.01.12,09.02.01.12 Solar CSP",07.15 Paraffin waxes,False,active_mapping,leap_combined_esto,,,,
"09.01.01.12,09.02.01.12 Solar CSP",07.16 Petroleum coke,False,active_mapping,leap_combined_esto,,,,
"09.01.01.12,09.02.01.12 Solar CSP",07.17 Other products,False,active_mapping,leap_combined_esto,,,,
"09.01.01.12,09.02.01.12 Solar CSP",07.99 PetProd nonspecified,False,active_mapping,leap_combined_esto,,,,
"09.01.01.12,09.02.01.12 Solar CSP",08.01 Natural gas,False,active_mapping,leap_combined_esto,,,,
"09.01.01.12,09.02.01.12 Solar CSP",08.02 LNG,False,active_mapping,leap_combined_esto,,,,
"09.01.01.12,09.02.01.12 Solar CSP",08.03 Gas works gas,False,active_mapping,leap_combined_esto,,,,
"09.01.01.12,09.02.01.12 Solar CSP",08.99 Gas nonspecified,False,active_mapping,leap_combined_esto,,,,
"09.01.01.12,09.02.01.12 Solar CSP",09 Nuclear,False,active_mapping,leap_combined_esto,,,,
"09.01.01.12,09.02.01.12 Solar CSP",10 Hydro,False,active_mapping,leap_combined_esto,,,,
"09.01.01.12,09.02.01.12 Solar CSP",11 Geothermal,False,active_mapping,leap_combined_esto,,,,
"09.01.01.12,09.02.01.12 Solar CSP",12.01 of which: Photovoltaics,False,active_mapping,leap_combined_esto,,,,
"09.01.01.12,09.02.01.12 Solar CSP",12.99 Solar nonspecified,False,active_mapping,leap_combined_esto,,,,
"09.01.01.12,09.02.01.12 Solar CSP",14 Wind,False,active_mapping,leap_combined_esto,,,,
"09.01.01.12,09.02.01.12 Solar CSP",15.01 Fuelwood & woodwaste,False,active_mapping,leap_combined_esto,,,,
"09.01.01.12,09.02.01.12 Solar CSP",15.02 Bagasse,False,active_mapping,leap_combined_esto,,,,
"09.01.01.12,09.02.01.12 Solar CSP",15.03 Charcoal,False,active_mapping,leap_combined_esto,,,,
"09.01.01.12,09.02.01.12 Solar CSP",15.04 Black liquor,False,active_mapping,leap_combined_esto,,,,
"09.01.01.12,09.02.01.12 Solar CSP",15.05 Other biomass,False,active_mapping,leap_combined_esto,,,,
"09.01.01.12,09.02.01.12 Solar CSP",16.01 Biogas,False,active_mapping,leap_combined_esto,,,,
"09.01.01.12,09.02.01.12 Solar CSP",16.02 Industrial waste,False,active_mapping,leap_combined_esto,,,,
"09.01.01.12,09.02.01.12 Solar CSP",16.03 Municipal solid waste (renewable),False,active_mapping,leap_combined_esto,,,,
"09.01.01.12,09.02.01.12 Solar CSP",16.04 Municipal solid waste (non-renewable),False,active_mapping,leap_combined_esto,,,,
"09.01.01.12,09.02.01.12 Solar CSP",16.05 Biogasoline,False,active_mapping,leap_combined_esto,,,,
"09.01.01.12,09.02.01.12 Solar CSP",16.06 Biodiesel,False,active_mapping,leap_combined_esto,,,,
"09.01.01.12,09.02.01.12 Solar CSP",16.07 Bio jet kerosene,False,active_mapping,leap_combined_esto,,,,
"09.01.01.12,09.02.01.12 Solar CSP",16.08 Other liquid biofuels,False,active_mapping,leap_combined_esto,,,,
"09.01.01.12,09.02.01.12 Solar CSP",16.09 Other sources,False,active_mapping,leap_combined_esto,,,,
"09.01.01.12,09.02.01.12 Solar CSP",16.10 Ammonia,False,active_mapping,leap_combined_esto,,,,
"09.01.01.12,09.02.01.12 Solar CSP",16.11 E-fuel,False,active_mapping,leap_combined_esto,,,,
"09.01.01.12,09.02.01.12 Solar CSP",16.12 Hydrogen,False,active_mapping,leap_combined_esto,,,,
"09.01.01.12,09.02.01.12 Solar CSP",17 Electricity,False,active_mapping,leap_combined_esto,,,,
"09.01.01.12,09.02.01.12 Solar CSP",18 Heat,False,active_mapping,leap_combined_esto,,,,
"09.01.01.13,09.02.01.13 Solar utility PV",01.01 Coking coal,False,active_mapping,leap_combined_esto,,,,
"09.01.01.13,09.02.01.13 Solar utility PV",01.02 Other bituminous coal,False,active_mapping,leap_combined_esto,,,,
"09.01.01.13,09.02.01.13 Solar utility PV",01.03 Sub-bituminous coal,False,active_mapping,leap_combined_esto,,,,
"09.01.01.13,09.02.01.13 Solar utility PV",01.04 Anthracite,False,active_mapping,leap_combined_esto,,,,
"09.01.01.13,09.02.01.13 Solar utility PV",01.05 Lignite,False,active_mapping,leap_combined_esto,,,,
"09.01.01.13,09.02.01.13 Solar utility PV",01.99 Coal nonspecified,False,active_mapping,leap_combined_esto,,,,
"09.01.01.13,09.02.01.13 Solar utility PV",02.01 Coke oven coke,False,active_mapping,leap_combined_esto,,,,
"09.01.01.13,09.02.01.13 Solar utility PV",02.02 Gas coke,False,active_mapping,leap_combined_esto,,,,
"09.01.01.13,09.02.01.13 Solar utility PV",02.03 Coke oven gas,False,active_mapping,leap_combined_esto,,,,
"09.01.01.13,09.02.01.13 Solar utility PV",02.04 Blast furnace gas,False,active_mapping,leap_combined_esto,,,,
"09.01.01.13,09.02.01.13 Solar utility PV",02.05 Other recovered gases,False,active_mapping,leap_combined_esto,,,,
"09.01.01.13,09.02.01.13 Solar utility PV",02.06 Patent fuel,False,active_mapping,leap_combined_esto,,,,
"09.01.01.13,09.02.01.13 Solar utility PV",02.07 Coal tar,False,active_mapping,leap_combined_esto,,,,
"09.01.01.13,09.02.01.13 Solar utility PV",02.08 BKB/PB,False,active_mapping,leap_combined_esto,,,,
"09.01.01.13,09.02.01.13 Solar utility PV",03 Peat,False,active_mapping,leap_combined_esto,,,,
"09.01.01.13,09.02.01.13 Solar utility PV",04 Peat products,False,active_mapping,leap_combined_esto,,,,
"09.01.01.13,09.02.01.13 Solar utility PV",06.01 Crude oil,False,active_mapping,leap_combined_esto,,,,
"09.01.01.13,09.02.01.13 Solar utility PV",06.02 Natural gas liquids,False,active_mapping,leap_combined_esto,,,,
"09.01.01.13,09.02.01.13 Solar utility PV",06.04 Additives/ oxygenates,False,active_mapping,leap_combined_esto,,,,
"09.01.01.13,09.02.01.13 Solar utility PV",07.01 Motor gasoline,False,active_mapping,leap_combined_esto,,,,
"09.01.01.13,09.02.01.13 Solar utility PV",07.02 Aviation gasoline,False,active_mapping,leap_combined_esto,,,,
"09.01.01.13,09.02.01.13 Solar utility PV",07.03 Naphtha,False,active_mapping,leap_combined_esto,,,,
"09.01.01.13,09.02.01.13 Solar utility PV",07.04 Gasoline type jet fuel,False,active_mapping,leap_combined_esto,,,,
"09.01.01.13,09.02.01.13 Solar utility PV",07.05 Kerosene type jet fuel,False,active_mapping,leap_combined_esto,,,,
"09.01.01.13,09.02.01.13 Solar utility PV",07.06 Kerosene,False,active_mapping,leap_combined_esto,,,,
"09.01.01.13,09.02.01.13 Solar utility PV",07.07 Gas/diesel oil,False,active_mapping,leap_combined_esto,,,,
"09.01.01.13,09.02.01.13 Solar utility PV",07.08 Fuel oil,False,active_mapping,leap_combined_esto,,,,
"09.01.01.13,09.02.01.13 Solar utility PV",07.09 LPG,False,active_mapping,leap_combined_esto,,,,
"09.01.01.13,09.02.01.13 Solar utility PV",07.10 Refinery gas (not liquefied),False,active_mapping,leap_combined_esto,,,,
"09.01.01.13,09.02.01.13 Solar utility PV",07.11 Ethane,False,active_mapping,leap_combined_esto,,,,
"09.01.01.13,09.02.01.13 Solar utility PV",07.12 White spirit SBP,False,active_mapping,leap_combined_esto,,,,
"09.01.01.13,09.02.01.13 Solar utility PV",07.13 Lubricants,False,active_mapping,leap_combined_esto,,,,
"09.01.01.13,09.02.01.13 Solar utility PV",07.14 Bitumen,False,active_mapping,leap_combined_esto,,,,
"09.01.01.13,09.02.01.13 Solar utility PV",07.15 Paraffin waxes,False,active_mapping,leap_combined_esto,,,,
"09.01.01.13,09.02.01.13 Solar utility PV",07.16 Petroleum coke,False,active_mapping,leap_combined_esto,,,,
"09.01.01.13,09.02.01.13 Solar utility PV",07.17 Other products,False,active_mapping,leap_combined_esto,,,,
"09.01.01.13,09.02.01.13 Solar utility PV",07.99 PetProd nonspecified,False,active_mapping,leap_combined_esto,,,,
"09.01.01.13,09.02.01.13 Solar utility PV",08.01 Natural gas,False,active_mapping,leap_combined_esto,,,,
"09.01.01.13,09.02.01.13 Solar utility PV",08.02 LNG,False,active_mapping,leap_combined_esto,,,,
"09.01.01.13,09.02.01.13 Solar utility PV",08.03 Gas works gas,False,active_mapping,leap_combined_esto,,,,
"09.01.01.13,09.02.01.13 Solar utility PV",08.99 Gas nonspecified,False,active_mapping,leap_combined_esto,,,,
"09.01.01.13,09.02.01.13 Solar utility PV",09 Nuclear,False,active_mapping,leap_combined_esto,,,,
"09.01.01.13,09.02.01.13 Solar utility PV",10 Hydro,False,active_mapping,leap_combined_esto,,,,
"09.01.01.13,09.02.01.13 Solar utility PV",11 Geothermal,False,active_mapping,leap_combined_esto,,,,
"09.01.01.13,09.02.01.13 Solar utility PV",12.01 of which: Photovoltaics,False,active_mapping,leap_combined_esto,,,,
"09.01.01.13,09.02.01.13 Solar utility PV",12.99 Solar nonspecified,False,active_mapping,leap_combined_esto,,,,
"09.01.01.13,09.02.01.13 Solar utility PV",14 Wind,False,active_mapping,leap_combined_esto,,,,
"09.01.01.13,09.02.01.13 Solar utility PV",15.01 Fuelwood & woodwaste,False,active_mapping,leap_combined_esto,,,,
"09.01.01.13,09.02.01.13 Solar utility PV",15.02 Bagasse,False,active_mapping,leap_combined_esto,,,,
"09.01.01.13,09.02.01.13 Solar utility PV",15.03 Charcoal,False,active_mapping,leap_combined_esto,,,,
"09.01.01.13,09.02.01.13 Solar utility PV",15.04 Black liquor,False,active_mapping,leap_combined_esto,,,,
"09.01.01.13,09.02.01.13 Solar utility PV",15.05 Other biomass,False,active_mapping,leap_combined_esto,,,,
"09.01.01.13,09.02.01.13 Solar utility PV",16.01 Biogas,False,active_mapping,leap_combined_esto,,,,
"09.01.01.13,09.02.01.13 Solar utility PV",16.02 Industrial waste,False,active_mapping,leap_combined_esto,,,,
"09.01.01.13,09.02.01.13 Solar utility PV",16.03 Municipal solid waste (renewable),False,active_mapping,leap_combined_esto,,,,
"09.01.01.13,09.02.01.13 Solar utility PV",16.04 Municipal solid waste (non-renewable),False,active_mapping,leap_combined_esto,,,,
"09.01.01.13,09.02.01.13 Solar utility PV",16.05 Biogasoline,False,active_mapping,leap_combined_esto,,,,
"09.01.01.13,09.02.01.13 Solar utility PV",16.06 Biodiesel,False,active_mapping,leap_combined_esto,,,,
"09.01.01.13,09.02.01.13 Solar utility PV",16.07 Bio jet kerosene,False,active_mapping,leap_combined_esto,,,,
"09.01.01.13,09.02.01.13 Solar utility PV",16.08 Other liquid biofuels,False,active_mapping,leap_combined_esto,,,,
"09.01.01.13,09.02.01.13 Solar utility PV",16.09 Other sources,False,active_mapping,leap_combined_esto,,,,
"09.01.01.13,09.02.01.13 Solar utility PV",16.10 Ammonia,False,active_mapping,leap_combined_esto,,,,
"09.01.01.13,09.02.01.13 Solar utility PV",16.11 E-fuel,False,active_mapping,leap_combined_esto,,,,
"09.01.01.13,09.02.01.13 Solar utility PV",16.12 Hydrogen,False,active_mapping,leap_combined_esto,,,,
"09.01.01.13,09.02.01.13 Solar utility PV",17 Electricity,False,active_mapping,leap_combined_esto,,,,
"09.01.01.13,09.02.01.13 Solar utility PV",18 Heat,False,active_mapping,leap_combined_esto,,,,
"09.01.01.14,09.02.01.14 Solar rooftop",01.01 Coking coal,False,active_mapping,leap_combined_esto,,,,
"09.01.01.14,09.02.01.14 Solar rooftop",01.02 Other bituminous coal,False,active_mapping,leap_combined_esto,,,,
"09.01.01.14,09.02.01.14 Solar rooftop",01.03 Sub-bituminous coal,False,active_mapping,leap_combined_esto,,,,
"09.01.01.14,09.02.01.14 Solar rooftop",01.04 Anthracite,False,active_mapping,leap_combined_esto,,,,
"09.01.01.14,09.02.01.14 Solar rooftop",01.05 Lignite,False,active_mapping,leap_combined_esto,,,,
"09.01.01.14,09.02.01.14 Solar rooftop",01.99 Coal nonspecified,False,active_mapping,leap_combined_esto,,,,
"09.01.01.14,09.02.01.14 Solar rooftop",02.01 Coke oven coke,False,active_mapping,leap_combined_esto,,,,
"09.01.01.14,09.02.01.14 Solar rooftop",02.02 Gas coke,False,active_mapping,leap_combined_esto,,,,
"09.01.01.14,09.02.01.14 Solar rooftop",02.03 Coke oven gas,False,active_mapping,leap_combined_esto,,,,
"09.01.01.14,09.02.01.14 Solar rooftop",02.04 Blast furnace gas,False,active_mapping,leap_combined_esto,,,,
"09.01.01.14,09.02.01.14 Solar rooftop",02.05 Other recovered gases,False,active_mapping,leap_combined_esto,,,,
"09.01.01.14,09.02.01.14 Solar rooftop",02.06 Patent fuel,False,active_mapping,leap_combined_esto,,,,
"09.01.01.14,09.02.01.14 Solar rooftop",02.07 Coal tar,False,active_mapping,leap_combined_esto,,,,
"09.01.01.14,09.02.01.14 Solar rooftop",02.08 BKB/PB,False,active_mapping,leap_combined_esto,,,,
"09.01.01.14,09.02.01.14 Solar rooftop",03 Peat,False,active_mapping,leap_combined_esto,,,,
"09.01.01.14,09.02.01.14 Solar rooftop",04 Peat products,False,active_mapping,leap_combined_esto,,,,
"09.01.01.14,09.02.01.14 Solar rooftop",06.01 Crude oil,False,active_mapping,leap_combined_esto,,,,
"09.01.01.14,09.02.01.14 Solar rooftop",06.02 Natural gas liquids,False,active_mapping,leap_combined_esto,,,,
"09.01.01.14,09.02.01.14 Solar rooftop",06.04 Additives/ oxygenates,False,active_mapping,leap_combined_esto,,,,
"09.01.01.14,09.02.01.14 Solar rooftop",07.01 Motor gasoline,False,active_mapping,leap_combined_esto,,,,
"09.01.01.14,09.02.01.14 Solar rooftop",07.02 Aviation gasoline,False,active_mapping,leap_combined_esto,,,,
"09.01.01.14,09.02.01.14 Solar rooftop",07.03 Naphtha,False,active_mapping,leap_combined_esto,,,,
"09.01.01.14,09.02.01.14 Solar rooftop",07.04 Gasoline type jet fuel,False,active_mapping,leap_combined_esto,,,,
"09.01.01.14,09.02.01.14 Solar rooftop",07.05 Kerosene type jet fuel,False,active_mapping,leap_combined_esto,,,,
"09.01.01.14,09.02.01.14 Solar rooftop",07.06 Kerosene,False,active_mapping,leap_combined_esto,,,,
"09.01.01.14,09.02.01.14 Solar rooftop",07.07 Gas/diesel oil,False,active_mapping,leap_combined_esto,,,,
"09.01.01.14,09.02.01.14 Solar rooftop",07.08 Fuel oil,False,active_mapping,leap_combined_esto,,,,
"09.01.01.14,09.02.01.14 Solar rooftop",07.09 LPG,False,active_mapping,leap_combined_esto,,,,
"09.01.01.14,09.02.01.14 Solar rooftop",07.10 Refinery gas (not liquefied),False,active_mapping,leap_combined_esto,,,,
"09.01.01.14,09.02.01.14 Solar rooftop",07.11 Ethane,False,active_mapping,leap_combined_esto,,,,
"09.01.01.14,09.02.01.14 Solar rooftop",07.12 White spirit SBP,False,active_mapping,leap_combined_esto,,,,
"09.01.01.14,09.02.01.14 Solar rooftop",07.13 Lubricants,False,active_mapping,leap_combined_esto,,,,
"09.01.01.14,09.02.01.14 Solar rooftop",07.14 Bitumen,False,active_mapping,leap_combined_esto,,,,
"09.01.01.14,09.02.01.14 Solar rooftop",07.15 Paraffin waxes,False,active_mapping,leap_combined_esto,,,,
"09.01.01.14,09.02.01.14 Solar rooftop",07.16 Petroleum coke,False,active_mapping,leap_combined_esto,,,,
"09.01.01.14,09.02.01.14 Solar rooftop",07.17 Other products,False,active_mapping,leap_combined_esto,,,,
"09.01.01.14,09.02.01.14 Solar rooftop",07.99 PetProd nonspecified,False,active_mapping,leap_combined_esto,,,,
"09.01.01.14,09.02.01.14 Solar rooftop",08.01 Natural gas,False,active_mapping,leap_combined_esto,,,,
"09.01.01.14,09.02.01.14 Solar rooftop",08.02 LNG,False,active_mapping,leap_combined_esto,,,,
"09.01.01.14,09.02.01.14 Solar rooftop",08.03 Gas works gas,False,active_mapping,leap_combined_esto,,,,
"09.01.01.14,09.02.01.14 Solar rooftop",08.99 Gas nonspecified,False,active_mapping,leap_combined_esto,,,,
"09.01.01.14,09.02.01.14 Solar rooftop",09 Nuclear,False,active_mapping,leap_combined_esto,,,,
"09.01.01.14,09.02.01.14 Solar rooftop",10 Hydro,False,active_mapping,leap_combined_esto,,,,
"09.01.01.14,09.02.01.14 Solar rooftop",11 Geothermal,False,active_mapping,leap_combined_esto,,,,
"09.01.01.14,09.02.01.14 Solar rooftop",12.01 of which: Photovoltaics,False,active_mapping,leap_combined_esto,,,,
"09.01.01.14,09.02.01.14 Solar rooftop",12.99 Solar nonspecified,False,active_mapping,leap_combined_esto,,,,
"09.01.01.14,09.02.01.14 Solar rooftop",14 Wind,False,active_mapping,leap_combined_esto,,,,
"09.01.01.14,09.02.01.14 Solar rooftop",15.01 Fuelwood & woodwaste,False,active_mapping,leap_combined_esto,,,,
"09.01.01.14,09.02.01.14 Solar rooftop",15.02 Bagasse,False,active_mapping,leap_combined_esto,,,,
"09.01.01.14,09.02.01.14 Solar rooftop",15.03 Charcoal,False,active_mapping,leap_combined_esto,,,,
"09.01.01.14,09.02.01.14 Solar rooftop",15.04 Black liquor,False,active_mapping,leap_combined_esto,,,,
"09.01.01.14,09.02.01.14 Solar rooftop",15.05 Other biomass,False,active_mapping,leap_combined_esto,,,,
"09.01.01.14,09.02.01.14 Solar rooftop",16.01 Biogas,False,active_mapping,leap_combined_esto,,,,
"09.01.01.14,09.02.01.14 Solar rooftop",16.02 Industrial waste,False,active_mapping,leap_combined_esto,,,,
"09.01.01.14,09.02.01.14 Solar rooftop",16.03 Municipal solid waste (renewable),False,active_mapping,leap_combined_esto,,,,
"09.01.01.14,09.02.01.14 Solar rooftop",16.04 Municipal solid waste (non-renewable),False,active_mapping,leap_combined_esto,,,,
"09.01.01.14,09.02.01.14 Solar rooftop",16.05 Biogasoline,False,active_mapping,leap_combined_esto,,,,
"09.01.01.14,09.02.01.14 Solar rooftop",16.06 Biodiesel,False,active_mapping,leap_combined_esto,,,,
"09.01.01.14,09.02.01.14 Solar rooftop",16.07 Bio jet kerosene,False,active_mapping,leap_combined_esto,,,,
"09.01.01.14,09.02.01.14 Solar rooftop",16.08 Other liquid biofuels,False,active_mapping,leap_combined_esto,,,,
"09.01.01.14,09.02.01.14 Solar rooftop",16.09 Other sources,False,active_mapping,leap_combined_esto,,,,
"09.01.01.14,09.02.01.14 Solar rooftop",16.10 Ammonia,False,active_mapping,leap_combined_esto,,,,
"09.01.01.14,09.02.01.14 Solar rooftop",16.11 E-fuel,False,active_mapping,leap_combined_esto,,,,
"09.01.01.14,09.02.01.14 Solar rooftop",16.12 Hydrogen,False,active_mapping,leap_combined_esto,,,,
"09.01.01.14,09.02.01.14 Solar rooftop",17 Electricity,False,active_mapping,leap_combined_esto,,,,
"09.01.01.14,09.02.01.14 Solar rooftop",18 Heat,False,active_mapping,leap_combined_esto,,,,
"09.01.01.15,09.02.01.15 Solid biomass",01.01 Coking coal,False,active_mapping,leap_combined_esto,,,,
"09.01.01.15,09.02.01.15 Solid biomass",01.02 Other bituminous coal,False,active_mapping,leap_combined_esto,,,,
"09.01.01.15,09.02.01.15 Solid biomass",01.03 Sub-bituminous coal,False,active_mapping,leap_combined_esto,,,,
"09.01.01.15,09.02.01.15 Solid biomass",01.04 Anthracite,False,active_mapping,leap_combined_esto,,,,
"09.01.01.15,09.02.01.15 Solid biomass",01.05 Lignite,False,active_mapping,leap_combined_esto,,,,
"09.01.01.15,09.02.01.15 Solid biomass",01.99 Coal nonspecified,False,active_mapping,leap_combined_esto,,,,
"09.01.01.15,09.02.01.15 Solid biomass",02.01 Coke oven coke,False,active_mapping,leap_combined_esto,,,,
"09.01.01.15,09.02.01.15 Solid biomass",02.02 Gas coke,False,active_mapping,leap_combined_esto,,,,
"09.01.01.15,09.02.01.15 Solid biomass",02.03 Coke oven gas,False,active_mapping,leap_combined_esto,,,,
"09.01.01.15,09.02.01.15 Solid biomass",02.04 Blast furnace gas,False,active_mapping,leap_combined_esto,,,,
"09.01.01.15,09.02.01.15 Solid biomass",02.05 Other recovered gases,False,active_mapping,leap_combined_esto,,,,
"09.01.01.15,09.02.01.15 Solid biomass",02.06 Patent fuel,False,active_mapping,leap_combined_esto,,,,
"09.01.01.15,09.02.01.15 Solid biomass",02.07 Coal tar,False,active_mapping,leap_combined_esto,,,,
"09.01.01.15,09.02.01.15 Solid biomass",02.08 BKB/PB,False,active_mapping,leap_combined_esto,,,,
"09.01.01.15,09.02.01.15 Solid biomass",03 Peat,False,active_mapping,leap_combined_esto,,,,
"09.01.01.15,09.02.01.15 Solid biomass",04 Peat products,False,active_mapping,leap_combined_esto,,,,
"09.01.01.15,09.02.01.15 Solid biomass",06.01 Crude oil,False,active_mapping,leap_combined_esto,,,,
"09.01.01.15,09.02.01.15 Solid biomass",06.02 Natural gas liquids,False,active_mapping,leap_combined_esto,,,,
"09.01.01.15,09.02.01.15 Solid biomass",06.04 Additives/ oxygenates,False,active_mapping,leap_combined_esto,,,,
"09.01.01.15,09.02.01.15 Solid biomass",07.01 Motor gasoline,False,active_mapping,leap_combined_esto,,,,
"09.01.01.15,09.02.01.15 Solid biomass",07.02 Aviation gasoline,False,active_mapping,leap_combined_esto,,,,
"09.01.01.15,09.02.01.15 Solid biomass",07.03 Naphtha,False,active_mapping,leap_combined_esto,,,,
"09.01.01.15,09.02.01.15 Solid biomass",07.04 Gasoline type jet fuel,False,active_mapping,leap_combined_esto,,,,
"09.01.01.15,09.02.01.15 Solid biomass",07.05 Kerosene type jet fuel,False,active_mapping,leap_combined_esto,,,,
"09.01.01.15,09.02.01.15 Solid biomass",07.06 Kerosene,False,active_mapping,leap_combined_esto,,,,
"09.01.01.15,09.02.01.15 Solid biomass",07.07 Gas/diesel oil,False,active_mapping,leap_combined_esto,,,,
"09.01.01.15,09.02.01.15 Solid biomass",07.08 Fuel oil,False,active_mapping,leap_combined_esto,,,,
"09.01.01.15,09.02.01.15 Solid biomass",07.09 LPG,False,active_mapping,leap_combined_esto,,,,
"09.01.01.15,09.02.01.15 Solid biomass",07.10 Refinery gas (not liquefied),False,active_mapping,leap_combined_esto,,,,
"09.01.01.15,09.02.01.15 Solid biomass",07.11 Ethane,False,active_mapping,leap_combined_esto,,,,
"09.01.01.15,09.02.01.15 Solid biomass",07.12 White spirit SBP,False,active_mapping,leap_combined_esto,,,,
"09.01.01.15,09.02.01.15 Solid biomass",07.13 Lubricants,False,active_mapping,leap_combined_esto,,,,
"09.01.01.15,09.02.01.15 Solid biomass",07.14 Bitumen,False,active_mapping,leap_combined_esto,,,,
"09.01.01.15,09.02.01.15 Solid biomass",07.15 Paraffin waxes,False,active_mapping,leap_combined_esto,,,,
"09.01.01.15,09.02.01.15 Solid biomass",07.16 Petroleum coke,False,active_mapping,leap_combined_esto,,,,
"09.01.01.15,09.02.01.15 Solid biomass",07.17 Other products,False,active_mapping,leap_combined_esto,,,,
"09.01.01.15,09.02.01.15 Solid biomass",07.99 PetProd nonspecified,False,active_mapping,leap_combined_esto,,,,
"09.01.01.15,09.02.01.15 Solid biomass",08.01 Natural gas,False,active_mapping,leap_combined_esto,,,,
"09.01.01.15,09.02.01.15 Solid biomass",08.02 LNG,False,active_mapping,leap_combined_esto,,,,
"09.01.01.15,09.02.01.15 Solid biomass",08.03 Gas works gas,False,active_mapping,leap_combined_esto,,,,
"09.01.01.15,09.02.01.15 Solid biomass",08.99 Gas nonspecified,False,active_mapping,leap_combined_esto,,,,
"09.01.01.15,09.02.01.15 Solid biomass",09 Nuclear,False,active_mapping,leap_combined_esto,,,,
"09.01.01.15,09.02.01.15 Solid biomass",10 Hydro,False,active_mapping,leap_combined_esto,,,,
"09.01.01.15,09.02.01.15 Solid biomass",11 Geothermal,False,active_mapping,leap_combined_esto,,,,
"09.01.01.15,09.02.01.15 Solid biomass",12.01 of which: Photovoltaics,False,active_mapping,leap_combined_esto,,,,
"09.01.01.15,09.02.01.15 Solid biomass",12.99 Solar nonspecified,False,active_mapping,leap_combined_esto,,,,
"09.01.01.15,09.02.01.15 Solid biomass",14 Wind,False,active_mapping,leap_combined_esto,,,,
"09.01.01.15,09.02.01.15 Solid biomass",15.01 Fuelwood & woodwaste,False,active_mapping,leap_combined_esto,,,,
"09.01.01.15,09.02.01.15 Solid biomass",15.02 Bagasse,False,active_mapping,leap_combined_esto,,,,
"09.01.01.15,09.02.01.15 Solid biomass",15.03 Charcoal,False,active_mapping,leap_combined_esto,,,,
"09.01.01.15,09.02.01.15 Solid biomass",15.04 Black liquor,False,active_mapping,leap_combined_esto,,,,
"09.01.01.15,09.02.01.15 Solid biomass",15.05 Other biomass,False,active_mapping,leap_combined_esto,,,,
"09.01.01.15,09.02.01.15 Solid biomass",16.01 Biogas,False,active_mapping,leap_combined_esto,,,,
"09.01.01.15,09.02.01.15 Solid biomass",16.02 Industrial waste,False,active_mapping,leap_combined_esto,,,,
"09.01.01.15,09.02.01.15 Solid biomass",16.03 Municipal solid waste (renewable),False,active_mapping,leap_combined_esto,,,,
"09.01.01.15,09.02.01.15 Solid biomass",16.04 Municipal solid waste (non-renewable),False,active_mapping,leap_combined_esto,,,,
"09.01.01.15,09.02.01.15 Solid biomass",16.05 Biogasoline,False,active_mapping,leap_combined_esto,,,,
"09.01.01.15,09.02.01.15 Solid biomass",16.06 Biodiesel,False,active_mapping,leap_combined_esto,,,,
"09.01.01.15,09.02.01.15 Solid biomass",16.07 Bio jet kerosene,False,active_mapping,leap_combined_esto,,,,
"09.01.01.15,09.02.01.15 Solid biomass",16.08 Other liquid biofuels,False,active_mapping,leap_combined_esto,,,,
"09.01.01.15,09.02.01.15 Solid biomass",16.09 Other sources,False,active_mapping,leap_combined_esto,,,,
"09.01.01.15,09.02.01.15 Solid biomass",16.10 Ammonia,False,active_mapping,leap_combined_esto,,,,
"09.01.01.15,09.02.01.15 Solid biomass",16.11 E-fuel,False,active_mapping,leap_combined_esto,,,,
"09.01.01.15,09.02.01.15 Solid biomass",16.12 Hydrogen,False,active_mapping,leap_combined_esto,,,,
"09.01.01.15,09.02.01.15 Solid biomass",17 Electricity,False,active_mapping,leap_combined_esto,,,,
"09.01.01.15,09.02.01.15 Solid biomass",18 Heat,False,active_mapping,leap_combined_esto,,,,
"09.01.01.17,09.02.01.17 Wind",01.01 Coking coal,False,active_mapping,leap_combined_esto,,,,
"09.01.01.17,09.02.01.17 Wind",01.02 Other bituminous coal,False,active_mapping,leap_combined_esto,,,,
"09.01.01.17,09.02.01.17 Wind",01.03 Sub-bituminous coal,False,active_mapping,leap_combined_esto,,,,
"09.01.01.17,09.02.01.17 Wind",01.04 Anthracite,False,active_mapping,leap_combined_esto,,,,
"09.01.01.17,09.02.01.17 Wind",01.05 Lignite,False,active_mapping,leap_combined_esto,,,,
"09.01.01.17,09.02.01.17 Wind",01.99 Coal nonspecified,False,active_mapping,leap_combined_esto,,,,
"09.01.01.17,09.02.01.17 Wind",02.01 Coke oven coke,False,active_mapping,leap_combined_esto,,,,
"09.01.01.17,09.02.01.17 Wind",02.02 Gas coke,False,active_mapping,leap_combined_esto,,,,
"09.01.01.17,09.02.01.17 Wind",02.03 Coke oven gas,False,active_mapping,leap_combined_esto,,,,
"09.01.01.17,09.02.01.17 Wind",02.04 Blast furnace gas,False,active_mapping,leap_combined_esto,,,,
"09.01.01.17,09.02.01.17 Wind",02.05 Other recovered gases,False,active_mapping,leap_combined_esto,,,,
"09.01.01.17,09.02.01.17 Wind",02.06 Patent fuel,False,active_mapping,leap_combined_esto,,,,
"09.01.01.17,09.02.01.17 Wind",02.07 Coal tar,False,active_mapping,leap_combined_esto,,,,
"09.01.01.17,09.02.01.17 Wind",02.08 BKB/PB,False,active_mapping,leap_combined_esto,,,,
"09.01.01.17,09.02.01.17 Wind",03 Peat,False,active_mapping,leap_combined_esto,,,,
"09.01.01.17,09.02.01.17 Wind",04 Peat products,False,active_mapping,leap_combined_esto,,,,
"09.01.01.17,09.02.01.17 Wind",06.01 Crude oil,False,active_mapping,leap_combined_esto,,,,
"09.01.01.17,09.02.01.17 Wind",06.02 Natural gas liquids,False,active_mapping,leap_combined_esto,,,,
"09.01.01.17,09.02.01.17 Wind",06.04 Additives/ oxygenates,False,active_mapping,leap_combined_esto,,,,
"09.01.01.17,09.02.01.17 Wind",07.01 Motor gasoline,False,active_mapping,leap_combined_esto,,,,
"09.01.01.17,09.02.01.17 Wind",07.02 Aviation gasoline,False,active_mapping,leap_combined_esto,,,,
"09.01.01.17,09.02.01.17 Wind",07.03 Naphtha,False,active_mapping,leap_combined_esto,,,,
"09.01.01.17,09.02.01.17 Wind",07.04 Gasoline type jet fuel,False,active_mapping,leap_combined_esto,,,,
"09.01.01.17,09.02.01.17 Wind",07.05 Kerosene type jet fuel,False,active_mapping,leap_combined_esto,,,,
"09.01.01.17,09.02.01.17 Wind",07.06 Kerosene,False,active_mapping,leap_combined_esto,,,,
"09.01.01.17,09.02.01.17 Wind",07.07 Gas/diesel oil,False,active_mapping,leap_combined_esto,,,,
"09.01.01.17,09.02.01.17 Wind",07.08 Fuel oil,False,active_mapping,leap_combined_esto,,,,
"09.01.01.17,09.02.01.17 Wind",07.09 LPG,False,active_mapping,leap_combined_esto,,,,
"09.01.01.17,09.02.01.17 Wind",07.10 Refinery gas (not liquefied),False,active_mapping,leap_combined_esto,,,,
"09.01.01.17,09.02.01.17 Wind",07.11 Ethane,False,active_mapping,leap_combined_esto,,,,
"09.01.01.17,09.02.01.17 Wind",07.12 White spirit SBP,False,active_mapping,leap_combined_esto,,,,
"09.01.01.17,09.02.01.17 Wind",07.13 Lubricants,False,active_mapping,leap_combined_esto,,,,
"09.01.01.17,09.02.01.17 Wind",07.14 Bitumen,False,active_mapping,leap_combined_esto,,,,
"09.01.01.17,09.02.01.17 Wind",07.15 Paraffin waxes,False,active_mapping,leap_combined_esto,,,,
"09.01.01.17,09.02.01.17 Wind",07.16 Petroleum coke,False,active_mapping,leap_combined_esto,,,,
"09.01.01.17,09.02.01.17 Wind",07.17 Other products,False,active_mapping,leap_combined_esto,,,,
"09.01.01.17,09.02.01.17 Wind",07.99 PetProd nonspecified,False,active_mapping,leap_combined_esto,,,,
"09.01.01.17,09.02.01.17 Wind",08.01 Natural gas,False,active_mapping,leap_combined_esto,,,,
"09.01.01.17,09.02.01.17 Wind",08.02 LNG,False,active_mapping,leap_combined_esto,,,,
"09.01.01.17,09.02.01.17 Wind",08.03 Gas works gas,False,active_mapping,leap_combined_esto,,,,
"09.01.01.17,09.02.01.17 Wind",08.99 Gas nonspecified,False,active_mapping,leap_combined_esto,,,,
"09.01.01.17,09.02.01.17 Wind",09 Nuclear,False,active_mapping,leap_combined_esto,,,,
"09.01.01.17,09.02.01.17 Wind",10 Hydro,False,active_mapping,leap_combined_esto,,,,
"09.01.01.17,09.02.01.17 Wind",11 Geothermal,False,active_mapping,leap_combined_esto,,,,
"09.01.01.17,09.02.01.17 Wind",12.01 of which: Photovoltaics,False,active_mapping,leap_combined_esto,,,,
"09.01.01.17,09.02.01.17 Wind",12.99 Solar nonspecified,False,active_mapping,leap_combined_esto,,,,
"09.01.01.17,09.02.01.17 Wind",14 Wind,False,active_mapping,leap_combined_esto,,,,
"09.01.01.17,09.02.01.17 Wind",15.01 Fuelwood & woodwaste,False,active_mapping,leap_combined_esto,,,,
"09.01.01.17,09.02.01.17 Wind",15.02 Bagasse,False,active_mapping,leap_combined_esto,,,,
"09.01.01.17,09.02.01.17 Wind",15.03 Charcoal,False,active_mapping,leap_combined_esto,,,,
"09.01.01.17,09.02.01.17 Wind",15.04 Black liquor,False,active_mapping,leap_combined_esto,,,,
"09.01.01.17,09.02.01.17 Wind",15.05 Other biomass,False,active_mapping,leap_combined_esto,,,,
"09.01.01.17,09.02.01.17 Wind",16.01 Biogas,False,active_mapping,leap_combined_esto,,,,
"09.01.01.17,09.02.01.17 Wind",16.02 Industrial waste,False,active_mapping,leap_combined_esto,,,,
"09.01.01.17,09.02.01.17 Wind",16.03 Municipal solid waste (renewable),False,active_mapping,leap_combined_esto,,,,
"09.01.01.17,09.02.01.17 Wind",16.04 Municipal solid waste (non-renewable),False,active_mapping,leap_combined_esto,,,,
"09.01.01.17,09.02.01.17 Wind",16.05 Biogasoline,False,active_mapping,leap_combined_esto,,,,
"09.01.01.17,09.02.01.17 Wind",16.06 Biodiesel,False,active_mapping,leap_combined_esto,,,,
"09.01.01.17,09.02.01.17 Wind",16.07 Bio jet kerosene,False,active_mapping,leap_combined_esto,,,,
"09.01.01.17,09.02.01.17 Wind",16.08 Other liquid biofuels,False,active_mapping,leap_combined_esto,,,,
"09.01.01.17,09.02.01.17 Wind",16.09 Other sources,False,active_mapping,leap_combined_esto,,,,
"09.01.01.17,09.02.01.17 Wind",16.10 Ammonia,False,active_mapping,leap_combined_esto,,,,
"09.01.01.17,09.02.01.17 Wind",16.11 E-fuel,False,active_mapping,leap_combined_esto,,,,
"09.01.01.17,09.02.01.17 Wind",16.12 Hydrogen,False,active_mapping,leap_combined_esto,,,,
"09.01.01.17,09.02.01.17 Wind",17 Electricity,False,active_mapping,leap_combined_esto,,,,
"09.01.01.17,09.02.01.17 Wind",18 Heat,False,active_mapping,leap_combined_esto,,,,
"09.01.01.18,09.02.01.18 Wind offshore",01.01 Coking coal,False,active_mapping,leap_combined_esto,,,,
"09.01.01.18,09.02.01.18 Wind offshore",01.02 Other bituminous coal,False,active_mapping,leap_combined_esto,,,,
"09.01.01.18,09.02.01.18 Wind offshore",01.03 Sub-bituminous coal,False,active_mapping,leap_combined_esto,,,,
"09.01.01.18,09.02.01.18 Wind offshore",01.04 Anthracite,False,active_mapping,leap_combined_esto,,,,
"09.01.01.18,09.02.01.18 Wind offshore",01.05 Lignite,False,active_mapping,leap_combined_esto,,,,
"09.01.01.18,09.02.01.18 Wind offshore",01.99 Coal nonspecified,False,active_mapping,leap_combined_esto,,,,
"09.01.01.18,09.02.01.18 Wind offshore",02.01 Coke oven coke,False,active_mapping,leap_combined_esto,,,,
"09.01.01.18,09.02.01.18 Wind offshore",02.02 Gas coke,False,active_mapping,leap_combined_esto,,,,
"09.01.01.18,09.02.01.18 Wind offshore",02.03 Coke oven gas,False,active_mapping,leap_combined_esto,,,,
"09.01.01.18,09.02.01.18 Wind offshore",02.04 Blast furnace gas,False,active_mapping,leap_combined_esto,,,,
"09.01.01.18,09.02.01.18 Wind offshore",02.05 Other recovered gases,False,active_mapping,leap_combined_esto,,,,
"09.01.01.18,09.02.01.18 Wind offshore",02.06 Patent fuel,False,active_mapping,leap_combined_esto,,,,
"09.01.01.18,09.02.01.18 Wind offshore",02.07 Coal tar,False,active_mapping,leap_combined_esto,,,,
"09.01.01.18,09.02.01.18 Wind offshore",02.08 BKB/PB,False,active_mapping,leap_combined_esto,,,,
"09.01.01.18,09.02.01.18 Wind offshore",03 Peat,False,active_mapping,leap_combined_esto,,,,
"09.01.01.18,09.02.01.18 Wind offshore",04 Peat products,False,active_mapping,leap_combined_esto,,,,
"09.01.01.18,09.02.01.18 Wind offshore",06.01 Crude oil,False,active_mapping,leap_combined_esto,,,,
"09.01.01.18,09.02.01.18 Wind offshore",06.02 Natural gas liquids,False,active_mapping,leap_combined_esto,,,,
"09.01.01.18,09.02.01.18 Wind offshore",06.04 Additives/ oxygenates,False,active_mapping,leap_combined_esto,,,,
"09.01.01.18,09.02.01.18 Wind offshore",07.01 Motor gasoline,False,active_mapping,leap_combined_esto,,,,
"09.01.01.18,09.02.01.18 Wind offshore",07.02 Aviation gasoline,False,active_mapping,leap_combined_esto,,,,
"09.01.01.18,09.02.01.18 Wind offshore",07.03 Naphtha,False,active_mapping,leap_combined_esto,,,,
"09.01.01.18,09.02.01.18 Wind offshore",07.04 Gasoline type jet fuel,False,active_mapping,leap_combined_esto,,,,
"09.01.01.18,09.02.01.18 Wind offshore",07.05 Kerosene type jet fuel,False,active_mapping,leap_combined_esto,,,,
"09.01.01.18,09.02.01.18 Wind offshore",07.06 Kerosene,False,active_mapping,leap_combined_esto,,,,
"09.01.01.18,09.02.01.18 Wind offshore",07.07 Gas/diesel oil,False,active_mapping,leap_combined_esto,,,,
"09.01.01.18,09.02.01.18 Wind offshore",07.08 Fuel oil,False,active_mapping,leap_combined_esto,,,,
"09.01.01.18,09.02.01.18 Wind offshore",07.09 LPG,False,active_mapping,leap_combined_esto,,,,
"09.01.01.18,09.02.01.18 Wind offshore",07.10 Refinery gas (not liquefied),False,active_mapping,leap_combined_esto,,,,
"09.01.01.18,09.02.01.18 Wind offshore",07.11 Ethane,False,active_mapping,leap_combined_esto,,,,
"09.01.01.18,09.02.01.18 Wind offshore",07.12 White spirit SBP,False,active_mapping,leap_combined_esto,,,,
"09.01.01.18,09.02.01.18 Wind offshore",07.13 Lubricants,False,active_mapping,leap_combined_esto,,,,
"09.01.01.18,09.02.01.18 Wind offshore",07.14 Bitumen,False,active_mapping,leap_combined_esto,,,,
"09.01.01.18,09.02.01.18 Wind offshore",07.15 Paraffin waxes,False,active_mapping,leap_combined_esto,,,,
"09.01.01.18,09.02.01.18 Wind offshore",07.16 Petroleum coke,False,active_mapping,leap_combined_esto,,,,
"09.01.01.18,09.02.01.18 Wind offshore",07.17 Other products,False,active_mapping,leap_combined_esto,,,,
"09.01.01.18,09.02.01.18 Wind offshore",07.99 PetProd nonspecified,False,active_mapping,leap_combined_esto,,,,
"09.01.01.18,09.02.01.18 Wind offshore",08.01 Natural gas,False,active_mapping,leap_combined_esto,,,,
"09.01.01.18,09.02.01.18 Wind offshore",08.02 LNG,False,active_mapping,leap_combined_esto,,,,
"09.01.01.18,09.02.01.18 Wind offshore",08.03 Gas works gas,False,active_mapping,leap_combined_esto,,,,
"09.01.01.18,09.02.01.18 Wind offshore",08.99 Gas nonspecified,False,active_mapping,leap_combined_esto,,,,
"09.01.01.18,09.02.01.18 Wind offshore",09 Nuclear,False,active_mapping,leap_combined_esto,,,,
"09.01.01.18,09.02.01.18 Wind offshore",10 Hydro,False,active_mapping,leap_combined_esto,,,,
"09.01.01.18,09.02.01.18 Wind offshore",11 Geothermal,False,active_mapping,leap_combined_esto,,,,
"09.01.01.18,09.02.01.18 Wind offshore",12.01 of which: Photovoltaics,False,active_mapping,leap_combined_esto,,,,
"09.01.01.18,09.02.01.18 Wind offshore",12.99 Solar nonspecified,False,active_mapping,leap_combined_esto,,,,
"09.01.01.18,09.02.01.18 Wind offshore",14 Wind,False,active_mapping,leap_combined_esto,,,,
"09.01.01.18,09.02.01.18 Wind offshore",15.01 Fuelwood & woodwaste,False,active_mapping,leap_combined_esto,,,,
"09.01.01.18,09.02.01.18 Wind offshore",15.02 Bagasse,False,active_mapping,leap_combined_esto,,,,
"09.01.01.18,09.02.01.18 Wind offshore",15.03 Charcoal,False,active_mapping,leap_combined_esto,,,,
"09.01.01.18,09.02.01.18 Wind offshore",15.04 Black liquor,False,active_mapping,leap_combined_esto,,,,
"09.01.01.18,09.02.01.18 Wind offshore",15.05 Other biomass,False,active_mapping,leap_combined_esto,,,,
"09.01.01.18,09.02.01.18 Wind offshore",16.01 Biogas,False,active_mapping,leap_combined_esto,,,,
"09.01.01.18,09.02.01.18 Wind offshore",16.02 Industrial waste,False,active_mapping,leap_combined_esto,,,,
"09.01.01.18,09.02.01.18 Wind offshore",16.03 Municipal solid waste (renewable),False,active_mapping,leap_combined_esto,,,,
"09.01.01.18,09.02.01.18 Wind offshore",16.04 Municipal solid waste (non-renewable),False,active_mapping,leap_combined_esto,,,,
"09.01.01.18,09.02.01.18 Wind offshore",16.05 Biogasoline,False,active_mapping,leap_combined_esto,,,,
"09.01.01.18,09.02.01.18 Wind offshore",16.06 Biodiesel,False,active_mapping,leap_combined_esto,,,,
"09.01.01.18,09.02.01.18 Wind offshore",16.07 Bio jet kerosene,False,active_mapping,leap_combined_esto,,,,
"09.01.01.18,09.02.01.18 Wind offshore",16.08 Other liquid biofuels,False,active_mapping,leap_combined_esto,,,,
"09.01.01.18,09.02.01.18 Wind offshore",16.09 Other sources,False,active_mapping,leap_combined_esto,,,,
"09.01.01.18,09.02.01.18 Wind offshore",16.10 Ammonia,False,active_mapping,leap_combined_esto,,,,
"09.01.01.18,09.02.01.18 Wind offshore",16.11 E-fuel,False,active_mapping,leap_combined_esto,,,,
"09.01.01.18,09.02.01.18 Wind offshore",16.12 Hydrogen,False,active_mapping,leap_combined_esto,,,,
"09.01.01.18,09.02.01.18 Wind offshore",17 Electricity,False,active_mapping,leap_combined_esto,,,,
"09.01.01.18,09.02.01.18 Wind offshore",18 Heat,False,active_mapping,leap_combined_esto,,,,
"09.01.02,09.02.02 CHP plants",01.02 Other bituminous coal,False,active_mapping,leap_combined_esto|ninth_pairs_to_esto_pairs,,,,
"09.01.02,09.02.02 CHP plants",01.03 Sub-bituminous coal,False,active_mapping,leap_combined_esto|ninth_pairs_to_esto_pairs,,,,
"09.01.02,09.02.02 CHP plants",01.04 Anthracite,False,active_mapping,leap_combined_esto|ninth_pairs_to_esto_pairs,,,,
"09.01.02,09.02.02 CHP plants",01.05 Lignite,False,active_mapping,leap_combined_esto|ninth_pairs_to_esto_pairs,,,,
"09.01.02,09.02.02 CHP plants",02.01 Coke oven coke,False,active_mapping,leap_combined_esto|ninth_pairs_to_esto_pairs,,,,
"09.01.02,09.02.02 CHP plants",02.02 Gas coke,False,active_mapping,leap_combined_esto|ninth_pairs_to_esto_pairs,,,,
"09.01.02,09.02.02 CHP plants",02.03 Coke oven gas,False,active_mapping,leap_combined_esto|ninth_pairs_to_esto_pairs,,,,
"09.01.02,09.02.02 CHP plants",02.04 Blast furnace gas,False,active_mapping,leap_combined_esto|ninth_pairs_to_esto_pairs,,,,
"09.01.02,09.02.02 CHP plants",02.05 Other recovered gases,False,active_mapping,leap_combined_esto|ninth_pairs_to_esto_pairs,,,,
"09.01.02,09.02.02 CHP plants",02.06 Patent fuel,False,active_mapping,leap_combined_esto|ninth_pairs_to_esto_pairs,,,,
"09.01.02,09.02.02 CHP plants",02.07 Coal tar,False,active_mapping,leap_combined_esto|ninth_pairs_to_esto_pairs,,,,
"09.01.02,09.02.02 CHP plants",02.08 BKB/PB,False,active_mapping,leap_combined_esto|ninth_pairs_to_esto_pairs,,,,
"09.01.02,09.02.02 CHP plants",03 Peat,False,active_mapping,leap_combined_esto|ninth_pairs_to_esto_pairs,,,,
"09.01.02,09.02.02 CHP plants",06.01 Crude oil,False,active_mapping,leap_combined_esto|ninth_pairs_to_esto_pairs,,,,
"09.01.02,09.02.02 CHP plants",06.03 Refinery feedstocks,False,active_mapping,leap_combined_esto|ninth_pairs_to_esto_pairs,,,,
"09.01.02,09.02.02 CHP plants",06.05 Other hydrocarbons,False,active_mapping,leap_combined_esto,,,,
"09.01.02,09.02.02 CHP plants",07.03 Naphtha,False,active_mapping,leap_combined_esto|ninth_pairs_to_esto_pairs,,,,
"09.01.02,09.02.02 CHP plants",07.04 Gasoline type jet fuel,False,active_mapping,leap_combined_esto|ninth_pairs_to_esto_pairs,,,,
"09.01.02,09.02.02 CHP plants",07.06 Kerosene,False,active_mapping,leap_combined_esto|ninth_pairs_to_esto_pairs,,,,
"09.01.02,09.02.02 CHP plants",07.07 Gas/diesel oil,False,active_mapping,leap_combined_esto|ninth_pairs_to_esto_pairs,,,,
"09.01.02,09.02.02 CHP plants",07.08 Fuel oil,False,active_mapping,leap_combined_esto|ninth_pairs_to_esto_pairs,,,,
"09.01.02,09.02.02 CHP plants",07.09 LPG,False,active_mapping,leap_combined_esto|ninth_pairs_to_esto_pairs,,,,
"09.01.02,09.02.02 CHP plants",07.10 Refinery gas (not liquefied),False,active_mapping,leap_combined_esto|ninth_pairs_to_esto_pairs,,,,
"09.01.02,09.02.02 CHP plants",07.14 Bitumen,False,active_mapping,leap_combined_esto|ninth_pairs_to_esto_pairs,,,,
"09.01.02,09.02.02 CHP plants",07.16 Petroleum coke,False,active_mapping,leap_combined_esto|ninth_pairs_to_esto_pairs,,,,
"09.01.02,09.02.02 CHP plants",07.17 Other products,False,active_mapping,leap_combined_esto|ninth_pairs_to_esto_pairs,,,,
"09.01.02,09.02.02 CHP plants",07.99 PetProd nonspecified,False,active_mapping,leap_combined_esto|ninth_pairs_to_esto_pairs,,,,
"09.01.02,09.02.02 CHP plants",08.01 Natural gas,False,active_mapping,leap_combined_esto|ninth_pairs_to_esto_pairs,,,,
"09.01.02,09.02.02 CHP plants",09 Nuclear,False,active_mapping,leap_combined_esto|ninth_pairs_to_esto_pairs,,,,
"09.01.02,09.02.02 CHP plants",11 Geothermal,False,active_mapping,leap_combined_esto|ninth_pairs_to_esto_pairs,,,,
"09.01.02,09.02.02 CHP plants",15.01 Fuelwood & woodwaste,False,active_mapping,leap_combined_esto|ninth_pairs_to_esto_pairs,,,,
"09.01.02,09.02.02 CHP plants",15.02 Bagasse,False,active_mapping,leap_combined_esto|ninth_pairs_to_esto_pairs,,,,
"09.01.02,09.02.02 CHP plants",15.04 Black liquor,False,active_mapping,leap_combined_esto|ninth_pairs_to_esto_pairs,,,,
"09.01.02,09.02.02 CHP plants",15.05 Other biomass,False,active_mapping,leap_combined_esto|ninth_pairs_to_esto_pairs,,,,
"09.01.02,09.02.02 CHP plants",16.01 Biogas,False,active_mapping,leap_combined_esto|ninth_pairs_to_esto_pairs,,,,
"09.01.02,09.02.02 CHP plants",16.02 Industrial waste,False,active_mapping,leap_combined_esto|ninth_pairs_to_esto_pairs,,,,
"09.01.02,09.02.02 CHP plants",16.03 Municipal solid waste (renewable),False,active_mapping,leap_combined_esto|ninth_pairs_to_esto_pairs,,,,
"09.01.02,09.02.02 CHP plants",16.04 Municipal solid waste (non-renewable),False,active_mapping,leap_combined_esto|ninth_pairs_to_esto_pairs,,,,
"09.01.02,09.02.02 CHP plants",16.06 Biodiesel,False,active_mapping,leap_combined_esto|ninth_pairs_to_esto_pairs,,,,
"09.01.02,09.02.02 CHP plants",16.08 Other liquid biofuels,False,active_mapping,leap_combined_esto|ninth_pairs_to_esto_pairs,,,,
"09.01.02,09.02.02 CHP plants",16.09 Other sources,False,active_mapping,leap_combined_esto|ninth_pairs_to_esto_pairs,,,,
"09.01.02,09.02.02 CHP plants",16.10 Ammonia,False,active_mapping,leap_combined_esto|ninth_pairs_to_esto_pairs,,,,
"09.01.02,09.02.02 CHP plants",16.12 Hydrogen,False,active_mapping,leap_combined_esto|ninth_pairs_to_esto_pairs,,,,
"09.01.02,09.02.02 CHP plants",17 Electricity,False,active_mapping,leap_combined_esto|ninth_pairs_to_esto_pairs,,,,
"09.01.02,09.02.02 CHP plants",18 Heat,False,active_mapping,leap_combined_esto|ninth_pairs_to_esto_pairs,,,,
"09.01.02.01,09.02.02.01 Coal CHP",01.02 Other bituminous coal,False,active_mapping,leap_combined_esto|ninth_pairs_to_esto_pairs,,,,
"09.01.02.01,09.02.02.01 Coal CHP",01.03 Sub-bituminous coal,False,active_mapping,leap_combined_esto|ninth_pairs_to_esto_pairs,,,,
"09.01.02.01,09.02.02.01 Coal CHP",01.04 Anthracite,False,active_mapping,leap_combined_esto|ninth_pairs_to_esto_pairs,,,,
"09.01.02.01,09.02.02.01 Coal CHP",01.05 Lignite,False,active_mapping,leap_combined_esto|ninth_pairs_to_esto_pairs,,,,
"09.01.02.01,09.02.02.01 Coal CHP",02.04 Blast furnace gas,False,active_mapping,leap_combined_esto|ninth_pairs_to_esto_pairs,,,,
"09.01.02.01,09.02.02.01 Coal CHP",17 Electricity,False,active_mapping,leap_combined_esto|ninth_pairs_to_esto_pairs,,,,
"09.01.02.02,09.02.02.02 Gas CHP",08.01 Natural gas,False,active_mapping,leap_combined_esto,,,,
"09.01.02.02,09.02.02.02 Gas CHP",17 Electricity,False,active_mapping,leap_combined_esto,,,,
"09.01.02.03,09.02.02.03 Others CHP",03 Peat,False,active_mapping,leap_combined_esto,,,,
"09.01.02.03,09.02.02.03 Others CHP",07.10 Refinery gas (not liquefied),False,active_mapping,leap_combined_esto,,,,
"09.01.02.03,09.02.02.03 Others CHP",09 Nuclear,False,active_mapping,leap_combined_esto,,,,
"09.01.02.03,09.02.02.03 Others CHP",15.05 Other biomass,False,active_mapping,leap_combined_esto,,,,
"09.01.02.03,09.02.02.03 Others CHP",16.01 Biogas,False,active_mapping,leap_combined_esto,,,,
"09.01.02.03,09.02.02.03 Others CHP",16.02 Industrial waste,False,active_mapping,leap_combined_esto,,,,
"09.01.02.03,09.02.02.03 Others CHP",16.03 Municipal solid waste (renewable),False,active_mapping,leap_combined_esto,,,,
"09.01.02.03,09.02.02.03 Others CHP",16.04 Municipal solid waste (non-renewable),False,active_mapping,leap_combined_esto,,,,
"09.01.02.03,09.02.02.03 Others CHP",16.06 Biodiesel,False,active_mapping,leap_combined_esto,,,,
"09.01.02.03,09.02.02.03 Others CHP",17 Electricity,False,active_mapping,leap_combined_esto,,,,
"09.01.02.04,09.02.02.04 Petroleum products CHP",07.06 Kerosene,False,active_mapping,leap_combined_esto,,,,
"09.01.02.04,09.02.02.04 Petroleum products CHP",07.07 Gas/diesel oil,False,active_mapping,leap_combined_esto,,,,
"09.01.02.04,09.02.02.04 Petroleum products CHP",07.08 Fuel oil,False,active_mapping,leap_combined_esto,,,,
"09.01.02.04,09.02.02.04 Petroleum products CHP",07.09 LPG,False,active_mapping,leap_combined_esto,,,,
"09.01.02.04,09.02.02.04 Petroleum products CHP",07.16 Petroleum coke,False,active_mapping,leap_combined_esto,,,,
"09.01.02.04,09.02.02.04 Petroleum products CHP",07.17 Other products,False,active_mapping,leap_combined_esto,,,,
"09.01.02.04,09.02.02.04 Petroleum products CHP",17 Electricity,False,active_mapping,leap_combined_esto,,,,
"09.01.03,09.02.03 Heat plants",01.02 Other bituminous coal,False,active_mapping,leap_combined_esto|ninth_pairs_to_esto_pairs,,,,
"09.01.03,09.02.03 Heat plants",01.03 Sub-bituminous coal,False,active_mapping,leap_combined_esto|ninth_pairs_to_esto_pairs,,,,
"09.01.03,09.02.03 Heat plants",01.04 Anthracite,False,active_mapping,leap_combined_esto|ninth_pairs_to_esto_pairs,,,,
"09.01.03,09.02.03 Heat plants",01.05 Lignite,False,active_mapping,leap_combined_esto|ninth_pairs_to_esto_pairs,,,,
"09.01.03,09.02.03 Heat plants",02.01 Coke oven coke,False,active_mapping,leap_combined_esto|ninth_pairs_to_esto_pairs,,,,
"09.01.03,09.02.03 Heat plants",02.02 Gas coke,False,active_mapping,leap_combined_esto|ninth_pairs_to_esto_pairs,,,,
"09.01.03,09.02.03 Heat plants",02.03 Coke oven gas,False,active_mapping,leap_combined_esto|ninth_pairs_to_esto_pairs,,,,
"09.01.03,09.02.03 Heat plants",02.04 Blast furnace gas,False,active_mapping,leap_combined_esto|ninth_pairs_to_esto_pairs,,,,
"09.01.03,09.02.03 Heat plants",02.05 Other recovered gases,False,active_mapping,leap_combined_esto|ninth_pairs_to_esto_pairs,,,,
"09.01.03,09.02.03 Heat plants",02.06 Patent fuel,False,active_mapping,leap_combined_esto|ninth_pairs_to_esto_pairs,,,,
"09.01.03,09.02.03 Heat plants",02.07 Coal tar,False,active_mapping,leap_combined_esto|ninth_pairs_to_esto_pairs,,,,
"09.01.03,09.02.03 Heat plants",02.08 BKB/PB,False,active_mapping,leap_combined_esto|ninth_pairs_to_esto_pairs,,,,
"09.01.03,09.02.03 Heat plants",03 Peat,False,active_mapping,leap_combined_esto|ninth_pairs_to_esto_pairs,,,,
"09.01.03,09.02.03 Heat plants",04 Peat products,False,active_mapping,leap_combined_esto|ninth_pairs_to_esto_pairs,,,,
"09.01.03,09.02.03 Heat plants",06.01 Crude oil,False,active_mapping,leap_combined_esto|ninth_pairs_to_esto_pairs,,,,
"09.01.03,09.02.03 Heat plants",06.02 Natural gas liquids,False,active_mapping,leap_combined_esto|ninth_pairs_to_esto_pairs,,,,
"09.01.03,09.02.03 Heat plants",06.05 Other hydrocarbons,False,active_mapping,leap_combined_esto,,,,
"09.01.03,09.02.03 Heat plants",07.03 Naphtha,False,active_mapping,leap_combined_esto|ninth_pairs_to_esto_pairs,,,,
"09.01.03,09.02.03 Heat plants",07.06 Kerosene,False,active_mapping,leap_combined_esto|ninth_pairs_to_esto_pairs,,,,
"09.01.03,09.02.03 Heat plants",07.07 Gas/diesel oil,False,active_mapping,leap_combined_esto|ninth_pairs_to_esto_pairs,,,,
"09.01.03,09.02.03 Heat plants",07.08 Fuel oil,False,active_mapping,leap_combined_esto|ninth_pairs_to_esto_pairs,,,,
"09.01.03,09.02.03 Heat plants",07.09 LPG,False,active_mapping,leap_combined_esto|ninth_pairs_to_esto_pairs,,,,
"09.01.03,09.02.03 Heat plants",07.10 Refinery gas (not liquefied),False,active_mapping,leap_combined_esto|ninth_pairs_to_esto_pairs,,,,
"09.01.03,09.02.03 Heat plants",07.14 Bitumen,False,active_mapping,leap_combined_esto|ninth_pairs_to_esto_pairs,,,,
"09.01.03,09.02.03 Heat plants",07.16 Petroleum coke,False,active_mapping,leap_combined_esto|ninth_pairs_to_esto_pairs,,,,
"09.01.03,09.02.03 Heat plants",07.17 Other products,False,active_mapping,leap_combined_esto|ninth_pairs_to_esto_pairs,,,,
"09.01.03,09.02.03 Heat plants",07.99 PetProd nonspecified,False,active_mapping,leap_combined_esto|ninth_pairs_to_esto_pairs,,,,
"09.01.03,09.02.03 Heat plants",08.01 Natural gas,False,active_mapping,leap_combined_esto|ninth_pairs_to_esto_pairs,,,,
"09.01.03,09.02.03 Heat plants",08.03 Gas works gas,False,active_mapping,leap_combined_esto|ninth_pairs_to_esto_pairs,,,,
"09.01.03,09.02.03 Heat plants",15.05 Other biomass,False,active_mapping,leap_combined_esto|ninth_pairs_to_esto_pairs,,,,
"09.01.03,09.02.03 Heat plants",16.01 Biogas,False,active_mapping,leap_combined_esto|ninth_pairs_to_esto_pairs,,,,
"09.01.03,09.02.03 Heat plants",16.02 Industrial waste,False,active_mapping,leap_combined_esto|ninth_pairs_to_esto_pairs,,,,
"09.01.03,09.02.03 Heat plants",16.03 Municipal solid waste (renewable),False,active_mapping,leap_combined_esto|ninth_pairs_to_esto_pairs,,,,
"09.01.03,09.02.03 Heat plants",16.04 Municipal solid waste (non-renewable),False,active_mapping,leap_combined_esto|ninth_pairs_to_esto_pairs,,,,
"09.01.03,09.02.03 Heat plants",16.09 Other sources,False,active_mapping,leap_combined_esto|ninth_pairs_to_esto_pairs,,,,
"09.01.03,09.02.03 Heat plants",17 Electricity,False,active_mapping,leap_combined_esto|ninth_pairs_to_esto_pairs,,,,
"09.01.03,09.02.03 Heat plants",18 Heat,False,active_mapping,leap_combined_esto|ninth_pairs_to_esto_pairs,,,,
"09.01.03.01,09.02.03.01 Coal HP",01.02 Other bituminous coal,False,active_mapping,leap_combined_esto,,,,
"09.01.03.01,09.02.03.01 Coal HP",02.01 Coke oven coke,False,active_mapping,leap_combined_esto,,,,
"09.01.03.01,09.02.03.01 Coal HP",02.03 Coke oven gas,False,active_mapping,leap_combined_esto,,,,
"09.01.03.01,09.02.03.01 Coal HP",02.04 Blast furnace gas,False,active_mapping,leap_combined_esto,,,,
"09.01.03.01,09.02.03.01 Coal HP",02.05 Other recovered gases,False,active_mapping,leap_combined_esto,,,,
"09.01.03.01,09.02.03.01 Coal HP",17 Electricity,False,active_mapping,leap_combined_esto,,,,
"09.01.03.02,09.02.03.02 Gas HP",08.01 Natural gas,False,active_mapping,leap_combined_esto,,,,
"09.01.03.02,09.02.03.02 Gas HP",08.03 Gas works gas,False,active_mapping,leap_combined_esto,,,,
"09.01.03.02,09.02.03.02 Gas HP",17 Electricity,False,active_mapping,leap_combined_esto,,,,
"09.01.03.03,09.02.03.03 Others HP",15.05 Other biomass,False,active_mapping,leap_combined_esto,,,,
"09.01.03.03,09.02.03.03 Others HP",16.01 Biogas,False,active_mapping,leap_combined_esto,,,,
"09.01.03.03,09.02.03.03 Others HP",16.02 Industrial waste,False,active_mapping,leap_combined_esto,,,,
"09.01.03.03,09.02.03.03 Others HP",16.03 Municipal solid waste (renewable),False,active_mapping,leap_combined_esto,,,,
"09.01.03.03,09.02.03.03 Others HP",16.04 Municipal solid waste (non-renewable),False,active_mapping,leap_combined_esto,,,,
"09.01.03.03,09.02.03.03 Others HP",17 Electricity,False,active_mapping,leap_combined_esto,,,,
"09.01.03.04,09.02.03.04 Petroleum products HP",07.06 Kerosene,False,active_mapping,leap_combined_esto,,,,
"09.01.03.04,09.02.03.04 Petroleum products HP",07.07 Gas/diesel oil,False,active_mapping,leap_combined_esto,,,,
"09.01.03.04,09.02.03.04 Petroleum products HP",07.08 Fuel oil,False,active_mapping,leap_combined_esto,,,,
"09.01.03.04,09.02.03.04 Petroleum products HP",07.09 LPG,False,active_mapping,leap_combined_esto,,,,
"09.01.03.04,09.02.03.04 Petroleum products HP",07.10 Refinery gas (not liquefied),False,active_mapping,leap_combined_esto,,,,
"09.01.03.04,09.02.03.04 Petroleum products HP",07.16 Petroleum coke,False,active_mapping,leap_combined_esto,,,,
"09.01.03.04,09.02.03.04 Petroleum products HP",07.17 Other products,False,active_mapping,leap_combined_esto,,,,
"09.01.03.04,09.02.03.04 Petroleum products HP",17 Electricity,False,active_mapping,leap_combined_esto,,,,
09.04 Electric boilers,17 Electricity,False,active_mapping,leap_combined_esto|ninth_pairs_to_esto_pairs,09 Total transformation sector,,,
09.04 Electric boilers,18 Heat,False,active_mapping,leap_combined_esto|ninth_pairs_to_esto_pairs,09 Total transformation sector,,,
09.05 Chemical heat for electricity production,17 Electricity,False,active_mapping,leap_combined_esto|ninth_pairs_to_esto_pairs,09 Total transformation sector,,,
09.05 Chemical heat for electricity production,18 Heat,False,active_mapping,leap_combined_esto|ninth_pairs_to_esto_pairs,09 Total transformation sector,,,
09.06 Gas processing plants,01.01 Coking coal,True,active_mapping,ninth_pairs_to_esto_pairs,09 Total transformation sector,,,
09.06 Gas processing plants,01.02 Other bituminous coal,True,active_mapping,ninth_pairs_to_esto_pairs,09 Total transformation sector,,,
09.06 Gas processing plants,01.04 Anthracite,True,active_mapping,ninth_pairs_to_esto_pairs,09 Total transformation sector,,,
09.06 Gas processing plants,01.05 Lignite,True,active_mapping,ninth_pairs_to_esto_pairs,09 Total transformation sector,,,
09.06 Gas processing plants,02.01 Coke oven coke,True,active_mapping,ninth_pairs_to_esto_pairs,09 Total transformation sector,,,
09.06 Gas processing plants,02.02 Gas coke,True,active_mapping,ninth_pairs_to_esto_pairs,09 Total transformation sector,,,
09.06 Gas processing plants,02.03 Coke oven gas,True,active_mapping,ninth_pairs_to_esto_pairs,09 Total transformation sector,,,
09.06 Gas processing plants,02.04 Blast furnace gas,True,active_mapping,ninth_pairs_to_esto_pairs,09 Total transformation sector,,,
09.06 Gas processing plants,02.05 Other recovered gases,True,active_mapping,ninth_pairs_to_esto_pairs,09 Total transformation sector,,,
09.06 Gas processing plants,02.06 Patent fuel,True,active_mapping,ninth_pairs_to_esto_pairs,09 Total transformation sector,,,
09.06 Gas processing plants,02.07 Coal tar,True,active_mapping,ninth_pairs_to_esto_pairs,09 Total transformation sector,,,
09.06 Gas processing plants,02.08 BKB/PB,True,active_mapping,ninth_pairs_to_esto_pairs,09 Total transformation sector,,,
09.06 Gas processing plants,07.03 Naphtha,True,active_mapping,ninth_pairs_to_esto_pairs,09 Total transformation sector,,,
09.06 Gas processing plants,07.06 Kerosene,True,active_mapping,ninth_pairs_to_esto_pairs,09 Total transformation sector,,,
09.06 Gas processing plants,07.07 Gas/diesel oil,True,active_mapping,ninth_pairs_to_esto_pairs,09 Total transformation sector,,,
09.06 Gas processing plants,07.08 Fuel oil,True,active_mapping,ninth_pairs_to_esto_pairs,09 Total transformation sector,,,
09.06 Gas processing plants,07.09 LPG,True,active_mapping,ninth_pairs_to_esto_pairs,09 Total transformation sector,,,
09.06 Gas processing plants,07.10 Refinery gas (not liquefied),True,active_mapping,ninth_pairs_to_esto_pairs,09 Total transformation sector,,,
09.06 Gas processing plants,07.16 Petroleum coke,True,active_mapping,ninth_pairs_to_esto_pairs,09 Total transformation sector,,,
09.06 Gas processing plants,07.17 Other products,True,active_mapping,ninth_pairs_to_esto_pairs,09 Total transformation sector,,,
09.06 Gas processing plants,08.01 Natural gas,True,active_mapping,ninth_pairs_to_esto_pairs,09 Total transformation sector,,,
09.06 Gas processing plants,08.02 LNG,True,active_mapping,ninth_pairs_to_esto_pairs,09 Total transformation sector,,,
09.06 Gas processing plants,08.03 Gas works gas,True,active_mapping,ninth_pairs_to_esto_pairs,09 Total transformation sector,,,
09.06 Gas processing plants,16.01 Biogas,True,active_mapping,ninth_pairs_to_esto_pairs,09 Total transformation sector,,,
09.06 Gas processing plants,17 Electricity,True,active_mapping,ninth_pairs_to_esto_pairs,09 Total transformation sector,,,
09.06 Gas processing plants,18 Heat,True,active_mapping,ninth_pairs_to_esto_pairs,09 Total transformation sector,,,
09.06 Gas processing plants (including own use),01.01 Coking coal,True,active_mapping,leap_combined_esto|ninth_pairs_to_esto_pairs,09 Total transformation sector,,,
09.06 Gas processing plants (including own use),01.02 Other bituminous coal,True,active_mapping,leap_combined_esto|ninth_pairs_to_esto_pairs,09 Total transformation sector,,,
09.06 Gas processing plants (including own use),01.05 Lignite,True,active_mapping,leap_combined_esto|ninth_pairs_to_esto_pairs,09 Total transformation sector,,,
09.06 Gas processing plants (including own use),02.01 Coke oven coke,True,active_mapping,leap_combined_esto|ninth_pairs_to_esto_pairs,09 Total transformation sector,,,
09.06 Gas processing plants (including own use),02.02 Gas coke,True,active_mapping,leap_combined_esto|ninth_pairs_to_esto_pairs,09 Total transformation sector,,,
09.06 Gas processing plants (including own use),02.03 Coke oven gas,True,active_mapping,leap_combined_esto|ninth_pairs_to_esto_pairs,09 Total transformation sector,,,
09.06 Gas processing plants (including own use),02.04 Blast furnace gas,True,active_mapping,leap_combined_esto|ninth_pairs_to_esto_pairs,09 Total transformation sector,,,
09.06 Gas processing plants (including own use),02.05 Other recovered gases,True,active_mapping,leap_combined_esto|ninth_pairs_to_esto_pairs,09 Total transformation sector,,,
09.06 Gas processing plants (including own use),02.06 Patent fuel,True,active_mapping,leap_combined_esto|ninth_pairs_to_esto_pairs,09 Total transformation sector,,,
09.06 Gas processing plants (including own use),02.07 Coal tar,True,active_mapping,leap_combined_esto|ninth_pairs_to_esto_pairs,09 Total transformation sector,,,
09.06 Gas processing plants (including own use),02.08 BKB/PB,True,active_mapping,leap_combined_esto|ninth_pairs_to_esto_pairs,09 Total transformation sector,,,
09.06 Gas processing plants (including own use),07.01 Motor gasoline,True,active_mapping,leap_combined_esto|ninth_pairs_to_esto_pairs,09 Total transformation sector,,,
09.06 Gas processing plants (including own use),07.03 Naphtha,True,active_mapping,leap_combined_esto|ninth_pairs_to_esto_pairs,09 Total transformation sector,,,
09.06 Gas processing plants (including own use),07.06 Kerosene,True,active_mapping,leap_combined_esto|ninth_pairs_to_esto_pairs,09 Total transformation sector,,,
09.06 Gas processing plants (including own use),07.07 Gas/diesel oil,True,active_mapping,leap_combined_esto|ninth_pairs_to_esto_pairs,09 Total transformation sector,,,
09.06 Gas processing plants (including own use),07.08 Fuel oil,True,active_mapping,leap_combined_esto|ninth_pairs_to_esto_pairs,09 Total transformation sector,,,
09.06 Gas processing plants (including own use),07.09 LPG,True,active_mapping,leap_combined_esto|ninth_pairs_to_esto_pairs,09 Total transformation sector,,,
09.06 Gas processing plants (including own use),07.10 Refinery gas (not liquefied),True,active_mapping,leap_combined_esto|ninth_pairs_to_esto_pairs,09 Total transformation sector,,,
09.06 Gas processing plants (including own use),07.16 Petroleum coke,True,active_mapping,leap_combined_esto|ninth_pairs_to_esto_pairs,09 Total transformation sector,,,
09.06 Gas processing plants (including own use),07.17 Other products,True,active_mapping,leap_combined_esto|ninth_pairs_to_esto_pairs,09 Total transformation sector,,,
09.06 Gas processing plants (including own use),08.01 Natural gas,True,active_mapping,leap_combined_esto|ninth_pairs_to_esto_pairs,09 Total transformation sector,,,
09.06 Gas processing plants (including own use),08.02 LNG,True,active_mapping,leap_combined_esto|ninth_pairs_to_esto_pairs,09 Total transformation sector,,,
09.06 Gas processing plants (including own use),08.03 Gas works gas,True,active_mapping,leap_combined_esto|ninth_pairs_to_esto_pairs,09 Total transformation sector,,,
09.06 Gas processing plants (including own use),16.01 Biogas,True,active_mapping,leap_combined_esto|ninth_pairs_to_esto_pairs,09 Total transformation sector,,,
09.06 Gas processing plants (including own use),17 Electricity,True,active_mapping,leap_combined_esto|ninth_pairs_to_esto_pairs,09 Total transformation sector,,,
09.06 Gas processing plants (including own use),18 Heat,True,active_mapping,leap_combined_esto|ninth_pairs_to_esto_pairs,09 Total transformation sector,,,
09.06.01 Gas works plants,01.02 Other bituminous coal,False,active_mapping,ninth_pairs_to_esto_pairs,09.06 Gas processing plants (including own use),,,
09.06.01 Gas works plants,01.03 Sub-bituminous coal,False,active_mapping,ninth_pairs_to_esto_pairs,09.06 Gas processing plants (including own use),,,
09.06.01 Gas works plants,01.04 Anthracite,False,active_mapping,ninth_pairs_to_esto_pairs,09.06 Gas processing plants (including own use),,,
09.06.01 Gas works plants,01.05 Lignite,False,active_mapping,ninth_pairs_to_esto_pairs,09.06 Gas processing plants (including own use),,,
09.06.01 Gas works plants,02.01 Coke oven coke,False,active_mapping,ninth_pairs_to_esto_pairs,09.06 Gas processing plants (including own use),,,
09.06.01 Gas works plants,02.02 Gas coke,False,active_mapping,ninth_pairs_to_esto_pairs,09.06 Gas processing plants (including own use),,,
09.06.01 Gas works plants,02.03 Coke oven gas,False,active_mapping,ninth_pairs_to_esto_pairs,09.06 Gas processing plants (including own use),,,
09.06.01 Gas works plants,02.04 Blast furnace gas,False,active_mapping,ninth_pairs_to_esto_pairs,09.06 Gas processing plants (including own use),,,
09.06.01 Gas works plants,02.05 Other recovered gases,False,active_mapping,ninth_pairs_to_esto_pairs,09.06 Gas processing plants (including own use),,,
09.06.01 Gas works plants,02.06 Patent fuel,False,active_mapping,ninth_pairs_to_esto_pairs,09.06 Gas processing plants (including own use),,,
09.06.01 Gas works plants,02.07 Coal tar,False,active_mapping,ninth_pairs_to_esto_pairs,09.06 Gas processing plants (including own use),,,
09.06.01 Gas works plants,02.08 BKB/PB,False,active_mapping,ninth_pairs_to_esto_pairs,09.06 Gas processing plants (including own use),,,
09.06.01 Gas works plants,07.09 LPG,False,active_mapping,ninth_pairs_to_esto_pairs,09.06 Gas processing plants (including own use),,,
09.06.01 Gas works plants,07.10 Refinery gas (not liquefied),False,active_mapping,ninth_pairs_to_esto_pairs,09.06 Gas processing plants (including own use),,,
09.06.01 Gas works plants,07.16 Petroleum coke,False,active_mapping,ninth_pairs_to_esto_pairs,09.06 Gas processing plants (including own use),,,
09.06.01 Gas works plants,07.99 PetProd nonspecified,False,active_mapping,ninth_pairs_to_esto_pairs,09.06 Gas processing plants (including own use),,,
09.06.01 Gas works plants,08.01 Natural gas,False,active_mapping,ninth_pairs_to_esto_pairs,09.06 Gas processing plants (including own use),,,
09.06.01 Gas works plants,08.03 Gas works gas,False,active_mapping,ninth_pairs_to_esto_pairs,09.06 Gas processing plants (including own use),,,
09.06.01 Gas works plants,17 Electricity,False,active_mapping,ninth_pairs_to_esto_pairs,09.06 Gas processing plants (including own use),,,
09.06.01 Gas works plants (including own use),01.01 Coking coal,False,active_mapping,leap_combined_esto|ninth_pairs_to_esto_pairs,09.06 Gas processing plants (including own use),,,
09.06.01 Gas works plants (including own use),01.02 Other bituminous coal,False,active_mapping,leap_combined_esto|ninth_pairs_to_esto_pairs,09.06 Gas processing plants (including own use),,,
09.06.01 Gas works plants (including own use),01.03 Sub-bituminous coal,False,active_mapping,leap_combined_esto|ninth_pairs_to_esto_pairs,09.06 Gas processing plants (including own use),,,
09.06.01 Gas works plants (including own use),01.04 Anthracite,False,active_mapping,leap_combined_esto|ninth_pairs_to_esto_pairs,09.06 Gas processing plants (including own use),,,
09.06.01 Gas works plants (including own use),01.05 Lignite,False,active_mapping,leap_combined_esto|ninth_pairs_to_esto_pairs,09.06 Gas processing plants (including own use),,,
09.06.01 Gas works plants (including own use),02.01 Coke oven coke,False,active_mapping,leap_combined_esto|ninth_pairs_to_esto_pairs,09.06 Gas processing plants (including own use),,,
09.06.01 Gas works plants (including own use),02.02 Gas coke,False,active_mapping,leap_combined_esto|ninth_pairs_to_esto_pairs,09.06 Gas processing plants (including own use),,,
09.06.01 Gas works plants (including own use),02.03 Coke oven gas,False,active_mapping,leap_combined_esto|ninth_pairs_to_esto_pairs,09.06 Gas processing plants (including own use),,,
09.06.01 Gas works plants (including own use),02.04 Blast furnace gas,False,active_mapping,leap_combined_esto|ninth_pairs_to_esto_pairs,09.06 Gas processing plants (including own use),,,
09.06.01 Gas works plants (including own use),02.05 Other recovered gases,False,active_mapping,leap_combined_esto|ninth_pairs_to_esto_pairs,09.06 Gas processing plants (including own use),,,
09.06.01 Gas works plants (including own use),02.06 Patent fuel,False,active_mapping,leap_combined_esto|ninth_pairs_to_esto_pairs,09.06 Gas processing plants (including own use),,,
09.06.01 Gas works plants (including own use),02.07 Coal tar,False,active_mapping,leap_combined_esto|ninth_pairs_to_esto_pairs,09.06 Gas processing plants (including own use),,,
09.06.01 Gas works plants (including own use),02.08 BKB/PB,False,active_mapping,leap_combined_esto|ninth_pairs_to_esto_pairs,09.06 Gas processing plants (including own use),,,
09.06.01 Gas works plants (including own use),07.01 Motor gasoline,False,active_mapping,leap_combined_esto|ninth_pairs_to_esto_pairs,09.06 Gas processing plants (including own use),,,
09.06.01 Gas works plants (including own use),07.03 Naphtha,False,active_mapping,leap_combined_esto|ninth_pairs_to_esto_pairs,09.06 Gas processing plants (including own use),,,
09.06.01 Gas works plants (including own use),07.07 Gas/diesel oil,False,active_mapping,leap_combined_esto|ninth_pairs_to_esto_pairs,09.06 Gas processing plants (including own use),,,
09.06.01 Gas works plants (including own use),07.08 Fuel oil,False,active_mapping,leap_combined_esto|ninth_pairs_to_esto_pairs,09.06 Gas processing plants (including own use),,,
09.06.01 Gas works plants (including own use),07.09 LPG,False,active_mapping,leap_combined_esto|ninth_pairs_to_esto_pairs,09.06 Gas processing plants (including own use),,,
09.06.01 Gas works plants (including own use),07.10 Refinery gas (not liquefied),False,active_mapping,leap_combined_esto|ninth_pairs_to_esto_pairs,09.06 Gas processing plants (including own use),,,
09.06.01 Gas works plants (including own use),07.16 Petroleum coke,False,active_mapping,leap_combined_esto|ninth_pairs_to_esto_pairs,09.06 Gas processing plants (including own use),,,
09.06.01 Gas works plants (including own use),07.17 Other products,False,active_mapping,leap_combined_esto|ninth_pairs_to_esto_pairs,09.06 Gas processing plants (including own use),,,
09.06.01 Gas works plants (including own use),07.99 PetProd nonspecified,False,active_mapping,leap_combined_esto|ninth_pairs_to_esto_pairs,09.06 Gas processing plants (including own use),,,
09.06.01 Gas works plants (including own use),08.01 Natural gas,False,active_mapping,leap_combined_esto|ninth_pairs_to_esto_pairs,09.06 Gas processing plants (including own use),,,
09.06.01 Gas works plants (including own use),08.03 Gas works gas,False,active_mapping,leap_combined_esto|ninth_pairs_to_esto_pairs,09.06 Gas processing plants (including own use),,,
09.06.01 Gas works plants (including own use),17 Electricity,False,active_mapping,leap_combined_esto|ninth_pairs_to_esto_pairs,09.06 Gas processing plants (including own use),,,
09.06.01 Gas works plants (including own use),18 Heat,False,active_mapping,leap_combined_esto|ninth_pairs_to_esto_pairs,09.06 Gas processing plants (including own use),,,
09.06.02 Liquefaction/regasification plants,07.03 Naphtha,True,active_mapping,ninth_pairs_to_esto_pairs,09.06 Gas processing plants (including own use),,,
09.06.02 Liquefaction/regasification plants,07.09 LPG,True,active_mapping,ninth_pairs_to_esto_pairs,09.06 Gas processing plants (including own use),,,
09.06.02 Liquefaction/regasification plants,08.01 Natural gas,True,active_mapping,ninth_pairs_to_esto_pairs,09.06 Gas processing plants (including own use),,,
09.06.02 Liquefaction/regasification plants,08.02 LNG,True,active_mapping,ninth_pairs_to_esto_pairs,09.06 Gas processing plants (including own use),,,
09.06.02 Liquefaction/regasification plants (including own use),07.01 Motor gasoline,True,active_mapping,leap_combined_esto,09.06 Gas processing plants (including own use),,,
09.06.02 Liquefaction/regasification plants (including own use),07.03 Naphtha,True,active_mapping,leap_combined_esto|ninth_pairs_to_esto_pairs,09.06 Gas processing plants (including own use),,,
09.06.02 Liquefaction/regasification plants (including own use),07.06 Kerosene,True,active_mapping,leap_combined_esto,09.06 Gas processing plants (including own use),,,
09.06.02 Liquefaction/regasification plants (including own use),07.09 LPG,True,active_mapping,leap_combined_esto|ninth_pairs_to_esto_pairs,09.06 Gas processing plants (including own use),,,
09.06.02 Liquefaction/regasification plants (including own use),08.01 Natural gas,True,active_mapping,leap_combined_esto|ninth_pairs_to_esto_pairs,09.06 Gas processing plants (including own use),,,
09.06.02 Liquefaction/regasification plants (including own use),08.02 LNG,True,active_mapping,leap_combined_esto|ninth_pairs_to_esto_pairs,09.06 Gas processing plants (including own use),,,
09.06.02 Liquefaction/regasification plants (including own use),17 Electricity,True,active_mapping,leap_combined_esto|ninth_pairs_to_esto_pairs,09.06 Gas processing plants (including own use),,,
09.06.02.01 Liquefaction,07.03 Naphtha,False,active_mapping,leap_combined_esto,09.06.02 Liquefaction/regasification plants (including own use),,,
09.06.02.01 Liquefaction,07.09 LPG,False,active_mapping,leap_combined_esto,09.06.02 Liquefaction/regasification plants (including own use),,,
09.06.02.01 Liquefaction,08.01 Natural gas,False,active_mapping,leap_combined_esto,09.06.02 Liquefaction/regasification plants (including own use),,,
09.06.02.01 Liquefaction,08.02 LNG,False,active_mapping,leap_combined_esto,09.06.02 Liquefaction/regasification plants (including own use),,,
09.06.02.01 Liquefaction,17 Electricity,False,active_mapping,leap_combined_esto,09.06.02 Liquefaction/regasification plants (including own use),,,
09.06.02.02 Regasification,07.03 Naphtha,False,active_mapping,leap_combined_esto,09.06.02 Liquefaction/regasification plants (including own use),,,
09.06.02.02 Regasification,08.01 Natural gas,False,active_mapping,leap_combined_esto,09.06.02 Liquefaction/regasification plants (including own use),,,
09.06.02.02 Regasification,08.02 LNG,False,active_mapping,leap_combined_esto,09.06.02 Liquefaction/regasification plants (including own use),,,
09.06.02.02 Regasification,17 Electricity,False,active_mapping,leap_combined_esto,09.06.02 Liquefaction/regasification plants (including own use),,,
09.06.03 Natural gas blending plants,02.03 Coke oven gas,False,active_mapping,leap_combined_esto,09.06 Gas processing plants (including own use),,,
09.06.03 Natural gas blending plants,07.03 Naphtha,False,active_mapping,leap_combined_esto,09.06 Gas processing plants (including own use),,,
09.06.03 Natural gas blending plants,07.06 Kerosene,False,active_mapping,leap_combined_esto,09.06 Gas processing plants (including own use),,,
09.06.03 Natural gas blending plants,07.07 Gas/diesel oil,False,active_mapping,leap_combined_esto,09.06 Gas processing plants (including own use),,,
09.06.03 Natural gas blending plants,07.08 Fuel oil,False,active_mapping,leap_combined_esto,09.06 Gas processing plants (including own use),,,
09.06.03 Natural gas blending plants,07.09 LPG,False,active_mapping,leap_combined_esto,09.06 Gas processing plants (including own use),,,
09.06.03 Natural gas blending plants,07.10 Refinery gas (not liquefied),False,active_mapping,leap_combined_esto,09.06 Gas processing plants (including own use),,,
09.06.03 Natural gas blending plants,08.01 Natural gas,False,active_mapping,leap_combined_esto,09.06 Gas processing plants (including own use),,,
09.06.03 Natural gas blending plants,08.03 Gas works gas,False,active_mapping,leap_combined_esto,09.06 Gas processing plants (including own use),,,
09.06.03 Natural gas blending plants,16.01 Biogas,False,active_mapping,leap_combined_esto,09.06 Gas processing plants (including own use),,,
09.06.04 Gas-to-liquids plants,07.06 Kerosene,False,active_mapping,leap_combined_esto,09.06 Gas processing plants (including own use),,,
09.06.04 Gas-to-liquids plants,07.07 Gas/diesel oil,False,active_mapping,leap_combined_esto,09.06 Gas processing plants (including own use),,,
09.06.04 Gas-to-liquids plants,07.09 LPG,False,active_mapping,leap_combined_esto,09.06 Gas processing plants (including own use),,,
09.06.04 Gas-to-liquids plants,07.17 Other products,False,active_mapping,leap_combined_esto,09.06 Gas processing plants (including own use),,,
09.06.04 Gas-to-liquids plants,08.01 Natural gas,False,active_mapping,leap_combined_esto,09.06 Gas processing plants (including own use),,,
09.07 Oil refineries,01.02 Other bituminous coal,False,active_mapping,ninth_pairs_to_esto_pairs,09 Total transformation sector,,,
09.07 Oil refineries,01.03 Sub-bituminous coal,False,active_mapping,ninth_pairs_to_esto_pairs,09 Total transformation sector,,,
09.07 Oil refineries,06.01 Crude oil,False,active_mapping,ninth_pairs_to_esto_pairs,09 Total transformation sector,,,
09.07 Oil refineries,06.02 Natural gas liquids,False,active_mapping,ninth_pairs_to_esto_pairs,09 Total transformation sector,,,
09.07 Oil refineries,06.03 Refinery feedstocks,False,active_mapping,ninth_pairs_to_esto_pairs,09 Total transformation sector,,,
09.07 Oil refineries,06.04 Additives/ oxygenates,False,active_mapping,ninth_pairs_to_esto_pairs,09 Total transformation sector,,,
09.07 Oil refineries,07.01 Motor gasoline,False,active_mapping,ninth_pairs_to_esto_pairs,09 Total transformation sector,,,
09.07 Oil refineries,07.02 Aviation gasoline,False,active_mapping,ninth_pairs_to_esto_pairs,09 Total transformation sector,,,
09.07 Oil refineries,07.03 Naphtha,False,active_mapping,ninth_pairs_to_esto_pairs,09 Total transformation sector,,,
09.07 Oil refineries,07.04 Gasoline type jet fuel,False,active_mapping,ninth_pairs_to_esto_pairs,09 Total transformation sector,,,
09.07 Oil refineries,07.05 Kerosene type jet fuel,False,active_mapping,ninth_pairs_to_esto_pairs,09 Total transformation sector,,,
09.07 Oil refineries,07.06 Kerosene,False,active_mapping,ninth_pairs_to_esto_pairs,09 Total transformation sector,,,
09.07 Oil refineries,07.07 Gas/diesel oil,False,active_mapping,ninth_pairs_to_esto_pairs,09 Total transformation sector,,,
09.07 Oil refineries,07.08 Fuel oil,False,active_mapping,ninth_pairs_to_esto_pairs,09 Total transformation sector,,,
09.07 Oil refineries,07.09 LPG,False,active_mapping,ninth_pairs_to_esto_pairs,09 Total transformation sector,,,
09.07 Oil refineries,07.10 Refinery gas (not liquefied),False,active_mapping,ninth_pairs_to_esto_pairs,09 Total transformation sector,,,
09.07 Oil refineries,07.11 Ethane,False,active_mapping,ninth_pairs_to_esto_pairs,09 Total transformation sector,,,
09.07 Oil refineries,07.12 White spirit SBP,False,active_mapping,ninth_pairs_to_esto_pairs,09 Total transformation sector,,,
09.07 Oil refineries,07.13 Lubricants,False,active_mapping,ninth_pairs_to_esto_pairs,09 Total transformation sector,,,
09.07 Oil refineries,07.14 Bitumen,False,active_mapping,ninth_pairs_to_esto_pairs,09 Total transformation sector,,,
09.07 Oil refineries,07.15 Paraffin waxes,False,active_mapping,ninth_pairs_to_esto_pairs,09 Total transformation sector,,,
09.07 Oil refineries,07.16 Petroleum coke,False,active_mapping,ninth_pairs_to_esto_pairs,09 Total transformation sector,,,
09.07 Oil refineries,07.17 Other products,False,active_mapping,ninth_pairs_to_esto_pairs,09 Total transformation sector,,,
09.07 Oil refineries,07.99 PetProd nonspecified,False,active_mapping,ninth_pairs_to_esto_pairs,09 Total transformation sector,,,
09.07 Oil refineries,08.01 Natural gas,False,active_mapping,ninth_pairs_to_esto_pairs,09 Total transformation sector,,,
09.07 Oil refineries,16.02 Industrial waste,False,active_mapping,ninth_pairs_to_esto_pairs,09 Total transformation sector,,,
09.07 Oil refineries,17 Electricity,False,active_mapping,ninth_pairs_to_esto_pairs,09 Total transformation sector,,,
09.07 Oil refineries,18 Heat,False,active_mapping,ninth_pairs_to_esto_pairs,09 Total transformation sector,,,
09.07 Oil refineries (including own use),01.02 Other bituminous coal,False,active_mapping,leap_combined_esto|ninth_pairs_to_esto_pairs,09 Total transformation sector,,,
09.07 Oil refineries (including own use),01.03 Sub-bituminous coal,False,active_mapping,leap_combined_esto|ninth_pairs_to_esto_pairs,09 Total transformation sector,,,
09.07 Oil refineries (including own use),06.01 Crude oil,False,active_mapping,leap_combined_esto|ninth_pairs_to_esto_pairs,09 Total transformation sector,,,
09.07 Oil refineries (including own use),06.02 Natural gas liquids,False,active_mapping,leap_combined_esto|ninth_pairs_to_esto_pairs,09 Total transformation sector,,,
09.07 Oil refineries (including own use),06.03 Refinery feedstocks,False,active_mapping,leap_combined_esto|ninth_pairs_to_esto_pairs,09 Total transformation sector,,,
09.07 Oil refineries (including own use),06.04 Additives/ oxygenates,False,active_mapping,leap_combined_esto|ninth_pairs_to_esto_pairs,09 Total transformation sector,,,
09.07 Oil refineries (including own use),06.05 Other hydrocarbons,False,active_mapping,leap_combined_esto,09 Total transformation sector,,,
09.07 Oil refineries (including own use),07.01 Motor gasoline,False,active_mapping,leap_combined_esto|ninth_pairs_to_esto_pairs,09 Total transformation sector,,,
09.07 Oil refineries (including own use),07.02 Aviation gasoline,False,active_mapping,leap_combined_esto|ninth_pairs_to_esto_pairs,09 Total transformation sector,,,
09.07 Oil refineries (including own use),07.03 Naphtha,False,active_mapping,leap_combined_esto|ninth_pairs_to_esto_pairs,09 Total transformation sector,,,
09.07 Oil refineries (including own use),07.04 Gasoline type jet fuel,False,active_mapping,leap_combined_esto|ninth_pairs_to_esto_pairs,09 Total transformation sector,,,
09.07 Oil refineries (including own use),07.05 Kerosene type jet fuel,False,active_mapping,leap_combined_esto|ninth_pairs_to_esto_pairs,09 Total transformation sector,,,
09.07 Oil refineries (including own use),07.06 Kerosene,False,active_mapping,leap_combined_esto|ninth_pairs_to_esto_pairs,09 Total transformation sector,,,
09.07 Oil refineries (including own use),07.07 Gas/diesel oil,False,active_mapping,leap_combined_esto|ninth_pairs_to_esto_pairs,09 Total transformation sector,,,
09.07 Oil refineries (including own use),07.08 Fuel oil,False,active_mapping,leap_combined_esto|ninth_pairs_to_esto_pairs,09 Total transformation sector,,,
09.07 Oil refineries (including own use),07.09 LPG,False,active_mapping,leap_combined_esto|ninth_pairs_to_esto_pairs,09 Total transformation sector,,,
09.07 Oil refineries (including own use),07.10 Refinery gas (not liquefied),False,active_mapping,leap_combined_esto|ninth_pairs_to_esto_pairs,09 Total transformation sector,,,
09.07 Oil refineries (including own use),07.11 Ethane,False,active_mapping,leap_combined_esto|ninth_pairs_to_esto_pairs,09 Total transformation sector,,,
09.07 Oil refineries (including own use),07.12 White spirit SBP,False,active_mapping,leap_combined_esto|ninth_pairs_to_esto_pairs,09 Total transformation sector,,,
09.07 Oil refineries (including own use),07.13 Lubricants,False,active_mapping,leap_combined_esto|ninth_pairs_to_esto_pairs,09 Total transformation sector,,,
09.07 Oil refineries (including own use),07.14 Bitumen,False,active_mapping,leap_combined_esto|ninth_pairs_to_esto_pairs,09 Total transformation sector,,,
09.07 Oil refineries (including own use),07.15 Paraffin waxes,False,active_mapping,leap_combined_esto|ninth_pairs_to_esto_pairs,09 Total transformation sector,,,
09.07 Oil refineries (including own use),07.16 Petroleum coke,False,active_mapping,leap_combined_esto|ninth_pairs_to_esto_pairs,09 Total transformation sector,,,
09.07 Oil refineries (including own use),07.17 Other products,False,active_mapping,leap_combined_esto|ninth_pairs_to_esto_pairs,09 Total transformation sector,,,
09.07 Oil refineries (including own use),07.99 PetProd nonspecified,False,active_mapping,leap_combined_esto|ninth_pairs_to_esto_pairs,09 Total transformation sector,,,
09.07 Oil refineries (including own use),08.01 Natural gas,False,active_mapping,leap_combined_esto|ninth_pairs_to_esto_pairs,09 Total transformation sector,,,
09.07 Oil refineries (including own use),16.02 Industrial waste,False,active_mapping,leap_combined_esto,09 Total transformation sector,,,
09.07 Oil refineries (including own use),17 Electricity,False,active_mapping,leap_combined_esto|ninth_pairs_to_esto_pairs,09 Total transformation sector,,,
09.07 Oil refineries (including own use),18 Heat,False,active_mapping,leap_combined_esto,09 Total transformation sector,,,
09.08 Coal transformation,01.01 Coking coal,True,active_mapping,leap_combined_esto|ninth_pairs_to_esto_pairs,09 Total transformation sector,,,
09.08 Coal transformation,01.02 Other bituminous coal,True,active_mapping,leap_combined_esto|ninth_pairs_to_esto_pairs,09 Total transformation sector,,,
09.08 Coal transformation,01.03 Sub-bituminous coal,True,active_mapping,leap_combined_esto|ninth_pairs_to_esto_pairs,09 Total transformation sector,,,
09.08 Coal transformation,01.04 Anthracite,True,active_mapping,leap_combined_esto|ninth_pairs_to_esto_pairs,09 Total transformation sector,,,
09.08 Coal transformation,01.05 Lignite,True,active_mapping,leap_combined_esto,09 Total transformation sector,,,
09.08 Coal transformation,02.01 Coke oven coke,True,active_mapping,leap_combined_esto|ninth_pairs_to_esto_pairs,09 Total transformation sector,,,
09.08 Coal transformation,02.02 Gas coke,True,active_mapping,leap_combined_esto|ninth_pairs_to_esto_pairs,09 Total transformation sector,,,
09.08 Coal transformation,02.03 Coke oven gas,True,active_mapping,leap_combined_esto|ninth_pairs_to_esto_pairs,09 Total transformation sector,,,
09.08 Coal transformation,02.04 Blast furnace gas,True,active_mapping,leap_combined_esto|ninth_pairs_to_esto_pairs,09 Total transformation sector,,,
09.08 Coal transformation,02.05 Other recovered gases,True,active_mapping,leap_combined_esto|ninth_pairs_to_esto_pairs,09 Total transformation sector,,,
09.08 Coal transformation,02.06 Patent fuel,True,active_mapping,leap_combined_esto|ninth_pairs_to_esto_pairs,09 Total transformation sector,,,
09.08 Coal transformation,02.07 Coal tar,True,active_mapping,leap_combined_esto|ninth_pairs_to_esto_pairs,09 Total transformation sector,,,
09.08 Coal transformation,02.08 BKB/PB,True,active_mapping,leap_combined_esto|ninth_pairs_to_esto_pairs,09 Total transformation sector,,,
09.08 Coal transformation,03 Peat,True,active_mapping,leap_combined_esto|ninth_pairs_to_esto_pairs,09 Total transformation sector,,,
09.08 Coal transformation,04 Peat products,True,active_mapping,leap_combined_esto|ninth_pairs_to_esto_pairs,09 Total transformation sector,,,
09.08 Coal transformation,07.06 Kerosene,True,active_mapping,leap_combined_esto|ninth_pairs_to_esto_pairs,09 Total transformation sector,,,
09.08 Coal transformation,07.07 Gas/diesel oil,True,active_mapping,leap_combined_esto|ninth_pairs_to_esto_pairs,09 Total transformation sector,,,
09.08 Coal transformation,07.08 Fuel oil,True,active_mapping,leap_combined_esto|ninth_pairs_to_esto_pairs,09 Total transformation sector,,,
09.08 Coal transformation,07.09 LPG,True,active_mapping,leap_combined_esto|ninth_pairs_to_esto_pairs,09 Total transformation sector,,,
09.08 Coal transformation,07.16 Petroleum coke,True,active_mapping,leap_combined_esto|ninth_pairs_to_esto_pairs,09 Total transformation sector,,,
09.08 Coal transformation,07.17 Other products,True,active_mapping,leap_combined_esto|ninth_pairs_to_esto_pairs,09 Total transformation sector,,,
09.08 Coal transformation,08.01 Natural gas,True,active_mapping,leap_combined_esto|ninth_pairs_to_esto_pairs,09 Total transformation sector,,,
09.08 Coal transformation,16.02 Industrial waste,True,active_mapping,leap_combined_esto|ninth_pairs_to_esto_pairs,09 Total transformation sector,,,
09.08 Coal transformation,17 Electricity,True,active_mapping,leap_combined_esto|ninth_pairs_to_esto_pairs,09 Total transformation sector,,,
09.08 Coal transformation (including own use),01.01 Coking coal,True,active_mapping,ninth_pairs_to_esto_pairs,09 Total transformation sector,,,
09.08 Coal transformation (including own use),01.02 Other bituminous coal,True,active_mapping,ninth_pairs_to_esto_pairs,09 Total transformation sector,,,
09.08 Coal transformation (including own use),01.03 Sub-bituminous coal,True,active_mapping,ninth_pairs_to_esto_pairs,09 Total transformation sector,,,
09.08 Coal transformation (including own use),01.04 Anthracite,True,active_mapping,ninth_pairs_to_esto_pairs,09 Total transformation sector,,,
09.08 Coal transformation (including own use),02.01 Coke oven coke,True,active_mapping,ninth_pairs_to_esto_pairs,09 Total transformation sector,,,
09.08 Coal transformation (including own use),02.02 Gas coke,True,active_mapping,ninth_pairs_to_esto_pairs,09 Total transformation sector,,,
09.08 Coal transformation (including own use),02.03 Coke oven gas,True,active_mapping,ninth_pairs_to_esto_pairs,09 Total transformation sector,,,
09.08 Coal transformation (including own use),02.04 Blast furnace gas,True,active_mapping,ninth_pairs_to_esto_pairs,09 Total transformation sector,,,
09.08 Coal transformation (including own use),02.05 Other recovered gases,True,active_mapping,ninth_pairs_to_esto_pairs,09 Total transformation sector,,,
09.08 Coal transformation (including own use),02.06 Patent fuel,True,active_mapping,ninth_pairs_to_esto_pairs,09 Total transformation sector,,,
09.08 Coal transformation (including own use),02.07 Coal tar,True,active_mapping,ninth_pairs_to_esto_pairs,09 Total transformation sector,,,
09.08 Coal transformation (including own use),02.08 BKB/PB,True,active_mapping,ninth_pairs_to_esto_pairs,09 Total transformation sector,,,
09.08 Coal transformation (including own use),03 Peat,True,active_mapping,ninth_pairs_to_esto_pairs,09 Total transformation sector,,,
09.08 Coal transformation (including own use),04 Peat products,True,active_mapping,ninth_pairs_to_esto_pairs,09 Total transformation sector,,,
09.08 Coal transformation (including own use),07.06 Kerosene,True,active_mapping,ninth_pairs_to_esto_pairs,09 Total transformation sector,,,
09.08 Coal transformation (including own use),07.07 Gas/diesel oil,True,active_mapping,ninth_pairs_to_esto_pairs,09 Total transformation sector,,,
09.08 Coal transformation (including own use),07.08 Fuel oil,True,active_mapping,ninth_pairs_to_esto_pairs,09 Total transformation sector,,,
09.08 Coal transformation (including own use),07.09 LPG,True,active_mapping,ninth_pairs_to_esto_pairs,09 Total transformation sector,,,
09.08 Coal transformation (including own use),07.16 Petroleum coke,True,active_mapping,ninth_pairs_to_esto_pairs,09 Total transformation sector,,,
09.08 Coal transformation (including own use),07.17 Other products,True,active_mapping,ninth_pairs_to_esto_pairs,09 Total transformation sector,,,
09.08 Coal transformation (including own use),08.01 Natural gas,True,active_mapping,ninth_pairs_to_esto_pairs,09 Total transformation sector,,,
09.08 Coal transformation (including own use),16.02 Industrial waste,True,active_mapping,ninth_pairs_to_esto_pairs,09 Total transformation sector,,,
09.08 Coal transformation (including own use),17 Electricity,True,active_mapping,ninth_pairs_to_esto_pairs,09 Total transformation sector,,,
09.08.01 Coke ovens (including own use),01.01 Coking coal,False,active_mapping,leap_combined_esto,09.08 Coal transformation (including own use),,,
09.08.01 Coke ovens (including own use),01.02 Other bituminous coal,False,active_mapping,leap_combined_esto,09.08 Coal transformation (including own use),,,
09.08.01 Coke ovens (including own use),01.03 Sub-bituminous coal,False,active_mapping,leap_combined_esto,09.08 Coal transformation (including own use),,,
09.08.01 Coke ovens (including own use),01.04 Anthracite,False,active_mapping,leap_combined_esto,09.08 Coal transformation (including own use),,,
09.08.01 Coke ovens (including own use),01.05 Lignite,False,active_mapping,leap_combined_esto,09.08 Coal transformation (including own use),,,
09.08.01 Coke ovens (including own use),02.01 Coke oven coke,False,active_mapping,leap_combined_esto|ninth_pairs_to_esto_pairs,09.08 Coal transformation (including own use),,,
09.08.01 Coke ovens (including own use),02.02 Gas coke,False,active_mapping,leap_combined_esto|ninth_pairs_to_esto_pairs,09.08 Coal transformation (including own use),,,
09.08.01 Coke ovens (including own use),02.03 Coke oven gas,False,active_mapping,leap_combined_esto|ninth_pairs_to_esto_pairs,09.08 Coal transformation (including own use),,,
09.08.01 Coke ovens (including own use),02.04 Blast furnace gas,False,active_mapping,leap_combined_esto|ninth_pairs_to_esto_pairs,09.08 Coal transformation (including own use),,,
09.08.01 Coke ovens (including own use),02.05 Other recovered gases,False,active_mapping,leap_combined_esto|ninth_pairs_to_esto_pairs,09.08 Coal transformation (including own use),,,
09.08.01 Coke ovens (including own use),02.06 Patent fuel,False,active_mapping,leap_combined_esto|ninth_pairs_to_esto_pairs,09.08 Coal transformation (including own use),,,
09.08.01 Coke ovens (including own use),02.07 Coal tar,False,active_mapping,leap_combined_esto|ninth_pairs_to_esto_pairs,09.08 Coal transformation (including own use),,,
09.08.01 Coke ovens (including own use),02.08 BKB/PB,False,active_mapping,leap_combined_esto|ninth_pairs_to_esto_pairs,09.08 Coal transformation (including own use),,,
09.08.01 Coke ovens (including own use),06.02 Natural gas liquids,False,active_mapping,leap_combined_esto,09.08 Coal transformation (including own use),,,
09.08.01 Coke ovens (including own use),07.01 Motor gasoline,False,active_mapping,leap_combined_esto,09.08 Coal transformation (including own use),,,
09.08.01 Coke ovens (including own use),07.06 Kerosene,False,active_mapping,leap_combined_esto|ninth_pairs_to_esto_pairs,09.08 Coal transformation (including own use),,,
09.08.01 Coke ovens (including own use),07.07 Gas/diesel oil,False,active_mapping,leap_combined_esto|ninth_pairs_to_esto_pairs,09.08 Coal transformation (including own use),,,
09.08.01 Coke ovens (including own use),07.08 Fuel oil,False,active_mapping,leap_combined_esto,09.08 Coal transformation (including own use),,,
09.08.01 Coke ovens (including own use),07.09 LPG,False,active_mapping,leap_combined_esto|ninth_pairs_to_esto_pairs,09.08 Coal transformation (including own use),,,
09.08.01 Coke ovens (including own use),07.16 Petroleum coke,False,active_mapping,leap_combined_esto,09.08 Coal transformation (including own use),,,
09.08.01 Coke ovens (including own use),07.17 Other products,False,active_mapping,leap_combined_esto,09.08 Coal transformation (including own use),,,
09.08.01 Coke ovens (including own use),08.01 Natural gas,False,active_mapping,leap_combined_esto|ninth_pairs_to_esto_pairs,09.08 Coal transformation (including own use),,,
09.08.01 Coke ovens (including own use),08.03 Gas works gas,False,active_mapping,leap_combined_esto,09.08 Coal transformation (including own use),,,
09.08.01 Coke ovens (including own use),16.02 Industrial waste,False,active_mapping,leap_combined_esto,09.08 Coal transformation (including own use),,,
09.08.01 Coke ovens (including own use),17 Electricity,False,active_mapping,leap_combined_esto|ninth_pairs_to_esto_pairs,09.08 Coal transformation (including own use),,,
09.08.01 Coke ovens (including own use),18 Heat,False,active_mapping,leap_combined_esto,09.08 Coal transformation (including own use),,,
09.08.02 Blast furnaces (including own use),01.01 Coking coal,False,active_mapping,leap_combined_esto,09.08 Coal transformation (including own use),,,
09.08.02 Blast furnaces (including own use),01.02 Other bituminous coal,False,active_mapping,leap_combined_esto,09.08 Coal transformation (including own use),,,
09.08.02 Blast furnaces (including own use),01.04 Anthracite,False,active_mapping,leap_combined_esto,09.08 Coal transformation (including own use),,,
09.08.02 Blast furnaces (including own use),02.01 Coke oven coke,False,active_mapping,leap_combined_esto|ninth_pairs_to_esto_pairs,09.08 Coal transformation (including own use),,,
09.08.02 Blast furnaces (including own use),02.03 Coke oven gas,False,active_mapping,leap_combined_esto|ninth_pairs_to_esto_pairs,09.08 Coal transformation (including own use),,,
09.08.02 Blast furnaces (including own use),02.04 Blast furnace gas,False,active_mapping,leap_combined_esto|ninth_pairs_to_esto_pairs,09.08 Coal transformation (including own use),,,
09.08.02 Blast furnaces (including own use),02.05 Other recovered gases,False,active_mapping,leap_combined_esto|ninth_pairs_to_esto_pairs,09.08 Coal transformation (including own use),,,
09.08.02 Blast furnaces (including own use),02.06 Patent fuel,False,active_mapping,leap_combined_esto|ninth_pairs_to_esto_pairs,09.08 Coal transformation (including own use),,,
09.08.02 Blast furnaces (including own use),02.07 Coal tar,False,active_mapping,leap_combined_esto|ninth_pairs_to_esto_pairs,09.08 Coal transformation (including own use),,,
09.08.02 Blast furnaces (including own use),07.08 Fuel oil,False,active_mapping,leap_combined_esto|ninth_pairs_to_esto_pairs,09.08 Coal transformation (including own use),,,
09.08.02 Blast furnaces (including own use),08.01 Natural gas,False,active_mapping,leap_combined_esto|ninth_pairs_to_esto_pairs,09.08 Coal transformation (including own use),,,
09.08.02 Blast furnaces (including own use),17 Electricity,False,active_mapping,leap_combined_esto|ninth_pairs_to_esto_pairs,09.08 Coal transformation (including own use),,,
09.08.03 Patent fuel plants,01.01 Coking coal,False,active_mapping,leap_combined_esto,09.08 Coal transformation (including own use),,,
09.08.03 Patent fuel plants,01.02 Other bituminous coal,False,active_mapping,leap_combined_esto,09.08 Coal transformation (including own use),,,
09.08.03 Patent fuel plants,01.03 Sub-bituminous coal,False,active_mapping,leap_combined_esto,09.08 Coal transformation (including own use),,,
09.08.03 Patent fuel plants,01.04 Anthracite,False,active_mapping,leap_combined_esto,09.08 Coal transformation (including own use),,,
09.08.03 Patent fuel plants,02.01 Coke oven coke,False,active_mapping,leap_combined_esto,09.08 Coal transformation (including own use),,,
09.08.03 Patent fuel plants,02.03 Coke oven gas,False,active_mapping,leap_combined_esto,09.08 Coal transformation (including own use),,,
09.08.03 Patent fuel plants,02.04 Blast furnace gas,False,active_mapping,leap_combined_esto,09.08 Coal transformation (including own use),,,
09.08.03 Patent fuel plants,02.05 Other recovered gases,False,active_mapping,leap_combined_esto,09.08 Coal transformation (including own use),,,
09.08.03 Patent fuel plants,02.06 Patent fuel,False,active_mapping,leap_combined_esto,09.08 Coal transformation (including own use),,,
09.08.03 Patent fuel plants,02.07 Coal tar,False,active_mapping,leap_combined_esto,09.08 Coal transformation (including own use),,,
09.08.03 Patent fuel plants,02.08 BKB/PB,False,active_mapping,leap_combined_esto,09.08 Coal transformation (including own use),,,
09.08.03 Patent fuel plants,03 Peat,False,active_mapping,leap_combined_esto,09.08 Coal transformation (including own use),,,
09.08.03 Patent fuel plants,04 Peat products,False,active_mapping,leap_combined_esto,09.08 Coal transformation (including own use),,,
09.08.03 Patent fuel plants,07.06 Kerosene,False,active_mapping,leap_combined_esto,09.08 Coal transformation (including own use),,,
09.08.03 Patent fuel plants,07.07 Gas/diesel oil,False,active_mapping,leap_combined_esto,09.08 Coal transformation (including own use),,,
09.08.03 Patent fuel plants,07.08 Fuel oil,False,active_mapping,leap_combined_esto,09.08 Coal transformation (including own use),,,
09.08.03 Patent fuel plants,07.09 LPG,False,active_mapping,leap_combined_esto,09.08 Coal transformation (including own use),,,
09.08.03 Patent fuel plants,07.16 Petroleum coke,False,active_mapping,leap_combined_esto,09.08 Coal transformation (including own use),,,
09.08.03 Patent fuel plants,07.17 Other products,False,active_mapping,leap_combined_esto,09.08 Coal transformation (including own use),,,
09.08.03 Patent fuel plants,08.01 Natural gas,False,active_mapping,leap_combined_esto,09.08 Coal transformation (including own use),,,
09.08.03 Patent fuel plants,16.02 Industrial waste,False,active_mapping,leap_combined_esto,09.08 Coal transformation (including own use),,,
09.08.03 Patent fuel plants,17 Electricity,False,active_mapping,leap_combined_esto,09.08 Coal transformation (including own use),,,
09.08.04 BKB/PB plants,01.01 Coking coal,False,active_mapping,leap_combined_esto,09.08 Coal transformation (including own use),,,
09.08.04 BKB/PB plants,01.02 Other bituminous coal,False,active_mapping,leap_combined_esto,09.08 Coal transformation (including own use),,,
09.08.04 BKB/PB plants,01.03 Sub-bituminous coal,False,active_mapping,leap_combined_esto,09.08 Coal transformation (including own use),,,
09.08.04 BKB/PB plants,01.04 Anthracite,False,active_mapping,leap_combined_esto,09.08 Coal transformation (including own use),,,
09.08.04 BKB/PB plants,01.05 Lignite,False,active_mapping,leap_combined_esto,09.08 Coal transformation (including own use),,,
09.08.04 BKB/PB plants,02.01 Coke oven coke,False,active_mapping,leap_combined_esto,09.08 Coal transformation (including own use),,,
09.08.04 BKB/PB plants,02.03 Coke oven gas,False,active_mapping,leap_combined_esto,09.08 Coal transformation (including own use),,,
09.08.04 BKB/PB plants,02.04 Blast furnace gas,False,active_mapping,leap_combined_esto,09.08 Coal transformation (including own use),,,
09.08.04 BKB/PB plants,02.05 Other recovered gases,False,active_mapping,leap_combined_esto,09.08 Coal transformation (including own use),,,
09.08.04 BKB/PB plants,02.06 Patent fuel,False,active_mapping,leap_combined_esto,09.08 Coal transformation (including own use),,,
09.08.04 BKB/PB plants,02.07 Coal tar,False,active_mapping,leap_combined_esto,09.08 Coal transformation (including own use),,,
09.08.04 BKB/PB plants,02.08 BKB/PB,False,active_mapping,leap_combined_esto,09.08 Coal transformation (including own use),,,
09.08.04 BKB/PB plants,03 Peat,False,active_mapping,leap_combined_esto,09.08 Coal transformation (including own use),,,
09.08.04 BKB/PB plants,04 Peat products,False,active_mapping,leap_combined_esto,09.08 Coal transformation (including own use),,,
09.08.04 BKB/PB plants,07.06 Kerosene,False,active_mapping,leap_combined_esto,09.08 Coal transformation (including own use),,,
09.08.04 BKB/PB plants,07.07 Gas/diesel oil,False,active_mapping,leap_combined_esto,09.08 Coal transformation (including own use),,,
09.08.04 BKB/PB plants,07.08 Fuel oil,False,active_mapping,leap_combined_esto,09.08 Coal transformation (including own use),,,
09.08.04 BKB/PB plants,07.09 LPG,False,active_mapping,leap_combined_esto,09.08 Coal transformation (including own use),,,
09.08.04 BKB/PB plants,07.16 Petroleum coke,False,active_mapping,leap_combined_esto,09.08 Coal transformation (including own use),,,
09.08.04 BKB/PB plants,07.17 Other products,False,active_mapping,leap_combined_esto,09.08 Coal transformation (including own use),,,
09.08.04 BKB/PB plants,08.01 Natural gas,False,active_mapping,leap_combined_esto,09.08 Coal transformation (including own use),,,
09.08.04 BKB/PB plants,16.02 Industrial waste,False,active_mapping,leap_combined_esto,09.08 Coal transformation (including own use),,,
09.08.04 BKB/PB plants,17 Electricity,False,active_mapping,leap_combined_esto,09.08 Coal transformation (including own use),,,
09.08.05 Liquefaction (coal to oil),01.01 Coking coal,False,active_mapping,leap_combined_esto,09.08 Coal transformation (including own use),,,
09.08.05 Liquefaction (coal to oil),01.02 Other bituminous coal,False,active_mapping,leap_combined_esto,09.08 Coal transformation (including own use),,,
09.08.05 Liquefaction (coal to oil),01.03 Sub-bituminous coal,False,active_mapping,leap_combined_esto,09.08 Coal transformation (including own use),,,
09.08.05 Liquefaction (coal to oil),01.04 Anthracite,False,active_mapping,leap_combined_esto,09.08 Coal transformation (including own use),,,
09.08.05 Liquefaction (coal to oil),01.05 Lignite,False,active_mapping,leap_combined_esto,09.08 Coal transformation (including own use),,,
09.08.05 Liquefaction (coal to oil),02.01 Coke oven coke,False,active_mapping,leap_combined_esto,09.08 Coal transformation (including own use),,,
09.08.05 Liquefaction (coal to oil),02.03 Coke oven gas,False,active_mapping,leap_combined_esto,09.08 Coal transformation (including own use),,,
09.08.05 Liquefaction (coal to oil),02.04 Blast furnace gas,False,active_mapping,leap_combined_esto,09.08 Coal transformation (including own use),,,
09.08.05 Liquefaction (coal to oil),02.05 Other recovered gases,False,active_mapping,leap_combined_esto,09.08 Coal transformation (including own use),,,
09.08.05 Liquefaction (coal to oil),02.06 Patent fuel,False,active_mapping,leap_combined_esto,09.08 Coal transformation (including own use),,,
09.08.05 Liquefaction (coal to oil),02.07 Coal tar,False,active_mapping,leap_combined_esto,09.08 Coal transformation (including own use),,,
09.08.05 Liquefaction (coal to oil),02.08 BKB/PB,False,active_mapping,leap_combined_esto,09.08 Coal transformation (including own use),,,
09.08.05 Liquefaction (coal to oil),03 Peat,False,active_mapping,leap_combined_esto,09.08 Coal transformation (including own use),,,
09.08.05 Liquefaction (coal to oil),04 Peat products,False,active_mapping,leap_combined_esto,09.08 Coal transformation (including own use),,,
09.08.05 Liquefaction (coal to oil),07.06 Kerosene,False,active_mapping,leap_combined_esto,09.08 Coal transformation (including own use),,,
09.08.05 Liquefaction (coal to oil),07.07 Gas/diesel oil,False,active_mapping,leap_combined_esto,09.08 Coal transformation (including own use),,,
09.08.05 Liquefaction (coal to oil),07.08 Fuel oil,False,active_mapping,leap_combined_esto,09.08 Coal transformation (including own use),,,
09.08.05 Liquefaction (coal to oil),07.09 LPG,False,active_mapping,leap_combined_esto,09.08 Coal transformation (including own use),,,
09.08.05 Liquefaction (coal to oil),07.16 Petroleum coke,False,active_mapping,leap_combined_esto,09.08 Coal transformation (including own use),,,
09.08.05 Liquefaction (coal to oil),07.17 Other products,False,active_mapping,leap_combined_esto,09.08 Coal transformation (including own use),,,
09.08.05 Liquefaction (coal to oil),08.01 Natural gas,False,active_mapping,leap_combined_esto,09.08 Coal transformation (including own use),,,
09.08.05 Liquefaction (coal to oil),16.02 Industrial waste,False,active_mapping,leap_combined_esto,09.08 Coal transformation (including own use),,,
09.08.05 Liquefaction (coal to oil),17 Electricity,False,active_mapping,leap_combined_esto,09.08 Coal transformation (including own use),,,
09.09 Petrochemical industry,06.03 Refinery feedstocks,False,active_mapping,leap_combined_esto|ninth_pairs_to_esto_pairs,09 Total transformation sector,,,
09.09 Petrochemical industry,06.04 Additives/ oxygenates,False,active_mapping,leap_combined_esto|ninth_pairs_to_esto_pairs,09 Total transformation sector,,,
09.09 Petrochemical industry,06.05 Other hydrocarbons,False,active_mapping,leap_combined_esto,09 Total transformation sector,,,
09.09 Petrochemical industry,07.03 Naphtha,False,active_mapping,leap_combined_esto|ninth_pairs_to_esto_pairs,09 Total transformation sector,,,
09.09 Petrochemical industry,07.09 LPG,False,active_mapping,leap_combined_esto|ninth_pairs_to_esto_pairs,09 Total transformation sector,,,
09.09 Petrochemical industry,07.10 Refinery gas (not liquefied),False,active_mapping,leap_combined_esto|ninth_pairs_to_esto_pairs,09 Total transformation sector,,,
09.09 Petrochemical industry,07.17 Other products,False,active_mapping,leap_combined_esto|ninth_pairs_to_esto_pairs,09 Total transformation sector,,,
09.09 Petrochemical industry,07.99 PetProd nonspecified,False,active_mapping,leap_combined_esto|ninth_pairs_to_esto_pairs,09 Total transformation sector,,,
09.11 Charcoal processing,15.01 Fuelwood & woodwaste,False,active_mapping,leap_combined_esto|ninth_pairs_to_esto_pairs,09 Total transformation sector,,,
09.11 Charcoal processing,15.03 Charcoal,False,active_mapping,leap_combined_esto|ninth_pairs_to_esto_pairs,09 Total transformation sector,,,
09.11 Charcoal processing,15.05 Other biomass,False,active_mapping,leap_combined_esto|ninth_pairs_to_esto_pairs,09 Total transformation sector,,,
09.12 Non-specified transformation,01.02 Other bituminous coal,False,active_mapping,leap_combined_esto|ninth_pairs_to_esto_pairs,09 Total transformation sector,,,
09.12 Non-specified transformation,01.03 Sub-bituminous coal,False,active_mapping,leap_combined_esto|ninth_pairs_to_esto_pairs,09 Total transformation sector,,,
09.12 Non-specified transformation,01.04 Anthracite,False,active_mapping,leap_combined_esto|ninth_pairs_to_esto_pairs,09 Total transformation sector,,,
09.12 Non-specified transformation,06.02 Natural gas liquids,False,active_mapping,leap_combined_esto|ninth_pairs_to_esto_pairs,09 Total transformation sector,,,
09.12 Non-specified transformation,06.03 Refinery feedstocks,False,active_mapping,leap_combined_esto|ninth_pairs_to_esto_pairs,09 Total transformation sector,,,
09.12 Non-specified transformation,06.04 Additives/ oxygenates,False,active_mapping,leap_combined_esto|ninth_pairs_to_esto_pairs,09 Total transformation sector,,,
09.12 Non-specified transformation,06.05 Other hydrocarbons,False,active_mapping,leap_combined_esto,09 Total transformation sector,,,
09.12 Non-specified transformation,07.01 Motor gasoline,False,active_mapping,leap_combined_esto|ninth_pairs_to_esto_pairs,09 Total transformation sector,,,
09.12 Non-specified transformation,07.06 Kerosene,False,active_mapping,leap_combined_esto|ninth_pairs_to_esto_pairs,09 Total transformation sector,,,
09.12 Non-specified transformation,07.07 Gas/diesel oil,False,active_mapping,leap_combined_esto|ninth_pairs_to_esto_pairs,09 Total transformation sector,,,
09.12 Non-specified transformation,07.08 Fuel oil,False,active_mapping,leap_combined_esto|ninth_pairs_to_esto_pairs,09 Total transformation sector,,,
09.12 Non-specified transformation,07.09 LPG,False,active_mapping,leap_combined_esto|ninth_pairs_to_esto_pairs,09 Total transformation sector,,,
09.12 Non-specified transformation,07.11 Ethane,False,active_mapping,leap_combined_esto|ninth_pairs_to_esto_pairs,09 Total transformation sector,,,
09.12 Non-specified transformation,07.17 Other products,False,active_mapping,leap_combined_esto|ninth_pairs_to_esto_pairs,09 Total transformation sector,,,
09.12 Non-specified transformation,08.01 Natural gas,False,active_mapping,leap_combined_esto|ninth_pairs_to_esto_pairs,09 Total transformation sector,,,
09.12 Non-specified transformation,15.05 Other biomass,False,active_mapping,leap_combined_esto|ninth_pairs_to_esto_pairs,09 Total transformation sector,,,
09.12 Non-specified transformation,16.01 Biogas,False,active_mapping,leap_combined_esto|ninth_pairs_to_esto_pairs,09 Total transformation sector,,,
09.12 Non-specified transformation,17 Electricity,False,active_mapping,leap_combined_esto|ninth_pairs_to_esto_pairs,09 Total transformation sector,,,
09.13 Hydrogen transformation,08.01 Natural gas,True,active_mapping,leap_combined_esto|ninth_pairs_to_esto_pairs,09 Total transformation sector,,,
09.13 Hydrogen transformation,16.10 Ammonia,True,active_mapping,leap_combined_esto|ninth_pairs_to_esto_pairs,09 Total transformation sector,,,
09.13 Hydrogen transformation,16.11 E-fuel,True,active_mapping,leap_combined_esto|ninth_pairs_to_esto_pairs,09 Total transformation sector,,,
09.13 Hydrogen transformation,16.12 Hydrogen,True,active_mapping,leap_combined_esto|ninth_pairs_to_esto_pairs,09 Total transformation sector,,,
09.13 Hydrogen transformation,17 Electricity,True,active_mapping,leap_combined_esto|ninth_pairs_to_esto_pairs,09 Total transformation sector,,,
09.13.01 Electrolysers,16.10 Ammonia,False,active_mapping,leap_combined_esto|ninth_pairs_to_esto_pairs,09.13 Hydrogen transformation,,,
09.13.01 Electrolysers,16.11 E-fuel,False,active_mapping,leap_combined_esto|ninth_pairs_to_esto_pairs,09.13 Hydrogen transformation,,,
09.13.01 Electrolysers,16.12 Hydrogen,False,active_mapping,leap_combined_esto|ninth_pairs_to_esto_pairs,09.13 Hydrogen transformation,,,
09.13.01 Electrolysers,17 Electricity,False,active_mapping,leap_combined_esto|ninth_pairs_to_esto_pairs,09.13 Hydrogen transformation,,,
09.13.01 Electrolysers,20 Green electricity,False,active_mapping,leap_combined_esto|ninth_pairs_to_esto_pairs,09.13 Hydrogen transformation,,,
09.13.02 SMR wo CCS,08.01 Natural gas,False,active_mapping,leap_combined_esto|ninth_pairs_to_esto_pairs,09.13 Hydrogen transformation,,,
09.13.02 SMR wo CCS,16.10 Ammonia,False,active_mapping,leap_combined_esto|ninth_pairs_to_esto_pairs,09.13 Hydrogen transformation,,,
09.13.02 SMR wo CCS,16.11 E-fuel,False,active_mapping,leap_combined_esto|ninth_pairs_to_esto_pairs,09.13 Hydrogen transformation,,,
09.13.02 SMR wo CCS,16.12 Hydrogen,False,active_mapping,leap_combined_esto|ninth_pairs_to_esto_pairs,09.13 Hydrogen transformation,,,
09.13.03 SMR w CCS,08.01 Natural gas,False,active_mapping,leap_combined_esto|ninth_pairs_to_esto_pairs,09.13 Hydrogen transformation,,,
09.13.03 SMR w CCS,16.10 Ammonia,False,active_mapping,leap_combined_esto|ninth_pairs_to_esto_pairs,09.13 Hydrogen transformation,,,
09.13.03 SMR w CCS,16.11 E-fuel,False,active_mapping,leap_combined_esto|ninth_pairs_to_esto_pairs,09.13 Hydrogen transformation,,,
09.13.03 SMR w CCS,16.12 Hydrogen,False,active_mapping,leap_combined_esto|ninth_pairs_to_esto_pairs,09.13 Hydrogen transformation,,,
"10.01.01 Electricity, CHP and heat plants",01.02 Other bituminous coal,False,active_mapping,leap_combined_esto|ninth_pairs_to_esto_pairs,,,,
"10.01.01 Electricity, CHP and heat plants",02.01 Coke oven coke,False,active_mapping,leap_combined_esto|ninth_pairs_to_esto_pairs,,,,
"10.01.01 Electricity, CHP and heat plants",02.03 Coke oven gas,False,active_mapping,leap_combined_esto|ninth_pairs_to_esto_pairs,,,,
"10.01.01 Electricity, CHP and heat plants",02.07 Coal tar,False,active_mapping,leap_combined_esto|ninth_pairs_to_esto_pairs,,,,
"10.01.01 Electricity, CHP and heat plants",02.08 BKB/PB,False,active_mapping,leap_combined_esto|ninth_pairs_to_esto_pairs,,,,
"10.01.01 Electricity, CHP and heat plants",03 Peat,False,active_mapping,leap_combined_esto|ninth_pairs_to_esto_pairs,,,,
"10.01.01 Electricity, CHP and heat plants",04 Peat products,False,active_mapping,leap_combined_esto|ninth_pairs_to_esto_pairs,,,,
"10.01.01 Electricity, CHP and heat plants",06.01 Crude oil,False,active_mapping,leap_combined_esto|ninth_pairs_to_esto_pairs,,,,
"10.01.01 Electricity, CHP and heat plants",07.01 Motor gasoline,False,active_mapping,leap_combined_esto|ninth_pairs_to_esto_pairs,,,,
"10.01.01 Electricity, CHP and heat plants",07.06 Kerosene,False,active_mapping,leap_combined_esto|ninth_pairs_to_esto_pairs,,,,
"10.01.01 Electricity, CHP and heat plants",07.07 Gas/diesel oil,False,active_mapping,leap_combined_esto|ninth_pairs_to_esto_pairs,,,,
"10.01.01 Electricity, CHP and heat plants",07.08 Fuel oil,False,active_mapping,leap_combined_esto|ninth_pairs_to_esto_pairs,,,,
"10.01.01 Electricity, CHP and heat plants",07.09 LPG,False,active_mapping,leap_combined_esto|ninth_pairs_to_esto_pairs,,,,
"10.01.01 Electricity, CHP and heat plants",07.10 Refinery gas (not liquefied),False,active_mapping,leap_combined_esto|ninth_pairs_to_esto_pairs,,,,
"10.01.01 Electricity, CHP and heat plants",07.16 Petroleum coke,False,active_mapping,leap_combined_esto|ninth_pairs_to_esto_pairs,,,,
"10.01.01 Electricity, CHP and heat plants",07.17 Other products,False,active_mapping,leap_combined_esto|ninth_pairs_to_esto_pairs,,,,
"10.01.01 Electricity, CHP and heat plants",08.01 Natural gas,False,active_mapping,leap_combined_esto|ninth_pairs_to_esto_pairs,,,,
"10.01.01 Electricity, CHP and heat plants",15.05 Other biomass,False,active_mapping,leap_combined_esto|ninth_pairs_to_esto_pairs,,,,
"10.01.01 Electricity, CHP and heat plants",16.01 Biogas,False,active_mapping,leap_combined_esto|ninth_pairs_to_esto_pairs,,,,
"10.01.01 Electricity, CHP and heat plants",16.06 Biodiesel,False,active_mapping,leap_combined_esto|ninth_pairs_to_esto_pairs,,,,
"10.01.01 Electricity, CHP and heat plants",17 Electricity,False,active_mapping,leap_combined_esto|ninth_pairs_to_esto_pairs,,,,
"10.01.01 Electricity, CHP and heat plants",18 Heat,False,active_mapping,leap_combined_esto|ninth_pairs_to_esto_pairs,,,,
10.01.02 Gas works plants,01.02 Other bituminous coal,False,active_mapping,ninth_pairs_to_esto_pairs,,,,
10.01.02 Gas works plants,01.03 Sub-bituminous coal,False,active_mapping,ninth_pairs_to_esto_pairs,,,,
10.01.02 Gas works plants,01.04 Anthracite,False,active_mapping,ninth_pairs_to_esto_pairs,,,,
10.01.02 Gas works plants,02.03 Coke oven gas,False,active_mapping,ninth_pairs_to_esto_pairs,,,,
10.01.02 Gas works plants,02.04 Blast furnace gas,False,active_mapping,ninth_pairs_to_esto_pairs,,,,
10.01.02 Gas works plants,02.05 Other recovered gases,False,active_mapping,ninth_pairs_to_esto_pairs,,,,
10.01.02 Gas works plants,07.01 Motor gasoline,False,active_mapping,ninth_pairs_to_esto_pairs,,,,
10.01.02 Gas works plants,07.07 Gas/diesel oil,False,active_mapping,ninth_pairs_to_esto_pairs,,,,
10.01.02 Gas works plants,07.09 LPG,False,active_mapping,ninth_pairs_to_esto_pairs,,,,
10.01.02 Gas works plants,07.17 Other products,False,active_mapping,ninth_pairs_to_esto_pairs,,,,
10.01.02 Gas works plants,07.99 PetProd nonspecified,False,active_mapping,ninth_pairs_to_esto_pairs,,,,
10.01.02 Gas works plants,08.01 Natural gas,False,active_mapping,ninth_pairs_to_esto_pairs,,,,
10.01.02 Gas works plants,08.03 Gas works gas,False,active_mapping,ninth_pairs_to_esto_pairs,,,,
10.01.02 Gas works plants,17 Electricity,False,active_mapping,ninth_pairs_to_esto_pairs,,,,
10.01.02 Gas works plants,18 Heat,False,active_mapping,ninth_pairs_to_esto_pairs,,,,
10.01.03 Liquefaction/regasification plants,08.01 Natural gas,False,active_mapping,leap_combined_esto|ninth_pairs_to_esto_pairs,,,,
10.01.03 Liquefaction/regasification plants,17 Electricity,False,active_mapping,leap_combined_esto|ninth_pairs_to_esto_pairs,,,,
10.01.05 Coke ovens,02.01 Coke oven coke,False,active_mapping,ninth_pairs_to_esto_pairs,,,,
10.01.05 Coke ovens,02.02 Gas coke,False,active_mapping,ninth_pairs_to_esto_pairs,,,,
10.01.05 Coke ovens,02.03 Coke oven gas,False,active_mapping,ninth_pairs_to_esto_pairs,,,,
10.01.05 Coke ovens,02.04 Blast furnace gas,False,active_mapping,ninth_pairs_to_esto_pairs,,,,
10.01.05 Coke ovens,02.05 Other recovered gases,False,active_mapping,ninth_pairs_to_esto_pairs,,,,
10.01.05 Coke ovens,02.06 Patent fuel,False,active_mapping,ninth_pairs_to_esto_pairs,,,,
10.01.05 Coke ovens,02.07 Coal tar,False,active_mapping,ninth_pairs_to_esto_pairs,,,,
10.01.05 Coke ovens,02.08 BKB/PB,False,active_mapping,ninth_pairs_to_esto_pairs,,,,
10.01.05 Coke ovens,07.06 Kerosene,False,active_mapping,ninth_pairs_to_esto_pairs,,,,
10.01.05 Coke ovens,07.07 Gas/diesel oil,False,active_mapping,ninth_pairs_to_esto_pairs,,,,
10.01.05 Coke ovens,07.08 Fuel oil,False,active_mapping,ninth_pairs_to_esto_pairs,,,,
10.01.05 Coke ovens,07.09 LPG,False,active_mapping,ninth_pairs_to_esto_pairs,,,,
10.01.05 Coke ovens,08.01 Natural gas,False,active_mapping,ninth_pairs_to_esto_pairs,,,,
10.01.05 Coke ovens,08.03 Gas works gas,False,active_mapping,ninth_pairs_to_esto_pairs,,,,
10.01.05 Coke ovens,17 Electricity,False,active_mapping,ninth_pairs_to_esto_pairs,,,,
10.01.06 Coal mines,01.01 Coking coal,False,active_mapping,leap_combined_esto|ninth_pairs_to_esto_pairs,,,,
10.01.06 Coal mines,01.02 Other bituminous coal,False,active_mapping,leap_combined_esto|ninth_pairs_to_esto_pairs,,,,
10.01.06 Coal mines,01.03 Sub-bituminous coal,False,active_mapping,leap_combined_esto|ninth_pairs_to_esto_pairs,,,,
10.01.06 Coal mines,01.04 Anthracite,False,active_mapping,leap_combined_esto|ninth_pairs_to_esto_pairs,,,,
10.01.06 Coal mines,01.05 Lignite,False,active_mapping,leap_combined_esto|ninth_pairs_to_esto_pairs,,,,
10.01.06 Coal mines,02.01 Coke oven coke,False,active_mapping,leap_combined_esto|ninth_pairs_to_esto_pairs,,,,
10.01.06 Coal mines,02.02 Gas coke,False,active_mapping,leap_combined_esto|ninth_pairs_to_esto_pairs,,,,
10.01.06 Coal mines,02.03 Coke oven gas,False,active_mapping,leap_combined_esto|ninth_pairs_to_esto_pairs,,,,
10.01.06 Coal mines,02.04 Blast furnace gas,False,active_mapping,leap_combined_esto|ninth_pairs_to_esto_pairs,,,,
10.01.06 Coal mines,02.05 Other recovered gases,False,active_mapping,leap_combined_esto|ninth_pairs_to_esto_pairs,,,,
10.01.06 Coal mines,02.06 Patent fuel,False,active_mapping,leap_combined_esto|ninth_pairs_to_esto_pairs,,,,
10.01.06 Coal mines,02.07 Coal tar,False,active_mapping,leap_combined_esto|ninth_pairs_to_esto_pairs,,,,
10.01.06 Coal mines,02.08 BKB/PB,False,active_mapping,leap_combined_esto|ninth_pairs_to_esto_pairs,,,,
10.01.06 Coal mines,06.01 Crude oil,False,active_mapping,leap_combined_esto|ninth_pairs_to_esto_pairs,,,,
10.01.06 Coal mines,07.01 Motor gasoline,False,active_mapping,leap_combined_esto|ninth_pairs_to_esto_pairs,,,,
10.01.06 Coal mines,07.03 Naphtha,False,active_mapping,leap_combined_esto|ninth_pairs_to_esto_pairs,,,,
10.01.06 Coal mines,07.06 Kerosene,False,active_mapping,leap_combined_esto|ninth_pairs_to_esto_pairs,,,,
10.01.06 Coal mines,07.07 Gas/diesel oil,False,active_mapping,leap_combined_esto|ninth_pairs_to_esto_pairs,,,,
10.01.06 Coal mines,07.08 Fuel oil,False,active_mapping,leap_combined_esto|ninth_pairs_to_esto_pairs,,,,
10.01.06 Coal mines,07.09 LPG,False,active_mapping,leap_combined_esto|ninth_pairs_to_esto_pairs,,,,
10.01.06 Coal mines,07.16 Petroleum coke,False,active_mapping,leap_combined_esto|ninth_pairs_to_esto_pairs,,,,
10.01.06 Coal mines,07.17 Other products,False,active_mapping,leap_combined_esto|ninth_pairs_to_esto_pairs,,,,
10.01.06 Coal mines,07.99 PetProd nonspecified,False,active_mapping,leap_combined_esto|ninth_pairs_to_esto_pairs,,,,
10.01.06 Coal mines,08.01 Natural gas,False,active_mapping,leap_combined_esto|ninth_pairs_to_esto_pairs,,,,
10.01.06 Coal mines,08.03 Gas works gas,False,active_mapping,leap_combined_esto|ninth_pairs_to_esto_pairs,,,,
10.01.06 Coal mines,16.06 Biodiesel,False,active_mapping,leap_combined_esto|ninth_pairs_to_esto_pairs,,,,
10.01.06 Coal mines,17 Electricity,False,active_mapping,leap_combined_esto|ninth_pairs_to_esto_pairs,,,,
10.01.06 Coal mines,18 Heat,False,active_mapping,leap_combined_esto|ninth_pairs_to_esto_pairs,,,,
10.01.07 Blast furnaces,02.01 Coke oven coke,False,active_mapping,ninth_pairs_to_esto_pairs,,,,
10.01.07 Blast furnaces,02.02 Gas coke,False,active_mapping,ninth_pairs_to_esto_pairs,,,,
10.01.07 Blast furnaces,02.03 Coke oven gas,False,active_mapping,ninth_pairs_to_esto_pairs,,,,
10.01.07 Blast furnaces,02.04 Blast furnace gas,False,active_mapping,ninth_pairs_to_esto_pairs,,,,
10.01.07 Blast furnaces,02.05 Other recovered gases,False,active_mapping,ninth_pairs_to_esto_pairs,,,,
10.01.07 Blast furnaces,02.06 Patent fuel,False,active_mapping,ninth_pairs_to_esto_pairs,,,,
10.01.07 Blast furnaces,02.07 Coal tar,False,active_mapping,ninth_pairs_to_esto_pairs,,,,
10.01.07 Blast furnaces,02.08 BKB/PB,False,active_mapping,ninth_pairs_to_esto_pairs,,,,
10.01.07 Blast furnaces,07.08 Fuel oil,False,active_mapping,ninth_pairs_to_esto_pairs,,,,
10.01.07 Blast furnaces,08.01 Natural gas,False,active_mapping,ninth_pairs_to_esto_pairs,,,,
10.01.07 Blast furnaces,17 Electricity,False,active_mapping,ninth_pairs_to_esto_pairs,,,,
10.01.11 Oil refineries,01.02 Other bituminous coal,False,active_mapping,ninth_pairs_to_esto_pairs,,,,
10.01.11 Oil refineries,01.03 Sub-bituminous coal,False,active_mapping,ninth_pairs_to_esto_pairs,,,,
10.01.11 Oil refineries,01.04 Anthracite,False,active_mapping,ninth_pairs_to_esto_pairs,,,,
10.01.11 Oil refineries,02.01 Coke oven coke,False,active_mapping,ninth_pairs_to_esto_pairs,,,,
10.01.11 Oil refineries,06.01 Crude oil,False,active_mapping,ninth_pairs_to_esto_pairs,,,,
10.01.11 Oil refineries,06.02 Natural gas liquids,False,active_mapping,ninth_pairs_to_esto_pairs,,,,
10.01.11 Oil refineries,06.03 Refinery feedstocks,False,active_mapping,ninth_pairs_to_esto_pairs,,,,
10.01.11 Oil refineries,07.01 Motor gasoline,False,active_mapping,ninth_pairs_to_esto_pairs,,,,
10.01.11 Oil refineries,07.02 Aviation gasoline,False,active_mapping,ninth_pairs_to_esto_pairs,,,,
10.01.11 Oil refineries,07.03 Naphtha,False,active_mapping,ninth_pairs_to_esto_pairs,,,,
10.01.11 Oil refineries,07.04 Gasoline type jet fuel,False,active_mapping,ninth_pairs_to_esto_pairs,,,,
10.01.11 Oil refineries,07.05 Kerosene type jet fuel,False,active_mapping,ninth_pairs_to_esto_pairs,,,,
10.01.11 Oil refineries,07.06 Kerosene,False,active_mapping,ninth_pairs_to_esto_pairs,,,,
10.01.11 Oil refineries,07.07 Gas/diesel oil,False,active_mapping,ninth_pairs_to_esto_pairs,,,,
10.01.11 Oil refineries,07.08 Fuel oil,False,active_mapping,ninth_pairs_to_esto_pairs,,,,
10.01.11 Oil refineries,07.09 LPG,False,active_mapping,ninth_pairs_to_esto_pairs,,,,
10.01.11 Oil refineries,07.10 Refinery gas (not liquefied),False,active_mapping,ninth_pairs_to_esto_pairs,,,,
10.01.11 Oil refineries,07.11 Ethane,False,active_mapping,ninth_pairs_to_esto_pairs,,,,
10.01.11 Oil refineries,07.12 White spirit SBP,False,active_mapping,ninth_pairs_to_esto_pairs,,,,
10.01.11 Oil refineries,07.13 Lubricants,False,active_mapping,ninth_pairs_to_esto_pairs,,,,
10.01.11 Oil refineries,07.14 Bitumen,False,active_mapping,ninth_pairs_to_esto_pairs,,,,
10.01.11 Oil refineries,07.16 Petroleum coke,False,active_mapping,ninth_pairs_to_esto_pairs,,,,
10.01.11 Oil refineries,07.17 Other products,False,active_mapping,ninth_pairs_to_esto_pairs,,,,
10.01.11 Oil refineries,07.99 PetProd nonspecified,False,active_mapping,ninth_pairs_to_esto_pairs,,,,
10.01.11 Oil refineries,08.01 Natural gas,False,active_mapping,ninth_pairs_to_esto_pairs,,,,
10.01.11 Oil refineries,08.03 Gas works gas,False,active_mapping,ninth_pairs_to_esto_pairs,,,,
10.01.11 Oil refineries,15.05 Other biomass,False,active_mapping,ninth_pairs_to_esto_pairs,,,,
10.01.11 Oil refineries,16.02 Industrial waste,False,active_mapping,ninth_pairs_to_esto_pairs,,,,
10.01.11 Oil refineries,17 Electricity,False,active_mapping,ninth_pairs_to_esto_pairs,,,,
10.01.11 Oil refineries,18 Heat,False,active_mapping,ninth_pairs_to_esto_pairs,,,,
10.01.12 Oil and gas extraction,01.02 Other bituminous coal,False,active_mapping,leap_combined_esto|ninth_pairs_to_esto_pairs,,,,
10.01.12 Oil and gas extraction,01.03 Sub-bituminous coal,False,active_mapping,leap_combined_esto|ninth_pairs_to_esto_pairs,,,,
10.01.12 Oil and gas extraction,01.04 Anthracite,False,active_mapping,leap_combined_esto|ninth_pairs_to_esto_pairs,,,,
10.01.12 Oil and gas extraction,06.01 Crude oil,False,active_mapping,leap_combined_esto|ninth_pairs_to_esto_pairs,,,,
10.01.12 Oil and gas extraction,07.01 Motor gasoline,False,active_mapping,leap_combined_esto|ninth_pairs_to_esto_pairs,,,,
10.01.12 Oil and gas extraction,07.06 Kerosene,False,active_mapping,leap_combined_esto|ninth_pairs_to_esto_pairs,,,,
10.01.12 Oil and gas extraction,07.07 Gas/diesel oil,False,active_mapping,leap_combined_esto|ninth_pairs_to_esto_pairs,,,,
10.01.12 Oil and gas extraction,07.08 Fuel oil,False,active_mapping,leap_combined_esto|ninth_pairs_to_esto_pairs,,,,
10.01.12 Oil and gas extraction,07.09 LPG,False,active_mapping,leap_combined_esto|ninth_pairs_to_esto_pairs,,,,
10.01.12 Oil and gas extraction,07.10 Refinery gas (not liquefied),False,active_mapping,leap_combined_esto|ninth_pairs_to_esto_pairs,,,,
10.01.12 Oil and gas extraction,07.11 Ethane,False,active_mapping,leap_combined_esto|ninth_pairs_to_esto_pairs,,,,
10.01.12 Oil and gas extraction,07.16 Petroleum coke,False,active_mapping,leap_combined_esto|ninth_pairs_to_esto_pairs,,,,
10.01.12 Oil and gas extraction,07.17 Other products,False,active_mapping,leap_combined_esto|ninth_pairs_to_esto_pairs,,,,
10.01.12 Oil and gas extraction,07.99 PetProd nonspecified,False,active_mapping,leap_combined_esto|ninth_pairs_to_esto_pairs,,,,
10.01.12 Oil and gas extraction,08.01 Natural gas,False,active_mapping,leap_combined_esto|ninth_pairs_to_esto_pairs,,,,
10.01.12 Oil and gas extraction,16.06 Biodiesel,False,active_mapping,leap_combined_esto|ninth_pairs_to_esto_pairs,,,,
10.01.12 Oil and gas extraction,17 Electricity,False,active_mapping,leap_combined_esto|ninth_pairs_to_esto_pairs,,,,
10.01.12 Oil and gas extraction,18 Heat,False,active_mapping,leap_combined_esto|ninth_pairs_to_esto_pairs,,,,
10.01.13 Pump storage plants,17 Electricity,False,active_mapping,leap_combined_esto|ninth_pairs_to_esto_pairs,,,,
10.01.17 Non-specified own uses,01.02 Other bituminous coal,False,active_mapping,leap_combined_esto|ninth_pairs_to_esto_pairs,,,,
10.01.17 Non-specified own uses,06.02 Natural gas liquids,False,active_mapping,leap_combined_esto|ninth_pairs_to_esto_pairs,,,,
10.01.17 Non-specified own uses,06.05 Other hydrocarbons,False,active_mapping,leap_combined_esto,,,,
10.01.17 Non-specified own uses,07.01 Motor gasoline,False,active_mapping,leap_combined_esto|ninth_pairs_to_esto_pairs,,,,
10.01.17 Non-specified own uses,07.06 Kerosene,False,active_mapping,leap_combined_esto|ninth_pairs_to_esto_pairs,,,,
10.01.17 Non-specified own uses,07.07 Gas/diesel oil,False,active_mapping,leap_combined_esto|ninth_pairs_to_esto_pairs,,,,
10.01.17 Non-specified own uses,07.08 Fuel oil,False,active_mapping,leap_combined_esto|ninth_pairs_to_esto_pairs,,,,
10.01.17 Non-specified own uses,07.09 LPG,False,active_mapping,leap_combined_esto|ninth_pairs_to_esto_pairs,,,,
10.01.17 Non-specified own uses,07.11 Ethane,False,active_mapping,leap_combined_esto|ninth_pairs_to_esto_pairs,,,,
10.01.17 Non-specified own uses,07.17 Other products,False,active_mapping,leap_combined_esto|ninth_pairs_to_esto_pairs,,,,
10.01.17 Non-specified own uses,07.99 PetProd nonspecified,False,active_mapping,leap_combined_esto|ninth_pairs_to_esto_pairs,,,,
10.01.17 Non-specified own uses,08.01 Natural gas,False,active_mapping,leap_combined_esto|ninth_pairs_to_esto_pairs,,,,
10.01.17 Non-specified own uses,15.05 Other biomass,False,active_mapping,leap_combined_esto|ninth_pairs_to_esto_pairs,,,,
10.01.17 Non-specified own uses,16.01 Biogas,False,active_mapping,leap_combined_esto|ninth_pairs_to_esto_pairs,,,,
10.01.17 Non-specified own uses,16.05 Biogasoline,False,active_mapping,leap_combined_esto|ninth_pairs_to_esto_pairs,,,,
10.01.17 Non-specified own uses,17 Electricity,False,active_mapping,leap_combined_esto|ninth_pairs_to_esto_pairs,,,,
10.01.17 Non-specified own uses,18 Heat,False,active_mapping,leap_combined_esto|ninth_pairs_to_esto_pairs,,,,
10.01.19 Hydrogen transformation,17 Electricity,False,active_mapping,ninth_pairs_to_esto_pairs,,,,
10.02 Transmission and distribution losses,01.02 Other bituminous coal,False,active_mapping,leap_combined_esto|ninth_pairs_to_esto_pairs,,,,
10.02 Transmission and distribution losses,02.01 Coke oven coke,False,active_mapping,leap_combined_esto|ninth_pairs_to_esto_pairs,,,,
10.02 Transmission and distribution losses,02.03 Coke oven gas,False,active_mapping,leap_combined_esto|ninth_pairs_to_esto_pairs,,,,
10.02 Transmission and distribution losses,02.04 Blast furnace gas,False,active_mapping,leap_combined_esto|ninth_pairs_to_esto_pairs,,,,
10.02 Transmission and distribution losses,02.05 Other recovered gases,False,active_mapping,leap_combined_esto|ninth_pairs_to_esto_pairs,,,,
10.02 Transmission and distribution losses,06.01 Crude oil,False,active_mapping,leap_combined_esto|ninth_pairs_to_esto_pairs,,,,
10.02 Transmission and distribution losses,07.01 Motor gasoline,False,active_mapping,leap_combined_esto|ninth_pairs_to_esto_pairs,,,,
10.02 Transmission and distribution losses,07.07 Gas/diesel oil,False,active_mapping,leap_combined_esto|ninth_pairs_to_esto_pairs,,,,
10.02 Transmission and distribution losses,07.08 Fuel oil,False,active_mapping,leap_combined_esto|ninth_pairs_to_esto_pairs,,,,
10.02 Transmission and distribution losses,07.09 LPG,False,active_mapping,leap_combined_esto|ninth_pairs_to_esto_pairs,,,,
10.02 Transmission and distribution losses,07.16 Petroleum coke,False,active_mapping,leap_combined_esto|ninth_pairs_to_esto_pairs,,,,
10.02 Transmission and distribution losses,08.01 Natural gas,False,active_mapping,leap_combined_esto|ninth_pairs_to_esto_pairs,,,,
10.02 Transmission and distribution losses,08.02 LNG,False,active_mapping,leap_combined_esto|ninth_pairs_to_esto_pairs,,,,
10.02 Transmission and distribution losses,17 Electricity,False,active_mapping,leap_combined_esto|ninth_pairs_to_esto_pairs,,,,
10.02 Transmission and distribution losses,18 Heat,False,active_mapping,leap_combined_esto|ninth_pairs_to_esto_pairs,,,,
11 Statistical discrepancy,01.01 Coking coal,False,active_mapping,leap_combined_esto,,,,
11 Statistical discrepancy,01.02 Other bituminous coal,False,active_mapping,leap_combined_esto,,,,
11 Statistical discrepancy,01.03 Sub-bituminous coal,False,active_mapping,leap_combined_esto,,,,
11 Statistical discrepancy,01.04 Anthracite,False,active_mapping,leap_combined_esto,,,,
11 Statistical discrepancy,01.05 Lignite,False,active_mapping,leap_combined_esto,,,,
11 Statistical discrepancy,02.01 Coke oven coke,False,active_mapping,leap_combined_esto,,,,
11 Statistical discrepancy,02.03 Coke oven gas,False,active_mapping,leap_combined_esto,,,,
11 Statistical discrepancy,02.04 Blast furnace gas,False,active_mapping,leap_combined_esto,,,,
11 Statistical discrepancy,02.05 Other recovered gases,False,active_mapping,leap_combined_esto,,,,
11 Statistical discrepancy,02.06 Patent fuel,False,active_mapping,leap_combined_esto,,,,
11 Statistical discrepancy,02.07 Coal tar,False,active_mapping,leap_combined_esto,,,,
11 Statistical discrepancy,02.08 BKB/PB,False,active_mapping,leap_combined_esto,,,,
11 Statistical discrepancy,03 Peat,False,active_mapping,leap_combined_esto,,,,
11 Statistical discrepancy,04 Peat products,False,active_mapping,leap_combined_esto,,,,
11 Statistical discrepancy,06.01 Crude oil,False,active_mapping,leap_combined_esto,,,,
11 Statistical discrepancy,06.02 Natural gas liquids,False,active_mapping,leap_combined_esto,,,,
11 Statistical discrepancy,06.03 Refinery feedstocks,False,active_mapping,leap_combined_esto,,,,
11 Statistical discrepancy,06.04 Additives/ oxygenates,False,active_mapping,leap_combined_esto,,,,
11 Statistical discrepancy,06.05 Other hydrocarbons,False,active_mapping,leap_combined_esto,,,,
11 Statistical discrepancy,07.01 Motor gasoline,False,active_mapping,leap_combined_esto,,,,
11 Statistical discrepancy,07.02 Aviation gasoline,False,active_mapping,leap_combined_esto,,,,
11 Statistical discrepancy,07.03 Naphtha,False,active_mapping,leap_combined_esto,,,,
11 Statistical discrepancy,07.05 Kerosene type jet fuel,False,active_mapping,leap_combined_esto,,,,
11 Statistical discrepancy,07.06 Kerosene,False,active_mapping,leap_combined_esto,,,,
11 Statistical discrepancy,07.07 Gas/diesel oil,False,active_mapping,leap_combined_esto,,,,
11 Statistical discrepancy,07.08 Fuel oil,False,active_mapping,leap_combined_esto,,,,
11 Statistical discrepancy,07.09 LPG,False,active_mapping,leap_combined_esto,,,,
11 Statistical discrepancy,07.10 Refinery gas (not liquefied),False,active_mapping,leap_combined_esto,,,,
11 Statistical discrepancy,07.11 Ethane,False,active_mapping,leap_combined_esto,,,,
11 Statistical discrepancy,07.12 White spirit SBP,False,active_mapping,leap_combined_esto,,,,
11 Statistical discrepancy,07.13 Lubricants,False,active_mapping,leap_combined_esto,,,,
11 Statistical discrepancy,07.14 Bitumen,False,active_mapping,leap_combined_esto,,,,
11 Statistical discrepancy,07.15 Paraffin waxes,False,active_mapping,leap_combined_esto,,,,
11 Statistical discrepancy,07.16 Petroleum coke,False,active_mapping,leap_combined_esto,,,,
11 Statistical discrepancy,07.17 Other products,False,active_mapping,leap_combined_esto,,,,
11 Statistical discrepancy,08.01 Natural gas,False,active_mapping,leap_combined_esto,,,,
11 Statistical discrepancy,08.02 LNG,False,active_mapping,leap_combined_esto,,,,
11 Statistical discrepancy,08.03 Gas works gas,False,active_mapping,leap_combined_esto,,,,
11 Statistical discrepancy,09 Nuclear,False,active_mapping,leap_combined_esto,,,,
11 Statistical discrepancy,10 Hydro,False,active_mapping,leap_combined_esto,,,,
11 Statistical discrepancy,11 Geothermal,False,active_mapping,leap_combined_esto,,,,
11 Statistical discrepancy,12.01 of which: Photovoltaics,False,active_mapping,leap_combined_esto,,,,
11 Statistical discrepancy,14 Wind,False,active_mapping,leap_combined_esto,,,,
11 Statistical discrepancy,15.01 Fuelwood & woodwaste,False,active_mapping,leap_combined_esto,,,,
11 Statistical discrepancy,15.02 Bagasse,False,active_mapping,leap_combined_esto,,,,
11 Statistical discrepancy,15.03 Charcoal,False,active_mapping,leap_combined_esto,,,,
11 Statistical discrepancy,15.05 Other biomass,False,active_mapping,leap_combined_esto,,,,
11 Statistical discrepancy,16.01 Biogas,False,active_mapping,leap_combined_esto,,,,
11 Statistical discrepancy,16.02 Industrial waste,False,active_mapping,leap_combined_esto,,,,
11 Statistical discrepancy,16.03 Municipal solid waste (renewable),False,active_mapping,leap_combined_esto,,,,
11 Statistical discrepancy,16.04 Municipal solid waste (non-renewable),False,active_mapping,leap_combined_esto,,,,
11 Statistical discrepancy,16.05 Biogasoline,False,active_mapping,leap_combined_esto,,,,
11 Statistical discrepancy,16.06 Biodiesel,False,active_mapping,leap_combined_esto,,,,
11 Statistical discrepancy,16.09 Other sources,False,active_mapping,leap_combined_esto,,,,
11 Statistical discrepancy,17 Electricity,False,active_mapping,leap_combined_esto,,,,
11 Statistical discrepancy,18 Heat,False,active_mapping,leap_combined_esto,,,,
12 Total final consumption,01.01 Coking coal,False,active_mapping,leap_combined_esto|ninth_pairs_to_esto_pairs,,,,
12 Total final consumption,01.02 Other bituminous coal,False,active_mapping,leap_combined_esto|ninth_pairs_to_esto_pairs,,,,
12 Total final consumption,01.03 Sub-bituminous coal,False,active_mapping,leap_combined_esto|ninth_pairs_to_esto_pairs,,,,
12 Total final consumption,01.04 Anthracite,False,active_mapping,leap_combined_esto|ninth_pairs_to_esto_pairs,,,,
12 Total final consumption,01.05 Lignite,False,active_mapping,leap_combined_esto|ninth_pairs_to_esto_pairs,,,,
12 Total final consumption,01.99 Coal nonspecified,False,active_mapping,leap_combined_esto|ninth_pairs_to_esto_pairs,,,,
12 Total final consumption,02.01 Coke oven coke,False,active_mapping,leap_combined_esto|ninth_pairs_to_esto_pairs,,,,
12 Total final consumption,02.02 Gas coke,False,active_mapping,leap_combined_esto|ninth_pairs_to_esto_pairs,,,,
12 Total final consumption,02.03 Coke oven gas,False,active_mapping,leap_combined_esto|ninth_pairs_to_esto_pairs,,,,
12 Total final consumption,02.04 Blast furnace gas,False,active_mapping,leap_combined_esto|ninth_pairs_to_esto_pairs,,,,
12 Total final consumption,02.05 Other recovered gases,False,active_mapping,leap_combined_esto|ninth_pairs_to_esto_pairs,,,,
12 Total final consumption,02.06 Patent fuel,False,active_mapping,leap_combined_esto|ninth_pairs_to_esto_pairs,,,,
12 Total final consumption,02.07 Coal tar,False,active_mapping,leap_combined_esto|ninth_pairs_to_esto_pairs,,,,
12 Total final consumption,02.08 BKB/PB,False,active_mapping,leap_combined_esto|ninth_pairs_to_esto_pairs,,,,
12 Total final consumption,03 Peat,False,active_mapping,leap_combined_esto|ninth_pairs_to_esto_pairs,,,,
12 Total final consumption,04 Peat products,False,active_mapping,leap_combined_esto|ninth_pairs_to_esto_pairs,,,,
12 Total final consumption,06.01 Crude oil,False,active_mapping,leap_combined_esto|ninth_pairs_to_esto_pairs,,,,
12 Total final consumption,06.02 Natural gas liquids,False,active_mapping,leap_combined_esto|ninth_pairs_to_esto_pairs,,,,
12 Total final consumption,06.03 Refinery feedstocks,False,active_mapping,leap_combined_esto|ninth_pairs_to_esto_pairs,,,,
12 Total final consumption,06.04 Additives/ oxygenates,False,active_mapping,leap_combined_esto|ninth_pairs_to_esto_pairs,,,,
12 Total final consumption,06.05 Other hydrocarbons,False,active_mapping,leap_combined_esto,,,,
12 Total final consumption,07.01 Motor gasoline,False,active_mapping,leap_combined_esto|ninth_pairs_to_esto_pairs,,,,
12 Total final consumption,07.02 Aviation gasoline,False,active_mapping,leap_combined_esto|ninth_pairs_to_esto_pairs,,,,
12 Total final consumption,07.03 Naphtha,False,active_mapping,leap_combined_esto|ninth_pairs_to_esto_pairs,,,,
12 Total final consumption,07.04 Gasoline type jet fuel,False,active_mapping,leap_combined_esto|ninth_pairs_to_esto_pairs,,,,
12 Total final consumption,07.05 Kerosene type jet fuel,False,active_mapping,leap_combined_esto|ninth_pairs_to_esto_pairs,,,,
12 Total final consumption,07.06 Kerosene,False,active_mapping,leap_combined_esto|ninth_pairs_to_esto_pairs,,,,
12 Total final consumption,07.07 Gas/diesel oil,False,active_mapping,leap_combined_esto|ninth_pairs_to_esto_pairs,,,,
12 Total final consumption,07.08 Fuel oil,False,active_mapping,leap_combined_esto|ninth_pairs_to_esto_pairs,,,,
12 Total final consumption,07.09 LPG,False,active_mapping,leap_combined_esto|ninth_pairs_to_esto_pairs,,,,
12 Total final consumption,07.10 Refinery gas (not liquefied),False,active_mapping,leap_combined_esto|ninth_pairs_to_esto_pairs,,,,
12 Total final consumption,07.11 Ethane,False,active_mapping,leap_combined_esto|ninth_pairs_to_esto_pairs,,,,
12 Total final consumption,07.12 White spirit SBP,False,active_mapping,leap_combined_esto|ninth_pairs_to_esto_pairs,,,,
12 Total final consumption,07.13 Lubricants,False,active_mapping,leap_combined_esto|ninth_pairs_to_esto_pairs,,,,
12 Total final consumption,07.14 Bitumen,False,active_mapping,leap_combined_esto|ninth_pairs_to_esto_pairs,,,,
12 Total final consumption,07.15 Paraffin waxes,False,active_mapping,leap_combined_esto|ninth_pairs_to_esto_pairs,,,,
12 Total final consumption,07.16 Petroleum coke,False,active_mapping,leap_combined_esto|ninth_pairs_to_esto_pairs,,,,
12 Total final consumption,07.17 Other products,False,active_mapping,leap_combined_esto|ninth_pairs_to_esto_pairs,,,,
12 Total final consumption,07.99 PetProd nonspecified,False,active_mapping,leap_combined_esto|ninth_pairs_to_esto_pairs,,,,
12 Total final consumption,08.01 Natural gas,False,active_mapping,leap_combined_esto|ninth_pairs_to_esto_pairs,,,,
12 Total final consumption,08.02 LNG,False,active_mapping,leap_combined_esto|ninth_pairs_to_esto_pairs,,,,
12 Total final consumption,08.03 Gas works gas,False,active_mapping,leap_combined_esto|ninth_pairs_to_esto_pairs,,,,
12 Total final consumption,08.99 Gas nonspecified,False,active_mapping,leap_combined_esto|ninth_pairs_to_esto_pairs,,,,
12 Total final consumption,11 Geothermal,False,active_mapping,leap_combined_esto|ninth_pairs_to_esto_pairs,,,,
12 Total final consumption,12.99 Solar nonspecified,False,active_mapping,leap_combined_esto|ninth_pairs_to_esto_pairs,,,,
12 Total final consumption,15.01 Fuelwood & woodwaste,False,active_mapping,leap_combined_esto|ninth_pairs_to_esto_pairs,,,,
12 Total final consumption,15.02 Bagasse,False,active_mapping,leap_combined_esto|ninth_pairs_to_esto_pairs,,,,
12 Total final consumption,15.03 Charcoal,False,active_mapping,leap_combined_esto|ninth_pairs_to_esto_pairs,,,,
12 Total final consumption,15.04 Black liquor,False,active_mapping,leap_combined_esto|ninth_pairs_to_esto_pairs,,,,
12 Total final consumption,15.05 Other biomass,False,active_mapping,leap_combined_esto|ninth_pairs_to_esto_pairs,,,,
12 Total final consumption,16.01 Biogas,False,active_mapping,leap_combined_esto|ninth_pairs_to_esto_pairs,,,,
12 Total final consumption,16.02 Industrial waste,False,active_mapping,leap_combined_esto|ninth_pairs_to_esto_pairs,,,,
12 Total final consumption,16.03 Municipal solid waste (renewable),False,active_mapping,leap_combined_esto|ninth_pairs_to_esto_pairs,,,,
12 Total final consumption,16.04 Municipal solid waste (non-renewable),False,active_mapping,leap_combined_esto|ninth_pairs_to_esto_pairs,,,,
12 Total final consumption,16.05 Biogasoline,False,active_mapping,leap_combined_esto|ninth_pairs_to_esto_pairs,,,,
12 Total final consumption,16.06 Biodiesel,False,active_mapping,leap_combined_esto|ninth_pairs_to_esto_pairs,,,,
12 Total final consumption,16.07 Bio jet kerosene,False,active_mapping,leap_combined_esto|ninth_pairs_to_esto_pairs,,,,
12 Total final consumption,16.08 Other liquid biofuels,False,active_mapping,leap_combined_esto|ninth_pairs_to_esto_pairs,,,,
12 Total final consumption,16.09 Other sources,False,active_mapping,leap_combined_esto|ninth_pairs_to_esto_pairs,,,,
12 Total final consumption,16.10 Ammonia,False,active_mapping,leap_combined_esto|ninth_pairs_to_esto_pairs,,,,
12 Total final consumption,16.11 E-fuel,False,active_mapping,leap_combined_esto|ninth_pairs_to_esto_pairs,,,,
12 Total final consumption,16.12 Hydrogen,False,active_mapping,leap_combined_esto|ninth_pairs_to_esto_pairs,,,,
12 Total final consumption,17 Electricity,False,active_mapping,leap_combined_esto|ninth_pairs_to_esto_pairs,,,,
12 Total final consumption,18 Heat,False,active_mapping,leap_combined_esto|ninth_pairs_to_esto_pairs,,,,
13 Total final energy consumption,01.01 Coking coal,False,active_mapping,leap_combined_esto|ninth_pairs_to_esto_pairs,,,,
13 Total final energy consumption,01.02 Other bituminous coal,False,active_mapping,leap_combined_esto|ninth_pairs_to_esto_pairs,,,,
13 Total final energy consumption,01.03 Sub-bituminous coal,False,active_mapping,leap_combined_esto|ninth_pairs_to_esto_pairs,,,,
13 Total final energy consumption,01.04 Anthracite,False,active_mapping,leap_combined_esto|ninth_pairs_to_esto_pairs,,,,
13 Total final energy consumption,01.05 Lignite,False,active_mapping,leap_combined_esto|ninth_pairs_to_esto_pairs,,,,
13 Total final energy consumption,01.99 Coal nonspecified,False,active_mapping,leap_combined_esto|ninth_pairs_to_esto_pairs,,,,
13 Total final energy consumption,02.01 Coke oven coke,False,active_mapping,leap_combined_esto|ninth_pairs_to_esto_pairs,,,,
13 Total final energy consumption,02.02 Gas coke,False,active_mapping,leap_combined_esto|ninth_pairs_to_esto_pairs,,,,
13 Total final energy consumption,02.03 Coke oven gas,False,active_mapping,leap_combined_esto|ninth_pairs_to_esto_pairs,,,,
13 Total final energy consumption,02.04 Blast furnace gas,False,active_mapping,leap_combined_esto|ninth_pairs_to_esto_pairs,,,,
13 Total final energy consumption,02.05 Other recovered gases,False,active_mapping,leap_combined_esto|ninth_pairs_to_esto_pairs,,,,
13 Total final energy consumption,02.06 Patent fuel,False,active_mapping,leap_combined_esto|ninth_pairs_to_esto_pairs,,,,
13 Total final energy consumption,02.07 Coal tar,False,active_mapping,leap_combined_esto|ninth_pairs_to_esto_pairs,,,,
13 Total final energy consumption,02.08 BKB/PB,False,active_mapping,leap_combined_esto|ninth_pairs_to_esto_pairs,,,,
13 Total final energy consumption,03 Peat,False,active_mapping,leap_combined_esto|ninth_pairs_to_esto_pairs,,,,
13 Total final energy consumption,04 Peat products,False,active_mapping,leap_combined_esto|ninth_pairs_to_esto_pairs,,,,
13 Total final energy consumption,06.01 Crude oil,False,active_mapping,leap_combined_esto|ninth_pairs_to_esto_pairs,,,,
13 Total final energy consumption,06.03 Refinery feedstocks,False,active_mapping,leap_combined_esto,,,,
13 Total final energy consumption,07.01 Motor gasoline,False,active_mapping,leap_combined_esto|ninth_pairs_to_esto_pairs,,,,
13 Total final energy consumption,07.02 Aviation gasoline,False,active_mapping,leap_combined_esto|ninth_pairs_to_esto_pairs,,,,
13 Total final energy consumption,07.03 Naphtha,False,active_mapping,leap_combined_esto|ninth_pairs_to_esto_pairs,,,,
13 Total final energy consumption,07.04 Gasoline type jet fuel,False,active_mapping,leap_combined_esto|ninth_pairs_to_esto_pairs,,,,
13 Total final energy consumption,07.05 Kerosene type jet fuel,False,active_mapping,leap_combined_esto|ninth_pairs_to_esto_pairs,,,,
13 Total final energy consumption,07.06 Kerosene,False,active_mapping,leap_combined_esto|ninth_pairs_to_esto_pairs,,,,
13 Total final energy consumption,07.07 Gas/diesel oil,False,active_mapping,leap_combined_esto|ninth_pairs_to_esto_pairs,,,,
13 Total final energy consumption,07.08 Fuel oil,False,active_mapping,leap_combined_esto|ninth_pairs_to_esto_pairs,,,,
13 Total final energy consumption,07.09 LPG,False,active_mapping,leap_combined_esto|ninth_pairs_to_esto_pairs,,,,
13 Total final energy consumption,07.10 Refinery gas (not liquefied),False,active_mapping,leap_combined_esto|ninth_pairs_to_esto_pairs,,,,
13 Total final energy consumption,07.11 Ethane,False,active_mapping,leap_combined_esto|ninth_pairs_to_esto_pairs,,,,
13 Total final energy consumption,07.12 White spirit SBP,False,active_mapping,leap_combined_esto|ninth_pairs_to_esto_pairs,,,,
13 Total final energy consumption,07.13 Lubricants,False,active_mapping,leap_combined_esto|ninth_pairs_to_esto_pairs,,,,
13 Total final energy consumption,07.14 Bitumen,False,active_mapping,leap_combined_esto|ninth_pairs_to_esto_pairs,,,,
13 Total final energy consumption,07.15 Paraffin waxes,False,active_mapping,leap_combined_esto|ninth_pairs_to_esto_pairs,,,,
13 Total final energy consumption,07.16 Petroleum coke,False,active_mapping,leap_combined_esto|ninth_pairs_to_esto_pairs,,,,
13 Total final energy consumption,07.17 Other products,False,active_mapping,leap_combined_esto|ninth_pairs_to_esto_pairs,,,,
13 Total final energy consumption,07.99 PetProd nonspecified,False,active_mapping,leap_combined_esto|ninth_pairs_to_esto_pairs,,,,
13 Total final energy consumption,08.01 Natural gas,False,active_mapping,leap_combined_esto|ninth_pairs_to_esto_pairs,,,,
13 Total final energy consumption,08.02 LNG,False,active_mapping,leap_combined_esto|ninth_pairs_to_esto_pairs,,,,
13 Total final energy consumption,08.03 Gas works gas,False,active_mapping,leap_combined_esto|ninth_pairs_to_esto_pairs,,,,
13 Total final energy consumption,08.99 Gas nonspecified,False,active_mapping,leap_combined_esto|ninth_pairs_to_esto_pairs,,,,
13 Total final energy consumption,11 Geothermal,False,active_mapping,leap_combined_esto|ninth_pairs_to_esto_pairs,,,,
13 Total final energy consumption,12.99 Solar nonspecified,False,active_mapping,leap_combined_esto|ninth_pairs_to_esto_pairs,,,,
13 Total final energy consumption,15.01 Fuelwood & woodwaste,False,active_mapping,leap_combined_esto|ninth_pairs_to_esto_pairs,,,,
13 Total final energy consumption,15.02 Bagasse,False,active_mapping,leap_combined_esto|ninth_pairs_to_esto_pairs,,,,
13 Total final energy consumption,15.03 Charcoal,False,active_mapping,leap_combined_esto|ninth_pairs_to_esto_pairs,,,,
13 Total final energy consumption,15.04 Black liquor,False,active_mapping,leap_combined_esto|ninth_pairs_to_esto_pairs,,,,
13 Total final energy consumption,15.05 Other biomass,False,active_mapping,leap_combined_esto|ninth_pairs_to_esto_pairs,,,,
13 Total final energy consumption,16.01 Biogas,False,active_mapping,leap_combined_esto|ninth_pairs_to_esto_pairs,,,,
13 Total final energy consumption,16.02 Industrial waste,False,active_mapping,leap_combined_esto|ninth_pairs_to_esto_pairs,,,,
13 Total final energy consumption,16.03 Municipal solid waste (renewable),False,active_mapping,leap_combined_esto|ninth_pairs_to_esto_pairs,,,,
13 Total final energy consumption,16.04 Municipal solid waste (non-renewable),False,active_mapping,leap_combined_esto|ninth_pairs_to_esto_pairs,,,,
13 Total final energy consumption,16.05 Biogasoline,False,active_mapping,leap_combined_esto|ninth_pairs_to_esto_pairs,,,,
13 Total final energy consumption,16.06 Biodiesel,False,active_mapping,leap_combined_esto|ninth_pairs_to_esto_pairs,,,,
13 Total final energy consumption,16.07 Bio jet kerosene,False,active_mapping,leap_combined_esto|ninth_pairs_to_esto_pairs,,,,
13 Total final energy consumption,16.08 Other liquid biofuels,False,active_mapping,leap_combined_esto|ninth_pairs_to_esto_pairs,,,,
13 Total final energy consumption,16.09 Other sources,False,active_mapping,leap_combined_esto|ninth_pairs_to_esto_pairs,,,,
13 Total final energy consumption,16.10 Ammonia,False,active_mapping,leap_combined_esto|ninth_pairs_to_esto_pairs,,,,
13 Total final energy consumption,16.11 E-fuel,False,active_mapping,leap_combined_esto|ninth_pairs_to_esto_pairs,,,,
13 Total final energy consumption,16.12 Hydrogen,False,active_mapping,leap_combined_esto|ninth_pairs_to_esto_pairs,,,,
13 Total final energy consumption,17 Electricity,False,active_mapping,leap_combined_esto|ninth_pairs_to_esto_pairs,,,,
13 Total final energy consumption,18 Heat,False,active_mapping,leap_combined_esto|ninth_pairs_to_esto_pairs,,,,
14 Industry sector,01.01 Coking coal,True,active_mapping,leap_combined_esto|ninth_pairs_to_esto_pairs,,,,
14 Industry sector,01.02 Other bituminous coal,True,active_mapping,leap_combined_esto|ninth_pairs_to_esto_pairs,,,,
14 Industry sector,01.03 Sub-bituminous coal,True,active_mapping,leap_combined_esto|ninth_pairs_to_esto_pairs,,,,
14 Industry sector,01.04 Anthracite,True,active_mapping,leap_combined_esto|ninth_pairs_to_esto_pairs,,,,
14 Industry sector,01.05 Lignite,True,active_mapping,leap_combined_esto|ninth_pairs_to_esto_pairs,,,,
14 Industry sector,01.99 Coal nonspecified,True,active_mapping,leap_combined_esto|ninth_pairs_to_esto_pairs,,,,
14 Industry sector,02.01 Coke oven coke,True,active_mapping,leap_combined_esto|ninth_pairs_to_esto_pairs,,,,
14 Industry sector,02.02 Gas coke,True,active_mapping,leap_combined_esto|ninth_pairs_to_esto_pairs,,,,
14 Industry sector,02.03 Coke oven gas,True,active_mapping,leap_combined_esto|ninth_pairs_to_esto_pairs,,,,
14 Industry sector,02.04 Blast furnace gas,True,active_mapping,leap_combined_esto|ninth_pairs_to_esto_pairs,,,,
14 Industry sector,02.05 Other recovered gases,True,active_mapping,leap_combined_esto|ninth_pairs_to_esto_pairs,,,,
14 Industry sector,02.06 Patent fuel,True,active_mapping,leap_combined_esto|ninth_pairs_to_esto_pairs,,,,
14 Industry sector,02.07 Coal tar,True,active_mapping,leap_combined_esto|ninth_pairs_to_esto_pairs,,,,
14 Industry sector,02.08 BKB/PB,True,active_mapping,leap_combined_esto|ninth_pairs_to_esto_pairs,,,,
14 Industry sector,06.01 Crude oil,True,active_mapping,leap_combined_esto|ninth_pairs_to_esto_pairs,,,,
14 Industry sector,06.03 Refinery feedstocks,True,active_mapping,leap_combined_esto,,,,
14 Industry sector,07.01 Motor gasoline,True,active_mapping,leap_combined_esto|ninth_pairs_to_esto_pairs,,,,
14 Industry sector,07.02 Aviation gasoline,True,active_mapping,leap_combined_esto|ninth_pairs_to_esto_pairs,,,,
14 Industry sector,07.03 Naphtha,True,active_mapping,leap_combined_esto|ninth_pairs_to_esto_pairs,,,,
14 Industry sector,07.04 Gasoline type jet fuel,True,active_mapping,leap_combined_esto|ninth_pairs_to_esto_pairs,,,,
14 Industry sector,07.05 Kerosene type jet fuel,True,active_mapping,leap_combined_esto|ninth_pairs_to_esto_pairs,,,,
14 Industry sector,07.06 Kerosene,True,active_mapping,leap_combined_esto|ninth_pairs_to_esto_pairs,,,,
14 Industry sector,07.07 Gas/diesel oil,True,active_mapping,leap_combined_esto|ninth_pairs_to_esto_pairs,,,,
14 Industry sector,07.08 Fuel oil,True,active_mapping,leap_combined_esto|ninth_pairs_to_esto_pairs,,,,
14 Industry sector,07.09 LPG,True,active_mapping,leap_combined_esto|ninth_pairs_to_esto_pairs,,,,
14 Industry sector,07.10 Refinery gas (not liquefied),True,active_mapping,leap_combined_esto|ninth_pairs_to_esto_pairs,,,,
14 Industry sector,07.11 Ethane,True,active_mapping,leap_combined_esto|ninth_pairs_to_esto_pairs,,,,
14 Industry sector,07.12 White spirit SBP,True,active_mapping,leap_combined_esto|ninth_pairs_to_esto_pairs,,,,
14 Industry sector,07.13 Lubricants,True,active_mapping,leap_combined_esto|ninth_pairs_to_esto_pairs,,,,
14 Industry sector,07.14 Bitumen,True,active_mapping,leap_combined_esto|ninth_pairs_to_esto_pairs,,,,
14 Industry sector,07.15 Paraffin waxes,True,active_mapping,leap_combined_esto|ninth_pairs_to_esto_pairs,,,,
14 Industry sector,07.16 Petroleum coke,True,active_mapping,leap_combined_esto|ninth_pairs_to_esto_pairs,,,,
14 Industry sector,07.17 Other products,True,active_mapping,leap_combined_esto|ninth_pairs_to_esto_pairs,,,,
14 Industry sector,07.99 PetProd nonspecified,True,active_mapping,leap_combined_esto|ninth_pairs_to_esto_pairs,,,,
14 Industry sector,08.01 Natural gas,True,active_mapping,leap_combined_esto|ninth_pairs_to_esto_pairs,,,,
14 Industry sector,08.03 Gas works gas,True,active_mapping,leap_combined_esto|ninth_pairs_to_esto_pairs,,,,
14 Industry sector,08.99 Gas nonspecified,True,active_mapping,leap_combined_esto|ninth_pairs_to_esto_pairs,,,,
14 Industry sector,11 Geothermal,True,active_mapping,leap_combined_esto|ninth_pairs_to_esto_pairs,,,,
14 Industry sector,12.99 Solar nonspecified,True,active_mapping,leap_combined_esto,,,,
14 Industry sector,15.01 Fuelwood & woodwaste,True,active_mapping,leap_combined_esto|ninth_pairs_to_esto_pairs,,,,
14 Industry sector,15.02 Bagasse,True,active_mapping,leap_combined_esto|ninth_pairs_to_esto_pairs,,,,
14 Industry sector,15.03 Charcoal,True,active_mapping,leap_combined_esto|ninth_pairs_to_esto_pairs,,,,
14 Industry sector,15.04 Black liquor,True,active_mapping,leap_combined_esto|ninth_pairs_to_esto_pairs,,,,
14 Industry sector,15.05 Other biomass,True,active_mapping,leap_combined_esto|ninth_pairs_to_esto_pairs,,,,
14 Industry sector,16.01 Biogas,True,active_mapping,leap_combined_esto|ninth_pairs_to_esto_pairs,,,,
14 Industry sector,16.02 Industrial waste,True,active_mapping,leap_combined_esto|ninth_pairs_to_esto_pairs,,,,
14 Industry sector,16.03 Municipal solid waste (renewable),True,active_mapping,leap_combined_esto|ninth_pairs_to_esto_pairs,,,,
14 Industry sector,16.04 Municipal solid waste (non-renewable),True,active_mapping,leap_combined_esto|ninth_pairs_to_esto_pairs,,,,
14 Industry sector,16.05 Biogasoline,True,active_mapping,leap_combined_esto|ninth_pairs_to_esto_pairs,,,,
14 Industry sector,16.06 Biodiesel,True,active_mapping,leap_combined_esto|ninth_pairs_to_esto_pairs,,,,
14 Industry sector,16.07 Bio jet kerosene,True,active_mapping,leap_combined_esto|ninth_pairs_to_esto_pairs,,,,
14 Industry sector,16.08 Other liquid biofuels,True,active_mapping,leap_combined_esto|ninth_pairs_to_esto_pairs,,,,
14 Industry sector,16.09 Other sources,True,active_mapping,leap_combined_esto|ninth_pairs_to_esto_pairs,,,,
14 Industry sector,16.12 Hydrogen,True,active_mapping,leap_combined_esto|ninth_pairs_to_esto_pairs,,,,
14 Industry sector,17 Electricity,True,active_mapping,leap_combined_esto|ninth_pairs_to_esto_pairs,,,,
14 Industry sector,18 Heat,True,active_mapping,leap_combined_esto|ninth_pairs_to_esto_pairs,,,,
14.01 Mining and quarrying,01.02 Other bituminous coal,False,active_mapping,leap_combined_esto|ninth_pairs_to_esto_pairs,14 Industry sector,,,
14.01 Mining and quarrying,01.03 Sub-bituminous coal,False,active_mapping,leap_combined_esto|ninth_pairs_to_esto_pairs,14 Industry sector,,,
14.01 Mining and quarrying,01.04 Anthracite,False,active_mapping,leap_combined_esto|ninth_pairs_to_esto_pairs,14 Industry sector,,,
14.01 Mining and quarrying,01.05 Lignite,False,active_mapping,leap_combined_esto|ninth_pairs_to_esto_pairs,14 Industry sector,,,
14.01 Mining and quarrying,02.01 Coke oven coke,False,active_mapping,leap_combined_esto|ninth_pairs_to_esto_pairs,14 Industry sector,,,
14.01 Mining and quarrying,02.02 Gas coke,False,active_mapping,leap_combined_esto|ninth_pairs_to_esto_pairs,14 Industry sector,,,
14.01 Mining and quarrying,02.03 Coke oven gas,False,active_mapping,leap_combined_esto|ninth_pairs_to_esto_pairs,14 Industry sector,,,
14.01 Mining and quarrying,02.04 Blast furnace gas,False,active_mapping,leap_combined_esto|ninth_pairs_to_esto_pairs,14 Industry sector,,,
14.01 Mining and quarrying,02.05 Other recovered gases,False,active_mapping,leap_combined_esto|ninth_pairs_to_esto_pairs,14 Industry sector,,,
14.01 Mining and quarrying,02.06 Patent fuel,False,active_mapping,leap_combined_esto|ninth_pairs_to_esto_pairs,14 Industry sector,,,
14.01 Mining and quarrying,02.07 Coal tar,False,active_mapping,leap_combined_esto|ninth_pairs_to_esto_pairs,14 Industry sector,,,
14.01 Mining and quarrying,02.08 BKB/PB,False,active_mapping,leap_combined_esto|ninth_pairs_to_esto_pairs,14 Industry sector,,,
14.01 Mining and quarrying,06.01 Crude oil,False,active_mapping,leap_combined_esto|ninth_pairs_to_esto_pairs,14 Industry sector,,,
14.01 Mining and quarrying,07.01 Motor gasoline,False,active_mapping,leap_combined_esto|ninth_pairs_to_esto_pairs,14 Industry sector,,,
14.01 Mining and quarrying,07.04 Gasoline type jet fuel,False,active_mapping,leap_combined_esto|ninth_pairs_to_esto_pairs,14 Industry sector,,,
14.01 Mining and quarrying,07.05 Kerosene type jet fuel,False,active_mapping,leap_combined_esto|ninth_pairs_to_esto_pairs,14 Industry sector,,,
14.01 Mining and quarrying,07.06 Kerosene,False,active_mapping,leap_combined_esto|ninth_pairs_to_esto_pairs,14 Industry sector,,,
14.01 Mining and quarrying,07.07 Gas/diesel oil,False,active_mapping,leap_combined_esto|ninth_pairs_to_esto_pairs,14 Industry sector,,,
14.01 Mining and quarrying,07.08 Fuel oil,False,active_mapping,leap_combined_esto|ninth_pairs_to_esto_pairs,14 Industry sector,,,
14.01 Mining and quarrying,07.09 LPG,False,active_mapping,leap_combined_esto|ninth_pairs_to_esto_pairs,14 Industry sector,,,
14.01 Mining and quarrying,07.16 Petroleum coke,False,active_mapping,leap_combined_esto|ninth_pairs_to_esto_pairs,14 Industry sector,,,
14.01 Mining and quarrying,07.17 Other products,False,active_mapping,leap_combined_esto|ninth_pairs_to_esto_pairs,14 Industry sector,,,
14.01 Mining and quarrying,07.99 PetProd nonspecified,False,active_mapping,leap_combined_esto|ninth_pairs_to_esto_pairs,14 Industry sector,,,
14.01 Mining and quarrying,08.01 Natural gas,False,active_mapping,leap_combined_esto|ninth_pairs_to_esto_pairs,14 Industry sector,,,
14.01 Mining and quarrying,08.03 Gas works gas,False,active_mapping,leap_combined_esto|ninth_pairs_to_esto_pairs,14 Industry sector,,,
14.01 Mining and quarrying,12.99 Solar nonspecified,False,active_mapping,leap_combined_esto|ninth_pairs_to_esto_pairs,14 Industry sector,,,
14.01 Mining and quarrying,15.01 Fuelwood & woodwaste,False,active_mapping,leap_combined_esto|ninth_pairs_to_esto_pairs,14 Industry sector,,,
14.01 Mining and quarrying,15.02 Bagasse,False,active_mapping,leap_combined_esto|ninth_pairs_to_esto_pairs,14 Industry sector,,,
14.01 Mining and quarrying,15.03 Charcoal,False,active_mapping,leap_combined_esto|ninth_pairs_to_esto_pairs,14 Industry sector,,,
14.01 Mining and quarrying,15.04 Black liquor,False,active_mapping,leap_combined_esto|ninth_pairs_to_esto_pairs,14 Industry sector,,,
14.01 Mining and quarrying,15.05 Other biomass,False,active_mapping,leap_combined_esto|ninth_pairs_to_esto_pairs,14 Industry sector,,,
14.01 Mining and quarrying,16.01 Biogas,False,active_mapping,leap_combined_esto|ninth_pairs_to_esto_pairs,14 Industry sector,,,
14.01 Mining and quarrying,16.02 Industrial waste,False,active_mapping,leap_combined_esto|ninth_pairs_to_esto_pairs,14 Industry sector,,,
14.01 Mining and quarrying,16.03 Municipal solid waste (renewable),False,active_mapping,leap_combined_esto|ninth_pairs_to_esto_pairs,14 Industry sector,,,
14.01 Mining and quarrying,16.04 Municipal solid waste (non-renewable),False,active_mapping,leap_combined_esto|ninth_pairs_to_esto_pairs,14 Industry sector,,,
14.01 Mining and quarrying,16.05 Biogasoline,False,active_mapping,leap_combined_esto|ninth_pairs_to_esto_pairs,14 Industry sector,,,
14.01 Mining and quarrying,16.06 Biodiesel,False,active_mapping,leap_combined_esto|ninth_pairs_to_esto_pairs,14 Industry sector,,,
14.01 Mining and quarrying,16.07 Bio jet kerosene,False,active_mapping,leap_combined_esto|ninth_pairs_to_esto_pairs,14 Industry sector,,,
14.01 Mining and quarrying,16.08 Other liquid biofuels,False,active_mapping,leap_combined_esto|ninth_pairs_to_esto_pairs,14 Industry sector,,,
14.01 Mining and quarrying,16.09 Other sources,False,active_mapping,leap_combined_esto|ninth_pairs_to_esto_pairs,14 Industry sector,,,
14.01 Mining and quarrying,16.12 Hydrogen,False,active_mapping,leap_combined_esto|ninth_pairs_to_esto_pairs,14 Industry sector,,,
14.01 Mining and quarrying,17 Electricity,False,active_mapping,leap_combined_esto|ninth_pairs_to_esto_pairs,14 Industry sector,,,
14.01 Mining and quarrying,18 Heat,False,active_mapping,leap_combined_esto|ninth_pairs_to_esto_pairs,14 Industry sector,,,
14.02 Construction,01.02 Other bituminous coal,False,active_mapping,leap_combined_esto|ninth_pairs_to_esto_pairs,14 Industry sector,,,
14.02 Construction,01.03 Sub-bituminous coal,False,active_mapping,leap_combined_esto|ninth_pairs_to_esto_pairs,14 Industry sector,,,
14.02 Construction,01.04 Anthracite,False,active_mapping,leap_combined_esto|ninth_pairs_to_esto_pairs,14 Industry sector,,,
14.02 Construction,01.05 Lignite,False,active_mapping,leap_combined_esto|ninth_pairs_to_esto_pairs,14 Industry sector,,,
14.02 Construction,02.01 Coke oven coke,False,active_mapping,leap_combined_esto|ninth_pairs_to_esto_pairs,14 Industry sector,,,
14.02 Construction,02.02 Gas coke,False,active_mapping,leap_combined_esto|ninth_pairs_to_esto_pairs,14 Industry sector,,,
14.02 Construction,02.03 Coke oven gas,False,active_mapping,leap_combined_esto|ninth_pairs_to_esto_pairs,14 Industry sector,,,
14.02 Construction,02.04 Blast furnace gas,False,active_mapping,leap_combined_esto|ninth_pairs_to_esto_pairs,14 Industry sector,,,
14.02 Construction,02.05 Other recovered gases,False,active_mapping,leap_combined_esto|ninth_pairs_to_esto_pairs,14 Industry sector,,,
14.02 Construction,02.06 Patent fuel,False,active_mapping,leap_combined_esto|ninth_pairs_to_esto_pairs,14 Industry sector,,,
14.02 Construction,02.07 Coal tar,False,active_mapping,leap_combined_esto|ninth_pairs_to_esto_pairs,14 Industry sector,,,
14.02 Construction,02.08 BKB/PB,False,active_mapping,leap_combined_esto|ninth_pairs_to_esto_pairs,14 Industry sector,,,
14.02 Construction,07.01 Motor gasoline,False,active_mapping,leap_combined_esto|ninth_pairs_to_esto_pairs,14 Industry sector,,,
14.02 Construction,07.02 Aviation gasoline,False,active_mapping,leap_combined_esto|ninth_pairs_to_esto_pairs,14 Industry sector,,,
14.02 Construction,07.04 Gasoline type jet fuel,False,active_mapping,leap_combined_esto|ninth_pairs_to_esto_pairs,14 Industry sector,,,
14.02 Construction,07.05 Kerosene type jet fuel,False,active_mapping,leap_combined_esto|ninth_pairs_to_esto_pairs,14 Industry sector,,,
14.02 Construction,07.06 Kerosene,False,active_mapping,leap_combined_esto|ninth_pairs_to_esto_pairs,14 Industry sector,,,
14.02 Construction,07.07 Gas/diesel oil,False,active_mapping,leap_combined_esto|ninth_pairs_to_esto_pairs,14 Industry sector,,,
14.02 Construction,07.08 Fuel oil,False,active_mapping,leap_combined_esto|ninth_pairs_to_esto_pairs,14 Industry sector,,,
14.02 Construction,07.09 LPG,False,active_mapping,leap_combined_esto|ninth_pairs_to_esto_pairs,14 Industry sector,,,
14.02 Construction,07.17 Other products,False,active_mapping,leap_combined_esto|ninth_pairs_to_esto_pairs,14 Industry sector,,,
14.02 Construction,07.99 PetProd nonspecified,False,active_mapping,leap_combined_esto|ninth_pairs_to_esto_pairs,14 Industry sector,,,
14.02 Construction,08.01 Natural gas,False,active_mapping,leap_combined_esto|ninth_pairs_to_esto_pairs,14 Industry sector,,,
14.02 Construction,15.01 Fuelwood & woodwaste,False,active_mapping,leap_combined_esto|ninth_pairs_to_esto_pairs,14 Industry sector,,,
14.02 Construction,15.02 Bagasse,False,active_mapping,leap_combined_esto|ninth_pairs_to_esto_pairs,14 Industry sector,,,
14.02 Construction,15.03 Charcoal,False,active_mapping,leap_combined_esto|ninth_pairs_to_esto_pairs,14 Industry sector,,,
14.02 Construction,15.04 Black liquor,False,active_mapping,leap_combined_esto|ninth_pairs_to_esto_pairs,14 Industry sector,,,
14.02 Construction,15.05 Other biomass,False,active_mapping,leap_combined_esto|ninth_pairs_to_esto_pairs,14 Industry sector,,,
14.02 Construction,16.01 Biogas,False,active_mapping,leap_combined_esto|ninth_pairs_to_esto_pairs,14 Industry sector,,,
14.02 Construction,16.02 Industrial waste,False,active_mapping,leap_combined_esto|ninth_pairs_to_esto_pairs,14 Industry sector,,,
14.02 Construction,16.03 Municipal solid waste (renewable),False,active_mapping,leap_combined_esto|ninth_pairs_to_esto_pairs,14 Industry sector,,,
14.02 Construction,16.04 Municipal solid waste (non-renewable),False,active_mapping,leap_combined_esto|ninth_pairs_to_esto_pairs,14 Industry sector,,,
14.02 Construction,16.05 Biogasoline,False,active_mapping,leap_combined_esto|ninth_pairs_to_esto_pairs,14 Industry sector,,,
14.02 Construction,16.06 Biodiesel,False,active_mapping,leap_combined_esto|ninth_pairs_to_esto_pairs,14 Industry sector,,,
14.02 Construction,16.07 Bio jet kerosene,False,active_mapping,leap_combined_esto|ninth_pairs_to_esto_pairs,14 Industry sector,,,
14.02 Construction,16.08 Other liquid biofuels,False,active_mapping,leap_combined_esto|ninth_pairs_to_esto_pairs,14 Industry sector,,,
14.02 Construction,16.09 Other sources,False,active_mapping,leap_combined_esto|ninth_pairs_to_esto_pairs,14 Industry sector,,,
14.02 Construction,17 Electricity,False,active_mapping,leap_combined_esto|ninth_pairs_to_esto_pairs,14 Industry sector,,,
14.02 Construction,18 Heat,False,active_mapping,leap_combined_esto|ninth_pairs_to_esto_pairs,14 Industry sector,,,
14.03 Manufacturing,01.01 Coking coal,True,active_mapping,leap_combined_esto|ninth_pairs_to_esto_pairs,14 Industry sector,,,
14.03 Manufacturing,01.02 Other bituminous coal,True,active_mapping,leap_combined_esto|ninth_pairs_to_esto_pairs,14 Industry sector,,,
14.03 Manufacturing,01.03 Sub-bituminous coal,True,active_mapping,leap_combined_esto|ninth_pairs_to_esto_pairs,14 Industry sector,,,
14.03 Manufacturing,01.04 Anthracite,True,active_mapping,leap_combined_esto|ninth_pairs_to_esto_pairs,14 Industry sector,,,
14.03 Manufacturing,01.05 Lignite,True,active_mapping,leap_combined_esto|ninth_pairs_to_esto_pairs,14 Industry sector,,,
14.03 Manufacturing,01.99 Coal nonspecified,True,active_mapping,leap_combined_esto|ninth_pairs_to_esto_pairs,14 Industry sector,,,
14.03 Manufacturing,02.01 Coke oven coke,True,active_mapping,leap_combined_esto|ninth_pairs_to_esto_pairs,14 Industry sector,,,
14.03 Manufacturing,02.02 Gas coke,True,active_mapping,leap_combined_esto|ninth_pairs_to_esto_pairs,14 Industry sector,,,
14.03 Manufacturing,02.03 Coke oven gas,True,active_mapping,leap_combined_esto|ninth_pairs_to_esto_pairs,14 Industry sector,,,
14.03 Manufacturing,02.04 Blast furnace gas,True,active_mapping,leap_combined_esto|ninth_pairs_to_esto_pairs,14 Industry sector,,,
14.03 Manufacturing,02.05 Other recovered gases,True,active_mapping,leap_combined_esto|ninth_pairs_to_esto_pairs,14 Industry sector,,,
14.03 Manufacturing,02.06 Patent fuel,True,active_mapping,leap_combined_esto|ninth_pairs_to_esto_pairs,14 Industry sector,,,
14.03 Manufacturing,02.07 Coal tar,True,active_mapping,leap_combined_esto|ninth_pairs_to_esto_pairs,14 Industry sector,,,
14.03 Manufacturing,02.08 BKB/PB,True,active_mapping,leap_combined_esto|ninth_pairs_to_esto_pairs,14 Industry sector,,,
14.03 Manufacturing,06.01 Crude oil,True,active_mapping,leap_combined_esto|ninth_pairs_to_esto_pairs,14 Industry sector,,,
14.03 Manufacturing,06.03 Refinery feedstocks,True,active_mapping,leap_combined_esto,14 Industry sector,,,
14.03 Manufacturing,07.01 Motor gasoline,True,active_mapping,leap_combined_esto|ninth_pairs_to_esto_pairs,14 Industry sector,,,
14.03 Manufacturing,07.02 Aviation gasoline,True,active_mapping,leap_combined_esto|ninth_pairs_to_esto_pairs,14 Industry sector,,,
14.03 Manufacturing,07.03 Naphtha,True,active_mapping,leap_combined_esto|ninth_pairs_to_esto_pairs,14 Industry sector,,,
14.03 Manufacturing,07.04 Gasoline type jet fuel,True,active_mapping,leap_combined_esto|ninth_pairs_to_esto_pairs,14 Industry sector,,,
14.03 Manufacturing,07.05 Kerosene type jet fuel,True,active_mapping,leap_combined_esto|ninth_pairs_to_esto_pairs,14 Industry sector,,,
14.03 Manufacturing,07.06 Kerosene,True,active_mapping,leap_combined_esto|ninth_pairs_to_esto_pairs,14 Industry sector,,,
14.03 Manufacturing,07.07 Gas/diesel oil,True,active_mapping,leap_combined_esto|ninth_pairs_to_esto_pairs,14 Industry sector,,,
14.03 Manufacturing,07.08 Fuel oil,True,active_mapping,leap_combined_esto|ninth_pairs_to_esto_pairs,14 Industry sector,,,
14.03 Manufacturing,07.09 LPG,True,active_mapping,leap_combined_esto|ninth_pairs_to_esto_pairs,14 Industry sector,,,
14.03 Manufacturing,07.10 Refinery gas (not liquefied),True,active_mapping,leap_combined_esto|ninth_pairs_to_esto_pairs,14 Industry sector,,,
14.03 Manufacturing,07.11 Ethane,True,active_mapping,leap_combined_esto|ninth_pairs_to_esto_pairs,14 Industry sector,,,
14.03 Manufacturing,07.12 White spirit SBP,True,active_mapping,leap_combined_esto|ninth_pairs_to_esto_pairs,14 Industry sector,,,
14.03 Manufacturing,07.13 Lubricants,True,active_mapping,leap_combined_esto|ninth_pairs_to_esto_pairs,14 Industry sector,,,
14.03 Manufacturing,07.14 Bitumen,True,active_mapping,leap_combined_esto|ninth_pairs_to_esto_pairs,14 Industry sector,,,
14.03 Manufacturing,07.15 Paraffin waxes,True,active_mapping,leap_combined_esto|ninth_pairs_to_esto_pairs,14 Industry sector,,,
14.03 Manufacturing,07.16 Petroleum coke,True,active_mapping,leap_combined_esto|ninth_pairs_to_esto_pairs,14 Industry sector,,,
14.03 Manufacturing,07.17 Other products,True,active_mapping,leap_combined_esto|ninth_pairs_to_esto_pairs,14 Industry sector,,,
14.03 Manufacturing,07.99 PetProd nonspecified,True,active_mapping,leap_combined_esto|ninth_pairs_to_esto_pairs,14 Industry sector,,,
14.03 Manufacturing,08.01 Natural gas,True,active_mapping,leap_combined_esto|ninth_pairs_to_esto_pairs,14 Industry sector,,,
14.03 Manufacturing,08.03 Gas works gas,True,active_mapping,leap_combined_esto|ninth_pairs_to_esto_pairs,14 Industry sector,,,
14.03 Manufacturing,11 Geothermal,True,active_mapping,leap_combined_esto|ninth_pairs_to_esto_pairs,14 Industry sector,,,
14.03 Manufacturing,12.99 Solar nonspecified,True,active_mapping,leap_combined_esto,14 Industry sector,,,
14.03 Manufacturing,15.01 Fuelwood & woodwaste,True,active_mapping,leap_combined_esto|ninth_pairs_to_esto_pairs,14 Industry sector,,,
14.03 Manufacturing,15.02 Bagasse,True,active_mapping,leap_combined_esto|ninth_pairs_to_esto_pairs,14 Industry sector,,,
14.03 Manufacturing,15.03 Charcoal,True,active_mapping,leap_combined_esto|ninth_pairs_to_esto_pairs,14 Industry sector,,,
14.03 Manufacturing,15.04 Black liquor,True,active_mapping,leap_combined_esto|ninth_pairs_to_esto_pairs,14 Industry sector,,,
14.03 Manufacturing,15.05 Other biomass,True,active_mapping,leap_combined_esto|ninth_pairs_to_esto_pairs,14 Industry sector,,,
14.03 Manufacturing,16.01 Biogas,True,active_mapping,leap_combined_esto|ninth_pairs_to_esto_pairs,14 Industry sector,,,
14.03 Manufacturing,16.02 Industrial waste,True,active_mapping,leap_combined_esto|ninth_pairs_to_esto_pairs,14 Industry sector,,,
14.03 Manufacturing,16.03 Municipal solid waste (renewable),True,active_mapping,leap_combined_esto|ninth_pairs_to_esto_pairs,14 Industry sector,,,
14.03 Manufacturing,16.04 Municipal solid waste (non-renewable),True,active_mapping,leap_combined_esto|ninth_pairs_to_esto_pairs,14 Industry sector,,,
14.03 Manufacturing,16.05 Biogasoline,True,active_mapping,leap_combined_esto|ninth_pairs_to_esto_pairs,14 Industry sector,,,
14.03 Manufacturing,16.06 Biodiesel,True,active_mapping,leap_combined_esto|ninth_pairs_to_esto_pairs,14 Industry sector,,,
14.03 Manufacturing,16.07 Bio jet kerosene,True,active_mapping,leap_combined_esto|ninth_pairs_to_esto_pairs,14 Industry sector,,,
14.03 Manufacturing,16.08 Other liquid biofuels,True,active_mapping,leap_combined_esto|ninth_pairs_to_esto_pairs,14 Industry sector,,,
14.03 Manufacturing,16.09 Other sources,True,active_mapping,leap_combined_esto|ninth_pairs_to_esto_pairs,14 Industry sector,,,
14.03 Manufacturing,16.12 Hydrogen,True,active_mapping,leap_combined_esto|ninth_pairs_to_esto_pairs,14 Industry sector,,,
14.03 Manufacturing,17 Electricity,True,active_mapping,leap_combined_esto|ninth_pairs_to_esto_pairs,14 Industry sector,,,
14.03 Manufacturing,18 Heat,True,active_mapping,leap_combined_esto|ninth_pairs_to_esto_pairs,14 Industry sector,,,
14.03.01 Iron and steel,01.01 Coking coal,True,active_mapping,leap_combined_esto|ninth_pairs_to_esto_pairs,14.03 Manufacturing,,,
14.03.01 Iron and steel,01.02 Other bituminous coal,True,active_mapping,leap_combined_esto|ninth_pairs_to_esto_pairs,14.03 Manufacturing,,,
14.03.01 Iron and steel,01.03 Sub-bituminous coal,True,active_mapping,leap_combined_esto|ninth_pairs_to_esto_pairs,14.03 Manufacturing,,,
14.03.01 Iron and steel,01.04 Anthracite,True,active_mapping,leap_combined_esto|ninth_pairs_to_esto_pairs,14.03 Manufacturing,,,
14.03.01 Iron and steel,01.99 Coal nonspecified,True,active_mapping,leap_combined_esto|ninth_pairs_to_esto_pairs,14.03 Manufacturing,,,
14.03.01 Iron and steel,02.01 Coke oven coke,True,active_mapping,leap_combined_esto|ninth_pairs_to_esto_pairs,14.03 Manufacturing,,,
14.03.01 Iron and steel,02.02 Gas coke,True,active_mapping,leap_combined_esto|ninth_pairs_to_esto_pairs,14.03 Manufacturing,,,
14.03.01 Iron and steel,02.03 Coke oven gas,True,active_mapping,leap_combined_esto|ninth_pairs_to_esto_pairs,14.03 Manufacturing,,,
14.03.01 Iron and steel,02.04 Blast furnace gas,True,active_mapping,leap_combined_esto|ninth_pairs_to_esto_pairs,14.03 Manufacturing,,,
14.03.01 Iron and steel,02.05 Other recovered gases,True,active_mapping,leap_combined_esto|ninth_pairs_to_esto_pairs,14.03 Manufacturing,,,
14.03.01 Iron and steel,02.06 Patent fuel,True,active_mapping,leap_combined_esto|ninth_pairs_to_esto_pairs,14.03 Manufacturing,,,
14.03.01 Iron and steel,02.07 Coal tar,True,active_mapping,leap_combined_esto|ninth_pairs_to_esto_pairs,14.03 Manufacturing,,,
14.03.01 Iron and steel,02.08 BKB/PB,True,active_mapping,leap_combined_esto|ninth_pairs_to_esto_pairs,14.03 Manufacturing,,,
14.03.01 Iron and steel,06.01 Crude oil,True,active_mapping,leap_combined_esto|ninth_pairs_to_esto_pairs,14.03 Manufacturing,,,
14.03.01 Iron and steel,07.01 Motor gasoline,True,active_mapping,leap_combined_esto|ninth_pairs_to_esto_pairs,14.03 Manufacturing,,,
14.03.01 Iron and steel,07.04 Gasoline type jet fuel,True,active_mapping,leap_combined_esto|ninth_pairs_to_esto_pairs,14.03 Manufacturing,,,
14.03.01 Iron and steel,07.05 Kerosene type jet fuel,True,active_mapping,leap_combined_esto|ninth_pairs_to_esto_pairs,14.03 Manufacturing,,,
14.03.01 Iron and steel,07.06 Kerosene,True,active_mapping,leap_combined_esto|ninth_pairs_to_esto_pairs,14.03 Manufacturing,,,
14.03.01 Iron and steel,07.07 Gas/diesel oil,True,active_mapping,leap_combined_esto|ninth_pairs_to_esto_pairs,14.03 Manufacturing,,,
14.03.01 Iron and steel,07.08 Fuel oil,True,active_mapping,leap_combined_esto|ninth_pairs_to_esto_pairs,14.03 Manufacturing,,,
14.03.01 Iron and steel,07.09 LPG,True,active_mapping,leap_combined_esto|ninth_pairs_to_esto_pairs,14.03 Manufacturing,,,
14.03.01 Iron and steel,07.10 Refinery gas (not liquefied),True,active_mapping,leap_combined_esto|ninth_pairs_to_esto_pairs,14.03 Manufacturing,,,
14.03.01 Iron and steel,07.12 White spirit SBP,True,active_mapping,leap_combined_esto|ninth_pairs_to_esto_pairs,14.03 Manufacturing,,,
14.03.01 Iron and steel,07.15 Paraffin waxes,True,active_mapping,leap_combined_esto|ninth_pairs_to_esto_pairs,14.03 Manufacturing,,,
14.03.01 Iron and steel,07.16 Petroleum coke,True,active_mapping,leap_combined_esto|ninth_pairs_to_esto_pairs,14.03 Manufacturing,,,
14.03.01 Iron and steel,07.17 Other products,True,active_mapping,leap_combined_esto|ninth_pairs_to_esto_pairs,14.03 Manufacturing,,,
14.03.01 Iron and steel,07.99 PetProd nonspecified,True,active_mapping,leap_combined_esto|ninth_pairs_to_esto_pairs,14.03 Manufacturing,,,
14.03.01 Iron and steel,08.01 Natural gas,True,active_mapping,leap_combined_esto|ninth_pairs_to_esto_pairs,14.03 Manufacturing,,,
14.03.01 Iron and steel,08.03 Gas works gas,True,active_mapping,leap_combined_esto|ninth_pairs_to_esto_pairs,14.03 Manufacturing,,,
14.03.01 Iron and steel,15.01 Fuelwood & woodwaste,True,active_mapping,leap_combined_esto|ninth_pairs_to_esto_pairs,14.03 Manufacturing,,,
14.03.01 Iron and steel,15.02 Bagasse,True,active_mapping,leap_combined_esto|ninth_pairs_to_esto_pairs,14.03 Manufacturing,,,
14.03.01 Iron and steel,15.03 Charcoal,True,active_mapping,leap_combined_esto|ninth_pairs_to_esto_pairs,14.03 Manufacturing,,,
14.03.01 Iron and steel,15.04 Black liquor,True,active_mapping,leap_combined_esto|ninth_pairs_to_esto_pairs,14.03 Manufacturing,,,
14.03.01 Iron and steel,15.05 Other biomass,True,active_mapping,leap_combined_esto|ninth_pairs_to_esto_pairs,14.03 Manufacturing,,,
14.03.01 Iron and steel,16.01 Biogas,True,active_mapping,leap_combined_esto|ninth_pairs_to_esto_pairs,14.03 Manufacturing,,,
14.03.01 Iron and steel,16.02 Industrial waste,True,active_mapping,leap_combined_esto|ninth_pairs_to_esto_pairs,14.03 Manufacturing,,,
14.03.01 Iron and steel,16.03 Municipal solid waste (renewable),True,active_mapping,leap_combined_esto|ninth_pairs_to_esto_pairs,14.03 Manufacturing,,,
14.03.01 Iron and steel,16.04 Municipal solid waste (non-renewable),True,active_mapping,leap_combined_esto|ninth_pairs_to_esto_pairs,14.03 Manufacturing,,,
14.03.01 Iron and steel,16.05 Biogasoline,True,active_mapping,leap_combined_esto|ninth_pairs_to_esto_pairs,14.03 Manufacturing,,,
14.03.01 Iron and steel,16.06 Biodiesel,True,active_mapping,leap_combined_esto|ninth_pairs_to_esto_pairs,14.03 Manufacturing,,,
14.03.01 Iron and steel,16.07 Bio jet kerosene,True,active_mapping,leap_combined_esto|ninth_pairs_to_esto_pairs,14.03 Manufacturing,,,
14.03.01 Iron and steel,16.08 Other liquid biofuels,True,active_mapping,leap_combined_esto|ninth_pairs_to_esto_pairs,14.03 Manufacturing,,,
14.03.01 Iron and steel,16.09 Other sources,True,active_mapping,leap_combined_esto|ninth_pairs_to_esto_pairs,14.03 Manufacturing,,,
14.03.01 Iron and steel,16.10 Ammonia,True,active_mapping,leap_combined_esto|ninth_pairs_to_esto_pairs,14.03 Manufacturing,,,
14.03.01 Iron and steel,16.11 E-fuel,True,active_mapping,leap_combined_esto|ninth_pairs_to_esto_pairs,14.03 Manufacturing,,,
14.03.01 Iron and steel,16.12 Hydrogen,True,active_mapping,leap_combined_esto|ninth_pairs_to_esto_pairs,14.03 Manufacturing,,,
14.03.01 Iron and steel,17 Electricity,True,active_mapping,leap_combined_esto|ninth_pairs_to_esto_pairs,14.03 Manufacturing,,,
14.03.01 Iron and steel,18 Heat,True,active_mapping,leap_combined_esto|ninth_pairs_to_esto_pairs,14.03 Manufacturing,,,
14.03.01.01 Blast Furnace Basic Oxygen Furnace,01.01 Coking coal,False,active_mapping,leap_combined_esto,14.03.01 Iron and steel,,,
14.03.01.01 Blast Furnace Basic Oxygen Furnace,01.02 Other bituminous coal,False,active_mapping,leap_combined_esto,14.03.01 Iron and steel,,,
14.03.01.01 Blast Furnace Basic Oxygen Furnace,01.03 Sub-bituminous coal,False,active_mapping,leap_combined_esto,14.03.01 Iron and steel,,,
14.03.01.01 Blast Furnace Basic Oxygen Furnace,01.04 Anthracite,False,active_mapping,leap_combined_esto,14.03.01 Iron and steel,,,
14.03.01.01 Blast Furnace Basic Oxygen Furnace,02.01 Coke oven coke,False,active_mapping,leap_combined_esto,14.03.01 Iron and steel,,,
14.03.01.01 Blast Furnace Basic Oxygen Furnace,02.03 Coke oven gas,False,active_mapping,leap_combined_esto,14.03.01 Iron and steel,,,
14.03.01.01 Blast Furnace Basic Oxygen Furnace,02.04 Blast furnace gas,False,active_mapping,leap_combined_esto,14.03.01 Iron and steel,,,
14.03.01.01 Blast Furnace Basic Oxygen Furnace,02.05 Other recovered gases,False,active_mapping,leap_combined_esto,14.03.01 Iron and steel,,,
14.03.01.01 Blast Furnace Basic Oxygen Furnace,02.07 Coal tar,False,active_mapping,leap_combined_esto,14.03.01 Iron and steel,,,
14.03.01.01 Blast Furnace Basic Oxygen Furnace,02.08 BKB/PB,False,active_mapping,leap_combined_esto,14.03.01 Iron and steel,,,
14.03.01.01 Blast Furnace Basic Oxygen Furnace,07.01 Motor gasoline,False,active_mapping,leap_combined_esto,14.03.01 Iron and steel,,,
14.03.01.01 Blast Furnace Basic Oxygen Furnace,07.05 Kerosene type jet fuel,False,active_mapping,leap_combined_esto,14.03.01 Iron and steel,,,
14.03.01.01 Blast Furnace Basic Oxygen Furnace,07.06 Kerosene,False,active_mapping,leap_combined_esto,14.03.01 Iron and steel,,,
14.03.01.01 Blast Furnace Basic Oxygen Furnace,07.07 Gas/diesel oil,False,active_mapping,leap_combined_esto,14.03.01 Iron and steel,,,
14.03.01.01 Blast Furnace Basic Oxygen Furnace,07.08 Fuel oil,False,active_mapping,leap_combined_esto,14.03.01 Iron and steel,,,
14.03.01.01 Blast Furnace Basic Oxygen Furnace,07.09 LPG,False,active_mapping,leap_combined_esto,14.03.01 Iron and steel,,,
14.03.01.01 Blast Furnace Basic Oxygen Furnace,07.10 Refinery gas (not liquefied),False,active_mapping,leap_combined_esto,14.03.01 Iron and steel,,,
14.03.01.01 Blast Furnace Basic Oxygen Furnace,07.12 White spirit SBP,False,active_mapping,leap_combined_esto,14.03.01 Iron and steel,,,
14.03.01.01 Blast Furnace Basic Oxygen Furnace,07.16 Petroleum coke,False,active_mapping,leap_combined_esto,14.03.01 Iron and steel,,,
14.03.01.01 Blast Furnace Basic Oxygen Furnace,07.17 Other products,False,active_mapping,leap_combined_esto,14.03.01 Iron and steel,,,
14.03.01.01 Blast Furnace Basic Oxygen Furnace,08.01 Natural gas,False,active_mapping,leap_combined_esto,14.03.01 Iron and steel,,,
14.03.01.01 Blast Furnace Basic Oxygen Furnace,08.03 Gas works gas,False,active_mapping,leap_combined_esto,14.03.01 Iron and steel,,,
14.03.01.01 Blast Furnace Basic Oxygen Furnace,15.05 Other biomass,False,active_mapping,leap_combined_esto,14.03.01 Iron and steel,,,
14.03.01.01 Blast Furnace Basic Oxygen Furnace,16.01 Biogas,False,active_mapping,leap_combined_esto,14.03.01 Iron and steel,,,
14.03.01.01 Blast Furnace Basic Oxygen Furnace,16.02 Industrial waste,False,active_mapping,leap_combined_esto,14.03.01 Iron and steel,,,
14.03.01.01 Blast Furnace Basic Oxygen Furnace,16.06 Biodiesel,False,active_mapping,leap_combined_esto,14.03.01 Iron and steel,,,
14.03.01.01 Blast Furnace Basic Oxygen Furnace,17 Electricity,False,active_mapping,leap_combined_esto,14.03.01 Iron and steel,,,
14.03.01.01 Blast Furnace Basic Oxygen Furnace,18 Heat,False,active_mapping,leap_combined_esto,14.03.01 Iron and steel,,,
14.03.01.02 Direct Reduced Iron Electric Arc Furnace,07.01 Motor gasoline,False,active_mapping,leap_combined_esto,14.03.01 Iron and steel,,,
14.03.01.02 Direct Reduced Iron Electric Arc Furnace,07.05 Kerosene type jet fuel,False,active_mapping,leap_combined_esto,14.03.01 Iron and steel,,,
14.03.01.02 Direct Reduced Iron Electric Arc Furnace,07.06 Kerosene,False,active_mapping,leap_combined_esto,14.03.01 Iron and steel,,,
14.03.01.02 Direct Reduced Iron Electric Arc Furnace,07.07 Gas/diesel oil,False,active_mapping,leap_combined_esto,14.03.01 Iron and steel,,,
14.03.01.02 Direct Reduced Iron Electric Arc Furnace,07.08 Fuel oil,False,active_mapping,leap_combined_esto,14.03.01 Iron and steel,,,
14.03.01.02 Direct Reduced Iron Electric Arc Furnace,07.09 LPG,False,active_mapping,leap_combined_esto,14.03.01 Iron and steel,,,
14.03.01.02 Direct Reduced Iron Electric Arc Furnace,07.10 Refinery gas (not liquefied),False,active_mapping,leap_combined_esto,14.03.01 Iron and steel,,,
14.03.01.02 Direct Reduced Iron Electric Arc Furnace,07.12 White spirit SBP,False,active_mapping,leap_combined_esto,14.03.01 Iron and steel,,,
14.03.01.02 Direct Reduced Iron Electric Arc Furnace,07.17 Other products,False,active_mapping,leap_combined_esto,14.03.01 Iron and steel,,,
14.03.01.02 Direct Reduced Iron Electric Arc Furnace,08.01 Natural gas,False,active_mapping,leap_combined_esto,14.03.01 Iron and steel,,,
14.03.01.02 Direct Reduced Iron Electric Arc Furnace,08.03 Gas works gas,False,active_mapping,leap_combined_esto,14.03.01 Iron and steel,,,
14.03.01.02 Direct Reduced Iron Electric Arc Furnace,15.05 Other biomass,False,active_mapping,leap_combined_esto,14.03.01 Iron and steel,,,
14.03.01.02 Direct Reduced Iron Electric Arc Furnace,16.01 Biogas,False,active_mapping,leap_combined_esto,14.03.01 Iron and steel,,,
14.03.01.02 Direct Reduced Iron Electric Arc Furnace,16.02 Industrial waste,False,active_mapping,leap_combined_esto,14.03.01 Iron and steel,,,
14.03.01.02 Direct Reduced Iron Electric Arc Furnace,16.06 Biodiesel,False,active_mapping,leap_combined_esto,14.03.01 Iron and steel,,,
14.03.01.02 Direct Reduced Iron Electric Arc Furnace,16.12 Hydrogen,False,active_mapping,leap_combined_esto,14.03.01 Iron and steel,,,
14.03.01.02 Direct Reduced Iron Electric Arc Furnace,17 Electricity,False,active_mapping,leap_combined_esto,14.03.01 Iron and steel,,,
14.03.01.02 Direct Reduced Iron Electric Arc Furnace,18 Heat,False,active_mapping,leap_combined_esto,14.03.01 Iron and steel,,,
14.03.01.03 Scrap Electric Arc Furnace,07.01 Motor gasoline,False,active_mapping,leap_combined_esto,14.03.01 Iron and steel,,,
14.03.01.03 Scrap Electric Arc Furnace,07.05 Kerosene type jet fuel,False,active_mapping,leap_combined_esto,14.03.01 Iron and steel,,,
14.03.01.03 Scrap Electric Arc Furnace,07.06 Kerosene,False,active_mapping,leap_combined_esto,14.03.01 Iron and steel,,,
14.03.01.03 Scrap Electric Arc Furnace,07.07 Gas/diesel oil,False,active_mapping,leap_combined_esto,14.03.01 Iron and steel,,,
14.03.01.03 Scrap Electric Arc Furnace,07.08 Fuel oil,False,active_mapping,leap_combined_esto,14.03.01 Iron and steel,,,
14.03.01.03 Scrap Electric Arc Furnace,07.09 LPG,False,active_mapping,leap_combined_esto,14.03.01 Iron and steel,,,
14.03.01.03 Scrap Electric Arc Furnace,07.10 Refinery gas (not liquefied),False,active_mapping,leap_combined_esto,14.03.01 Iron and steel,,,
14.03.01.03 Scrap Electric Arc Furnace,07.12 White spirit SBP,False,active_mapping,leap_combined_esto,14.03.01 Iron and steel,,,
14.03.01.03 Scrap Electric Arc Furnace,07.17 Other products,False,active_mapping,leap_combined_esto,14.03.01 Iron and steel,,,
14.03.01.03 Scrap Electric Arc Furnace,08.01 Natural gas,False,active_mapping,leap_combined_esto,14.03.01 Iron and steel,,,
14.03.01.03 Scrap Electric Arc Furnace,08.03 Gas works gas,False,active_mapping,leap_combined_esto,14.03.01 Iron and steel,,,
14.03.01.03 Scrap Electric Arc Furnace,15.05 Other biomass,False,active_mapping,leap_combined_esto,14.03.01 Iron and steel,,,
14.03.01.03 Scrap Electric Arc Furnace,16.01 Biogas,False,active_mapping,leap_combined_esto,14.03.01 Iron and steel,,,
14.03.01.03 Scrap Electric Arc Furnace,16.02 Industrial waste,False,active_mapping,leap_combined_esto,14.03.01 Iron and steel,,,
14.03.01.03 Scrap Electric Arc Furnace,16.06 Biodiesel,False,active_mapping,leap_combined_esto,14.03.01 Iron and steel,,,
14.03.01.03 Scrap Electric Arc Furnace,17 Electricity,False,active_mapping,leap_combined_esto,14.03.01 Iron and steel,,,
14.03.01.03 Scrap Electric Arc Furnace,18 Heat,False,active_mapping,leap_combined_esto,14.03.01 Iron and steel,,,
14.03.02 Chemical (incl. petrochemical),01.02 Other bituminous coal,False,active_mapping,leap_combined_esto|ninth_pairs_to_esto_pairs,14.03 Manufacturing,,,
14.03.02 Chemical (incl. petrochemical),01.03 Sub-bituminous coal,False,active_mapping,leap_combined_esto|ninth_pairs_to_esto_pairs,14.03 Manufacturing,,,
14.03.02 Chemical (incl. petrochemical),01.04 Anthracite,False,active_mapping,leap_combined_esto|ninth_pairs_to_esto_pairs,14.03 Manufacturing,,,
14.03.02 Chemical (incl. petrochemical),01.05 Lignite,False,active_mapping,leap_combined_esto|ninth_pairs_to_esto_pairs,14.03 Manufacturing,,,
14.03.02 Chemical (incl. petrochemical),01.99 Coal nonspecified,False,active_mapping,leap_combined_esto|ninth_pairs_to_esto_pairs,14.03 Manufacturing,,,
14.03.02 Chemical (incl. petrochemical),02.01 Coke oven coke,False,active_mapping,leap_combined_esto|ninth_pairs_to_esto_pairs,14.03 Manufacturing,,,
14.03.02 Chemical (incl. petrochemical),02.02 Gas coke,False,active_mapping,leap_combined_esto|ninth_pairs_to_esto_pairs,14.03 Manufacturing,,,
14.03.02 Chemical (incl. petrochemical),02.03 Coke oven gas,False,active_mapping,leap_combined_esto|ninth_pairs_to_esto_pairs,14.03 Manufacturing,,,
14.03.02 Chemical (incl. petrochemical),02.04 Blast furnace gas,False,active_mapping,leap_combined_esto|ninth_pairs_to_esto_pairs,14.03 Manufacturing,,,
14.03.02 Chemical (incl. petrochemical),02.05 Other recovered gases,False,active_mapping,leap_combined_esto|ninth_pairs_to_esto_pairs,14.03 Manufacturing,,,
14.03.02 Chemical (incl. petrochemical),02.06 Patent fuel,False,active_mapping,leap_combined_esto|ninth_pairs_to_esto_pairs,14.03 Manufacturing,,,
14.03.02 Chemical (incl. petrochemical),02.07 Coal tar,False,active_mapping,leap_combined_esto|ninth_pairs_to_esto_pairs,14.03 Manufacturing,,,
14.03.02 Chemical (incl. petrochemical),02.08 BKB/PB,False,active_mapping,leap_combined_esto|ninth_pairs_to_esto_pairs,14.03 Manufacturing,,,
14.03.02 Chemical (incl. petrochemical),06.01 Crude oil,False,active_mapping,leap_combined_esto|ninth_pairs_to_esto_pairs,14.03 Manufacturing,,,
14.03.02 Chemical (incl. petrochemical),06.03 Refinery feedstocks,False,active_mapping,leap_combined_esto|ninth_pairs_to_esto_pairs,14.03 Manufacturing,,,
14.03.02 Chemical (incl. petrochemical),07.01 Motor gasoline,False,active_mapping,leap_combined_esto|ninth_pairs_to_esto_pairs,14.03 Manufacturing,,,
14.03.02 Chemical (incl. petrochemical),07.02 Aviation gasoline,False,active_mapping,leap_combined_esto|ninth_pairs_to_esto_pairs,14.03 Manufacturing,,,
14.03.02 Chemical (incl. petrochemical),07.03 Naphtha,False,active_mapping,leap_combined_esto|ninth_pairs_to_esto_pairs,14.03 Manufacturing,,,
14.03.02 Chemical (incl. petrochemical),07.04 Gasoline type jet fuel,False,active_mapping,leap_combined_esto|ninth_pairs_to_esto_pairs,14.03 Manufacturing,,,
14.03.02 Chemical (incl. petrochemical),07.05 Kerosene type jet fuel,False,active_mapping,leap_combined_esto|ninth_pairs_to_esto_pairs,14.03 Manufacturing,,,
14.03.02 Chemical (incl. petrochemical),07.06 Kerosene,False,active_mapping,leap_combined_esto|ninth_pairs_to_esto_pairs,14.03 Manufacturing,,,
14.03.02 Chemical (incl. petrochemical),07.07 Gas/diesel oil,False,active_mapping,leap_combined_esto|ninth_pairs_to_esto_pairs,14.03 Manufacturing,,,
14.03.02 Chemical (incl. petrochemical),07.08 Fuel oil,False,active_mapping,leap_combined_esto|ninth_pairs_to_esto_pairs,14.03 Manufacturing,,,
14.03.02 Chemical (incl. petrochemical),07.09 LPG,False,active_mapping,leap_combined_esto|ninth_pairs_to_esto_pairs,14.03 Manufacturing,,,
14.03.02 Chemical (incl. petrochemical),07.10 Refinery gas (not liquefied),False,active_mapping,leap_combined_esto|ninth_pairs_to_esto_pairs,14.03 Manufacturing,,,
14.03.02 Chemical (incl. petrochemical),07.11 Ethane,False,active_mapping,leap_combined_esto|ninth_pairs_to_esto_pairs,14.03 Manufacturing,,,
14.03.02 Chemical (incl. petrochemical),07.12 White spirit SBP,False,active_mapping,leap_combined_esto|ninth_pairs_to_esto_pairs,14.03 Manufacturing,,,
14.03.02 Chemical (incl. petrochemical),07.13 Lubricants,False,active_mapping,leap_combined_esto|ninth_pairs_to_esto_pairs,14.03 Manufacturing,,,
14.03.02 Chemical (incl. petrochemical),07.14 Bitumen,False,active_mapping,leap_combined_esto|ninth_pairs_to_esto_pairs,14.03 Manufacturing,,,
14.03.02 Chemical (incl. petrochemical),07.15 Paraffin waxes,False,active_mapping,leap_combined_esto|ninth_pairs_to_esto_pairs,14.03 Manufacturing,,,
14.03.02 Chemical (incl. petrochemical),07.16 Petroleum coke,False,active_mapping,leap_combined_esto|ninth_pairs_to_esto_pairs,14.03 Manufacturing,,,
14.03.02 Chemical (incl. petrochemical),07.17 Other products,False,active_mapping,leap_combined_esto|ninth_pairs_to_esto_pairs,14.03 Manufacturing,,,
14.03.02 Chemical (incl. petrochemical),07.99 PetProd nonspecified,False,active_mapping,leap_combined_esto|ninth_pairs_to_esto_pairs,14.03 Manufacturing,,,
14.03.02 Chemical (incl. petrochemical),08.01 Natural gas,False,active_mapping,leap_combined_esto|ninth_pairs_to_esto_pairs,14.03 Manufacturing,,,
14.03.02 Chemical (incl. petrochemical),08.03 Gas works gas,False,active_mapping,leap_combined_esto|ninth_pairs_to_esto_pairs,14.03 Manufacturing,,,
14.03.02 Chemical (incl. petrochemical),08.99 Gas nonspecified,False,active_mapping,leap_combined_esto|ninth_pairs_to_esto_pairs,14.03 Manufacturing,,,
14.03.02 Chemical (incl. petrochemical),15.01 Fuelwood & woodwaste,False,active_mapping,leap_combined_esto|ninth_pairs_to_esto_pairs,14.03 Manufacturing,,,
14.03.02 Chemical (incl. petrochemical),15.02 Bagasse,False,active_mapping,leap_combined_esto|ninth_pairs_to_esto_pairs,14.03 Manufacturing,,,
14.03.02 Chemical (incl. petrochemical),15.03 Charcoal,False,active_mapping,leap_combined_esto|ninth_pairs_to_esto_pairs,14.03 Manufacturing,,,
14.03.02 Chemical (incl. petrochemical),15.04 Black liquor,False,active_mapping,leap_combined_esto|ninth_pairs_to_esto_pairs,14.03 Manufacturing,,,
14.03.02 Chemical (incl. petrochemical),15.05 Other biomass,False,active_mapping,leap_combined_esto|ninth_pairs_to_esto_pairs,14.03 Manufacturing,,,
14.03.02 Chemical (incl. petrochemical),16.01 Biogas,False,active_mapping,leap_combined_esto|ninth_pairs_to_esto_pairs,14.03 Manufacturing,,,
14.03.02 Chemical (incl. petrochemical),16.02 Industrial waste,False,active_mapping,leap_combined_esto|ninth_pairs_to_esto_pairs,14.03 Manufacturing,,,
14.03.02 Chemical (incl. petrochemical),16.03 Municipal solid waste (renewable),False,active_mapping,leap_combined_esto|ninth_pairs_to_esto_pairs,14.03 Manufacturing,,,
14.03.02 Chemical (incl. petrochemical),16.04 Municipal solid waste (non-renewable),False,active_mapping,leap_combined_esto|ninth_pairs_to_esto_pairs,14.03 Manufacturing,,,
14.03.02 Chemical (incl. petrochemical),16.05 Biogasoline,False,active_mapping,leap_combined_esto|ninth_pairs_to_esto_pairs,14.03 Manufacturing,,,
14.03.02 Chemical (incl. petrochemical),16.06 Biodiesel,False,active_mapping,leap_combined_esto|ninth_pairs_to_esto_pairs,14.03 Manufacturing,,,
14.03.02 Chemical (incl. petrochemical),16.07 Bio jet kerosene,False,active_mapping,leap_combined_esto|ninth_pairs_to_esto_pairs,14.03 Manufacturing,,,
14.03.02 Chemical (incl. petrochemical),16.08 Other liquid biofuels,False,active_mapping,leap_combined_esto|ninth_pairs_to_esto_pairs,14.03 Manufacturing,,,
14.03.02 Chemical (incl. petrochemical),16.09 Other sources,False,active_mapping,leap_combined_esto|ninth_pairs_to_esto_pairs,14.03 Manufacturing,,,
14.03.02 Chemical (incl. petrochemical),16.12 Hydrogen,False,active_mapping,leap_combined_esto|ninth_pairs_to_esto_pairs,14.03 Manufacturing,,,
14.03.02 Chemical (incl. petrochemical),17 Electricity,False,active_mapping,leap_combined_esto|ninth_pairs_to_esto_pairs,14.03 Manufacturing,,,
14.03.02 Chemical (incl. petrochemical),18 Heat,False,active_mapping,leap_combined_esto|ninth_pairs_to_esto_pairs,14.03 Manufacturing,,,
14.03.03 Non ferrous metals,01.01 Coking coal,False,active_mapping,leap_combined_esto|ninth_pairs_to_esto_pairs,14.03 Manufacturing,,,
14.03.03 Non ferrous metals,01.02 Other bituminous coal,False,active_mapping,leap_combined_esto|ninth_pairs_to_esto_pairs,14.03 Manufacturing,,,
14.03.03 Non ferrous metals,01.03 Sub-bituminous coal,False,active_mapping,leap_combined_esto|ninth_pairs_to_esto_pairs,14.03 Manufacturing,,,
14.03.03 Non ferrous metals,01.04 Anthracite,False,active_mapping,leap_combined_esto|ninth_pairs_to_esto_pairs,14.03 Manufacturing,,,
14.03.03 Non ferrous metals,01.05 Lignite,False,active_mapping,leap_combined_esto|ninth_pairs_to_esto_pairs,14.03 Manufacturing,,,
14.03.03 Non ferrous metals,02.01 Coke oven coke,False,active_mapping,leap_combined_esto|ninth_pairs_to_esto_pairs,14.03 Manufacturing,,,
14.03.03 Non ferrous metals,02.02 Gas coke,False,active_mapping,leap_combined_esto|ninth_pairs_to_esto_pairs,14.03 Manufacturing,,,
14.03.03 Non ferrous metals,02.03 Coke oven gas,False,active_mapping,leap_combined_esto|ninth_pairs_to_esto_pairs,14.03 Manufacturing,,,
14.03.03 Non ferrous metals,02.04 Blast furnace gas,False,active_mapping,leap_combined_esto|ninth_pairs_to_esto_pairs,14.03 Manufacturing,,,
14.03.03 Non ferrous metals,02.05 Other recovered gases,False,active_mapping,leap_combined_esto|ninth_pairs_to_esto_pairs,14.03 Manufacturing,,,
14.03.03 Non ferrous metals,02.06 Patent fuel,False,active_mapping,leap_combined_esto|ninth_pairs_to_esto_pairs,14.03 Manufacturing,,,
14.03.03 Non ferrous metals,02.07 Coal tar,False,active_mapping,leap_combined_esto|ninth_pairs_to_esto_pairs,14.03 Manufacturing,,,
14.03.03 Non ferrous metals,02.08 BKB/PB,False,active_mapping,leap_combined_esto|ninth_pairs_to_esto_pairs,14.03 Manufacturing,,,
14.03.03 Non ferrous metals,06.01 Crude oil,False,active_mapping,leap_combined_esto|ninth_pairs_to_esto_pairs,14.03 Manufacturing,,,
14.03.03 Non ferrous metals,07.01 Motor gasoline,False,active_mapping,leap_combined_esto|ninth_pairs_to_esto_pairs,14.03 Manufacturing,,,
14.03.03 Non ferrous metals,07.02 Aviation gasoline,False,active_mapping,leap_combined_esto|ninth_pairs_to_esto_pairs,14.03 Manufacturing,,,
14.03.03 Non ferrous metals,07.03 Naphtha,False,active_mapping,leap_combined_esto|ninth_pairs_to_esto_pairs,14.03 Manufacturing,,,
14.03.03 Non ferrous metals,07.04 Gasoline type jet fuel,False,active_mapping,leap_combined_esto|ninth_pairs_to_esto_pairs,14.03 Manufacturing,,,
14.03.03 Non ferrous metals,07.05 Kerosene type jet fuel,False,active_mapping,leap_combined_esto|ninth_pairs_to_esto_pairs,14.03 Manufacturing,,,
14.03.03 Non ferrous metals,07.06 Kerosene,False,active_mapping,leap_combined_esto|ninth_pairs_to_esto_pairs,14.03 Manufacturing,,,
14.03.03 Non ferrous metals,07.07 Gas/diesel oil,False,active_mapping,leap_combined_esto|ninth_pairs_to_esto_pairs,14.03 Manufacturing,,,
14.03.03 Non ferrous metals,07.08 Fuel oil,False,active_mapping,leap_combined_esto|ninth_pairs_to_esto_pairs,14.03 Manufacturing,,,
14.03.03 Non ferrous metals,07.09 LPG,False,active_mapping,leap_combined_esto|ninth_pairs_to_esto_pairs,14.03 Manufacturing,,,
14.03.03 Non ferrous metals,07.10 Refinery gas (not liquefied),False,active_mapping,leap_combined_esto|ninth_pairs_to_esto_pairs,14.03 Manufacturing,,,
14.03.03 Non ferrous metals,07.11 Ethane,False,active_mapping,leap_combined_esto|ninth_pairs_to_esto_pairs,14.03 Manufacturing,,,
14.03.03 Non ferrous metals,07.12 White spirit SBP,False,active_mapping,leap_combined_esto|ninth_pairs_to_esto_pairs,14.03 Manufacturing,,,
14.03.03 Non ferrous metals,07.13 Lubricants,False,active_mapping,leap_combined_esto|ninth_pairs_to_esto_pairs,14.03 Manufacturing,,,
14.03.03 Non ferrous metals,07.14 Bitumen,False,active_mapping,leap_combined_esto|ninth_pairs_to_esto_pairs,14.03 Manufacturing,,,
14.03.03 Non ferrous metals,07.15 Paraffin waxes,False,active_mapping,leap_combined_esto|ninth_pairs_to_esto_pairs,14.03 Manufacturing,,,
14.03.03 Non ferrous metals,07.16 Petroleum coke,False,active_mapping,leap_combined_esto|ninth_pairs_to_esto_pairs,14.03 Manufacturing,,,
14.03.03 Non ferrous metals,07.17 Other products,False,active_mapping,leap_combined_esto|ninth_pairs_to_esto_pairs,14.03 Manufacturing,,,
14.03.03 Non ferrous metals,07.99 PetProd nonspecified,False,active_mapping,leap_combined_esto|ninth_pairs_to_esto_pairs,14.03 Manufacturing,,,
14.03.03 Non ferrous metals,08.01 Natural gas,False,active_mapping,leap_combined_esto|ninth_pairs_to_esto_pairs,14.03 Manufacturing,,,
14.03.03 Non ferrous metals,08.03 Gas works gas,False,active_mapping,leap_combined_esto|ninth_pairs_to_esto_pairs,14.03 Manufacturing,,,
14.03.03 Non ferrous metals,15.01 Fuelwood & woodwaste,False,active_mapping,leap_combined_esto|ninth_pairs_to_esto_pairs,14.03 Manufacturing,,,
14.03.03 Non ferrous metals,15.02 Bagasse,False,active_mapping,leap_combined_esto|ninth_pairs_to_esto_pairs,14.03 Manufacturing,,,
14.03.03 Non ferrous metals,15.03 Charcoal,False,active_mapping,leap_combined_esto|ninth_pairs_to_esto_pairs,14.03 Manufacturing,,,
14.03.03 Non ferrous metals,15.04 Black liquor,False,active_mapping,leap_combined_esto|ninth_pairs_to_esto_pairs,14.03 Manufacturing,,,
14.03.03 Non ferrous metals,15.05 Other biomass,False,active_mapping,leap_combined_esto|ninth_pairs_to_esto_pairs,14.03 Manufacturing,,,
14.03.03 Non ferrous metals,16.01 Biogas,False,active_mapping,leap_combined_esto|ninth_pairs_to_esto_pairs,14.03 Manufacturing,,,
14.03.03 Non ferrous metals,16.02 Industrial waste,False,active_mapping,leap_combined_esto|ninth_pairs_to_esto_pairs,14.03 Manufacturing,,,
14.03.03 Non ferrous metals,16.03 Municipal solid waste (renewable),False,active_mapping,leap_combined_esto|ninth_pairs_to_esto_pairs,14.03 Manufacturing,,,
14.03.03 Non ferrous metals,16.04 Municipal solid waste (non-renewable),False,active_mapping,leap_combined_esto|ninth_pairs_to_esto_pairs,14.03 Manufacturing,,,
14.03.03 Non ferrous metals,16.05 Biogasoline,False,active_mapping,leap_combined_esto|ninth_pairs_to_esto_pairs,14.03 Manufacturing,,,
14.03.03 Non ferrous metals,16.06 Biodiesel,False,active_mapping,leap_combined_esto|ninth_pairs_to_esto_pairs,14.03 Manufacturing,,,
14.03.03 Non ferrous metals,16.07 Bio jet kerosene,False,active_mapping,leap_combined_esto|ninth_pairs_to_esto_pairs,14.03 Manufacturing,,,
14.03.03 Non ferrous metals,16.08 Other liquid biofuels,False,active_mapping,leap_combined_esto|ninth_pairs_to_esto_pairs,14.03 Manufacturing,,,
14.03.03 Non ferrous metals,16.09 Other sources,False,active_mapping,leap_combined_esto|ninth_pairs_to_esto_pairs,14.03 Manufacturing,,,
14.03.03 Non ferrous metals,16.12 Hydrogen,False,active_mapping,leap_combined_esto|ninth_pairs_to_esto_pairs,14.03 Manufacturing,,,
14.03.03 Non ferrous metals,17 Electricity,False,active_mapping,leap_combined_esto|ninth_pairs_to_esto_pairs,14.03 Manufacturing,,,
14.03.03 Non ferrous metals,18 Heat,False,active_mapping,leap_combined_esto|ninth_pairs_to_esto_pairs,14.03 Manufacturing,,,
14.03.04 Non-metallic mineral products,01.02 Other bituminous coal,False,active_mapping,leap_combined_esto|ninth_pairs_to_esto_pairs,14.03 Manufacturing,,,
14.03.04 Non-metallic mineral products,01.03 Sub-bituminous coal,False,active_mapping,leap_combined_esto|ninth_pairs_to_esto_pairs,14.03 Manufacturing,,,
14.03.04 Non-metallic mineral products,01.04 Anthracite,False,active_mapping,leap_combined_esto|ninth_pairs_to_esto_pairs,14.03 Manufacturing,,,
14.03.04 Non-metallic mineral products,01.05 Lignite,False,active_mapping,leap_combined_esto|ninth_pairs_to_esto_pairs,14.03 Manufacturing,,,
14.03.04 Non-metallic mineral products,01.99 Coal nonspecified,False,active_mapping,leap_combined_esto|ninth_pairs_to_esto_pairs,14.03 Manufacturing,,,
14.03.04 Non-metallic mineral products,02.01 Coke oven coke,False,active_mapping,leap_combined_esto|ninth_pairs_to_esto_pairs,14.03 Manufacturing,,,
14.03.04 Non-metallic mineral products,02.02 Gas coke,False,active_mapping,leap_combined_esto|ninth_pairs_to_esto_pairs,14.03 Manufacturing,,,
14.03.04 Non-metallic mineral products,02.03 Coke oven gas,False,active_mapping,leap_combined_esto|ninth_pairs_to_esto_pairs,14.03 Manufacturing,,,
14.03.04 Non-metallic mineral products,02.04 Blast furnace gas,False,active_mapping,leap_combined_esto|ninth_pairs_to_esto_pairs,14.03 Manufacturing,,,
14.03.04 Non-metallic mineral products,02.05 Other recovered gases,False,active_mapping,leap_combined_esto|ninth_pairs_to_esto_pairs,14.03 Manufacturing,,,
14.03.04 Non-metallic mineral products,02.06 Patent fuel,False,active_mapping,leap_combined_esto|ninth_pairs_to_esto_pairs,14.03 Manufacturing,,,
14.03.04 Non-metallic mineral products,02.07 Coal tar,False,active_mapping,leap_combined_esto|ninth_pairs_to_esto_pairs,14.03 Manufacturing,,,
14.03.04 Non-metallic mineral products,02.08 BKB/PB,False,active_mapping,leap_combined_esto|ninth_pairs_to_esto_pairs,14.03 Manufacturing,,,
14.03.04 Non-metallic mineral products,06.01 Crude oil,False,active_mapping,leap_combined_esto|ninth_pairs_to_esto_pairs,14.03 Manufacturing,,,
14.03.04 Non-metallic mineral products,07.01 Motor gasoline,False,active_mapping,leap_combined_esto|ninth_pairs_to_esto_pairs,14.03 Manufacturing,,,
14.03.04 Non-metallic mineral products,07.02 Aviation gasoline,False,active_mapping,leap_combined_esto|ninth_pairs_to_esto_pairs,14.03 Manufacturing,,,
14.03.04 Non-metallic mineral products,07.03 Naphtha,False,active_mapping,leap_combined_esto|ninth_pairs_to_esto_pairs,14.03 Manufacturing,,,
14.03.04 Non-metallic mineral products,07.04 Gasoline type jet fuel,False,active_mapping,leap_combined_esto|ninth_pairs_to_esto_pairs,14.03 Manufacturing,,,
14.03.04 Non-metallic mineral products,07.05 Kerosene type jet fuel,False,active_mapping,leap_combined_esto|ninth_pairs_to_esto_pairs,14.03 Manufacturing,,,
14.03.04 Non-metallic mineral products,07.06 Kerosene,False,active_mapping,leap_combined_esto|ninth_pairs_to_esto_pairs,14.03 Manufacturing,,,
14.03.04 Non-metallic mineral products,07.07 Gas/diesel oil,False,active_mapping,leap_combined_esto|ninth_pairs_to_esto_pairs,14.03 Manufacturing,,,
14.03.04 Non-metallic mineral products,07.08 Fuel oil,False,active_mapping,leap_combined_esto|ninth_pairs_to_esto_pairs,14.03 Manufacturing,,,
14.03.04 Non-metallic mineral products,07.09 LPG,False,active_mapping,leap_combined_esto|ninth_pairs_to_esto_pairs,14.03 Manufacturing,,,
14.03.04 Non-metallic mineral products,07.10 Refinery gas (not liquefied),False,active_mapping,leap_combined_esto|ninth_pairs_to_esto_pairs,14.03 Manufacturing,,,
14.03.04 Non-metallic mineral products,07.11 Ethane,False,active_mapping,leap_combined_esto|ninth_pairs_to_esto_pairs,14.03 Manufacturing,,,
14.03.04 Non-metallic mineral products,07.12 White spirit SBP,False,active_mapping,leap_combined_esto|ninth_pairs_to_esto_pairs,14.03 Manufacturing,,,
14.03.04 Non-metallic mineral products,07.13 Lubricants,False,active_mapping,leap_combined_esto|ninth_pairs_to_esto_pairs,14.03 Manufacturing,,,
14.03.04 Non-metallic mineral products,07.14 Bitumen,False,active_mapping,leap_combined_esto|ninth_pairs_to_esto_pairs,14.03 Manufacturing,,,
14.03.04 Non-metallic mineral products,07.15 Paraffin waxes,False,active_mapping,leap_combined_esto|ninth_pairs_to_esto_pairs,14.03 Manufacturing,,,
14.03.04 Non-metallic mineral products,07.16 Petroleum coke,False,active_mapping,leap_combined_esto|ninth_pairs_to_esto_pairs,14.03 Manufacturing,,,
14.03.04 Non-metallic mineral products,07.17 Other products,False,active_mapping,leap_combined_esto|ninth_pairs_to_esto_pairs,14.03 Manufacturing,,,
14.03.04 Non-metallic mineral products,07.99 PetProd nonspecified,False,active_mapping,leap_combined_esto|ninth_pairs_to_esto_pairs,14.03 Manufacturing,,,
14.03.04 Non-metallic mineral products,08.01 Natural gas,False,active_mapping,leap_combined_esto|ninth_pairs_to_esto_pairs,14.03 Manufacturing,,,
14.03.04 Non-metallic mineral products,08.03 Gas works gas,False,active_mapping,leap_combined_esto|ninth_pairs_to_esto_pairs,14.03 Manufacturing,,,
14.03.04 Non-metallic mineral products,15.01 Fuelwood & woodwaste,False,active_mapping,leap_combined_esto|ninth_pairs_to_esto_pairs,14.03 Manufacturing,,,
14.03.04 Non-metallic mineral products,15.02 Bagasse,False,active_mapping,leap_combined_esto|ninth_pairs_to_esto_pairs,14.03 Manufacturing,,,
14.03.04 Non-metallic mineral products,15.03 Charcoal,False,active_mapping,leap_combined_esto|ninth_pairs_to_esto_pairs,14.03 Manufacturing,,,
14.03.04 Non-metallic mineral products,15.04 Black liquor,False,active_mapping,leap_combined_esto|ninth_pairs_to_esto_pairs,14.03 Manufacturing,,,
14.03.04 Non-metallic mineral products,15.05 Other biomass,False,active_mapping,leap_combined_esto|ninth_pairs_to_esto_pairs,14.03 Manufacturing,,,
14.03.04 Non-metallic mineral products,16.01 Biogas,False,active_mapping,leap_combined_esto|ninth_pairs_to_esto_pairs,14.03 Manufacturing,,,
14.03.04 Non-metallic mineral products,16.02 Industrial waste,False,active_mapping,leap_combined_esto|ninth_pairs_to_esto_pairs,14.03 Manufacturing,,,
14.03.04 Non-metallic mineral products,16.03 Municipal solid waste (renewable),False,active_mapping,leap_combined_esto|ninth_pairs_to_esto_pairs,14.03 Manufacturing,,,
14.03.04 Non-metallic mineral products,16.04 Municipal solid waste (non-renewable),False,active_mapping,leap_combined_esto|ninth_pairs_to_esto_pairs,14.03 Manufacturing,,,
14.03.04 Non-metallic mineral products,16.05 Biogasoline,False,active_mapping,leap_combined_esto|ninth_pairs_to_esto_pairs,14.03 Manufacturing,,,
14.03.04 Non-metallic mineral products,16.06 Biodiesel,False,active_mapping,leap_combined_esto|ninth_pairs_to_esto_pairs,14.03 Manufacturing,,,
14.03.04 Non-metallic mineral products,16.07 Bio jet kerosene,False,active_mapping,leap_combined_esto|ninth_pairs_to_esto_pairs,14.03 Manufacturing,,,
14.03.04 Non-metallic mineral products,16.08 Other liquid biofuels,False,active_mapping,leap_combined_esto|ninth_pairs_to_esto_pairs,14.03 Manufacturing,,,
14.03.04 Non-metallic mineral products,16.09 Other sources,False,active_mapping,leap_combined_esto|ninth_pairs_to_esto_pairs,14.03 Manufacturing,,,
14.03.04 Non-metallic mineral products,16.12 Hydrogen,False,active_mapping,leap_combined_esto|ninth_pairs_to_esto_pairs,14.03 Manufacturing,,,
14.03.04 Non-metallic mineral products,17 Electricity,False,active_mapping,leap_combined_esto|ninth_pairs_to_esto_pairs,14.03 Manufacturing,,,
14.03.04 Non-metallic mineral products,18 Heat,False,active_mapping,leap_combined_esto|ninth_pairs_to_esto_pairs,14.03 Manufacturing,,,
14.03.05 Transportation equipment,01.02 Other bituminous coal,False,active_mapping,leap_combined_esto|ninth_pairs_to_esto_pairs,14.03 Manufacturing,,,
14.03.05 Transportation equipment,01.03 Sub-bituminous coal,False,active_mapping,leap_combined_esto|ninth_pairs_to_esto_pairs,14.03 Manufacturing,,,
14.03.05 Transportation equipment,01.04 Anthracite,False,active_mapping,leap_combined_esto|ninth_pairs_to_esto_pairs,14.03 Manufacturing,,,
14.03.05 Transportation equipment,01.05 Lignite,False,active_mapping,leap_combined_esto|ninth_pairs_to_esto_pairs,14.03 Manufacturing,,,
14.03.05 Transportation equipment,02.01 Coke oven coke,False,active_mapping,leap_combined_esto|ninth_pairs_to_esto_pairs,14.03 Manufacturing,,,
14.03.05 Transportation equipment,02.02 Gas coke,False,active_mapping,leap_combined_esto|ninth_pairs_to_esto_pairs,14.03 Manufacturing,,,
14.03.05 Transportation equipment,02.03 Coke oven gas,False,active_mapping,leap_combined_esto|ninth_pairs_to_esto_pairs,14.03 Manufacturing,,,
14.03.05 Transportation equipment,02.04 Blast furnace gas,False,active_mapping,leap_combined_esto|ninth_pairs_to_esto_pairs,14.03 Manufacturing,,,
14.03.05 Transportation equipment,02.05 Other recovered gases,False,active_mapping,leap_combined_esto|ninth_pairs_to_esto_pairs,14.03 Manufacturing,,,
14.03.05 Transportation equipment,02.06 Patent fuel,False,active_mapping,leap_combined_esto|ninth_pairs_to_esto_pairs,14.03 Manufacturing,,,
14.03.05 Transportation equipment,02.07 Coal tar,False,active_mapping,leap_combined_esto|ninth_pairs_to_esto_pairs,14.03 Manufacturing,,,
14.03.05 Transportation equipment,02.08 BKB/PB,False,active_mapping,leap_combined_esto|ninth_pairs_to_esto_pairs,14.03 Manufacturing,,,
14.03.05 Transportation equipment,07.01 Motor gasoline,False,active_mapping,leap_combined_esto|ninth_pairs_to_esto_pairs,14.03 Manufacturing,,,
14.03.05 Transportation equipment,07.04 Gasoline type jet fuel,False,active_mapping,leap_combined_esto|ninth_pairs_to_esto_pairs,14.03 Manufacturing,,,
14.03.05 Transportation equipment,07.05 Kerosene type jet fuel,False,active_mapping,leap_combined_esto|ninth_pairs_to_esto_pairs,14.03 Manufacturing,,,
14.03.05 Transportation equipment,07.06 Kerosene,False,active_mapping,leap_combined_esto|ninth_pairs_to_esto_pairs,14.03 Manufacturing,,,
14.03.05 Transportation equipment,07.07 Gas/diesel oil,False,active_mapping,leap_combined_esto|ninth_pairs_to_esto_pairs,14.03 Manufacturing,,,
14.03.05 Transportation equipment,07.08 Fuel oil,False,active_mapping,leap_combined_esto|ninth_pairs_to_esto_pairs,14.03 Manufacturing,,,
14.03.05 Transportation equipment,07.09 LPG,False,active_mapping,leap_combined_esto|ninth_pairs_to_esto_pairs,14.03 Manufacturing,,,
14.03.05 Transportation equipment,07.12 White spirit SBP,False,active_mapping,leap_combined_esto|ninth_pairs_to_esto_pairs,14.03 Manufacturing,,,
14.03.05 Transportation equipment,07.15 Paraffin waxes,False,active_mapping,leap_combined_esto|ninth_pairs_to_esto_pairs,14.03 Manufacturing,,,
14.03.05 Transportation equipment,07.17 Other products,False,active_mapping,leap_combined_esto|ninth_pairs_to_esto_pairs,14.03 Manufacturing,,,
14.03.05 Transportation equipment,07.99 PetProd nonspecified,False,active_mapping,leap_combined_esto|ninth_pairs_to_esto_pairs,14.03 Manufacturing,,,
14.03.05 Transportation equipment,08.01 Natural gas,False,active_mapping,leap_combined_esto|ninth_pairs_to_esto_pairs,14.03 Manufacturing,,,
14.03.05 Transportation equipment,08.03 Gas works gas,False,active_mapping,leap_combined_esto|ninth_pairs_to_esto_pairs,14.03 Manufacturing,,,
14.03.05 Transportation equipment,15.01 Fuelwood & woodwaste,False,active_mapping,leap_combined_esto|ninth_pairs_to_esto_pairs,14.03 Manufacturing,,,
14.03.05 Transportation equipment,15.02 Bagasse,False,active_mapping,leap_combined_esto|ninth_pairs_to_esto_pairs,14.03 Manufacturing,,,
14.03.05 Transportation equipment,15.03 Charcoal,False,active_mapping,leap_combined_esto|ninth_pairs_to_esto_pairs,14.03 Manufacturing,,,
14.03.05 Transportation equipment,15.04 Black liquor,False,active_mapping,leap_combined_esto|ninth_pairs_to_esto_pairs,14.03 Manufacturing,,,
14.03.05 Transportation equipment,15.05 Other biomass,False,active_mapping,leap_combined_esto|ninth_pairs_to_esto_pairs,14.03 Manufacturing,,,
14.03.05 Transportation equipment,16.01 Biogas,False,active_mapping,leap_combined_esto|ninth_pairs_to_esto_pairs,14.03 Manufacturing,,,
14.03.05 Transportation equipment,16.02 Industrial waste,False,active_mapping,leap_combined_esto|ninth_pairs_to_esto_pairs,14.03 Manufacturing,,,
14.03.05 Transportation equipment,16.03 Municipal solid waste (renewable),False,active_mapping,leap_combined_esto|ninth_pairs_to_esto_pairs,14.03 Manufacturing,,,
14.03.05 Transportation equipment,16.04 Municipal solid waste (non-renewable),False,active_mapping,leap_combined_esto|ninth_pairs_to_esto_pairs,14.03 Manufacturing,,,
14.03.05 Transportation equipment,16.05 Biogasoline,False,active_mapping,leap_combined_esto|ninth_pairs_to_esto_pairs,14.03 Manufacturing,,,
14.03.05 Transportation equipment,16.06 Biodiesel,False,active_mapping,leap_combined_esto|ninth_pairs_to_esto_pairs,14.03 Manufacturing,,,
14.03.05 Transportation equipment,16.07 Bio jet kerosene,False,active_mapping,leap_combined_esto|ninth_pairs_to_esto_pairs,14.03 Manufacturing,,,
14.03.05 Transportation equipment,16.08 Other liquid biofuels,False,active_mapping,leap_combined_esto|ninth_pairs_to_esto_pairs,14.03 Manufacturing,,,
14.03.05 Transportation equipment,16.09 Other sources,False,active_mapping,leap_combined_esto|ninth_pairs_to_esto_pairs,14.03 Manufacturing,,,
14.03.05 Transportation equipment,17 Electricity,False,active_mapping,leap_combined_esto|ninth_pairs_to_esto_pairs,14.03 Manufacturing,,,
14.03.05 Transportation equipment,18 Heat,False,active_mapping,leap_combined_esto|ninth_pairs_to_esto_pairs,14.03 Manufacturing,,,
14.03.06 Machinery,01.02 Other bituminous coal,False,active_mapping,leap_combined_esto|ninth_pairs_to_esto_pairs,14.03 Manufacturing,,,
14.03.06 Machinery,01.03 Sub-bituminous coal,False,active_mapping,leap_combined_esto|ninth_pairs_to_esto_pairs,14.03 Manufacturing,,,
14.03.06 Machinery,01.04 Anthracite,False,active_mapping,leap_combined_esto|ninth_pairs_to_esto_pairs,14.03 Manufacturing,,,
14.03.06 Machinery,01.05 Lignite,False,active_mapping,leap_combined_esto|ninth_pairs_to_esto_pairs,14.03 Manufacturing,,,
14.03.06 Machinery,01.99 Coal nonspecified,False,active_mapping,leap_combined_esto|ninth_pairs_to_esto_pairs,14.03 Manufacturing,,,
14.03.06 Machinery,02.01 Coke oven coke,False,active_mapping,leap_combined_esto|ninth_pairs_to_esto_pairs,14.03 Manufacturing,,,
14.03.06 Machinery,02.02 Gas coke,False,active_mapping,leap_combined_esto|ninth_pairs_to_esto_pairs,14.03 Manufacturing,,,
14.03.06 Machinery,02.03 Coke oven gas,False,active_mapping,leap_combined_esto|ninth_pairs_to_esto_pairs,14.03 Manufacturing,,,
14.03.06 Machinery,02.04 Blast furnace gas,False,active_mapping,leap_combined_esto|ninth_pairs_to_esto_pairs,14.03 Manufacturing,,,
14.03.06 Machinery,02.05 Other recovered gases,False,active_mapping,leap_combined_esto|ninth_pairs_to_esto_pairs,14.03 Manufacturing,,,
14.03.06 Machinery,02.06 Patent fuel,False,active_mapping,leap_combined_esto|ninth_pairs_to_esto_pairs,14.03 Manufacturing,,,
14.03.06 Machinery,02.07 Coal tar,False,active_mapping,leap_combined_esto|ninth_pairs_to_esto_pairs,14.03 Manufacturing,,,
14.03.06 Machinery,02.08 BKB/PB,False,active_mapping,leap_combined_esto|ninth_pairs_to_esto_pairs,14.03 Manufacturing,,,
14.03.06 Machinery,06.01 Crude oil,False,active_mapping,leap_combined_esto|ninth_pairs_to_esto_pairs,14.03 Manufacturing,,,
14.03.06 Machinery,07.01 Motor gasoline,False,active_mapping,leap_combined_esto|ninth_pairs_to_esto_pairs,14.03 Manufacturing,,,
14.03.06 Machinery,07.02 Aviation gasoline,False,active_mapping,leap_combined_esto|ninth_pairs_to_esto_pairs,14.03 Manufacturing,,,
14.03.06 Machinery,07.03 Naphtha,False,active_mapping,leap_combined_esto|ninth_pairs_to_esto_pairs,14.03 Manufacturing,,,
14.03.06 Machinery,07.04 Gasoline type jet fuel,False,active_mapping,leap_combined_esto|ninth_pairs_to_esto_pairs,14.03 Manufacturing,,,
14.03.06 Machinery,07.05 Kerosene type jet fuel,False,active_mapping,leap_combined_esto|ninth_pairs_to_esto_pairs,14.03 Manufacturing,,,
14.03.06 Machinery,07.06 Kerosene,False,active_mapping,leap_combined_esto|ninth_pairs_to_esto_pairs,14.03 Manufacturing,,,
14.03.06 Machinery,07.07 Gas/diesel oil,False,active_mapping,leap_combined_esto|ninth_pairs_to_esto_pairs,14.03 Manufacturing,,,
14.03.06 Machinery,07.08 Fuel oil,False,active_mapping,leap_combined_esto|ninth_pairs_to_esto_pairs,14.03 Manufacturing,,,
14.03.06 Machinery,07.09 LPG,False,active_mapping,leap_combined_esto|ninth_pairs_to_esto_pairs,14.03 Manufacturing,,,
14.03.06 Machinery,07.10 Refinery gas (not liquefied),False,active_mapping,leap_combined_esto|ninth_pairs_to_esto_pairs,14.03 Manufacturing,,,
14.03.06 Machinery,07.11 Ethane,False,active_mapping,leap_combined_esto|ninth_pairs_to_esto_pairs,14.03 Manufacturing,,,
14.03.06 Machinery,07.12 White spirit SBP,False,active_mapping,leap_combined_esto|ninth_pairs_to_esto_pairs,14.03 Manufacturing,,,
14.03.06 Machinery,07.13 Lubricants,False,active_mapping,leap_combined_esto|ninth_pairs_to_esto_pairs,14.03 Manufacturing,,,
14.03.06 Machinery,07.14 Bitumen,False,active_mapping,leap_combined_esto|ninth_pairs_to_esto_pairs,14.03 Manufacturing,,,
14.03.06 Machinery,07.15 Paraffin waxes,False,active_mapping,leap_combined_esto|ninth_pairs_to_esto_pairs,14.03 Manufacturing,,,
14.03.06 Machinery,07.16 Petroleum coke,False,active_mapping,leap_combined_esto|ninth_pairs_to_esto_pairs,14.03 Manufacturing,,,
14.03.06 Machinery,07.17 Other products,False,active_mapping,leap_combined_esto|ninth_pairs_to_esto_pairs,14.03 Manufacturing,,,
14.03.06 Machinery,07.99 PetProd nonspecified,False,active_mapping,leap_combined_esto|ninth_pairs_to_esto_pairs,14.03 Manufacturing,,,
14.03.06 Machinery,08.01 Natural gas,False,active_mapping,leap_combined_esto|ninth_pairs_to_esto_pairs,14.03 Manufacturing,,,
14.03.06 Machinery,08.03 Gas works gas,False,active_mapping,leap_combined_esto|ninth_pairs_to_esto_pairs,14.03 Manufacturing,,,
14.03.06 Machinery,15.01 Fuelwood & woodwaste,False,active_mapping,leap_combined_esto|ninth_pairs_to_esto_pairs,14.03 Manufacturing,,,
14.03.06 Machinery,15.02 Bagasse,False,active_mapping,leap_combined_esto|ninth_pairs_to_esto_pairs,14.03 Manufacturing,,,
14.03.06 Machinery,15.03 Charcoal,False,active_mapping,leap_combined_esto|ninth_pairs_to_esto_pairs,14.03 Manufacturing,,,
14.03.06 Machinery,15.04 Black liquor,False,active_mapping,leap_combined_esto|ninth_pairs_to_esto_pairs,14.03 Manufacturing,,,
14.03.06 Machinery,15.05 Other biomass,False,active_mapping,leap_combined_esto|ninth_pairs_to_esto_pairs,14.03 Manufacturing,,,
14.03.06 Machinery,16.01 Biogas,False,active_mapping,leap_combined_esto|ninth_pairs_to_esto_pairs,14.03 Manufacturing,,,
14.03.06 Machinery,16.02 Industrial waste,False,active_mapping,leap_combined_esto|ninth_pairs_to_esto_pairs,14.03 Manufacturing,,,
14.03.06 Machinery,16.03 Municipal solid waste (renewable),False,active_mapping,leap_combined_esto|ninth_pairs_to_esto_pairs,14.03 Manufacturing,,,
14.03.06 Machinery,16.04 Municipal solid waste (non-renewable),False,active_mapping,leap_combined_esto|ninth_pairs_to_esto_pairs,14.03 Manufacturing,,,
14.03.06 Machinery,16.05 Biogasoline,False,active_mapping,leap_combined_esto|ninth_pairs_to_esto_pairs,14.03 Manufacturing,,,
14.03.06 Machinery,16.06 Biodiesel,False,active_mapping,leap_combined_esto|ninth_pairs_to_esto_pairs,14.03 Manufacturing,,,
14.03.06 Machinery,16.07 Bio jet kerosene,False,active_mapping,leap_combined_esto|ninth_pairs_to_esto_pairs,14.03 Manufacturing,,,
14.03.06 Machinery,16.08 Other liquid biofuels,False,active_mapping,leap_combined_esto|ninth_pairs_to_esto_pairs,14.03 Manufacturing,,,
14.03.06 Machinery,16.09 Other sources,False,active_mapping,leap_combined_esto|ninth_pairs_to_esto_pairs,14.03 Manufacturing,,,
14.03.06 Machinery,17 Electricity,False,active_mapping,leap_combined_esto|ninth_pairs_to_esto_pairs,14.03 Manufacturing,,,
14.03.06 Machinery,18 Heat,False,active_mapping,leap_combined_esto|ninth_pairs_to_esto_pairs,14.03 Manufacturing,,,
"14.03.07 Food, beverages and tobacco",01.02 Other bituminous coal,False,active_mapping,leap_combined_esto|ninth_pairs_to_esto_pairs,14.03 Manufacturing,,,
"14.03.07 Food, beverages and tobacco",01.03 Sub-bituminous coal,False,active_mapping,leap_combined_esto|ninth_pairs_to_esto_pairs,14.03 Manufacturing,,,
"14.03.07 Food, beverages and tobacco",01.04 Anthracite,False,active_mapping,leap_combined_esto|ninth_pairs_to_esto_pairs,14.03 Manufacturing,,,
"14.03.07 Food, beverages and tobacco",01.05 Lignite,False,active_mapping,leap_combined_esto|ninth_pairs_to_esto_pairs,14.03 Manufacturing,,,
"14.03.07 Food, beverages and tobacco",01.99 Coal nonspecified,False,active_mapping,leap_combined_esto|ninth_pairs_to_esto_pairs,14.03 Manufacturing,,,
"14.03.07 Food, beverages and tobacco",02.01 Coke oven coke,False,active_mapping,leap_combined_esto|ninth_pairs_to_esto_pairs,14.03 Manufacturing,,,
"14.03.07 Food, beverages and tobacco",02.02 Gas coke,False,active_mapping,leap_combined_esto|ninth_pairs_to_esto_pairs,14.03 Manufacturing,,,
"14.03.07 Food, beverages and tobacco",02.03 Coke oven gas,False,active_mapping,leap_combined_esto|ninth_pairs_to_esto_pairs,14.03 Manufacturing,,,
"14.03.07 Food, beverages and tobacco",02.04 Blast furnace gas,False,active_mapping,leap_combined_esto|ninth_pairs_to_esto_pairs,14.03 Manufacturing,,,
"14.03.07 Food, beverages and tobacco",02.05 Other recovered gases,False,active_mapping,leap_combined_esto|ninth_pairs_to_esto_pairs,14.03 Manufacturing,,,
"14.03.07 Food, beverages and tobacco",02.06 Patent fuel,False,active_mapping,leap_combined_esto|ninth_pairs_to_esto_pairs,14.03 Manufacturing,,,
"14.03.07 Food, beverages and tobacco",02.07 Coal tar,False,active_mapping,leap_combined_esto|ninth_pairs_to_esto_pairs,14.03 Manufacturing,,,
"14.03.07 Food, beverages and tobacco",02.08 BKB/PB,False,active_mapping,leap_combined_esto|ninth_pairs_to_esto_pairs,14.03 Manufacturing,,,
"14.03.07 Food, beverages and tobacco",06.01 Crude oil,False,active_mapping,leap_combined_esto|ninth_pairs_to_esto_pairs,14.03 Manufacturing,,,
"14.03.07 Food, beverages and tobacco",07.01 Motor gasoline,False,active_mapping,leap_combined_esto|ninth_pairs_to_esto_pairs,14.03 Manufacturing,,,
"14.03.07 Food, beverages and tobacco",07.06 Kerosene,False,active_mapping,leap_combined_esto|ninth_pairs_to_esto_pairs,14.03 Manufacturing,,,
"14.03.07 Food, beverages and tobacco",07.07 Gas/diesel oil,False,active_mapping,leap_combined_esto|ninth_pairs_to_esto_pairs,14.03 Manufacturing,,,
"14.03.07 Food, beverages and tobacco",07.08 Fuel oil,False,active_mapping,leap_combined_esto|ninth_pairs_to_esto_pairs,14.03 Manufacturing,,,
"14.03.07 Food, beverages and tobacco",07.09 LPG,False,active_mapping,leap_combined_esto|ninth_pairs_to_esto_pairs,14.03 Manufacturing,,,
"14.03.07 Food, beverages and tobacco",07.10 Refinery gas (not liquefied),False,active_mapping,leap_combined_esto|ninth_pairs_to_esto_pairs,14.03 Manufacturing,,,
"14.03.07 Food, beverages and tobacco",07.12 White spirit SBP,False,active_mapping,leap_combined_esto|ninth_pairs_to_esto_pairs,14.03 Manufacturing,,,
"14.03.07 Food, beverages and tobacco",07.15 Paraffin waxes,False,active_mapping,leap_combined_esto|ninth_pairs_to_esto_pairs,14.03 Manufacturing,,,
"14.03.07 Food, beverages and tobacco",07.17 Other products,False,active_mapping,leap_combined_esto|ninth_pairs_to_esto_pairs,14.03 Manufacturing,,,
"14.03.07 Food, beverages and tobacco",07.99 PetProd nonspecified,False,active_mapping,leap_combined_esto|ninth_pairs_to_esto_pairs,14.03 Manufacturing,,,
"14.03.07 Food, beverages and tobacco",08.01 Natural gas,False,active_mapping,leap_combined_esto|ninth_pairs_to_esto_pairs,14.03 Manufacturing,,,
"14.03.07 Food, beverages and tobacco",08.03 Gas works gas,False,active_mapping,leap_combined_esto|ninth_pairs_to_esto_pairs,14.03 Manufacturing,,,
"14.03.07 Food, beverages and tobacco",11 Geothermal,False,active_mapping,leap_combined_esto|ninth_pairs_to_esto_pairs,14.03 Manufacturing,,,
"14.03.07 Food, beverages and tobacco",15.01 Fuelwood & woodwaste,False,active_mapping,leap_combined_esto|ninth_pairs_to_esto_pairs,14.03 Manufacturing,,,
"14.03.07 Food, beverages and tobacco",15.02 Bagasse,False,active_mapping,leap_combined_esto|ninth_pairs_to_esto_pairs,14.03 Manufacturing,,,
"14.03.07 Food, beverages and tobacco",15.03 Charcoal,False,active_mapping,leap_combined_esto|ninth_pairs_to_esto_pairs,14.03 Manufacturing,,,
"14.03.07 Food, beverages and tobacco",15.04 Black liquor,False,active_mapping,leap_combined_esto|ninth_pairs_to_esto_pairs,14.03 Manufacturing,,,
"14.03.07 Food, beverages and tobacco",15.05 Other biomass,False,active_mapping,leap_combined_esto|ninth_pairs_to_esto_pairs,14.03 Manufacturing,,,
"14.03.07 Food, beverages and tobacco",16.01 Biogas,False,active_mapping,leap_combined_esto|ninth_pairs_to_esto_pairs,14.03 Manufacturing,,,
"14.03.07 Food, beverages and tobacco",16.02 Industrial waste,False,active_mapping,leap_combined_esto|ninth_pairs_to_esto_pairs,14.03 Manufacturing,,,
"14.03.07 Food, beverages and tobacco",16.03 Municipal solid waste (renewable),False,active_mapping,leap_combined_esto|ninth_pairs_to_esto_pairs,14.03 Manufacturing,,,
"14.03.07 Food, beverages and tobacco",16.04 Municipal solid waste (non-renewable),False,active_mapping,leap_combined_esto|ninth_pairs_to_esto_pairs,14.03 Manufacturing,,,
"14.03.07 Food, beverages and tobacco",16.05 Biogasoline,False,active_mapping,leap_combined_esto|ninth_pairs_to_esto_pairs,14.03 Manufacturing,,,
"14.03.07 Food, beverages and tobacco",16.06 Biodiesel,False,active_mapping,leap_combined_esto|ninth_pairs_to_esto_pairs,14.03 Manufacturing,,,
"14.03.07 Food, beverages and tobacco",16.07 Bio jet kerosene,False,active_mapping,leap_combined_esto|ninth_pairs_to_esto_pairs,14.03 Manufacturing,,,
"14.03.07 Food, beverages and tobacco",16.08 Other liquid biofuels,False,active_mapping,leap_combined_esto|ninth_pairs_to_esto_pairs,14.03 Manufacturing,,,
"14.03.07 Food, beverages and tobacco",16.09 Other sources,False,active_mapping,leap_combined_esto|ninth_pairs_to_esto_pairs,14.03 Manufacturing,,,
"14.03.07 Food, beverages and tobacco",17 Electricity,False,active_mapping,leap_combined_esto|ninth_pairs_to_esto_pairs,14.03 Manufacturing,,,
"14.03.07 Food, beverages and tobacco",18 Heat,False,active_mapping,leap_combined_esto|ninth_pairs_to_esto_pairs,14.03 Manufacturing,,,
"14.03.08 Pulp, paper and printing",01.02 Other bituminous coal,False,active_mapping,leap_combined_esto|ninth_pairs_to_esto_pairs,14.03 Manufacturing,,,
"14.03.08 Pulp, paper and printing",01.03 Sub-bituminous coal,False,active_mapping,leap_combined_esto|ninth_pairs_to_esto_pairs,14.03 Manufacturing,,,
"14.03.08 Pulp, paper and printing",01.04 Anthracite,False,active_mapping,leap_combined_esto|ninth_pairs_to_esto_pairs,14.03 Manufacturing,,,
"14.03.08 Pulp, paper and printing",01.05 Lignite,False,active_mapping,leap_combined_esto|ninth_pairs_to_esto_pairs,14.03 Manufacturing,,,
"14.03.08 Pulp, paper and printing",01.99 Coal nonspecified,False,active_mapping,leap_combined_esto|ninth_pairs_to_esto_pairs,14.03 Manufacturing,,,
"14.03.08 Pulp, paper and printing",02.01 Coke oven coke,False,active_mapping,leap_combined_esto|ninth_pairs_to_esto_pairs,14.03 Manufacturing,,,
"14.03.08 Pulp, paper and printing",02.02 Gas coke,False,active_mapping,leap_combined_esto|ninth_pairs_to_esto_pairs,14.03 Manufacturing,,,
"14.03.08 Pulp, paper and printing",02.03 Coke oven gas,False,active_mapping,leap_combined_esto|ninth_pairs_to_esto_pairs,14.03 Manufacturing,,,
"14.03.08 Pulp, paper and printing",02.04 Blast furnace gas,False,active_mapping,leap_combined_esto|ninth_pairs_to_esto_pairs,14.03 Manufacturing,,,
"14.03.08 Pulp, paper and printing",02.05 Other recovered gases,False,active_mapping,leap_combined_esto|ninth_pairs_to_esto_pairs,14.03 Manufacturing,,,
"14.03.08 Pulp, paper and printing",02.06 Patent fuel,False,active_mapping,leap_combined_esto|ninth_pairs_to_esto_pairs,14.03 Manufacturing,,,
"14.03.08 Pulp, paper and printing",02.07 Coal tar,False,active_mapping,leap_combined_esto|ninth_pairs_to_esto_pairs,14.03 Manufacturing,,,
"14.03.08 Pulp, paper and printing",02.08 BKB/PB,False,active_mapping,leap_combined_esto|ninth_pairs_to_esto_pairs,14.03 Manufacturing,,,
"14.03.08 Pulp, paper and printing",06.01 Crude oil,False,active_mapping,leap_combined_esto|ninth_pairs_to_esto_pairs,14.03 Manufacturing,,,
"14.03.08 Pulp, paper and printing",07.01 Motor gasoline,False,active_mapping,leap_combined_esto|ninth_pairs_to_esto_pairs,14.03 Manufacturing,,,
"14.03.08 Pulp, paper and printing",07.02 Aviation gasoline,False,active_mapping,leap_combined_esto|ninth_pairs_to_esto_pairs,14.03 Manufacturing,,,
"14.03.08 Pulp, paper and printing",07.03 Naphtha,False,active_mapping,leap_combined_esto|ninth_pairs_to_esto_pairs,14.03 Manufacturing,,,
"14.03.08 Pulp, paper and printing",07.04 Gasoline type jet fuel,False,active_mapping,leap_combined_esto|ninth_pairs_to_esto_pairs,14.03 Manufacturing,,,
"14.03.08 Pulp, paper and printing",07.05 Kerosene type jet fuel,False,active_mapping,leap_combined_esto|ninth_pairs_to_esto_pairs,14.03 Manufacturing,,,
"14.03.08 Pulp, paper and printing",07.06 Kerosene,False,active_mapping,leap_combined_esto|ninth_pairs_to_esto_pairs,14.03 Manufacturing,,,
"14.03.08 Pulp, paper and printing",07.07 Gas/diesel oil,False,active_mapping,leap_combined_esto|ninth_pairs_to_esto_pairs,14.03 Manufacturing,,,
"14.03.08 Pulp, paper and printing",07.08 Fuel oil,False,active_mapping,leap_combined_esto|ninth_pairs_to_esto_pairs,14.03 Manufacturing,,,
"14.03.08 Pulp, paper and printing",07.09 LPG,False,active_mapping,leap_combined_esto|ninth_pairs_to_esto_pairs,14.03 Manufacturing,,,
"14.03.08 Pulp, paper and printing",07.10 Refinery gas (not liquefied),False,active_mapping,leap_combined_esto|ninth_pairs_to_esto_pairs,14.03 Manufacturing,,,
"14.03.08 Pulp, paper and printing",07.11 Ethane,False,active_mapping,leap_combined_esto|ninth_pairs_to_esto_pairs,14.03 Manufacturing,,,
"14.03.08 Pulp, paper and printing",07.12 White spirit SBP,False,active_mapping,leap_combined_esto|ninth_pairs_to_esto_pairs,14.03 Manufacturing,,,
"14.03.08 Pulp, paper and printing",07.13 Lubricants,False,active_mapping,leap_combined_esto|ninth_pairs_to_esto_pairs,14.03 Manufacturing,,,
"14.03.08 Pulp, paper and printing",07.14 Bitumen,False,active_mapping,leap_combined_esto|ninth_pairs_to_esto_pairs,14.03 Manufacturing,,,
"14.03.08 Pulp, paper and printing",07.15 Paraffin waxes,False,active_mapping,leap_combined_esto|ninth_pairs_to_esto_pairs,14.03 Manufacturing,,,
"14.03.08 Pulp, paper and printing",07.16 Petroleum coke,False,active_mapping,leap_combined_esto|ninth_pairs_to_esto_pairs,14.03 Manufacturing,,,
"14.03.08 Pulp, paper and printing",07.17 Other products,False,active_mapping,leap_combined_esto|ninth_pairs_to_esto_pairs,14.03 Manufacturing,,,
"14.03.08 Pulp, paper and printing",07.99 PetProd nonspecified,False,active_mapping,leap_combined_esto|ninth_pairs_to_esto_pairs,14.03 Manufacturing,,,
"14.03.08 Pulp, paper and printing",08.01 Natural gas,False,active_mapping,leap_combined_esto|ninth_pairs_to_esto_pairs,14.03 Manufacturing,,,
"14.03.08 Pulp, paper and printing",08.03 Gas works gas,False,active_mapping,leap_combined_esto|ninth_pairs_to_esto_pairs,14.03 Manufacturing,,,
"14.03.08 Pulp, paper and printing",15.01 Fuelwood & woodwaste,False,active_mapping,leap_combined_esto|ninth_pairs_to_esto_pairs,14.03 Manufacturing,,,
"14.03.08 Pulp, paper and printing",15.02 Bagasse,False,active_mapping,leap_combined_esto|ninth_pairs_to_esto_pairs,14.03 Manufacturing,,,
"14.03.08 Pulp, paper and printing",15.03 Charcoal,False,active_mapping,leap_combined_esto|ninth_pairs_to_esto_pairs,14.03 Manufacturing,,,
"14.03.08 Pulp, paper and printing",15.04 Black liquor,False,active_mapping,leap_combined_esto|ninth_pairs_to_esto_pairs,14.03 Manufacturing,,,
"14.03.08 Pulp, paper and printing",15.05 Other biomass,False,active_mapping,leap_combined_esto|ninth_pairs_to_esto_pairs,14.03 Manufacturing,,,
"14.03.08 Pulp, paper and printing",16.01 Biogas,False,active_mapping,leap_combined_esto|ninth_pairs_to_esto_pairs,14.03 Manufacturing,,,
"14.03.08 Pulp, paper and printing",16.02 Industrial waste,False,active_mapping,leap_combined_esto|ninth_pairs_to_esto_pairs,14.03 Manufacturing,,,
"14.03.08 Pulp, paper and printing",16.03 Municipal solid waste (renewable),False,active_mapping,leap_combined_esto|ninth_pairs_to_esto_pairs,14.03 Manufacturing,,,
"14.03.08 Pulp, paper and printing",16.04 Municipal solid waste (non-renewable),False,active_mapping,leap_combined_esto|ninth_pairs_to_esto_pairs,14.03 Manufacturing,,,
"14.03.08 Pulp, paper and printing",16.05 Biogasoline,False,active_mapping,leap_combined_esto|ninth_pairs_to_esto_pairs,14.03 Manufacturing,,,
"14.03.08 Pulp, paper and printing",16.06 Biodiesel,False,active_mapping,leap_combined_esto|ninth_pairs_to_esto_pairs,14.03 Manufacturing,,,
"14.03.08 Pulp, paper and printing",16.07 Bio jet kerosene,False,active_mapping,leap_combined_esto|ninth_pairs_to_esto_pairs,14.03 Manufacturing,,,
"14.03.08 Pulp, paper and printing",16.08 Other liquid biofuels,False,active_mapping,leap_combined_esto|ninth_pairs_to_esto_pairs,14.03 Manufacturing,,,
"14.03.08 Pulp, paper and printing",16.09 Other sources,False,active_mapping,leap_combined_esto|ninth_pairs_to_esto_pairs,14.03 Manufacturing,,,
"14.03.08 Pulp, paper and printing",17 Electricity,False,active_mapping,leap_combined_esto|ninth_pairs_to_esto_pairs,14.03 Manufacturing,,,
"14.03.08 Pulp, paper and printing",18 Heat,False,active_mapping,leap_combined_esto|ninth_pairs_to_esto_pairs,14.03 Manufacturing,,,
14.03.09 Wood and wood products,01.02 Other bituminous coal,False,active_mapping,leap_combined_esto|ninth_pairs_to_esto_pairs,14.03 Manufacturing,,,
14.03.09 Wood and wood products,01.03 Sub-bituminous coal,False,active_mapping,leap_combined_esto|ninth_pairs_to_esto_pairs,14.03 Manufacturing,,,
14.03.09 Wood and wood products,01.04 Anthracite,False,active_mapping,leap_combined_esto|ninth_pairs_to_esto_pairs,14.03 Manufacturing,,,
14.03.09 Wood and wood products,01.05 Lignite,False,active_mapping,leap_combined_esto|ninth_pairs_to_esto_pairs,14.03 Manufacturing,,,
14.03.09 Wood and wood products,02.01 Coke oven coke,False,active_mapping,leap_combined_esto|ninth_pairs_to_esto_pairs,14.03 Manufacturing,,,
14.03.09 Wood and wood products,02.02 Gas coke,False,active_mapping,leap_combined_esto|ninth_pairs_to_esto_pairs,14.03 Manufacturing,,,
14.03.09 Wood and wood products,02.03 Coke oven gas,False,active_mapping,leap_combined_esto|ninth_pairs_to_esto_pairs,14.03 Manufacturing,,,
14.03.09 Wood and wood products,02.04 Blast furnace gas,False,active_mapping,leap_combined_esto|ninth_pairs_to_esto_pairs,14.03 Manufacturing,,,
14.03.09 Wood and wood products,02.05 Other recovered gases,False,active_mapping,leap_combined_esto|ninth_pairs_to_esto_pairs,14.03 Manufacturing,,,
14.03.09 Wood and wood products,02.06 Patent fuel,False,active_mapping,leap_combined_esto|ninth_pairs_to_esto_pairs,14.03 Manufacturing,,,
14.03.09 Wood and wood products,02.07 Coal tar,False,active_mapping,leap_combined_esto|ninth_pairs_to_esto_pairs,14.03 Manufacturing,,,
14.03.09 Wood and wood products,02.08 BKB/PB,False,active_mapping,leap_combined_esto|ninth_pairs_to_esto_pairs,14.03 Manufacturing,,,
14.03.09 Wood and wood products,06.01 Crude oil,False,active_mapping,leap_combined_esto|ninth_pairs_to_esto_pairs,14.03 Manufacturing,,,
14.03.09 Wood and wood products,07.01 Motor gasoline,False,active_mapping,leap_combined_esto|ninth_pairs_to_esto_pairs,14.03 Manufacturing,,,
14.03.09 Wood and wood products,07.06 Kerosene,False,active_mapping,leap_combined_esto|ninth_pairs_to_esto_pairs,14.03 Manufacturing,,,
14.03.09 Wood and wood products,07.07 Gas/diesel oil,False,active_mapping,leap_combined_esto|ninth_pairs_to_esto_pairs,14.03 Manufacturing,,,
14.03.09 Wood and wood products,07.08 Fuel oil,False,active_mapping,leap_combined_esto|ninth_pairs_to_esto_pairs,14.03 Manufacturing,,,
14.03.09 Wood and wood products,07.09 LPG,False,active_mapping,leap_combined_esto|ninth_pairs_to_esto_pairs,14.03 Manufacturing,,,
14.03.09 Wood and wood products,07.15 Paraffin waxes,False,active_mapping,leap_combined_esto|ninth_pairs_to_esto_pairs,14.03 Manufacturing,,,
14.03.09 Wood and wood products,07.17 Other products,False,active_mapping,leap_combined_esto|ninth_pairs_to_esto_pairs,14.03 Manufacturing,,,
14.03.09 Wood and wood products,07.99 PetProd nonspecified,False,active_mapping,leap_combined_esto|ninth_pairs_to_esto_pairs,14.03 Manufacturing,,,
14.03.09 Wood and wood products,08.01 Natural gas,False,active_mapping,leap_combined_esto|ninth_pairs_to_esto_pairs,14.03 Manufacturing,,,
14.03.09 Wood and wood products,15.01 Fuelwood & woodwaste,False,active_mapping,leap_combined_esto|ninth_pairs_to_esto_pairs,14.03 Manufacturing,,,
14.03.09 Wood and wood products,15.02 Bagasse,False,active_mapping,leap_combined_esto|ninth_pairs_to_esto_pairs,14.03 Manufacturing,,,
14.03.09 Wood and wood products,15.03 Charcoal,False,active_mapping,leap_combined_esto|ninth_pairs_to_esto_pairs,14.03 Manufacturing,,,
14.03.09 Wood and wood products,15.04 Black liquor,False,active_mapping,leap_combined_esto|ninth_pairs_to_esto_pairs,14.03 Manufacturing,,,
14.03.09 Wood and wood products,15.05 Other biomass,False,active_mapping,leap_combined_esto|ninth_pairs_to_esto_pairs,14.03 Manufacturing,,,
14.03.09 Wood and wood products,16.01 Biogas,False,active_mapping,leap_combined_esto|ninth_pairs_to_esto_pairs,14.03 Manufacturing,,,
14.03.09 Wood and wood products,16.02 Industrial waste,False,active_mapping,leap_combined_esto|ninth_pairs_to_esto_pairs,14.03 Manufacturing,,,
14.03.09 Wood and wood products,16.03 Municipal solid waste (renewable),False,active_mapping,leap_combined_esto|ninth_pairs_to_esto_pairs,14.03 Manufacturing,,,
14.03.09 Wood and wood products,16.04 Municipal solid waste (non-renewable),False,active_mapping,leap_combined_esto|ninth_pairs_to_esto_pairs,14.03 Manufacturing,,,
14.03.09 Wood and wood products,16.05 Biogasoline,False,active_mapping,leap_combined_esto|ninth_pairs_to_esto_pairs,14.03 Manufacturing,,,
14.03.09 Wood and wood products,16.06 Biodiesel,False,active_mapping,leap_combined_esto|ninth_pairs_to_esto_pairs,14.03 Manufacturing,,,
14.03.09 Wood and wood products,16.07 Bio jet kerosene,False,active_mapping,leap_combined_esto|ninth_pairs_to_esto_pairs,14.03 Manufacturing,,,
14.03.09 Wood and wood products,16.08 Other liquid biofuels,False,active_mapping,leap_combined_esto|ninth_pairs_to_esto_pairs,14.03 Manufacturing,,,
14.03.09 Wood and wood products,16.09 Other sources,False,active_mapping,leap_combined_esto|ninth_pairs_to_esto_pairs,14.03 Manufacturing,,,
14.03.09 Wood and wood products,17 Electricity,False,active_mapping,leap_combined_esto|ninth_pairs_to_esto_pairs,14.03 Manufacturing,,,
14.03.09 Wood and wood products,18 Heat,False,active_mapping,leap_combined_esto|ninth_pairs_to_esto_pairs,14.03 Manufacturing,,,
14.03.10 Textiles and leather,01.02 Other bituminous coal,False,active_mapping,leap_combined_esto|ninth_pairs_to_esto_pairs,14.03 Manufacturing,,,
14.03.10 Textiles and leather,01.03 Sub-bituminous coal,False,active_mapping,leap_combined_esto|ninth_pairs_to_esto_pairs,14.03 Manufacturing,,,
14.03.10 Textiles and leather,01.04 Anthracite,False,active_mapping,leap_combined_esto|ninth_pairs_to_esto_pairs,14.03 Manufacturing,,,
14.03.10 Textiles and leather,01.05 Lignite,False,active_mapping,leap_combined_esto|ninth_pairs_to_esto_pairs,14.03 Manufacturing,,,
14.03.10 Textiles and leather,01.99 Coal nonspecified,False,active_mapping,leap_combined_esto|ninth_pairs_to_esto_pairs,14.03 Manufacturing,,,
14.03.10 Textiles and leather,02.01 Coke oven coke,False,active_mapping,leap_combined_esto|ninth_pairs_to_esto_pairs,14.03 Manufacturing,,,
14.03.10 Textiles and leather,02.02 Gas coke,False,active_mapping,leap_combined_esto|ninth_pairs_to_esto_pairs,14.03 Manufacturing,,,
14.03.10 Textiles and leather,02.03 Coke oven gas,False,active_mapping,leap_combined_esto|ninth_pairs_to_esto_pairs,14.03 Manufacturing,,,
14.03.10 Textiles and leather,02.04 Blast furnace gas,False,active_mapping,leap_combined_esto|ninth_pairs_to_esto_pairs,14.03 Manufacturing,,,
14.03.10 Textiles and leather,02.05 Other recovered gases,False,active_mapping,leap_combined_esto|ninth_pairs_to_esto_pairs,14.03 Manufacturing,,,
14.03.10 Textiles and leather,02.06 Patent fuel,False,active_mapping,leap_combined_esto|ninth_pairs_to_esto_pairs,14.03 Manufacturing,,,
14.03.10 Textiles and leather,02.07 Coal tar,False,active_mapping,leap_combined_esto|ninth_pairs_to_esto_pairs,14.03 Manufacturing,,,
14.03.10 Textiles and leather,02.08 BKB/PB,False,active_mapping,leap_combined_esto|ninth_pairs_to_esto_pairs,14.03 Manufacturing,,,
14.03.10 Textiles and leather,06.01 Crude oil,False,active_mapping,leap_combined_esto|ninth_pairs_to_esto_pairs,14.03 Manufacturing,,,
14.03.10 Textiles and leather,07.01 Motor gasoline,False,active_mapping,leap_combined_esto|ninth_pairs_to_esto_pairs,14.03 Manufacturing,,,
14.03.10 Textiles and leather,07.06 Kerosene,False,active_mapping,leap_combined_esto|ninth_pairs_to_esto_pairs,14.03 Manufacturing,,,
14.03.10 Textiles and leather,07.07 Gas/diesel oil,False,active_mapping,leap_combined_esto|ninth_pairs_to_esto_pairs,14.03 Manufacturing,,,
14.03.10 Textiles and leather,07.08 Fuel oil,False,active_mapping,leap_combined_esto|ninth_pairs_to_esto_pairs,14.03 Manufacturing,,,
14.03.10 Textiles and leather,07.09 LPG,False,active_mapping,leap_combined_esto|ninth_pairs_to_esto_pairs,14.03 Manufacturing,,,
14.03.10 Textiles and leather,07.12 White spirit SBP,False,active_mapping,leap_combined_esto|ninth_pairs_to_esto_pairs,14.03 Manufacturing,,,
14.03.10 Textiles and leather,07.15 Paraffin waxes,False,active_mapping,leap_combined_esto|ninth_pairs_to_esto_pairs,14.03 Manufacturing,,,
14.03.10 Textiles and leather,07.17 Other products,False,active_mapping,leap_combined_esto|ninth_pairs_to_esto_pairs,14.03 Manufacturing,,,
14.03.10 Textiles and leather,07.99 PetProd nonspecified,False,active_mapping,leap_combined_esto|ninth_pairs_to_esto_pairs,14.03 Manufacturing,,,
14.03.10 Textiles and leather,08.01 Natural gas,False,active_mapping,leap_combined_esto|ninth_pairs_to_esto_pairs,14.03 Manufacturing,,,
14.03.10 Textiles and leather,08.03 Gas works gas,False,active_mapping,leap_combined_esto|ninth_pairs_to_esto_pairs,14.03 Manufacturing,,,
14.03.10 Textiles and leather,15.01 Fuelwood & woodwaste,False,active_mapping,leap_combined_esto|ninth_pairs_to_esto_pairs,14.03 Manufacturing,,,
14.03.10 Textiles and leather,15.05 Other biomass,False,active_mapping,leap_combined_esto|ninth_pairs_to_esto_pairs,14.03 Manufacturing,,,
14.03.10 Textiles and leather,16.01 Biogas,False,active_mapping,leap_combined_esto|ninth_pairs_to_esto_pairs,14.03 Manufacturing,,,
14.03.10 Textiles and leather,16.02 Industrial waste,False,active_mapping,leap_combined_esto|ninth_pairs_to_esto_pairs,14.03 Manufacturing,,,
14.03.10 Textiles and leather,16.03 Municipal solid waste (renewable),False,active_mapping,leap_combined_esto|ninth_pairs_to_esto_pairs,14.03 Manufacturing,,,
14.03.10 Textiles and leather,16.04 Municipal solid waste (non-renewable),False,active_mapping,leap_combined_esto|ninth_pairs_to_esto_pairs,14.03 Manufacturing,,,
14.03.10 Textiles and leather,16.06 Biodiesel,False,active_mapping,leap_combined_esto|ninth_pairs_to_esto_pairs,14.03 Manufacturing,,,
14.03.10 Textiles and leather,17 Electricity,False,active_mapping,leap_combined_esto|ninth_pairs_to_esto_pairs,14.03 Manufacturing,,,
14.03.10 Textiles and leather,18 Heat,False,active_mapping,leap_combined_esto|ninth_pairs_to_esto_pairs,14.03 Manufacturing,,,
14.03.11 Non-specified industry,01.01 Coking coal,False,active_mapping,leap_combined_esto|ninth_pairs_to_esto_pairs,14.03 Manufacturing,,,
14.03.11 Non-specified industry,01.02 Other bituminous coal,False,active_mapping,leap_combined_esto|ninth_pairs_to_esto_pairs,14.03 Manufacturing,,,
14.03.11 Non-specified industry,01.03 Sub-bituminous coal,False,active_mapping,leap_combined_esto|ninth_pairs_to_esto_pairs,14.03 Manufacturing,,,
14.03.11 Non-specified industry,01.04 Anthracite,False,active_mapping,leap_combined_esto|ninth_pairs_to_esto_pairs,14.03 Manufacturing,,,
14.03.11 Non-specified industry,01.05 Lignite,False,active_mapping,leap_combined_esto|ninth_pairs_to_esto_pairs,14.03 Manufacturing,,,
14.03.11 Non-specified industry,01.99 Coal nonspecified,False,active_mapping,leap_combined_esto|ninth_pairs_to_esto_pairs,14.03 Manufacturing,,,
14.03.11 Non-specified industry,02.01 Coke oven coke,False,active_mapping,leap_combined_esto|ninth_pairs_to_esto_pairs,14.03 Manufacturing,,,
14.03.11 Non-specified industry,02.02 Gas coke,False,active_mapping,leap_combined_esto|ninth_pairs_to_esto_pairs,14.03 Manufacturing,,,
14.03.11 Non-specified industry,02.03 Coke oven gas,False,active_mapping,leap_combined_esto|ninth_pairs_to_esto_pairs,14.03 Manufacturing,,,
14.03.11 Non-specified industry,02.04 Blast furnace gas,False,active_mapping,leap_combined_esto|ninth_pairs_to_esto_pairs,14.03 Manufacturing,,,
14.03.11 Non-specified industry,02.05 Other recovered gases,False,active_mapping,leap_combined_esto|ninth_pairs_to_esto_pairs,14.03 Manufacturing,,,
14.03.11 Non-specified industry,02.06 Patent fuel,False,active_mapping,leap_combined_esto|ninth_pairs_to_esto_pairs,14.03 Manufacturing,,,
14.03.11 Non-specified industry,02.07 Coal tar,False,active_mapping,leap_combined_esto|ninth_pairs_to_esto_pairs,14.03 Manufacturing,,,
14.03.11 Non-specified industry,02.08 BKB/PB,False,active_mapping,leap_combined_esto|ninth_pairs_to_esto_pairs,14.03 Manufacturing,,,
14.03.11 Non-specified industry,03 Peat,False,active_mapping,leap_combined_esto|ninth_pairs_to_esto_pairs,14.03 Manufacturing,,,
14.03.11 Non-specified industry,06.01 Crude oil,False,active_mapping,leap_combined_esto|ninth_pairs_to_esto_pairs,14.03 Manufacturing,,,
14.03.11 Non-specified industry,07.01 Motor gasoline,False,active_mapping,leap_combined_esto|ninth_pairs_to_esto_pairs,14.03 Manufacturing,,,
14.03.11 Non-specified industry,07.02 Aviation gasoline,False,active_mapping,leap_combined_esto|ninth_pairs_to_esto_pairs,14.03 Manufacturing,,,
14.03.11 Non-specified industry,07.03 Naphtha,False,active_mapping,leap_combined_esto|ninth_pairs_to_esto_pairs,14.03 Manufacturing,,,
14.03.11 Non-specified industry,07.04 Gasoline type jet fuel,False,active_mapping,leap_combined_esto|ninth_pairs_to_esto_pairs,14.03 Manufacturing,,,
14.03.11 Non-specified industry,07.05 Kerosene type jet fuel,False,active_mapping,leap_combined_esto|ninth_pairs_to_esto_pairs,14.03 Manufacturing,,,
14.03.11 Non-specified industry,07.06 Kerosene,False,active_mapping,leap_combined_esto|ninth_pairs_to_esto_pairs,14.03 Manufacturing,,,
14.03.11 Non-specified industry,07.07 Gas/diesel oil,False,active_mapping,leap_combined_esto|ninth_pairs_to_esto_pairs,14.03 Manufacturing,,,
14.03.11 Non-specified industry,07.08 Fuel oil,False,active_mapping,leap_combined_esto|ninth_pairs_to_esto_pairs,14.03 Manufacturing,,,
14.03.11 Non-specified industry,07.09 LPG,False,active_mapping,leap_combined_esto|ninth_pairs_to_esto_pairs,14.03 Manufacturing,,,
14.03.11 Non-specified industry,07.10 Refinery gas (not liquefied),False,active_mapping,leap_combined_esto|ninth_pairs_to_esto_pairs,14.03 Manufacturing,,,
14.03.11 Non-specified industry,07.11 Ethane,False,active_mapping,leap_combined_esto|ninth_pairs_to_esto_pairs,14.03 Manufacturing,,,
14.03.11 Non-specified industry,07.12 White spirit SBP,False,active_mapping,leap_combined_esto|ninth_pairs_to_esto_pairs,14.03 Manufacturing,,,
14.03.11 Non-specified industry,07.13 Lubricants,False,active_mapping,leap_combined_esto|ninth_pairs_to_esto_pairs,14.03 Manufacturing,,,
14.03.11 Non-specified industry,07.14 Bitumen,False,active_mapping,leap_combined_esto|ninth_pairs_to_esto_pairs,14.03 Manufacturing,,,
14.03.11 Non-specified industry,07.15 Paraffin waxes,False,active_mapping,leap_combined_esto|ninth_pairs_to_esto_pairs,14.03 Manufacturing,,,
14.03.11 Non-specified industry,07.16 Petroleum coke,False,active_mapping,leap_combined_esto|ninth_pairs_to_esto_pairs,14.03 Manufacturing,,,
14.03.11 Non-specified industry,07.17 Other products,False,active_mapping,leap_combined_esto|ninth_pairs_to_esto_pairs,14.03 Manufacturing,,,
14.03.11 Non-specified industry,07.99 PetProd nonspecified,False,active_mapping,leap_combined_esto|ninth_pairs_to_esto_pairs,14.03 Manufacturing,,,
14.03.11 Non-specified industry,08.01 Natural gas,False,active_mapping,leap_combined_esto|ninth_pairs_to_esto_pairs,14.03 Manufacturing,,,
14.03.11 Non-specified industry,08.03 Gas works gas,False,active_mapping,leap_combined_esto|ninth_pairs_to_esto_pairs,14.03 Manufacturing,,,
14.03.11 Non-specified industry,08.99 Gas nonspecified,False,active_mapping,leap_combined_esto|ninth_pairs_to_esto_pairs,14.03 Manufacturing,,,
14.03.11 Non-specified industry,11 Geothermal,False,active_mapping,leap_combined_esto|ninth_pairs_to_esto_pairs,14.03 Manufacturing,,,
14.03.11 Non-specified industry,12.99 Solar nonspecified,False,active_mapping,leap_combined_esto|ninth_pairs_to_esto_pairs,14.03 Manufacturing,,,
14.03.11 Non-specified industry,15.01 Fuelwood & woodwaste,False,active_mapping,leap_combined_esto|ninth_pairs_to_esto_pairs,14.03 Manufacturing,,,
14.03.11 Non-specified industry,15.02 Bagasse,False,active_mapping,leap_combined_esto|ninth_pairs_to_esto_pairs,14.03 Manufacturing,,,
14.03.11 Non-specified industry,15.03 Charcoal,False,active_mapping,leap_combined_esto|ninth_pairs_to_esto_pairs,14.03 Manufacturing,,,
14.03.11 Non-specified industry,15.04 Black liquor,False,active_mapping,leap_combined_esto|ninth_pairs_to_esto_pairs,14.03 Manufacturing,,,
14.03.11 Non-specified industry,15.05 Other biomass,False,active_mapping,leap_combined_esto|ninth_pairs_to_esto_pairs,14.03 Manufacturing,,,
14.03.11 Non-specified industry,16.01 Biogas,False,active_mapping,leap_combined_esto|ninth_pairs_to_esto_pairs,14.03 Manufacturing,,,
14.03.11 Non-specified industry,16.02 Industrial waste,False,active_mapping,leap_combined_esto|ninth_pairs_to_esto_pairs,14.03 Manufacturing,,,
14.03.11 Non-specified industry,16.03 Municipal solid waste (renewable),False,active_mapping,leap_combined_esto|ninth_pairs_to_esto_pairs,14.03 Manufacturing,,,
14.03.11 Non-specified industry,16.04 Municipal solid waste (non-renewable),False,active_mapping,leap_combined_esto|ninth_pairs_to_esto_pairs,14.03 Manufacturing,,,
14.03.11 Non-specified industry,16.05 Biogasoline,False,active_mapping,leap_combined_esto|ninth_pairs_to_esto_pairs,14.03 Manufacturing,,,
14.03.11 Non-specified industry,16.06 Biodiesel,False,active_mapping,leap_combined_esto|ninth_pairs_to_esto_pairs,14.03 Manufacturing,,,
14.03.11 Non-specified industry,16.07 Bio jet kerosene,False,active_mapping,leap_combined_esto|ninth_pairs_to_esto_pairs,14.03 Manufacturing,,,
14.03.11 Non-specified industry,16.08 Other liquid biofuels,False,active_mapping,leap_combined_esto|ninth_pairs_to_esto_pairs,14.03 Manufacturing,,,
14.03.11 Non-specified industry,16.09 Other sources,False,active_mapping,leap_combined_esto|ninth_pairs_to_esto_pairs,14.03 Manufacturing,,,
14.03.11 Non-specified industry,16.12 Hydrogen,False,active_mapping,leap_combined_esto|ninth_pairs_to_esto_pairs,14.03 Manufacturing,,,
14.03.11 Non-specified industry,17 Electricity,False,active_mapping,leap_combined_esto|ninth_pairs_to_esto_pairs,14.03 Manufacturing,,,
14.03.11 Non-specified industry,18 Heat,False,active_mapping,leap_combined_esto|ninth_pairs_to_esto_pairs,14.03 Manufacturing,,,
15 Transport sector,01.02 Other bituminous coal,True,active_mapping,leap_combined_esto|ninth_pairs_to_esto_pairs,,,,
15 Transport sector,02.07 Coal tar,True,active_mapping,leap_combined_esto,,,,
15 Transport sector,07.01 Motor gasoline,True,active_mapping,leap_combined_esto|ninth_pairs_to_esto_pairs,,,,
15 Transport sector,07.02 Aviation gasoline,True,active_mapping,leap_combined_esto|ninth_pairs_to_esto_pairs,,,,
15 Transport sector,07.05 Kerosene type jet fuel,True,active_mapping,leap_combined_esto|ninth_pairs_to_esto_pairs,,,,
15 Transport sector,07.06 Kerosene,True,active_mapping,leap_combined_esto|ninth_pairs_to_esto_pairs,,,,
15 Transport sector,07.07 Gas/diesel oil,True,active_mapping,leap_combined_esto|ninth_pairs_to_esto_pairs,,,,
15 Transport sector,07.08 Fuel oil,True,active_mapping,leap_combined_esto|ninth_pairs_to_esto_pairs,,,,
15 Transport sector,07.09 LPG,True,active_mapping,leap_combined_esto|ninth_pairs_to_esto_pairs,,,,
15 Transport sector,07.13 Lubricants,True,active_mapping,leap_combined_esto|ninth_pairs_to_esto_pairs,,,,
15 Transport sector,07.17 Other products,True,active_mapping,leap_combined_esto|ninth_pairs_to_esto_pairs,,,,
15 Transport sector,08.01 Natural gas,True,active_mapping,leap_combined_esto|ninth_pairs_to_esto_pairs,,,,
15 Transport sector,08.02 LNG,True,active_mapping,leap_combined_esto|ninth_pairs_to_esto_pairs,,,,
15 Transport sector,08.03 Gas works gas,True,active_mapping,leap_combined_esto|ninth_pairs_to_esto_pairs,,,,
15 Transport sector,16.01 Biogas,True,active_mapping,leap_combined_esto|ninth_pairs_to_esto_pairs,,,,
15 Transport sector,16.05 Biogasoline,True,active_mapping,leap_combined_esto|ninth_pairs_to_esto_pairs,,,,
15 Transport sector,16.06 Biodiesel,True,active_mapping,leap_combined_esto|ninth_pairs_to_esto_pairs,,,,
15 Transport sector,16.07 Bio jet kerosene,True,active_mapping,leap_combined_esto|ninth_pairs_to_esto_pairs,,,,
15 Transport sector,16.10 Ammonia,True,active_mapping,leap_combined_esto|ninth_pairs_to_esto_pairs,,,,
15 Transport sector,16.11 E-fuel,True,active_mapping,leap_combined_esto|ninth_pairs_to_esto_pairs,,,,
15 Transport sector,16.12 Hydrogen,True,active_mapping,leap_combined_esto|ninth_pairs_to_esto_pairs,,,,
15 Transport sector,17 Electricity,True,active_mapping,leap_combined_esto|ninth_pairs_to_esto_pairs,,,,
15.01 Domestic air transport,07.01 Motor gasoline,False,active_mapping,leap_combined_esto|ninth_pairs_to_esto_pairs,15 Transport sector,,,
15.01 Domestic air transport,07.02 Aviation gasoline,False,active_mapping,leap_combined_esto|ninth_pairs_to_esto_pairs,15 Transport sector,,,
15.01 Domestic air transport,07.04 Gasoline type jet fuel,False,active_mapping,ninth_pairs_to_esto_pairs,15 Transport sector,,,
15.01 Domestic air transport,07.05 Kerosene type jet fuel,False,active_mapping,leap_combined_esto|ninth_pairs_to_esto_pairs,15 Transport sector,,,
15.01 Domestic air transport,07.07 Gas/diesel oil,False,active_mapping,leap_combined_esto|ninth_pairs_to_esto_pairs,15 Transport sector,,,
15.01 Domestic air transport,07.09 LPG,False,active_mapping,ninth_pairs_to_esto_pairs,15 Transport sector,,,
15.01 Domestic air transport,16.05 Biogasoline,False,active_mapping,ninth_pairs_to_esto_pairs,15 Transport sector,,,
15.01 Domestic air transport,16.07 Bio jet kerosene,False,active_mapping,leap_combined_esto|ninth_pairs_to_esto_pairs,15 Transport sector,,,
15.01 Domestic air transport,16.11 E-fuel,False,active_mapping,leap_combined_esto|ninth_pairs_to_esto_pairs,15 Transport sector,,,
15.01 Domestic air transport,16.12 Hydrogen,False,active_mapping,leap_combined_esto|ninth_pairs_to_esto_pairs,15 Transport sector,,,
15.01 Domestic air transport,17 Electricity,False,active_mapping,leap_combined_esto|ninth_pairs_to_esto_pairs,15 Transport sector,,,
"15.01,15.03-15.06 Transport non-road",01.02 Other bituminous coal,False,active_mapping,leap_combined_esto|ninth_pairs_to_esto_pairs,,,,
"15.01,15.03-15.06 Transport non-road",02.01 Coke oven coke,False,active_mapping,leap_combined_esto|ninth_pairs_to_esto_pairs,,,,
"15.01,15.03-15.06 Transport non-road",02.07 Coal tar,False,active_mapping,leap_combined_esto|ninth_pairs_to_esto_pairs,,,,
"15.01,15.03-15.06 Transport non-road",07.01 Motor gasoline,False,active_mapping,leap_combined_esto|ninth_pairs_to_esto_pairs,,,,
"15.01,15.03-15.06 Transport non-road",07.02 Aviation gasoline,False,active_mapping,leap_combined_esto|ninth_pairs_to_esto_pairs,,,,
"15.01,15.03-15.06 Transport non-road",07.05 Kerosene type jet fuel,False,active_mapping,leap_combined_esto|ninth_pairs_to_esto_pairs,,,,
"15.01,15.03-15.06 Transport non-road",07.06 Kerosene,False,active_mapping,leap_combined_esto|ninth_pairs_to_esto_pairs,,,,
"15.01,15.03-15.06 Transport non-road",07.07 Gas/diesel oil,False,active_mapping,leap_combined_esto|ninth_pairs_to_esto_pairs,,,,
"15.01,15.03-15.06 Transport non-road",07.08 Fuel oil,False,active_mapping,leap_combined_esto|ninth_pairs_to_esto_pairs,,,,
"15.01,15.03-15.06 Transport non-road",07.09 LPG,False,active_mapping,leap_combined_esto|ninth_pairs_to_esto_pairs,,,,
"15.01,15.03-15.06 Transport non-road",07.13 Lubricants,False,active_mapping,leap_combined_esto|ninth_pairs_to_esto_pairs,,,,
"15.01,15.03-15.06 Transport non-road",07.17 Other products,False,active_mapping,leap_combined_esto|ninth_pairs_to_esto_pairs,,,,
"15.01,15.03-15.06 Transport non-road",07.99 PetProd nonspecified,False,active_mapping,leap_combined_esto|ninth_pairs_to_esto_pairs,,,,
"15.01,15.03-15.06 Transport non-road",08.01 Natural gas,False,active_mapping,leap_combined_esto|ninth_pairs_to_esto_pairs,,,,
"15.01,15.03-15.06 Transport non-road",08.02 LNG,False,active_mapping,leap_combined_esto|ninth_pairs_to_esto_pairs,,,,
"15.01,15.03-15.06 Transport non-road",16.05 Biogasoline,False,active_mapping,leap_combined_esto|ninth_pairs_to_esto_pairs,,,,
"15.01,15.03-15.06 Transport non-road",16.06 Biodiesel,False,active_mapping,leap_combined_esto|ninth_pairs_to_esto_pairs,,,,
"15.01,15.03-15.06 Transport non-road",16.07 Bio jet kerosene,False,active_mapping,leap_combined_esto|ninth_pairs_to_esto_pairs,,,,
"15.01,15.03-15.06 Transport non-road",16.10 Ammonia,False,active_mapping,leap_combined_esto|ninth_pairs_to_esto_pairs,,,,
"15.01,15.03-15.06 Transport non-road",16.11 E-fuel,False,active_mapping,leap_combined_esto|ninth_pairs_to_esto_pairs,,,,
"15.01,15.03-15.06 Transport non-road",16.12 Hydrogen,False,active_mapping,leap_combined_esto|ninth_pairs_to_esto_pairs,,,,
"15.01,15.03-15.06 Transport non-road",17 Electricity,False,active_mapping,leap_combined_esto|ninth_pairs_to_esto_pairs,,,,
15.02 Road,02.07 Coal tar,True,active_mapping,leap_combined_esto|ninth_pairs_to_esto_pairs,15 Transport sector,,,
15.02 Road,07.01 Motor gasoline,True,active_mapping,leap_combined_esto|ninth_pairs_to_esto_pairs,15 Transport sector,,,
15.02 Road,07.02 Aviation gasoline,True,active_mapping,leap_combined_esto|ninth_pairs_to_esto_pairs,15 Transport sector,,,
15.02 Road,07.05 Kerosene type jet fuel,True,active_mapping,leap_combined_esto|ninth_pairs_to_esto_pairs,15 Transport sector,,,
15.02 Road,07.06 Kerosene,True,active_mapping,leap_combined_esto|ninth_pairs_to_esto_pairs,15 Transport sector,,,
15.02 Road,07.07 Gas/diesel oil,True,active_mapping,leap_combined_esto|ninth_pairs_to_esto_pairs,15 Transport sector,,,
15.02 Road,07.08 Fuel oil,True,active_mapping,leap_combined_esto|ninth_pairs_to_esto_pairs,15 Transport sector,,,
15.02 Road,07.09 LPG,True,active_mapping,leap_combined_esto|ninth_pairs_to_esto_pairs,15 Transport sector,,,
15.02 Road,07.13 Lubricants,True,active_mapping,leap_combined_esto,15 Transport sector,,,
15.02 Road,08.01 Natural gas,True,active_mapping,leap_combined_esto|ninth_pairs_to_esto_pairs,15 Transport sector,,,
15.02 Road,08.02 LNG,True,active_mapping,leap_combined_esto|ninth_pairs_to_esto_pairs,15 Transport sector,,,
15.02 Road,08.03 Gas works gas,True,active_mapping,leap_combined_esto|ninth_pairs_to_esto_pairs,15 Transport sector,,,
15.02 Road,16.01 Biogas,True,active_mapping,leap_combined_esto|ninth_pairs_to_esto_pairs,15 Transport sector,,,
15.02 Road,16.05 Biogasoline,True,active_mapping,leap_combined_esto|ninth_pairs_to_esto_pairs,15 Transport sector,,,
15.02 Road,16.06 Biodiesel,True,active_mapping,leap_combined_esto|ninth_pairs_to_esto_pairs,15 Transport sector,,,
15.02 Road,16.11 E-fuel,True,active_mapping,leap_combined_esto|ninth_pairs_to_esto_pairs,15 Transport sector,,,
15.02 Road,16.12 Hydrogen,True,active_mapping,leap_combined_esto|ninth_pairs_to_esto_pairs,15 Transport sector,,,
15.02 Road,17 Electricity,True,active_mapping,leap_combined_esto|ninth_pairs_to_esto_pairs,15 Transport sector,,,
15.02.01 Freight road,07.01 Motor gasoline,True,active_mapping,leap_combined_esto,15.02 Road,,,
15.02.01 Freight road,07.07 Gas/diesel oil,True,active_mapping,leap_combined_esto,15.02 Road,,,
15.02.01 Freight road,07.09 LPG,True,active_mapping,leap_combined_esto,15.02 Road,,,
15.02.01 Freight road,08.01 Natural gas,True,active_mapping,leap_combined_esto,15.02 Road,,,
15.02.01 Freight road,16.01 Biogas,True,active_mapping,leap_combined_esto,15.02 Road,,,
15.02.01 Freight road,16.05 Biogasoline,True,active_mapping,leap_combined_esto,15.02 Road,,,
15.02.01 Freight road,16.06 Biodiesel,True,active_mapping,leap_combined_esto,15.02 Road,,,
15.02.01 Freight road,16.11 E-fuel,True,active_mapping,leap_combined_esto,15.02 Road,,,
15.02.01 Freight road,16.12 Hydrogen,True,active_mapping,leap_combined_esto,15.02 Road,,,
15.02.01 Freight road,17 Electricity,True,active_mapping,leap_combined_esto,15.02 Road,,,
15.02.01.01 LCVs,07.01 Motor gasoline,False,active_mapping,leap_combined_esto,15.02.01 Freight road,,,
15.02.01.01 LCVs,07.07 Gas/diesel oil,False,active_mapping,leap_combined_esto,15.02.01 Freight road,,,
15.02.01.01 LCVs,07.09 LPG,False,active_mapping,leap_combined_esto,15.02.01 Freight road,,,
15.02.01.01 LCVs,08.01 Natural gas,False,active_mapping,leap_combined_esto,15.02.01 Freight road,,,
15.02.01.01 LCVs,16.01 Biogas,False,active_mapping,leap_combined_esto,15.02.01 Freight road,,,
15.02.01.01 LCVs,16.05 Biogasoline,False,active_mapping,leap_combined_esto,15.02.01 Freight road,,,
15.02.01.01 LCVs,16.06 Biodiesel,False,active_mapping,leap_combined_esto,15.02.01 Freight road,,,
15.02.01.01 LCVs,16.11 E-fuel,False,active_mapping,leap_combined_esto,15.02.01 Freight road,,,
15.02.01.01 LCVs,17 Electricity,False,active_mapping,leap_combined_esto,15.02.01 Freight road,,,
15.02.01.02 Trucks,07.01 Motor gasoline,False,active_mapping,leap_combined_esto,15.02.01 Freight road,,,
15.02.01.02 Trucks,07.07 Gas/diesel oil,False,active_mapping,leap_combined_esto,15.02.01 Freight road,,,
15.02.01.02 Trucks,07.09 LPG,False,active_mapping,leap_combined_esto,15.02.01 Freight road,,,
15.02.01.02 Trucks,08.01 Natural gas,False,active_mapping,leap_combined_esto,15.02.01 Freight road,,,
15.02.01.02 Trucks,16.01 Biogas,False,active_mapping,leap_combined_esto,15.02.01 Freight road,,,
15.02.01.02 Trucks,16.05 Biogasoline,False,active_mapping,leap_combined_esto,15.02.01 Freight road,,,
15.02.01.02 Trucks,16.06 Biodiesel,False,active_mapping,leap_combined_esto,15.02.01 Freight road,,,
15.02.01.02 Trucks,16.11 E-fuel,False,active_mapping,leap_combined_esto,15.02.01 Freight road,,,
15.02.01.02 Trucks,16.12 Hydrogen,False,active_mapping,leap_combined_esto,15.02.01 Freight road,,,
15.02.01.02 Trucks,17 Electricity,False,active_mapping,leap_combined_esto,15.02.01 Freight road,,,
15.02.02 Passenger road,07.01 Motor gasoline,True,active_mapping,leap_combined_esto,15.02 Road,,,
15.02.02 Passenger road,07.07 Gas/diesel oil,True,active_mapping,leap_combined_esto,15.02 Road,,,
15.02.02 Passenger road,07.09 LPG,True,active_mapping,leap_combined_esto,15.02 Road,,,
15.02.02 Passenger road,08.01 Natural gas,True,active_mapping,leap_combined_esto,15.02 Road,,,
15.02.02 Passenger road,16.01 Biogas,True,active_mapping,leap_combined_esto,15.02 Road,,,
15.02.02 Passenger road,16.05 Biogasoline,True,active_mapping,leap_combined_esto,15.02 Road,,,
15.02.02 Passenger road,16.06 Biodiesel,True,active_mapping,leap_combined_esto,15.02 Road,,,
15.02.02 Passenger road,16.11 E-fuel,True,active_mapping,leap_combined_esto,15.02 Road,,,
15.02.02 Passenger road,16.12 Hydrogen,True,active_mapping,leap_combined_esto,15.02 Road,,,
15.02.02 Passenger road,17 Electricity,True,active_mapping,leap_combined_esto,15.02 Road,,,
15.02.02.01 Buses,07.01 Motor gasoline,False,active_mapping,leap_combined_esto,15.02.02 Passenger road,,,
15.02.02.01 Buses,07.07 Gas/diesel oil,False,active_mapping,leap_combined_esto,15.02.02 Passenger road,,,
15.02.02.01 Buses,07.09 LPG,False,active_mapping,leap_combined_esto,15.02.02 Passenger road,,,
15.02.02.01 Buses,08.01 Natural gas,False,active_mapping,leap_combined_esto,15.02.02 Passenger road,,,
15.02.02.01 Buses,16.01 Biogas,False,active_mapping,leap_combined_esto,15.02.02 Passenger road,,,
15.02.02.01 Buses,16.05 Biogasoline,False,active_mapping,leap_combined_esto,15.02.02 Passenger road,,,
15.02.02.01 Buses,16.06 Biodiesel,False,active_mapping,leap_combined_esto,15.02.02 Passenger road,,,
15.02.02.01 Buses,16.11 E-fuel,False,active_mapping,leap_combined_esto,15.02.02 Passenger road,,,
15.02.02.01 Buses,16.12 Hydrogen,False,active_mapping,leap_combined_esto,15.02.02 Passenger road,,,
15.02.02.01 Buses,17 Electricity,False,active_mapping,leap_combined_esto,15.02.02 Passenger road,,,
15.02.02.02 LPVs,07.01 Motor gasoline,False,active_mapping,leap_combined_esto,15.02.02 Passenger road,,,
15.02.02.02 LPVs,07.07 Gas/diesel oil,False,active_mapping,leap_combined_esto,15.02.02 Passenger road,,,
15.02.02.02 LPVs,07.09 LPG,False,active_mapping,leap_combined_esto,15.02.02 Passenger road,,,
15.02.02.02 LPVs,08.01 Natural gas,False,active_mapping,leap_combined_esto,15.02.02 Passenger road,,,
15.02.02.02 LPVs,16.01 Biogas,False,active_mapping,leap_combined_esto,15.02.02 Passenger road,,,
15.02.02.02 LPVs,16.05 Biogasoline,False,active_mapping,leap_combined_esto,15.02.02 Passenger road,,,
15.02.02.02 LPVs,16.06 Biodiesel,False,active_mapping,leap_combined_esto,15.02.02 Passenger road,,,
15.02.02.02 LPVs,16.11 E-fuel,False,active_mapping,leap_combined_esto,15.02.02 Passenger road,,,
15.02.02.02 LPVs,17 Electricity,False,active_mapping,leap_combined_esto,15.02.02 Passenger road,,,
15.02.02.03 Motorcycles,07.01 Motor gasoline,False,active_mapping,leap_combined_esto,15.02.02 Passenger road,,,
15.02.02.03 Motorcycles,07.07 Gas/diesel oil,False,active_mapping,leap_combined_esto,15.02.02 Passenger road,,,
15.02.02.03 Motorcycles,16.05 Biogasoline,False,active_mapping,leap_combined_esto,15.02.02 Passenger road,,,
15.02.02.03 Motorcycles,16.06 Biodiesel,False,active_mapping,leap_combined_esto,15.02.02 Passenger road,,,
15.02.02.03 Motorcycles,16.11 E-fuel,False,active_mapping,leap_combined_esto,15.02.02 Passenger road,,,
15.02.02.03 Motorcycles,17 Electricity,False,active_mapping,leap_combined_esto,15.02.02 Passenger road,,,
15.03 Rail,01.02 Other bituminous coal,False,active_mapping,leap_combined_esto|ninth_pairs_to_esto_pairs,15 Transport sector,,,
15.03 Rail,01.03 Sub-bituminous coal,False,active_mapping,ninth_pairs_to_esto_pairs,15 Transport sector,,,
15.03 Rail,01.04 Anthracite,False,active_mapping,ninth_pairs_to_esto_pairs,15 Transport sector,,,
15.03 Rail,02.01 Coke oven coke,False,active_mapping,ninth_pairs_to_esto_pairs,15 Transport sector,,,
15.03 Rail,02.07 Coal tar,False,active_mapping,leap_combined_esto|ninth_pairs_to_esto_pairs,15 Transport sector,,,
15.03 Rail,07.01 Motor gasoline,False,active_mapping,leap_combined_esto|ninth_pairs_to_esto_pairs,15 Transport sector,,,
15.03 Rail,07.07 Gas/diesel oil,False,active_mapping,leap_combined_esto|ninth_pairs_to_esto_pairs,15 Transport sector,,,
15.03 Rail,07.08 Fuel oil,False,active_mapping,leap_combined_esto|ninth_pairs_to_esto_pairs,15 Transport sector,,,
15.03 Rail,07.09 LPG,False,active_mapping,leap_combined_esto|ninth_pairs_to_esto_pairs,15 Transport sector,,,
15.03 Rail,07.13 Lubricants,False,active_mapping,ninth_pairs_to_esto_pairs,15 Transport sector,,,
15.03 Rail,16.05 Biogasoline,False,active_mapping,ninth_pairs_to_esto_pairs,15 Transport sector,,,
15.03 Rail,16.06 Biodiesel,False,active_mapping,leap_combined_esto|ninth_pairs_to_esto_pairs,15 Transport sector,,,
15.03 Rail,16.11 E-fuel,False,active_mapping,leap_combined_esto|ninth_pairs_to_esto_pairs,15 Transport sector,,,
15.03 Rail,16.12 Hydrogen,False,active_mapping,leap_combined_esto|ninth_pairs_to_esto_pairs,15 Transport sector,,,
15.03 Rail,17 Electricity,False,active_mapping,leap_combined_esto|ninth_pairs_to_esto_pairs,15 Transport sector,,,
15.04 Domestic navigation,07.01 Motor gasoline,False,active_mapping,leap_combined_esto|ninth_pairs_to_esto_pairs,15 Transport sector,,,
15.04 Domestic navigation,07.05 Kerosene type jet fuel,False,active_mapping,ninth_pairs_to_esto_pairs,15 Transport sector,,,
15.04 Domestic navigation,07.06 Kerosene,False,active_mapping,leap_combined_esto|ninth_pairs_to_esto_pairs,15 Transport sector,,,
15.04 Domestic navigation,07.07 Gas/diesel oil,False,active_mapping,leap_combined_esto|ninth_pairs_to_esto_pairs,15 Transport sector,,,
15.04 Domestic navigation,07.08 Fuel oil,False,active_mapping,leap_combined_esto|ninth_pairs_to_esto_pairs,15 Transport sector,,,
15.04 Domestic navigation,07.09 LPG,False,active_mapping,leap_combined_esto|ninth_pairs_to_esto_pairs,15 Transport sector,,,
15.04 Domestic navigation,08.01 Natural gas,False,active_mapping,ninth_pairs_to_esto_pairs,15 Transport sector,,,
15.04 Domestic navigation,08.02 LNG,False,active_mapping,leap_combined_esto|ninth_pairs_to_esto_pairs,15 Transport sector,,,
15.04 Domestic navigation,16.05 Biogasoline,False,active_mapping,leap_combined_esto|ninth_pairs_to_esto_pairs,15 Transport sector,,,
15.04 Domestic navigation,16.06 Biodiesel,False,active_mapping,leap_combined_esto|ninth_pairs_to_esto_pairs,15 Transport sector,,,
15.04 Domestic navigation,16.07 Bio jet kerosene,False,active_mapping,ninth_pairs_to_esto_pairs,15 Transport sector,,,
15.04 Domestic navigation,16.10 Ammonia,False,active_mapping,leap_combined_esto|ninth_pairs_to_esto_pairs,15 Transport sector,,,
15.04 Domestic navigation,16.11 E-fuel,False,active_mapping,leap_combined_esto|ninth_pairs_to_esto_pairs,15 Transport sector,,,
15.04 Domestic navigation,16.12 Hydrogen,False,active_mapping,leap_combined_esto|ninth_pairs_to_esto_pairs,15 Transport sector,,,
15.04 Domestic navigation,17 Electricity,False,active_mapping,leap_combined_esto|ninth_pairs_to_esto_pairs,15 Transport sector,,,
15.05 Pipeline transport,07.01 Motor gasoline,False,active_mapping,leap_combined_esto|ninth_pairs_to_esto_pairs,15 Transport sector,,,
15.05 Pipeline transport,07.06 Kerosene,False,active_mapping,leap_combined_esto|ninth_pairs_to_esto_pairs,15 Transport sector,,,
15.05 Pipeline transport,07.07 Gas/diesel oil,False,active_mapping,leap_combined_esto|ninth_pairs_to_esto_pairs,15 Transport sector,,,
15.05 Pipeline transport,07.08 Fuel oil,False,active_mapping,leap_combined_esto|ninth_pairs_to_esto_pairs,15 Transport sector,,,
15.05 Pipeline transport,07.09 LPG,False,active_mapping,leap_combined_esto|ninth_pairs_to_esto_pairs,15 Transport sector,,,
15.05 Pipeline transport,08.01 Natural gas,False,active_mapping,leap_combined_esto|ninth_pairs_to_esto_pairs,15 Transport sector,,,
15.05 Pipeline transport,17 Electricity,False,active_mapping,leap_combined_esto|ninth_pairs_to_esto_pairs,15 Transport sector,,,
15.06 Non-specified transport,07.01 Motor gasoline,False,active_mapping,leap_combined_esto|ninth_pairs_to_esto_pairs,15 Transport sector,,,
15.06 Non-specified transport,07.02 Aviation gasoline,False,active_mapping,leap_combined_esto|ninth_pairs_to_esto_pairs,15 Transport sector,,,
15.06 Non-specified transport,07.04 Gasoline type jet fuel,False,active_mapping,ninth_pairs_to_esto_pairs,15 Transport sector,,,
15.06 Non-specified transport,07.05 Kerosene type jet fuel,False,active_mapping,leap_combined_esto|ninth_pairs_to_esto_pairs,15 Transport sector,,,
15.06 Non-specified transport,07.06 Kerosene,False,active_mapping,leap_combined_esto|ninth_pairs_to_esto_pairs,15 Transport sector,,,
15.06 Non-specified transport,07.07 Gas/diesel oil,False,active_mapping,leap_combined_esto|ninth_pairs_to_esto_pairs,15 Transport sector,,,
15.06 Non-specified transport,07.08 Fuel oil,False,active_mapping,leap_combined_esto|ninth_pairs_to_esto_pairs,15 Transport sector,,,
15.06 Non-specified transport,07.09 LPG,False,active_mapping,leap_combined_esto|ninth_pairs_to_esto_pairs,15 Transport sector,,,
15.06 Non-specified transport,07.17 Other products,False,active_mapping,leap_combined_esto|ninth_pairs_to_esto_pairs,15 Transport sector,,,
15.06 Non-specified transport,07.99 PetProd nonspecified,False,active_mapping,ninth_pairs_to_esto_pairs,15 Transport sector,,,
15.06 Non-specified transport,08.01 Natural gas,False,active_mapping,leap_combined_esto|ninth_pairs_to_esto_pairs,15 Transport sector,,,
15.06 Non-specified transport,17 Electricity,False,active_mapping,leap_combined_esto|ninth_pairs_to_esto_pairs,15 Transport sector,,,
16 Other sector,01.02 Other bituminous coal,True,active_mapping,ninth_pairs_to_esto_pairs,,,,
16 Other sector,01.03 Sub-bituminous coal,True,active_mapping,ninth_pairs_to_esto_pairs,,,,
16 Other sector,01.04 Anthracite,True,active_mapping,ninth_pairs_to_esto_pairs,,,,
16 Other sector,01.05 Lignite,True,active_mapping,ninth_pairs_to_esto_pairs,,,,
16 Other sector,02.01 Coke oven coke,True,active_mapping,ninth_pairs_to_esto_pairs,,,,
16 Other sector,02.03 Coke oven gas,True,active_mapping,ninth_pairs_to_esto_pairs,,,,
16 Other sector,02.04 Blast furnace gas,True,active_mapping,ninth_pairs_to_esto_pairs,,,,
16 Other sector,02.05 Other recovered gases,True,active_mapping,ninth_pairs_to_esto_pairs,,,,
16 Other sector,02.06 Patent fuel,True,active_mapping,ninth_pairs_to_esto_pairs,,,,
16 Other sector,02.07 Coal tar,True,active_mapping,ninth_pairs_to_esto_pairs,,,,
16 Other sector,02.08 BKB/PB,True,active_mapping,ninth_pairs_to_esto_pairs,,,,
16 Other sector,06.01 Crude oil,True,active_mapping,ninth_pairs_to_esto_pairs,,,,
16 Other sector,07.01 Motor gasoline,True,active_mapping,ninth_pairs_to_esto_pairs,,,,
16 Other sector,07.02 Aviation gasoline,True,active_mapping,ninth_pairs_to_esto_pairs,,,,
16 Other sector,07.05 Kerosene type jet fuel,True,active_mapping,ninth_pairs_to_esto_pairs,,,,
16 Other sector,07.06 Kerosene,True,active_mapping,ninth_pairs_to_esto_pairs,,,,
16 Other sector,07.07 Gas/diesel oil,True,active_mapping,ninth_pairs_to_esto_pairs,,,,
16 Other sector,07.08 Fuel oil,True,active_mapping,ninth_pairs_to_esto_pairs,,,,
16 Other sector,07.09 LPG,True,active_mapping,ninth_pairs_to_esto_pairs,,,,
16 Other sector,07.13 Lubricants,True,active_mapping,ninth_pairs_to_esto_pairs,,,,
16 Other sector,07.17 Other products,True,active_mapping,ninth_pairs_to_esto_pairs,,,,
16 Other sector,08.01 Natural gas,True,active_mapping,ninth_pairs_to_esto_pairs,,,,
16 Other sector,08.02 LNG,True,active_mapping,ninth_pairs_to_esto_pairs,,,,
16 Other sector,08.03 Gas works gas,True,active_mapping,ninth_pairs_to_esto_pairs,,,,
16 Other sector,11 Geothermal,True,active_mapping,ninth_pairs_to_esto_pairs,,,,
16 Other sector,12.99 Solar nonspecified,True,active_mapping,ninth_pairs_to_esto_pairs,,,,
16 Other sector,15.01 Fuelwood & woodwaste,True,active_mapping,ninth_pairs_to_esto_pairs,,,,
16 Other sector,15.03 Charcoal,True,active_mapping,ninth_pairs_to_esto_pairs,,,,
16 Other sector,15.05 Other biomass,True,active_mapping,ninth_pairs_to_esto_pairs,,,,
16 Other sector,16.01 Biogas,True,active_mapping,ninth_pairs_to_esto_pairs,,,,
16 Other sector,16.02 Industrial waste,True,active_mapping,ninth_pairs_to_esto_pairs,,,,
16 Other sector,16.03 Municipal solid waste (renewable),True,active_mapping,ninth_pairs_to_esto_pairs,,,,
16 Other sector,16.04 Municipal solid waste (non-renewable),True,active_mapping,ninth_pairs_to_esto_pairs,,,,
16 Other sector,16.05 Biogasoline,True,active_mapping,ninth_pairs_to_esto_pairs,,,,
16 Other sector,16.06 Biodiesel,True,active_mapping,ninth_pairs_to_esto_pairs,,,,
16 Other sector,16.08 Other liquid biofuels,True,active_mapping,ninth_pairs_to_esto_pairs,,,,
16 Other sector,16.12 Hydrogen,True,active_mapping,ninth_pairs_to_esto_pairs,,,,
16 Other sector,17 Electricity,True,active_mapping,ninth_pairs_to_esto_pairs,,,,
16 Other sector,18 Heat,True,active_mapping,ninth_pairs_to_esto_pairs,,,,
16.01 Commercial and public services,01.01 Coking coal,True,active_mapping,leap_combined_esto|ninth_pairs_to_esto_pairs,16 Other sector,,,
16.01 Commercial and public services,01.02 Other bituminous coal,True,active_mapping,leap_combined_esto|ninth_pairs_to_esto_pairs,16 Other sector,,,
16.01 Commercial and public services,01.03 Sub-bituminous coal,True,active_mapping,leap_combined_esto|ninth_pairs_to_esto_pairs,16 Other sector,,,
16.01 Commercial and public services,01.04 Anthracite,True,active_mapping,leap_combined_esto|ninth_pairs_to_esto_pairs,16 Other sector,,,
16.01 Commercial and public services,01.05 Lignite,True,active_mapping,leap_combined_esto|ninth_pairs_to_esto_pairs,16 Other sector,,,
16.01 Commercial and public services,01.99 Coal nonspecified,True,active_mapping,leap_combined_esto|ninth_pairs_to_esto_pairs,16 Other sector,,,
16.01 Commercial and public services,02.01 Coke oven coke,True,active_mapping,leap_combined_esto|ninth_pairs_to_esto_pairs,16 Other sector,,,
16.01 Commercial and public services,02.02 Gas coke,True,active_mapping,leap_combined_esto|ninth_pairs_to_esto_pairs,16 Other sector,,,
16.01 Commercial and public services,02.03 Coke oven gas,True,active_mapping,leap_combined_esto|ninth_pairs_to_esto_pairs,16 Other sector,,,
16.01 Commercial and public services,02.04 Blast furnace gas,True,active_mapping,leap_combined_esto|ninth_pairs_to_esto_pairs,16 Other sector,,,
16.01 Commercial and public services,02.05 Other recovered gases,True,active_mapping,leap_combined_esto|ninth_pairs_to_esto_pairs,16 Other sector,,,
16.01 Commercial and public services,02.06 Patent fuel,True,active_mapping,leap_combined_esto|ninth_pairs_to_esto_pairs,16 Other sector,,,
16.01 Commercial and public services,02.07 Coal tar,True,active_mapping,leap_combined_esto|ninth_pairs_to_esto_pairs,16 Other sector,,,
16.01 Commercial and public services,02.08 BKB/PB,True,active_mapping,leap_combined_esto|ninth_pairs_to_esto_pairs,16 Other sector,,,
16.01 Commercial and public services,03 Peat,True,active_mapping,leap_combined_esto|ninth_pairs_to_esto_pairs,16 Other sector,,,
16.01 Commercial and public services,04 Peat products,True,active_mapping,leap_combined_esto|ninth_pairs_to_esto_pairs,16 Other sector,,,
16.01 Commercial and public services,06.01 Crude oil,True,active_mapping,leap_combined_esto|ninth_pairs_to_esto_pairs,16 Other sector,,,
16.01 Commercial and public services,06.02 Natural gas liquids,True,active_mapping,leap_combined_esto|ninth_pairs_to_esto_pairs,16 Other sector,,,
16.01 Commercial and public services,06.03 Refinery feedstocks,True,active_mapping,leap_combined_esto|ninth_pairs_to_esto_pairs,16 Other sector,,,
16.01 Commercial and public services,06.04 Additives/ oxygenates,True,active_mapping,leap_combined_esto|ninth_pairs_to_esto_pairs,16 Other sector,,,
16.01 Commercial and public services,06.05 Other hydrocarbons,True,active_mapping,leap_combined_esto,16 Other sector,,,
16.01 Commercial and public services,07.01 Motor gasoline,True,active_mapping,leap_combined_esto|ninth_pairs_to_esto_pairs,16 Other sector,,,
16.01 Commercial and public services,07.02 Aviation gasoline,True,active_mapping,leap_combined_esto|ninth_pairs_to_esto_pairs,16 Other sector,,,
16.01 Commercial and public services,07.03 Naphtha,True,active_mapping,leap_combined_esto|ninth_pairs_to_esto_pairs,16 Other sector,,,
16.01 Commercial and public services,07.04 Gasoline type jet fuel,True,active_mapping,leap_combined_esto|ninth_pairs_to_esto_pairs,16 Other sector,,,
16.01 Commercial and public services,07.05 Kerosene type jet fuel,True,active_mapping,leap_combined_esto|ninth_pairs_to_esto_pairs,16 Other sector,,,
16.01 Commercial and public services,07.06 Kerosene,True,active_mapping,leap_combined_esto|ninth_pairs_to_esto_pairs,16 Other sector,,,
16.01 Commercial and public services,07.07 Gas/diesel oil,True,active_mapping,leap_combined_esto|ninth_pairs_to_esto_pairs,16 Other sector,,,
16.01 Commercial and public services,07.08 Fuel oil,True,active_mapping,leap_combined_esto|ninth_pairs_to_esto_pairs,16 Other sector,,,
16.01 Commercial and public services,07.09 LPG,True,active_mapping,leap_combined_esto|ninth_pairs_to_esto_pairs,16 Other sector,,,
16.01 Commercial and public services,07.10 Refinery gas (not liquefied),True,active_mapping,leap_combined_esto|ninth_pairs_to_esto_pairs,16 Other sector,,,
16.01 Commercial and public services,07.11 Ethane,True,active_mapping,leap_combined_esto|ninth_pairs_to_esto_pairs,16 Other sector,,,
16.01 Commercial and public services,07.12 White spirit SBP,True,active_mapping,leap_combined_esto|ninth_pairs_to_esto_pairs,16 Other sector,,,
16.01 Commercial and public services,07.13 Lubricants,True,active_mapping,leap_combined_esto|ninth_pairs_to_esto_pairs,16 Other sector,,,
16.01 Commercial and public services,07.14 Bitumen,True,active_mapping,leap_combined_esto|ninth_pairs_to_esto_pairs,16 Other sector,,,
16.01 Commercial and public services,07.15 Paraffin waxes,True,active_mapping,leap_combined_esto|ninth_pairs_to_esto_pairs,16 Other sector,,,
16.01 Commercial and public services,07.16 Petroleum coke,True,active_mapping,leap_combined_esto|ninth_pairs_to_esto_pairs,16 Other sector,,,
16.01 Commercial and public services,07.17 Other products,True,active_mapping,leap_combined_esto|ninth_pairs_to_esto_pairs,16 Other sector,,,
16.01 Commercial and public services,07.99 PetProd nonspecified,True,active_mapping,leap_combined_esto|ninth_pairs_to_esto_pairs,16 Other sector,,,
16.01 Commercial and public services,08.01 Natural gas,True,active_mapping,leap_combined_esto|ninth_pairs_to_esto_pairs,16 Other sector,,,
16.01 Commercial and public services,08.02 LNG,True,active_mapping,leap_combined_esto|ninth_pairs_to_esto_pairs,16 Other sector,,,
16.01 Commercial and public services,08.03 Gas works gas,True,active_mapping,leap_combined_esto|ninth_pairs_to_esto_pairs,16 Other sector,,,
16.01 Commercial and public services,08.99 Gas nonspecified,True,active_mapping,leap_combined_esto|ninth_pairs_to_esto_pairs,16 Other sector,,,
16.01 Commercial and public services,09 Nuclear,True,active_mapping,leap_combined_esto|ninth_pairs_to_esto_pairs,16 Other sector,,,
16.01 Commercial and public services,10 Hydro,True,active_mapping,leap_combined_esto|ninth_pairs_to_esto_pairs,16 Other sector,,,
16.01 Commercial and public services,11 Geothermal,True,active_mapping,leap_combined_esto|ninth_pairs_to_esto_pairs,16 Other sector,,,
16.01 Commercial and public services,12.01 of which: Photovoltaics,True,active_mapping,leap_combined_esto|ninth_pairs_to_esto_pairs,16 Other sector,,,
16.01 Commercial and public services,12.99 Solar nonspecified,True,active_mapping,leap_combined_esto|ninth_pairs_to_esto_pairs,16 Other sector,,,
16.01 Commercial and public services,"13 Tide, wave, ocean",True,active_mapping,ninth_pairs_to_esto_pairs,16 Other sector,,,
16.01 Commercial and public services,14 Wind,True,active_mapping,leap_combined_esto|ninth_pairs_to_esto_pairs,16 Other sector,,,
16.01 Commercial and public services,15.01 Fuelwood & woodwaste,True,active_mapping,leap_combined_esto|ninth_pairs_to_esto_pairs,16 Other sector,,,
16.01 Commercial and public services,15.02 Bagasse,True,active_mapping,leap_combined_esto|ninth_pairs_to_esto_pairs,16 Other sector,,,
16.01 Commercial and public services,15.03 Charcoal,True,active_mapping,leap_combined_esto|ninth_pairs_to_esto_pairs,16 Other sector,,,
16.01 Commercial and public services,15.04 Black liquor,True,active_mapping,leap_combined_esto|ninth_pairs_to_esto_pairs,16 Other sector,,,
16.01 Commercial and public services,15.05 Other biomass,True,active_mapping,leap_combined_esto|ninth_pairs_to_esto_pairs,16 Other sector,,,
16.01 Commercial and public services,16.01 Biogas,True,active_mapping,leap_combined_esto|ninth_pairs_to_esto_pairs,16 Other sector,,,
16.01 Commercial and public services,16.02 Industrial waste,True,active_mapping,leap_combined_esto|ninth_pairs_to_esto_pairs,16 Other sector,,,
16.01 Commercial and public services,16.03 Municipal solid waste (renewable),True,active_mapping,leap_combined_esto|ninth_pairs_to_esto_pairs,16 Other sector,,,
16.01 Commercial and public services,16.04 Municipal solid waste (non-renewable),True,active_mapping,leap_combined_esto|ninth_pairs_to_esto_pairs,16 Other sector,,,
16.01 Commercial and public services,16.05 Biogasoline,True,active_mapping,leap_combined_esto|ninth_pairs_to_esto_pairs,16 Other sector,,,
16.01 Commercial and public services,16.06 Biodiesel,True,active_mapping,leap_combined_esto|ninth_pairs_to_esto_pairs,16 Other sector,,,
16.01 Commercial and public services,16.07 Bio jet kerosene,True,active_mapping,leap_combined_esto|ninth_pairs_to_esto_pairs,16 Other sector,,,
16.01 Commercial and public services,16.08 Other liquid biofuels,True,active_mapping,leap_combined_esto|ninth_pairs_to_esto_pairs,16 Other sector,,,
16.01 Commercial and public services,16.09 Other sources,True,active_mapping,leap_combined_esto|ninth_pairs_to_esto_pairs,16 Other sector,,,
16.01 Commercial and public services,16.12 Hydrogen,True,active_mapping,leap_combined_esto|ninth_pairs_to_esto_pairs,16 Other sector,,,
16.01 Commercial and public services,17 Electricity,True,active_mapping,leap_combined_esto|ninth_pairs_to_esto_pairs,16 Other sector,,,
16.01 Commercial and public services,18 Heat,True,active_mapping,leap_combined_esto|ninth_pairs_to_esto_pairs,16 Other sector,,,
16.01-16.02 Buildings,01.02 Other bituminous coal,False,active_mapping,leap_combined_esto,,,,
16.01-16.02 Buildings,01.03 Sub-bituminous coal,False,active_mapping,leap_combined_esto,,,,
16.01-16.02 Buildings,01.04 Anthracite,False,active_mapping,leap_combined_esto,,,,
16.01-16.02 Buildings,01.05 Lignite,False,active_mapping,leap_combined_esto,,,,
16.01-16.02 Buildings,02.01 Coke oven coke,False,active_mapping,leap_combined_esto,,,,
16.01-16.02 Buildings,02.03 Coke oven gas,False,active_mapping,leap_combined_esto,,,,
16.01-16.02 Buildings,02.04 Blast furnace gas,False,active_mapping,leap_combined_esto,,,,
16.01-16.02 Buildings,02.05 Other recovered gases,False,active_mapping,leap_combined_esto,,,,
16.01-16.02 Buildings,02.06 Patent fuel,False,active_mapping,leap_combined_esto,,,,
16.01-16.02 Buildings,02.07 Coal tar,False,active_mapping,leap_combined_esto,,,,
16.01-16.02 Buildings,02.08 BKB/PB,False,active_mapping,leap_combined_esto,,,,
16.01-16.02 Buildings,03 Peat,False,active_mapping,leap_combined_esto,,,,
16.01-16.02 Buildings,04 Peat products,False,active_mapping,leap_combined_esto,,,,
16.01-16.02 Buildings,06.01 Crude oil,False,active_mapping,leap_combined_esto,,,,
16.01-16.02 Buildings,07.01 Motor gasoline,False,active_mapping,leap_combined_esto,,,,
16.01-16.02 Buildings,07.02 Aviation gasoline,False,active_mapping,leap_combined_esto,,,,
16.01-16.02 Buildings,07.05 Kerosene type jet fuel,False,active_mapping,leap_combined_esto,,,,
16.01-16.02 Buildings,07.06 Kerosene,False,active_mapping,leap_combined_esto,,,,
16.01-16.02 Buildings,07.07 Gas/diesel oil,False,active_mapping,leap_combined_esto,,,,
16.01-16.02 Buildings,07.08 Fuel oil,False,active_mapping,leap_combined_esto,,,,
16.01-16.02 Buildings,07.09 LPG,False,active_mapping,leap_combined_esto,,,,
16.01-16.02 Buildings,08.01 Natural gas,False,active_mapping,leap_combined_esto,,,,
16.01-16.02 Buildings,08.03 Gas works gas,False,active_mapping,leap_combined_esto,,,,
16.01-16.02 Buildings,11 Geothermal,False,active_mapping,leap_combined_esto,,,,
16.01-16.02 Buildings,12.99 Solar nonspecified,False,active_mapping,leap_combined_esto,,,,
16.01-16.02 Buildings,15.01 Fuelwood & woodwaste,False,active_mapping,leap_combined_esto,,,,
16.01-16.02 Buildings,15.02 Bagasse,False,active_mapping,leap_combined_esto,,,,
16.01-16.02 Buildings,15.03 Charcoal,False,active_mapping,leap_combined_esto,,,,
16.01-16.02 Buildings,15.05 Other biomass,False,active_mapping,leap_combined_esto,,,,
16.01-16.02 Buildings,16.01 Biogas,False,active_mapping,leap_combined_esto,,,,
16.01-16.02 Buildings,16.02 Industrial waste,False,active_mapping,leap_combined_esto,,,,
16.01-16.02 Buildings,16.03 Municipal solid waste (renewable),False,active_mapping,leap_combined_esto,,,,
16.01-16.02 Buildings,16.04 Municipal solid waste (non-renewable),False,active_mapping,leap_combined_esto,,,,
16.01-16.02 Buildings,16.05 Biogasoline,False,active_mapping,leap_combined_esto,,,,
16.01-16.02 Buildings,16.06 Biodiesel,False,active_mapping,leap_combined_esto,,,,
16.01-16.02 Buildings,16.12 Hydrogen,False,active_mapping,leap_combined_esto,,,,
16.01-16.02 Buildings,17 Electricity,False,active_mapping,leap_combined_esto,,,,
16.01-16.02 Buildings,18 Heat,False,active_mapping,leap_combined_esto,,,,
16.01.01 Datacentres,01.02 Other bituminous coal,False,active_mapping,leap_combined_esto|ninth_pairs_to_esto_pairs,16.01 Commercial and public services,,,
16.01.01 Datacentres,01.03 Sub-bituminous coal,False,active_mapping,leap_combined_esto|ninth_pairs_to_esto_pairs,16.01 Commercial and public services,,,
16.01.01 Datacentres,01.04 Anthracite,False,active_mapping,leap_combined_esto|ninth_pairs_to_esto_pairs,16.01 Commercial and public services,,,
16.01.01 Datacentres,01.05 Lignite,False,active_mapping,leap_combined_esto|ninth_pairs_to_esto_pairs,16.01 Commercial and public services,,,
16.01.01 Datacentres,02.01 Coke oven coke,False,active_mapping,leap_combined_esto|ninth_pairs_to_esto_pairs,16.01 Commercial and public services,,,
16.01.01 Datacentres,02.03 Coke oven gas,False,active_mapping,leap_combined_esto|ninth_pairs_to_esto_pairs,16.01 Commercial and public services,,,
16.01.01 Datacentres,02.04 Blast furnace gas,False,active_mapping,leap_combined_esto|ninth_pairs_to_esto_pairs,16.01 Commercial and public services,,,
16.01.01 Datacentres,02.05 Other recovered gases,False,active_mapping,leap_combined_esto|ninth_pairs_to_esto_pairs,16.01 Commercial and public services,,,
16.01.01 Datacentres,02.06 Patent fuel,False,active_mapping,leap_combined_esto|ninth_pairs_to_esto_pairs,16.01 Commercial and public services,,,
16.01.01 Datacentres,02.07 Coal tar,False,active_mapping,leap_combined_esto|ninth_pairs_to_esto_pairs,16.01 Commercial and public services,,,
16.01.01 Datacentres,02.08 BKB/PB,False,active_mapping,leap_combined_esto|ninth_pairs_to_esto_pairs,16.01 Commercial and public services,,,
16.01.01 Datacentres,07.01 Motor gasoline,False,active_mapping,leap_combined_esto|ninth_pairs_to_esto_pairs,16.01 Commercial and public services,,,
16.01.01 Datacentres,07.02 Aviation gasoline,False,active_mapping,leap_combined_esto|ninth_pairs_to_esto_pairs,16.01 Commercial and public services,,,
16.01.01 Datacentres,07.05 Kerosene type jet fuel,False,active_mapping,leap_combined_esto|ninth_pairs_to_esto_pairs,16.01 Commercial and public services,,,
16.01.01 Datacentres,07.06 Kerosene,False,active_mapping,leap_combined_esto|ninth_pairs_to_esto_pairs,16.01 Commercial and public services,,,
16.01.01 Datacentres,07.07 Gas/diesel oil,False,active_mapping,leap_combined_esto|ninth_pairs_to_esto_pairs,16.01 Commercial and public services,,,
16.01.01 Datacentres,07.08 Fuel oil,False,active_mapping,leap_combined_esto|ninth_pairs_to_esto_pairs,16.01 Commercial and public services,,,
16.01.01 Datacentres,07.09 LPG,False,active_mapping,leap_combined_esto|ninth_pairs_to_esto_pairs,16.01 Commercial and public services,,,
16.01.01 Datacentres,08.01 Natural gas,False,active_mapping,leap_combined_esto|ninth_pairs_to_esto_pairs,16.01 Commercial and public services,,,
16.01.01 Datacentres,08.03 Gas works gas,False,active_mapping,leap_combined_esto|ninth_pairs_to_esto_pairs,16.01 Commercial and public services,,,
16.01.01 Datacentres,11 Geothermal,False,active_mapping,leap_combined_esto|ninth_pairs_to_esto_pairs,16.01 Commercial and public services,,,
16.01.01 Datacentres,12.99 Solar nonspecified,False,active_mapping,leap_combined_esto|ninth_pairs_to_esto_pairs,16.01 Commercial and public services,,,
16.01.01 Datacentres,15.01 Fuelwood & woodwaste,False,active_mapping,leap_combined_esto|ninth_pairs_to_esto_pairs,16.01 Commercial and public services,,,
16.01.01 Datacentres,15.03 Charcoal,False,active_mapping,leap_combined_esto|ninth_pairs_to_esto_pairs,16.01 Commercial and public services,,,
16.01.01 Datacentres,15.05 Other biomass,False,active_mapping,leap_combined_esto|ninth_pairs_to_esto_pairs,16.01 Commercial and public services,,,
16.01.01 Datacentres,16.01 Biogas,False,active_mapping,leap_combined_esto|ninth_pairs_to_esto_pairs,16.01 Commercial and public services,,,
16.01.01 Datacentres,16.02 Industrial waste,False,active_mapping,leap_combined_esto|ninth_pairs_to_esto_pairs,16.01 Commercial and public services,,,
16.01.01 Datacentres,16.03 Municipal solid waste (renewable),False,active_mapping,leap_combined_esto|ninth_pairs_to_esto_pairs,16.01 Commercial and public services,,,
16.01.01 Datacentres,16.04 Municipal solid waste (non-renewable),False,active_mapping,leap_combined_esto|ninth_pairs_to_esto_pairs,16.01 Commercial and public services,,,
16.01.01 Datacentres,16.05 Biogasoline,False,active_mapping,leap_combined_esto|ninth_pairs_to_esto_pairs,16.01 Commercial and public services,,,
16.01.01 Datacentres,16.06 Biodiesel,False,active_mapping,leap_combined_esto|ninth_pairs_to_esto_pairs,16.01 Commercial and public services,,,
16.01.01 Datacentres,16.12 Hydrogen,False,active_mapping,leap_combined_esto|ninth_pairs_to_esto_pairs,16.01 Commercial and public services,,,
16.01.01 Datacentres,17 Electricity,False,active_mapping,leap_combined_esto|ninth_pairs_to_esto_pairs,16.01 Commercial and public services,,,
16.01.01 Datacentres,18 Heat,False,active_mapping,leap_combined_esto|ninth_pairs_to_esto_pairs,16.01 Commercial and public services,,,
16.01.99 Commercial and public services unallocated,01.01 Coking coal,False,active_mapping,leap_combined_esto|ninth_pairs_to_esto_pairs,16.01 Commercial and public services,,,
16.01.99 Commercial and public services unallocated,01.02 Other bituminous coal,False,active_mapping,leap_combined_esto|ninth_pairs_to_esto_pairs,16.01 Commercial and public services,,,
16.01.99 Commercial and public services unallocated,01.03 Sub-bituminous coal,False,active_mapping,leap_combined_esto|ninth_pairs_to_esto_pairs,16.01 Commercial and public services,,,
16.01.99 Commercial and public services unallocated,01.04 Anthracite,False,active_mapping,leap_combined_esto|ninth_pairs_to_esto_pairs,16.01 Commercial and public services,,,
16.01.99 Commercial and public services unallocated,01.05 Lignite,False,active_mapping,leap_combined_esto|ninth_pairs_to_esto_pairs,16.01 Commercial and public services,,,
16.01.99 Commercial and public services unallocated,01.99 Coal nonspecified,False,active_mapping,leap_combined_esto|ninth_pairs_to_esto_pairs,16.01 Commercial and public services,,,
16.01.99 Commercial and public services unallocated,02.01 Coke oven coke,False,active_mapping,leap_combined_esto|ninth_pairs_to_esto_pairs,16.01 Commercial and public services,,,
16.01.99 Commercial and public services unallocated,02.02 Gas coke,False,active_mapping,leap_combined_esto|ninth_pairs_to_esto_pairs,16.01 Commercial and public services,,,
16.01.99 Commercial and public services unallocated,02.03 Coke oven gas,False,active_mapping,leap_combined_esto|ninth_pairs_to_esto_pairs,16.01 Commercial and public services,,,
16.01.99 Commercial and public services unallocated,02.04 Blast furnace gas,False,active_mapping,leap_combined_esto|ninth_pairs_to_esto_pairs,16.01 Commercial and public services,,,
16.01.99 Commercial and public services unallocated,02.05 Other recovered gases,False,active_mapping,leap_combined_esto|ninth_pairs_to_esto_pairs,16.01 Commercial and public services,,,
16.01.99 Commercial and public services unallocated,02.06 Patent fuel,False,active_mapping,leap_combined_esto|ninth_pairs_to_esto_pairs,16.01 Commercial and public services,,,
16.01.99 Commercial and public services unallocated,02.07 Coal tar,False,active_mapping,leap_combined_esto|ninth_pairs_to_esto_pairs,16.01 Commercial and public services,,,
16.01.99 Commercial and public services unallocated,02.08 BKB/PB,False,active_mapping,leap_combined_esto|ninth_pairs_to_esto_pairs,16.01 Commercial and public services,,,
16.01.99 Commercial and public services unallocated,03 Peat,False,active_mapping,leap_combined_esto|ninth_pairs_to_esto_pairs,16.01 Commercial and public services,,,
16.01.99 Commercial and public services unallocated,04 Peat products,False,active_mapping,leap_combined_esto|ninth_pairs_to_esto_pairs,16.01 Commercial and public services,,,
16.01.99 Commercial and public services unallocated,06.01 Crude oil,False,active_mapping,leap_combined_esto|ninth_pairs_to_esto_pairs,16.01 Commercial and public services,,,
16.01.99 Commercial and public services unallocated,06.02 Natural gas liquids,False,active_mapping,leap_combined_esto|ninth_pairs_to_esto_pairs,16.01 Commercial and public services,,,
16.01.99 Commercial and public services unallocated,06.03 Refinery feedstocks,False,active_mapping,leap_combined_esto|ninth_pairs_to_esto_pairs,16.01 Commercial and public services,,,
16.01.99 Commercial and public services unallocated,06.04 Additives/ oxygenates,False,active_mapping,leap_combined_esto|ninth_pairs_to_esto_pairs,16.01 Commercial and public services,,,
16.01.99 Commercial and public services unallocated,06.05 Other hydrocarbons,False,active_mapping,leap_combined_esto,16.01 Commercial and public services,,,
16.01.99 Commercial and public services unallocated,07.01 Motor gasoline,False,active_mapping,leap_combined_esto|ninth_pairs_to_esto_pairs,16.01 Commercial and public services,,,
16.01.99 Commercial and public services unallocated,07.02 Aviation gasoline,False,active_mapping,leap_combined_esto|ninth_pairs_to_esto_pairs,16.01 Commercial and public services,,,
16.01.99 Commercial and public services unallocated,07.03 Naphtha,False,active_mapping,leap_combined_esto|ninth_pairs_to_esto_pairs,16.01 Commercial and public services,,,
16.01.99 Commercial and public services unallocated,07.04 Gasoline type jet fuel,False,active_mapping,leap_combined_esto|ninth_pairs_to_esto_pairs,16.01 Commercial and public services,,,
16.01.99 Commercial and public services unallocated,07.05 Kerosene type jet fuel,False,active_mapping,leap_combined_esto|ninth_pairs_to_esto_pairs,16.01 Commercial and public services,,,
16.01.99 Commercial and public services unallocated,07.06 Kerosene,False,active_mapping,leap_combined_esto|ninth_pairs_to_esto_pairs,16.01 Commercial and public services,,,
16.01.99 Commercial and public services unallocated,07.07 Gas/diesel oil,False,active_mapping,leap_combined_esto|ninth_pairs_to_esto_pairs,16.01 Commercial and public services,,,
16.01.99 Commercial and public services unallocated,07.08 Fuel oil,False,active_mapping,leap_combined_esto|ninth_pairs_to_esto_pairs,16.01 Commercial and public services,,,
16.01.99 Commercial and public services unallocated,07.09 LPG,False,active_mapping,leap_combined_esto|ninth_pairs_to_esto_pairs,16.01 Commercial and public services,,,
16.01.99 Commercial and public services unallocated,07.10 Refinery gas (not liquefied),False,active_mapping,leap_combined_esto|ninth_pairs_to_esto_pairs,16.01 Commercial and public services,,,
16.01.99 Commercial and public services unallocated,07.11 Ethane,False,active_mapping,leap_combined_esto|ninth_pairs_to_esto_pairs,16.01 Commercial and public services,,,
16.01.99 Commercial and public services unallocated,07.12 White spirit SBP,False,active_mapping,leap_combined_esto|ninth_pairs_to_esto_pairs,16.01 Commercial and public services,,,
16.01.99 Commercial and public services unallocated,07.13 Lubricants,False,active_mapping,leap_combined_esto|ninth_pairs_to_esto_pairs,16.01 Commercial and public services,,,
16.01.99 Commercial and public services unallocated,07.14 Bitumen,False,active_mapping,leap_combined_esto|ninth_pairs_to_esto_pairs,16.01 Commercial and public services,,,
16.01.99 Commercial and public services unallocated,07.15 Paraffin waxes,False,active_mapping,leap_combined_esto|ninth_pairs_to_esto_pairs,16.01 Commercial and public services,,,
16.01.99 Commercial and public services unallocated,07.16 Petroleum coke,False,active_mapping,leap_combined_esto|ninth_pairs_to_esto_pairs,16.01 Commercial and public services,,,
16.01.99 Commercial and public services unallocated,07.17 Other products,False,active_mapping,leap_combined_esto|ninth_pairs_to_esto_pairs,16.01 Commercial and public services,,,
16.01.99 Commercial and public services unallocated,07.99 PetProd nonspecified,False,active_mapping,leap_combined_esto|ninth_pairs_to_esto_pairs,16.01 Commercial and public services,,,
16.01.99 Commercial and public services unallocated,08.01 Natural gas,False,active_mapping,leap_combined_esto|ninth_pairs_to_esto_pairs,16.01 Commercial and public services,,,
16.01.99 Commercial and public services unallocated,08.02 LNG,False,active_mapping,leap_combined_esto|ninth_pairs_to_esto_pairs,16.01 Commercial and public services,,,
16.01.99 Commercial and public services unallocated,08.03 Gas works gas,False,active_mapping,leap_combined_esto|ninth_pairs_to_esto_pairs,16.01 Commercial and public services,,,
16.01.99 Commercial and public services unallocated,08.99 Gas nonspecified,False,active_mapping,leap_combined_esto|ninth_pairs_to_esto_pairs,16.01 Commercial and public services,,,
16.01.99 Commercial and public services unallocated,09 Nuclear,False,active_mapping,leap_combined_esto|ninth_pairs_to_esto_pairs,16.01 Commercial and public services,,,
16.01.99 Commercial and public services unallocated,10 Hydro,False,active_mapping,leap_combined_esto|ninth_pairs_to_esto_pairs,16.01 Commercial and public services,,,
16.01.99 Commercial and public services unallocated,11 Geothermal,False,active_mapping,leap_combined_esto|ninth_pairs_to_esto_pairs,16.01 Commercial and public services,,,
16.01.99 Commercial and public services unallocated,12.01 of which: Photovoltaics,False,active_mapping,leap_combined_esto|ninth_pairs_to_esto_pairs,16.01 Commercial and public services,,,
16.01.99 Commercial and public services unallocated,12.99 Solar nonspecified,False,active_mapping,leap_combined_esto|ninth_pairs_to_esto_pairs,16.01 Commercial and public services,,,
16.01.99 Commercial and public services unallocated,"13 Tide, wave, ocean",False,active_mapping,ninth_pairs_to_esto_pairs,16.01 Commercial and public services,,,
16.01.99 Commercial and public services unallocated,14 Wind,False,active_mapping,leap_combined_esto|ninth_pairs_to_esto_pairs,16.01 Commercial and public services,,,
16.01.99 Commercial and public services unallocated,15.01 Fuelwood & woodwaste,False,active_mapping,leap_combined_esto|ninth_pairs_to_esto_pairs,16.01 Commercial and public services,,,
16.01.99 Commercial and public services unallocated,15.02 Bagasse,False,active_mapping,leap_combined_esto|ninth_pairs_to_esto_pairs,16.01 Commercial and public services,,,
16.01.99 Commercial and public services unallocated,15.03 Charcoal,False,active_mapping,leap_combined_esto|ninth_pairs_to_esto_pairs,16.01 Commercial and public services,,,
16.01.99 Commercial and public services unallocated,15.04 Black liquor,False,active_mapping,leap_combined_esto|ninth_pairs_to_esto_pairs,16.01 Commercial and public services,,,
16.01.99 Commercial and public services unallocated,15.05 Other biomass,False,active_mapping,leap_combined_esto|ninth_pairs_to_esto_pairs,16.01 Commercial and public services,,,
16.01.99 Commercial and public services unallocated,16.01 Biogas,False,active_mapping,leap_combined_esto|ninth_pairs_to_esto_pairs,16.01 Commercial and public services,,,
16.01.99 Commercial and public services unallocated,16.02 Industrial waste,False,active_mapping,leap_combined_esto|ninth_pairs_to_esto_pairs,16.01 Commercial and public services,,,
16.01.99 Commercial and public services unallocated,16.03 Municipal solid waste (renewable),False,active_mapping,leap_combined_esto|ninth_pairs_to_esto_pairs,16.01 Commercial and public services,,,
16.01.99 Commercial and public services unallocated,16.04 Municipal solid waste (non-renewable),False,active_mapping,leap_combined_esto|ninth_pairs_to_esto_pairs,16.01 Commercial and public services,,,
16.01.99 Commercial and public services unallocated,16.05 Biogasoline,False,active_mapping,leap_combined_esto|ninth_pairs_to_esto_pairs,16.01 Commercial and public services,,,
16.01.99 Commercial and public services unallocated,16.06 Biodiesel,False,active_mapping,leap_combined_esto|ninth_pairs_to_esto_pairs,16.01 Commercial and public services,,,
16.01.99 Commercial and public services unallocated,16.07 Bio jet kerosene,False,active_mapping,leap_combined_esto|ninth_pairs_to_esto_pairs,16.01 Commercial and public services,,,
16.01.99 Commercial and public services unallocated,16.08 Other liquid biofuels,False,active_mapping,leap_combined_esto|ninth_pairs_to_esto_pairs,16.01 Commercial and public services,,,
16.01.99 Commercial and public services unallocated,16.09 Other sources,False,active_mapping,leap_combined_esto|ninth_pairs_to_esto_pairs,16.01 Commercial and public services,,,
16.01.99 Commercial and public services unallocated,16.12 Hydrogen,False,active_mapping,leap_combined_esto|ninth_pairs_to_esto_pairs,16.01 Commercial and public services,,,
16.01.99 Commercial and public services unallocated,17 Electricity,False,active_mapping,leap_combined_esto|ninth_pairs_to_esto_pairs,16.01 Commercial and public services,,,
16.01.99 Commercial and public services unallocated,18 Heat,False,active_mapping,leap_combined_esto|ninth_pairs_to_esto_pairs,16.01 Commercial and public services,,,
16.02 Residential,01.02 Other bituminous coal,False,active_mapping,leap_combined_esto|ninth_pairs_to_esto_pairs,16 Other sector,,,
16.02 Residential,01.03 Sub-bituminous coal,False,active_mapping,leap_combined_esto|ninth_pairs_to_esto_pairs,16 Other sector,,,
16.02 Residential,01.04 Anthracite,False,active_mapping,leap_combined_esto|ninth_pairs_to_esto_pairs,16 Other sector,,,
16.02 Residential,01.05 Lignite,False,active_mapping,leap_combined_esto|ninth_pairs_to_esto_pairs,16 Other sector,,,
16.02 Residential,02.01 Coke oven coke,False,active_mapping,leap_combined_esto|ninth_pairs_to_esto_pairs,16 Other sector,,,
16.02 Residential,02.02 Gas coke,False,active_mapping,leap_combined_esto|ninth_pairs_to_esto_pairs,16 Other sector,,,
16.02 Residential,02.03 Coke oven gas,False,active_mapping,leap_combined_esto|ninth_pairs_to_esto_pairs,16 Other sector,,,
16.02 Residential,02.04 Blast furnace gas,False,active_mapping,leap_combined_esto|ninth_pairs_to_esto_pairs,16 Other sector,,,
16.02 Residential,02.05 Other recovered gases,False,active_mapping,leap_combined_esto|ninth_pairs_to_esto_pairs,16 Other sector,,,
16.02 Residential,02.06 Patent fuel,False,active_mapping,leap_combined_esto|ninth_pairs_to_esto_pairs,16 Other sector,,,
16.02 Residential,02.07 Coal tar,False,active_mapping,leap_combined_esto|ninth_pairs_to_esto_pairs,16 Other sector,,,
16.02 Residential,02.08 BKB/PB,False,active_mapping,leap_combined_esto|ninth_pairs_to_esto_pairs,16 Other sector,,,
16.02 Residential,03 Peat,False,active_mapping,leap_combined_esto|ninth_pairs_to_esto_pairs,16 Other sector,,,
16.02 Residential,04 Peat products,False,active_mapping,leap_combined_esto|ninth_pairs_to_esto_pairs,16 Other sector,,,
16.02 Residential,07.01 Motor gasoline,False,active_mapping,leap_combined_esto|ninth_pairs_to_esto_pairs,16 Other sector,,,
16.02 Residential,07.06 Kerosene,False,active_mapping,leap_combined_esto|ninth_pairs_to_esto_pairs,16 Other sector,,,
16.02 Residential,07.07 Gas/diesel oil,False,active_mapping,leap_combined_esto|ninth_pairs_to_esto_pairs,16 Other sector,,,
16.02 Residential,07.08 Fuel oil,False,active_mapping,leap_combined_esto|ninth_pairs_to_esto_pairs,16 Other sector,,,
16.02 Residential,07.09 LPG,False,active_mapping,leap_combined_esto|ninth_pairs_to_esto_pairs,16 Other sector,,,
16.02 Residential,07.99 PetProd nonspecified,False,active_mapping,leap_combined_esto|ninth_pairs_to_esto_pairs,16 Other sector,,,
16.02 Residential,08.01 Natural gas,False,active_mapping,leap_combined_esto|ninth_pairs_to_esto_pairs,16 Other sector,,,
16.02 Residential,08.03 Gas works gas,False,active_mapping,leap_combined_esto|ninth_pairs_to_esto_pairs,16 Other sector,,,
16.02 Residential,11 Geothermal,False,active_mapping,leap_combined_esto|ninth_pairs_to_esto_pairs,16 Other sector,,,
16.02 Residential,12.99 Solar nonspecified,False,active_mapping,leap_combined_esto|ninth_pairs_to_esto_pairs,16 Other sector,,,
16.02 Residential,15.01 Fuelwood & woodwaste,False,active_mapping,leap_combined_esto|ninth_pairs_to_esto_pairs,16 Other sector,,,
16.02 Residential,15.02 Bagasse,False,active_mapping,leap_combined_esto|ninth_pairs_to_esto_pairs,16 Other sector,,,
16.02 Residential,15.03 Charcoal,False,active_mapping,leap_combined_esto|ninth_pairs_to_esto_pairs,16 Other sector,,,
16.02 Residential,15.05 Other biomass,False,active_mapping,leap_combined_esto|ninth_pairs_to_esto_pairs,16 Other sector,,,
16.02 Residential,16.01 Biogas,False,active_mapping,leap_combined_esto|ninth_pairs_to_esto_pairs,16 Other sector,,,
16.02 Residential,16.05 Biogasoline,False,active_mapping,leap_combined_esto|ninth_pairs_to_esto_pairs,16 Other sector,,,
16.02 Residential,16.06 Biodiesel,False,active_mapping,leap_combined_esto|ninth_pairs_to_esto_pairs,16 Other sector,,,
16.02 Residential,17 Electricity,False,active_mapping,leap_combined_esto|ninth_pairs_to_esto_pairs,16 Other sector,,,
16.02 Residential,18 Heat,False,active_mapping,leap_combined_esto|ninth_pairs_to_esto_pairs,16 Other sector,,,
16.03 Agriculture,01.02 Other bituminous coal,False,active_mapping,leap_combined_esto,16 Other sector,,,
16.03 Agriculture,01.03 Sub-bituminous coal,False,active_mapping,leap_combined_esto,16 Other sector,,,
16.03 Agriculture,01.04 Anthracite,False,active_mapping,leap_combined_esto,16 Other sector,,,
16.03 Agriculture,01.05 Lignite,False,active_mapping,leap_combined_esto,16 Other sector,,,
16.03 Agriculture,02.01 Coke oven coke,False,active_mapping,leap_combined_esto,16 Other sector,,,
16.03 Agriculture,02.03 Coke oven gas,False,active_mapping,leap_combined_esto,16 Other sector,,,
16.03 Agriculture,02.04 Blast furnace gas,False,active_mapping,leap_combined_esto,16 Other sector,,,
16.03 Agriculture,02.05 Other recovered gases,False,active_mapping,leap_combined_esto,16 Other sector,,,
16.03 Agriculture,02.06 Patent fuel,False,active_mapping,leap_combined_esto,16 Other sector,,,
16.03 Agriculture,02.07 Coal tar,False,active_mapping,leap_combined_esto,16 Other sector,,,
16.03 Agriculture,02.08 BKB/PB,False,active_mapping,leap_combined_esto,16 Other sector,,,
16.03 Agriculture,06.01 Crude oil,False,active_mapping,leap_combined_esto,16 Other sector,,,
16.03 Agriculture,07.01 Motor gasoline,False,active_mapping,leap_combined_esto,16 Other sector,,,
16.03 Agriculture,07.02 Aviation gasoline,False,active_mapping,leap_combined_esto,16 Other sector,,,
16.03 Agriculture,07.05 Kerosene type jet fuel,False,active_mapping,leap_combined_esto,16 Other sector,,,
16.03 Agriculture,07.06 Kerosene,False,active_mapping,leap_combined_esto,16 Other sector,,,
16.03 Agriculture,07.07 Gas/diesel oil,False,active_mapping,leap_combined_esto,16 Other sector,,,
16.03 Agriculture,07.08 Fuel oil,False,active_mapping,leap_combined_esto,16 Other sector,,,
16.03 Agriculture,07.09 LPG,False,active_mapping,leap_combined_esto,16 Other sector,,,
16.03 Agriculture,07.13 Lubricants,False,active_mapping,leap_combined_esto,16 Other sector,,,
16.03 Agriculture,08.01 Natural gas,False,active_mapping,leap_combined_esto,16 Other sector,,,
16.03 Agriculture,08.03 Gas works gas,False,active_mapping,leap_combined_esto,16 Other sector,,,
16.03 Agriculture,11 Geothermal,False,active_mapping,leap_combined_esto,16 Other sector,,,
16.03 Agriculture,12.99 Solar nonspecified,False,active_mapping,leap_combined_esto,16 Other sector,,,
16.03 Agriculture,15.01 Fuelwood & woodwaste,False,active_mapping,leap_combined_esto,16 Other sector,,,
16.03 Agriculture,15.03 Charcoal,False,active_mapping,leap_combined_esto,16 Other sector,,,
16.03 Agriculture,15.05 Other biomass,False,active_mapping,leap_combined_esto,16 Other sector,,,
16.03 Agriculture,16.01 Biogas,False,active_mapping,leap_combined_esto,16 Other sector,,,
16.03 Agriculture,16.02 Industrial waste,False,active_mapping,leap_combined_esto,16 Other sector,,,
16.03 Agriculture,16.03 Municipal solid waste (renewable),False,active_mapping,leap_combined_esto,16 Other sector,,,
16.03 Agriculture,16.04 Municipal solid waste (non-renewable),False,active_mapping,leap_combined_esto,16 Other sector,,,
16.03 Agriculture,16.05 Biogasoline,False,active_mapping,leap_combined_esto,16 Other sector,,,
16.03 Agriculture,16.06 Biodiesel,False,active_mapping,leap_combined_esto,16 Other sector,,,
16.03 Agriculture,16.08 Other liquid biofuels,False,active_mapping,leap_combined_esto,16 Other sector,,,
16.03 Agriculture,16.09 Other sources,False,active_mapping,leap_combined_esto,16 Other sector,,,
16.03 Agriculture,16.12 Hydrogen,False,active_mapping,leap_combined_esto,16 Other sector,,,
16.03 Agriculture,17 Electricity,False,active_mapping,leap_combined_esto,16 Other sector,,,
16.03 Agriculture,18 Heat,False,active_mapping,leap_combined_esto,16 Other sector,,,
16.03-16.04 Agriculture and fishing,01.02 Other bituminous coal,False,active_mapping,leap_combined_esto|ninth_pairs_to_esto_pairs,,,,
16.03-16.04 Agriculture and fishing,01.03 Sub-bituminous coal,False,active_mapping,leap_combined_esto|ninth_pairs_to_esto_pairs,,,,
16.03-16.04 Agriculture and fishing,01.04 Anthracite,False,active_mapping,leap_combined_esto|ninth_pairs_to_esto_pairs,,,,
16.03-16.04 Agriculture and fishing,01.05 Lignite,False,active_mapping,leap_combined_esto|ninth_pairs_to_esto_pairs,,,,
16.03-16.04 Agriculture and fishing,02.01 Coke oven coke,False,active_mapping,leap_combined_esto|ninth_pairs_to_esto_pairs,,,,
16.03-16.04 Agriculture and fishing,02.03 Coke oven gas,False,active_mapping,leap_combined_esto|ninth_pairs_to_esto_pairs,,,,
16.03-16.04 Agriculture and fishing,02.04 Blast furnace gas,False,active_mapping,leap_combined_esto|ninth_pairs_to_esto_pairs,,,,
16.03-16.04 Agriculture and fishing,02.05 Other recovered gases,False,active_mapping,leap_combined_esto|ninth_pairs_to_esto_pairs,,,,
16.03-16.04 Agriculture and fishing,02.06 Patent fuel,False,active_mapping,leap_combined_esto|ninth_pairs_to_esto_pairs,,,,
16.03-16.04 Agriculture and fishing,02.07 Coal tar,False,active_mapping,leap_combined_esto|ninth_pairs_to_esto_pairs,,,,
16.03-16.04 Agriculture and fishing,02.08 BKB/PB,False,active_mapping,leap_combined_esto|ninth_pairs_to_esto_pairs,,,,
16.03-16.04 Agriculture and fishing,06.01 Crude oil,False,active_mapping,leap_combined_esto|ninth_pairs_to_esto_pairs,,,,
16.03-16.04 Agriculture and fishing,07.01 Motor gasoline,False,active_mapping,leap_combined_esto|ninth_pairs_to_esto_pairs,,,,
16.03-16.04 Agriculture and fishing,07.02 Aviation gasoline,False,active_mapping,leap_combined_esto|ninth_pairs_to_esto_pairs,,,,
16.03-16.04 Agriculture and fishing,07.05 Kerosene type jet fuel,False,active_mapping,leap_combined_esto|ninth_pairs_to_esto_pairs,,,,
16.03-16.04 Agriculture and fishing,07.06 Kerosene,False,active_mapping,leap_combined_esto|ninth_pairs_to_esto_pairs,,,,
16.03-16.04 Agriculture and fishing,07.07 Gas/diesel oil,False,active_mapping,leap_combined_esto|ninth_pairs_to_esto_pairs,,,,
16.03-16.04 Agriculture and fishing,07.08 Fuel oil,False,active_mapping,leap_combined_esto|ninth_pairs_to_esto_pairs,,,,
16.03-16.04 Agriculture and fishing,07.09 LPG,False,active_mapping,leap_combined_esto|ninth_pairs_to_esto_pairs,,,,
16.03-16.04 Agriculture and fishing,07.13 Lubricants,False,active_mapping,leap_combined_esto|ninth_pairs_to_esto_pairs,,,,
16.03-16.04 Agriculture and fishing,07.99 PetProd nonspecified,False,active_mapping,ninth_pairs_to_esto_pairs,,,,
16.03-16.04 Agriculture and fishing,08.01 Natural gas,False,active_mapping,leap_combined_esto|ninth_pairs_to_esto_pairs,,,,
16.03-16.04 Agriculture and fishing,08.03 Gas works gas,False,active_mapping,leap_combined_esto,,,,
16.03-16.04 Agriculture and fishing,11 Geothermal,False,active_mapping,leap_combined_esto|ninth_pairs_to_esto_pairs,,,,
16.03-16.04 Agriculture and fishing,12.99 Solar nonspecified,False,active_mapping,leap_combined_esto|ninth_pairs_to_esto_pairs,,,,
16.03-16.04 Agriculture and fishing,15.01 Fuelwood & woodwaste,False,active_mapping,leap_combined_esto|ninth_pairs_to_esto_pairs,,,,
16.03-16.04 Agriculture and fishing,15.03 Charcoal,False,active_mapping,leap_combined_esto|ninth_pairs_to_esto_pairs,,,,
16.03-16.04 Agriculture and fishing,15.05 Other biomass,False,active_mapping,leap_combined_esto|ninth_pairs_to_esto_pairs,,,,
16.03-16.04 Agriculture and fishing,16.01 Biogas,False,active_mapping,leap_combined_esto|ninth_pairs_to_esto_pairs,,,,
16.03-16.04 Agriculture and fishing,16.02 Industrial waste,False,active_mapping,leap_combined_esto|ninth_pairs_to_esto_pairs,,,,
16.03-16.04 Agriculture and fishing,16.03 Municipal solid waste (renewable),False,active_mapping,leap_combined_esto|ninth_pairs_to_esto_pairs,,,,
16.03-16.04 Agriculture and fishing,16.04 Municipal solid waste (non-renewable),False,active_mapping,leap_combined_esto|ninth_pairs_to_esto_pairs,,,,
16.03-16.04 Agriculture and fishing,16.05 Biogasoline,False,active_mapping,leap_combined_esto|ninth_pairs_to_esto_pairs,,,,
16.03-16.04 Agriculture and fishing,16.06 Biodiesel,False,active_mapping,leap_combined_esto|ninth_pairs_to_esto_pairs,,,,
16.03-16.04 Agriculture and fishing,16.12 Hydrogen,False,active_mapping,leap_combined_esto|ninth_pairs_to_esto_pairs,,,,
16.03-16.04 Agriculture and fishing,17 Electricity,False,active_mapping,leap_combined_esto|ninth_pairs_to_esto_pairs,,,,
16.03-16.04 Agriculture and fishing,18 Heat,False,active_mapping,leap_combined_esto|ninth_pairs_to_esto_pairs,,,,
16.03-16.05 Other sector (all demand aggregate),01.02 Other bituminous coal,False,active_mapping,leap_combined_esto,,,,
16.03-16.05 Other sector (all demand aggregate),01.03 Sub-bituminous coal,False,active_mapping,leap_combined_esto,,,,
16.03-16.05 Other sector (all demand aggregate),01.04 Anthracite,False,active_mapping,leap_combined_esto,,,,
16.03-16.05 Other sector (all demand aggregate),01.05 Lignite,False,active_mapping,leap_combined_esto,,,,
16.03-16.05 Other sector (all demand aggregate),02.01 Coke oven coke,False,active_mapping,leap_combined_esto,,,,
16.03-16.05 Other sector (all demand aggregate),02.03 Coke oven gas,False,active_mapping,leap_combined_esto,,,,
16.03-16.05 Other sector (all demand aggregate),02.04 Blast furnace gas,False,active_mapping,leap_combined_esto,,,,
16.03-16.05 Other sector (all demand aggregate),02.05 Other recovered gases,False,active_mapping,leap_combined_esto,,,,
16.03-16.05 Other sector (all demand aggregate),02.06 Patent fuel,False,active_mapping,leap_combined_esto,,,,
16.03-16.05 Other sector (all demand aggregate),02.07 Coal tar,False,active_mapping,leap_combined_esto,,,,
16.03-16.05 Other sector (all demand aggregate),02.08 BKB/PB,False,active_mapping,leap_combined_esto,,,,
16.03-16.05 Other sector (all demand aggregate),03 Peat,False,active_mapping,leap_combined_esto,,,,
16.03-16.05 Other sector (all demand aggregate),04 Peat products,False,active_mapping,leap_combined_esto,,,,
16.03-16.05 Other sector (all demand aggregate),06.01 Crude oil,False,active_mapping,leap_combined_esto,,,,
16.03-16.05 Other sector (all demand aggregate),07.01 Motor gasoline,False,active_mapping,leap_combined_esto,,,,
16.03-16.05 Other sector (all demand aggregate),07.02 Aviation gasoline,False,active_mapping,leap_combined_esto,,,,
16.03-16.05 Other sector (all demand aggregate),07.05 Kerosene type jet fuel,False,active_mapping,leap_combined_esto,,,,
16.03-16.05 Other sector (all demand aggregate),07.06 Kerosene,False,active_mapping,leap_combined_esto,,,,
16.03-16.05 Other sector (all demand aggregate),07.07 Gas/diesel oil,False,active_mapping,leap_combined_esto,,,,
16.03-16.05 Other sector (all demand aggregate),07.08 Fuel oil,False,active_mapping,leap_combined_esto,,,,
16.03-16.05 Other sector (all demand aggregate),07.09 LPG,False,active_mapping,leap_combined_esto,,,,
16.03-16.05 Other sector (all demand aggregate),07.11 Ethane,False,active_mapping,leap_combined_esto,,,,
16.03-16.05 Other sector (all demand aggregate),07.13 Lubricants,False,active_mapping,leap_combined_esto,,,,
16.03-16.05 Other sector (all demand aggregate),07.16 Petroleum coke,False,active_mapping,leap_combined_esto,,,,
16.03-16.05 Other sector (all demand aggregate),07.17 Other products,False,active_mapping,leap_combined_esto,,,,
16.03-16.05 Other sector (all demand aggregate),07.99 PetProd nonspecified,False,active_mapping,leap_combined_esto,,,,
16.03-16.05 Other sector (all demand aggregate),08.01 Natural gas,False,active_mapping,leap_combined_esto,,,,
16.03-16.05 Other sector (all demand aggregate),08.03 Gas works gas,False,active_mapping,leap_combined_esto,,,,
16.03-16.05 Other sector (all demand aggregate),11 Geothermal,False,active_mapping,leap_combined_esto,,,,
16.03-16.05 Other sector (all demand aggregate),12.99 Solar nonspecified,False,active_mapping,leap_combined_esto,,,,
16.03-16.05 Other sector (all demand aggregate),15.01 Fuelwood & woodwaste,False,active_mapping,leap_combined_esto,,,,
16.03-16.05 Other sector (all demand aggregate),15.02 Bagasse,False,active_mapping,leap_combined_esto,,,,
16.03-16.05 Other sector (all demand aggregate),15.03 Charcoal,False,active_mapping,leap_combined_esto,,,,
16.03-16.05 Other sector (all demand aggregate),15.05 Other biomass,False,active_mapping,leap_combined_esto,,,,
16.03-16.05 Other sector (all demand aggregate),16.01 Biogas,False,active_mapping,leap_combined_esto,,,,
16.03-16.05 Other sector (all demand aggregate),16.02 Industrial waste,False,active_mapping,leap_combined_esto,,,,
16.03-16.05 Other sector (all demand aggregate),16.03 Municipal solid waste (renewable),False,active_mapping,leap_combined_esto,,,,
16.03-16.05 Other sector (all demand aggregate),16.04 Municipal solid waste (non-renewable),False,active_mapping,leap_combined_esto,,,,
16.03-16.05 Other sector (all demand aggregate),16.05 Biogasoline,False,active_mapping,leap_combined_esto,,,,
16.03-16.05 Other sector (all demand aggregate),16.06 Biodiesel,False,active_mapping,leap_combined_esto,,,,
16.03-16.05 Other sector (all demand aggregate),16.08 Other liquid biofuels,False,active_mapping,leap_combined_esto,,,,
16.03-16.05 Other sector (all demand aggregate),16.09 Other sources,False,active_mapping,leap_combined_esto,,,,
16.03-16.05 Other sector (all demand aggregate),16.12 Hydrogen,False,active_mapping,leap_combined_esto,,,,
16.03-16.05 Other sector (all demand aggregate),17 Electricity,False,active_mapping,leap_combined_esto,,,,
16.03-16.05 Other sector (all demand aggregate),18 Heat,False,active_mapping,leap_combined_esto,,,,
16.04 Fishing,01.02 Other bituminous coal,False,active_mapping,leap_combined_esto,16 Other sector,,,
16.04 Fishing,01.03 Sub-bituminous coal,False,active_mapping,leap_combined_esto,16 Other sector,,,
16.04 Fishing,01.04 Anthracite,False,active_mapping,leap_combined_esto,16 Other sector,,,
16.04 Fishing,01.05 Lignite,False,active_mapping,leap_combined_esto,16 Other sector,,,
16.04 Fishing,02.01 Coke oven coke,False,active_mapping,leap_combined_esto,16 Other sector,,,
16.04 Fishing,02.03 Coke oven gas,False,active_mapping,leap_combined_esto,16 Other sector,,,
16.04 Fishing,02.04 Blast furnace gas,False,active_mapping,leap_combined_esto,16 Other sector,,,
16.04 Fishing,02.05 Other recovered gases,False,active_mapping,leap_combined_esto,16 Other sector,,,
16.04 Fishing,02.06 Patent fuel,False,active_mapping,leap_combined_esto,16 Other sector,,,
16.04 Fishing,02.07 Coal tar,False,active_mapping,leap_combined_esto,16 Other sector,,,
16.04 Fishing,02.08 BKB/PB,False,active_mapping,leap_combined_esto,16 Other sector,,,
16.04 Fishing,07.01 Motor gasoline,False,active_mapping,leap_combined_esto,16 Other sector,,,
16.04 Fishing,07.02 Aviation gasoline,False,active_mapping,leap_combined_esto,16 Other sector,,,
16.04 Fishing,07.05 Kerosene type jet fuel,False,active_mapping,leap_combined_esto,16 Other sector,,,
16.04 Fishing,07.06 Kerosene,False,active_mapping,leap_combined_esto,16 Other sector,,,
16.04 Fishing,07.07 Gas/diesel oil,False,active_mapping,leap_combined_esto,16 Other sector,,,
16.04 Fishing,07.08 Fuel oil,False,active_mapping,leap_combined_esto,16 Other sector,,,
16.04 Fishing,07.09 LPG,False,active_mapping,leap_combined_esto,16 Other sector,,,
16.04 Fishing,07.13 Lubricants,False,active_mapping,leap_combined_esto,16 Other sector,,,
16.04 Fishing,08.01 Natural gas,False,active_mapping,leap_combined_esto,16 Other sector,,,
16.04 Fishing,08.03 Gas works gas,False,active_mapping,leap_combined_esto,16 Other sector,,,
16.04 Fishing,11 Geothermal,False,active_mapping,leap_combined_esto,16 Other sector,,,
16.04 Fishing,12.99 Solar nonspecified,False,active_mapping,leap_combined_esto,16 Other sector,,,
16.04 Fishing,15.01 Fuelwood & woodwaste,False,active_mapping,leap_combined_esto,16 Other sector,,,
16.04 Fishing,15.03 Charcoal,False,active_mapping,leap_combined_esto,16 Other sector,,,
16.04 Fishing,15.05 Other biomass,False,active_mapping,leap_combined_esto,16 Other sector,,,
16.04 Fishing,16.01 Biogas,False,active_mapping,leap_combined_esto,16 Other sector,,,
16.04 Fishing,16.02 Industrial waste,False,active_mapping,leap_combined_esto,16 Other sector,,,
16.04 Fishing,16.03 Municipal solid waste (renewable),False,active_mapping,leap_combined_esto,16 Other sector,,,
16.04 Fishing,16.04 Municipal solid waste (non-renewable),False,active_mapping,leap_combined_esto,16 Other sector,,,
16.04 Fishing,16.05 Biogasoline,False,active_mapping,leap_combined_esto,16 Other sector,,,
16.04 Fishing,16.06 Biodiesel,False,active_mapping,leap_combined_esto,16 Other sector,,,
16.04 Fishing,16.08 Other liquid biofuels,False,active_mapping,leap_combined_esto,16 Other sector,,,
16.04 Fishing,16.09 Other sources,False,active_mapping,leap_combined_esto,16 Other sector,,,
16.04 Fishing,16.12 Hydrogen,False,active_mapping,leap_combined_esto,16 Other sector,,,
16.04 Fishing,17 Electricity,False,active_mapping,leap_combined_esto,16 Other sector,,,
16.04 Fishing,18 Heat,False,active_mapping,leap_combined_esto,16 Other sector,,,
16.05 Non-specified others,01.02 Other bituminous coal,False,active_mapping,leap_combined_esto|ninth_pairs_to_esto_pairs,16 Other sector,,,
16.05 Non-specified others,01.03 Sub-bituminous coal,False,active_mapping,ninth_pairs_to_esto_pairs,16 Other sector,,,
16.05 Non-specified others,01.04 Anthracite,False,active_mapping,ninth_pairs_to_esto_pairs,16 Other sector,,,
16.05 Non-specified others,02.01 Coke oven coke,False,active_mapping,leap_combined_esto|ninth_pairs_to_esto_pairs,16 Other sector,,,
16.05 Non-specified others,02.02 Gas coke,False,active_mapping,ninth_pairs_to_esto_pairs,16 Other sector,,,
16.05 Non-specified others,02.03 Coke oven gas,False,active_mapping,leap_combined_esto|ninth_pairs_to_esto_pairs,16 Other sector,,,
16.05 Non-specified others,02.04 Blast furnace gas,False,active_mapping,ninth_pairs_to_esto_pairs,16 Other sector,,,
16.05 Non-specified others,02.05 Other recovered gases,False,active_mapping,ninth_pairs_to_esto_pairs,16 Other sector,,,
16.05 Non-specified others,02.06 Patent fuel,False,active_mapping,ninth_pairs_to_esto_pairs,16 Other sector,,,
16.05 Non-specified others,02.07 Coal tar,False,active_mapping,ninth_pairs_to_esto_pairs,16 Other sector,,,
16.05 Non-specified others,02.08 BKB/PB,False,active_mapping,leap_combined_esto|ninth_pairs_to_esto_pairs,16 Other sector,,,
16.05 Non-specified others,06.01 Crude oil,False,active_mapping,leap_combined_esto|ninth_pairs_to_esto_pairs,16 Other sector,,,
16.05 Non-specified others,07.01 Motor gasoline,False,active_mapping,leap_combined_esto|ninth_pairs_to_esto_pairs,16 Other sector,,,
16.05 Non-specified others,07.02 Aviation gasoline,False,active_mapping,leap_combined_esto|ninth_pairs_to_esto_pairs,16 Other sector,,,
16.05 Non-specified others,07.04 Gasoline type jet fuel,False,active_mapping,ninth_pairs_to_esto_pairs,16 Other sector,,,
16.05 Non-specified others,07.05 Kerosene type jet fuel,False,active_mapping,leap_combined_esto|ninth_pairs_to_esto_pairs,16 Other sector,,,
16.05 Non-specified others,07.06 Kerosene,False,active_mapping,leap_combined_esto|ninth_pairs_to_esto_pairs,16 Other sector,,,
16.05 Non-specified others,07.07 Gas/diesel oil,False,active_mapping,leap_combined_esto|ninth_pairs_to_esto_pairs,16 Other sector,,,
16.05 Non-specified others,07.08 Fuel oil,False,active_mapping,leap_combined_esto|ninth_pairs_to_esto_pairs,16 Other sector,,,
16.05 Non-specified others,07.09 LPG,False,active_mapping,leap_combined_esto|ninth_pairs_to_esto_pairs,16 Other sector,,,
16.05 Non-specified others,07.17 Other products,False,active_mapping,leap_combined_esto|ninth_pairs_to_esto_pairs,16 Other sector,,,
16.05 Non-specified others,07.99 PetProd nonspecified,False,active_mapping,ninth_pairs_to_esto_pairs,16 Other sector,,,
16.05 Non-specified others,08.01 Natural gas,False,active_mapping,leap_combined_esto|ninth_pairs_to_esto_pairs,16 Other sector,,,
16.05 Non-specified others,11 Geothermal,False,active_mapping,leap_combined_esto|ninth_pairs_to_esto_pairs,16 Other sector,,,
16.05 Non-specified others,12.99 Solar nonspecified,False,active_mapping,leap_combined_esto|ninth_pairs_to_esto_pairs,16 Other sector,,,
16.05 Non-specified others,15.05 Other biomass,False,active_mapping,leap_combined_esto|ninth_pairs_to_esto_pairs,16 Other sector,,,
16.05 Non-specified others,16.01 Biogas,False,active_mapping,leap_combined_esto|ninth_pairs_to_esto_pairs,16 Other sector,,,
16.05 Non-specified others,16.02 Industrial waste,False,active_mapping,leap_combined_esto|ninth_pairs_to_esto_pairs,16 Other sector,,,
16.05 Non-specified others,16.05 Biogasoline,False,active_mapping,leap_combined_esto|ninth_pairs_to_esto_pairs,16 Other sector,,,
16.05 Non-specified others,16.06 Biodiesel,False,active_mapping,leap_combined_esto|ninth_pairs_to_esto_pairs,16 Other sector,,,
16.05 Non-specified others,16.08 Other liquid biofuels,False,active_mapping,leap_combined_esto|ninth_pairs_to_esto_pairs,16 Other sector,,,
16.05 Non-specified others,16.09 Other sources,False,active_mapping,leap_combined_esto|ninth_pairs_to_esto_pairs,16 Other sector,,,
16.05 Non-specified others,17 Electricity,False,active_mapping,leap_combined_esto|ninth_pairs_to_esto_pairs,16 Other sector,,,
16.05 Non-specified others,18 Heat,False,active_mapping,leap_combined_esto|ninth_pairs_to_esto_pairs,16 Other sector,,,
17 Non-energy use,01.01 Coking coal,False,active_mapping,leap_combined_esto|ninth_pairs_to_esto_pairs,,,,
17 Non-energy use,01.02 Other bituminous coal,False,active_mapping,leap_combined_esto|ninth_pairs_to_esto_pairs,,,,
17 Non-energy use,01.03 Sub-bituminous coal,False,active_mapping,leap_combined_esto|ninth_pairs_to_esto_pairs,,,,
17 Non-energy use,01.04 Anthracite,False,active_mapping,leap_combined_esto|ninth_pairs_to_esto_pairs,,,,
17 Non-energy use,01.05 Lignite,False,active_mapping,leap_combined_esto|ninth_pairs_to_esto_pairs,,,,
17 Non-energy use,01.99 Coal nonspecified,False,active_mapping,leap_combined_esto|ninth_pairs_to_esto_pairs,,,,
17 Non-energy use,02.01 Coke oven coke,False,active_mapping,leap_combined_esto|ninth_pairs_to_esto_pairs,,,,
17 Non-energy use,02.02 Gas coke,False,active_mapping,leap_combined_esto|ninth_pairs_to_esto_pairs,,,,
17 Non-energy use,02.03 Coke oven gas,False,active_mapping,leap_combined_esto|ninth_pairs_to_esto_pairs,,,,
17 Non-energy use,02.04 Blast furnace gas,False,active_mapping,leap_combined_esto|ninth_pairs_to_esto_pairs,,,,
17 Non-energy use,02.05 Other recovered gases,False,active_mapping,leap_combined_esto|ninth_pairs_to_esto_pairs,,,,
17 Non-energy use,02.06 Patent fuel,False,active_mapping,leap_combined_esto|ninth_pairs_to_esto_pairs,,,,
17 Non-energy use,02.07 Coal tar,False,active_mapping,leap_combined_esto|ninth_pairs_to_esto_pairs,,,,
17 Non-energy use,02.08 BKB/PB,False,active_mapping,leap_combined_esto|ninth_pairs_to_esto_pairs,,,,
17 Non-energy use,06.01 Crude oil,False,active_mapping,leap_combined_esto|ninth_pairs_to_esto_pairs,,,,
17 Non-energy use,06.02 Natural gas liquids,False,active_mapping,leap_combined_esto|ninth_pairs_to_esto_pairs,,,,
17 Non-energy use,06.03 Refinery feedstocks,False,active_mapping,leap_combined_esto|ninth_pairs_to_esto_pairs,,,,
17 Non-energy use,06.04 Additives/ oxygenates,False,active_mapping,leap_combined_esto|ninth_pairs_to_esto_pairs,,,,
17 Non-energy use,06.05 Other hydrocarbons,False,active_mapping,leap_combined_esto,,,,
17 Non-energy use,07.01 Motor gasoline,False,active_mapping,leap_combined_esto|ninth_pairs_to_esto_pairs,,,,
17 Non-energy use,07.03 Naphtha,False,active_mapping,leap_combined_esto|ninth_pairs_to_esto_pairs,,,,
17 Non-energy use,07.06 Kerosene,False,active_mapping,leap_combined_esto|ninth_pairs_to_esto_pairs,,,,
17 Non-energy use,07.07 Gas/diesel oil,False,active_mapping,leap_combined_esto|ninth_pairs_to_esto_pairs,,,,
17 Non-energy use,07.08 Fuel oil,False,active_mapping,leap_combined_esto|ninth_pairs_to_esto_pairs,,,,
17 Non-energy use,07.09 LPG,False,active_mapping,leap_combined_esto|ninth_pairs_to_esto_pairs,,,,
17 Non-energy use,07.10 Refinery gas (not liquefied),False,active_mapping,leap_combined_esto|ninth_pairs_to_esto_pairs,,,,
17 Non-energy use,07.11 Ethane,False,active_mapping,leap_combined_esto|ninth_pairs_to_esto_pairs,,,,
17 Non-energy use,07.12 White spirit SBP,False,active_mapping,leap_combined_esto|ninth_pairs_to_esto_pairs,,,,
17 Non-energy use,07.13 Lubricants,False,active_mapping,leap_combined_esto|ninth_pairs_to_esto_pairs,,,,
17 Non-energy use,07.14 Bitumen,False,active_mapping,leap_combined_esto|ninth_pairs_to_esto_pairs,,,,
17 Non-energy use,07.15 Paraffin waxes,False,active_mapping,leap_combined_esto|ninth_pairs_to_esto_pairs,,,,
17 Non-energy use,07.16 Petroleum coke,False,active_mapping,leap_combined_esto|ninth_pairs_to_esto_pairs,,,,
17 Non-energy use,07.17 Other products,False,active_mapping,leap_combined_esto|ninth_pairs_to_esto_pairs,,,,
17 Non-energy use,07.99 PetProd nonspecified,False,active_mapping,leap_combined_esto|ninth_pairs_to_esto_pairs,,,,
17 Non-energy use,08.01 Natural gas,False,active_mapping,leap_combined_esto|ninth_pairs_to_esto_pairs,,,,
17 Non-energy use,08.03 Gas works gas,False,active_mapping,leap_combined_esto|ninth_pairs_to_esto_pairs,,,,
17 Non-energy use,15.01 Fuelwood & woodwaste,False,active_mapping,leap_combined_esto|ninth_pairs_to_esto_pairs,,,,
17 Non-energy use,15.02 Bagasse,False,active_mapping,leap_combined_esto|ninth_pairs_to_esto_pairs,,,,
17 Non-energy use,15.03 Charcoal,False,active_mapping,leap_combined_esto|ninth_pairs_to_esto_pairs,,,,
17 Non-energy use,15.04 Black liquor,False,active_mapping,leap_combined_esto|ninth_pairs_to_esto_pairs,,,,
17 Non-energy use,15.05 Other biomass,False,active_mapping,leap_combined_esto|ninth_pairs_to_esto_pairs,,,,
17 Non-energy use,16.01 Biogas,False,active_mapping,leap_combined_esto|ninth_pairs_to_esto_pairs,,,,
17 Non-energy use,16.02 Industrial waste,False,active_mapping,leap_combined_esto|ninth_pairs_to_esto_pairs,,,,
17 Non-energy use,16.03 Municipal solid waste (renewable),False,active_mapping,leap_combined_esto|ninth_pairs_to_esto_pairs,,,,
17 Non-energy use,16.04 Municipal solid waste (non-renewable),False,active_mapping,leap_combined_esto|ninth_pairs_to_esto_pairs,,,,
17 Non-energy use,16.05 Biogasoline,False,active_mapping,leap_combined_esto|ninth_pairs_to_esto_pairs,,,,
17 Non-energy use,16.06 Biodiesel,False,active_mapping,leap_combined_esto|ninth_pairs_to_esto_pairs,,,,
17 Non-energy use,16.07 Bio jet kerosene,False,active_mapping,leap_combined_esto|ninth_pairs_to_esto_pairs,,,,
17 Non-energy use,16.08 Other liquid biofuels,False,active_mapping,leap_combined_esto|ninth_pairs_to_esto_pairs,,,,
17 Non-energy use,16.09 Other sources,False,active_mapping,leap_combined_esto|ninth_pairs_to_esto_pairs,,,,
17 Non-energy use,16.12 Hydrogen,False,active_mapping,leap_combined_esto|ninth_pairs_to_esto_pairs,,,,
18 Electricity output in GWh,01.02 Other bituminous coal,True,active_mapping,ninth_pairs_to_esto_pairs,,,,
18 Electricity output in GWh,01.03 Sub-bituminous coal,True,active_mapping,ninth_pairs_to_esto_pairs,,,,
18 Electricity output in GWh,01.04 Anthracite,True,active_mapping,ninth_pairs_to_esto_pairs,,,,
18 Electricity output in GWh,09 Nuclear,True,active_mapping,ninth_pairs_to_esto_pairs,,,,
18 Electricity output in GWh,10 Hydro,True,active_mapping,ninth_pairs_to_esto_pairs,,,,
18 Electricity output in GWh,11 Geothermal,True,active_mapping,ninth_pairs_to_esto_pairs,,,,
18 Electricity output in GWh,12.01 of which: Photovoltaics,True,active_mapping,ninth_pairs_to_esto_pairs,,,,
18 Electricity output in GWh,12.99 Solar nonspecified,True,active_mapping,ninth_pairs_to_esto_pairs,,,,
18 Electricity output in GWh,14 Wind,True,active_mapping,ninth_pairs_to_esto_pairs,,,,
18 Electricity output in GWh,15.05 Other biomass,True,active_mapping,ninth_pairs_to_esto_pairs,,,,
18 Electricity output in GWh,16.02 Industrial waste,True,active_mapping,ninth_pairs_to_esto_pairs,,,,
18 Electricity output in GWh,16.09 Other sources,True,active_mapping,ninth_pairs_to_esto_pairs,,,,
18 Electricity output in GWh,16.10 Ammonia,True,active_mapping,ninth_pairs_to_esto_pairs,,,,
18 Electricity output in GWh,16.12 Hydrogen,True,active_mapping,ninth_pairs_to_esto_pairs,,,,
18.01 MAP electricity plants,01.02 Other bituminous coal,False,active_mapping,ninth_pairs_to_esto_pairs,18 Electricity output in GWh,,,
18.01 MAP electricity plants,01.03 Sub-bituminous coal,False,active_mapping,ninth_pairs_to_esto_pairs,18 Electricity output in GWh,,,
18.01 MAP electricity plants,01.04 Anthracite,False,active_mapping,ninth_pairs_to_esto_pairs,18 Electricity output in GWh,,,
18.01 MAP electricity plants,01.05 Lignite,False,active_mapping,ninth_pairs_to_esto_pairs,18 Electricity output in GWh,,,
18.01 MAP electricity plants,01.99 Coal nonspecified,False,active_mapping,ninth_pairs_to_esto_pairs,18 Electricity output in GWh,,,
18.01 MAP electricity plants,02.01 Coke oven coke,False,active_mapping,ninth_pairs_to_esto_pairs,18 Electricity output in GWh,,,
18.01 MAP electricity plants,02.03 Coke oven gas,False,active_mapping,ninth_pairs_to_esto_pairs,18 Electricity output in GWh,,,
18.01 MAP electricity plants,02.04 Blast furnace gas,False,active_mapping,ninth_pairs_to_esto_pairs,18 Electricity output in GWh,,,
18.01 MAP electricity plants,02.05 Other recovered gases,False,active_mapping,ninth_pairs_to_esto_pairs,18 Electricity output in GWh,,,
18.01 MAP electricity plants,06.01 Crude oil,False,active_mapping,ninth_pairs_to_esto_pairs,18 Electricity output in GWh,,,
18.01 MAP electricity plants,06.02 Natural gas liquids,False,active_mapping,ninth_pairs_to_esto_pairs,18 Electricity output in GWh,,,
18.01 MAP electricity plants,07.03 Naphtha,False,active_mapping,ninth_pairs_to_esto_pairs,18 Electricity output in GWh,,,
18.01 MAP electricity plants,07.05 Kerosene type jet fuel,False,active_mapping,ninth_pairs_to_esto_pairs,18 Electricity output in GWh,,,
18.01 MAP electricity plants,07.06 Kerosene,False,active_mapping,ninth_pairs_to_esto_pairs,18 Electricity output in GWh,,,
18.01 MAP electricity plants,07.07 Gas/diesel oil,False,active_mapping,ninth_pairs_to_esto_pairs,18 Electricity output in GWh,,,
18.01 MAP electricity plants,07.08 Fuel oil,False,active_mapping,ninth_pairs_to_esto_pairs,18 Electricity output in GWh,,,
18.01 MAP electricity plants,07.09 LPG,False,active_mapping,ninth_pairs_to_esto_pairs,18 Electricity output in GWh,,,
18.01 MAP electricity plants,07.10 Refinery gas (not liquefied),False,active_mapping,ninth_pairs_to_esto_pairs,18 Electricity output in GWh,,,
18.01 MAP electricity plants,07.14 Bitumen,False,active_mapping,ninth_pairs_to_esto_pairs,18 Electricity output in GWh,,,
18.01 MAP electricity plants,07.16 Petroleum coke,False,active_mapping,ninth_pairs_to_esto_pairs,18 Electricity output in GWh,,,
18.01 MAP electricity plants,07.17 Other products,False,active_mapping,ninth_pairs_to_esto_pairs,18 Electricity output in GWh,,,
18.01 MAP electricity plants,07.99 PetProd nonspecified,False,active_mapping,ninth_pairs_to_esto_pairs,18 Electricity output in GWh,,,
18.01 MAP electricity plants,08.01 Natural gas,False,active_mapping,ninth_pairs_to_esto_pairs,18 Electricity output in GWh,,,
18.01 MAP electricity plants,08.99 Gas nonspecified,False,active_mapping,ninth_pairs_to_esto_pairs,18 Electricity output in GWh,,,
18.01 MAP electricity plants,09 Nuclear,False,active_mapping,ninth_pairs_to_esto_pairs,18 Electricity output in GWh,,,
18.01 MAP electricity plants,10 Hydro,False,active_mapping,ninth_pairs_to_esto_pairs,18 Electricity output in GWh,,,
18.01 MAP electricity plants,11 Geothermal,False,active_mapping,ninth_pairs_to_esto_pairs,18 Electricity output in GWh,,,
18.01 MAP electricity plants,12.01 of which: Photovoltaics,False,active_mapping,ninth_pairs_to_esto_pairs,18 Electricity output in GWh,,,
18.01 MAP electricity plants,12.99 Solar nonspecified,False,active_mapping,ninth_pairs_to_esto_pairs,18 Electricity output in GWh,,,
18.01 MAP electricity plants,"13 Tide, wave, ocean",False,active_mapping,ninth_pairs_to_esto_pairs,18 Electricity output in GWh,,,
18.01 MAP electricity plants,14 Wind,False,active_mapping,ninth_pairs_to_esto_pairs,18 Electricity output in GWh,,,
18.01 MAP electricity plants,15.05 Other biomass,False,active_mapping,ninth_pairs_to_esto_pairs,18 Electricity output in GWh,,,
18.01 MAP electricity plants,16.01 Biogas,False,active_mapping,ninth_pairs_to_esto_pairs,18 Electricity output in GWh,,,
18.01 MAP electricity plants,16.02 Industrial waste,False,active_mapping,ninth_pairs_to_esto_pairs,18 Electricity output in GWh,,,
18.01 MAP electricity plants,16.03 Municipal solid waste (renewable),False,active_mapping,ninth_pairs_to_esto_pairs,18 Electricity output in GWh,,,
18.01 MAP electricity plants,16.04 Municipal solid waste (non-renewable),False,active_mapping,ninth_pairs_to_esto_pairs,18 Electricity output in GWh,,,
18.01 MAP electricity plants,16.08 Other liquid biofuels,False,active_mapping,ninth_pairs_to_esto_pairs,18 Electricity output in GWh,,,
18.01 MAP electricity plants,16.09 Other sources,False,active_mapping,ninth_pairs_to_esto_pairs,18 Electricity output in GWh,,,
18.01 MAP electricity plants,16.10 Ammonia,False,active_mapping,ninth_pairs_to_esto_pairs,18 Electricity output in GWh,,,
18.01 MAP electricity plants,16.12 Hydrogen,False,active_mapping,ninth_pairs_to_esto_pairs,18 Electricity output in GWh,,,
18.02 MAP CHP plants,01.02 Other bituminous coal,False,active_mapping,ninth_pairs_to_esto_pairs,18 Electricity output in GWh,,,
18.02 MAP CHP plants,01.03 Sub-bituminous coal,False,active_mapping,ninth_pairs_to_esto_pairs,18 Electricity output in GWh,,,
18.02 MAP CHP plants,01.04 Anthracite,False,active_mapping,ninth_pairs_to_esto_pairs,18 Electricity output in GWh,,,
18.02 MAP CHP plants,01.05 Lignite,False,active_mapping,ninth_pairs_to_esto_pairs,18 Electricity output in GWh,,,
18.02 MAP CHP plants,01.99 Coal nonspecified,False,active_mapping,ninth_pairs_to_esto_pairs,18 Electricity output in GWh,,,
18.02 MAP CHP plants,02.04 Blast furnace gas,False,active_mapping,ninth_pairs_to_esto_pairs,18 Electricity output in GWh,,,
18.02 MAP CHP plants,07.06 Kerosene,False,active_mapping,ninth_pairs_to_esto_pairs,18 Electricity output in GWh,,,
18.02 MAP CHP plants,07.07 Gas/diesel oil,False,active_mapping,ninth_pairs_to_esto_pairs,18 Electricity output in GWh,,,
18.02 MAP CHP plants,07.08 Fuel oil,False,active_mapping,ninth_pairs_to_esto_pairs,18 Electricity output in GWh,,,
18.02 MAP CHP plants,07.09 LPG,False,active_mapping,ninth_pairs_to_esto_pairs,18 Electricity output in GWh,,,
18.02 MAP CHP plants,07.10 Refinery gas (not liquefied),False,active_mapping,ninth_pairs_to_esto_pairs,18 Electricity output in GWh,,,
18.02 MAP CHP plants,07.16 Petroleum coke,False,active_mapping,ninth_pairs_to_esto_pairs,18 Electricity output in GWh,,,
18.02 MAP CHP plants,07.17 Other products,False,active_mapping,ninth_pairs_to_esto_pairs,18 Electricity output in GWh,,,
18.02 MAP CHP plants,07.99 PetProd nonspecified,False,active_mapping,ninth_pairs_to_esto_pairs,18 Electricity output in GWh,,,
18.02 MAP CHP plants,08.01 Natural gas,False,active_mapping,ninth_pairs_to_esto_pairs,18 Electricity output in GWh,,,
18.02 MAP CHP plants,08.99 Gas nonspecified,False,active_mapping,ninth_pairs_to_esto_pairs,18 Electricity output in GWh,,,
18.02 MAP CHP plants,15.05 Other biomass,False,active_mapping,ninth_pairs_to_esto_pairs,18 Electricity output in GWh,,,
18.02 MAP CHP plants,16.01 Biogas,False,active_mapping,ninth_pairs_to_esto_pairs,18 Electricity output in GWh,,,
18.02 MAP CHP plants,16.02 Industrial waste,False,active_mapping,ninth_pairs_to_esto_pairs,18 Electricity output in GWh,,,
18.02 MAP CHP plants,16.03 Municipal solid waste (renewable),False,active_mapping,ninth_pairs_to_esto_pairs,18 Electricity output in GWh,,,
18.02 MAP CHP plants,16.04 Municipal solid waste (non-renewable),False,active_mapping,ninth_pairs_to_esto_pairs,18 Electricity output in GWh,,,
18.02 MAP CHP plants,16.09 Other sources,False,active_mapping,ninth_pairs_to_esto_pairs,18 Electricity output in GWh,,,
18.02 MAP CHP plants,16.10 Ammonia,False,active_mapping,ninth_pairs_to_esto_pairs,18 Electricity output in GWh,,,
18.03 AP electricity plants,01.02 Other bituminous coal,False,active_mapping,ninth_pairs_to_esto_pairs,18 Electricity output in GWh,,,
18.03 AP electricity plants,01.99 Coal nonspecified,False,active_mapping,ninth_pairs_to_esto_pairs,18 Electricity output in GWh,,,
18.03 AP electricity plants,02.01 Coke oven coke,False,active_mapping,ninth_pairs_to_esto_pairs,18 Electricity output in GWh,,,
18.03 AP electricity plants,02.03 Coke oven gas,False,active_mapping,ninth_pairs_to_esto_pairs,18 Electricity output in GWh,,,
18.03 AP electricity plants,02.04 Blast furnace gas,False,active_mapping,ninth_pairs_to_esto_pairs,18 Electricity output in GWh,,,
18.03 AP electricity plants,02.05 Other recovered gases,False,active_mapping,ninth_pairs_to_esto_pairs,18 Electricity output in GWh,,,
18.03 AP electricity plants,06.01 Crude oil,False,active_mapping,ninth_pairs_to_esto_pairs,18 Electricity output in GWh,,,
18.03 AP electricity plants,07.03 Naphtha,False,active_mapping,ninth_pairs_to_esto_pairs,18 Electricity output in GWh,,,
18.03 AP electricity plants,07.06 Kerosene,False,active_mapping,ninth_pairs_to_esto_pairs,18 Electricity output in GWh,,,
18.03 AP electricity plants,07.07 Gas/diesel oil,False,active_mapping,ninth_pairs_to_esto_pairs,18 Electricity output in GWh,,,
18.03 AP electricity plants,07.08 Fuel oil,False,active_mapping,ninth_pairs_to_esto_pairs,18 Electricity output in GWh,,,
18.03 AP electricity plants,07.09 LPG,False,active_mapping,ninth_pairs_to_esto_pairs,18 Electricity output in GWh,,,
18.03 AP electricity plants,07.10 Refinery gas (not liquefied),False,active_mapping,ninth_pairs_to_esto_pairs,18 Electricity output in GWh,,,
18.03 AP electricity plants,07.14 Bitumen,False,active_mapping,ninth_pairs_to_esto_pairs,18 Electricity output in GWh,,,
18.03 AP electricity plants,07.16 Petroleum coke,False,active_mapping,ninth_pairs_to_esto_pairs,18 Electricity output in GWh,,,
18.03 AP electricity plants,07.17 Other products,False,active_mapping,ninth_pairs_to_esto_pairs,18 Electricity output in GWh,,,
18.03 AP electricity plants,07.99 PetProd nonspecified,False,active_mapping,ninth_pairs_to_esto_pairs,18 Electricity output in GWh,,,
18.03 AP electricity plants,08.01 Natural gas,False,active_mapping,ninth_pairs_to_esto_pairs,18 Electricity output in GWh,,,
18.03 AP electricity plants,08.99 Gas nonspecified,False,active_mapping,ninth_pairs_to_esto_pairs,18 Electricity output in GWh,,,
18.03 AP electricity plants,10 Hydro,False,active_mapping,ninth_pairs_to_esto_pairs,18 Electricity output in GWh,,,
18.03 AP electricity plants,11 Geothermal,False,active_mapping,ninth_pairs_to_esto_pairs,18 Electricity output in GWh,,,
18.03 AP electricity plants,12.01 of which: Photovoltaics,False,active_mapping,ninth_pairs_to_esto_pairs,18 Electricity output in GWh,,,
18.03 AP electricity plants,14 Wind,False,active_mapping,ninth_pairs_to_esto_pairs,18 Electricity output in GWh,,,
18.03 AP electricity plants,15.05 Other biomass,False,active_mapping,ninth_pairs_to_esto_pairs,18 Electricity output in GWh,,,
18.03 AP electricity plants,16.01 Biogas,False,active_mapping,ninth_pairs_to_esto_pairs,18 Electricity output in GWh,,,
18.03 AP electricity plants,16.02 Industrial waste,False,active_mapping,ninth_pairs_to_esto_pairs,18 Electricity output in GWh,,,
18.03 AP electricity plants,16.03 Municipal solid waste (renewable),False,active_mapping,ninth_pairs_to_esto_pairs,18 Electricity output in GWh,,,
18.03 AP electricity plants,16.04 Municipal solid waste (non-renewable),False,active_mapping,ninth_pairs_to_esto_pairs,18 Electricity output in GWh,,,
18.03 AP electricity plants,16.09 Other sources,False,active_mapping,ninth_pairs_to_esto_pairs,18 Electricity output in GWh,,,
18.03 AP electricity plants,18 Heat,False,active_mapping,ninth_pairs_to_esto_pairs,18 Electricity output in GWh,,,
18.04 AP CHP plants,01.02 Other bituminous coal,False,active_mapping,ninth_pairs_to_esto_pairs,18 Electricity output in GWh,,,
18.04 AP CHP plants,01.03 Sub-bituminous coal,False,active_mapping,ninth_pairs_to_esto_pairs,18 Electricity output in GWh,,,
18.04 AP CHP plants,01.05 Lignite,False,active_mapping,ninth_pairs_to_esto_pairs,18 Electricity output in GWh,,,
18.04 AP CHP plants,01.99 Coal nonspecified,False,active_mapping,ninth_pairs_to_esto_pairs,18 Electricity output in GWh,,,
18.04 AP CHP plants,02.03 Coke oven gas,False,active_mapping,ninth_pairs_to_esto_pairs,18 Electricity output in GWh,,,
18.04 AP CHP plants,02.04 Blast furnace gas,False,active_mapping,ninth_pairs_to_esto_pairs,18 Electricity output in GWh,,,
18.04 AP CHP plants,07.03 Naphtha,False,active_mapping,ninth_pairs_to_esto_pairs,18 Electricity output in GWh,,,
18.04 AP CHP plants,07.07 Gas/diesel oil,False,active_mapping,ninth_pairs_to_esto_pairs,18 Electricity output in GWh,,,
18.04 AP CHP plants,07.08 Fuel oil,False,active_mapping,ninth_pairs_to_esto_pairs,18 Electricity output in GWh,,,
18.04 AP CHP plants,07.10 Refinery gas (not liquefied),False,active_mapping,ninth_pairs_to_esto_pairs,18 Electricity output in GWh,,,
18.04 AP CHP plants,07.16 Petroleum coke,False,active_mapping,ninth_pairs_to_esto_pairs,18 Electricity output in GWh,,,
18.04 AP CHP plants,07.17 Other products,False,active_mapping,ninth_pairs_to_esto_pairs,18 Electricity output in GWh,,,
18.04 AP CHP plants,07.99 PetProd nonspecified,False,active_mapping,ninth_pairs_to_esto_pairs,18 Electricity output in GWh,,,
18.04 AP CHP plants,08.01 Natural gas,False,active_mapping,ninth_pairs_to_esto_pairs,18 Electricity output in GWh,,,
18.04 AP CHP plants,08.99 Gas nonspecified,False,active_mapping,ninth_pairs_to_esto_pairs,18 Electricity output in GWh,,,
18.04 AP CHP plants,11 Geothermal,False,active_mapping,ninth_pairs_to_esto_pairs,18 Electricity output in GWh,,,
18.04 AP CHP plants,15.05 Other biomass,False,active_mapping,ninth_pairs_to_esto_pairs,18 Electricity output in GWh,,,
18.04 AP CHP plants,16.01 Biogas,False,active_mapping,ninth_pairs_to_esto_pairs,18 Electricity output in GWh,,,
18.04 AP CHP plants,16.02 Industrial waste,False,active_mapping,ninth_pairs_to_esto_pairs,18 Electricity output in GWh,,,
18.04 AP CHP plants,16.03 Municipal solid waste (renewable),False,active_mapping,ninth_pairs_to_esto_pairs,18 Electricity output in GWh,,,
18.04 AP CHP plants,16.04 Municipal solid waste (non-renewable),False,active_mapping,ninth_pairs_to_esto_pairs,18 Electricity output in GWh,,,
18.04 AP CHP plants,16.08 Other liquid biofuels,False,active_mapping,ninth_pairs_to_esto_pairs,18 Electricity output in GWh,,,
18.04 AP CHP plants,16.09 Other sources,False,active_mapping,ninth_pairs_to_esto_pairs,18 Electricity output in GWh,,,
19 Heat output in PJ,07.08 Fuel oil,True,active_mapping,ninth_pairs_to_esto_pairs,,,,
19 Heat output in PJ,08.01 Natural gas,True,active_mapping,ninth_pairs_to_esto_pairs,,,,
19 Heat output in PJ,16.01 Biogas,True,active_mapping,ninth_pairs_to_esto_pairs,,,,
19 Heat output in PJ,16.03 Municipal solid waste (renewable),True,active_mapping,ninth_pairs_to_esto_pairs,,,,
19 Heat output in PJ,16.04 Municipal solid waste (non-renewable),True,active_mapping,ninth_pairs_to_esto_pairs,,,,
19 Heat output in PJ,16.09 Other sources,True,active_mapping,ninth_pairs_to_esto_pairs,,,,
19 Heat output in PJ,16.10 Ammonia,True,active_mapping,ninth_pairs_to_esto_pairs,,,,
19 Heat output in PJ,17 Electricity,True,active_mapping,ninth_pairs_to_esto_pairs,,,,
19.01 MAP CHP plants,01.02 Other bituminous coal,False,active_mapping,ninth_pairs_to_esto_pairs,19 Heat output in PJ,,,
19.01 MAP CHP plants,01.03 Sub-bituminous coal,False,active_mapping,ninth_pairs_to_esto_pairs,19 Heat output in PJ,,,
19.01 MAP CHP plants,01.04 Anthracite,False,active_mapping,ninth_pairs_to_esto_pairs,19 Heat output in PJ,,,
19.01 MAP CHP plants,01.99 Coal nonspecified,False,active_mapping,ninth_pairs_to_esto_pairs,19 Heat output in PJ,,,
19.01 MAP CHP plants,06.05 Other hydrocarbons,False,active_mapping,ninth_pairs_to_esto_pairs,19 Heat output in PJ,,,
19.01 MAP CHP plants,07.06 Kerosene,False,active_mapping,ninth_pairs_to_esto_pairs,19 Heat output in PJ,,,
19.01 MAP CHP plants,07.07 Gas/diesel oil,False,active_mapping,ninth_pairs_to_esto_pairs,19 Heat output in PJ,,,
19.01 MAP CHP plants,07.08 Fuel oil,False,active_mapping,ninth_pairs_to_esto_pairs,19 Heat output in PJ,,,
19.01 MAP CHP plants,07.10 Refinery gas (not liquefied),False,active_mapping,ninth_pairs_to_esto_pairs,19 Heat output in PJ,,,
19.01 MAP CHP plants,07.16 Petroleum coke,False,active_mapping,ninth_pairs_to_esto_pairs,19 Heat output in PJ,,,
19.01 MAP CHP plants,07.17 Other products,False,active_mapping,ninth_pairs_to_esto_pairs,19 Heat output in PJ,,,
19.01 MAP CHP plants,07.99 PetProd nonspecified,False,active_mapping,ninth_pairs_to_esto_pairs,19 Heat output in PJ,,,
19.01 MAP CHP plants,08.01 Natural gas,False,active_mapping,ninth_pairs_to_esto_pairs,19 Heat output in PJ,,,
19.01 MAP CHP plants,08.99 Gas nonspecified,False,active_mapping,ninth_pairs_to_esto_pairs,19 Heat output in PJ,,,
19.01 MAP CHP plants,09 Nuclear,False,active_mapping,ninth_pairs_to_esto_pairs,19 Heat output in PJ,,,
19.01 MAP CHP plants,15.05 Other biomass,False,active_mapping,ninth_pairs_to_esto_pairs,19 Heat output in PJ,,,
19.01 MAP CHP plants,16.01 Biogas,False,active_mapping,ninth_pairs_to_esto_pairs,19 Heat output in PJ,,,
19.01 MAP CHP plants,16.02 Industrial waste,False,active_mapping,ninth_pairs_to_esto_pairs,19 Heat output in PJ,,,
19.01 MAP CHP plants,16.03 Municipal solid waste (renewable),False,active_mapping,ninth_pairs_to_esto_pairs,19 Heat output in PJ,,,
19.01 MAP CHP plants,16.04 Municipal solid waste (non-renewable),False,active_mapping,ninth_pairs_to_esto_pairs,19 Heat output in PJ,,,
19.01 MAP CHP plants,16.09 Other sources,False,active_mapping,ninth_pairs_to_esto_pairs,19 Heat output in PJ,,,
19.01 MAP CHP plants,16.10 Ammonia,False,active_mapping,ninth_pairs_to_esto_pairs,19 Heat output in PJ,,,
19.02 MAP heat plants,01.02 Other bituminous coal,False,active_mapping,ninth_pairs_to_esto_pairs,19 Heat output in PJ,,,
19.02 MAP heat plants,01.99 Coal nonspecified,False,active_mapping,ninth_pairs_to_esto_pairs,19 Heat output in PJ,,,
19.02 MAP heat plants,06.05 Other hydrocarbons,False,active_mapping,ninth_pairs_to_esto_pairs,19 Heat output in PJ,,,
19.02 MAP heat plants,07.06 Kerosene,False,active_mapping,ninth_pairs_to_esto_pairs,19 Heat output in PJ,,,
19.02 MAP heat plants,07.07 Gas/diesel oil,False,active_mapping,ninth_pairs_to_esto_pairs,19 Heat output in PJ,,,
19.02 MAP heat plants,07.08 Fuel oil,False,active_mapping,ninth_pairs_to_esto_pairs,19 Heat output in PJ,,,
19.02 MAP heat plants,07.10 Refinery gas (not liquefied),False,active_mapping,ninth_pairs_to_esto_pairs,19 Heat output in PJ,,,
19.02 MAP heat plants,07.16 Petroleum coke,False,active_mapping,ninth_pairs_to_esto_pairs,19 Heat output in PJ,,,
19.02 MAP heat plants,07.99 PetProd nonspecified,False,active_mapping,ninth_pairs_to_esto_pairs,19 Heat output in PJ,,,
19.02 MAP heat plants,08.01 Natural gas,False,active_mapping,ninth_pairs_to_esto_pairs,19 Heat output in PJ,,,
19.02 MAP heat plants,08.99 Gas nonspecified,False,active_mapping,ninth_pairs_to_esto_pairs,19 Heat output in PJ,,,
19.02 MAP heat plants,15.05 Other biomass,False,active_mapping,ninth_pairs_to_esto_pairs,19 Heat output in PJ,,,
19.02 MAP heat plants,16.01 Biogas,False,active_mapping,ninth_pairs_to_esto_pairs,19 Heat output in PJ,,,
19.02 MAP heat plants,16.02 Industrial waste,False,active_mapping,ninth_pairs_to_esto_pairs,19 Heat output in PJ,,,
19.02 MAP heat plants,16.03 Municipal solid waste (renewable),False,active_mapping,ninth_pairs_to_esto_pairs,19 Heat output in PJ,,,
19.02 MAP heat plants,16.04 Municipal solid waste (non-renewable),False,active_mapping,ninth_pairs_to_esto_pairs,19 Heat output in PJ,,,
19.02 MAP heat plants,16.09 Other sources,False,active_mapping,ninth_pairs_to_esto_pairs,19 Heat output in PJ,,,
19.02 MAP heat plants,17 Electricity,False,active_mapping,ninth_pairs_to_esto_pairs,19 Heat output in PJ,,,
19.03 AP CHP plants,01.02 Other bituminous coal,False,active_mapping,ninth_pairs_to_esto_pairs,19 Heat output in PJ,,,
19.03 AP CHP plants,01.99 Coal nonspecified,False,active_mapping,ninth_pairs_to_esto_pairs,19 Heat output in PJ,,,
19.03 AP CHP plants,07.03 Naphtha,False,active_mapping,ninth_pairs_to_esto_pairs,19 Heat output in PJ,,,
19.03 AP CHP plants,07.07 Gas/diesel oil,False,active_mapping,ninth_pairs_to_esto_pairs,19 Heat output in PJ,,,
19.03 AP CHP plants,07.08 Fuel oil,False,active_mapping,ninth_pairs_to_esto_pairs,19 Heat output in PJ,,,
19.03 AP CHP plants,07.16 Petroleum coke,False,active_mapping,ninth_pairs_to_esto_pairs,19 Heat output in PJ,,,
19.03 AP CHP plants,07.17 Other products,False,active_mapping,ninth_pairs_to_esto_pairs,19 Heat output in PJ,,,
19.03 AP CHP plants,07.99 PetProd nonspecified,False,active_mapping,ninth_pairs_to_esto_pairs,19 Heat output in PJ,,,
19.03 AP CHP plants,08.01 Natural gas,False,active_mapping,ninth_pairs_to_esto_pairs,19 Heat output in PJ,,,
19.03 AP CHP plants,08.99 Gas nonspecified,False,active_mapping,ninth_pairs_to_esto_pairs,19 Heat output in PJ,,,
19.03 AP CHP plants,15.05 Other biomass,False,active_mapping,ninth_pairs_to_esto_pairs,19 Heat output in PJ,,,
19.03 AP CHP plants,16.01 Biogas,False,active_mapping,ninth_pairs_to_esto_pairs,19 Heat output in PJ,,,
19.03 AP CHP plants,16.02 Industrial waste,False,active_mapping,ninth_pairs_to_esto_pairs,19 Heat output in PJ,,,
19.03 AP CHP plants,16.03 Municipal solid waste (renewable),False,active_mapping,ninth_pairs_to_esto_pairs,19 Heat output in PJ,,,
19.03 AP CHP plants,16.04 Municipal solid waste (non-renewable),False,active_mapping,ninth_pairs_to_esto_pairs,19 Heat output in PJ,,,
19.03 AP CHP plants,16.09 Other sources,False,active_mapping,ninth_pairs_to_esto_pairs,19 Heat output in PJ,,,
19.03 AP CHP plants,18 Heat,False,active_mapping,ninth_pairs_to_esto_pairs,19 Heat output in PJ,,,
19.04 AP heat plants,01.02 Other bituminous coal,False,active_mapping,ninth_pairs_to_esto_pairs,19 Heat output in PJ,,,
19.04 AP heat plants,01.99 Coal nonspecified,False,active_mapping,ninth_pairs_to_esto_pairs,19 Heat output in PJ,,,
19.04 AP heat plants,07.03 Naphtha,False,active_mapping,ninth_pairs_to_esto_pairs,19 Heat output in PJ,,,
19.04 AP heat plants,07.07 Gas/diesel oil,False,active_mapping,ninth_pairs_to_esto_pairs,19 Heat output in PJ,,,
19.04 AP heat plants,07.08 Fuel oil,False,active_mapping,ninth_pairs_to_esto_pairs,19 Heat output in PJ,,,
19.04 AP heat plants,07.17 Other products,False,active_mapping,ninth_pairs_to_esto_pairs,19 Heat output in PJ,,,
19.04 AP heat plants,07.99 PetProd nonspecified,False,active_mapping,ninth_pairs_to_esto_pairs,19 Heat output in PJ,,,
19.04 AP heat plants,08.01 Natural gas,False,active_mapping,ninth_pairs_to_esto_pairs,19 Heat output in PJ,,,
19.04 AP heat plants,08.99 Gas nonspecified,False,active_mapping,ninth_pairs_to_esto_pairs,19 Heat output in PJ,,,
19.04 AP heat plants,15.05 Other biomass,False,active_mapping,ninth_pairs_to_esto_pairs,19 Heat output in PJ,,,
19.04 AP heat plants,16.01 Biogas,False,active_mapping,ninth_pairs_to_esto_pairs,19 Heat output in PJ,,,
19.04 AP heat plants,16.02 Industrial waste,False,active_mapping,ninth_pairs_to_esto_pairs,19 Heat output in PJ,,,
19.04 AP heat plants,16.03 Municipal solid waste (renewable),False,active_mapping,ninth_pairs_to_esto_pairs,19 Heat output in PJ,,,
19.04 AP heat plants,16.04 Municipal solid waste (non-renewable),False,active_mapping,ninth_pairs_to_esto_pairs,19 Heat output in PJ,,,
19.04 AP heat plants,16.09 Other sources,False,active_mapping,ninth_pairs_to_esto_pairs,19 Heat output in PJ,,,
19.04 AP heat plants,17 Electricity,False,active_mapping,ninth_pairs_to_esto_pairs,19 Heat output in PJ,,,
