dataset,flow,product,first_observed_year,last_observed_year,economy_support_count,year_support_count,nonzero_observation_count,pair_status,authority_status
LEAP_OBSERVED_PARTIAL,All demand aggregated,AUTO BALANCE,,,0,0,0,observed_zero_only,partial_observation_not_global_validity
LEAP_OBSERVED_PARTIAL,All demand aggregated,Additives and oxygenates,,,0,0,0,observed_zero_only,partial_observation_not_global_validity
LEAP_OBSERVED_PARTIAL,All demand aggregated,Ammonia,2023,2060,7,38,326,observed_data_valid,partial_observation_not_global_validity
LEAP_OBSERVED_PARTIAL,All demand aggregated,Anthracite,2022,2060,6,39,316,observed_data_valid,partial_observation_not_global_validity
LEAP_OBSERVED_PARTIAL,All demand aggregated,Aviation gasoline,2022,2060,4,39,234,observed_data_valid,partial_observation_not_global_validity
LEAP_OBSERVED_PARTIAL,All demand aggregated,BKB and PB,2022,2060,1,39,78,observed_data_valid,partial_observation_not_global_validity
LEAP_OBSERVED_PARTIAL,All demand aggregated,Bagasse,2022,2060,3,39,117,observed_data_valid,partial_observation_not_global_validity
LEAP_OBSERVED_PARTIAL,All demand aggregated,Bio jet kerosene,2023,2060,9,38,456,observed_data_valid,partial_observation_not_global_validity
LEAP_OBSERVED_PARTIAL,All demand aggregated,Biodiesel,2022,2060,8,39,427,observed_data_valid,partial_observation_not_global_validity
LEAP_OBSERVED_PARTIAL,All demand aggregated,Biogas,2022,2060,5,39,310,observed_data_valid,partial_observation_not_global_validity
LEAP_OBSERVED_PARTIAL,All demand aggregated,Biogasoline,2022,2060,7,39,389,observed_data_valid,partial_observation_not_global_validity
LEAP_OBSERVED_PARTIAL,All demand aggregated,Bitumen,2022,2060,6,39,312,observed_data_valid,partial_observation_not_global_validity
LEAP_OBSERVED_PARTIAL,All demand aggregated,Black liquor,,,0,0,0,observed_zero_only,partial_observation_not_global_validity
LEAP_OBSERVED_PARTIAL,All demand aggregated,Blast furnace gas,2022,2060,3,39,174,observed_data_valid,partial_observation_not_global_validity
LEAP_OBSERVED_PARTIAL,All demand aggregated,Charcoal,2022,2060,4,39,156,observed_data_valid,partial_observation_not_global_validity
LEAP_OBSERVED_PARTIAL,All demand aggregated,Coal tar,2022,2060,2,39,156,observed_data_valid,partial_observation_not_global_validity
LEAP_OBSERVED_PARTIAL,All demand aggregated,Coke oven coke,2022,2060,4,39,239,observed_data_valid,partial_observation_not_global_validity
LEAP_OBSERVED_PARTIAL,All demand aggregated,Coke oven gas,2022,2060,3,39,174,observed_data_valid,partial_observation_not_global_validity
LEAP_OBSERVED_PARTIAL,All demand aggregated,Coking coal,2022,2036,1,15,15,observed_data_valid,partial_observation_not_global_validity
LEAP_OBSERVED_PARTIAL,All demand aggregated,Crude oil,2022,2060,2,39,49,observed_data_valid,partial_observation_not_global_validity
LEAP_OBSERVED_PARTIAL,All demand aggregated,Efuel,2031,2060,8,30,290,observed_data_valid,partial_observation_not_global_validity
LEAP_OBSERVED_PARTIAL,All demand aggregated,Electricity,2022,2060,9,39,468,observed_data_valid,partial_observation_not_global_validity
LEAP_OBSERVED_PARTIAL,All demand aggregated,Electricity for hydrogen,,,0,0,0,observed_zero_only,partial_observation_not_global_validity
LEAP_OBSERVED_PARTIAL,All demand aggregated,Ethane,2022,2060,3,39,156,observed_data_valid,partial_observation_not_global_validity
LEAP_OBSERVED_PARTIAL,All demand aggregated,Fuel oil,2022,2060,8,39,429,observed_data_valid,partial_observation_not_global_validity
LEAP_OBSERVED_PARTIAL,All demand aggregated,Fuelwood and woodwaste,2022,2060,3,39,117,observed_data_valid,partial_observation_not_global_validity
LEAP_OBSERVED_PARTIAL,All demand aggregated,Gas and diesel oil,2022,2060,9,39,468,observed_data_valid,partial_observation_not_global_validity
LEAP_OBSERVED_PARTIAL,All demand aggregated,Gas nonspecified,2028,2060,1,33,33,observed_data_valid,partial_observation_not_global_validity
LEAP_OBSERVED_PARTIAL,All demand aggregated,Gas works gas,2022,2060,2,39,156,observed_data_valid,partial_observation_not_global_validity
LEAP_OBSERVED_PARTIAL,All demand aggregated,Gasoline type jet fuel,,,0,0,0,observed_zero_only,partial_observation_not_global_validity
LEAP_OBSERVED_PARTIAL,All demand aggregated,Geothermal,2022,2060,2,39,117,observed_data_valid,partial_observation_not_global_validity
LEAP_OBSERVED_PARTIAL,All demand aggregated,Heat,2022,2060,2,39,156,observed_data_valid,partial_observation_not_global_validity
LEAP_OBSERVED_PARTIAL,All demand aggregated,Hydro,,,0,0,0,observed_zero_only,partial_observation_not_global_validity
LEAP_OBSERVED_PARTIAL,All demand aggregated,Hydrogen,2023,2060,9,38,400,observed_data_valid,partial_observation_not_global_validity
LEAP_OBSERVED_PARTIAL,All demand aggregated,Industrial waste,2022,2060,2,39,116,observed_data_valid,partial_observation_not_global_validity
LEAP_OBSERVED_PARTIAL,All demand aggregated,Kerosene,2022,2060,9,39,468,observed_data_valid,partial_observation_not_global_validity
LEAP_OBSERVED_PARTIAL,All demand aggregated,Kerosene type jet fuel,2022,2060,9,39,457,observed_data_valid,partial_observation_not_global_validity
LEAP_OBSERVED_PARTIAL,All demand aggregated,LNG,2023,2060,5,38,304,observed_data_valid,partial_observation_not_global_validity
LEAP_OBSERVED_PARTIAL,All demand aggregated,LPG,2022,2060,9,39,468,observed_data_valid,partial_observation_not_global_validity
LEAP_OBSERVED_PARTIAL,All demand aggregated,Lignite,2022,2060,3,39,133,observed_data_valid,partial_observation_not_global_validity
LEAP_OBSERVED_PARTIAL,All demand aggregated,Lubricants,2022,2060,6,39,312,observed_data_valid,partial_observation_not_global_validity
LEAP_OBSERVED_PARTIAL,All demand aggregated,Motor gasoline,2022,2060,9,39,468,observed_data_valid,partial_observation_not_global_validity
LEAP_OBSERVED_PARTIAL,All demand aggregated,Municipal solid waste non renewable,2022,2060,1,39,78,observed_data_valid,partial_observation_not_global_validity
LEAP_OBSERVED_PARTIAL,All demand aggregated,Municipal solid waste renewable,2022,2060,2,39,117,observed_data_valid,partial_observation_not_global_validity
LEAP_OBSERVED_PARTIAL,All demand aggregated,Naphtha,2022,2060,3,39,195,observed_data_valid,partial_observation_not_global_validity
LEAP_OBSERVED_PARTIAL,All demand aggregated,Natural gas,2022,2060,9,39,464,observed_data_valid,partial_observation_not_global_validity
LEAP_OBSERVED_PARTIAL,All demand aggregated,Natural gas liquids,2022,2060,1,39,39,observed_data_valid,partial_observation_not_global_validity
LEAP_OBSERVED_PARTIAL,All demand aggregated,Nuclear,,,0,0,0,observed_zero_only,partial_observation_not_global_validity
LEAP_OBSERVED_PARTIAL,All demand aggregated,Other biomass,2022,2060,8,39,425,observed_data_valid,partial_observation_not_global_validity
LEAP_OBSERVED_PARTIAL,All demand aggregated,Other bituminous coal,2022,2060,6,39,321,observed_data_valid,partial_observation_not_global_validity
LEAP_OBSERVED_PARTIAL,All demand aggregated,Other hydrocarbons,,,0,0,0,observed_zero_only,partial_observation_not_global_validity
LEAP_OBSERVED_PARTIAL,All demand aggregated,Other liquid biofuels,2022,2040,1,19,38,observed_data_valid,partial_observation_not_global_validity
LEAP_OBSERVED_PARTIAL,All demand aggregated,Other products,2022,2060,7,39,390,observed_data_valid,partial_observation_not_global_validity
LEAP_OBSERVED_PARTIAL,All demand aggregated,Other recovered gases,2022,2060,1,39,78,observed_data_valid,partial_observation_not_global_validity
LEAP_OBSERVED_PARTIAL,All demand aggregated,Other sources,,,0,0,0,observed_zero_only,partial_observation_not_global_validity
LEAP_OBSERVED_PARTIAL,All demand aggregated,Paraffin waxes,2022,2060,3,39,195,observed_data_valid,partial_observation_not_global_validity
LEAP_OBSERVED_PARTIAL,All demand aggregated,Patent fuel,2023,2031,1,8,15,observed_data_valid,partial_observation_not_global_validity
LEAP_OBSERVED_PARTIAL,All demand aggregated,Petroleum coke,2022,2060,4,39,234,observed_data_valid,partial_observation_not_global_validity
LEAP_OBSERVED_PARTIAL,All demand aggregated,Refinery feedstocks,,,0,0,0,observed_zero_only,partial_observation_not_global_validity
LEAP_OBSERVED_PARTIAL,All demand aggregated,Refinery gas not liquefied,2022,2060,2,39,156,observed_data_valid,partial_observation_not_global_validity
LEAP_OBSERVED_PARTIAL,All demand aggregated,Solar nonspecified,2022,2060,5,39,235,observed_data_valid,partial_observation_not_global_validity
LEAP_OBSERVED_PARTIAL,All demand aggregated,Solar photovoltaics,,,0,0,0,observed_zero_only,partial_observation_not_global_validity
LEAP_OBSERVED_PARTIAL,All demand aggregated,Sub bituminous coal,2022,2060,5,39,287,observed_data_valid,partial_observation_not_global_validity
LEAP_OBSERVED_PARTIAL,All demand aggregated,White spirit SBP,2022,2060,3,39,195,observed_data_valid,partial_observation_not_global_validity
LEAP_OBSERVED_PARTIAL,All demand aggregated,Wind,,,0,0,0,observed_zero_only,partial_observation_not_global_validity
LEAP_OBSERVED_PARTIAL,All demand aggregated/Buildings,AUTO BALANCE,,,0,0,0,observed_zero_only,partial_observation_not_global_validity
LEAP_OBSERVED_PARTIAL,All demand aggregated/Buildings,Additives and oxygenates,,,0,0,0,observed_zero_only,partial_observation_not_global_validity
LEAP_OBSERVED_PARTIAL,All demand aggregated/Buildings,Ammonia,,,0,0,0,observed_zero_only,partial_observation_not_global_validity
LEAP_OBSERVED_PARTIAL,All demand aggregated/Buildings,Anthracite,2022,2060,2,39,117,observed_data_valid,partial_observation_not_global_validity
LEAP_OBSERVED_PARTIAL,All demand aggregated/Buildings,Aviation gasoline,,,0,0,0,observed_zero_only,partial_observation_not_global_validity
LEAP_OBSERVED_PARTIAL,All demand aggregated/Buildings,BKB and PB,2022,2031,1,10,20,observed_data_valid,partial_observation_not_global_validity
LEAP_OBSERVED_PARTIAL,All demand aggregated/Buildings,Bagasse,2022,2060,1,39,39,observed_data_valid,partial_observation_not_global_validity
LEAP_OBSERVED_PARTIAL,All demand aggregated/Buildings,Bio jet kerosene,,,0,0,0,observed_zero_only,partial_observation_not_global_validity
LEAP_OBSERVED_PARTIAL,All demand aggregated/Buildings,Biodiesel,2022,2060,3,39,156,observed_data_valid,partial_observation_not_global_validity
LEAP_OBSERVED_PARTIAL,All demand aggregated/Buildings,Biogas,2022,2060,4,39,271,observed_data_valid,partial_observation_not_global_validity
LEAP_OBSERVED_PARTIAL,All demand aggregated/Buildings,Biogasoline,2022,2060,1,39,39,observed_data_valid,partial_observation_not_global_validity
LEAP_OBSERVED_PARTIAL,All demand aggregated/Buildings,Bitumen,,,0,0,0,observed_zero_only,partial_observation_not_global_validity
LEAP_OBSERVED_PARTIAL,All demand aggregated/Buildings,Black liquor,,,0,0,0,observed_zero_only,partial_observation_not_global_validity
LEAP_OBSERVED_PARTIAL,All demand aggregated/Buildings,Blast furnace gas,,,0,0,0,observed_zero_only,partial_observation_not_global_validity
LEAP_OBSERVED_PARTIAL,All demand aggregated/Buildings,Charcoal,2022,2060,4,39,156,observed_data_valid,partial_observation_not_global_validity
LEAP_OBSERVED_PARTIAL,All demand aggregated/Buildings,Coal tar,2022,2031,1,10,20,observed_data_valid,partial_observation_not_global_validity
LEAP_OBSERVED_PARTIAL,All demand aggregated/Buildings,Coke oven coke,2022,2031,1,10,20,observed_data_valid,partial_observation_not_global_validity
LEAP_OBSERVED_PARTIAL,All demand aggregated/Buildings,Coke oven gas,2022,2031,1,10,20,observed_data_valid,partial_observation_not_global_validity
LEAP_OBSERVED_PARTIAL,All demand aggregated/Buildings,Coking coal,,,0,0,0,observed_zero_only,partial_observation_not_global_validity
LEAP_OBSERVED_PARTIAL,All demand aggregated/Buildings,Crude oil,,,0,0,0,observed_zero_only,partial_observation_not_global_validity
LEAP_OBSERVED_PARTIAL,All demand aggregated/Buildings,Efuel,,,0,0,0,observed_zero_only,partial_observation_not_global_validity
LEAP_OBSERVED_PARTIAL,All demand aggregated/Buildings,Electricity,2022,2060,9,39,468,observed_data_valid,partial_observation_not_global_validity
LEAP_OBSERVED_PARTIAL,All demand aggregated/Buildings,Electricity for hydrogen,,,0,0,0,observed_zero_only,partial_observation_not_global_validity
LEAP_OBSERVED_PARTIAL,All demand aggregated/Buildings,Ethane,,,0,0,0,observed_zero_only,partial_observation_not_global_validity
LEAP_OBSERVED_PARTIAL,All demand aggregated/Buildings,Fuel oil,2022,2060,5,39,273,observed_data_valid,partial_observation_not_global_validity
LEAP_OBSERVED_PARTIAL,All demand aggregated/Buildings,Fuelwood and woodwaste,2022,2060,3,39,117,observed_data_valid,partial_observation_not_global_validity
LEAP_OBSERVED_PARTIAL,All demand aggregated/Buildings,Gas and diesel oil,2022,2060,7,39,314,observed_data_valid,partial_observation_not_global_validity
LEAP_OBSERVED_PARTIAL,All demand aggregated/Buildings,Gas nonspecified,,,0,0,0,observed_zero_only,partial_observation_not_global_validity
LEAP_OBSERVED_PARTIAL,All demand aggregated/Buildings,Gas works gas,2022,2060,2,39,140,observed_data_valid,partial_observation_not_global_validity
LEAP_OBSERVED_PARTIAL,All demand aggregated/Buildings,Gasoline type jet fuel,,,0,0,0,observed_zero_only,partial_observation_not_global_validity
LEAP_OBSERVED_PARTIAL,All demand aggregated/Buildings,Geothermal,2022,2060,2,39,117,observed_data_valid,partial_observation_not_global_validity
LEAP_OBSERVED_PARTIAL,All demand aggregated/Buildings,Heat,2022,2060,2,39,156,observed_data_valid,partial_observation_not_global_validity
LEAP_OBSERVED_PARTIAL,All demand aggregated/Buildings,Hydro,,,0,0,0,observed_zero_only,partial_observation_not_global_validity
LEAP_OBSERVED_PARTIAL,All demand aggregated/Buildings,Hydrogen,,,0,0,0,observed_zero_only,partial_observation_not_global_validity
LEAP_OBSERVED_PARTIAL,All demand aggregated/Buildings,Industrial waste,,,0,0,0,observed_zero_only,partial_observation_not_global_validity
LEAP_OBSERVED_PARTIAL,All demand aggregated/Buildings,Kerosene,2022,2060,5,39,273,observed_data_valid,partial_observation_not_global_validity
LEAP_OBSERVED_PARTIAL,All demand aggregated/Buildings,Kerosene type jet fuel,,,0,0,0,observed_zero_only,partial_observation_not_global_validity
LEAP_OBSERVED_PARTIAL,All demand aggregated/Buildings,LNG,,,0,0,0,observed_zero_only,partial_observation_not_global_validity
LEAP_OBSERVED_PARTIAL,All demand aggregated/Buildings,LPG,2022,2060,9,39,468,observed_data_valid,partial_observation_not_global_validity
LEAP_OBSERVED_PARTIAL,All demand aggregated/Buildings,Lignite,2022,2037,1,16,16,observed_data_valid,partial_observation_not_global_validity
LEAP_OBSERVED_PARTIAL,All demand aggregated/Buildings,Lubricants,,,0,0,0,observed_zero_only,partial_observation_not_global_validity
LEAP_OBSERVED_PARTIAL,All demand aggregated/Buildings,Motor gasoline,2022,2060,2,39,117,observed_data_valid,partial_observation_not_global_validity
LEAP_OBSERVED_PARTIAL,All demand aggregated/Buildings,Municipal solid waste non renewable,2022,2060,1,39,78,observed_data_valid,partial_observation_not_global_validity
LEAP_OBSERVED_PARTIAL,All demand aggregated/Buildings,Municipal solid waste renewable,2022,2060,1,39,78,observed_data_valid,partial_observation_not_global_validity
LEAP_OBSERVED_PARTIAL,All demand aggregated/Buildings,Naphtha,,,0,0,0,observed_zero_only,partial_observation_not_global_validity
LEAP_OBSERVED_PARTIAL,All demand aggregated/Buildings,Natural gas,2022,2060,7,39,365,observed_data_valid,partial_observation_not_global_validity
LEAP_OBSERVED_PARTIAL,All demand aggregated/Buildings,Natural gas liquids,,,0,0,0,observed_zero_only,partial_observation_not_global_validity
LEAP_OBSERVED_PARTIAL,All demand aggregated/Buildings,Nuclear,,,0,0,0,observed_zero_only,partial_observation_not_global_validity
LEAP_OBSERVED_PARTIAL,All demand aggregated/Buildings,Other biomass,2022,2060,7,39,390,observed_data_valid,partial_observation_not_global_validity
LEAP_OBSERVED_PARTIAL,All demand aggregated/Buildings,Other bituminous coal,2022,2060,4,39,250,observed_data_valid,partial_observation_not_global_validity
LEAP_OBSERVED_PARTIAL,All demand aggregated/Buildings,Other hydrocarbons,,,0,0,0,observed_zero_only,partial_observation_not_global_validity
LEAP_OBSERVED_PARTIAL,All demand aggregated/Buildings,Other liquid biofuels,,,0,0,0,observed_zero_only,partial_observation_not_global_validity
LEAP_OBSERVED_PARTIAL,All demand aggregated/Buildings,Other products,,,0,0,0,observed_zero_only,partial_observation_not_global_validity
LEAP_OBSERVED_PARTIAL,All demand aggregated/Buildings,Other recovered gases,2022,2031,1,10,20,observed_data_valid,partial_observation_not_global_validity
LEAP_OBSERVED_PARTIAL,All demand aggregated/Buildings,Other sources,,,0,0,0,observed_zero_only,partial_observation_not_global_validity
LEAP_OBSERVED_PARTIAL,All demand aggregated/Buildings,Paraffin waxes,,,0,0,0,observed_zero_only,partial_observation_not_global_validity
LEAP_OBSERVED_PARTIAL,All demand aggregated/Buildings,Patent fuel,,,0,0,0,observed_zero_only,partial_observation_not_global_validity
LEAP_OBSERVED_PARTIAL,All demand aggregated/Buildings,Petroleum coke,,,0,0,0,observed_zero_only,partial_observation_not_global_validity
LEAP_OBSERVED_PARTIAL,All demand aggregated/Buildings,Refinery feedstocks,,,0,0,0,observed_zero_only,partial_observation_not_global_validity
LEAP_OBSERVED_PARTIAL,All demand aggregated/Buildings,Refinery gas not liquefied,,,0,0,0,observed_zero_only,partial_observation_not_global_validity
LEAP_OBSERVED_PARTIAL,All demand aggregated/Buildings,Solar nonspecified,2022,2060,5,39,235,observed_data_valid,partial_observation_not_global_validity
LEAP_OBSERVED_PARTIAL,All demand aggregated/Buildings,Solar photovoltaics,,,0,0,0,observed_zero_only,partial_observation_not_global_validity
LEAP_OBSERVED_PARTIAL,All demand aggregated/Buildings,Sub bituminous coal,2022,2060,2,39,94,observed_data_valid,partial_observation_not_global_validity
LEAP_OBSERVED_PARTIAL,All demand aggregated/Buildings,White spirit SBP,,,0,0,0,observed_zero_only,partial_observation_not_global_validity
LEAP_OBSERVED_PARTIAL,All demand aggregated/Buildings,Wind,,,0,0,0,observed_zero_only,partial_observation_not_global_validity
LEAP_OBSERVED_PARTIAL,All demand aggregated/Industry,AUTO BALANCE,,,0,0,0,observed_zero_only,partial_observation_not_global_validity
LEAP_OBSERVED_PARTIAL,All demand aggregated/Industry,Additives and oxygenates,,,0,0,0,observed_zero_only,partial_observation_not_global_validity
LEAP_OBSERVED_PARTIAL,All demand aggregated/Industry,Ammonia,,,0,0,0,observed_zero_only,partial_observation_not_global_validity
LEAP_OBSERVED_PARTIAL,All demand aggregated/Industry,Anthracite,2022,2060,4,39,228,observed_data_valid,partial_observation_not_global_validity
LEAP_OBSERVED_PARTIAL,All demand aggregated/Industry,Aviation gasoline,,,0,0,0,observed_zero_only,partial_observation_not_global_validity
LEAP_OBSERVED_PARTIAL,All demand aggregated/Industry,BKB and PB,2022,2060,1,39,78,observed_data_valid,partial_observation_not_global_validity
LEAP_OBSERVED_PARTIAL,All demand aggregated/Industry,Bagasse,2022,2060,2,39,78,observed_data_valid,partial_observation_not_global_validity
LEAP_OBSERVED_PARTIAL,All demand aggregated/Industry,Bio jet kerosene,,,0,0,0,observed_zero_only,partial_observation_not_global_validity
LEAP_OBSERVED_PARTIAL,All demand aggregated/Industry,Biodiesel,2022,2060,4,39,114,observed_data_valid,partial_observation_not_global_validity
LEAP_OBSERVED_PARTIAL,All demand aggregated/Industry,Biogas,2022,2060,5,39,169,observed_data_valid,partial_observation_not_global_validity
LEAP_OBSERVED_PARTIAL,All demand aggregated/Industry,Biogasoline,,,0,0,0,observed_zero_only,partial_observation_not_global_validity
LEAP_OBSERVED_PARTIAL,All demand aggregated/Industry,Bitumen,,,0,0,0,observed_zero_only,partial_observation_not_global_validity
LEAP_OBSERVED_PARTIAL,All demand aggregated/Industry,Black liquor,,,0,0,0,observed_zero_only,partial_observation_not_global_validity
LEAP_OBSERVED_PARTIAL,All demand aggregated/Industry,Blast furnace gas,2022,2060,3,39,174,observed_data_valid,partial_observation_not_global_validity
LEAP_OBSERVED_PARTIAL,All demand aggregated/Industry,Charcoal,,,0,0,0,observed_zero_only,partial_observation_not_global_validity
LEAP_OBSERVED_PARTIAL,All demand aggregated/Industry,Coal tar,2022,2060,2,39,156,observed_data_valid,partial_observation_not_global_validity
LEAP_OBSERVED_PARTIAL,All demand aggregated/Industry,Coke oven coke,2022,2060,4,39,239,observed_data_valid,partial_observation_not_global_validity
LEAP_OBSERVED_PARTIAL,All demand aggregated/Industry,Coke oven gas,2022,2060,3,39,174,observed_data_valid,partial_observation_not_global_validity
LEAP_OBSERVED_PARTIAL,All demand aggregated/Industry,Coking coal,2022,2036,1,15,15,observed_data_valid,partial_observation_not_global_validity
LEAP_OBSERVED_PARTIAL,All demand aggregated/Industry,Crude oil,2022,2027,1,6,10,observed_data_valid,partial_observation_not_global_validity
LEAP_OBSERVED_PARTIAL,All demand aggregated/Industry,Efuel,,,0,0,0,observed_zero_only,partial_observation_not_global_validity
LEAP_OBSERVED_PARTIAL,All demand aggregated/Industry,Electricity,2022,2060,9,39,468,observed_data_valid,partial_observation_not_global_validity
LEAP_OBSERVED_PARTIAL,All demand aggregated/Industry,Electricity for hydrogen,,,0,0,0,observed_zero_only,partial_observation_not_global_validity
LEAP_OBSERVED_PARTIAL,All demand aggregated/Industry,Ethane,,,0,0,0,observed_zero_only,partial_observation_not_global_validity
LEAP_OBSERVED_PARTIAL,All demand aggregated/Industry,Fuel oil,2022,2060,8,39,429,observed_data_valid,partial_observation_not_global_validity
LEAP_OBSERVED_PARTIAL,All demand aggregated/Industry,Fuelwood and woodwaste,2022,2060,3,39,117,observed_data_valid,partial_observation_not_global_validity
LEAP_OBSERVED_PARTIAL,All demand aggregated/Industry,Gas and diesel oil,2022,2060,9,39,468,observed_data_valid,partial_observation_not_global_validity
LEAP_OBSERVED_PARTIAL,All demand aggregated/Industry,Gas nonspecified,2028,2060,1,33,33,observed_data_valid,partial_observation_not_global_validity
LEAP_OBSERVED_PARTIAL,All demand aggregated/Industry,Gas works gas,2022,2060,1,39,78,observed_data_valid,partial_observation_not_global_validity
LEAP_OBSERVED_PARTIAL,All demand aggregated/Industry,Gasoline type jet fuel,,,0,0,0,observed_zero_only,partial_observation_not_global_validity
LEAP_OBSERVED_PARTIAL,All demand aggregated/Industry,Geothermal,2022,2060,1,39,39,observed_data_valid,partial_observation_not_global_validity
LEAP_OBSERVED_PARTIAL,All demand aggregated/Industry,Heat,2022,2060,2,39,156,observed_data_valid,partial_observation_not_global_validity
LEAP_OBSERVED_PARTIAL,All demand aggregated/Industry,Hydro,,,0,0,0,observed_zero_only,partial_observation_not_global_validity
LEAP_OBSERVED_PARTIAL,All demand aggregated/Industry,Hydrogen,2030,2060,7,31,239,observed_data_valid,partial_observation_not_global_validity
LEAP_OBSERVED_PARTIAL,All demand aggregated/Industry,Industrial waste,2022,2060,2,39,116,observed_data_valid,partial_observation_not_global_validity
LEAP_OBSERVED_PARTIAL,All demand aggregated/Industry,Kerosene,2022,2060,7,39,351,observed_data_valid,partial_observation_not_global_validity
LEAP_OBSERVED_PARTIAL,All demand aggregated/Industry,Kerosene type jet fuel,,,0,0,0,observed_zero_only,partial_observation_not_global_validity
LEAP_OBSERVED_PARTIAL,All demand aggregated/Industry,LNG,,,0,0,0,observed_zero_only,partial_observation_not_global_validity
LEAP_OBSERVED_PARTIAL,All demand aggregated/Industry,LPG,2022,2060,8,39,429,observed_data_valid,partial_observation_not_global_validity
LEAP_OBSERVED_PARTIAL,All demand aggregated/Industry,Lignite,2022,2060,3,39,133,observed_data_valid,partial_observation_not_global_validity
LEAP_OBSERVED_PARTIAL,All demand aggregated/Industry,Lubricants,,,0,0,0,observed_zero_only,partial_observation_not_global_validity
LEAP_OBSERVED_PARTIAL,All demand aggregated/Industry,Motor gasoline,2022,2060,6,39,351,observed_data_valid,partial_observation_not_global_validity
LEAP_OBSERVED_PARTIAL,All demand aggregated/Industry,Municipal solid waste non renewable,,,0,0,0,observed_zero_only,partial_observation_not_global_validity
LEAP_OBSERVED_PARTIAL,All demand aggregated/Industry,Municipal solid waste renewable,2022,2060,1,39,39,observed_data_valid,partial_observation_not_global_validity
LEAP_OBSERVED_PARTIAL,All demand aggregated/Industry,Naphtha,2022,2060,1,39,78,observed_data_valid,partial_observation_not_global_validity
LEAP_OBSERVED_PARTIAL,All demand aggregated/Industry,Natural gas,2022,2060,8,39,425,observed_data_valid,partial_observation_not_global_validity
LEAP_OBSERVED_PARTIAL,All demand aggregated/Industry,Natural gas liquids,,,0,0,0,observed_zero_only,partial_observation_not_global_validity
LEAP_OBSERVED_PARTIAL,All demand aggregated/Industry,Nuclear,,,0,0,0,observed_zero_only,partial_observation_not_global_validity
LEAP_OBSERVED_PARTIAL,All demand aggregated/Industry,Other biomass,2022,2060,8,39,425,observed_data_valid,partial_observation_not_global_validity
LEAP_OBSERVED_PARTIAL,All demand aggregated/Industry,Other bituminous coal,2022,2060,6,39,315,observed_data_valid,partial_observation_not_global_validity
LEAP_OBSERVED_PARTIAL,All demand aggregated/Industry,Other hydrocarbons,,,0,0,0,observed_zero_only,partial_observation_not_global_validity
LEAP_OBSERVED_PARTIAL,All demand aggregated/Industry,Other liquid biofuels,2022,2040,1,19,38,observed_data_valid,partial_observation_not_global_validity
LEAP_OBSERVED_PARTIAL,All demand aggregated/Industry,Other products,2022,2060,2,39,156,observed_data_valid,partial_observation_not_global_validity
LEAP_OBSERVED_PARTIAL,All demand aggregated/Industry,Other recovered gases,2022,2060,1,39,78,observed_data_valid,partial_observation_not_global_validity
LEAP_OBSERVED_PARTIAL,All demand aggregated/Industry,Other sources,,,0,0,0,observed_zero_only,partial_observation_not_global_validity
LEAP_OBSERVED_PARTIAL,All demand aggregated/Industry,Paraffin waxes,2022,2060,1,39,78,observed_data_valid,partial_observation_not_global_validity
LEAP_OBSERVED_PARTIAL,All demand aggregated/Industry,Patent fuel,,,0,0,0,observed_zero_only,partial_observation_not_global_validity
LEAP_OBSERVED_PARTIAL,All demand aggregated/Industry,Petroleum coke,2022,2060,2,39,156,observed_data_valid,partial_observation_not_global_validity
LEAP_OBSERVED_PARTIAL,All demand aggregated/Industry,Refinery feedstocks,,,0,0,0,observed_zero_only,partial_observation_not_global_validity
LEAP_OBSERVED_PARTIAL,All demand aggregated/Industry,Refinery gas not liquefied,2022,2060,1,39,78,observed_data_valid,partial_observation_not_global_validity
LEAP_OBSERVED_PARTIAL,All demand aggregated/Industry,Solar nonspecified,,,0,0,0,observed_zero_only,partial_observation_not_global_validity
LEAP_OBSERVED_PARTIAL,All demand aggregated/Industry,Solar photovoltaics,,,0,0,0,observed_zero_only,partial_observation_not_global_validity
LEAP_OBSERVED_PARTIAL,All demand aggregated/Industry,Sub bituminous coal,2022,2060,4,39,213,observed_data_valid,partial_observation_not_global_validity
LEAP_OBSERVED_PARTIAL,All demand aggregated/Industry,White spirit SBP,2022,2060,1,39,78,observed_data_valid,partial_observation_not_global_validity
LEAP_OBSERVED_PARTIAL,All demand aggregated/Industry,Wind,,,0,0,0,observed_zero_only,partial_observation_not_global_validity
LEAP_OBSERVED_PARTIAL,All demand aggregated/International transport,AUTO BALANCE,,,0,0,0,observed_zero_only,partial_observation_not_global_validity
LEAP_OBSERVED_PARTIAL,All demand aggregated/International transport,Additives and oxygenates,,,0,0,0,observed_zero_only,partial_observation_not_global_validity
LEAP_OBSERVED_PARTIAL,All demand aggregated/International transport,Ammonia,2026,2060,5,35,175,observed_data_valid,partial_observation_not_global_validity
LEAP_OBSERVED_PARTIAL,All demand aggregated/International transport,Anthracite,,,0,0,0,observed_zero_only,partial_observation_not_global_validity
LEAP_OBSERVED_PARTIAL,All demand aggregated/International transport,Aviation gasoline,,,0,0,0,observed_zero_only,partial_observation_not_global_validity
LEAP_OBSERVED_PARTIAL,All demand aggregated/International transport,BKB and PB,,,0,0,0,observed_zero_only,partial_observation_not_global_validity
LEAP_OBSERVED_PARTIAL,All demand aggregated/International transport,Bagasse,,,0,0,0,observed_zero_only,partial_observation_not_global_validity
LEAP_OBSERVED_PARTIAL,All demand aggregated/International transport,Bio jet kerosene,2023,2060,7,38,380,observed_data_valid,partial_observation_not_global_validity
LEAP_OBSERVED_PARTIAL,All demand aggregated/International transport,Biodiesel,2022,2060,6,39,344,observed_data_valid,partial_observation_not_global_validity
LEAP_OBSERVED_PARTIAL,All demand aggregated/International transport,Biogas,,,0,0,0,observed_zero_only,partial_observation_not_global_validity
LEAP_OBSERVED_PARTIAL,All demand aggregated/International transport,Biogasoline,2023,2060,1,38,38,observed_data_valid,partial_observation_not_global_validity
LEAP_OBSERVED_PARTIAL,All demand aggregated/International transport,Bitumen,,,0,0,0,observed_zero_only,partial_observation_not_global_validity
LEAP_OBSERVED_PARTIAL,All demand aggregated/International transport,Black liquor,,,0,0,0,observed_zero_only,partial_observation_not_global_validity
LEAP_OBSERVED_PARTIAL,All demand aggregated/International transport,Blast furnace gas,,,0,0,0,observed_zero_only,partial_observation_not_global_validity
LEAP_OBSERVED_PARTIAL,All demand aggregated/International transport,Charcoal,,,0,0,0,observed_zero_only,partial_observation_not_global_validity
LEAP_OBSERVED_PARTIAL,All demand aggregated/International transport,Coal tar,,,0,0,0,observed_zero_only,partial_observation_not_global_validity
LEAP_OBSERVED_PARTIAL,All demand aggregated/International transport,Coke oven coke,,,0,0,0,observed_zero_only,partial_observation_not_global_validity
LEAP_OBSERVED_PARTIAL,All demand aggregated/International transport,Coke oven gas,,,0,0,0,observed_zero_only,partial_observation_not_global_validity
LEAP_OBSERVED_PARTIAL,All demand aggregated/International transport,Coking coal,,,0,0,0,observed_zero_only,partial_observation_not_global_validity
LEAP_OBSERVED_PARTIAL,All demand aggregated/International transport,Crude oil,,,0,0,0,observed_zero_only,partial_observation_not_global_validity
LEAP_OBSERVED_PARTIAL,All demand aggregated/International transport,Efuel,2031,2060,6,30,180,observed_data_valid,partial_observation_not_global_validity
LEAP_OBSERVED_PARTIAL,All demand aggregated/International transport,Electricity,,,0,0,0,observed_zero_only,partial_observation_not_global_validity
LEAP_OBSERVED_PARTIAL,All demand aggregated/International transport,Electricity for hydrogen,,,0,0,0,observed_zero_only,partial_observation_not_global_validity
LEAP_OBSERVED_PARTIAL,All demand aggregated/International transport,Ethane,,,0,0,0,observed_zero_only,partial_observation_not_global_validity
LEAP_OBSERVED_PARTIAL,All demand aggregated/International transport,Fuel oil,2022,2060,6,39,351,observed_data_valid,partial_observation_not_global_validity
LEAP_OBSERVED_PARTIAL,All demand aggregated/International transport,Fuelwood and woodwaste,,,0,0,0,observed_zero_only,partial_observation_not_global_validity
LEAP_OBSERVED_PARTIAL,All demand aggregated/International transport,Gas and diesel oil,2022,2060,6,39,351,observed_data_valid,partial_observation_not_global_validity
LEAP_OBSERVED_PARTIAL,All demand aggregated/International transport,Gas nonspecified,,,0,0,0,observed_zero_only,partial_observation_not_global_validity
LEAP_OBSERVED_PARTIAL,All demand aggregated/International transport,Gas works gas,,,0,0,0,observed_zero_only,partial_observation_not_global_validity
LEAP_OBSERVED_PARTIAL,All demand aggregated/International transport,Gasoline type jet fuel,,,0,0,0,observed_zero_only,partial_observation_not_global_validity
LEAP_OBSERVED_PARTIAL,All demand aggregated/International transport,Geothermal,,,0,0,0,observed_zero_only,partial_observation_not_global_validity
LEAP_OBSERVED_PARTIAL,All demand aggregated/International transport,Heat,,,0,0,0,observed_zero_only,partial_observation_not_global_validity
LEAP_OBSERVED_PARTIAL,All demand aggregated/International transport,Hydro,,,0,0,0,observed_zero_only,partial_observation_not_global_validity
LEAP_OBSERVED_PARTIAL,All demand aggregated/International transport,Hydrogen,2023,2060,7,38,310,observed_data_valid,partial_observation_not_global_validity
LEAP_OBSERVED_PARTIAL,All demand aggregated/International transport,Industrial waste,,,0,0,0,observed_zero_only,partial_observation_not_global_validity
LEAP_OBSERVED_PARTIAL,All demand aggregated/International transport,Kerosene,,,0,0,0,observed_zero_only,partial_observation_not_global_validity
LEAP_OBSERVED_PARTIAL,All demand aggregated/International transport,Kerosene type jet fuel,2022,2060,7,39,390,observed_data_valid,partial_observation_not_global_validity
LEAP_OBSERVED_PARTIAL,All demand aggregated/International transport,LNG,2023,2060,5,38,304,observed_data_valid,partial_observation_not_global_validity
LEAP_OBSERVED_PARTIAL,All demand aggregated/International transport,LPG,,,0,0,0,observed_zero_only,partial_observation_not_global_validity
LEAP_OBSERVED_PARTIAL,All demand aggregated/International transport,Lignite,,,0,0,0,observed_zero_only,partial_observation_not_global_validity
LEAP_OBSERVED_PARTIAL,All demand aggregated/International transport,Lubricants,,,0,0,0,observed_zero_only,partial_observation_not_global_validity
LEAP_OBSERVED_PARTIAL,All demand aggregated/International transport,Motor gasoline,2022,2060,1,39,39,observed_data_valid,partial_observation_not_global_validity
LEAP_OBSERVED_PARTIAL,All demand aggregated/International transport,Municipal solid waste non renewable,,,0,0,0,observed_zero_only,partial_observation_not_global_validity
LEAP_OBSERVED_PARTIAL,All demand aggregated/International transport,Municipal solid waste renewable,,,0,0,0,observed_zero_only,partial_observation_not_global_validity
LEAP_OBSERVED_PARTIAL,All demand aggregated/International transport,Naphtha,,,0,0,0,observed_zero_only,partial_observation_not_global_validity
LEAP_OBSERVED_PARTIAL,All demand aggregated/International transport,Natural gas,,,0,0,0,observed_zero_only,partial_observation_not_global_validity
LEAP_OBSERVED_PARTIAL,All demand aggregated/International transport,Natural gas liquids,,,0,0,0,observed_zero_only,partial_observation_not_global_validity
LEAP_OBSERVED_PARTIAL,All demand aggregated/International transport,Nuclear,,,0,0,0,observed_zero_only,partial_observation_not_global_validity
LEAP_OBSERVED_PARTIAL,All demand aggregated/International transport,Other biomass,,,0,0,0,observed_zero_only,partial_observation_not_global_validity
LEAP_OBSERVED_PARTIAL,All demand aggregated/International transport,Other bituminous coal,,,0,0,0,observed_zero_only,partial_observation_not_global_validity
LEAP_OBSERVED_PARTIAL,All demand aggregated/International transport,Other hydrocarbons,,,0,0,0,observed_zero_only,partial_observation_not_global_validity
LEAP_OBSERVED_PARTIAL,All demand aggregated/International transport,Other liquid biofuels,,,0,0,0,observed_zero_only,partial_observation_not_global_validity
LEAP_OBSERVED_PARTIAL,All demand aggregated/International transport,Other products,,,0,0,0,observed_zero_only,partial_observation_not_global_validity
LEAP_OBSERVED_PARTIAL,All demand aggregated/International transport,Other recovered gases,,,0,0,0,observed_zero_only,partial_observation_not_global_validity
LEAP_OBSERVED_PARTIAL,All demand aggregated/International transport,Other sources,,,0,0,0,observed_zero_only,partial_observation_not_global_validity
LEAP_OBSERVED_PARTIAL,All demand aggregated/International transport,Paraffin waxes,,,0,0,0,observed_zero_only,partial_observation_not_global_validity
LEAP_OBSERVED_PARTIAL,All demand aggregated/International transport,Patent fuel,,,0,0,0,observed_zero_only,partial_observation_not_global_validity
LEAP_OBSERVED_PARTIAL,All demand aggregated/International transport,Petroleum coke,,,0,0,0,observed_zero_only,partial_observation_not_global_validity
LEAP_OBSERVED_PARTIAL,All demand aggregated/International transport,Refinery feedstocks,,,0,0,0,observed_zero_only,partial_observation_not_global_validity
LEAP_OBSERVED_PARTIAL,All demand aggregated/International transport,Refinery gas not liquefied,,,0,0,0,observed_zero_only,partial_observation_not_global_validity
LEAP_OBSERVED_PARTIAL,All demand aggregated/International transport,Solar nonspecified,,,0,0,0,observed_zero_only,partial_observation_not_global_validity
LEAP_OBSERVED_PARTIAL,All demand aggregated/International transport,Solar photovoltaics,,,0,0,0,observed_zero_only,partial_observation_not_global_validity
LEAP_OBSERVED_PARTIAL,All demand aggregated/International transport,Sub bituminous coal,,,0,0,0,observed_zero_only,partial_observation_not_global_validity
LEAP_OBSERVED_PARTIAL,All demand aggregated/International transport,White spirit SBP,,,0,0,0,observed_zero_only,partial_observation_not_global_validity
LEAP_OBSERVED_PARTIAL,All demand aggregated/International transport,Wind,,,0,0,0,observed_zero_only,partial_observation_not_global_validity
LEAP_OBSERVED_PARTIAL,All demand aggregated/Non Energy Use,AUTO BALANCE,,,0,0,0,observed_zero_only,partial_observation_not_global_validity
LEAP_OBSERVED_PARTIAL,All demand aggregated/Non Energy Use,Additives and oxygenates,,,0,0,0,observed_zero_only,partial_observation_not_global_validity
LEAP_OBSERVED_PARTIAL,All demand aggregated/Non Energy Use,Ammonia,,,0,0,0,observed_zero_only,partial_observation_not_global_validity
LEAP_OBSERVED_PARTIAL,All demand aggregated/Non Energy Use,Anthracite,2022,2060,1,39,39,observed_data_valid,partial_observation_not_global_validity
LEAP_OBSERVED_PARTIAL,All demand aggregated/Non Energy Use,Aviation gasoline,,,0,0,0,observed_zero_only,partial_observation_not_global_validity
LEAP_OBSERVED_PARTIAL,All demand aggregated/Non Energy Use,BKB and PB,2022,2060,1,39,78,observed_data_valid,partial_observation_not_global_validity
LEAP_OBSERVED_PARTIAL,All demand aggregated/Non Energy Use,Bagasse,,,0,0,0,observed_zero_only,partial_observation_not_global_validity
LEAP_OBSERVED_PARTIAL,All demand aggregated/Non Energy Use,Bio jet kerosene,,,0,0,0,observed_zero_only,partial_observation_not_global_validity
LEAP_OBSERVED_PARTIAL,All demand aggregated/Non Energy Use,Biodiesel,,,0,0,0,observed_zero_only,partial_observation_not_global_validity
LEAP_OBSERVED_PARTIAL,All demand aggregated/Non Energy Use,Biogas,2023,2060,1,38,76,observed_data_valid,partial_observation_not_global_validity
LEAP_OBSERVED_PARTIAL,All demand aggregated/Non Energy Use,Biogasoline,,,0,0,0,observed_zero_only,partial_observation_not_global_validity
LEAP_OBSERVED_PARTIAL,All demand aggregated/Non Energy Use,Bitumen,2022,2060,6,39,312,observed_data_valid,partial_observation_not_global_validity
LEAP_OBSERVED_PARTIAL,All demand aggregated/Non Energy Use,Black liquor,,,0,0,0,observed_zero_only,partial_observation_not_global_validity
LEAP_OBSERVED_PARTIAL,All demand aggregated/Non Energy Use,Blast furnace gas,,,0,0,0,observed_zero_only,partial_observation_not_global_validity
LEAP_OBSERVED_PARTIAL,All demand aggregated/Non Energy Use,Charcoal,,,0,0,0,observed_zero_only,partial_observation_not_global_validity
LEAP_OBSERVED_PARTIAL,All demand aggregated/Non Energy Use,Coal tar,2022,2060,1,39,78,observed_data_valid,partial_observation_not_global_validity
LEAP_OBSERVED_PARTIAL,All demand aggregated/Non Energy Use,Coke oven coke,2022,2060,1,39,78,observed_data_valid,partial_observation_not_global_validity
LEAP_OBSERVED_PARTIAL,All demand aggregated/Non Energy Use,Coke oven gas,2022,2060,1,39,78,observed_data_valid,partial_observation_not_global_validity
LEAP_OBSERVED_PARTIAL,All demand aggregated/Non Energy Use,Coking coal,,,0,0,0,observed_zero_only,partial_observation_not_global_validity
LEAP_OBSERVED_PARTIAL,All demand aggregated/Non Energy Use,Crude oil,2022,2060,1,39,39,observed_data_valid,partial_observation_not_global_validity
LEAP_OBSERVED_PARTIAL,All demand aggregated/Non Energy Use,Efuel,,,0,0,0,observed_zero_only,partial_observation_not_global_validity
LEAP_OBSERVED_PARTIAL,All demand aggregated/Non Energy Use,Electricity,,,0,0,0,observed_zero_only,partial_observation_not_global_validity
LEAP_OBSERVED_PARTIAL,All demand aggregated/Non Energy Use,Electricity for hydrogen,,,0,0,0,observed_zero_only,partial_observation_not_global_validity
LEAP_OBSERVED_PARTIAL,All demand aggregated/Non Energy Use,Ethane,2022,2060,2,39,117,observed_data_valid,partial_observation_not_global_validity
LEAP_OBSERVED_PARTIAL,All demand aggregated/Non Energy Use,Fuel oil,2022,2060,1,39,78,observed_data_valid,partial_observation_not_global_validity
LEAP_OBSERVED_PARTIAL,All demand aggregated/Non Energy Use,Fuelwood and woodwaste,,,0,0,0,observed_zero_only,partial_observation_not_global_validity
LEAP_OBSERVED_PARTIAL,All demand aggregated/Non Energy Use,Gas and diesel oil,2022,2060,3,39,195,observed_data_valid,partial_observation_not_global_validity
LEAP_OBSERVED_PARTIAL,All demand aggregated/Non Energy Use,Gas nonspecified,,,0,0,0,observed_zero_only,partial_observation_not_global_validity
LEAP_OBSERVED_PARTIAL,All demand aggregated/Non Energy Use,Gas works gas,,,0,0,0,observed_zero_only,partial_observation_not_global_validity
LEAP_OBSERVED_PARTIAL,All demand aggregated/Non Energy Use,Gasoline type jet fuel,,,0,0,0,observed_zero_only,partial_observation_not_global_validity
LEAP_OBSERVED_PARTIAL,All demand aggregated/Non Energy Use,Geothermal,,,0,0,0,observed_zero_only,partial_observation_not_global_validity
LEAP_OBSERVED_PARTIAL,All demand aggregated/Non Energy Use,Heat,,,0,0,0,observed_zero_only,partial_observation_not_global_validity
LEAP_OBSERVED_PARTIAL,All demand aggregated/Non Energy Use,Hydro,,,0,0,0,observed_zero_only,partial_observation_not_global_validity
LEAP_OBSERVED_PARTIAL,All demand aggregated/Non Energy Use,Hydrogen,,,0,0,0,observed_zero_only,partial_observation_not_global_validity
LEAP_OBSERVED_PARTIAL,All demand aggregated/Non Energy Use,Industrial waste,,,0,0,0,observed_zero_only,partial_observation_not_global_validity
LEAP_OBSERVED_PARTIAL,All demand aggregated/Non Energy Use,Kerosene,2022,2060,2,39,117,observed_data_valid,partial_observation_not_global_validity
LEAP_OBSERVED_PARTIAL,All demand aggregated/Non Energy Use,Kerosene type jet fuel,,,0,0,0,observed_zero_only,partial_observation_not_global_validity
LEAP_OBSERVED_PARTIAL,All demand aggregated/Non Energy Use,LNG,,,0,0,0,observed_zero_only,partial_observation_not_global_validity
LEAP_OBSERVED_PARTIAL,All demand aggregated/Non Energy Use,LPG,2022,2060,3,39,195,observed_data_valid,partial_observation_not_global_validity
LEAP_OBSERVED_PARTIAL,All demand aggregated/Non Energy Use,Lignite,,,0,0,0,observed_zero_only,partial_observation_not_global_validity
LEAP_OBSERVED_PARTIAL,All demand aggregated/Non Energy Use,Lubricants,2022,2060,5,39,273,observed_data_valid,partial_observation_not_global_validity
LEAP_OBSERVED_PARTIAL,All demand aggregated/Non Energy Use,Motor gasoline,2022,2060,2,39,117,observed_data_valid,partial_observation_not_global_validity
LEAP_OBSERVED_PARTIAL,All demand aggregated/Non Energy Use,Municipal solid waste non renewable,,,0,0,0,observed_zero_only,partial_observation_not_global_validity
LEAP_OBSERVED_PARTIAL,All demand aggregated/Non Energy Use,Municipal solid waste renewable,,,0,0,0,observed_zero_only,partial_observation_not_global_validity
LEAP_OBSERVED_PARTIAL,All demand aggregated/Non Energy Use,Naphtha,2022,2060,3,39,195,observed_data_valid,partial_observation_not_global_validity
LEAP_OBSERVED_PARTIAL,All demand aggregated/Non Energy Use,Natural gas,2022,2060,5,39,246,observed_data_valid,partial_observation_not_global_validity
LEAP_OBSERVED_PARTIAL,All demand aggregated/Non Energy Use,Natural gas liquids,2022,2060,1,39,39,observed_data_valid,partial_observation_not_global_validity
LEAP_OBSERVED_PARTIAL,All demand aggregated/Non Energy Use,Nuclear,,,0,0,0,observed_zero_only,partial_observation_not_global_validity
LEAP_OBSERVED_PARTIAL,All demand aggregated/Non Energy Use,Other biomass,,,0,0,0,observed_zero_only,partial_observation_not_global_validity
LEAP_OBSERVED_PARTIAL,All demand aggregated/Non Energy Use,Other bituminous coal,2022,2060,1,39,78,observed_data_valid,partial_observation_not_global_validity
LEAP_OBSERVED_PARTIAL,All demand aggregated/Non Energy Use,Other hydrocarbons,,,0,0,0,observed_zero_only,partial_observation_not_global_validity
LEAP_OBSERVED_PARTIAL,All demand aggregated/Non Energy Use,Other liquid biofuels,,,0,0,0,observed_zero_only,partial_observation_not_global_validity
LEAP_OBSERVED_PARTIAL,All demand aggregated/Non Energy Use,Other products,2022,2060,5,39,273,observed_data_valid,partial_observation_not_global_validity
LEAP_OBSERVED_PARTIAL,All demand aggregated/Non Energy Use,Other recovered gases,,,0,0,0,observed_zero_only,partial_observation_not_global_validity
LEAP_OBSERVED_PARTIAL,All demand aggregated/Non Energy Use,Other sources,,,0,0,0,observed_zero_only,partial_observation_not_global_validity
LEAP_OBSERVED_PARTIAL,All demand aggregated/Non Energy Use,Paraffin waxes,2022,2060,3,39,195,observed_data_valid,partial_observation_not_global_validity
LEAP_OBSERVED_PARTIAL,All demand aggregated/Non Energy Use,Patent fuel,,,0,0,0,observed_zero_only,partial_observation_not_global_validity
LEAP_OBSERVED_PARTIAL,All demand aggregated/Non Energy Use,Petroleum coke,2022,2060,2,39,117,observed_data_valid,partial_observation_not_global_validity
LEAP_OBSERVED_PARTIAL,All demand aggregated/Non Energy Use,Refinery feedstocks,,,0,0,0,observed_zero_only,partial_observation_not_global_validity
LEAP_OBSERVED_PARTIAL,All demand aggregated/Non Energy Use,Refinery gas not liquefied,2022,2060,2,39,156,observed_data_valid,partial_observation_not_global_validity
LEAP_OBSERVED_PARTIAL,All demand aggregated/Non Energy Use,Solar nonspecified,,,0,0,0,observed_zero_only,partial_observation_not_global_validity
LEAP_OBSERVED_PARTIAL,All demand aggregated/Non Energy Use,Solar photovoltaics,,,0,0,0,observed_zero_only,partial_observation_not_global_validity
LEAP_OBSERVED_PARTIAL,All demand aggregated/Non Energy Use,Sub bituminous coal,2022,2060,1,39,39,observed_data_valid,partial_observation_not_global_validity
LEAP_OBSERVED_PARTIAL,All demand aggregated/Non Energy Use,White spirit SBP,2022,2060,3,39,195,observed_data_valid,partial_observation_not_global_validity
LEAP_OBSERVED_PARTIAL,All demand aggregated/Non Energy Use,Wind,,,0,0,0,observed_zero_only,partial_observation_not_global_validity
LEAP_OBSERVED_PARTIAL,All demand aggregated/Other sector,AUTO BALANCE,,,0,0,0,observed_zero_only,partial_observation_not_global_validity
LEAP_OBSERVED_PARTIAL,All demand aggregated/Other sector,Additives and oxygenates,,,0,0,0,observed_zero_only,partial_observation_not_global_validity
LEAP_OBSERVED_PARTIAL,All demand aggregated/Other sector,Ammonia,,,0,0,0,observed_zero_only,partial_observation_not_global_validity
LEAP_OBSERVED_PARTIAL,All demand aggregated/Other sector,Anthracite,2023,2060,2,38,88,observed_data_valid,partial_observation_not_global_validity
LEAP_OBSERVED_PARTIAL,All demand aggregated/Other sector,Aviation gasoline,2022,2060,1,39,78,observed_data_valid,partial_observation_not_global_validity
LEAP_OBSERVED_PARTIAL,All demand aggregated/Other sector,BKB and PB,2022,2060,1,39,78,observed_data_valid,partial_observation_not_global_validity
LEAP_OBSERVED_PARTIAL,All demand aggregated/Other sector,Bagasse,,,0,0,0,observed_zero_only,partial_observation_not_global_validity
LEAP_OBSERVED_PARTIAL,All demand aggregated/Other sector,Bio jet kerosene,,,0,0,0,observed_zero_only,partial_observation_not_global_validity
LEAP_OBSERVED_PARTIAL,All demand aggregated/Other sector,Biodiesel,2022,2060,4,39,191,observed_data_valid,partial_observation_not_global_validity
LEAP_OBSERVED_PARTIAL,All demand aggregated/Other sector,Biogas,2022,2022,1,1,2,observed_data_valid,partial_observation_not_global_validity
LEAP_OBSERVED_PARTIAL,All demand aggregated/Other sector,Biogasoline,2023,2060,1,38,38,observed_data_valid,partial_observation_not_global_validity
LEAP_OBSERVED_PARTIAL,All demand aggregated/Other sector,Bitumen,,,0,0,0,observed_zero_only,partial_observation_not_global_validity
LEAP_OBSERVED_PARTIAL,All demand aggregated/Other sector,Black liquor,,,0,0,0,observed_zero_only,partial_observation_not_global_validity
LEAP_OBSERVED_PARTIAL,All demand aggregated/Other sector,Blast furnace gas,2023,2031,1,8,15,observed_data_valid,partial_observation_not_global_validity
LEAP_OBSERVED_PARTIAL,All demand aggregated/Other sector,Charcoal,,,0,0,0,observed_zero_only,partial_observation_not_global_validity
LEAP_OBSERVED_PARTIAL,All demand aggregated/Other sector,Coal tar,2023,2031,1,8,15,observed_data_valid,partial_observation_not_global_validity
LEAP_OBSERVED_PARTIAL,All demand aggregated/Other sector,Coke oven coke,2022,2031,1,9,17,observed_data_valid,partial_observation_not_global_validity
LEAP_OBSERVED_PARTIAL,All demand aggregated/Other sector,Coke oven gas,2022,2060,1,39,78,observed_data_valid,partial_observation_not_global_validity
LEAP_OBSERVED_PARTIAL,All demand aggregated/Other sector,Coking coal,,,0,0,0,observed_zero_only,partial_observation_not_global_validity
LEAP_OBSERVED_PARTIAL,All demand aggregated/Other sector,Crude oil,,,0,0,0,observed_zero_only,partial_observation_not_global_validity
LEAP_OBSERVED_PARTIAL,All demand aggregated/Other sector,Efuel,,,0,0,0,observed_zero_only,partial_observation_not_global_validity
LEAP_OBSERVED_PARTIAL,All demand aggregated/Other sector,Electricity,2022,2060,8,39,429,observed_data_valid,partial_observation_not_global_validity
LEAP_OBSERVED_PARTIAL,All demand aggregated/Other sector,Electricity for hydrogen,,,0,0,0,observed_zero_only,partial_observation_not_global_validity
LEAP_OBSERVED_PARTIAL,All demand aggregated/Other sector,Ethane,2022,2060,1,39,39,observed_data_valid,partial_observation_not_global_validity
LEAP_OBSERVED_PARTIAL,All demand aggregated/Other sector,Fuel oil,2022,2060,4,39,273,observed_data_valid,partial_observation_not_global_validity
LEAP_OBSERVED_PARTIAL,All demand aggregated/Other sector,Fuelwood and woodwaste,,,0,0,0,observed_zero_only,partial_observation_not_global_validity
LEAP_OBSERVED_PARTIAL,All demand aggregated/Other sector,Gas and diesel oil,2022,2060,8,39,429,observed_data_valid,partial_observation_not_global_validity
LEAP_OBSERVED_PARTIAL,All demand aggregated/Other sector,Gas nonspecified,,,0,0,0,observed_zero_only,partial_observation_not_global_validity
LEAP_OBSERVED_PARTIAL,All demand aggregated/Other sector,Gas works gas,,,0,0,0,observed_zero_only,partial_observation_not_global_validity
LEAP_OBSERVED_PARTIAL,All demand aggregated/Other sector,Gasoline type jet fuel,,,0,0,0,observed_zero_only,partial_observation_not_global_validity
LEAP_OBSERVED_PARTIAL,All demand aggregated/Other sector,Geothermal,2022,2060,1,39,39,observed_data_valid,partial_observation_not_global_validity
LEAP_OBSERVED_PARTIAL,All demand aggregated/Other sector,Heat,2022,2060,1,39,78,observed_data_valid,partial_observation_not_global_validity
LEAP_OBSERVED_PARTIAL,All demand aggregated/Other sector,Hydro,,,0,0,0,observed_zero_only,partial_observation_not_global_validity
LEAP_OBSERVED_PARTIAL,All demand aggregated/Other sector,Hydrogen,2030,2060,2,31,52,observed_data_valid,partial_observation_not_global_validity
LEAP_OBSERVED_PARTIAL,All demand aggregated/Other sector,Industrial waste,,,0,0,0,observed_zero_only,partial_observation_not_global_validity
LEAP_OBSERVED_PARTIAL,All demand aggregated/Other sector,Kerosene,2022,2060,3,39,156,observed_data_valid,partial_observation_not_global_validity
LEAP_OBSERVED_PARTIAL,All demand aggregated/Other sector,Kerosene type jet fuel,,,0,0,0,observed_zero_only,partial_observation_not_global_validity
LEAP_OBSERVED_PARTIAL,All demand aggregated/Other sector,LNG,,,0,0,0,observed_zero_only,partial_observation_not_global_validity
LEAP_OBSERVED_PARTIAL,All demand aggregated/Other sector,LPG,2022,2060,5,39,312,observed_data_valid,partial_observation_not_global_validity
LEAP_OBSERVED_PARTIAL,All demand aggregated/Other sector,Lignite,2022,2023,1,2,2,observed_data_valid,partial_observation_not_global_validity
LEAP_OBSERVED_PARTIAL,All demand aggregated/Other sector,Lubricants,2022,2060,1,39,39,observed_data_valid,partial_observation_not_global_validity
LEAP_OBSERVED_PARTIAL,All demand aggregated/Other sector,Motor gasoline,2022,2060,7,39,390,observed_data_valid,partial_observation_not_global_validity
LEAP_OBSERVED_PARTIAL,All demand aggregated/Other sector,Municipal solid waste non renewable,,,0,0,0,observed_zero_only,partial_observation_not_global_validity
LEAP_OBSERVED_PARTIAL,All demand aggregated/Other sector,Municipal solid waste renewable,,,0,0,0,observed_zero_only,partial_observation_not_global_validity
LEAP_OBSERVED_PARTIAL,All demand aggregated/Other sector,Naphtha,,,0,0,0,observed_zero_only,partial_observation_not_global_validity
LEAP_OBSERVED_PARTIAL,All demand aggregated/Other sector,Natural gas,2022,2060,5,39,287,observed_data_valid,partial_observation_not_global_validity
LEAP_OBSERVED_PARTIAL,All demand aggregated/Other sector,Natural gas liquids,,,0,0,0,observed_zero_only,partial_observation_not_global_validity
LEAP_OBSERVED_PARTIAL,All demand aggregated/Other sector,Nuclear,,,0,0,0,observed_zero_only,partial_observation_not_global_validity
LEAP_OBSERVED_PARTIAL,All demand aggregated/Other sector,Other biomass,2022,2060,3,39,195,observed_data_valid,partial_observation_not_global_validity
LEAP_OBSERVED_PARTIAL,All demand aggregated/Other sector,Other bituminous coal,2022,2060,2,39,93,observed_data_valid,partial_observation_not_global_validity
LEAP_OBSERVED_PARTIAL,All demand aggregated/Other sector,Other hydrocarbons,,,0,0,0,observed_zero_only,partial_observation_not_global_validity
LEAP_OBSERVED_PARTIAL,All demand aggregated/Other sector,Other liquid biofuels,,,0,0,0,observed_zero_only,partial_observation_not_global_validity
LEAP_OBSERVED_PARTIAL,All demand aggregated/Other sector,Other products,2022,2060,2,39,117,observed_data_valid,partial_observation_not_global_validity
LEAP_OBSERVED_PARTIAL,All demand aggregated/Other sector,Other recovered gases,2023,2031,1,8,15,observed_data_valid,partial_observation_not_global_validity
LEAP_OBSERVED_PARTIAL,All demand aggregated/Other sector,Other sources,,,0,0,0,observed_zero_only,partial_observation_not_global_validity
LEAP_OBSERVED_PARTIAL,All demand aggregated/Other sector,Paraffin waxes,,,0,0,0,observed_zero_only,partial_observation_not_global_validity
LEAP_OBSERVED_PARTIAL,All demand aggregated/Other sector,Patent fuel,2023,2031,1,8,15,observed_data_valid,partial_observation_not_global_validity
LEAP_OBSERVED_PARTIAL,All demand aggregated/Other sector,Petroleum coke,2022,2060,1,39,39,observed_data_valid,partial_observation_not_global_validity
LEAP_OBSERVED_PARTIAL,All demand aggregated/Other sector,Refinery feedstocks,,,0,0,0,observed_zero_only,partial_observation_not_global_validity
LEAP_OBSERVED_PARTIAL,All demand aggregated/Other sector,Refinery gas not liquefied,,,0,0,0,observed_zero_only,partial_observation_not_global_validity
LEAP_OBSERVED_PARTIAL,All demand aggregated/Other sector,Solar nonspecified,,,0,0,0,observed_zero_only,partial_observation_not_global_validity
LEAP_OBSERVED_PARTIAL,All demand aggregated/Other sector,Solar photovoltaics,,,0,0,0,observed_zero_only,partial_observation_not_global_validity
LEAP_OBSERVED_PARTIAL,All demand aggregated/Other sector,Sub bituminous coal,2022,2060,2,39,89,observed_data_valid,partial_observation_not_global_validity
LEAP_OBSERVED_PARTIAL,All demand aggregated/Other sector,White spirit SBP,,,0,0,0,observed_zero_only,partial_observation_not_global_validity
LEAP_OBSERVED_PARTIAL,All demand aggregated/Other sector,Wind,,,0,0,0,observed_zero_only,partial_observation_not_global_validity
LEAP_OBSERVED_PARTIAL,All demand aggregated/Road,AUTO BALANCE,,,0,0,0,observed_zero_only,partial_observation_not_global_validity
LEAP_OBSERVED_PARTIAL,All demand aggregated/Road,Additives and oxygenates,,,0,0,0,observed_zero_only,partial_observation_not_global_validity
LEAP_OBSERVED_PARTIAL,All demand aggregated/Road,Ammonia,,,0,0,0,observed_zero_only,partial_observation_not_global_validity
LEAP_OBSERVED_PARTIAL,All demand aggregated/Road,Anthracite,,,0,0,0,observed_zero_only,partial_observation_not_global_validity
LEAP_OBSERVED_PARTIAL,All demand aggregated/Road,Aviation gasoline,,,0,0,0,observed_zero_only,partial_observation_not_global_validity
LEAP_OBSERVED_PARTIAL,All demand aggregated/Road,BKB and PB,,,0,0,0,observed_zero_only,partial_observation_not_global_validity
LEAP_OBSERVED_PARTIAL,All demand aggregated/Road,Bagasse,,,0,0,0,observed_zero_only,partial_observation_not_global_validity
LEAP_OBSERVED_PARTIAL,All demand aggregated/Road,Bio jet kerosene,,,0,0,0,observed_zero_only,partial_observation_not_global_validity
LEAP_OBSERVED_PARTIAL,All demand aggregated/Road,Biodiesel,2022,2060,8,39,386,observed_data_valid,partial_observation_not_global_validity
LEAP_OBSERVED_PARTIAL,All demand aggregated/Road,Biogas,2023,2060,1,38,76,observed_data_valid,partial_observation_not_global_validity
LEAP_OBSERVED_PARTIAL,All demand aggregated/Road,Biogasoline,2022,2060,7,39,348,observed_data_valid,partial_observation_not_global_validity
LEAP_OBSERVED_PARTIAL,All demand aggregated/Road,Bitumen,,,0,0,0,observed_zero_only,partial_observation_not_global_validity
LEAP_OBSERVED_PARTIAL,All demand aggregated/Road,Black liquor,,,0,0,0,observed_zero_only,partial_observation_not_global_validity
LEAP_OBSERVED_PARTIAL,All demand aggregated/Road,Blast furnace gas,,,0,0,0,observed_zero_only,partial_observation_not_global_validity
LEAP_OBSERVED_PARTIAL,All demand aggregated/Road,Charcoal,,,0,0,0,observed_zero_only,partial_observation_not_global_validity
LEAP_OBSERVED_PARTIAL,All demand aggregated/Road,Coal tar,,,0,0,0,observed_zero_only,partial_observation_not_global_validity
LEAP_OBSERVED_PARTIAL,All demand aggregated/Road,Coke oven coke,,,0,0,0,observed_zero_only,partial_observation_not_global_validity
LEAP_OBSERVED_PARTIAL,All demand aggregated/Road,Coke oven gas,,,0,0,0,observed_zero_only,partial_observation_not_global_validity
LEAP_OBSERVED_PARTIAL,All demand aggregated/Road,Coking coal,,,0,0,0,observed_zero_only,partial_observation_not_global_validity
LEAP_OBSERVED_PARTIAL,All demand aggregated/Road,Crude oil,,,0,0,0,observed_zero_only,partial_observation_not_global_validity
LEAP_OBSERVED_PARTIAL,All demand aggregated/Road,Efuel,,,0,0,0,observed_zero_only,partial_observation_not_global_validity
LEAP_OBSERVED_PARTIAL,All demand aggregated/Road,Electricity,2022,2060,9,39,427,observed_data_valid,partial_observation_not_global_validity
LEAP_OBSERVED_PARTIAL,All demand aggregated/Road,Electricity for hydrogen,,,0,0,0,observed_zero_only,partial_observation_not_global_validity
LEAP_OBSERVED_PARTIAL,All demand aggregated/Road,Ethane,,,0,0,0,observed_zero_only,partial_observation_not_global_validity
LEAP_OBSERVED_PARTIAL,All demand aggregated/Road,Fuel oil,2022,2022,1,1,2,observed_data_valid,partial_observation_not_global_validity
LEAP_OBSERVED_PARTIAL,All demand aggregated/Road,Fuelwood and woodwaste,,,0,0,0,observed_zero_only,partial_observation_not_global_validity
LEAP_OBSERVED_PARTIAL,All demand aggregated/Road,Gas and diesel oil,2022,2060,9,39,418,observed_data_valid,partial_observation_not_global_validity
LEAP_OBSERVED_PARTIAL,All demand aggregated/Road,Gas nonspecified,,,0,0,0,observed_zero_only,partial_observation_not_global_validity
LEAP_OBSERVED_PARTIAL,All demand aggregated/Road,Gas works gas,2023,2060,1,38,76,observed_data_valid,partial_observation_not_global_validity
LEAP_OBSERVED_PARTIAL,All demand aggregated/Road,Gasoline type jet fuel,,,0,0,0,observed_zero_only,partial_observation_not_global_validity
LEAP_OBSERVED_PARTIAL,All demand aggregated/Road,Geothermal,,,0,0,0,observed_zero_only,partial_observation_not_global_validity
LEAP_OBSERVED_PARTIAL,All demand aggregated/Road,Heat,,,0,0,0,observed_zero_only,partial_observation_not_global_validity
LEAP_OBSERVED_PARTIAL,All demand aggregated/Road,Hydro,,,0,0,0,observed_zero_only,partial_observation_not_global_validity
LEAP_OBSERVED_PARTIAL,All demand aggregated/Road,Hydrogen,2023,2060,8,38,324,observed_data_valid,partial_observation_not_global_validity
LEAP_OBSERVED_PARTIAL,All demand aggregated/Road,Industrial waste,,,0,0,0,observed_zero_only,partial_observation_not_global_validity
LEAP_OBSERVED_PARTIAL,All demand aggregated/Road,Kerosene,,,0,0,0,observed_zero_only,partial_observation_not_global_validity
LEAP_OBSERVED_PARTIAL,All demand aggregated/Road,Kerosene type jet fuel,,,0,0,0,observed_zero_only,partial_observation_not_global_validity
LEAP_OBSERVED_PARTIAL,All demand aggregated/Road,LNG,2023,2060,1,38,76,observed_data_valid,partial_observation_not_global_validity
LEAP_OBSERVED_PARTIAL,All demand aggregated/Road,LPG,2022,2060,6,39,312,observed_data_valid,partial_observation_not_global_validity
LEAP_OBSERVED_PARTIAL,All demand aggregated/Road,Lignite,,,0,0,0,observed_zero_only,partial_observation_not_global_validity
LEAP_OBSERVED_PARTIAL,All demand aggregated/Road,Lubricants,,,0,0,0,observed_zero_only,partial_observation_not_global_validity
LEAP_OBSERVED_PARTIAL,All demand aggregated/Road,Motor gasoline,2022,2060,9,39,418,observed_data_valid,partial_observation_not_global_validity
LEAP_OBSERVED_PARTIAL,All demand aggregated/Road,Municipal solid waste non renewable,,,0,0,0,observed_zero_only,partial_observation_not_global_validity
LEAP_OBSERVED_PARTIAL,All demand aggregated/Road,Municipal solid waste renewable,,,0,0,0,observed_zero_only,partial_observation_not_global_validity
LEAP_OBSERVED_PARTIAL,All demand aggregated/Road,Naphtha,,,0,0,0,observed_zero_only,partial_observation_not_global_validity
LEAP_OBSERVED_PARTIAL,All demand aggregated/Road,Natural gas,2022,2060,6,39,312,observed_data_valid,partial_observation_not_global_validity
LEAP_OBSERVED_PARTIAL,All demand aggregated/Road,Natural gas liquids,,,0,0,0,observed_zero_only,partial_observation_not_global_validity
LEAP_OBSERVED_PARTIAL,All demand aggregated/Road,Nuclear,,,0,0,0,observed_zero_only,partial_observation_not_global_validity
LEAP_OBSERVED_PARTIAL,All demand aggregated/Road,Other biomass,,,0,0,0,observed_zero_only,partial_observation_not_global_validity
LEAP_OBSERVED_PARTIAL,All demand aggregated/Road,Other bituminous coal,,,0,0,0,observed_zero_only,partial_observation_not_global_validity
LEAP_OBSERVED_PARTIAL,All demand aggregated/Road,Other hydrocarbons,,,0,0,0,observed_zero_only,partial_observation_not_global_validity
LEAP_OBSERVED_PARTIAL,All demand aggregated/Road,Other liquid biofuels,,,0,0,0,observed_zero_only,partial_observation_not_global_validity
LEAP_OBSERVED_PARTIAL,All demand aggregated/Road,Other products,,,0,0,0,observed_zero_only,partial_observation_not_global_validity
LEAP_OBSERVED_PARTIAL,All demand aggregated/Road,Other recovered gases,,,0,0,0,observed_zero_only,partial_observation_not_global_validity
LEAP_OBSERVED_PARTIAL,All demand aggregated/Road,Other sources,,,0,0,0,observed_zero_only,partial_observation_not_global_validity
LEAP_OBSERVED_PARTIAL,All demand aggregated/Road,Paraffin waxes,,,0,0,0,observed_zero_only,partial_observation_not_global_validity
LEAP_OBSERVED_PARTIAL,All demand aggregated/Road,Patent fuel,,,0,0,0,observed_zero_only,partial_observation_not_global_validity
LEAP_OBSERVED_PARTIAL,All demand aggregated/Road,Petroleum coke,,,0,0,0,observed_zero_only,partial_observation_not_global_validity
LEAP_OBSERVED_PARTIAL,All demand aggregated/Road,Refinery feedstocks,,,0,0,0,observed_zero_only,partial_observation_not_global_validity
LEAP_OBSERVED_PARTIAL,All demand aggregated/Road,Refinery gas not liquefied,,,0,0,0,observed_zero_only,partial_observation_not_global_validity
LEAP_OBSERVED_PARTIAL,All demand aggregated/Road,Solar nonspecified,,,0,0,0,observed_zero_only,partial_observation_not_global_validity
LEAP_OBSERVED_PARTIAL,All demand aggregated/Road,Solar photovoltaics,,,0,0,0,observed_zero_only,partial_observation_not_global_validity
LEAP_OBSERVED_PARTIAL,All demand aggregated/Road,Sub bituminous coal,,,0,0,0,observed_zero_only,partial_observation_not_global_validity
LEAP_OBSERVED_PARTIAL,All demand aggregated/Road,White spirit SBP,,,0,0,0,observed_zero_only,partial_observation_not_global_validity
LEAP_OBSERVED_PARTIAL,All demand aggregated/Road,Wind,,,0,0,0,observed_zero_only,partial_observation_not_global_validity
LEAP_OBSERVED_PARTIAL,All demand aggregated/Transport non road,AUTO BALANCE,,,0,0,0,observed_zero_only,partial_observation_not_global_validity
LEAP_OBSERVED_PARTIAL,All demand aggregated/Transport non road,Additives and oxygenates,,,0,0,0,observed_zero_only,partial_observation_not_global_validity
LEAP_OBSERVED_PARTIAL,All demand aggregated/Transport non road,Ammonia,2023,2060,5,38,256,observed_data_valid,partial_observation_not_global_validity
LEAP_OBSERVED_PARTIAL,All demand aggregated/Transport non road,Anthracite,,,0,0,0,observed_zero_only,partial_observation_not_global_validity
LEAP_OBSERVED_PARTIAL,All demand aggregated/Transport non road,Aviation gasoline,2022,2060,4,39,234,observed_data_valid,partial_observation_not_global_validity
LEAP_OBSERVED_PARTIAL,All demand aggregated/Transport non road,BKB and PB,,,0,0,0,observed_zero_only,partial_observation_not_global_validity
LEAP_OBSERVED_PARTIAL,All demand aggregated/Transport non road,Bagasse,,,0,0,0,observed_zero_only,partial_observation_not_global_validity
LEAP_OBSERVED_PARTIAL,All demand aggregated/Transport non road,Bio jet kerosene,2023,2060,8,38,371,observed_data_valid,partial_observation_not_global_validity
LEAP_OBSERVED_PARTIAL,All demand aggregated/Transport non road,Biodiesel,2022,2060,7,39,380,observed_data_valid,partial_observation_not_global_validity
LEAP_OBSERVED_PARTIAL,All demand aggregated/Transport non road,Biogas,,,0,0,0,observed_zero_only,partial_observation_not_global_validity
LEAP_OBSERVED_PARTIAL,All demand aggregated/Transport non road,Biogasoline,2023,2060,4,38,266,observed_data_valid,partial_observation_not_global_validity
LEAP_OBSERVED_PARTIAL,All demand aggregated/Transport non road,Bitumen,,,0,0,0,observed_zero_only,partial_observation_not_global_validity
LEAP_OBSERVED_PARTIAL,All demand aggregated/Transport non road,Black liquor,,,0,0,0,observed_zero_only,partial_observation_not_global_validity
LEAP_OBSERVED_PARTIAL,All demand aggregated/Transport non road,Blast furnace gas,,,0,0,0,observed_zero_only,partial_observation_not_global_validity
LEAP_OBSERVED_PARTIAL,All demand aggregated/Transport non road,Charcoal,,,0,0,0,observed_zero_only,partial_observation_not_global_validity
LEAP_OBSERVED_PARTIAL,All demand aggregated/Transport non road,Coal tar,,,0,0,0,observed_zero_only,partial_observation_not_global_validity
LEAP_OBSERVED_PARTIAL,All demand aggregated/Transport non road,Coke oven coke,2022,2022,1,1,2,observed_data_valid,partial_observation_not_global_validity
LEAP_OBSERVED_PARTIAL,All demand aggregated/Transport non road,Coke oven gas,,,0,0,0,observed_zero_only,partial_observation_not_global_validity
LEAP_OBSERVED_PARTIAL,All demand aggregated/Transport non road,Coking coal,,,0,0,0,observed_zero_only,partial_observation_not_global_validity
LEAP_OBSERVED_PARTIAL,All demand aggregated/Transport non road,Crude oil,,,0,0,0,observed_zero_only,partial_observation_not_global_validity
LEAP_OBSERVED_PARTIAL,All demand aggregated/Transport non road,Efuel,2031,2060,5,30,200,observed_data_valid,partial_observation_not_global_validity
LEAP_OBSERVED_PARTIAL,All demand aggregated/Transport non road,Electricity,2022,2060,8,39,429,observed_data_valid,partial_observation_not_global_validity
LEAP_OBSERVED_PARTIAL,All demand aggregated/Transport non road,Electricity for hydrogen,,,0,0,0,observed_zero_only,partial_observation_not_global_validity
LEAP_OBSERVED_PARTIAL,All demand aggregated/Transport non road,Ethane,,,0,0,0,observed_zero_only,partial_observation_not_global_validity
LEAP_OBSERVED_PARTIAL,All demand aggregated/Transport non road,Fuel oil,2022,2060,7,39,379,observed_data_valid,partial_observation_not_global_validity
LEAP_OBSERVED_PARTIAL,All demand aggregated/Transport non road,Fuelwood and woodwaste,,,0,0,0,observed_zero_only,partial_observation_not_global_validity
LEAP_OBSERVED_PARTIAL,All demand aggregated/Transport non road,Gas and diesel oil,2022,2060,7,39,379,observed_data_valid,partial_observation_not_global_validity
LEAP_OBSERVED_PARTIAL,All demand aggregated/Transport non road,Gas nonspecified,,,0,0,0,observed_zero_only,partial_observation_not_global_validity
LEAP_OBSERVED_PARTIAL,All demand aggregated/Transport non road,Gas works gas,,,0,0,0,observed_zero_only,partial_observation_not_global_validity
LEAP_OBSERVED_PARTIAL,All demand aggregated/Transport non road,Gasoline type jet fuel,,,0,0,0,observed_zero_only,partial_observation_not_global_validity
LEAP_OBSERVED_PARTIAL,All demand aggregated/Transport non road,Geothermal,,,0,0,0,observed_zero_only,partial_observation_not_global_validity
LEAP_OBSERVED_PARTIAL,All demand aggregated/Transport non road,Heat,,,0,0,0,observed_zero_only,partial_observation_not_global_validity
LEAP_OBSERVED_PARTIAL,All demand aggregated/Transport non road,Hydro,,,0,0,0,observed_zero_only,partial_observation_not_global_validity
LEAP_OBSERVED_PARTIAL,All demand aggregated/Transport non road,Hydrogen,2023,2060,3,38,114,observed_data_valid,partial_observation_not_global_validity
LEAP_OBSERVED_PARTIAL,All demand aggregated/Transport non road,Industrial waste,,,0,0,0,observed_zero_only,partial_observation_not_global_validity
LEAP_OBSERVED_PARTIAL,All demand aggregated/Transport non road,Kerosene,,,0,0,0,observed_zero_only,partial_observation_not_global_validity
LEAP_OBSERVED_PARTIAL,All demand aggregated/Transport non road,Kerosene type jet fuel,2022,2060,9,39,457,observed_data_valid,partial_observation_not_global_validity
LEAP_OBSERVED_PARTIAL,All demand aggregated/Transport non road,LNG,2023,2060,2,38,152,observed_data_valid,partial_observation_not_global_validity
LEAP_OBSERVED_PARTIAL,All demand aggregated/Transport non road,LPG,2022,2060,1,39,78,observed_data_valid,partial_observation_not_global_validity
LEAP_OBSERVED_PARTIAL,All demand aggregated/Transport non road,Lignite,,,0,0,0,observed_zero_only,partial_observation_not_global_validity
LEAP_OBSERVED_PARTIAL,All demand aggregated/Transport non road,Lubricants,,,0,0,0,observed_zero_only,partial_observation_not_global_validity
LEAP_OBSERVED_PARTIAL,All demand aggregated/Transport non road,Motor gasoline,2022,2060,4,39,273,observed_data_valid,partial_observation_not_global_validity
LEAP_OBSERVED_PARTIAL,All demand aggregated/Transport non road,Municipal solid waste non renewable,,,0,0,0,observed_zero_only,partial_observation_not_global_validity
LEAP_OBSERVED_PARTIAL,All demand aggregated/Transport non road,Municipal solid waste renewable,,,0,0,0,observed_zero_only,partial_observation_not_global_validity
LEAP_OBSERVED_PARTIAL,All demand aggregated/Transport non road,Naphtha,,,0,0,0,observed_zero_only,partial_observation_not_global_validity
LEAP_OBSERVED_PARTIAL,All demand aggregated/Transport non road,Natural gas,2022,2060,2,39,156,observed_data_valid,partial_observation_not_global_validity
LEAP_OBSERVED_PARTIAL,All demand aggregated/Transport non road,Natural gas liquids,,,0,0,0,observed_zero_only,partial_observation_not_global_validity
LEAP_OBSERVED_PARTIAL,All demand aggregated/Transport non road,Nuclear,,,0,0,0,observed_zero_only,partial_observation_not_global_validity
LEAP_OBSERVED_PARTIAL,All demand aggregated/Transport non road,Other biomass,,,0,0,0,observed_zero_only,partial_observation_not_global_validity
LEAP_OBSERVED_PARTIAL,All demand aggregated/Transport non road,Other bituminous coal,2022,2060,1,39,78,observed_data_valid,partial_observation_not_global_validity
LEAP_OBSERVED_PARTIAL,All demand aggregated/Transport non road,Other hydrocarbons,,,0,0,0,observed_zero_only,partial_observation_not_global_validity
LEAP_OBSERVED_PARTIAL,All demand aggregated/Transport non road,Other liquid biofuels,,,0,0,0,observed_zero_only,partial_observation_not_global_validity
LEAP_OBSERVED_PARTIAL,All demand aggregated/Transport non road,Other products,2022,2060,1,39,78,observed_data_valid,partial_observation_not_global_validity
LEAP_OBSERVED_PARTIAL,All demand aggregated/Transport non road,Other recovered gases,,,0,0,0,observed_zero_only,partial_observation_not_global_validity
LEAP_OBSERVED_PARTIAL,All demand aggregated/Transport non road,Other sources,,,0,0,0,observed_zero_only,partial_observation_not_global_validity
LEAP_OBSERVED_PARTIAL,All demand aggregated/Transport non road,Paraffin waxes,,,0,0,0,observed_zero_only,partial_observation_not_global_validity
LEAP_OBSERVED_PARTIAL,All demand aggregated/Transport non road,Patent fuel,,,0,0,0,observed_zero_only,partial_observation_not_global_validity
LEAP_OBSERVED_PARTIAL,All demand aggregated/Transport non road,Petroleum coke,,,0,0,0,observed_zero_only,partial_observation_not_global_validity
LEAP_OBSERVED_PARTIAL,All demand aggregated/Transport non road,Refinery feedstocks,,,0,0,0,observed_zero_only,partial_observation_not_global_validity
LEAP_OBSERVED_PARTIAL,All demand aggregated/Transport non road,Refinery gas not liquefied,,,0,0,0,observed_zero_only,partial_observation_not_global_validity
LEAP_OBSERVED_PARTIAL,All demand aggregated/Transport non road,Solar nonspecified,,,0,0,0,observed_zero_only,partial_observation_not_global_validity
LEAP_OBSERVED_PARTIAL,All demand aggregated/Transport non road,Solar photovoltaics,,,0,0,0,observed_zero_only,partial_observation_not_global_validity
LEAP_OBSERVED_PARTIAL,All demand aggregated/Transport non road,Sub bituminous coal,,,0,0,0,observed_zero_only,partial_observation_not_global_validity
LEAP_OBSERVED_PARTIAL,All demand aggregated/Transport non road,White spirit SBP,,,0,0,0,observed_zero_only,partial_observation_not_global_validity
LEAP_OBSERVED_PARTIAL,All demand aggregated/Transport non road,Wind,,,0,0,0,observed_zero_only,partial_observation_not_global_validity
LEAP_OBSERVED_PARTIAL,BKB and PB plants,AUTO BALANCE,,,0,0,0,observed_zero_only,partial_observation_not_global_validity
LEAP_OBSERVED_PARTIAL,BKB and PB plants,Additives and oxygenates,,,0,0,0,observed_zero_only,partial_observation_not_global_validity
LEAP_OBSERVED_PARTIAL,BKB and PB plants,Ammonia,,,0,0,0,observed_zero_only,partial_observation_not_global_validity
LEAP_OBSERVED_PARTIAL,BKB and PB plants,Anthracite,,,0,0,0,observed_zero_only,partial_observation_not_global_validity
LEAP_OBSERVED_PARTIAL,BKB and PB plants,Aviation gasoline,,,0,0,0,observed_zero_only,partial_observation_not_global_validity
LEAP_OBSERVED_PARTIAL,BKB and PB plants,BKB and PB,2022,2060,1,39,78,observed_data_valid,partial_observation_not_global_validity
LEAP_OBSERVED_PARTIAL,BKB and PB plants,Bagasse,,,0,0,0,observed_zero_only,partial_observation_not_global_validity
LEAP_OBSERVED_PARTIAL,BKB and PB plants,Bio jet kerosene,,,0,0,0,observed_zero_only,partial_observation_not_global_validity
LEAP_OBSERVED_PARTIAL,BKB and PB plants,Biodiesel,,,0,0,0,observed_zero_only,partial_observation_not_global_validity
LEAP_OBSERVED_PARTIAL,BKB and PB plants,Biogas,,,0,0,0,observed_zero_only,partial_observation_not_global_validity
LEAP_OBSERVED_PARTIAL,BKB and PB plants,Biogasoline,,,0,0,0,observed_zero_only,partial_observation_not_global_validity
LEAP_OBSERVED_PARTIAL,BKB and PB plants,Bitumen,,,0,0,0,observed_zero_only,partial_observation_not_global_validity
LEAP_OBSERVED_PARTIAL,BKB and PB plants,Black liquor,,,0,0,0,observed_zero_only,partial_observation_not_global_validity
LEAP_OBSERVED_PARTIAL,BKB and PB plants,Blast furnace gas,,,0,0,0,observed_zero_only,partial_observation_not_global_validity
LEAP_OBSERVED_PARTIAL,BKB and PB plants,Charcoal,,,0,0,0,observed_zero_only,partial_observation_not_global_validity
LEAP_OBSERVED_PARTIAL,BKB and PB plants,Coal tar,,,0,0,0,observed_zero_only,partial_observation_not_global_validity
LEAP_OBSERVED_PARTIAL,BKB and PB plants,Coke oven coke,,,0,0,0,observed_zero_only,partial_observation_not_global_validity
LEAP_OBSERVED_PARTIAL,BKB and PB plants,Coke oven gas,,,0,0,0,observed_zero_only,partial_observation_not_global_validity
LEAP_OBSERVED_PARTIAL,BKB and PB plants,Coking coal,,,0,0,0,observed_zero_only,partial_observation_not_global_validity
LEAP_OBSERVED_PARTIAL,BKB and PB plants,Crude oil,,,0,0,0,observed_zero_only,partial_observation_not_global_validity
LEAP_OBSERVED_PARTIAL,BKB and PB plants,Efuel,,,0,0,0,observed_zero_only,partial_observation_not_global_validity
LEAP_OBSERVED_PARTIAL,BKB and PB plants,Electricity,,,0,0,0,observed_zero_only,partial_observation_not_global_validity
LEAP_OBSERVED_PARTIAL,BKB and PB plants,Electricity for hydrogen,,,0,0,0,observed_zero_only,partial_observation_not_global_validity
LEAP_OBSERVED_PARTIAL,BKB and PB plants,Ethane,,,0,0,0,observed_zero_only,partial_observation_not_global_validity
LEAP_OBSERVED_PARTIAL,BKB and PB plants,Fuel oil,,,0,0,0,observed_zero_only,partial_observation_not_global_validity
LEAP_OBSERVED_PARTIAL,BKB and PB plants,Fuelwood and woodwaste,,,0,0,0,observed_zero_only,partial_observation_not_global_validity
LEAP_OBSERVED_PARTIAL,BKB and PB plants,Gas and diesel oil,,,0,0,0,observed_zero_only,partial_observation_not_global_validity
LEAP_OBSERVED_PARTIAL,BKB and PB plants,Gas nonspecified,,,0,0,0,observed_zero_only,partial_observation_not_global_validity
LEAP_OBSERVED_PARTIAL,BKB and PB plants,Gas works gas,,,0,0,0,observed_zero_only,partial_observation_not_global_validity
LEAP_OBSERVED_PARTIAL,BKB and PB plants,Gasoline type jet fuel,,,0,0,0,observed_zero_only,partial_observation_not_global_validity
LEAP_OBSERVED_PARTIAL,BKB and PB plants,Geothermal,,,0,0,0,observed_zero_only,partial_observation_not_global_validity
LEAP_OBSERVED_PARTIAL,BKB and PB plants,Heat,,,0,0,0,observed_zero_only,partial_observation_not_global_validity
LEAP_OBSERVED_PARTIAL,BKB and PB plants,Hydro,,,0,0,0,observed_zero_only,partial_observation_not_global_validity
LEAP_OBSERVED_PARTIAL,BKB and PB plants,Hydrogen,,,0,0,0,observed_zero_only,partial_observation_not_global_validity
LEAP_OBSERVED_PARTIAL,BKB and PB plants,Industrial waste,,,0,0,0,observed_zero_only,partial_observation_not_global_validity
LEAP_OBSERVED_PARTIAL,BKB and PB plants,Kerosene,,,0,0,0,observed_zero_only,partial_observation_not_global_validity
LEAP_OBSERVED_PARTIAL,BKB and PB plants,Kerosene type jet fuel,,,0,0,0,observed_zero_only,partial_observation_not_global_validity
LEAP_OBSERVED_PARTIAL,BKB and PB plants,LNG,,,0,0,0,observed_zero_only,partial_observation_not_global_validity
LEAP_OBSERVED_PARTIAL,BKB and PB plants,LPG,,,0,0,0,observed_zero_only,partial_observation_not_global_validity
LEAP_OBSERVED_PARTIAL,BKB and PB plants,Lignite,,,0,0,0,observed_zero_only,partial_observation_not_global_validity
LEAP_OBSERVED_PARTIAL,BKB and PB plants,Lubricants,,,0,0,0,observed_zero_only,partial_observation_not_global_validity
LEAP_OBSERVED_PARTIAL,BKB and PB plants,Motor gasoline,,,0,0,0,observed_zero_only,partial_observation_not_global_validity
LEAP_OBSERVED_PARTIAL,BKB and PB plants,Municipal solid waste non renewable,,,0,0,0,observed_zero_only,partial_observation_not_global_validity
LEAP_OBSERVED_PARTIAL,BKB and PB plants,Municipal solid waste renewable,,,0,0,0,observed_zero_only,partial_observation_not_global_validity
LEAP_OBSERVED_PARTIAL,BKB and PB plants,Naphtha,,,0,0,0,observed_zero_only,partial_observation_not_global_validity
LEAP_OBSERVED_PARTIAL,BKB and PB plants,Natural gas,,,0,0,0,observed_zero_only,partial_observation_not_global_validity
LEAP_OBSERVED_PARTIAL,BKB and PB plants,Natural gas liquids,,,0,0,0,observed_zero_only,partial_observation_not_global_validity
LEAP_OBSERVED_PARTIAL,BKB and PB plants,Nuclear,,,0,0,0,observed_zero_only,partial_observation_not_global_validity
LEAP_OBSERVED_PARTIAL,BKB and PB plants,Other biomass,,,0,0,0,observed_zero_only,partial_observation_not_global_validity
LEAP_OBSERVED_PARTIAL,BKB and PB plants,Other bituminous coal,2022,2060,1,39,78,observed_data_valid,partial_observation_not_global_validity
LEAP_OBSERVED_PARTIAL,BKB and PB plants,Other hydrocarbons,,,0,0,0,observed_zero_only,partial_observation_not_global_validity
LEAP_OBSERVED_PARTIAL,BKB and PB plants,Other liquid biofuels,,,0,0,0,observed_zero_only,partial_observation_not_global_validity
LEAP_OBSERVED_PARTIAL,BKB and PB plants,Other products,,,0,0,0,observed_zero_only,partial_observation_not_global_validity
LEAP_OBSERVED_PARTIAL,BKB and PB plants,Other recovered gases,,,0,0,0,observed_zero_only,partial_observation_not_global_validity
LEAP_OBSERVED_PARTIAL,BKB and PB plants,Other sources,,,0,0,0,observed_zero_only,partial_observation_not_global_validity
LEAP_OBSERVED_PARTIAL,BKB and PB plants,Paraffin waxes,,,0,0,0,observed_zero_only,partial_observation_not_global_validity
LEAP_OBSERVED_PARTIAL,BKB and PB plants,Patent fuel,,,0,0,0,observed_zero_only,partial_observation_not_global_validity
LEAP_OBSERVED_PARTIAL,BKB and PB plants,Petroleum coke,,,0,0,0,observed_zero_only,partial_observation_not_global_validity
LEAP_OBSERVED_PARTIAL,BKB and PB plants,Refinery feedstocks,,,0,0,0,observed_zero_only,partial_observation_not_global_validity
LEAP_OBSERVED_PARTIAL,BKB and PB plants,Refinery gas not liquefied,,,0,0,0,observed_zero_only,partial_observation_not_global_validity
LEAP_OBSERVED_PARTIAL,BKB and PB plants,Solar nonspecified,,,0,0,0,observed_zero_only,partial_observation_not_global_validity
LEAP_OBSERVED_PARTIAL,BKB and PB plants,Solar photovoltaics,,,0,0,0,observed_zero_only,partial_observation_not_global_validity
LEAP_OBSERVED_PARTIAL,BKB and PB plants,Sub bituminous coal,,,0,0,0,observed_zero_only,partial_observation_not_global_validity
LEAP_OBSERVED_PARTIAL,BKB and PB plants,White spirit SBP,,,0,0,0,observed_zero_only,partial_observation_not_global_validity
LEAP_OBSERVED_PARTIAL,BKB and PB plants,Wind,,,0,0,0,observed_zero_only,partial_observation_not_global_validity
LEAP_OBSERVED_PARTIAL,BKB and PB plants/BKB and PB plants,AUTO BALANCE,,,0,0,0,observed_zero_only,partial_observation_not_global_validity
LEAP_OBSERVED_PARTIAL,BKB and PB plants/BKB and PB plants,Additives and oxygenates,,,0,0,0,observed_zero_only,partial_observation_not_global_validity
LEAP_OBSERVED_PARTIAL,BKB and PB plants/BKB and PB plants,Ammonia,,,0,0,0,observed_zero_only,partial_observation_not_global_validity
LEAP_OBSERVED_PARTIAL,BKB and PB plants/BKB and PB plants,Anthracite,,,0,0,0,observed_zero_only,partial_observation_not_global_validity
LEAP_OBSERVED_PARTIAL,BKB and PB plants/BKB and PB plants,Aviation gasoline,,,0,0,0,observed_zero_only,partial_observation_not_global_validity
LEAP_OBSERVED_PARTIAL,BKB and PB plants/BKB and PB plants,BKB and PB,2022,2060,1,39,78,observed_data_valid,partial_observation_not_global_validity
LEAP_OBSERVED_PARTIAL,BKB and PB plants/BKB and PB plants,Bagasse,,,0,0,0,observed_zero_only,partial_observation_not_global_validity
LEAP_OBSERVED_PARTIAL,BKB and PB plants/BKB and PB plants,Bio jet kerosene,,,0,0,0,observed_zero_only,partial_observation_not_global_validity
LEAP_OBSERVED_PARTIAL,BKB and PB plants/BKB and PB plants,Biodiesel,,,0,0,0,observed_zero_only,partial_observation_not_global_validity
LEAP_OBSERVED_PARTIAL,BKB and PB plants/BKB and PB plants,Biogas,,,0,0,0,observed_zero_only,partial_observation_not_global_validity
LEAP_OBSERVED_PARTIAL,BKB and PB plants/BKB and PB plants,Biogasoline,,,0,0,0,observed_zero_only,partial_observation_not_global_validity
LEAP_OBSERVED_PARTIAL,BKB and PB plants/BKB and PB plants,Bitumen,,,0,0,0,observed_zero_only,partial_observation_not_global_validity
LEAP_OBSERVED_PARTIAL,BKB and PB plants/BKB and PB plants,Black liquor,,,0,0,0,observed_zero_only,partial_observation_not_global_validity
LEAP_OBSERVED_PARTIAL,BKB and PB plants/BKB and PB plants,Blast furnace gas,,,0,0,0,observed_zero_only,partial_observation_not_global_validity
LEAP_OBSERVED_PARTIAL,BKB and PB plants/BKB and PB plants,Charcoal,,,0,0,0,observed_zero_only,partial_observation_not_global_validity
LEAP_OBSERVED_PARTIAL,BKB and PB plants/BKB and PB plants,Coal tar,,,0,0,0,observed_zero_only,partial_observation_not_global_validity
LEAP_OBSERVED_PARTIAL,BKB and PB plants/BKB and PB plants,Coke oven coke,,,0,0,0,observed_zero_only,partial_observation_not_global_validity
LEAP_OBSERVED_PARTIAL,BKB and PB plants/BKB and PB plants,Coke oven gas,,,0,0,0,observed_zero_only,partial_observation_not_global_validity
LEAP_OBSERVED_PARTIAL,BKB and PB plants/BKB and PB plants,Coking coal,,,0,0,0,observed_zero_only,partial_observation_not_global_validity
LEAP_OBSERVED_PARTIAL,BKB and PB plants/BKB and PB plants,Crude oil,,,0,0,0,observed_zero_only,partial_observation_not_global_validity
LEAP_OBSERVED_PARTIAL,BKB and PB plants/BKB and PB plants,Efuel,,,0,0,0,observed_zero_only,partial_observation_not_global_validity
LEAP_OBSERVED_PARTIAL,BKB and PB plants/BKB and PB plants,Electricity,,,0,0,0,observed_zero_only,partial_observation_not_global_validity
LEAP_OBSERVED_PARTIAL,BKB and PB plants/BKB and PB plants,Electricity for hydrogen,,,0,0,0,observed_zero_only,partial_observation_not_global_validity
LEAP_OBSERVED_PARTIAL,BKB and PB plants/BKB and PB plants,Ethane,,,0,0,0,observed_zero_only,partial_observation_not_global_validity
LEAP_OBSERVED_PARTIAL,BKB and PB plants/BKB and PB plants,Fuel oil,,,0,0,0,observed_zero_only,partial_observation_not_global_validity
LEAP_OBSERVED_PARTIAL,BKB and PB plants/BKB and PB plants,Fuelwood and woodwaste,,,0,0,0,observed_zero_only,partial_observation_not_global_validity
LEAP_OBSERVED_PARTIAL,BKB and PB plants/BKB and PB plants,Gas and diesel oil,,,0,0,0,observed_zero_only,partial_observation_not_global_validity
LEAP_OBSERVED_PARTIAL,BKB and PB plants/BKB and PB plants,Gas nonspecified,,,0,0,0,observed_zero_only,partial_observation_not_global_validity
LEAP_OBSERVED_PARTIAL,BKB and PB plants/BKB and PB plants,Gas works gas,,,0,0,0,observed_zero_only,partial_observation_not_global_validity
LEAP_OBSERVED_PARTIAL,BKB and PB plants/BKB and PB plants,Gasoline type jet fuel,,,0,0,0,observed_zero_only,partial_observation_not_global_validity
LEAP_OBSERVED_PARTIAL,BKB and PB plants/BKB and PB plants,Geothermal,,,0,0,0,observed_zero_only,partial_observation_not_global_validity
LEAP_OBSERVED_PARTIAL,BKB and PB plants/BKB and PB plants,Heat,,,0,0,0,observed_zero_only,partial_observation_not_global_validity
LEAP_OBSERVED_PARTIAL,BKB and PB plants/BKB and PB plants,Hydro,,,0,0,0,observed_zero_only,partial_observation_not_global_validity
LEAP_OBSERVED_PARTIAL,BKB and PB plants/BKB and PB plants,Hydrogen,,,0,0,0,observed_zero_only,partial_observation_not_global_validity
LEAP_OBSERVED_PARTIAL,BKB and PB plants/BKB and PB plants,Industrial waste,,,0,0,0,observed_zero_only,partial_observation_not_global_validity
LEAP_OBSERVED_PARTIAL,BKB and PB plants/BKB and PB plants,Kerosene,,,0,0,0,observed_zero_only,partial_observation_not_global_validity
LEAP_OBSERVED_PARTIAL,BKB and PB plants/BKB and PB plants,Kerosene type jet fuel,,,0,0,0,observed_zero_only,partial_observation_not_global_validity
LEAP_OBSERVED_PARTIAL,BKB and PB plants/BKB and PB plants,LNG,,,0,0,0,observed_zero_only,partial_observation_not_global_validity
LEAP_OBSERVED_PARTIAL,BKB and PB plants/BKB and PB plants,LPG,,,0,0,0,observed_zero_only,partial_observation_not_global_validity
LEAP_OBSERVED_PARTIAL,BKB and PB plants/BKB and PB plants,Lignite,,,0,0,0,observed_zero_only,partial_observation_not_global_validity
LEAP_OBSERVED_PARTIAL,BKB and PB plants/BKB and PB plants,Lubricants,,,0,0,0,observed_zero_only,partial_observation_not_global_validity
LEAP_OBSERVED_PARTIAL,BKB and PB plants/BKB and PB plants,Motor gasoline,,,0,0,0,observed_zero_only,partial_observation_not_global_validity
LEAP_OBSERVED_PARTIAL,BKB and PB plants/BKB and PB plants,Municipal solid waste non renewable,,,0,0,0,observed_zero_only,partial_observation_not_global_validity
LEAP_OBSERVED_PARTIAL,BKB and PB plants/BKB and PB plants,Municipal solid waste renewable,,,0,0,0,observed_zero_only,partial_observation_not_global_validity
LEAP_OBSERVED_PARTIAL,BKB and PB plants/BKB and PB plants,Naphtha,,,0,0,0,observed_zero_only,partial_observation_not_global_validity
LEAP_OBSERVED_PARTIAL,BKB and PB plants/BKB and PB plants,Natural gas,,,0,0,0,observed_zero_only,partial_observation_not_global_validity
LEAP_OBSERVED_PARTIAL,BKB and PB plants/BKB and PB plants,Natural gas liquids,,,0,0,0,observed_zero_only,partial_observation_not_global_validity
LEAP_OBSERVED_PARTIAL,BKB and PB plants/BKB and PB plants,Nuclear,,,0,0,0,observed_zero_only,partial_observation_not_global_validity
LEAP_OBSERVED_PARTIAL,BKB and PB plants/BKB and PB plants,Other biomass,,,0,0,0,observed_zero_only,partial_observation_not_global_validity
LEAP_OBSERVED_PARTIAL,BKB and PB plants/BKB and PB plants,Other bituminous coal,2022,2060,1,39,78,observed_data_valid,partial_observation_not_global_validity
LEAP_OBSERVED_PARTIAL,BKB and PB plants/BKB and PB plants,Other hydrocarbons,,,0,0,0,observed_zero_only,partial_observation_not_global_validity
LEAP_OBSERVED_PARTIAL,BKB and PB plants/BKB and PB plants,Other liquid biofuels,,,0,0,0,observed_zero_only,partial_observation_not_global_validity
LEAP_OBSERVED_PARTIAL,BKB and PB plants/BKB and PB plants,Other products,,,0,0,0,observed_zero_only,partial_observation_not_global_validity
LEAP_OBSERVED_PARTIAL,BKB and PB plants/BKB and PB plants,Other recovered gases,,,0,0,0,observed_zero_only,partial_observation_not_global_validity
LEAP_OBSERVED_PARTIAL,BKB and PB plants/BKB and PB plants,Other sources,,,0,0,0,observed_zero_only,partial_observation_not_global_validity
LEAP_OBSERVED_PARTIAL,BKB and PB plants/BKB and PB plants,Paraffin waxes,,,0,0,0,observed_zero_only,partial_observation_not_global_validity
LEAP_OBSERVED_PARTIAL,BKB and PB plants/BKB and PB plants,Patent fuel,,,0,0,0,observed_zero_only,partial_observation_not_global_validity
LEAP_OBSERVED_PARTIAL,BKB and PB plants/BKB and PB plants,Petroleum coke,,,0,0,0,observed_zero_only,partial_observation_not_global_validity
LEAP_OBSERVED_PARTIAL,BKB and PB plants/BKB and PB plants,Refinery feedstocks,,,0,0,0,observed_zero_only,partial_observation_not_global_validity
LEAP_OBSERVED_PARTIAL,BKB and PB plants/BKB and PB plants,Refinery gas not liquefied,,,0,0,0,observed_zero_only,partial_observation_not_global_validity
LEAP_OBSERVED_PARTIAL,BKB and PB plants/BKB and PB plants,Solar nonspecified,,,0,0,0,observed_zero_only,partial_observation_not_global_validity
LEAP_OBSERVED_PARTIAL,BKB and PB plants/BKB and PB plants,Solar photovoltaics,,,0,0,0,observed_zero_only,partial_observation_not_global_validity
LEAP_OBSERVED_PARTIAL,BKB and PB plants/BKB and PB plants,Sub bituminous coal,,,0,0,0,observed_zero_only,partial_observation_not_global_validity
LEAP_OBSERVED_PARTIAL,BKB and PB plants/BKB and PB plants,White spirit SBP,,,0,0,0,observed_zero_only,partial_observation_not_global_validity
LEAP_OBSERVED_PARTIAL,BKB and PB plants/BKB and PB plants,Wind,,,0,0,0,observed_zero_only,partial_observation_not_global_validity
LEAP_OBSERVED_PARTIAL,Blast furnaces,AUTO BALANCE,,,0,0,0,observed_zero_only,partial_observation_not_global_validity
LEAP_OBSERVED_PARTIAL,Blast furnaces,Additives and oxygenates,,,0,0,0,observed_zero_only,partial_observation_not_global_validity
LEAP_OBSERVED_PARTIAL,Blast furnaces,Ammonia,,,0,0,0,observed_zero_only,partial_observation_not_global_validity
LEAP_OBSERVED_PARTIAL,Blast furnaces,Anthracite,,,0,0,0,observed_zero_only,partial_observation_not_global_validity
LEAP_OBSERVED_PARTIAL,Blast furnaces,Aviation gasoline,,,0,0,0,observed_zero_only,partial_observation_not_global_validity
LEAP_OBSERVED_PARTIAL,Blast furnaces,BKB and PB,,,0,0,0,observed_zero_only,partial_observation_not_global_validity
LEAP_OBSERVED_PARTIAL,Blast furnaces,Bagasse,,,0,0,0,observed_zero_only,partial_observation_not_global_validity
LEAP_OBSERVED_PARTIAL,Blast furnaces,Bio jet kerosene,,,0,0,0,observed_zero_only,partial_observation_not_global_validity
LEAP_OBSERVED_PARTIAL,Blast furnaces,Biodiesel,,,0,0,0,observed_zero_only,partial_observation_not_global_validity
LEAP_OBSERVED_PARTIAL,Blast furnaces,Biogas,,,0,0,0,observed_zero_only,partial_observation_not_global_validity
LEAP_OBSERVED_PARTIAL,Blast furnaces,Biogasoline,,,0,0,0,observed_zero_only,partial_observation_not_global_validity
LEAP_OBSERVED_PARTIAL,Blast furnaces,Bitumen,,,0,0,0,observed_zero_only,partial_observation_not_global_validity
LEAP_OBSERVED_PARTIAL,Blast furnaces,Black liquor,,,0,0,0,observed_zero_only,partial_observation_not_global_validity
LEAP_OBSERVED_PARTIAL,Blast furnaces,Blast furnace gas,2022,2060,4,39,176,observed_data_valid,partial_observation_not_global_validity
LEAP_OBSERVED_PARTIAL,Blast furnaces,Charcoal,,,0,0,0,observed_zero_only,partial_observation_not_global_validity
LEAP_OBSERVED_PARTIAL,Blast furnaces,Coal tar,,,0,0,0,observed_zero_only,partial_observation_not_global_validity
LEAP_OBSERVED_PARTIAL,Blast furnaces,Coke oven coke,2022,2060,4,39,176,observed_data_valid,partial_observation_not_global_validity
LEAP_OBSERVED_PARTIAL,Blast furnaces,Coke oven gas,2022,2060,1,39,78,observed_data_valid,partial_observation_not_global_validity
LEAP_OBSERVED_PARTIAL,Blast furnaces,Coking coal,,,0,0,0,observed_zero_only,partial_observation_not_global_validity
LEAP_OBSERVED_PARTIAL,Blast furnaces,Crude oil,,,0,0,0,observed_zero_only,partial_observation_not_global_validity
LEAP_OBSERVED_PARTIAL,Blast furnaces,Efuel,,,0,0,0,observed_zero_only,partial_observation_not_global_validity
LEAP_OBSERVED_PARTIAL,Blast furnaces,Electricity,2022,2060,2,39,80,observed_data_valid,partial_observation_not_global_validity
LEAP_OBSERVED_PARTIAL,Blast furnaces,Electricity for hydrogen,,,0,0,0,observed_zero_only,partial_observation_not_global_validity
LEAP_OBSERVED_PARTIAL,Blast furnaces,Ethane,,,0,0,0,observed_zero_only,partial_observation_not_global_validity
LEAP_OBSERVED_PARTIAL,Blast furnaces,Fuel oil,2022,2060,1,39,78,observed_data_valid,partial_observation_not_global_validity
LEAP_OBSERVED_PARTIAL,Blast furnaces,Fuelwood and woodwaste,,,0,0,0,observed_zero_only,partial_observation_not_global_validity
LEAP_OBSERVED_PARTIAL,Blast furnaces,Gas and diesel oil,,,0,0,0,observed_zero_only,partial_observation_not_global_validity
LEAP_OBSERVED_PARTIAL,Blast furnaces,Gas nonspecified,,,0,0,0,observed_zero_only,partial_observation_not_global_validity
LEAP_OBSERVED_PARTIAL,Blast furnaces,Gas works gas,,,0,0,0,observed_zero_only,partial_observation_not_global_validity
LEAP_OBSERVED_PARTIAL,Blast furnaces,Gasoline type jet fuel,,,0,0,0,observed_zero_only,partial_observation_not_global_validity
LEAP_OBSERVED_PARTIAL,Blast furnaces,Geothermal,,,0,0,0,observed_zero_only,partial_observation_not_global_validity
LEAP_OBSERVED_PARTIAL,Blast furnaces,Heat,,,0,0,0,observed_zero_only,partial_observation_not_global_validity
LEAP_OBSERVED_PARTIAL,Blast furnaces,Hydro,,,0,0,0,observed_zero_only,partial_observation_not_global_validity
LEAP_OBSERVED_PARTIAL,Blast furnaces,Hydrogen,,,0,0,0,observed_zero_only,partial_observation_not_global_validity
LEAP_OBSERVED_PARTIAL,Blast furnaces,Industrial waste,,,0,0,0,observed_zero_only,partial_observation_not_global_validity
LEAP_OBSERVED_PARTIAL,Blast furnaces,Kerosene,,,0,0,0,observed_zero_only,partial_observation_not_global_validity
LEAP_OBSERVED_PARTIAL,Blast furnaces,Kerosene type jet fuel,,,0,0,0,observed_zero_only,partial_observation_not_global_validity
LEAP_OBSERVED_PARTIAL,Blast furnaces,LNG,,,0,0,0,observed_zero_only,partial_observation_not_global_validity
LEAP_OBSERVED_PARTIAL,Blast furnaces,LPG,,,0,0,0,observed_zero_only,partial_observation_not_global_validity
LEAP_OBSERVED_PARTIAL,Blast furnaces,Lignite,,,0,0,0,observed_zero_only,partial_observation_not_global_validity
LEAP_OBSERVED_PARTIAL,Blast furnaces,Lubricants,,,0,0,0,observed_zero_only,partial_observation_not_global_validity
LEAP_OBSERVED_PARTIAL,Blast furnaces,Motor gasoline,,,0,0,0,observed_zero_only,partial_observation_not_global_validity
LEAP_OBSERVED_PARTIAL,Blast furnaces,Municipal solid waste non renewable,,,0,0,0,observed_zero_only,partial_observation_not_global_validity
LEAP_OBSERVED_PARTIAL,Blast furnaces,Municipal solid waste renewable,,,0,0,0,observed_zero_only,partial_observation_not_global_validity
LEAP_OBSERVED_PARTIAL,Blast furnaces,Naphtha,,,0,0,0,observed_zero_only,partial_observation_not_global_validity
LEAP_OBSERVED_PARTIAL,Blast furnaces,Natural gas,2022,2060,2,39,80,observed_data_valid,partial_observation_not_global_validity
LEAP_OBSERVED_PARTIAL,Blast furnaces,Natural gas liquids,,,0,0,0,observed_zero_only,partial_observation_not_global_validity
LEAP_OBSERVED_PARTIAL,Blast furnaces,Nuclear,,,0,0,0,observed_zero_only,partial_observation_not_global_validity
LEAP_OBSERVED_PARTIAL,Blast furnaces,Other biomass,,,0,0,0,observed_zero_only,partial_observation_not_global_validity
LEAP_OBSERVED_PARTIAL,Blast furnaces,Other bituminous coal,2022,2060,1,39,78,observed_data_valid,partial_observation_not_global_validity
LEAP_OBSERVED_PARTIAL,Blast furnaces,Other hydrocarbons,,,0,0,0,observed_zero_only,partial_observation_not_global_validity
LEAP_OBSERVED_PARTIAL,Blast furnaces,Other liquid biofuels,,,0,0,0,observed_zero_only,partial_observation_not_global_validity
LEAP_OBSERVED_PARTIAL,Blast furnaces,Other products,,,0,0,0,observed_zero_only,partial_observation_not_global_validity
LEAP_OBSERVED_PARTIAL,Blast furnaces,Other recovered gases,2022,2060,2,39,96,observed_data_valid,partial_observation_not_global_validity
LEAP_OBSERVED_PARTIAL,Blast furnaces,Other sources,,,0,0,0,observed_zero_only,partial_observation_not_global_validity
LEAP_OBSERVED_PARTIAL,Blast furnaces,Paraffin waxes,,,0,0,0,observed_zero_only,partial_observation_not_global_validity
LEAP_OBSERVED_PARTIAL,Blast furnaces,Patent fuel,,,0,0,0,observed_zero_only,partial_observation_not_global_validity
LEAP_OBSERVED_PARTIAL,Blast furnaces,Petroleum coke,,,0,0,0,observed_zero_only,partial_observation_not_global_validity
LEAP_OBSERVED_PARTIAL,Blast furnaces,Refinery feedstocks,,,0,0,0,observed_zero_only,partial_observation_not_global_validity
LEAP_OBSERVED_PARTIAL,Blast furnaces,Refinery gas not liquefied,,,0,0,0,observed_zero_only,partial_observation_not_global_validity
LEAP_OBSERVED_PARTIAL,Blast furnaces,Solar nonspecified,,,0,0,0,observed_zero_only,partial_observation_not_global_validity
LEAP_OBSERVED_PARTIAL,Blast furnaces,Solar photovoltaics,,,0,0,0,observed_zero_only,partial_observation_not_global_validity
LEAP_OBSERVED_PARTIAL,Blast furnaces,Sub bituminous coal,,,0,0,0,observed_zero_only,partial_observation_not_global_validity
LEAP_OBSERVED_PARTIAL,Blast furnaces,White spirit SBP,,,0,0,0,observed_zero_only,partial_observation_not_global_validity
LEAP_OBSERVED_PARTIAL,Blast furnaces,Wind,,,0,0,0,observed_zero_only,partial_observation_not_global_validity
LEAP_OBSERVED_PARTIAL,Blast furnaces/Blast furnaces,AUTO BALANCE,,,0,0,0,observed_zero_only,partial_observation_not_global_validity
LEAP_OBSERVED_PARTIAL,Blast furnaces/Blast furnaces,Additives and oxygenates,,,0,0,0,observed_zero_only,partial_observation_not_global_validity
LEAP_OBSERVED_PARTIAL,Blast furnaces/Blast furnaces,Ammonia,,,0,0,0,observed_zero_only,partial_observation_not_global_validity
LEAP_OBSERVED_PARTIAL,Blast furnaces/Blast furnaces,Anthracite,,,0,0,0,observed_zero_only,partial_observation_not_global_validity
LEAP_OBSERVED_PARTIAL,Blast furnaces/Blast furnaces,Aviation gasoline,,,0,0,0,observed_zero_only,partial_observation_not_global_validity
LEAP_OBSERVED_PARTIAL,Blast furnaces/Blast furnaces,BKB and PB,,,0,0,0,observed_zero_only,partial_observation_not_global_validity
LEAP_OBSERVED_PARTIAL,Blast furnaces/Blast furnaces,Bagasse,,,0,0,0,observed_zero_only,partial_observation_not_global_validity
LEAP_OBSERVED_PARTIAL,Blast furnaces/Blast furnaces,Bio jet kerosene,,,0,0,0,observed_zero_only,partial_observation_not_global_validity
LEAP_OBSERVED_PARTIAL,Blast furnaces/Blast furnaces,Biodiesel,,,0,0,0,observed_zero_only,partial_observation_not_global_validity
LEAP_OBSERVED_PARTIAL,Blast furnaces/Blast furnaces,Biogas,,,0,0,0,observed_zero_only,partial_observation_not_global_validity
LEAP_OBSERVED_PARTIAL,Blast furnaces/Blast furnaces,Biogasoline,,,0,0,0,observed_zero_only,partial_observation_not_global_validity
LEAP_OBSERVED_PARTIAL,Blast furnaces/Blast furnaces,Bitumen,,,0,0,0,observed_zero_only,partial_observation_not_global_validity
LEAP_OBSERVED_PARTIAL,Blast furnaces/Blast furnaces,Black liquor,,,0,0,0,observed_zero_only,partial_observation_not_global_validity
LEAP_OBSERVED_PARTIAL,Blast furnaces/Blast furnaces,Blast furnace gas,2022,2060,4,39,176,observed_data_valid,partial_observation_not_global_validity
LEAP_OBSERVED_PARTIAL,Blast furnaces/Blast furnaces,Charcoal,,,0,0,0,observed_zero_only,partial_observation_not_global_validity
LEAP_OBSERVED_PARTIAL,Blast furnaces/Blast furnaces,Coal tar,,,0,0,0,observed_zero_only,partial_observation_not_global_validity
LEAP_OBSERVED_PARTIAL,Blast furnaces/Blast furnaces,Coke oven coke,2022,2060,4,39,176,observed_data_valid,partial_observation_not_global_validity
LEAP_OBSERVED_PARTIAL,Blast furnaces/Blast furnaces,Coke oven gas,2022,2060,1,39,78,observed_data_valid,partial_observation_not_global_validity
LEAP_OBSERVED_PARTIAL,Blast furnaces/Blast furnaces,Coking coal,,,0,0,0,observed_zero_only,partial_observation_not_global_validity
LEAP_OBSERVED_PARTIAL,Blast furnaces/Blast furnaces,Crude oil,,,0,0,0,observed_zero_only,partial_observation_not_global_validity
LEAP_OBSERVED_PARTIAL,Blast furnaces/Blast furnaces,Efuel,,,0,0,0,observed_zero_only,partial_observation_not_global_validity
LEAP_OBSERVED_PARTIAL,Blast furnaces/Blast furnaces,Electricity,2022,2060,2,39,80,observed_data_valid,partial_observation_not_global_validity
LEAP_OBSERVED_PARTIAL,Blast furnaces/Blast furnaces,Electricity for hydrogen,,,0,0,0,observed_zero_only,partial_observation_not_global_validity
LEAP_OBSERVED_PARTIAL,Blast furnaces/Blast furnaces,Ethane,,,0,0,0,observed_zero_only,partial_observation_not_global_validity
LEAP_OBSERVED_PARTIAL,Blast furnaces/Blast furnaces,Fuel oil,2022,2060,1,39,78,observed_data_valid,partial_observation_not_global_validity
LEAP_OBSERVED_PARTIAL,Blast furnaces/Blast furnaces,Fuelwood and woodwaste,,,0,0,0,observed_zero_only,partial_observation_not_global_validity
LEAP_OBSERVED_PARTIAL,Blast furnaces/Blast furnaces,Gas and diesel oil,,,0,0,0,observed_zero_only,partial_observation_not_global_validity
LEAP_OBSERVED_PARTIAL,Blast furnaces/Blast furnaces,Gas nonspecified,,,0,0,0,observed_zero_only,partial_observation_not_global_validity
LEAP_OBSERVED_PARTIAL,Blast furnaces/Blast furnaces,Gas works gas,,,0,0,0,observed_zero_only,partial_observation_not_global_validity
LEAP_OBSERVED_PARTIAL,Blast furnaces/Blast furnaces,Gasoline type jet fuel,,,0,0,0,observed_zero_only,partial_observation_not_global_validity
LEAP_OBSERVED_PARTIAL,Blast furnaces/Blast furnaces,Geothermal,,,0,0,0,observed_zero_only,partial_observation_not_global_validity
LEAP_OBSERVED_PARTIAL,Blast furnaces/Blast furnaces,Heat,,,0,0,0,observed_zero_only,partial_observation_not_global_validity
LEAP_OBSERVED_PARTIAL,Blast furnaces/Blast furnaces,Hydro,,,0,0,0,observed_zero_only,partial_observation_not_global_validity
LEAP_OBSERVED_PARTIAL,Blast furnaces/Blast furnaces,Hydrogen,,,0,0,0,observed_zero_only,partial_observation_not_global_validity
LEAP_OBSERVED_PARTIAL,Blast furnaces/Blast furnaces,Industrial waste,,,0,0,0,observed_zero_only,partial_observation_not_global_validity
LEAP_OBSERVED_PARTIAL,Blast furnaces/Blast furnaces,Kerosene,,,0,0,0,observed_zero_only,partial_observation_not_global_validity
LEAP_OBSERVED_PARTIAL,Blast furnaces/Blast furnaces,Kerosene type jet fuel,,,0,0,0,observed_zero_only,partial_observation_not_global_validity
LEAP_OBSERVED_PARTIAL,Blast furnaces/Blast furnaces,LNG,,,0,0,0,observed_zero_only,partial_observation_not_global_validity
LEAP_OBSERVED_PARTIAL,Blast furnaces/Blast furnaces,LPG,,,0,0,0,observed_zero_only,partial_observation_not_global_validity
LEAP_OBSERVED_PARTIAL,Blast furnaces/Blast furnaces,Lignite,,,0,0,0,observed_zero_only,partial_observation_not_global_validity
LEAP_OBSERVED_PARTIAL,Blast furnaces/Blast furnaces,Lubricants,,,0,0,0,observed_zero_only,partial_observation_not_global_validity
LEAP_OBSERVED_PARTIAL,Blast furnaces/Blast furnaces,Motor gasoline,,,0,0,0,observed_zero_only,partial_observation_not_global_validity
LEAP_OBSERVED_PARTIAL,Blast furnaces/Blast furnaces,Municipal solid waste non renewable,,,0,0,0,observed_zero_only,partial_observation_not_global_validity
LEAP_OBSERVED_PARTIAL,Blast furnaces/Blast furnaces,Municipal solid waste renewable,,,0,0,0,observed_zero_only,partial_observation_not_global_validity
LEAP_OBSERVED_PARTIAL,Blast furnaces/Blast furnaces,Naphtha,,,0,0,0,observed_zero_only,partial_observation_not_global_validity
LEAP_OBSERVED_PARTIAL,Blast furnaces/Blast furnaces,Natural gas,2022,2060,2,39,80,observed_data_valid,partial_observation_not_global_validity
LEAP_OBSERVED_PARTIAL,Blast furnaces/Blast furnaces,Natural gas liquids,,,0,0,0,observed_zero_only,partial_observation_not_global_validity
LEAP_OBSERVED_PARTIAL,Blast furnaces/Blast furnaces,Nuclear,,,0,0,0,observed_zero_only,partial_observation_not_global_validity
LEAP_OBSERVED_PARTIAL,Blast furnaces/Blast furnaces,Other biomass,,,0,0,0,observed_zero_only,partial_observation_not_global_validity
LEAP_OBSERVED_PARTIAL,Blast furnaces/Blast furnaces,Other bituminous coal,2022,2060,1,39,78,observed_data_valid,partial_observation_not_global_validity
LEAP_OBSERVED_PARTIAL,Blast furnaces/Blast furnaces,Other hydrocarbons,,,0,0,0,observed_zero_only,partial_observation_not_global_validity
LEAP_OBSERVED_PARTIAL,Blast furnaces/Blast furnaces,Other liquid biofuels,,,0,0,0,observed_zero_only,partial_observation_not_global_validity
LEAP_OBSERVED_PARTIAL,Blast furnaces/Blast furnaces,Other products,,,0,0,0,observed_zero_only,partial_observation_not_global_validity
LEAP_OBSERVED_PARTIAL,Blast furnaces/Blast furnaces,Other recovered gases,2022,2060,2,39,96,observed_data_valid,partial_observation_not_global_validity
LEAP_OBSERVED_PARTIAL,Blast furnaces/Blast furnaces,Other sources,,,0,0,0,observed_zero_only,partial_observation_not_global_validity
LEAP_OBSERVED_PARTIAL,Blast furnaces/Blast furnaces,Paraffin waxes,,,0,0,0,observed_zero_only,partial_observation_not_global_validity
LEAP_OBSERVED_PARTIAL,Blast furnaces/Blast furnaces,Patent fuel,,,0,0,0,observed_zero_only,partial_observation_not_global_validity
LEAP_OBSERVED_PARTIAL,Blast furnaces/Blast furnaces,Petroleum coke,,,0,0,0,observed_zero_only,partial_observation_not_global_validity
LEAP_OBSERVED_PARTIAL,Blast furnaces/Blast furnaces,Refinery feedstocks,,,0,0,0,observed_zero_only,partial_observation_not_global_validity
LEAP_OBSERVED_PARTIAL,Blast furnaces/Blast furnaces,Refinery gas not liquefied,,,0,0,0,observed_zero_only,partial_observation_not_global_validity
LEAP_OBSERVED_PARTIAL,Blast furnaces/Blast furnaces,Solar nonspecified,,,0,0,0,observed_zero_only,partial_observation_not_global_validity
LEAP_OBSERVED_PARTIAL,Blast furnaces/Blast furnaces,Solar photovoltaics,,,0,0,0,observed_zero_only,partial_observation_not_global_validity
LEAP_OBSERVED_PARTIAL,Blast furnaces/Blast furnaces,Sub bituminous coal,,,0,0,0,observed_zero_only,partial_observation_not_global_validity
LEAP_OBSERVED_PARTIAL,Blast furnaces/Blast furnaces,White spirit SBP,,,0,0,0,observed_zero_only,partial_observation_not_global_validity
LEAP_OBSERVED_PARTIAL,Blast furnaces/Blast furnaces,Wind,,,0,0,0,observed_zero_only,partial_observation_not_global_validity
LEAP_OBSERVED_PARTIAL,CHP interim,AUTO BALANCE,,,0,0,0,observed_zero_only,partial_observation_not_global_validity
LEAP_OBSERVED_PARTIAL,CHP interim,Additives and oxygenates,,,0,0,0,observed_zero_only,partial_observation_not_global_validity
LEAP_OBSERVED_PARTIAL,CHP interim,Ammonia,,,0,0,0,observed_zero_only,partial_observation_not_global_validity
LEAP_OBSERVED_PARTIAL,CHP interim,Anthracite,2022,2046,1,25,44,observed_data_valid,partial_observation_not_global_validity
LEAP_OBSERVED_PARTIAL,CHP interim,Aviation gasoline,,,0,0,0,observed_zero_only,partial_observation_not_global_validity
LEAP_OBSERVED_PARTIAL,CHP interim,BKB and PB,,,0,0,0,observed_zero_only,partial_observation_not_global_validity
LEAP_OBSERVED_PARTIAL,CHP interim,Bagasse,,,0,0,0,observed_zero_only,partial_observation_not_global_validity
LEAP_OBSERVED_PARTIAL,CHP interim,Bio jet kerosene,,,0,0,0,observed_zero_only,partial_observation_not_global_validity
LEAP_OBSERVED_PARTIAL,CHP interim,Biodiesel,2022,2022,1,1,2,observed_data_valid,partial_observation_not_global_validity
LEAP_OBSERVED_PARTIAL,CHP interim,Biogas,2022,2022,3,1,5,observed_data_valid,partial_observation_not_global_validity
LEAP_OBSERVED_PARTIAL,CHP interim,Biogasoline,,,0,0,0,observed_zero_only,partial_observation_not_global_validity
LEAP_OBSERVED_PARTIAL,CHP interim,Bitumen,,,0,0,0,observed_zero_only,partial_observation_not_global_validity
LEAP_OBSERVED_PARTIAL,CHP interim,Black liquor,,,0,0,0,observed_zero_only,partial_observation_not_global_validity
LEAP_OBSERVED_PARTIAL,CHP interim,Blast furnace gas,,,0,0,0,observed_zero_only,partial_observation_not_global_validity
LEAP_OBSERVED_PARTIAL,CHP interim,Charcoal,,,0,0,0,observed_zero_only,partial_observation_not_global_validity
LEAP_OBSERVED_PARTIAL,CHP interim,Coal tar,,,0,0,0,observed_zero_only,partial_observation_not_global_validity
LEAP_OBSERVED_PARTIAL,CHP interim,Coke oven coke,,,0,0,0,observed_zero_only,partial_observation_not_global_validity
LEAP_OBSERVED_PARTIAL,CHP interim,Coke oven gas,,,0,0,0,observed_zero_only,partial_observation_not_global_validity
LEAP_OBSERVED_PARTIAL,CHP interim,Coking coal,,,0,0,0,observed_zero_only,partial_observation_not_global_validity
LEAP_OBSERVED_PARTIAL,CHP interim,Crude oil,,,0,0,0,observed_zero_only,partial_observation_not_global_validity
LEAP_OBSERVED_PARTIAL,CHP interim,Efuel,,,0,0,0,observed_zero_only,partial_observation_not_global_validity
LEAP_OBSERVED_PARTIAL,CHP interim,Electricity,2022,2060,4,39,82,observed_data_valid,partial_observation_not_global_validity
LEAP_OBSERVED_PARTIAL,CHP interim,Electricity for hydrogen,,,0,0,0,observed_zero_only,partial_observation_not_global_validity
LEAP_OBSERVED_PARTIAL,CHP interim,Ethane,,,0,0,0,observed_zero_only,partial_observation_not_global_validity
LEAP_OBSERVED_PARTIAL,CHP interim,Fuel oil,2022,2046,1,23,30,observed_data_valid,partial_observation_not_global_validity
LEAP_OBSERVED_PARTIAL,CHP interim,Fuelwood and woodwaste,,,0,0,0,observed_zero_only,partial_observation_not_global_validity
LEAP_OBSERVED_PARTIAL,CHP interim,Gas and diesel oil,2022,2046,1,23,30,observed_data_valid,partial_observation_not_global_validity
LEAP_OBSERVED_PARTIAL,CHP interim,Gas nonspecified,,,0,0,0,observed_zero_only,partial_observation_not_global_validity
LEAP_OBSERVED_PARTIAL,CHP interim,Gas works gas,,,0,0,0,observed_zero_only,partial_observation_not_global_validity
LEAP_OBSERVED_PARTIAL,CHP interim,Gasoline type jet fuel,,,0,0,0,observed_zero_only,partial_observation_not_global_validity
LEAP_OBSERVED_PARTIAL,CHP interim,Geothermal,2022,2022,1,1,1,observed_data_valid,partial_observation_not_global_validity
LEAP_OBSERVED_PARTIAL,CHP interim,Heat,2022,2060,2,39,79,observed_data_valid,partial_observation_not_global_validity
LEAP_OBSERVED_PARTIAL,CHP interim,Hydro,,,0,0,0,observed_zero_only,partial_observation_not_global_validity
LEAP_OBSERVED_PARTIAL,CHP interim,Hydrogen,,,0,0,0,observed_zero_only,partial_observation_not_global_validity
LEAP_OBSERVED_PARTIAL,CHP interim,Industrial waste,2022,2022,1,1,2,observed_data_valid,partial_observation_not_global_validity
LEAP_OBSERVED_PARTIAL,CHP interim,Kerosene,,,0,0,0,observed_zero_only,partial_observation_not_global_validity
LEAP_OBSERVED_PARTIAL,CHP interim,Kerosene type jet fuel,,,0,0,0,observed_zero_only,partial_observation_not_global_validity
LEAP_OBSERVED_PARTIAL,CHP interim,LNG,,,0,0,0,observed_zero_only,partial_observation_not_global_validity
LEAP_OBSERVED_PARTIAL,CHP interim,LPG,,,0,0,0,observed_zero_only,partial_observation_not_global_validity
LEAP_OBSERVED_PARTIAL,CHP interim,Lignite,2022,2046,3,25,47,observed_data_valid,partial_observation_not_global_validity
LEAP_OBSERVED_PARTIAL,CHP interim,Lubricants,,,0,0,0,observed_zero_only,partial_observation_not_global_validity
LEAP_OBSERVED_PARTIAL,CHP interim,Motor gasoline,,,0,0,0,observed_zero_only,partial_observation_not_global_validity
LEAP_OBSERVED_PARTIAL,CHP interim,Municipal solid waste non renewable,2022,2022,1,1,2,observed_data_valid,partial_observation_not_global_validity
LEAP_OBSERVED_PARTIAL,CHP interim,Municipal solid waste renewable,2022,2022,1,1,2,observed_data_valid,partial_observation_not_global_validity
LEAP_OBSERVED_PARTIAL,CHP interim,Naphtha,,,0,0,0,observed_zero_only,partial_observation_not_global_validity
LEAP_OBSERVED_PARTIAL,CHP interim,Natural gas,2022,2060,4,39,82,observed_data_valid,partial_observation_not_global_validity
LEAP_OBSERVED_PARTIAL,CHP interim,Natural gas liquids,,,0,0,0,observed_zero_only,partial_observation_not_global_validity
LEAP_OBSERVED_PARTIAL,CHP interim,Nuclear,,,0,0,0,observed_zero_only,partial_observation_not_global_validity
LEAP_OBSERVED_PARTIAL,CHP interim,Other biomass,2022,2060,3,39,81,observed_data_valid,partial_observation_not_global_validity
LEAP_OBSERVED_PARTIAL,CHP interim,Other bituminous coal,2022,2046,1,25,44,observed_data_valid,partial_observation_not_global_validity
LEAP_OBSERVED_PARTIAL,CHP interim,Other hydrocarbons,,,0,0,0,observed_zero_only,partial_observation_not_global_validity
LEAP_OBSERVED_PARTIAL,CHP interim,Other liquid biofuels,2022,2022,1,1,2,observed_data_valid,partial_observation_not_global_validity
LEAP_OBSERVED_PARTIAL,CHP interim,Other products,2022,2046,2,23,32,observed_data_valid,partial_observation_not_global_validity
LEAP_OBSERVED_PARTIAL,CHP interim,Other recovered gases,,,0,0,0,observed_zero_only,partial_observation_not_global_validity
LEAP_OBSERVED_PARTIAL,CHP interim,Other sources,2022,2060,2,39,77,observed_data_valid,partial_observation_not_global_validity
LEAP_OBSERVED_PARTIAL,CHP interim,Paraffin waxes,,,0,0,0,observed_zero_only,partial_observation_not_global_validity
LEAP_OBSERVED_PARTIAL,CHP interim,Patent fuel,,,0,0,0,observed_zero_only,partial_observation_not_global_validity
LEAP_OBSERVED_PARTIAL,CHP interim,Petroleum coke,2022,2046,1,23,30,observed_data_valid,partial_observation_not_global_validity
LEAP_OBSERVED_PARTIAL,CHP interim,Refinery feedstocks,,,0,0,0,observed_zero_only,partial_observation_not_global_validity
LEAP_OBSERVED_PARTIAL,CHP interim,Refinery gas not liquefied,2022,2022,1,1,2,observed_data_valid,partial_observation_not_global_validity
LEAP_OBSERVED_PARTIAL,CHP interim,Solar nonspecified,,,0,0,0,observed_zero_only,partial_observation_not_global_validity
LEAP_OBSERVED_PARTIAL,CHP interim,Solar photovoltaics,,,0,0,0,observed_zero_only,partial_observation_not_global_validity
LEAP_OBSERVED_PARTIAL,CHP interim,Sub bituminous coal,2022,2046,4,25,48,observed_data_valid,partial_observation_not_global_validity
LEAP_OBSERVED_PARTIAL,CHP interim,White spirit SBP,,,0,0,0,observed_zero_only,partial_observation_not_global_validity
LEAP_OBSERVED_PARTIAL,CHP interim,Wind,,,0,0,0,observed_zero_only,partial_observation_not_global_validity
LEAP_OBSERVED_PARTIAL,CHP interim/CHP interim,AUTO BALANCE,,,0,0,0,observed_zero_only,partial_observation_not_global_validity
LEAP_OBSERVED_PARTIAL,CHP interim/CHP interim,Additives and oxygenates,,,0,0,0,observed_zero_only,partial_observation_not_global_validity
LEAP_OBSERVED_PARTIAL,CHP interim/CHP interim,Ammonia,,,0,0,0,observed_zero_only,partial_observation_not_global_validity
LEAP_OBSERVED_PARTIAL,CHP interim/CHP interim,Anthracite,2022,2046,1,25,44,observed_data_valid,partial_observation_not_global_validity
LEAP_OBSERVED_PARTIAL,CHP interim/CHP interim,Aviation gasoline,,,0,0,0,observed_zero_only,partial_observation_not_global_validity
LEAP_OBSERVED_PARTIAL,CHP interim/CHP interim,BKB and PB,,,0,0,0,observed_zero_only,partial_observation_not_global_validity
LEAP_OBSERVED_PARTIAL,CHP interim/CHP interim,Bagasse,,,0,0,0,observed_zero_only,partial_observation_not_global_validity
LEAP_OBSERVED_PARTIAL,CHP interim/CHP interim,Bio jet kerosene,,,0,0,0,observed_zero_only,partial_observation_not_global_validity
LEAP_OBSERVED_PARTIAL,CHP interim/CHP interim,Biodiesel,2022,2022,1,1,2,observed_data_valid,partial_observation_not_global_validity
LEAP_OBSERVED_PARTIAL,CHP interim/CHP interim,Biogas,2022,2022,3,1,5,observed_data_valid,partial_observation_not_global_validity
LEAP_OBSERVED_PARTIAL,CHP interim/CHP interim,Biogasoline,,,0,0,0,observed_zero_only,partial_observation_not_global_validity
LEAP_OBSERVED_PARTIAL,CHP interim/CHP interim,Bitumen,,,0,0,0,observed_zero_only,partial_observation_not_global_validity
LEAP_OBSERVED_PARTIAL,CHP interim/CHP interim,Black liquor,,,0,0,0,observed_zero_only,partial_observation_not_global_validity
LEAP_OBSERVED_PARTIAL,CHP interim/CHP interim,Blast furnace gas,,,0,0,0,observed_zero_only,partial_observation_not_global_validity
LEAP_OBSERVED_PARTIAL,CHP interim/CHP interim,Charcoal,,,0,0,0,observed_zero_only,partial_observation_not_global_validity
LEAP_OBSERVED_PARTIAL,CHP interim/CHP interim,Coal tar,,,0,0,0,observed_zero_only,partial_observation_not_global_validity
LEAP_OBSERVED_PARTIAL,CHP interim/CHP interim,Coke oven coke,,,0,0,0,observed_zero_only,partial_observation_not_global_validity
LEAP_OBSERVED_PARTIAL,CHP interim/CHP interim,Coke oven gas,,,0,0,0,observed_zero_only,partial_observation_not_global_validity
LEAP_OBSERVED_PARTIAL,CHP interim/CHP interim,Coking coal,,,0,0,0,observed_zero_only,partial_observation_not_global_validity
LEAP_OBSERVED_PARTIAL,CHP interim/CHP interim,Crude oil,,,0,0,0,observed_zero_only,partial_observation_not_global_validity
LEAP_OBSERVED_PARTIAL,CHP interim/CHP interim,Efuel,,,0,0,0,observed_zero_only,partial_observation_not_global_validity
LEAP_OBSERVED_PARTIAL,CHP interim/CHP interim,Electricity,2022,2060,4,39,82,observed_data_valid,partial_observation_not_global_validity
LEAP_OBSERVED_PARTIAL,CHP interim/CHP interim,Electricity for hydrogen,,,0,0,0,observed_zero_only,partial_observation_not_global_validity
LEAP_OBSERVED_PARTIAL,CHP interim/CHP interim,Ethane,,,0,0,0,observed_zero_only,partial_observation_not_global_validity
LEAP_OBSERVED_PARTIAL,CHP interim/CHP interim,Fuel oil,2022,2046,1,23,30,observed_data_valid,partial_observation_not_global_validity
LEAP_OBSERVED_PARTIAL,CHP interim/CHP interim,Fuelwood and woodwaste,,,0,0,0,observed_zero_only,partial_observation_not_global_validity
LEAP_OBSERVED_PARTIAL,CHP interim/CHP interim,Gas and diesel oil,2022,2046,1,23,30,observed_data_valid,partial_observation_not_global_validity
LEAP_OBSERVED_PARTIAL,CHP interim/CHP interim,Gas nonspecified,,,0,0,0,observed_zero_only,partial_observation_not_global_validity
LEAP_OBSERVED_PARTIAL,CHP interim/CHP interim,Gas works gas,,,0,0,0,observed_zero_only,partial_observation_not_global_validity
LEAP_OBSERVED_PARTIAL,CHP interim/CHP interim,Gasoline type jet fuel,,,0,0,0,observed_zero_only,partial_observation_not_global_validity
LEAP_OBSERVED_PARTIAL,CHP interim/CHP interim,Geothermal,2022,2022,1,1,1,observed_data_valid,partial_observation_not_global_validity
LEAP_OBSERVED_PARTIAL,CHP interim/CHP interim,Heat,2022,2060,2,39,79,observed_data_valid,partial_observation_not_global_validity
LEAP_OBSERVED_PARTIAL,CHP interim/CHP interim,Hydro,,,0,0,0,observed_zero_only,partial_observation_not_global_validity
LEAP_OBSERVED_PARTIAL,CHP interim/CHP interim,Hydrogen,,,0,0,0,observed_zero_only,partial_observation_not_global_validity
LEAP_OBSERVED_PARTIAL,CHP interim/CHP interim,Industrial waste,2022,2022,1,1,2,observed_data_valid,partial_observation_not_global_validity
LEAP_OBSERVED_PARTIAL,CHP interim/CHP interim,Kerosene,,,0,0,0,observed_zero_only,partial_observation_not_global_validity
LEAP_OBSERVED_PARTIAL,CHP interim/CHP interim,Kerosene type jet fuel,,,0,0,0,observed_zero_only,partial_observation_not_global_validity
LEAP_OBSERVED_PARTIAL,CHP interim/CHP interim,LNG,,,0,0,0,observed_zero_only,partial_observation_not_global_validity
LEAP_OBSERVED_PARTIAL,CHP interim/CHP interim,LPG,,,0,0,0,observed_zero_only,partial_observation_not_global_validity
LEAP_OBSERVED_PARTIAL,CHP interim/CHP interim,Lignite,2022,2046,3,25,47,observed_data_valid,partial_observation_not_global_validity
LEAP_OBSERVED_PARTIAL,CHP interim/CHP interim,Lubricants,,,0,0,0,observed_zero_only,partial_observation_not_global_validity
LEAP_OBSERVED_PARTIAL,CHP interim/CHP interim,Motor gasoline,,,0,0,0,observed_zero_only,partial_observation_not_global_validity
LEAP_OBSERVED_PARTIAL,CHP interim/CHP interim,Municipal solid waste non renewable,2022,2022,1,1,2,observed_data_valid,partial_observation_not_global_validity
LEAP_OBSERVED_PARTIAL,CHP interim/CHP interim,Municipal solid waste renewable,2022,2022,1,1,2,observed_data_valid,partial_observation_not_global_validity
LEAP_OBSERVED_PARTIAL,CHP interim/CHP interim,Naphtha,,,0,0,0,observed_zero_only,partial_observation_not_global_validity
LEAP_OBSERVED_PARTIAL,CHP interim/CHP interim,Natural gas,2022,2060,4,39,82,observed_data_valid,partial_observation_not_global_validity
LEAP_OBSERVED_PARTIAL,CHP interim/CHP interim,Natural gas liquids,,,0,0,0,observed_zero_only,partial_observation_not_global_validity
LEAP_OBSERVED_PARTIAL,CHP interim/CHP interim,Nuclear,,,0,0,0,observed_zero_only,partial_observation_not_global_validity
LEAP_OBSERVED_PARTIAL,CHP interim/CHP interim,Other biomass,2022,2060,3,39,81,observed_data_valid,partial_observation_not_global_validity
LEAP_OBSERVED_PARTIAL,CHP interim/CHP interim,Other bituminous coal,2022,2046,1,25,44,observed_data_valid,partial_observation_not_global_validity
LEAP_OBSERVED_PARTIAL,CHP interim/CHP interim,Other hydrocarbons,,,0,0,0,observed_zero_only,partial_observation_not_global_validity
LEAP_OBSERVED_PARTIAL,CHP interim/CHP interim,Other liquid biofuels,2022,2022,1,1,2,observed_data_valid,partial_observation_not_global_validity
LEAP_OBSERVED_PARTIAL,CHP interim/CHP interim,Other products,2022,2046,2,23,32,observed_data_valid,partial_observation_not_global_validity
LEAP_OBSERVED_PARTIAL,CHP interim/CHP interim,Other recovered gases,,,0,0,0,observed_zero_only,partial_observation_not_global_validity
LEAP_OBSERVED_PARTIAL,CHP interim/CHP interim,Other sources,2022,2060,2,39,77,observed_data_valid,partial_observation_not_global_validity
LEAP_OBSERVED_PARTIAL,CHP interim/CHP interim,Paraffin waxes,,,0,0,0,observed_zero_only,partial_observation_not_global_validity
LEAP_OBSERVED_PARTIAL,CHP interim/CHP interim,Patent fuel,,,0,0,0,observed_zero_only,partial_observation_not_global_validity
LEAP_OBSERVED_PARTIAL,CHP interim/CHP interim,Petroleum coke,2022,2046,1,23,30,observed_data_valid,partial_observation_not_global_validity
LEAP_OBSERVED_PARTIAL,CHP interim/CHP interim,Refinery feedstocks,,,0,0,0,observed_zero_only,partial_observation_not_global_validity
LEAP_OBSERVED_PARTIAL,CHP interim/CHP interim,Refinery gas not liquefied,2022,2022,1,1,2,observed_data_valid,partial_observation_not_global_validity
LEAP_OBSERVED_PARTIAL,CHP interim/CHP interim,Solar nonspecified,,,0,0,0,observed_zero_only,partial_observation_not_global_validity
LEAP_OBSERVED_PARTIAL,CHP interim/CHP interim,Solar photovoltaics,,,0,0,0,observed_zero_only,partial_observation_not_global_validity
LEAP_OBSERVED_PARTIAL,CHP interim/CHP interim,Sub bituminous coal,2022,2046,4,25,48,observed_data_valid,partial_observation_not_global_validity
LEAP_OBSERVED_PARTIAL,CHP interim/CHP interim,White spirit SBP,,,0,0,0,observed_zero_only,partial_observation_not_global_validity
LEAP_OBSERVED_PARTIAL,CHP interim/CHP interim,Wind,,,0,0,0,observed_zero_only,partial_observation_not_global_validity
LEAP_OBSERVED_PARTIAL,Charcoal processing,AUTO BALANCE,,,0,0,0,observed_zero_only,partial_observation_not_global_validity
LEAP_OBSERVED_PARTIAL,Charcoal processing,Additives and oxygenates,,,0,0,0,observed_zero_only,partial_observation_not_global_validity
LEAP_OBSERVED_PARTIAL,Charcoal processing,Ammonia,,,0,0,0,observed_zero_only,partial_observation_not_global_validity
LEAP_OBSERVED_PARTIAL,Charcoal processing,Anthracite,,,0,0,0,observed_zero_only,partial_observation_not_global_validity
LEAP_OBSERVED_PARTIAL,Charcoal processing,Aviation gasoline,,,0,0,0,observed_zero_only,partial_observation_not_global_validity
LEAP_OBSERVED_PARTIAL,Charcoal processing,BKB and PB,,,0,0,0,observed_zero_only,partial_observation_not_global_validity
LEAP_OBSERVED_PARTIAL,Charcoal processing,Bagasse,,,0,0,0,observed_zero_only,partial_observation_not_global_validity
LEAP_OBSERVED_PARTIAL,Charcoal processing,Bio jet kerosene,,,0,0,0,observed_zero_only,partial_observation_not_global_validity
LEAP_OBSERVED_PARTIAL,Charcoal processing,Biodiesel,,,0,0,0,observed_zero_only,partial_observation_not_global_validity
LEAP_OBSERVED_PARTIAL,Charcoal processing,Biogas,,,0,0,0,observed_zero_only,partial_observation_not_global_validity
LEAP_OBSERVED_PARTIAL,Charcoal processing,Biogasoline,,,0,0,0,observed_zero_only,partial_observation_not_global_validity
LEAP_OBSERVED_PARTIAL,Charcoal processing,Bitumen,,,0,0,0,observed_zero_only,partial_observation_not_global_validity
LEAP_OBSERVED_PARTIAL,Charcoal processing,Black liquor,,,0,0,0,observed_zero_only,partial_observation_not_global_validity
LEAP_OBSERVED_PARTIAL,Charcoal processing,Blast furnace gas,,,0,0,0,observed_zero_only,partial_observation_not_global_validity
LEAP_OBSERVED_PARTIAL,Charcoal processing,Charcoal,2022,2022,3,1,3,observed_data_valid,partial_observation_not_global_validity
LEAP_OBSERVED_PARTIAL,Charcoal processing,Coal tar,,,0,0,0,observed_zero_only,partial_observation_not_global_validity
LEAP_OBSERVED_PARTIAL,Charcoal processing,Coke oven coke,,,0,0,0,observed_zero_only,partial_observation_not_global_validity
LEAP_OBSERVED_PARTIAL,Charcoal processing,Coke oven gas,,,0,0,0,observed_zero_only,partial_observation_not_global_validity
LEAP_OBSERVED_PARTIAL,Charcoal processing,Coking coal,,,0,0,0,observed_zero_only,partial_observation_not_global_validity
LEAP_OBSERVED_PARTIAL,Charcoal processing,Crude oil,,,0,0,0,observed_zero_only,partial_observation_not_global_validity
LEAP_OBSERVED_PARTIAL,Charcoal processing,Efuel,,,0,0,0,observed_zero_only,partial_observation_not_global_validity
LEAP_OBSERVED_PARTIAL,Charcoal processing,Electricity,,,0,0,0,observed_zero_only,partial_observation_not_global_validity
LEAP_OBSERVED_PARTIAL,Charcoal processing,Electricity for hydrogen,,,0,0,0,observed_zero_only,partial_observation_not_global_validity
LEAP_OBSERVED_PARTIAL,Charcoal processing,Ethane,,,0,0,0,observed_zero_only,partial_observation_not_global_validity
LEAP_OBSERVED_PARTIAL,Charcoal processing,Fuel oil,,,0,0,0,observed_zero_only,partial_observation_not_global_validity
LEAP_OBSERVED_PARTIAL,Charcoal processing,Fuelwood and woodwaste,2022,2022,3,1,3,observed_data_valid,partial_observation_not_global_validity
LEAP_OBSERVED_PARTIAL,Charcoal processing,Gas and diesel oil,,,0,0,0,observed_zero_only,partial_observation_not_global_validity
LEAP_OBSERVED_PARTIAL,Charcoal processing,Gas nonspecified,,,0,0,0,observed_zero_only,partial_observation_not_global_validity
LEAP_OBSERVED_PARTIAL,Charcoal processing,Gas works gas,,,0,0,0,observed_zero_only,partial_observation_not_global_validity
LEAP_OBSERVED_PARTIAL,Charcoal processing,Gasoline type jet fuel,,,0,0,0,observed_zero_only,partial_observation_not_global_validity
LEAP_OBSERVED_PARTIAL,Charcoal processing,Geothermal,,,0,0,0,observed_zero_only,partial_observation_not_global_validity
LEAP_OBSERVED_PARTIAL,Charcoal processing,Heat,,,0,0,0,observed_zero_only,partial_observation_not_global_validity
LEAP_OBSERVED_PARTIAL,Charcoal processing,Hydro,,,0,0,0,observed_zero_only,partial_observation_not_global_validity
LEAP_OBSERVED_PARTIAL,Charcoal processing,Hydrogen,,,0,0,0,observed_zero_only,partial_observation_not_global_validity
LEAP_OBSERVED_PARTIAL,Charcoal processing,Industrial waste,,,0,0,0,observed_zero_only,partial_observation_not_global_validity
LEAP_OBSERVED_PARTIAL,Charcoal processing,Kerosene,,,0,0,0,observed_zero_only,partial_observation_not_global_validity
LEAP_OBSERVED_PARTIAL,Charcoal processing,Kerosene type jet fuel,,,0,0,0,observed_zero_only,partial_observation_not_global_validity
LEAP_OBSERVED_PARTIAL,Charcoal processing,LNG,,,0,0,0,observed_zero_only,partial_observation_not_global_validity
LEAP_OBSERVED_PARTIAL,Charcoal processing,LPG,,,0,0,0,observed_zero_only,partial_observation_not_global_validity
LEAP_OBSERVED_PARTIAL,Charcoal processing,Lignite,,,0,0,0,observed_zero_only,partial_observation_not_global_validity
LEAP_OBSERVED_PARTIAL,Charcoal processing,Lubricants,,,0,0,0,observed_zero_only,partial_observation_not_global_validity
LEAP_OBSERVED_PARTIAL,Charcoal processing,Motor gasoline,,,0,0,0,observed_zero_only,partial_observation_not_global_validity
LEAP_OBSERVED_PARTIAL,Charcoal processing,Municipal solid waste non renewable,,,0,0,0,observed_zero_only,partial_observation_not_global_validity
LEAP_OBSERVED_PARTIAL,Charcoal processing,Municipal solid waste renewable,,,0,0,0,observed_zero_only,partial_observation_not_global_validity
LEAP_OBSERVED_PARTIAL,Charcoal processing,Naphtha,,,0,0,0,observed_zero_only,partial_observation_not_global_validity
LEAP_OBSERVED_PARTIAL,Charcoal processing,Natural gas,,,0,0,0,observed_zero_only,partial_observation_not_global_validity
LEAP_OBSERVED_PARTIAL,Charcoal processing,Natural gas liquids,,,0,0,0,observed_zero_only,partial_observation_not_global_validity
LEAP_OBSERVED_PARTIAL,Charcoal processing,Nuclear,,,0,0,0,observed_zero_only,partial_observation_not_global_validity
LEAP_OBSERVED_PARTIAL,Charcoal processing,Other biomass,2022,2022,1,1,1,observed_data_valid,partial_observation_not_global_validity
LEAP_OBSERVED_PARTIAL,Charcoal processing,Other bituminous coal,,,0,0,0,observed_zero_only,partial_observation_not_global_validity
LEAP_OBSERVED_PARTIAL,Charcoal processing,Other hydrocarbons,,,0,0,0,observed_zero_only,partial_observation_not_global_validity
LEAP_OBSERVED_PARTIAL,Charcoal processing,Other liquid biofuels,,,0,0,0,observed_zero_only,partial_observation_not_global_validity
LEAP_OBSERVED_PARTIAL,Charcoal processing,Other products,,,0,0,0,observed_zero_only,partial_observation_not_global_validity
LEAP_OBSERVED_PARTIAL,Charcoal processing,Other recovered gases,,,0,0,0,observed_zero_only,partial_observation_not_global_validity
LEAP_OBSERVED_PARTIAL,Charcoal processing,Other sources,,,0,0,0,observed_zero_only,partial_observation_not_global_validity
LEAP_OBSERVED_PARTIAL,Charcoal processing,Paraffin waxes,,,0,0,0,observed_zero_only,partial_observation_not_global_validity
LEAP_OBSERVED_PARTIAL,Charcoal processing,Patent fuel,,,0,0,0,observed_zero_only,partial_observation_not_global_validity
LEAP_OBSERVED_PARTIAL,Charcoal processing,Petroleum coke,,,0,0,0,observed_zero_only,partial_observation_not_global_validity
LEAP_OBSERVED_PARTIAL,Charcoal processing,Refinery feedstocks,,,0,0,0,observed_zero_only,partial_observation_not_global_validity
LEAP_OBSERVED_PARTIAL,Charcoal processing,Refinery gas not liquefied,,,0,0,0,observed_zero_only,partial_observation_not_global_validity
LEAP_OBSERVED_PARTIAL,Charcoal processing,Solar nonspecified,,,0,0,0,observed_zero_only,partial_observation_not_global_validity
LEAP_OBSERVED_PARTIAL,Charcoal processing,Solar photovoltaics,,,0,0,0,observed_zero_only,partial_observation_not_global_validity
LEAP_OBSERVED_PARTIAL,Charcoal processing,Sub bituminous coal,,,0,0,0,observed_zero_only,partial_observation_not_global_validity
LEAP_OBSERVED_PARTIAL,Charcoal processing,White spirit SBP,,,0,0,0,observed_zero_only,partial_observation_not_global_validity
LEAP_OBSERVED_PARTIAL,Charcoal processing,Wind,,,0,0,0,observed_zero_only,partial_observation_not_global_validity
LEAP_OBSERVED_PARTIAL,Charcoal processing/Charcoal processing,AUTO BALANCE,,,0,0,0,observed_zero_only,partial_observation_not_global_validity
LEAP_OBSERVED_PARTIAL,Charcoal processing/Charcoal processing,Additives and oxygenates,,,0,0,0,observed_zero_only,partial_observation_not_global_validity
LEAP_OBSERVED_PARTIAL,Charcoal processing/Charcoal processing,Ammonia,,,0,0,0,observed_zero_only,partial_observation_not_global_validity
LEAP_OBSERVED_PARTIAL,Charcoal processing/Charcoal processing,Anthracite,,,0,0,0,observed_zero_only,partial_observation_not_global_validity
LEAP_OBSERVED_PARTIAL,Charcoal processing/Charcoal processing,Aviation gasoline,,,0,0,0,observed_zero_only,partial_observation_not_global_validity
LEAP_OBSERVED_PARTIAL,Charcoal processing/Charcoal processing,BKB and PB,,,0,0,0,observed_zero_only,partial_observation_not_global_validity
LEAP_OBSERVED_PARTIAL,Charcoal processing/Charcoal processing,Bagasse,,,0,0,0,observed_zero_only,partial_observation_not_global_validity
LEAP_OBSERVED_PARTIAL,Charcoal processing/Charcoal processing,Bio jet kerosene,,,0,0,0,observed_zero_only,partial_observation_not_global_validity
LEAP_OBSERVED_PARTIAL,Charcoal processing/Charcoal processing,Biodiesel,,,0,0,0,observed_zero_only,partial_observation_not_global_validity
LEAP_OBSERVED_PARTIAL,Charcoal processing/Charcoal processing,Biogas,,,0,0,0,observed_zero_only,partial_observation_not_global_validity
LEAP_OBSERVED_PARTIAL,Charcoal processing/Charcoal processing,Biogasoline,,,0,0,0,observed_zero_only,partial_observation_not_global_validity
LEAP_OBSERVED_PARTIAL,Charcoal processing/Charcoal processing,Bitumen,,,0,0,0,observed_zero_only,partial_observation_not_global_validity
LEAP_OBSERVED_PARTIAL,Charcoal processing/Charcoal processing,Black liquor,,,0,0,0,observed_zero_only,partial_observation_not_global_validity
LEAP_OBSERVED_PARTIAL,Charcoal processing/Charcoal processing,Blast furnace gas,,,0,0,0,observed_zero_only,partial_observation_not_global_validity
LEAP_OBSERVED_PARTIAL,Charcoal processing/Charcoal processing,Charcoal,2022,2022,3,1,3,observed_data_valid,partial_observation_not_global_validity
LEAP_OBSERVED_PARTIAL,Charcoal processing/Charcoal processing,Coal tar,,,0,0,0,observed_zero_only,partial_observation_not_global_validity
LEAP_OBSERVED_PARTIAL,Charcoal processing/Charcoal processing,Coke oven coke,,,0,0,0,observed_zero_only,partial_observation_not_global_validity
LEAP_OBSERVED_PARTIAL,Charcoal processing/Charcoal processing,Coke oven gas,,,0,0,0,observed_zero_only,partial_observation_not_global_validity
LEAP_OBSERVED_PARTIAL,Charcoal processing/Charcoal processing,Coking coal,,,0,0,0,observed_zero_only,partial_observation_not_global_validity
LEAP_OBSERVED_PARTIAL,Charcoal processing/Charcoal processing,Crude oil,,,0,0,0,observed_zero_only,partial_observation_not_global_validity
LEAP_OBSERVED_PARTIAL,Charcoal processing/Charcoal processing,Efuel,,,0,0,0,observed_zero_only,partial_observation_not_global_validity
LEAP_OBSERVED_PARTIAL,Charcoal processing/Charcoal processing,Electricity,,,0,0,0,observed_zero_only,partial_observation_not_global_validity
LEAP_OBSERVED_PARTIAL,Charcoal processing/Charcoal processing,Electricity for hydrogen,,,0,0,0,observed_zero_only,partial_observation_not_global_validity
LEAP_OBSERVED_PARTIAL,Charcoal processing/Charcoal processing,Ethane,,,0,0,0,observed_zero_only,partial_observation_not_global_validity
LEAP_OBSERVED_PARTIAL,Charcoal processing/Charcoal processing,Fuel oil,,,0,0,0,observed_zero_only,partial_observation_not_global_validity
LEAP_OBSERVED_PARTIAL,Charcoal processing/Charcoal processing,Fuelwood and woodwaste,2022,2022,3,1,3,observed_data_valid,partial_observation_not_global_validity
LEAP_OBSERVED_PARTIAL,Charcoal processing/Charcoal processing,Gas and diesel oil,,,0,0,0,observed_zero_only,partial_observation_not_global_validity
LEAP_OBSERVED_PARTIAL,Charcoal processing/Charcoal processing,Gas nonspecified,,,0,0,0,observed_zero_only,partial_observation_not_global_validity
LEAP_OBSERVED_PARTIAL,Charcoal processing/Charcoal processing,Gas works gas,,,0,0,0,observed_zero_only,partial_observation_not_global_validity
LEAP_OBSERVED_PARTIAL,Charcoal processing/Charcoal processing,Gasoline type jet fuel,,,0,0,0,observed_zero_only,partial_observation_not_global_validity
LEAP_OBSERVED_PARTIAL,Charcoal processing/Charcoal processing,Geothermal,,,0,0,0,observed_zero_only,partial_observation_not_global_validity
LEAP_OBSERVED_PARTIAL,Charcoal processing/Charcoal processing,Heat,,,0,0,0,observed_zero_only,partial_observation_not_global_validity
LEAP_OBSERVED_PARTIAL,Charcoal processing/Charcoal processing,Hydro,,,0,0,0,observed_zero_only,partial_observation_not_global_validity
LEAP_OBSERVED_PARTIAL,Charcoal processing/Charcoal processing,Hydrogen,,,0,0,0,observed_zero_only,partial_observation_not_global_validity
LEAP_OBSERVED_PARTIAL,Charcoal processing/Charcoal processing,Industrial waste,,,0,0,0,observed_zero_only,partial_observation_not_global_validity
LEAP_OBSERVED_PARTIAL,Charcoal processing/Charcoal processing,Kerosene,,,0,0,0,observed_zero_only,partial_observation_not_global_validity
LEAP_OBSERVED_PARTIAL,Charcoal processing/Charcoal processing,Kerosene type jet fuel,,,0,0,0,observed_zero_only,partial_observation_not_global_validity
LEAP_OBSERVED_PARTIAL,Charcoal processing/Charcoal processing,LNG,,,0,0,0,observed_zero_only,partial_observation_not_global_validity
LEAP_OBSERVED_PARTIAL,Charcoal processing/Charcoal processing,LPG,,,0,0,0,observed_zero_only,partial_observation_not_global_validity
LEAP_OBSERVED_PARTIAL,Charcoal processing/Charcoal processing,Lignite,,,0,0,0,observed_zero_only,partial_observation_not_global_validity
LEAP_OBSERVED_PARTIAL,Charcoal processing/Charcoal processing,Lubricants,,,0,0,0,observed_zero_only,partial_observation_not_global_validity
LEAP_OBSERVED_PARTIAL,Charcoal processing/Charcoal processing,Motor gasoline,,,0,0,0,observed_zero_only,partial_observation_not_global_validity
LEAP_OBSERVED_PARTIAL,Charcoal processing/Charcoal processing,Municipal solid waste non renewable,,,0,0,0,observed_zero_only,partial_observation_not_global_validity
LEAP_OBSERVED_PARTIAL,Charcoal processing/Charcoal processing,Municipal solid waste renewable,,,0,0,0,observed_zero_only,partial_observation_not_global_validity
LEAP_OBSERVED_PARTIAL,Charcoal processing/Charcoal processing,Naphtha,,,0,0,0,observed_zero_only,partial_observation_not_global_validity
LEAP_OBSERVED_PARTIAL,Charcoal processing/Charcoal processing,Natural gas,,,0,0,0,observed_zero_only,partial_observation_not_global_validity
LEAP_OBSERVED_PARTIAL,Charcoal processing/Charcoal processing,Natural gas liquids,,,0,0,0,observed_zero_only,partial_observation_not_global_validity
LEAP_OBSERVED_PARTIAL,Charcoal processing/Charcoal processing,Nuclear,,,0,0,0,observed_zero_only,partial_observation_not_global_validity
LEAP_OBSERVED_PARTIAL,Charcoal processing/Charcoal processing,Other biomass,2022,2022,1,1,1,observed_data_valid,partial_observation_not_global_validity
LEAP_OBSERVED_PARTIAL,Charcoal processing/Charcoal processing,Other bituminous coal,,,0,0,0,observed_zero_only,partial_observation_not_global_validity
LEAP_OBSERVED_PARTIAL,Charcoal processing/Charcoal processing,Other hydrocarbons,,,0,0,0,observed_zero_only,partial_observation_not_global_validity
LEAP_OBSERVED_PARTIAL,Charcoal processing/Charcoal processing,Other liquid biofuels,,,0,0,0,observed_zero_only,partial_observation_not_global_validity
LEAP_OBSERVED_PARTIAL,Charcoal processing/Charcoal processing,Other products,,,0,0,0,observed_zero_only,partial_observation_not_global_validity
LEAP_OBSERVED_PARTIAL,Charcoal processing/Charcoal processing,Other recovered gases,,,0,0,0,observed_zero_only,partial_observation_not_global_validity
LEAP_OBSERVED_PARTIAL,Charcoal processing/Charcoal processing,Other sources,,,0,0,0,observed_zero_only,partial_observation_not_global_validity
LEAP_OBSERVED_PARTIAL,Charcoal processing/Charcoal processing,Paraffin waxes,,,0,0,0,observed_zero_only,partial_observation_not_global_validity
LEAP_OBSERVED_PARTIAL,Charcoal processing/Charcoal processing,Patent fuel,,,0,0,0,observed_zero_only,partial_observation_not_global_validity
LEAP_OBSERVED_PARTIAL,Charcoal processing/Charcoal processing,Petroleum coke,,,0,0,0,observed_zero_only,partial_observation_not_global_validity
LEAP_OBSERVED_PARTIAL,Charcoal processing/Charcoal processing,Refinery feedstocks,,,0,0,0,observed_zero_only,partial_observation_not_global_validity
LEAP_OBSERVED_PARTIAL,Charcoal processing/Charcoal processing,Refinery gas not liquefied,,,0,0,0,observed_zero_only,partial_observation_not_global_validity
LEAP_OBSERVED_PARTIAL,Charcoal processing/Charcoal processing,Solar nonspecified,,,0,0,0,observed_zero_only,partial_observation_not_global_validity
LEAP_OBSERVED_PARTIAL,Charcoal processing/Charcoal processing,Solar photovoltaics,,,0,0,0,observed_zero_only,partial_observation_not_global_validity
LEAP_OBSERVED_PARTIAL,Charcoal processing/Charcoal processing,Sub bituminous coal,,,0,0,0,observed_zero_only,partial_observation_not_global_validity
LEAP_OBSERVED_PARTIAL,Charcoal processing/Charcoal processing,White spirit SBP,,,0,0,0,observed_zero_only,partial_observation_not_global_validity
LEAP_OBSERVED_PARTIAL,Charcoal processing/Charcoal processing,Wind,,,0,0,0,observed_zero_only,partial_observation_not_global_validity
LEAP_OBSERVED_PARTIAL,Chemical heat for electricity production,AUTO BALANCE,,,0,0,0,observed_zero_only,partial_observation_not_global_validity
LEAP_OBSERVED_PARTIAL,Chemical heat for electricity production,Additives and oxygenates,,,0,0,0,observed_zero_only,partial_observation_not_global_validity
LEAP_OBSERVED_PARTIAL,Chemical heat for electricity production,Ammonia,,,0,0,0,observed_zero_only,partial_observation_not_global_validity
LEAP_OBSERVED_PARTIAL,Chemical heat for electricity production,Anthracite,,,0,0,0,observed_zero_only,partial_observation_not_global_validity
LEAP_OBSERVED_PARTIAL,Chemical heat for electricity production,Aviation gasoline,,,0,0,0,observed_zero_only,partial_observation_not_global_validity
LEAP_OBSERVED_PARTIAL,Chemical heat for electricity production,BKB and PB,,,0,0,0,observed_zero_only,partial_observation_not_global_validity
LEAP_OBSERVED_PARTIAL,Chemical heat for electricity production,Bagasse,,,0,0,0,observed_zero_only,partial_observation_not_global_validity
LEAP_OBSERVED_PARTIAL,Chemical heat for electricity production,Bio jet kerosene,,,0,0,0,observed_zero_only,partial_observation_not_global_validity
LEAP_OBSERVED_PARTIAL,Chemical heat for electricity production,Biodiesel,,,0,0,0,observed_zero_only,partial_observation_not_global_validity
LEAP_OBSERVED_PARTIAL,Chemical heat for electricity production,Biogas,,,0,0,0,observed_zero_only,partial_observation_not_global_validity
LEAP_OBSERVED_PARTIAL,Chemical heat for electricity production,Biogasoline,,,0,0,0,observed_zero_only,partial_observation_not_global_validity
LEAP_OBSERVED_PARTIAL,Chemical heat for electricity production,Bitumen,,,0,0,0,observed_zero_only,partial_observation_not_global_validity
LEAP_OBSERVED_PARTIAL,Chemical heat for electricity production,Black liquor,,,0,0,0,observed_zero_only,partial_observation_not_global_validity
LEAP_OBSERVED_PARTIAL,Chemical heat for electricity production,Blast furnace gas,,,0,0,0,observed_zero_only,partial_observation_not_global_validity
LEAP_OBSERVED_PARTIAL,Chemical heat for electricity production,Charcoal,,,0,0,0,observed_zero_only,partial_observation_not_global_validity
LEAP_OBSERVED_PARTIAL,Chemical heat for electricity production,Coal tar,,,0,0,0,observed_zero_only,partial_observation_not_global_validity
LEAP_OBSERVED_PARTIAL,Chemical heat for electricity production,Coke oven coke,,,0,0,0,observed_zero_only,partial_observation_not_global_validity
LEAP_OBSERVED_PARTIAL,Chemical heat for electricity production,Coke oven gas,,,0,0,0,observed_zero_only,partial_observation_not_global_validity
LEAP_OBSERVED_PARTIAL,Chemical heat for electricity production,Coking coal,,,0,0,0,observed_zero_only,partial_observation_not_global_validity
LEAP_OBSERVED_PARTIAL,Chemical heat for electricity production,Crude oil,,,0,0,0,observed_zero_only,partial_observation_not_global_validity
LEAP_OBSERVED_PARTIAL,Chemical heat for electricity production,Efuel,,,0,0,0,observed_zero_only,partial_observation_not_global_validity
LEAP_OBSERVED_PARTIAL,Chemical heat for electricity production,Electricity,,,0,0,0,observed_zero_only,partial_observation_not_global_validity
LEAP_OBSERVED_PARTIAL,Chemical heat for electricity production,Electricity for hydrogen,,,0,0,0,observed_zero_only,partial_observation_not_global_validity
LEAP_OBSERVED_PARTIAL,Chemical heat for electricity production,Ethane,,,0,0,0,observed_zero_only,partial_observation_not_global_validity
LEAP_OBSERVED_PARTIAL,Chemical heat for electricity production,Fuel oil,,,0,0,0,observed_zero_only,partial_observation_not_global_validity
LEAP_OBSERVED_PARTIAL,Chemical heat for electricity production,Fuelwood and woodwaste,,,0,0,0,observed_zero_only,partial_observation_not_global_validity
LEAP_OBSERVED_PARTIAL,Chemical heat for electricity production,Gas and diesel oil,,,0,0,0,observed_zero_only,partial_observation_not_global_validity
LEAP_OBSERVED_PARTIAL,Chemical heat for electricity production,Gas nonspecified,,,0,0,0,observed_zero_only,partial_observation_not_global_validity
LEAP_OBSERVED_PARTIAL,Chemical heat for electricity production,Gas works gas,,,0,0,0,observed_zero_only,partial_observation_not_global_validity
LEAP_OBSERVED_PARTIAL,Chemical heat for electricity production,Gasoline type jet fuel,,,0,0,0,observed_zero_only,partial_observation_not_global_validity
LEAP_OBSERVED_PARTIAL,Chemical heat for electricity production,Geothermal,,,0,0,0,observed_zero_only,partial_observation_not_global_validity
LEAP_OBSERVED_PARTIAL,Chemical heat for electricity production,Heat,,,0,0,0,observed_zero_only,partial_observation_not_global_validity
LEAP_OBSERVED_PARTIAL,Chemical heat for electricity production,Hydro,,,0,0,0,observed_zero_only,partial_observation_not_global_validity
LEAP_OBSERVED_PARTIAL,Chemical heat for electricity production,Hydrogen,,,0,0,0,observed_zero_only,partial_observation_not_global_validity
LEAP_OBSERVED_PARTIAL,Chemical heat for electricity production,Industrial waste,,,0,0,0,observed_zero_only,partial_observation_not_global_validity
LEAP_OBSERVED_PARTIAL,Chemical heat for electricity production,Kerosene,,,0,0,0,observed_zero_only,partial_observation_not_global_validity
LEAP_OBSERVED_PARTIAL,Chemical heat for electricity production,Kerosene type jet fuel,,,0,0,0,observed_zero_only,partial_observation_not_global_validity
LEAP_OBSERVED_PARTIAL,Chemical heat for electricity production,LNG,,,0,0,0,observed_zero_only,partial_observation_not_global_validity
LEAP_OBSERVED_PARTIAL,Chemical heat for electricity production,LPG,,,0,0,0,observed_zero_only,partial_observation_not_global_validity
LEAP_OBSERVED_PARTIAL,Chemical heat for electricity production,Lignite,,,0,0,0,observed_zero_only,partial_observation_not_global_validity
LEAP_OBSERVED_PARTIAL,Chemical heat for electricity production,Lubricants,,,0,0,0,observed_zero_only,partial_observation_not_global_validity
LEAP_OBSERVED_PARTIAL,Chemical heat for electricity production,Motor gasoline,,,0,0,0,observed_zero_only,partial_observation_not_global_validity
LEAP_OBSERVED_PARTIAL,Chemical heat for electricity production,Municipal solid waste non renewable,,,0,0,0,observed_zero_only,partial_observation_not_global_validity
LEAP_OBSERVED_PARTIAL,Chemical heat for electricity production,Municipal solid waste renewable,,,0,0,0,observed_zero_only,partial_observation_not_global_validity
LEAP_OBSERVED_PARTIAL,Chemical heat for electricity production,Naphtha,,,0,0,0,observed_zero_only,partial_observation_not_global_validity
LEAP_OBSERVED_PARTIAL,Chemical heat for electricity production,Natural gas,,,0,0,0,observed_zero_only,partial_observation_not_global_validity
LEAP_OBSERVED_PARTIAL,Chemical heat for electricity production,Natural gas liquids,,,0,0,0,observed_zero_only,partial_observation_not_global_validity
LEAP_OBSERVED_PARTIAL,Chemical heat for electricity production,Nuclear,,,0,0,0,observed_zero_only,partial_observation_not_global_validity
LEAP_OBSERVED_PARTIAL,Chemical heat for electricity production,Other biomass,,,0,0,0,observed_zero_only,partial_observation_not_global_validity
LEAP_OBSERVED_PARTIAL,Chemical heat for electricity production,Other bituminous coal,,,0,0,0,observed_zero_only,partial_observation_not_global_validity
LEAP_OBSERVED_PARTIAL,Chemical heat for electricity production,Other hydrocarbons,,,0,0,0,observed_zero_only,partial_observation_not_global_validity
LEAP_OBSERVED_PARTIAL,Chemical heat for electricity production,Other liquid biofuels,,,0,0,0,observed_zero_only,partial_observation_not_global_validity
LEAP_OBSERVED_PARTIAL,Chemical heat for electricity production,Other products,,,0,0,0,observed_zero_only,partial_observation_not_global_validity
LEAP_OBSERVED_PARTIAL,Chemical heat for electricity production,Other recovered gases,,,0,0,0,observed_zero_only,partial_observation_not_global_validity
LEAP_OBSERVED_PARTIAL,Chemical heat for electricity production,Other sources,,,0,0,0,observed_zero_only,partial_observation_not_global_validity
LEAP_OBSERVED_PARTIAL,Chemical heat for electricity production,Paraffin waxes,,,0,0,0,observed_zero_only,partial_observation_not_global_validity
LEAP_OBSERVED_PARTIAL,Chemical heat for electricity production,Patent fuel,,,0,0,0,observed_zero_only,partial_observation_not_global_validity
LEAP_OBSERVED_PARTIAL,Chemical heat for electricity production,Petroleum coke,,,0,0,0,observed_zero_only,partial_observation_not_global_validity
LEAP_OBSERVED_PARTIAL,Chemical heat for electricity production,Refinery feedstocks,,,0,0,0,observed_zero_only,partial_observation_not_global_validity
LEAP_OBSERVED_PARTIAL,Chemical heat for electricity production,Refinery gas not liquefied,,,0,0,0,observed_zero_only,partial_observation_not_global_validity
LEAP_OBSERVED_PARTIAL,Chemical heat for electricity production,Solar nonspecified,,,0,0,0,observed_zero_only,partial_observation_not_global_validity
LEAP_OBSERVED_PARTIAL,Chemical heat for electricity production,Solar photovoltaics,,,0,0,0,observed_zero_only,partial_observation_not_global_validity
LEAP_OBSERVED_PARTIAL,Chemical heat for electricity production,Sub bituminous coal,,,0,0,0,observed_zero_only,partial_observation_not_global_validity
LEAP_OBSERVED_PARTIAL,Chemical heat for electricity production,White spirit SBP,,,0,0,0,observed_zero_only,partial_observation_not_global_validity
LEAP_OBSERVED_PARTIAL,Chemical heat for electricity production,Wind,,,0,0,0,observed_zero_only,partial_observation_not_global_validity
LEAP_OBSERVED_PARTIAL,Chemical heat for electricity production/Chemical heat for electricity production,AUTO BALANCE,,,0,0,0,observed_zero_only,partial_observation_not_global_validity
LEAP_OBSERVED_PARTIAL,Chemical heat for electricity production/Chemical heat for electricity production,Additives and oxygenates,,,0,0,0,observed_zero_only,partial_observation_not_global_validity
LEAP_OBSERVED_PARTIAL,Chemical heat for electricity production/Chemical heat for electricity production,Ammonia,,,0,0,0,observed_zero_only,partial_observation_not_global_validity
LEAP_OBSERVED_PARTIAL,Chemical heat for electricity production/Chemical heat for electricity production,Anthracite,,,0,0,0,observed_zero_only,partial_observation_not_global_validity
LEAP_OBSERVED_PARTIAL,Chemical heat for electricity production/Chemical heat for electricity production,Aviation gasoline,,,0,0,0,observed_zero_only,partial_observation_not_global_validity
LEAP_OBSERVED_PARTIAL,Chemical heat for electricity production/Chemical heat for electricity production,BKB and PB,,,0,0,0,observed_zero_only,partial_observation_not_global_validity
LEAP_OBSERVED_PARTIAL,Chemical heat for electricity production/Chemical heat for electricity production,Bagasse,,,0,0,0,observed_zero_only,partial_observation_not_global_validity
LEAP_OBSERVED_PARTIAL,Chemical heat for electricity production/Chemical heat for electricity production,Bio jet kerosene,,,0,0,0,observed_zero_only,partial_observation_not_global_validity
LEAP_OBSERVED_PARTIAL,Chemical heat for electricity production/Chemical heat for electricity production,Biodiesel,,,0,0,0,observed_zero_only,partial_observation_not_global_validity
LEAP_OBSERVED_PARTIAL,Chemical heat for electricity production/Chemical heat for electricity production,Biogas,,,0,0,0,observed_zero_only,partial_observation_not_global_validity
LEAP_OBSERVED_PARTIAL,Chemical heat for electricity production/Chemical heat for electricity production,Biogasoline,,,0,0,0,observed_zero_only,partial_observation_not_global_validity
LEAP_OBSERVED_PARTIAL,Chemical heat for electricity production/Chemical heat for electricity production,Bitumen,,,0,0,0,observed_zero_only,partial_observation_not_global_validity
LEAP_OBSERVED_PARTIAL,Chemical heat for electricity production/Chemical heat for electricity production,Black liquor,,,0,0,0,observed_zero_only,partial_observation_not_global_validity
LEAP_OBSERVED_PARTIAL,Chemical heat for electricity production/Chemical heat for electricity production,Blast furnace gas,,,0,0,0,observed_zero_only,partial_observation_not_global_validity
LEAP_OBSERVED_PARTIAL,Chemical heat for electricity production/Chemical heat for electricity production,Charcoal,,,0,0,0,observed_zero_only,partial_observation_not_global_validity
LEAP_OBSERVED_PARTIAL,Chemical heat for electricity production/Chemical heat for electricity production,Coal tar,,,0,0,0,observed_zero_only,partial_observation_not_global_validity
LEAP_OBSERVED_PARTIAL,Chemical heat for electricity production/Chemical heat for electricity production,Coke oven coke,,,0,0,0,observed_zero_only,partial_observation_not_global_validity
LEAP_OBSERVED_PARTIAL,Chemical heat for electricity production/Chemical heat for electricity production,Coke oven gas,,,0,0,0,observed_zero_only,partial_observation_not_global_validity
LEAP_OBSERVED_PARTIAL,Chemical heat for electricity production/Chemical heat for electricity production,Coking coal,,,0,0,0,observed_zero_only,partial_observation_not_global_validity
LEAP_OBSERVED_PARTIAL,Chemical heat for electricity production/Chemical heat for electricity production,Crude oil,,,0,0,0,observed_zero_only,partial_observation_not_global_validity
LEAP_OBSERVED_PARTIAL,Chemical heat for electricity production/Chemical heat for electricity production,Efuel,,,0,0,0,observed_zero_only,partial_observation_not_global_validity
LEAP_OBSERVED_PARTIAL,Chemical heat for electricity production/Chemical heat for electricity production,Electricity,,,0,0,0,observed_zero_only,partial_observation_not_global_validity
LEAP_OBSERVED_PARTIAL,Chemical heat for electricity production/Chemical heat for electricity production,Electricity for hydrogen,,,0,0,0,observed_zero_only,partial_observation_not_global_validity
LEAP_OBSERVED_PARTIAL,Chemical heat for electricity production/Chemical heat for electricity production,Ethane,,,0,0,0,observed_zero_only,partial_observation_not_global_validity
LEAP_OBSERVED_PARTIAL,Chemical heat for electricity production/Chemical heat for electricity production,Fuel oil,,,0,0,0,observed_zero_only,partial_observation_not_global_validity
LEAP_OBSERVED_PARTIAL,Chemical heat for electricity production/Chemical heat for electricity production,Fuelwood and woodwaste,,,0,0,0,observed_zero_only,partial_observation_not_global_validity
LEAP_OBSERVED_PARTIAL,Chemical heat for electricity production/Chemical heat for electricity production,Gas and diesel oil,,,0,0,0,observed_zero_only,partial_observation_not_global_validity
LEAP_OBSERVED_PARTIAL,Chemical heat for electricity production/Chemical heat for electricity production,Gas nonspecified,,,0,0,0,observed_zero_only,partial_observation_not_global_validity
LEAP_OBSERVED_PARTIAL,Chemical heat for electricity production/Chemical heat for electricity production,Gas works gas,,,0,0,0,observed_zero_only,partial_observation_not_global_validity
LEAP_OBSERVED_PARTIAL,Chemical heat for electricity production/Chemical heat for electricity production,Gasoline type jet fuel,,,0,0,0,observed_zero_only,partial_observation_not_global_validity
LEAP_OBSERVED_PARTIAL,Chemical heat for electricity production/Chemical heat for electricity production,Geothermal,,,0,0,0,observed_zero_only,partial_observation_not_global_validity
LEAP_OBSERVED_PARTIAL,Chemical heat for electricity production/Chemical heat for electricity production,Heat,,,0,0,0,observed_zero_only,partial_observation_not_global_validity
LEAP_OBSERVED_PARTIAL,Chemical heat for electricity production/Chemical heat for electricity production,Hydro,,,0,0,0,observed_zero_only,partial_observation_not_global_validity
LEAP_OBSERVED_PARTIAL,Chemical heat for electricity production/Chemical heat for electricity production,Hydrogen,,,0,0,0,observed_zero_only,partial_observation_not_global_validity
LEAP_OBSERVED_PARTIAL,Chemical heat for electricity production/Chemical heat for electricity production,Industrial waste,,,0,0,0,observed_zero_only,partial_observation_not_global_validity
LEAP_OBSERVED_PARTIAL,Chemical heat for electricity production/Chemical heat for electricity production,Kerosene,,,0,0,0,observed_zero_only,partial_observation_not_global_validity
LEAP_OBSERVED_PARTIAL,Chemical heat for electricity production/Chemical heat for electricity production,Kerosene type jet fuel,,,0,0,0,observed_zero_only,partial_observation_not_global_validity
LEAP_OBSERVED_PARTIAL,Chemical heat for electricity production/Chemical heat for electricity production,LNG,,,0,0,0,observed_zero_only,partial_observation_not_global_validity
LEAP_OBSERVED_PARTIAL,Chemical heat for electricity production/Chemical heat for electricity production,LPG,,,0,0,0,observed_zero_only,partial_observation_not_global_validity
LEAP_OBSERVED_PARTIAL,Chemical heat for electricity production/Chemical heat for electricity production,Lignite,,,0,0,0,observed_zero_only,partial_observation_not_global_validity
LEAP_OBSERVED_PARTIAL,Chemical heat for electricity production/Chemical heat for electricity production,Lubricants,,,0,0,0,observed_zero_only,partial_observation_not_global_validity
LEAP_OBSERVED_PARTIAL,Chemical heat for electricity production/Chemical heat for electricity production,Motor gasoline,,,0,0,0,observed_zero_only,partial_observation_not_global_validity
LEAP_OBSERVED_PARTIAL,Chemical heat for electricity production/Chemical heat for electricity production,Municipal solid waste non renewable,,,0,0,0,observed_zero_only,partial_observation_not_global_validity
LEAP_OBSERVED_PARTIAL,Chemical heat for electricity production/Chemical heat for electricity production,Municipal solid waste renewable,,,0,0,0,observed_zero_only,partial_observation_not_global_validity
LEAP_OBSERVED_PARTIAL,Chemical heat for electricity production/Chemical heat for electricity production,Naphtha,,,0,0,0,observed_zero_only,partial_observation_not_global_validity
LEAP_OBSERVED_PARTIAL,Chemical heat for electricity production/Chemical heat for electricity production,Natural gas,,,0,0,0,observed_zero_only,partial_observation_not_global_validity
LEAP_OBSERVED_PARTIAL,Chemical heat for electricity production/Chemical heat for electricity production,Natural gas liquids,,,0,0,0,observed_zero_only,partial_observation_not_global_validity
LEAP_OBSERVED_PARTIAL,Chemical heat for electricity production/Chemical heat for electricity production,Nuclear,,,0,0,0,observed_zero_only,partial_observation_not_global_validity
LEAP_OBSERVED_PARTIAL,Chemical heat for electricity production/Chemical heat for electricity production,Other biomass,,,0,0,0,observed_zero_only,partial_observation_not_global_validity
LEAP_OBSERVED_PARTIAL,Chemical heat for electricity production/Chemical heat for electricity production,Other bituminous coal,,,0,0,0,observed_zero_only,partial_observation_not_global_validity
LEAP_OBSERVED_PARTIAL,Chemical heat for electricity production/Chemical heat for electricity production,Other hydrocarbons,,,0,0,0,observed_zero_only,partial_observation_not_global_validity
LEAP_OBSERVED_PARTIAL,Chemical heat for electricity production/Chemical heat for electricity production,Other liquid biofuels,,,0,0,0,observed_zero_only,partial_observation_not_global_validity
LEAP_OBSERVED_PARTIAL,Chemical heat for electricity production/Chemical heat for electricity production,Other products,,,0,0,0,observed_zero_only,partial_observation_not_global_validity
LEAP_OBSERVED_PARTIAL,Chemical heat for electricity production/Chemical heat for electricity production,Other recovered gases,,,0,0,0,observed_zero_only,partial_observation_not_global_validity
LEAP_OBSERVED_PARTIAL,Chemical heat for electricity production/Chemical heat for electricity production,Other sources,,,0,0,0,observed_zero_only,partial_observation_not_global_validity
LEAP_OBSERVED_PARTIAL,Chemical heat for electricity production/Chemical heat for electricity production,Paraffin waxes,,,0,0,0,observed_zero_only,partial_observation_not_global_validity
LEAP_OBSERVED_PARTIAL,Chemical heat for electricity production/Chemical heat for electricity production,Patent fuel,,,0,0,0,observed_zero_only,partial_observation_not_global_validity
LEAP_OBSERVED_PARTIAL,Chemical heat for electricity production/Chemical heat for electricity production,Petroleum coke,,,0,0,0,observed_zero_only,partial_observation_not_global_validity
LEAP_OBSERVED_PARTIAL,Chemical heat for electricity production/Chemical heat for electricity production,Refinery feedstocks,,,0,0,0,observed_zero_only,partial_observation_not_global_validity
LEAP_OBSERVED_PARTIAL,Chemical heat for electricity production/Chemical heat for electricity production,Refinery gas not liquefied,,,0,0,0,observed_zero_only,partial_observation_not_global_validity
LEAP_OBSERVED_PARTIAL,Chemical heat for electricity production/Chemical heat for electricity production,Solar nonspecified,,,0,0,0,observed_zero_only,partial_observation_not_global_validity
LEAP_OBSERVED_PARTIAL,Chemical heat for electricity production/Chemical heat for electricity production,Solar photovoltaics,,,0,0,0,observed_zero_only,partial_observation_not_global_validity
LEAP_OBSERVED_PARTIAL,Chemical heat for electricity production/Chemical heat for electricity production,Sub bituminous coal,,,0,0,0,observed_zero_only,partial_observation_not_global_validity
LEAP_OBSERVED_PARTIAL,Chemical heat for electricity production/Chemical heat for electricity production,White spirit SBP,,,0,0,0,observed_zero_only,partial_observation_not_global_validity
LEAP_OBSERVED_PARTIAL,Chemical heat for electricity production/Chemical heat for electricity production,Wind,,,0,0,0,observed_zero_only,partial_observation_not_global_validity
LEAP_OBSERVED_PARTIAL,Coke ovens,AUTO BALANCE,,,0,0,0,observed_zero_only,partial_observation_not_global_validity
LEAP_OBSERVED_PARTIAL,Coke ovens,Additives and oxygenates,,,0,0,0,observed_zero_only,partial_observation_not_global_validity
LEAP_OBSERVED_PARTIAL,Coke ovens,Ammonia,,,0,0,0,observed_zero_only,partial_observation_not_global_validity
LEAP_OBSERVED_PARTIAL,Coke ovens,Anthracite,,,0,0,0,observed_zero_only,partial_observation_not_global_validity
LEAP_OBSERVED_PARTIAL,Coke ovens,Aviation gasoline,,,0,0,0,observed_zero_only,partial_observation_not_global_validity
LEAP_OBSERVED_PARTIAL,Coke ovens,BKB and PB,,,0,0,0,observed_zero_only,partial_observation_not_global_validity
LEAP_OBSERVED_PARTIAL,Coke ovens,Bagasse,,,0,0,0,observed_zero_only,partial_observation_not_global_validity
LEAP_OBSERVED_PARTIAL,Coke ovens,Bio jet kerosene,,,0,0,0,observed_zero_only,partial_observation_not_global_validity
LEAP_OBSERVED_PARTIAL,Coke ovens,Biodiesel,,,0,0,0,observed_zero_only,partial_observation_not_global_validity
LEAP_OBSERVED_PARTIAL,Coke ovens,Biogas,,,0,0,0,observed_zero_only,partial_observation_not_global_validity
LEAP_OBSERVED_PARTIAL,Coke ovens,Biogasoline,,,0,0,0,observed_zero_only,partial_observation_not_global_validity
LEAP_OBSERVED_PARTIAL,Coke ovens,Bitumen,,,0,0,0,observed_zero_only,partial_observation_not_global_validity
LEAP_OBSERVED_PARTIAL,Coke ovens,Black liquor,,,0,0,0,observed_zero_only,partial_observation_not_global_validity
LEAP_OBSERVED_PARTIAL,Coke ovens,Blast furnace gas,2022,2060,2,39,96,observed_data_valid,partial_observation_not_global_validity
LEAP_OBSERVED_PARTIAL,Coke ovens,Charcoal,,,0,0,0,observed_zero_only,partial_observation_not_global_validity
LEAP_OBSERVED_PARTIAL,Coke ovens,Coal tar,2022,2060,2,39,156,observed_data_valid,partial_observation_not_global_validity
LEAP_OBSERVED_PARTIAL,Coke ovens,Coke oven coke,2022,2060,4,39,252,observed_data_valid,partial_observation_not_global_validity
LEAP_OBSERVED_PARTIAL,Coke ovens,Coke oven gas,2022,2060,4,39,252,observed_data_valid,partial_observation_not_global_validity
LEAP_OBSERVED_PARTIAL,Coke ovens,Coking coal,2022,2060,2,39,156,observed_data_valid,partial_observation_not_global_validity
LEAP_OBSERVED_PARTIAL,Coke ovens,Crude oil,,,0,0,0,observed_zero_only,partial_observation_not_global_validity
LEAP_OBSERVED_PARTIAL,Coke ovens,Efuel,,,0,0,0,observed_zero_only,partial_observation_not_global_validity
LEAP_OBSERVED_PARTIAL,Coke ovens,Electricity,2022,2060,2,39,156,observed_data_valid,partial_observation_not_global_validity
LEAP_OBSERVED_PARTIAL,Coke ovens,Electricity for hydrogen,,,0,0,0,observed_zero_only,partial_observation_not_global_validity
LEAP_OBSERVED_PARTIAL,Coke ovens,Ethane,,,0,0,0,observed_zero_only,partial_observation_not_global_validity
LEAP_OBSERVED_PARTIAL,Coke ovens,Fuel oil,,,0,0,0,observed_zero_only,partial_observation_not_global_validity
LEAP_OBSERVED_PARTIAL,Coke ovens,Fuelwood and woodwaste,,,0,0,0,observed_zero_only,partial_observation_not_global_validity
LEAP_OBSERVED_PARTIAL,Coke ovens,Gas and diesel oil,,,0,0,0,observed_zero_only,partial_observation_not_global_validity
LEAP_OBSERVED_PARTIAL,Coke ovens,Gas nonspecified,,,0,0,0,observed_zero_only,partial_observation_not_global_validity
LEAP_OBSERVED_PARTIAL,Coke ovens,Gas works gas,,,0,0,0,observed_zero_only,partial_observation_not_global_validity
LEAP_OBSERVED_PARTIAL,Coke ovens,Gasoline type jet fuel,,,0,0,0,observed_zero_only,partial_observation_not_global_validity
LEAP_OBSERVED_PARTIAL,Coke ovens,Geothermal,,,0,0,0,observed_zero_only,partial_observation_not_global_validity
LEAP_OBSERVED_PARTIAL,Coke ovens,Heat,,,0,0,0,observed_zero_only,partial_observation_not_global_validity
LEAP_OBSERVED_PARTIAL,Coke ovens,Hydro,,,0,0,0,observed_zero_only,partial_observation_not_global_validity
LEAP_OBSERVED_PARTIAL,Coke ovens,Hydrogen,,,0,0,0,observed_zero_only,partial_observation_not_global_validity
LEAP_OBSERVED_PARTIAL,Coke ovens,Industrial waste,,,0,0,0,observed_zero_only,partial_observation_not_global_validity
LEAP_OBSERVED_PARTIAL,Coke ovens,Kerosene,,,0,0,0,observed_zero_only,partial_observation_not_global_validity
LEAP_OBSERVED_PARTIAL,Coke ovens,Kerosene type jet fuel,,,0,0,0,observed_zero_only,partial_observation_not_global_validity
LEAP_OBSERVED_PARTIAL,Coke ovens,LNG,,,0,0,0,observed_zero_only,partial_observation_not_global_validity
LEAP_OBSERVED_PARTIAL,Coke ovens,LPG,,,0,0,0,observed_zero_only,partial_observation_not_global_validity
LEAP_OBSERVED_PARTIAL,Coke ovens,Lignite,,,0,0,0,observed_zero_only,partial_observation_not_global_validity
LEAP_OBSERVED_PARTIAL,Coke ovens,Lubricants,,,0,0,0,observed_zero_only,partial_observation_not_global_validity
LEAP_OBSERVED_PARTIAL,Coke ovens,Motor gasoline,,,0,0,0,observed_zero_only,partial_observation_not_global_validity
LEAP_OBSERVED_PARTIAL,Coke ovens,Municipal solid waste non renewable,,,0,0,0,observed_zero_only,partial_observation_not_global_validity
LEAP_OBSERVED_PARTIAL,Coke ovens,Municipal solid waste renewable,,,0,0,0,observed_zero_only,partial_observation_not_global_validity
LEAP_OBSERVED_PARTIAL,Coke ovens,Naphtha,,,0,0,0,observed_zero_only,partial_observation_not_global_validity
LEAP_OBSERVED_PARTIAL,Coke ovens,Natural gas,2022,2022,1,1,1,observed_data_valid,partial_observation_not_global_validity
LEAP_OBSERVED_PARTIAL,Coke ovens,Natural gas liquids,,,0,0,0,observed_zero_only,partial_observation_not_global_validity
LEAP_OBSERVED_PARTIAL,Coke ovens,Nuclear,,,0,0,0,observed_zero_only,partial_observation_not_global_validity
LEAP_OBSERVED_PARTIAL,Coke ovens,Other biomass,,,0,0,0,observed_zero_only,partial_observation_not_global_validity
LEAP_OBSERVED_PARTIAL,Coke ovens,Other bituminous coal,2022,2060,1,39,78,observed_data_valid,partial_observation_not_global_validity
LEAP_OBSERVED_PARTIAL,Coke ovens,Other hydrocarbons,,,0,0,0,observed_zero_only,partial_observation_not_global_validity
LEAP_OBSERVED_PARTIAL,Coke ovens,Other liquid biofuels,,,0,0,0,observed_zero_only,partial_observation_not_global_validity
LEAP_OBSERVED_PARTIAL,Coke ovens,Other products,,,0,0,0,observed_zero_only,partial_observation_not_global_validity
LEAP_OBSERVED_PARTIAL,Coke ovens,Other recovered gases,,,0,0,0,observed_zero_only,partial_observation_not_global_validity
LEAP_OBSERVED_PARTIAL,Coke ovens,Other sources,,,0,0,0,observed_zero_only,partial_observation_not_global_validity
LEAP_OBSERVED_PARTIAL,Coke ovens,Paraffin waxes,,,0,0,0,observed_zero_only,partial_observation_not_global_validity
LEAP_OBSERVED_PARTIAL,Coke ovens,Patent fuel,,,0,0,0,observed_zero_only,partial_observation_not_global_validity
LEAP_OBSERVED_PARTIAL,Coke ovens,Petroleum coke,,,0,0,0,observed_zero_only,partial_observation_not_global_validity
LEAP_OBSERVED_PARTIAL,Coke ovens,Refinery feedstocks,,,0,0,0,observed_zero_only,partial_observation_not_global_validity
LEAP_OBSERVED_PARTIAL,Coke ovens,Refinery gas not liquefied,,,0,0,0,observed_zero_only,partial_observation_not_global_validity
LEAP_OBSERVED_PARTIAL,Coke ovens,Solar nonspecified,,,0,0,0,observed_zero_only,partial_observation_not_global_validity
LEAP_OBSERVED_PARTIAL,Coke ovens,Solar photovoltaics,,,0,0,0,observed_zero_only,partial_observation_not_global_validity
LEAP_OBSERVED_PARTIAL,Coke ovens,Sub bituminous coal,2022,2039,1,18,18,observed_data_valid,partial_observation_not_global_validity
LEAP_OBSERVED_PARTIAL,Coke ovens,White spirit SBP,,,0,0,0,observed_zero_only,partial_observation_not_global_validity
LEAP_OBSERVED_PARTIAL,Coke ovens,Wind,,,0,0,0,observed_zero_only,partial_observation_not_global_validity
LEAP_OBSERVED_PARTIAL,Coke ovens/Coke ovens,AUTO BALANCE,,,0,0,0,observed_zero_only,partial_observation_not_global_validity
LEAP_OBSERVED_PARTIAL,Coke ovens/Coke ovens,Additives and oxygenates,,,0,0,0,observed_zero_only,partial_observation_not_global_validity
LEAP_OBSERVED_PARTIAL,Coke ovens/Coke ovens,Ammonia,,,0,0,0,observed_zero_only,partial_observation_not_global_validity
LEAP_OBSERVED_PARTIAL,Coke ovens/Coke ovens,Anthracite,,,0,0,0,observed_zero_only,partial_observation_not_global_validity
LEAP_OBSERVED_PARTIAL,Coke ovens/Coke ovens,Aviation gasoline,,,0,0,0,observed_zero_only,partial_observation_not_global_validity
LEAP_OBSERVED_PARTIAL,Coke ovens/Coke ovens,BKB and PB,,,0,0,0,observed_zero_only,partial_observation_not_global_validity
LEAP_OBSERVED_PARTIAL,Coke ovens/Coke ovens,Bagasse,,,0,0,0,observed_zero_only,partial_observation_not_global_validity
LEAP_OBSERVED_PARTIAL,Coke ovens/Coke ovens,Bio jet kerosene,,,0,0,0,observed_zero_only,partial_observation_not_global_validity
LEAP_OBSERVED_PARTIAL,Coke ovens/Coke ovens,Biodiesel,,,0,0,0,observed_zero_only,partial_observation_not_global_validity
LEAP_OBSERVED_PARTIAL,Coke ovens/Coke ovens,Biogas,,,0,0,0,observed_zero_only,partial_observation_not_global_validity
LEAP_OBSERVED_PARTIAL,Coke ovens/Coke ovens,Biogasoline,,,0,0,0,observed_zero_only,partial_observation_not_global_validity
LEAP_OBSERVED_PARTIAL,Coke ovens/Coke ovens,Bitumen,,,0,0,0,observed_zero_only,partial_observation_not_global_validity
LEAP_OBSERVED_PARTIAL,Coke ovens/Coke ovens,Black liquor,,,0,0,0,observed_zero_only,partial_observation_not_global_validity
LEAP_OBSERVED_PARTIAL,Coke ovens/Coke ovens,Blast furnace gas,2022,2060,2,39,96,observed_data_valid,partial_observation_not_global_validity
LEAP_OBSERVED_PARTIAL,Coke ovens/Coke ovens,Charcoal,,,0,0,0,observed_zero_only,partial_observation_not_global_validity
LEAP_OBSERVED_PARTIAL,Coke ovens/Coke ovens,Coal tar,2022,2060,2,39,156,observed_data_valid,partial_observation_not_global_validity
LEAP_OBSERVED_PARTIAL,Coke ovens/Coke ovens,Coke oven coke,2022,2060,4,39,252,observed_data_valid,partial_observation_not_global_validity
LEAP_OBSERVED_PARTIAL,Coke ovens/Coke ovens,Coke oven gas,2022,2060,4,39,252,observed_data_valid,partial_observation_not_global_validity
LEAP_OBSERVED_PARTIAL,Coke ovens/Coke ovens,Coking coal,2022,2060,2,39,156,observed_data_valid,partial_observation_not_global_validity
LEAP_OBSERVED_PARTIAL,Coke ovens/Coke ovens,Crude oil,,,0,0,0,observed_zero_only,partial_observation_not_global_validity
LEAP_OBSERVED_PARTIAL,Coke ovens/Coke ovens,Efuel,,,0,0,0,observed_zero_only,partial_observation_not_global_validity
LEAP_OBSERVED_PARTIAL,Coke ovens/Coke ovens,Electricity,2022,2060,2,39,156,observed_data_valid,partial_observation_not_global_validity
LEAP_OBSERVED_PARTIAL,Coke ovens/Coke ovens,Electricity for hydrogen,,,0,0,0,observed_zero_only,partial_observation_not_global_validity
LEAP_OBSERVED_PARTIAL,Coke ovens/Coke ovens,Ethane,,,0,0,0,observed_zero_only,partial_observation_not_global_validity
LEAP_OBSERVED_PARTIAL,Coke ovens/Coke ovens,Fuel oil,,,0,0,0,observed_zero_only,partial_observation_not_global_validity
LEAP_OBSERVED_PARTIAL,Coke ovens/Coke ovens,Fuelwood and woodwaste,,,0,0,0,observed_zero_only,partial_observation_not_global_validity
LEAP_OBSERVED_PARTIAL,Coke ovens/Coke ovens,Gas and diesel oil,,,0,0,0,observed_zero_only,partial_observation_not_global_validity
LEAP_OBSERVED_PARTIAL,Coke ovens/Coke ovens,Gas nonspecified,,,0,0,0,observed_zero_only,partial_observation_not_global_validity
LEAP_OBSERVED_PARTIAL,Coke ovens/Coke ovens,Gas works gas,,,0,0,0,observed_zero_only,partial_observation_not_global_validity
LEAP_OBSERVED_PARTIAL,Coke ovens/Coke ovens,Gasoline type jet fuel,,,0,0,0,observed_zero_only,partial_observation_not_global_validity
LEAP_OBSERVED_PARTIAL,Coke ovens/Coke ovens,Geothermal,,,0,0,0,observed_zero_only,partial_observation_not_global_validity
LEAP_OBSERVED_PARTIAL,Coke ovens/Coke ovens,Heat,,,0,0,0,observed_zero_only,partial_observation_not_global_validity
LEAP_OBSERVED_PARTIAL,Coke ovens/Coke ovens,Hydro,,,0,0,0,observed_zero_only,partial_observation_not_global_validity
LEAP_OBSERVED_PARTIAL,Coke ovens/Coke ovens,Hydrogen,,,0,0,0,observed_zero_only,partial_observation_not_global_validity
LEAP_OBSERVED_PARTIAL,Coke ovens/Coke ovens,Industrial waste,,,0,0,0,observed_zero_only,partial_observation_not_global_validity
LEAP_OBSERVED_PARTIAL,Coke ovens/Coke ovens,Kerosene,,,0,0,0,observed_zero_only,partial_observation_not_global_validity
LEAP_OBSERVED_PARTIAL,Coke ovens/Coke ovens,Kerosene type jet fuel,,,0,0,0,observed_zero_only,partial_observation_not_global_validity
LEAP_OBSERVED_PARTIAL,Coke ovens/Coke ovens,LNG,,,0,0,0,observed_zero_only,partial_observation_not_global_validity
LEAP_OBSERVED_PARTIAL,Coke ovens/Coke ovens,LPG,,,0,0,0,observed_zero_only,partial_observation_not_global_validity
LEAP_OBSERVED_PARTIAL,Coke ovens/Coke ovens,Lignite,,,0,0,0,observed_zero_only,partial_observation_not_global_validity
LEAP_OBSERVED_PARTIAL,Coke ovens/Coke ovens,Lubricants,,,0,0,0,observed_zero_only,partial_observation_not_global_validity
LEAP_OBSERVED_PARTIAL,Coke ovens/Coke ovens,Motor gasoline,,,0,0,0,observed_zero_only,partial_observation_not_global_validity
LEAP_OBSERVED_PARTIAL,Coke ovens/Coke ovens,Municipal solid waste non renewable,,,0,0,0,observed_zero_only,partial_observation_not_global_validity
LEAP_OBSERVED_PARTIAL,Coke ovens/Coke ovens,Municipal solid waste renewable,,,0,0,0,observed_zero_only,partial_observation_not_global_validity
LEAP_OBSERVED_PARTIAL,Coke ovens/Coke ovens,Naphtha,,,0,0,0,observed_zero_only,partial_observation_not_global_validity
LEAP_OBSERVED_PARTIAL,Coke ovens/Coke ovens,Natural gas,2022,2022,1,1,1,observed_data_valid,partial_observation_not_global_validity
LEAP_OBSERVED_PARTIAL,Coke ovens/Coke ovens,Natural gas liquids,,,0,0,0,observed_zero_only,partial_observation_not_global_validity
LEAP_OBSERVED_PARTIAL,Coke ovens/Coke ovens,Nuclear,,,0,0,0,observed_zero_only,partial_observation_not_global_validity
LEAP_OBSERVED_PARTIAL,Coke ovens/Coke ovens,Other biomass,,,0,0,0,observed_zero_only,partial_observation_not_global_validity
LEAP_OBSERVED_PARTIAL,Coke ovens/Coke ovens,Other bituminous coal,2022,2060,1,39,78,observed_data_valid,partial_observation_not_global_validity
LEAP_OBSERVED_PARTIAL,Coke ovens/Coke ovens,Other hydrocarbons,,,0,0,0,observed_zero_only,partial_observation_not_global_validity
LEAP_OBSERVED_PARTIAL,Coke ovens/Coke ovens,Other liquid biofuels,,,0,0,0,observed_zero_only,partial_observation_not_global_validity
LEAP_OBSERVED_PARTIAL,Coke ovens/Coke ovens,Other products,,,0,0,0,observed_zero_only,partial_observation_not_global_validity
LEAP_OBSERVED_PARTIAL,Coke ovens/Coke ovens,Other recovered gases,,,0,0,0,observed_zero_only,partial_observation_not_global_validity
LEAP_OBSERVED_PARTIAL,Coke ovens/Coke ovens,Other sources,,,0,0,0,observed_zero_only,partial_observation_not_global_validity
LEAP_OBSERVED_PARTIAL,Coke ovens/Coke ovens,Paraffin waxes,,,0,0,0,observed_zero_only,partial_observation_not_global_validity
LEAP_OBSERVED_PARTIAL,Coke ovens/Coke ovens,Patent fuel,,,0,0,0,observed_zero_only,partial_observation_not_global_validity
LEAP_OBSERVED_PARTIAL,Coke ovens/Coke ovens,Petroleum coke,,,0,0,0,observed_zero_only,partial_observation_not_global_validity
LEAP_OBSERVED_PARTIAL,Coke ovens/Coke ovens,Refinery feedstocks,,,0,0,0,observed_zero_only,partial_observation_not_global_validity
LEAP_OBSERVED_PARTIAL,Coke ovens/Coke ovens,Refinery gas not liquefied,,,0,0,0,observed_zero_only,partial_observation_not_global_validity
LEAP_OBSERVED_PARTIAL,Coke ovens/Coke ovens,Solar nonspecified,,,0,0,0,observed_zero_only,partial_observation_not_global_validity
LEAP_OBSERVED_PARTIAL,Coke ovens/Coke ovens,Solar photovoltaics,,,0,0,0,observed_zero_only,partial_observation_not_global_validity
LEAP_OBSERVED_PARTIAL,Coke ovens/Coke ovens,Sub bituminous coal,2022,2039,1,18,18,observed_data_valid,partial_observation_not_global_validity
LEAP_OBSERVED_PARTIAL,Coke ovens/Coke ovens,White spirit SBP,,,0,0,0,observed_zero_only,partial_observation_not_global_validity
LEAP_OBSERVED_PARTIAL,Coke ovens/Coke ovens,Wind,,,0,0,0,observed_zero_only,partial_observation_not_global_validity
LEAP_OBSERVED_PARTIAL,Electric boilers,AUTO BALANCE,,,0,0,0,observed_zero_only,partial_observation_not_global_validity
LEAP_OBSERVED_PARTIAL,Electric boilers,Additives and oxygenates,,,0,0,0,observed_zero_only,partial_observation_not_global_validity
LEAP_OBSERVED_PARTIAL,Electric boilers,Ammonia,,,0,0,0,observed_zero_only,partial_observation_not_global_validity
LEAP_OBSERVED_PARTIAL,Electric boilers,Anthracite,,,0,0,0,observed_zero_only,partial_observation_not_global_validity
LEAP_OBSERVED_PARTIAL,Electric boilers,Aviation gasoline,,,0,0,0,observed_zero_only,partial_observation_not_global_validity
LEAP_OBSERVED_PARTIAL,Electric boilers,BKB and PB,,,0,0,0,observed_zero_only,partial_observation_not_global_validity
LEAP_OBSERVED_PARTIAL,Electric boilers,Bagasse,,,0,0,0,observed_zero_only,partial_observation_not_global_validity
LEAP_OBSERVED_PARTIAL,Electric boilers,Bio jet kerosene,,,0,0,0,observed_zero_only,partial_observation_not_global_validity
LEAP_OBSERVED_PARTIAL,Electric boilers,Biodiesel,,,0,0,0,observed_zero_only,partial_observation_not_global_validity
LEAP_OBSERVED_PARTIAL,Electric boilers,Biogas,,,0,0,0,observed_zero_only,partial_observation_not_global_validity
LEAP_OBSERVED_PARTIAL,Electric boilers,Biogasoline,,,0,0,0,observed_zero_only,partial_observation_not_global_validity
LEAP_OBSERVED_PARTIAL,Electric boilers,Bitumen,,,0,0,0,observed_zero_only,partial_observation_not_global_validity
LEAP_OBSERVED_PARTIAL,Electric boilers,Black liquor,,,0,0,0,observed_zero_only,partial_observation_not_global_validity
LEAP_OBSERVED_PARTIAL,Electric boilers,Blast furnace gas,,,0,0,0,observed_zero_only,partial_observation_not_global_validity
LEAP_OBSERVED_PARTIAL,Electric boilers,Charcoal,,,0,0,0,observed_zero_only,partial_observation_not_global_validity
LEAP_OBSERVED_PARTIAL,Electric boilers,Coal tar,,,0,0,0,observed_zero_only,partial_observation_not_global_validity
LEAP_OBSERVED_PARTIAL,Electric boilers,Coke oven coke,,,0,0,0,observed_zero_only,partial_observation_not_global_validity
LEAP_OBSERVED_PARTIAL,Electric boilers,Coke oven gas,,,0,0,0,observed_zero_only,partial_observation_not_global_validity
LEAP_OBSERVED_PARTIAL,Electric boilers,Coking coal,,,0,0,0,observed_zero_only,partial_observation_not_global_validity
LEAP_OBSERVED_PARTIAL,Electric boilers,Crude oil,,,0,0,0,observed_zero_only,partial_observation_not_global_validity
LEAP_OBSERVED_PARTIAL,Electric boilers,Efuel,,,0,0,0,observed_zero_only,partial_observation_not_global_validity
LEAP_OBSERVED_PARTIAL,Electric boilers,Electricity,,,0,0,0,observed_zero_only,partial_observation_not_global_validity
LEAP_OBSERVED_PARTIAL,Electric boilers,Electricity for hydrogen,,,0,0,0,observed_zero_only,partial_observation_not_global_validity
LEAP_OBSERVED_PARTIAL,Electric boilers,Ethane,,,0,0,0,observed_zero_only,partial_observation_not_global_validity
LEAP_OBSERVED_PARTIAL,Electric boilers,Fuel oil,,,0,0,0,observed_zero_only,partial_observation_not_global_validity
LEAP_OBSERVED_PARTIAL,Electric boilers,Fuelwood and woodwaste,,,0,0,0,observed_zero_only,partial_observation_not_global_validity
LEAP_OBSERVED_PARTIAL,Electric boilers,Gas and diesel oil,,,0,0,0,observed_zero_only,partial_observation_not_global_validity
LEAP_OBSERVED_PARTIAL,Electric boilers,Gas nonspecified,,,0,0,0,observed_zero_only,partial_observation_not_global_validity
LEAP_OBSERVED_PARTIAL,Electric boilers,Gas works gas,,,0,0,0,observed_zero_only,partial_observation_not_global_validity
LEAP_OBSERVED_PARTIAL,Electric boilers,Gasoline type jet fuel,,,0,0,0,observed_zero_only,partial_observation_not_global_validity
LEAP_OBSERVED_PARTIAL,Electric boilers,Geothermal,,,0,0,0,observed_zero_only,partial_observation_not_global_validity
LEAP_OBSERVED_PARTIAL,Electric boilers,Heat,,,0,0,0,observed_zero_only,partial_observation_not_global_validity
LEAP_OBSERVED_PARTIAL,Electric boilers,Hydro,,,0,0,0,observed_zero_only,partial_observation_not_global_validity
LEAP_OBSERVED_PARTIAL,Electric boilers,Hydrogen,,,0,0,0,observed_zero_only,partial_observation_not_global_validity
LEAP_OBSERVED_PARTIAL,Electric boilers,Industrial waste,,,0,0,0,observed_zero_only,partial_observation_not_global_validity
LEAP_OBSERVED_PARTIAL,Electric boilers,Kerosene,,,0,0,0,observed_zero_only,partial_observation_not_global_validity
LEAP_OBSERVED_PARTIAL,Electric boilers,Kerosene type jet fuel,,,0,0,0,observed_zero_only,partial_observation_not_global_validity
LEAP_OBSERVED_PARTIAL,Electric boilers,LNG,,,0,0,0,observed_zero_only,partial_observation_not_global_validity
LEAP_OBSERVED_PARTIAL,Electric boilers,LPG,,,0,0,0,observed_zero_only,partial_observation_not_global_validity
LEAP_OBSERVED_PARTIAL,Electric boilers,Lignite,,,0,0,0,observed_zero_only,partial_observation_not_global_validity
LEAP_OBSERVED_PARTIAL,Electric boilers,Lubricants,,,0,0,0,observed_zero_only,partial_observation_not_global_validity
LEAP_OBSERVED_PARTIAL,Electric boilers,Motor gasoline,,,0,0,0,observed_zero_only,partial_observation_not_global_validity
LEAP_OBSERVED_PARTIAL,Electric boilers,Municipal solid waste non renewable,,,0,0,0,observed_zero_only,partial_observation_not_global_validity
LEAP_OBSERVED_PARTIAL,Electric boilers,Municipal solid waste renewable,,,0,0,0,observed_zero_only,partial_observation_not_global_validity
LEAP_OBSERVED_PARTIAL,Electric boilers,Naphtha,,,0,0,0,observed_zero_only,partial_observation_not_global_validity
LEAP_OBSERVED_PARTIAL,Electric boilers,Natural gas,,,0,0,0,observed_zero_only,partial_observation_not_global_validity
LEAP_OBSERVED_PARTIAL,Electric boilers,Natural gas liquids,,,0,0,0,observed_zero_only,partial_observation_not_global_validity
LEAP_OBSERVED_PARTIAL,Electric boilers,Nuclear,,,0,0,0,observed_zero_only,partial_observation_not_global_validity
LEAP_OBSERVED_PARTIAL,Electric boilers,Other biomass,,,0,0,0,observed_zero_only,partial_observation_not_global_validity
LEAP_OBSERVED_PARTIAL,Electric boilers,Other bituminous coal,,,0,0,0,observed_zero_only,partial_observation_not_global_validity
LEAP_OBSERVED_PARTIAL,Electric boilers,Other hydrocarbons,,,0,0,0,observed_zero_only,partial_observation_not_global_validity
LEAP_OBSERVED_PARTIAL,Electric boilers,Other liquid biofuels,,,0,0,0,observed_zero_only,partial_observation_not_global_validity
LEAP_OBSERVED_PARTIAL,Electric boilers,Other products,,,0,0,0,observed_zero_only,partial_observation_not_global_validity
LEAP_OBSERVED_PARTIAL,Electric boilers,Other recovered gases,,,0,0,0,observed_zero_only,partial_observation_not_global_validity
LEAP_OBSERVED_PARTIAL,Electric boilers,Other sources,,,0,0,0,observed_zero_only,partial_observation_not_global_validity
LEAP_OBSERVED_PARTIAL,Electric boilers,Paraffin waxes,,,0,0,0,observed_zero_only,partial_observation_not_global_validity
LEAP_OBSERVED_PARTIAL,Electric boilers,Patent fuel,,,0,0,0,observed_zero_only,partial_observation_not_global_validity
LEAP_OBSERVED_PARTIAL,Electric boilers,Petroleum coke,,,0,0,0,observed_zero_only,partial_observation_not_global_validity
LEAP_OBSERVED_PARTIAL,Electric boilers,Refinery feedstocks,,,0,0,0,observed_zero_only,partial_observation_not_global_validity
LEAP_OBSERVED_PARTIAL,Electric boilers,Refinery gas not liquefied,,,0,0,0,observed_zero_only,partial_observation_not_global_validity
LEAP_OBSERVED_PARTIAL,Electric boilers,Solar nonspecified,,,0,0,0,observed_zero_only,partial_observation_not_global_validity
LEAP_OBSERVED_PARTIAL,Electric boilers,Solar photovoltaics,,,0,0,0,observed_zero_only,partial_observation_not_global_validity
LEAP_OBSERVED_PARTIAL,Electric boilers,Sub bituminous coal,,,0,0,0,observed_zero_only,partial_observation_not_global_validity
LEAP_OBSERVED_PARTIAL,Electric boilers,White spirit SBP,,,0,0,0,observed_zero_only,partial_observation_not_global_validity
LEAP_OBSERVED_PARTIAL,Electric boilers,Wind,,,0,0,0,observed_zero_only,partial_observation_not_global_validity
LEAP_OBSERVED_PARTIAL,Electric boilers/Electric boilers,AUTO BALANCE,,,0,0,0,observed_zero_only,partial_observation_not_global_validity
LEAP_OBSERVED_PARTIAL,Electric boilers/Electric boilers,Additives and oxygenates,,,0,0,0,observed_zero_only,partial_observation_not_global_validity
LEAP_OBSERVED_PARTIAL,Electric boilers/Electric boilers,Ammonia,,,0,0,0,observed_zero_only,partial_observation_not_global_validity
LEAP_OBSERVED_PARTIAL,Electric boilers/Electric boilers,Anthracite,,,0,0,0,observed_zero_only,partial_observation_not_global_validity
LEAP_OBSERVED_PARTIAL,Electric boilers/Electric boilers,Aviation gasoline,,,0,0,0,observed_zero_only,partial_observation_not_global_validity
LEAP_OBSERVED_PARTIAL,Electric boilers/Electric boilers,BKB and PB,,,0,0,0,observed_zero_only,partial_observation_not_global_validity
LEAP_OBSERVED_PARTIAL,Electric boilers/Electric boilers,Bagasse,,,0,0,0,observed_zero_only,partial_observation_not_global_validity
LEAP_OBSERVED_PARTIAL,Electric boilers/Electric boilers,Bio jet kerosene,,,0,0,0,observed_zero_only,partial_observation_not_global_validity
LEAP_OBSERVED_PARTIAL,Electric boilers/Electric boilers,Biodiesel,,,0,0,0,observed_zero_only,partial_observation_not_global_validity
LEAP_OBSERVED_PARTIAL,Electric boilers/Electric boilers,Biogas,,,0,0,0,observed_zero_only,partial_observation_not_global_validity
LEAP_OBSERVED_PARTIAL,Electric boilers/Electric boilers,Biogasoline,,,0,0,0,observed_zero_only,partial_observation_not_global_validity
LEAP_OBSERVED_PARTIAL,Electric boilers/Electric boilers,Bitumen,,,0,0,0,observed_zero_only,partial_observation_not_global_validity
LEAP_OBSERVED_PARTIAL,Electric boilers/Electric boilers,Black liquor,,,0,0,0,observed_zero_only,partial_observation_not_global_validity
LEAP_OBSERVED_PARTIAL,Electric boilers/Electric boilers,Blast furnace gas,,,0,0,0,observed_zero_only,partial_observation_not_global_validity
LEAP_OBSERVED_PARTIAL,Electric boilers/Electric boilers,Charcoal,,,0,0,0,observed_zero_only,partial_observation_not_global_validity
LEAP_OBSERVED_PARTIAL,Electric boilers/Electric boilers,Coal tar,,,0,0,0,observed_zero_only,partial_observation_not_global_validity
LEAP_OBSERVED_PARTIAL,Electric boilers/Electric boilers,Coke oven coke,,,0,0,0,observed_zero_only,partial_observation_not_global_validity
LEAP_OBSERVED_PARTIAL,Electric boilers/Electric boilers,Coke oven gas,,,0,0,0,observed_zero_only,partial_observation_not_global_validity
LEAP_OBSERVED_PARTIAL,Electric boilers/Electric boilers,Coking coal,,,0,0,0,observed_zero_only,partial_observation_not_global_validity
LEAP_OBSERVED_PARTIAL,Electric boilers/Electric boilers,Crude oil,,,0,0,0,observed_zero_only,partial_observation_not_global_validity
LEAP_OBSERVED_PARTIAL,Electric boilers/Electric boilers,Efuel,,,0,0,0,observed_zero_only,partial_observation_not_global_validity
LEAP_OBSERVED_PARTIAL,Electric boilers/Electric boilers,Electricity,,,0,0,0,observed_zero_only,partial_observation_not_global_validity
LEAP_OBSERVED_PARTIAL,Electric boilers/Electric boilers,Electricity for hydrogen,,,0,0,0,observed_zero_only,partial_observation_not_global_validity
LEAP_OBSERVED_PARTIAL,Electric boilers/Electric boilers,Ethane,,,0,0,0,observed_zero_only,partial_observation_not_global_validity
LEAP_OBSERVED_PARTIAL,Electric boilers/Electric boilers,Fuel oil,,,0,0,0,observed_zero_only,partial_observation_not_global_validity
LEAP_OBSERVED_PARTIAL,Electric boilers/Electric boilers,Fuelwood and woodwaste,,,0,0,0,observed_zero_only,partial_observation_not_global_validity
LEAP_OBSERVED_PARTIAL,Electric boilers/Electric boilers,Gas and diesel oil,,,0,0,0,observed_zero_only,partial_observation_not_global_validity
LEAP_OBSERVED_PARTIAL,Electric boilers/Electric boilers,Gas nonspecified,,,0,0,0,observed_zero_only,partial_observation_not_global_validity
LEAP_OBSERVED_PARTIAL,Electric boilers/Electric boilers,Gas works gas,,,0,0,0,observed_zero_only,partial_observation_not_global_validity
LEAP_OBSERVED_PARTIAL,Electric boilers/Electric boilers,Gasoline type jet fuel,,,0,0,0,observed_zero_only,partial_observation_not_global_validity
LEAP_OBSERVED_PARTIAL,Electric boilers/Electric boilers,Geothermal,,,0,0,0,observed_zero_only,partial_observation_not_global_validity
LEAP_OBSERVED_PARTIAL,Electric boilers/Electric boilers,Heat,,,0,0,0,observed_zero_only,partial_observation_not_global_validity
LEAP_OBSERVED_PARTIAL,Electric boilers/Electric boilers,Hydro,,,0,0,0,observed_zero_only,partial_observation_not_global_validity
LEAP_OBSERVED_PARTIAL,Electric boilers/Electric boilers,Hydrogen,,,0,0,0,observed_zero_only,partial_observation_not_global_validity
LEAP_OBSERVED_PARTIAL,Electric boilers/Electric boilers,Industrial waste,,,0,0,0,observed_zero_only,partial_observation_not_global_validity
LEAP_OBSERVED_PARTIAL,Electric boilers/Electric boilers,Kerosene,,,0,0,0,observed_zero_only,partial_observation_not_global_validity
LEAP_OBSERVED_PARTIAL,Electric boilers/Electric boilers,Kerosene type jet fuel,,,0,0,0,observed_zero_only,partial_observation_not_global_validity
LEAP_OBSERVED_PARTIAL,Electric boilers/Electric boilers,LNG,,,0,0,0,observed_zero_only,partial_observation_not_global_validity
LEAP_OBSERVED_PARTIAL,Electric boilers/Electric boilers,LPG,,,0,0,0,observed_zero_only,partial_observation_not_global_validity
LEAP_OBSERVED_PARTIAL,Electric boilers/Electric boilers,Lignite,,,0,0,0,observed_zero_only,partial_observation_not_global_validity
LEAP_OBSERVED_PARTIAL,Electric boilers/Electric boilers,Lubricants,,,0,0,0,observed_zero_only,partial_observation_not_global_validity
LEAP_OBSERVED_PARTIAL,Electric boilers/Electric boilers,Motor gasoline,,,0,0,0,observed_zero_only,partial_observation_not_global_validity
LEAP_OBSERVED_PARTIAL,Electric boilers/Electric boilers,Municipal solid waste non renewable,,,0,0,0,observed_zero_only,partial_observation_not_global_validity
LEAP_OBSERVED_PARTIAL,Electric boilers/Electric boilers,Municipal solid waste renewable,,,0,0,0,observed_zero_only,partial_observation_not_global_validity
LEAP_OBSERVED_PARTIAL,Electric boilers/Electric boilers,Naphtha,,,0,0,0,observed_zero_only,partial_observation_not_global_validity
LEAP_OBSERVED_PARTIAL,Electric boilers/Electric boilers,Natural gas,,,0,0,0,observed_zero_only,partial_observation_not_global_validity
LEAP_OBSERVED_PARTIAL,Electric boilers/Electric boilers,Natural gas liquids,,,0,0,0,observed_zero_only,partial_observation_not_global_validity
LEAP_OBSERVED_PARTIAL,Electric boilers/Electric boilers,Nuclear,,,0,0,0,observed_zero_only,partial_observation_not_global_validity
LEAP_OBSERVED_PARTIAL,Electric boilers/Electric boilers,Other biomass,,,0,0,0,observed_zero_only,partial_observation_not_global_validity
LEAP_OBSERVED_PARTIAL,Electric boilers/Electric boilers,Other bituminous coal,,,0,0,0,observed_zero_only,partial_observation_not_global_validity
LEAP_OBSERVED_PARTIAL,Electric boilers/Electric boilers,Other hydrocarbons,,,0,0,0,observed_zero_only,partial_observation_not_global_validity
LEAP_OBSERVED_PARTIAL,Electric boilers/Electric boilers,Other liquid biofuels,,,0,0,0,observed_zero_only,partial_observation_not_global_validity
LEAP_OBSERVED_PARTIAL,Electric boilers/Electric boilers,Other products,,,0,0,0,observed_zero_only,partial_observation_not_global_validity
LEAP_OBSERVED_PARTIAL,Electric boilers/Electric boilers,Other recovered gases,,,0,0,0,observed_zero_only,partial_observation_not_global_validity
LEAP_OBSERVED_PARTIAL,Electric boilers/Electric boilers,Other sources,,,0,0,0,observed_zero_only,partial_observation_not_global_validity
LEAP_OBSERVED_PARTIAL,Electric boilers/Electric boilers,Paraffin waxes,,,0,0,0,observed_zero_only,partial_observation_not_global_validity
LEAP_OBSERVED_PARTIAL,Electric boilers/Electric boilers,Patent fuel,,,0,0,0,observed_zero_only,partial_observation_not_global_validity
LEAP_OBSERVED_PARTIAL,Electric boilers/Electric boilers,Petroleum coke,,,0,0,0,observed_zero_only,partial_observation_not_global_validity
LEAP_OBSERVED_PARTIAL,Electric boilers/Electric boilers,Refinery feedstocks,,,0,0,0,observed_zero_only,partial_observation_not_global_validity
LEAP_OBSERVED_PARTIAL,Electric boilers/Electric boilers,Refinery gas not liquefied,,,0,0,0,observed_zero_only,partial_observation_not_global_validity
LEAP_OBSERVED_PARTIAL,Electric boilers/Electric boilers,Solar nonspecified,,,0,0,0,observed_zero_only,partial_observation_not_global_validity
LEAP_OBSERVED_PARTIAL,Electric boilers/Electric boilers,Solar photovoltaics,,,0,0,0,observed_zero_only,partial_observation_not_global_validity
LEAP_OBSERVED_PARTIAL,Electric boilers/Electric boilers,Sub bituminous coal,,,0,0,0,observed_zero_only,partial_observation_not_global_validity
LEAP_OBSERVED_PARTIAL,Electric boilers/Electric boilers,White spirit SBP,,,0,0,0,observed_zero_only,partial_observation_not_global_validity
LEAP_OBSERVED_PARTIAL,Electric boilers/Electric boilers,Wind,,,0,0,0,observed_zero_only,partial_observation_not_global_validity
LEAP_OBSERVED_PARTIAL,Electricity interim,AUTO BALANCE,,,0,0,0,observed_zero_only,partial_observation_not_global_validity
LEAP_OBSERVED_PARTIAL,Electricity interim,Additives and oxygenates,,,0,0,0,observed_zero_only,partial_observation_not_global_validity
LEAP_OBSERVED_PARTIAL,Electricity interim,Ammonia,2031,2060,1,30,30,observed_data_valid,partial_observation_not_global_validity
LEAP_OBSERVED_PARTIAL,Electricity interim,Anthracite,2022,2060,3,39,143,observed_data_valid,partial_observation_not_global_validity
LEAP_OBSERVED_PARTIAL,Electricity interim,Aviation gasoline,,,0,0,0,observed_zero_only,partial_observation_not_global_validity
LEAP_OBSERVED_PARTIAL,Electricity interim,BKB and PB,,,0,0,0,observed_zero_only,partial_observation_not_global_validity
LEAP_OBSERVED_PARTIAL,Electricity interim,Bagasse,2022,2022,3,1,3,observed_data_valid,partial_observation_not_global_validity
LEAP_OBSERVED_PARTIAL,Electricity interim,Bio jet kerosene,,,0,0,0,observed_zero_only,partial_observation_not_global_validity
LEAP_OBSERVED_PARTIAL,Electricity interim,Biodiesel,2022,2022,2,1,3,observed_data_valid,partial_observation_not_global_validity
LEAP_OBSERVED_PARTIAL,Electricity interim,Biogas,2022,2060,6,39,83,observed_data_valid,partial_observation_not_global_validity
LEAP_OBSERVED_PARTIAL,Electricity interim,Biogasoline,,,0,0,0,observed_zero_only,partial_observation_not_global_validity
LEAP_OBSERVED_PARTIAL,Electricity interim,Bitumen,,,0,0,0,observed_zero_only,partial_observation_not_global_validity
LEAP_OBSERVED_PARTIAL,Electricity interim,Black liquor,2022,2022,1,1,1,observed_data_valid,partial_observation_not_global_validity
LEAP_OBSERVED_PARTIAL,Electricity interim,Blast furnace gas,,,0,0,0,observed_zero_only,partial_observation_not_global_validity
LEAP_OBSERVED_PARTIAL,Electricity interim,Charcoal,,,0,0,0,observed_zero_only,partial_observation_not_global_validity
LEAP_OBSERVED_PARTIAL,Electricity interim,Coal tar,,,0,0,0,observed_zero_only,partial_observation_not_global_validity
LEAP_OBSERVED_PARTIAL,Electricity interim,Coke oven coke,,,0,0,0,observed_zero_only,partial_observation_not_global_validity
LEAP_OBSERVED_PARTIAL,Electricity interim,Coke oven gas,,,0,0,0,observed_zero_only,partial_observation_not_global_validity
LEAP_OBSERVED_PARTIAL,Electricity interim,Coking coal,,,0,0,0,observed_zero_only,partial_observation_not_global_validity
LEAP_OBSERVED_PARTIAL,Electricity interim,Crude oil,2022,2022,1,1,2,observed_data_valid,partial_observation_not_global_validity
LEAP_OBSERVED_PARTIAL,Electricity interim,Efuel,,,0,0,0,observed_zero_only,partial_observation_not_global_validity
LEAP_OBSERVED_PARTIAL,Electricity interim,Electricity,2022,2060,9,39,468,observed_data_valid,partial_observation_not_global_validity
LEAP_OBSERVED_PARTIAL,Electricity interim,Electricity for hydrogen,,,0,0,0,observed_zero_only,partial_observation_not_global_validity
LEAP_OBSERVED_PARTIAL,Electricity interim,Ethane,,,0,0,0,observed_zero_only,partial_observation_not_global_validity
LEAP_OBSERVED_PARTIAL,Electricity interim,Fuel oil,2022,2060,7,39,87,observed_data_valid,partial_observation_not_global_validity
LEAP_OBSERVED_PARTIAL,Electricity interim,Fuelwood and woodwaste,2022,2022,1,1,1,observed_data_valid,partial_observation_not_global_validity
LEAP_OBSERVED_PARTIAL,Electricity interim,Gas and diesel oil,2022,2060,9,39,105,observed_data_valid,partial_observation_not_global_validity
LEAP_OBSERVED_PARTIAL,Electricity interim,Gas nonspecified,,,0,0,0,observed_zero_only,partial_observation_not_global_validity
LEAP_OBSERVED_PARTIAL,Electricity interim,Gas works gas,2022,2060,1,39,78,observed_data_valid,partial_observation_not_global_validity
LEAP_OBSERVED_PARTIAL,Electricity interim,Gasoline type jet fuel,2022,2022,1,1,2,observed_data_valid,partial_observation_not_global_validity
LEAP_OBSERVED_PARTIAL,Electricity interim,Geothermal,2022,2060,5,39,225,observed_data_valid,partial_observation_not_global_validity
LEAP_OBSERVED_PARTIAL,Electricity interim,Heat,,,0,0,0,observed_zero_only,partial_observation_not_global_validity
LEAP_OBSERVED_PARTIAL,Electricity interim,Hydro,2022,2060,8,39,429,observed_data_valid,partial_observation_not_global_validity
LEAP_OBSERVED_PARTIAL,Electricity interim,Hydrogen,2031,2060,2,30,53,observed_data_valid,partial_observation_not_global_validity
LEAP_OBSERVED_PARTIAL,Electricity interim,Industrial waste,2022,2022,2,1,4,observed_data_valid,partial_observation_not_global_validity
LEAP_OBSERVED_PARTIAL,Electricity interim,Kerosene,2022,2022,1,1,2,observed_data_valid,partial_observation_not_global_validity
LEAP_OBSERVED_PARTIAL,Electricity interim,Kerosene type jet fuel,,,0,0,0,observed_zero_only,partial_observation_not_global_validity
LEAP_OBSERVED_PARTIAL,Electricity interim,LNG,,,0,0,0,observed_zero_only,partial_observation_not_global_validity
LEAP_OBSERVED_PARTIAL,Electricity interim,LPG,2022,2022,1,1,2,observed_data_valid,partial_observation_not_global_validity
LEAP_OBSERVED_PARTIAL,Electricity interim,Lignite,2022,2060,3,39,162,observed_data_valid,partial_observation_not_global_validity
LEAP_OBSERVED_PARTIAL,Electricity interim,Lubricants,,,0,0,0,observed_zero_only,partial_observation_not_global_validity
LEAP_OBSERVED_PARTIAL,Electricity interim,Motor gasoline,,,0,0,0,observed_zero_only,partial_observation_not_global_validity
LEAP_OBSERVED_PARTIAL,Electricity interim,Municipal solid waste non renewable,2022,2022,2,1,3,observed_data_valid,partial_observation_not_global_validity
LEAP_OBSERVED_PARTIAL,Electricity interim,Municipal solid waste renewable,2022,2022,3,1,4,observed_data_valid,partial_observation_not_global_validity
LEAP_OBSERVED_PARTIAL,Electricity interim,Naphtha,,,0,0,0,observed_zero_only,partial_observation_not_global_validity
LEAP_OBSERVED_PARTIAL,Electricity interim,Natural gas,2022,2060,9,39,463,observed_data_valid,partial_observation_not_global_validity
LEAP_OBSERVED_PARTIAL,Electricity interim,Natural gas liquids,,,0,0,0,observed_zero_only,partial_observation_not_global_validity
LEAP_OBSERVED_PARTIAL,Electricity interim,Nuclear,2022,2060,4,39,205,observed_data_valid,partial_observation_not_global_validity
LEAP_OBSERVED_PARTIAL,Electricity interim,Other biomass,2022,2060,8,39,408,observed_data_valid,partial_observation_not_global_validity
LEAP_OBSERVED_PARTIAL,Electricity interim,Other bituminous coal,2022,2060,6,39,301,observed_data_valid,partial_observation_not_global_validity
LEAP_OBSERVED_PARTIAL,Electricity interim,Other hydrocarbons,,,0,0,0,observed_zero_only,partial_observation_not_global_validity
LEAP_OBSERVED_PARTIAL,Electricity interim,Other liquid biofuels,2022,2022,1,1,2,observed_data_valid,partial_observation_not_global_validity
LEAP_OBSERVED_PARTIAL,Electricity interim,Other products,2022,2049,3,15,22,observed_data_valid,partial_observation_not_global_validity
LEAP_OBSERVED_PARTIAL,Electricity interim,Other recovered gases,,,0,0,0,observed_zero_only,partial_observation_not_global_validity
LEAP_OBSERVED_PARTIAL,Electricity interim,Other sources,2023,2060,5,38,248,observed_data_valid,partial_observation_not_global_validity
LEAP_OBSERVED_PARTIAL,Electricity interim,Paraffin waxes,,,0,0,0,observed_zero_only,partial_observation_not_global_validity
LEAP_OBSERVED_PARTIAL,Electricity interim,Patent fuel,,,0,0,0,observed_zero_only,partial_observation_not_global_validity
LEAP_OBSERVED_PARTIAL,Electricity interim,Petroleum coke,2022,2044,2,12,17,observed_data_valid,partial_observation_not_global_validity
LEAP_OBSERVED_PARTIAL,Electricity interim,Refinery feedstocks,,,0,0,0,observed_zero_only,partial_observation_not_global_validity
LEAP_OBSERVED_PARTIAL,Electricity interim,Refinery gas not liquefied,2022,2022,2,1,4,observed_data_valid,partial_observation_not_global_validity
LEAP_OBSERVED_PARTIAL,Electricity interim,Solar nonspecified,2022,2060,2,39,80,observed_data_valid,partial_observation_not_global_validity
LEAP_OBSERVED_PARTIAL,Electricity interim,Solar photovoltaics,2022,2060,9,39,468,observed_data_valid,partial_observation_not_global_validity
LEAP_OBSERVED_PARTIAL,Electricity interim,Sub bituminous coal,2022,2060,5,39,210,observed_data_valid,partial_observation_not_global_validity
LEAP_OBSERVED_PARTIAL,Electricity interim,White spirit SBP,,,0,0,0,observed_zero_only,partial_observation_not_global_validity
LEAP_OBSERVED_PARTIAL,Electricity interim,Wind,2022,2060,7,39,387,observed_data_valid,partial_observation_not_global_validity
LEAP_OBSERVED_PARTIAL,Electricity interim/Electricity interim,AUTO BALANCE,,,0,0,0,observed_zero_only,partial_observation_not_global_validity
LEAP_OBSERVED_PARTIAL,Electricity interim/Electricity interim,Additives and oxygenates,,,0,0,0,observed_zero_only,partial_observation_not_global_validity
LEAP_OBSERVED_PARTIAL,Electricity interim/Electricity interim,Ammonia,2031,2060,1,30,30,observed_data_valid,partial_observation_not_global_validity
LEAP_OBSERVED_PARTIAL,Electricity interim/Electricity interim,Anthracite,2022,2060,3,39,143,observed_data_valid,partial_observation_not_global_validity
LEAP_OBSERVED_PARTIAL,Electricity interim/Electricity interim,Aviation gasoline,,,0,0,0,observed_zero_only,partial_observation_not_global_validity
LEAP_OBSERVED_PARTIAL,Electricity interim/Electricity interim,BKB and PB,,,0,0,0,observed_zero_only,partial_observation_not_global_validity
LEAP_OBSERVED_PARTIAL,Electricity interim/Electricity interim,Bagasse,2022,2022,3,1,3,observed_data_valid,partial_observation_not_global_validity
LEAP_OBSERVED_PARTIAL,Electricity interim/Electricity interim,Bio jet kerosene,,,0,0,0,observed_zero_only,partial_observation_not_global_validity
LEAP_OBSERVED_PARTIAL,Electricity interim/Electricity interim,Biodiesel,2022,2022,2,1,3,observed_data_valid,partial_observation_not_global_validity
LEAP_OBSERVED_PARTIAL,Electricity interim/Electricity interim,Biogas,2022,2060,6,39,83,observed_data_valid,partial_observation_not_global_validity
LEAP_OBSERVED_PARTIAL,Electricity interim/Electricity interim,Biogasoline,,,0,0,0,observed_zero_only,partial_observation_not_global_validity
LEAP_OBSERVED_PARTIAL,Electricity interim/Electricity interim,Bitumen,,,0,0,0,observed_zero_only,partial_observation_not_global_validity
LEAP_OBSERVED_PARTIAL,Electricity interim/Electricity interim,Black liquor,2022,2022,1,1,1,observed_data_valid,partial_observation_not_global_validity
LEAP_OBSERVED_PARTIAL,Electricity interim/Electricity interim,Blast furnace gas,,,0,0,0,observed_zero_only,partial_observation_not_global_validity
LEAP_OBSERVED_PARTIAL,Electricity interim/Electricity interim,Charcoal,,,0,0,0,observed_zero_only,partial_observation_not_global_validity
LEAP_OBSERVED_PARTIAL,Electricity interim/Electricity interim,Coal tar,,,0,0,0,observed_zero_only,partial_observation_not_global_validity
LEAP_OBSERVED_PARTIAL,Electricity interim/Electricity interim,Coke oven coke,,,0,0,0,observed_zero_only,partial_observation_not_global_validity
LEAP_OBSERVED_PARTIAL,Electricity interim/Electricity interim,Coke oven gas,,,0,0,0,observed_zero_only,partial_observation_not_global_validity
LEAP_OBSERVED_PARTIAL,Electricity interim/Electricity interim,Coking coal,,,0,0,0,observed_zero_only,partial_observation_not_global_validity
LEAP_OBSERVED_PARTIAL,Electricity interim/Electricity interim,Crude oil,2022,2022,1,1,2,observed_data_valid,partial_observation_not_global_validity
LEAP_OBSERVED_PARTIAL,Electricity interim/Electricity interim,Efuel,,,0,0,0,observed_zero_only,partial_observation_not_global_validity
LEAP_OBSERVED_PARTIAL,Electricity interim/Electricity interim,Electricity,2022,2060,9,39,468,observed_data_valid,partial_observation_not_global_validity
LEAP_OBSERVED_PARTIAL,Electricity interim/Electricity interim,Electricity for hydrogen,,,0,0,0,observed_zero_only,partial_observation_not_global_validity
LEAP_OBSERVED_PARTIAL,Electricity interim/Electricity interim,Ethane,,,0,0,0,observed_zero_only,partial_observation_not_global_validity
LEAP_OBSERVED_PARTIAL,Electricity interim/Electricity interim,Fuel oil,2022,2060,7,39,87,observed_data_valid,partial_observation_not_global_validity
LEAP_OBSERVED_PARTIAL,Electricity interim/Electricity interim,Fuelwood and woodwaste,2022,2022,1,1,1,observed_data_valid,partial_observation_not_global_validity
LEAP_OBSERVED_PARTIAL,Electricity interim/Electricity interim,Gas and diesel oil,2022,2060,9,39,105,observed_data_valid,partial_observation_not_global_validity
LEAP_OBSERVED_PARTIAL,Electricity interim/Electricity interim,Gas nonspecified,,,0,0,0,observed_zero_only,partial_observation_not_global_validity
LEAP_OBSERVED_PARTIAL,Electricity interim/Electricity interim,Gas works gas,2022,2060,1,39,78,observed_data_valid,partial_observation_not_global_validity
LEAP_OBSERVED_PARTIAL,Electricity interim/Electricity interim,Gasoline type jet fuel,2022,2022,1,1,2,observed_data_valid,partial_observation_not_global_validity
LEAP_OBSERVED_PARTIAL,Electricity interim/Electricity interim,Geothermal,2022,2060,5,39,225,observed_data_valid,partial_observation_not_global_validity
LEAP_OBSERVED_PARTIAL,Electricity interim/Electricity interim,Heat,,,0,0,0,observed_zero_only,partial_observation_not_global_validity
LEAP_OBSERVED_PARTIAL,Electricity interim/Electricity interim,Hydro,2022,2060,8,39,429,observed_data_valid,partial_observation_not_global_validity
LEAP_OBSERVED_PARTIAL,Electricity interim/Electricity interim,Hydrogen,2031,2060,2,30,53,observed_data_valid,partial_observation_not_global_validity
LEAP_OBSERVED_PARTIAL,Electricity interim/Electricity interim,Industrial waste,2022,2022,2,1,4,observed_data_valid,partial_observation_not_global_validity
LEAP_OBSERVED_PARTIAL,Electricity interim/Electricity interim,Kerosene,2022,2022,1,1,2,observed_data_valid,partial_observation_not_global_validity
LEAP_OBSERVED_PARTIAL,Electricity interim/Electricity interim,Kerosene type jet fuel,,,0,0,0,observed_zero_only,partial_observation_not_global_validity
LEAP_OBSERVED_PARTIAL,Electricity interim/Electricity interim,LNG,,,0,0,0,observed_zero_only,partial_observation_not_global_validity
LEAP_OBSERVED_PARTIAL,Electricity interim/Electricity interim,LPG,2022,2022,1,1,2,observed_data_valid,partial_observation_not_global_validity
LEAP_OBSERVED_PARTIAL,Electricity interim/Electricity interim,Lignite,2022,2060,3,39,162,observed_data_valid,partial_observation_not_global_validity
LEAP_OBSERVED_PARTIAL,Electricity interim/Electricity interim,Lubricants,,,0,0,0,observed_zero_only,partial_observation_not_global_validity
LEAP_OBSERVED_PARTIAL,Electricity interim/Electricity interim,Motor gasoline,,,0,0,0,observed_zero_only,partial_observation_not_global_validity
LEAP_OBSERVED_PARTIAL,Electricity interim/Electricity interim,Municipal solid waste non renewable,2022,2022,2,1,3,observed_data_valid,partial_observation_not_global_validity
LEAP_OBSERVED_PARTIAL,Electricity interim/Electricity interim,Municipal solid waste renewable,2022,2022,3,1,4,observed_data_valid,partial_observation_not_global_validity
LEAP_OBSERVED_PARTIAL,Electricity interim/Electricity interim,Naphtha,,,0,0,0,observed_zero_only,partial_observation_not_global_validity
LEAP_OBSERVED_PARTIAL,Electricity interim/Electricity interim,Natural gas,2022,2060,9,39,463,observed_data_valid,partial_observation_not_global_validity
LEAP_OBSERVED_PARTIAL,Electricity interim/Electricity interim,Natural gas liquids,,,0,0,0,observed_zero_only,partial_observation_not_global_validity
LEAP_OBSERVED_PARTIAL,Electricity interim/Electricity interim,Nuclear,2022,2060,4,39,205,observed_data_valid,partial_observation_not_global_validity
LEAP_OBSERVED_PARTIAL,Electricity interim/Electricity interim,Other biomass,2022,2060,8,39,408,observed_data_valid,partial_observation_not_global_validity
LEAP_OBSERVED_PARTIAL,Electricity interim/Electricity interim,Other bituminous coal,2022,2060,6,39,301,observed_data_valid,partial_observation_not_global_validity
LEAP_OBSERVED_PARTIAL,Electricity interim/Electricity interim,Other hydrocarbons,,,0,0,0,observed_zero_only,partial_observation_not_global_validity
LEAP_OBSERVED_PARTIAL,Electricity interim/Electricity interim,Other liquid biofuels,2022,2022,1,1,2,observed_data_valid,partial_observation_not_global_validity
LEAP_OBSERVED_PARTIAL,Electricity interim/Electricity interim,Other products,2022,2049,3,15,22,observed_data_valid,partial_observation_not_global_validity
LEAP_OBSERVED_PARTIAL,Electricity interim/Electricity interim,Other recovered gases,,,0,0,0,observed_zero_only,partial_observation_not_global_validity
LEAP_OBSERVED_PARTIAL,Electricity interim/Electricity interim,Other sources,2023,2060,5,38,248,observed_data_valid,partial_observation_not_global_validity
LEAP_OBSERVED_PARTIAL,Electricity interim/Electricity interim,Paraffin waxes,,,0,0,0,observed_zero_only,partial_observation_not_global_validity
LEAP_OBSERVED_PARTIAL,Electricity interim/Electricity interim,Patent fuel,,,0,0,0,observed_zero_only,partial_observation_not_global_validity
LEAP_OBSERVED_PARTIAL,Electricity interim/Electricity interim,Petroleum coke,2022,2044,2,12,17,observed_data_valid,partial_observation_not_global_validity
LEAP_OBSERVED_PARTIAL,Electricity interim/Electricity interim,Refinery feedstocks,,,0,0,0,observed_zero_only,partial_observation_not_global_validity
LEAP_OBSERVED_PARTIAL,Electricity interim/Electricity interim,Refinery gas not liquefied,2022,2022,2,1,4,observed_data_valid,partial_observation_not_global_validity
LEAP_OBSERVED_PARTIAL,Electricity interim/Electricity interim,Solar nonspecified,2022,2060,2,39,80,observed_data_valid,partial_observation_not_global_validity
LEAP_OBSERVED_PARTIAL,Electricity interim/Electricity interim,Solar photovoltaics,2022,2060,9,39,468,observed_data_valid,partial_observation_not_global_validity
LEAP_OBSERVED_PARTIAL,Electricity interim/Electricity interim,Sub bituminous coal,2022,2060,5,39,210,observed_data_valid,partial_observation_not_global_validity
LEAP_OBSERVED_PARTIAL,Electricity interim/Electricity interim,White spirit SBP,,,0,0,0,observed_zero_only,partial_observation_not_global_validity
LEAP_OBSERVED_PARTIAL,Electricity interim/Electricity interim,Wind,2022,2060,7,39,387,observed_data_valid,partial_observation_not_global_validity
LEAP_OBSERVED_PARTIAL,Exports,AUTO BALANCE,2022,2060,1,39,78,observed_data_valid,partial_observation_not_global_validity
LEAP_OBSERVED_PARTIAL,Exports,Additives and oxygenates,2023,2053,1,24,24,observed_data_valid,partial_observation_not_global_validity
LEAP_OBSERVED_PARTIAL,Exports,Ammonia,2026,2060,6,35,171,observed_data_valid,partial_observation_not_global_validity
LEAP_OBSERVED_PARTIAL,Exports,Anthracite,2022,2060,3,39,145,observed_data_valid,partial_observation_not_global_validity
LEAP_OBSERVED_PARTIAL,Exports,Aviation gasoline,2022,2060,2,39,82,observed_data_valid,partial_observation_not_global_validity
LEAP_OBSERVED_PARTIAL,Exports,BKB and PB,2022,2022,1,1,2,observed_data_valid,partial_observation_not_global_validity
LEAP_OBSERVED_PARTIAL,Exports,Bagasse,,,0,0,0,observed_zero_only,partial_observation_not_global_validity
LEAP_OBSERVED_PARTIAL,Exports,Bio jet kerosene,,,0,0,0,observed_zero_only,partial_observation_not_global_validity
LEAP_OBSERVED_PARTIAL,Exports,Biodiesel,2022,2060,2,39,79,observed_data_valid,partial_observation_not_global_validity
LEAP_OBSERVED_PARTIAL,Exports,Biogas,,,0,0,0,observed_zero_only,partial_observation_not_global_validity
LEAP_OBSERVED_PARTIAL,Exports,Biogasoline,2022,2060,2,39,117,observed_data_valid,partial_observation_not_global_validity
LEAP_OBSERVED_PARTIAL,Exports,Bitumen,2022,2060,6,39,140,observed_data_valid,partial_observation_not_global_validity
LEAP_OBSERVED_PARTIAL,Exports,Black liquor,,,0,0,0,observed_zero_only,partial_observation_not_global_validity
LEAP_OBSERVED_PARTIAL,Exports,Blast furnace gas,2022,2022,1,1,2,observed_data_valid,partial_observation_not_global_validity
LEAP_OBSERVED_PARTIAL,Exports,Charcoal,2022,2022,1,1,1,observed_data_valid,partial_observation_not_global_validity
LEAP_OBSERVED_PARTIAL,Exports,Coal tar,2052,2060,1,9,9,observed_data_valid,partial_observation_not_global_validity
LEAP_OBSERVED_PARTIAL,Exports,Coke oven coke,2022,2060,4,39,123,observed_data_valid,partial_observation_not_global_validity
LEAP_OBSERVED_PARTIAL,Exports,Coke oven gas,2022,2060,3,39,125,observed_data_valid,partial_observation_not_global_validity
LEAP_OBSERVED_PARTIAL,Exports,Coking coal,2022,2060,3,39,195,observed_data_valid,partial_observation_not_global_validity
LEAP_OBSERVED_PARTIAL,Exports,Crude oil,2022,2060,9,39,439,observed_data_valid,partial_observation_not_global_validity
LEAP_OBSERVED_PARTIAL,Exports,Efuel,2031,2060,5,28,70,observed_data_valid,partial_observation_not_global_validity
LEAP_OBSERVED_PARTIAL,Exports,Electricity,2022,2060,8,38,48,observed_data_valid,partial_observation_not_global_validity
LEAP_OBSERVED_PARTIAL,Exports,Electricity for hydrogen,,,0,0,0,observed_zero_only,partial_observation_not_global_validity
LEAP_OBSERVED_PARTIAL,Exports,Ethane,2022,2060,2,39,52,observed_data_valid,partial_observation_not_global_validity
LEAP_OBSERVED_PARTIAL,Exports,Fuel oil,2022,2060,8,39,194,observed_data_valid,partial_observation_not_global_validity
LEAP_OBSERVED_PARTIAL,Exports,Fuelwood and woodwaste,,,0,0,0,observed_zero_only,partial_observation_not_global_validity
LEAP_OBSERVED_PARTIAL,Exports,Gas and diesel oil,2022,2060,8,39,272,observed_data_valid,partial_observation_not_global_validity
LEAP_OBSERVED_PARTIAL,Exports,Gas nonspecified,,,0,0,0,observed_zero_only,partial_observation_not_global_validity
LEAP_OBSERVED_PARTIAL,Exports,Gas works gas,2022,2022,1,1,2,observed_data_valid,partial_observation_not_global_validity
LEAP_OBSERVED_PARTIAL,Exports,Gasoline type jet fuel,,,0,0,0,observed_zero_only,partial_observation_not_global_validity
LEAP_OBSERVED_PARTIAL,Exports,Geothermal,,,0,0,0,observed_zero_only,partial_observation_not_global_validity
LEAP_OBSERVED_PARTIAL,Exports,Heat,,,0,0,0,observed_zero_only,partial_observation_not_global_validity
LEAP_OBSERVED_PARTIAL,Exports,Hydro,,,0,0,0,observed_zero_only,partial_observation_not_global_validity
LEAP_OBSERVED_PARTIAL,Exports,Hydrogen,2026,2060,5,33,132,observed_data_valid,partial_observation_not_global_validity
LEAP_OBSERVED_PARTIAL,Exports,Industrial waste,,,0,0,0,observed_zero_only,partial_observation_not_global_validity
LEAP_OBSERVED_PARTIAL,Exports,Kerosene,2022,2060,6,39,99,observed_data_valid,partial_observation_not_global_validity
LEAP_OBSERVED_PARTIAL,Exports,Kerosene type jet fuel,2022,2060,8,39,293,observed_data_valid,partial_observation_not_global_validity
LEAP_OBSERVED_PARTIAL,Exports,LNG,2022,2060,5,39,207,observed_data_valid,partial_observation_not_global_validity
LEAP_OBSERVED_PARTIAL,Exports,LPG,2022,2060,8,39,333,observed_data_valid,partial_observation_not_global_validity
LEAP_OBSERVED_PARTIAL,Exports,Lignite,2022,2022,1,1,2,observed_data_valid,partial_observation_not_global_validity
LEAP_OBSERVED_PARTIAL,Exports,Lubricants,2022,2060,5,39,139,observed_data_valid,partial_observation_not_global_validity
LEAP_OBSERVED_PARTIAL,Exports,Motor gasoline,2022,2060,9,39,284,observed_data_valid,partial_observation_not_global_validity
LEAP_OBSERVED_PARTIAL,Exports,Municipal solid waste non renewable,,,0,0,0,observed_zero_only,partial_observation_not_global_validity
LEAP_OBSERVED_PARTIAL,Exports,Municipal solid waste renewable,,,0,0,0,observed_zero_only,partial_observation_not_global_validity
LEAP_OBSERVED_PARTIAL,Exports,Naphtha,2022,2060,5,39,174,observed_data_valid,partial_observation_not_global_validity
LEAP_OBSERVED_PARTIAL,Exports,Natural gas,2022,2060,5,39,171,observed_data_valid,partial_observation_not_global_validity
LEAP_OBSERVED_PARTIAL,Exports,Natural gas liquids,2022,2060,3,39,120,observed_data_valid,partial_observation_not_global_validity
LEAP_OBSERVED_PARTIAL,Exports,Nuclear,,,0,0,0,observed_zero_only,partial_observation_not_global_validity
LEAP_OBSERVED_PARTIAL,Exports,Other biomass,,,0,0,0,observed_zero_only,partial_observation_not_global_validity
LEAP_OBSERVED_PARTIAL,Exports,Other bituminous coal,2022,2060,5,39,301,observed_data_valid,partial_observation_not_global_validity
LEAP_OBSERVED_PARTIAL,Exports,Other hydrocarbons,2022,2060,2,39,79,observed_data_valid,partial_observation_not_global_validity
LEAP_OBSERVED_PARTIAL,Exports,Other liquid biofuels,,,0,0,0,observed_zero_only,partial_observation_not_global_validity
LEAP_OBSERVED_PARTIAL,Exports,Other products,2022,2060,9,39,265,observed_data_valid,partial_observation_not_global_validity
LEAP_OBSERVED_PARTIAL,Exports,Other recovered gases,,,0,0,0,observed_zero_only,partial_observation_not_global_validity
LEAP_OBSERVED_PARTIAL,Exports,Other sources,,,0,0,0,observed_zero_only,partial_observation_not_global_validity
LEAP_OBSERVED_PARTIAL,Exports,Paraffin waxes,2022,2060,3,39,136,observed_data_valid,partial_observation_not_global_validity
LEAP_OBSERVED_PARTIAL,Exports,Patent fuel,,,0,0,0,observed_zero_only,partial_observation_not_global_validity
LEAP_OBSERVED_PARTIAL,Exports,Petroleum coke,2022,2060,4,39,176,observed_data_valid,partial_observation_not_global_validity
LEAP_OBSERVED_PARTIAL,Exports,Refinery feedstocks,2022,2060,5,39,143,observed_data_valid,partial_observation_not_global_validity
LEAP_OBSERVED_PARTIAL,Exports,Refinery gas not liquefied,2022,2060,5,39,176,observed_data_valid,partial_observation_not_global_validity
LEAP_OBSERVED_PARTIAL,Exports,Solar nonspecified,,,0,0,0,observed_zero_only,partial_observation_not_global_validity
LEAP_OBSERVED_PARTIAL,Exports,Solar photovoltaics,,,0,0,0,observed_zero_only,partial_observation_not_global_validity
LEAP_OBSERVED_PARTIAL,Exports,Sub bituminous coal,2022,2060,3,39,145,observed_data_valid,partial_observation_not_global_validity
LEAP_OBSERVED_PARTIAL,Exports,White spirit SBP,2022,2060,2,39,58,observed_data_valid,partial_observation_not_global_validity
LEAP_OBSERVED_PARTIAL,Exports,Wind,,,0,0,0,observed_zero_only,partial_observation_not_global_validity
LEAP_OBSERVED_PARTIAL,Freight road,Additives and oxygenates,,,0,0,0,observed_zero_only,partial_observation_not_global_validity
LEAP_OBSERVED_PARTIAL,Freight road,Ammonia,,,0,0,0,observed_zero_only,partial_observation_not_global_validity
LEAP_OBSERVED_PARTIAL,Freight road,Anthracite,,,0,0,0,observed_zero_only,partial_observation_not_global_validity
LEAP_OBSERVED_PARTIAL,Freight road,Aviation gasoline,,,0,0,0,observed_zero_only,partial_observation_not_global_validity
LEAP_OBSERVED_PARTIAL,Freight road,Bio jet kerosene,,,0,0,0,observed_zero_only,partial_observation_not_global_validity
LEAP_OBSERVED_PARTIAL,Freight road,Biodiesel,2022,2060,1,39,39,observed_data_valid,partial_observation_not_global_validity
LEAP_OBSERVED_PARTIAL,Freight road,Biogas,,,0,0,0,observed_zero_only,partial_observation_not_global_validity
LEAP_OBSERVED_PARTIAL,Freight road,Biogasoline,2022,2060,1,39,39,observed_data_valid,partial_observation_not_global_validity
LEAP_OBSERVED_PARTIAL,Freight road,Bitumen,,,0,0,0,observed_zero_only,partial_observation_not_global_validity
LEAP_OBSERVED_PARTIAL,Freight road,Blast furnace gas,,,0,0,0,observed_zero_only,partial_observation_not_global_validity
LEAP_OBSERVED_PARTIAL,Freight road,Coal tar,,,0,0,0,observed_zero_only,partial_observation_not_global_validity
LEAP_OBSERVED_PARTIAL,Freight road,Coke oven coke,,,0,0,0,observed_zero_only,partial_observation_not_global_validity
LEAP_OBSERVED_PARTIAL,Freight road,Coke oven gas,,,0,0,0,observed_zero_only,partial_observation_not_global_validity
LEAP_OBSERVED_PARTIAL,Freight road,Coking coal,,,0,0,0,observed_zero_only,partial_observation_not_global_validity
LEAP_OBSERVED_PARTIAL,Freight road,Crude oil,,,0,0,0,observed_zero_only,partial_observation_not_global_validity
LEAP_OBSERVED_PARTIAL,Freight road,Efuel,,,0,0,0,observed_zero_only,partial_observation_not_global_validity
LEAP_OBSERVED_PARTIAL,Freight road,Electricity,2022,2060,1,39,39,observed_data_valid,partial_observation_not_global_validity
LEAP_OBSERVED_PARTIAL,Freight road,Electricity for hydrogen,,,0,0,0,observed_zero_only,partial_observation_not_global_validity
LEAP_OBSERVED_PARTIAL,Freight road,Ethane,,,0,0,0,observed_zero_only,partial_observation_not_global_validity
LEAP_OBSERVED_PARTIAL,Freight road,Fuel oil,,,0,0,0,observed_zero_only,partial_observation_not_global_validity
LEAP_OBSERVED_PARTIAL,Freight road,Gas and diesel oil,2022,2060,1,39,39,observed_data_valid,partial_observation_not_global_validity
LEAP_OBSERVED_PARTIAL,Freight road,Gas works gas,,,0,0,0,observed_zero_only,partial_observation_not_global_validity
LEAP_OBSERVED_PARTIAL,Freight road,Hydro,,,0,0,0,observed_zero_only,partial_observation_not_global_validity
LEAP_OBSERVED_PARTIAL,Freight road,Hydrogen,2023,2060,1,38,38,observed_data_valid,partial_observation_not_global_validity
LEAP_OBSERVED_PARTIAL,Freight road,Industrial waste,,,0,0,0,observed_zero_only,partial_observation_not_global_validity
LEAP_OBSERVED_PARTIAL,Freight road,Kerosene,,,0,0,0,observed_zero_only,partial_observation_not_global_validity
LEAP_OBSERVED_PARTIAL,Freight road,Kerosene type jet fuel,,,0,0,0,observed_zero_only,partial_observation_not_global_validity
LEAP_OBSERVED_PARTIAL,Freight road,LNG,,,0,0,0,observed_zero_only,partial_observation_not_global_validity
LEAP_OBSERVED_PARTIAL,Freight road,LPG,2022,2060,1,39,39,observed_data_valid,partial_observation_not_global_validity
LEAP_OBSERVED_PARTIAL,Freight road,Lignite,,,0,0,0,observed_zero_only,partial_observation_not_global_validity
LEAP_OBSERVED_PARTIAL,Freight road,Lubricants,,,0,0,0,observed_zero_only,partial_observation_not_global_validity
LEAP_OBSERVED_PARTIAL,Freight road,Motor gasoline,2022,2060,1,39,39,observed_data_valid,partial_observation_not_global_validity
LEAP_OBSERVED_PARTIAL,Freight road,Naphtha,,,0,0,0,observed_zero_only,partial_observation_not_global_validity
LEAP_OBSERVED_PARTIAL,Freight road,Natural gas,2022,2060,1,39,39,observed_data_valid,partial_observation_not_global_validity
LEAP_OBSERVED_PARTIAL,Freight road,Natural gas liquids,,,0,0,0,observed_zero_only,partial_observation_not_global_validity
LEAP_OBSERVED_PARTIAL,Freight road,Other biomass,,,0,0,0,observed_zero_only,partial_observation_not_global_validity
LEAP_OBSERVED_PARTIAL,Freight road,Other bituminous coal,,,0,0,0,observed_zero_only,partial_observation_not_global_validity
LEAP_OBSERVED_PARTIAL,Freight road,Other products,,,0,0,0,observed_zero_only,partial_observation_not_global_validity
LEAP_OBSERVED_PARTIAL,Freight road,Other sources,,,0,0,0,observed_zero_only,partial_observation_not_global_validity
LEAP_OBSERVED_PARTIAL,Freight road,Petroleum coke,,,0,0,0,observed_zero_only,partial_observation_not_global_validity
LEAP_OBSERVED_PARTIAL,Freight road,Refinery feedstocks,,,0,0,0,observed_zero_only,partial_observation_not_global_validity
LEAP_OBSERVED_PARTIAL,Freight road,Refinery gas not liquefied,,,0,0,0,observed_zero_only,partial_observation_not_global_validity
LEAP_OBSERVED_PARTIAL,Freight road,Solar nonspecified,,,0,0,0,observed_zero_only,partial_observation_not_global_validity
LEAP_OBSERVED_PARTIAL,Freight road,Solar photovoltaics,,,0,0,0,observed_zero_only,partial_observation_not_global_validity
LEAP_OBSERVED_PARTIAL,Freight road,Sub bituminous coal,,,0,0,0,observed_zero_only,partial_observation_not_global_validity
LEAP_OBSERVED_PARTIAL,Freight road,Wind,,,0,0,0,observed_zero_only,partial_observation_not_global_validity
LEAP_OBSERVED_PARTIAL,Freight road/LCVs,Additives and oxygenates,,,0,0,0,observed_zero_only,partial_observation_not_global_validity
LEAP_OBSERVED_PARTIAL,Freight road/LCVs,Ammonia,,,0,0,0,observed_zero_only,partial_observation_not_global_validity
LEAP_OBSERVED_PARTIAL,Freight road/LCVs,Anthracite,,,0,0,0,observed_zero_only,partial_observation_not_global_validity
LEAP_OBSERVED_PARTIAL,Freight road/LCVs,Aviation gasoline,,,0,0,0,observed_zero_only,partial_observation_not_global_validity
LEAP_OBSERVED_PARTIAL,Freight road/LCVs,Bio jet kerosene,,,0,0,0,observed_zero_only,partial_observation_not_global_validity
LEAP_OBSERVED_PARTIAL,Freight road/LCVs,Biodiesel,2022,2060,1,39,39,observed_data_valid,partial_observation_not_global_validity
LEAP_OBSERVED_PARTIAL,Freight road/LCVs,Biogas,,,0,0,0,observed_zero_only,partial_observation_not_global_validity
LEAP_OBSERVED_PARTIAL,Freight road/LCVs,Biogasoline,2022,2060,1,39,39,observed_data_valid,partial_observation_not_global_validity
LEAP_OBSERVED_PARTIAL,Freight road/LCVs,Bitumen,,,0,0,0,observed_zero_only,partial_observation_not_global_validity
LEAP_OBSERVED_PARTIAL,Freight road/LCVs,Blast furnace gas,,,0,0,0,observed_zero_only,partial_observation_not_global_validity
LEAP_OBSERVED_PARTIAL,Freight road/LCVs,Coal tar,,,0,0,0,observed_zero_only,partial_observation_not_global_validity
LEAP_OBSERVED_PARTIAL,Freight road/LCVs,Coke oven coke,,,0,0,0,observed_zero_only,partial_observation_not_global_validity
LEAP_OBSERVED_PARTIAL,Freight road/LCVs,Coke oven gas,,,0,0,0,observed_zero_only,partial_observation_not_global_validity
LEAP_OBSERVED_PARTIAL,Freight road/LCVs,Coking coal,,,0,0,0,observed_zero_only,partial_observation_not_global_validity
LEAP_OBSERVED_PARTIAL,Freight road/LCVs,Crude oil,,,0,0,0,observed_zero_only,partial_observation_not_global_validity
LEAP_OBSERVED_PARTIAL,Freight road/LCVs,Efuel,,,0,0,0,observed_zero_only,partial_observation_not_global_validity
LEAP_OBSERVED_PARTIAL,Freight road/LCVs,Electricity,2022,2060,1,39,39,observed_data_valid,partial_observation_not_global_validity
LEAP_OBSERVED_PARTIAL,Freight road/LCVs,Electricity for hydrogen,,,0,0,0,observed_zero_only,partial_observation_not_global_validity
LEAP_OBSERVED_PARTIAL,Freight road/LCVs,Ethane,,,0,0,0,observed_zero_only,partial_observation_not_global_validity
LEAP_OBSERVED_PARTIAL,Freight road/LCVs,Fuel oil,,,0,0,0,observed_zero_only,partial_observation_not_global_validity
LEAP_OBSERVED_PARTIAL,Freight road/LCVs,Gas and diesel oil,2022,2060,1,39,39,observed_data_valid,partial_observation_not_global_validity
LEAP_OBSERVED_PARTIAL,Freight road/LCVs,Gas works gas,,,0,0,0,observed_zero_only,partial_observation_not_global_validity
LEAP_OBSERVED_PARTIAL,Freight road/LCVs,Hydro,,,0,0,0,observed_zero_only,partial_observation_not_global_validity
LEAP_OBSERVED_PARTIAL,Freight road/LCVs,Hydrogen,,,0,0,0,observed_zero_only,partial_observation_not_global_validity
LEAP_OBSERVED_PARTIAL,Freight road/LCVs,Industrial waste,,,0,0,0,observed_zero_only,partial_observation_not_global_validity
LEAP_OBSERVED_PARTIAL,Freight road/LCVs,Kerosene,,,0,0,0,observed_zero_only,partial_observation_not_global_validity
LEAP_OBSERVED_PARTIAL,Freight road/LCVs,Kerosene type jet fuel,,,0,0,0,observed_zero_only,partial_observation_not_global_validity
LEAP_OBSERVED_PARTIAL,Freight road/LCVs,LNG,,,0,0,0,observed_zero_only,partial_observation_not_global_validity
LEAP_OBSERVED_PARTIAL,Freight road/LCVs,LPG,2022,2060,1,39,39,observed_data_valid,partial_observation_not_global_validity
LEAP_OBSERVED_PARTIAL,Freight road/LCVs,Lignite,,,0,0,0,observed_zero_only,partial_observation_not_global_validity
LEAP_OBSERVED_PARTIAL,Freight road/LCVs,Lubricants,,,0,0,0,observed_zero_only,partial_observation_not_global_validity
LEAP_OBSERVED_PARTIAL,Freight road/LCVs,Motor gasoline,2022,2060,1,39,39,observed_data_valid,partial_observation_not_global_validity
LEAP_OBSERVED_PARTIAL,Freight road/LCVs,Naphtha,,,0,0,0,observed_zero_only,partial_observation_not_global_validity
LEAP_OBSERVED_PARTIAL,Freight road/LCVs,Natural gas,2022,2060,1,39,39,observed_data_valid,partial_observation_not_global_validity
LEAP_OBSERVED_PARTIAL,Freight road/LCVs,Natural gas liquids,,,0,0,0,observed_zero_only,partial_observation_not_global_validity
LEAP_OBSERVED_PARTIAL,Freight road/LCVs,Other biomass,,,0,0,0,observed_zero_only,partial_observation_not_global_validity
LEAP_OBSERVED_PARTIAL,Freight road/LCVs,Other bituminous coal,,,0,0,0,observed_zero_only,partial_observation_not_global_validity
LEAP_OBSERVED_PARTIAL,Freight road/LCVs,Other products,,,0,0,0,observed_zero_only,partial_observation_not_global_validity
LEAP_OBSERVED_PARTIAL,Freight road/LCVs,Other sources,,,0,0,0,observed_zero_only,partial_observation_not_global_validity
LEAP_OBSERVED_PARTIAL,Freight road/LCVs,Petroleum coke,,,0,0,0,observed_zero_only,partial_observation_not_global_validity
LEAP_OBSERVED_PARTIAL,Freight road/LCVs,Refinery feedstocks,,,0,0,0,observed_zero_only,partial_observation_not_global_validity
LEAP_OBSERVED_PARTIAL,Freight road/LCVs,Refinery gas not liquefied,,,0,0,0,observed_zero_only,partial_observation_not_global_validity
LEAP_OBSERVED_PARTIAL,Freight road/LCVs,Solar nonspecified,,,0,0,0,observed_zero_only,partial_observation_not_global_validity
LEAP_OBSERVED_PARTIAL,Freight road/LCVs,Solar photovoltaics,,,0,0,0,observed_zero_only,partial_observation_not_global_validity
LEAP_OBSERVED_PARTIAL,Freight road/LCVs,Sub bituminous coal,,,0,0,0,observed_zero_only,partial_observation_not_global_validity
LEAP_OBSERVED_PARTIAL,Freight road/LCVs,Wind,,,0,0,0,observed_zero_only,partial_observation_not_global_validity
LEAP_OBSERVED_PARTIAL,Freight road/Trucks,Additives and oxygenates,,,0,0,0,observed_zero_only,partial_observation_not_global_validity
LEAP_OBSERVED_PARTIAL,Freight road/Trucks,Ammonia,,,0,0,0,observed_zero_only,partial_observation_not_global_validity
LEAP_OBSERVED_PARTIAL,Freight road/Trucks,Anthracite,,,0,0,0,observed_zero_only,partial_observation_not_global_validity
LEAP_OBSERVED_PARTIAL,Freight road/Trucks,Aviation gasoline,,,0,0,0,observed_zero_only,partial_observation_not_global_validity
LEAP_OBSERVED_PARTIAL,Freight road/Trucks,Bio jet kerosene,,,0,0,0,observed_zero_only,partial_observation_not_global_validity
LEAP_OBSERVED_PARTIAL,Freight road/Trucks,Biodiesel,2022,2060,1,39,39,observed_data_valid,partial_observation_not_global_validity
LEAP_OBSERVED_PARTIAL,Freight road/Trucks,Biogas,,,0,0,0,observed_zero_only,partial_observation_not_global_validity
LEAP_OBSERVED_PARTIAL,Freight road/Trucks,Biogasoline,,,0,0,0,observed_zero_only,partial_observation_not_global_validity
LEAP_OBSERVED_PARTIAL,Freight road/Trucks,Bitumen,,,0,0,0,observed_zero_only,partial_observation_not_global_validity
LEAP_OBSERVED_PARTIAL,Freight road/Trucks,Blast furnace gas,,,0,0,0,observed_zero_only,partial_observation_not_global_validity
LEAP_OBSERVED_PARTIAL,Freight road/Trucks,Coal tar,,,0,0,0,observed_zero_only,partial_observation_not_global_validity
LEAP_OBSERVED_PARTIAL,Freight road/Trucks,Coke oven coke,,,0,0,0,observed_zero_only,partial_observation_not_global_validity
LEAP_OBSERVED_PARTIAL,Freight road/Trucks,Coke oven gas,,,0,0,0,observed_zero_only,partial_observation_not_global_validity
LEAP_OBSERVED_PARTIAL,Freight road/Trucks,Coking coal,,,0,0,0,observed_zero_only,partial_observation_not_global_validity
LEAP_OBSERVED_PARTIAL,Freight road/Trucks,Crude oil,,,0,0,0,observed_zero_only,partial_observation_not_global_validity
LEAP_OBSERVED_PARTIAL,Freight road/Trucks,Efuel,,,0,0,0,observed_zero_only,partial_observation_not_global_validity
LEAP_OBSERVED_PARTIAL,Freight road/Trucks,Electricity,2022,2060,1,39,39,observed_data_valid,partial_observation_not_global_validity
LEAP_OBSERVED_PARTIAL,Freight road/Trucks,Electricity for hydrogen,,,0,0,0,observed_zero_only,partial_observation_not_global_validity
LEAP_OBSERVED_PARTIAL,Freight road/Trucks,Ethane,,,0,0,0,observed_zero_only,partial_observation_not_global_validity
LEAP_OBSERVED_PARTIAL,Freight road/Trucks,Fuel oil,,,0,0,0,observed_zero_only,partial_observation_not_global_validity
LEAP_OBSERVED_PARTIAL,Freight road/Trucks,Gas and diesel oil,2022,2060,1,39,39,observed_data_valid,partial_observation_not_global_validity
LEAP_OBSERVED_PARTIAL,Freight road/Trucks,Gas works gas,,,0,0,0,observed_zero_only,partial_observation_not_global_validity
LEAP_OBSERVED_PARTIAL,Freight road/Trucks,Hydro,,,0,0,0,observed_zero_only,partial_observation_not_global_validity
LEAP_OBSERVED_PARTIAL,Freight road/Trucks,Hydrogen,2023,2060,1,38,38,observed_data_valid,partial_observation_not_global_validity
LEAP_OBSERVED_PARTIAL,Freight road/Trucks,Industrial waste,,,0,0,0,observed_zero_only,partial_observation_not_global_validity
LEAP_OBSERVED_PARTIAL,Freight road/Trucks,Kerosene,,,0,0,0,observed_zero_only,partial_observation_not_global_validity
LEAP_OBSERVED_PARTIAL,Freight road/Trucks,Kerosene type jet fuel,,,0,0,0,observed_zero_only,partial_observation_not_global_validity
LEAP_OBSERVED_PARTIAL,Freight road/Trucks,LNG,,,0,0,0,observed_zero_only,partial_observation_not_global_validity
LEAP_OBSERVED_PARTIAL,Freight road/Trucks,LPG,2022,2060,1,39,39,observed_data_valid,partial_observation_not_global_validity
LEAP_OBSERVED_PARTIAL,Freight road/Trucks,Lignite,,,0,0,0,observed_zero_only,partial_observation_not_global_validity
LEAP_OBSERVED_PARTIAL,Freight road/Trucks,Lubricants,,,0,0,0,observed_zero_only,partial_observation_not_global_validity
LEAP_OBSERVED_PARTIAL,Freight road/Trucks,Motor gasoline,,,0,0,0,observed_zero_only,partial_observation_not_global_validity
LEAP_OBSERVED_PARTIAL,Freight road/Trucks,Naphtha,,,0,0,0,observed_zero_only,partial_observation_not_global_validity
LEAP_OBSERVED_PARTIAL,Freight road/Trucks,Natural gas,2022,2060,1,39,39,observed_data_valid,partial_observation_not_global_validity
LEAP_OBSERVED_PARTIAL,Freight road/Trucks,Natural gas liquids,,,0,0,0,observed_zero_only,partial_observation_not_global_validity
LEAP_OBSERVED_PARTIAL,Freight road/Trucks,Other biomass,,,0,0,0,observed_zero_only,partial_observation_not_global_validity
LEAP_OBSERVED_PARTIAL,Freight road/Trucks,Other bituminous coal,,,0,0,0,observed_zero_only,partial_observation_not_global_validity
LEAP_OBSERVED_PARTIAL,Freight road/Trucks,Other products,,,0,0,0,observed_zero_only,partial_observation_not_global_validity
LEAP_OBSERVED_PARTIAL,Freight road/Trucks,Other sources,,,0,0,0,observed_zero_only,partial_observation_not_global_validity
LEAP_OBSERVED_PARTIAL,Freight road/Trucks,Petroleum coke,,,0,0,0,observed_zero_only,partial_observation_not_global_validity
LEAP_OBSERVED_PARTIAL,Freight road/Trucks,Refinery feedstocks,,,0,0,0,observed_zero_only,partial_observation_not_global_validity
LEAP_OBSERVED_PARTIAL,Freight road/Trucks,Refinery gas not liquefied,,,0,0,0,observed_zero_only,partial_observation_not_global_validity
LEAP_OBSERVED_PARTIAL,Freight road/Trucks,Solar nonspecified,,,0,0,0,observed_zero_only,partial_observation_not_global_validity
LEAP_OBSERVED_PARTIAL,Freight road/Trucks,Solar photovoltaics,,,0,0,0,observed_zero_only,partial_observation_not_global_validity
LEAP_OBSERVED_PARTIAL,Freight road/Trucks,Sub bituminous coal,,,0,0,0,observed_zero_only,partial_observation_not_global_validity
LEAP_OBSERVED_PARTIAL,Freight road/Trucks,Wind,,,0,0,0,observed_zero_only,partial_observation_not_global_validity
LEAP_OBSERVED_PARTIAL,Gas to liquids plants,AUTO BALANCE,,,0,0,0,observed_zero_only,partial_observation_not_global_validity
LEAP_OBSERVED_PARTIAL,Gas to liquids plants,Additives and oxygenates,,,0,0,0,observed_zero_only,partial_observation_not_global_validity
LEAP_OBSERVED_PARTIAL,Gas to liquids plants,Ammonia,,,0,0,0,observed_zero_only,partial_observation_not_global_validity
LEAP_OBSERVED_PARTIAL,Gas to liquids plants,Anthracite,,,0,0,0,observed_zero_only,partial_observation_not_global_validity
LEAP_OBSERVED_PARTIAL,Gas to liquids plants,Aviation gasoline,,,0,0,0,observed_zero_only,partial_observation_not_global_validity
LEAP_OBSERVED_PARTIAL,Gas to liquids plants,BKB and PB,,,0,0,0,observed_zero_only,partial_observation_not_global_validity
LEAP_OBSERVED_PARTIAL,Gas to liquids plants,Bagasse,,,0,0,0,observed_zero_only,partial_observation_not_global_validity
LEAP_OBSERVED_PARTIAL,Gas to liquids plants,Bio jet kerosene,,,0,0,0,observed_zero_only,partial_observation_not_global_validity
LEAP_OBSERVED_PARTIAL,Gas to liquids plants,Biodiesel,,,0,0,0,observed_zero_only,partial_observation_not_global_validity
LEAP_OBSERVED_PARTIAL,Gas to liquids plants,Biogas,,,0,0,0,observed_zero_only,partial_observation_not_global_validity
LEAP_OBSERVED_PARTIAL,Gas to liquids plants,Biogasoline,,,0,0,0,observed_zero_only,partial_observation_not_global_validity
LEAP_OBSERVED_PARTIAL,Gas to liquids plants,Bitumen,,,0,0,0,observed_zero_only,partial_observation_not_global_validity
LEAP_OBSERVED_PARTIAL,Gas to liquids plants,Black liquor,,,0,0,0,observed_zero_only,partial_observation_not_global_validity
LEAP_OBSERVED_PARTIAL,Gas to liquids plants,Blast furnace gas,,,0,0,0,observed_zero_only,partial_observation_not_global_validity
LEAP_OBSERVED_PARTIAL,Gas to liquids plants,Charcoal,,,0,0,0,observed_zero_only,partial_observation_not_global_validity
LEAP_OBSERVED_PARTIAL,Gas to liquids plants,Coal tar,,,0,0,0,observed_zero_only,partial_observation_not_global_validity
LEAP_OBSERVED_PARTIAL,Gas to liquids plants,Coke oven coke,,,0,0,0,observed_zero_only,partial_observation_not_global_validity
LEAP_OBSERVED_PARTIAL,Gas to liquids plants,Coke oven gas,,,0,0,0,observed_zero_only,partial_observation_not_global_validity
LEAP_OBSERVED_PARTIAL,Gas to liquids plants,Coking coal,,,0,0,0,observed_zero_only,partial_observation_not_global_validity
LEAP_OBSERVED_PARTIAL,Gas to liquids plants,Crude oil,,,0,0,0,observed_zero_only,partial_observation_not_global_validity
LEAP_OBSERVED_PARTIAL,Gas to liquids plants,Efuel,,,0,0,0,observed_zero_only,partial_observation_not_global_validity
LEAP_OBSERVED_PARTIAL,Gas to liquids plants,Electricity,,,0,0,0,observed_zero_only,partial_observation_not_global_validity
LEAP_OBSERVED_PARTIAL,Gas to liquids plants,Electricity for hydrogen,,,0,0,0,observed_zero_only,partial_observation_not_global_validity
LEAP_OBSERVED_PARTIAL,Gas to liquids plants,Ethane,,,0,0,0,observed_zero_only,partial_observation_not_global_validity
LEAP_OBSERVED_PARTIAL,Gas to liquids plants,Fuel oil,,,0,0,0,observed_zero_only,partial_observation_not_global_validity
LEAP_OBSERVED_PARTIAL,Gas to liquids plants,Fuelwood and woodwaste,,,0,0,0,observed_zero_only,partial_observation_not_global_validity
LEAP_OBSERVED_PARTIAL,Gas to liquids plants,Gas and diesel oil,2022,2022,1,1,1,observed_data_valid,partial_observation_not_global_validity
LEAP_OBSERVED_PARTIAL,Gas to liquids plants,Gas nonspecified,,,0,0,0,observed_zero_only,partial_observation_not_global_validity
LEAP_OBSERVED_PARTIAL,Gas to liquids plants,Gas works gas,,,0,0,0,observed_zero_only,partial_observation_not_global_validity
LEAP_OBSERVED_PARTIAL,Gas to liquids plants,Gasoline type jet fuel,,,0,0,0,observed_zero_only,partial_observation_not_global_validity
LEAP_OBSERVED_PARTIAL,Gas to liquids plants,Geothermal,,,0,0,0,observed_zero_only,partial_observation_not_global_validity
LEAP_OBSERVED_PARTIAL,Gas to liquids plants,Heat,,,0,0,0,observed_zero_only,partial_observation_not_global_validity
LEAP_OBSERVED_PARTIAL,Gas to liquids plants,Hydro,,,0,0,0,observed_zero_only,partial_observation_not_global_validity
LEAP_OBSERVED_PARTIAL,Gas to liquids plants,Hydrogen,,,0,0,0,observed_zero_only,partial_observation_not_global_validity
LEAP_OBSERVED_PARTIAL,Gas to liquids plants,Industrial waste,,,0,0,0,observed_zero_only,partial_observation_not_global_validity
LEAP_OBSERVED_PARTIAL,Gas to liquids plants,Kerosene,2022,2022,1,1,1,observed_data_valid,partial_observation_not_global_validity
LEAP_OBSERVED_PARTIAL,Gas to liquids plants,Kerosene type jet fuel,,,0,0,0,observed_zero_only,partial_observation_not_global_validity
LEAP_OBSERVED_PARTIAL,Gas to liquids plants,LNG,,,0,0,0,observed_zero_only,partial_observation_not_global_validity
LEAP_OBSERVED_PARTIAL,Gas to liquids plants,LPG,2022,2022,1,1,1,observed_data_valid,partial_observation_not_global_validity
LEAP_OBSERVED_PARTIAL,Gas to liquids plants,Lignite,,,0,0,0,observed_zero_only,partial_observation_not_global_validity
LEAP_OBSERVED_PARTIAL,Gas to liquids plants,Lubricants,,,0,0,0,observed_zero_only,partial_observation_not_global_validity
LEAP_OBSERVED_PARTIAL,Gas to liquids plants,Motor gasoline,,,0,0,0,observed_zero_only,partial_observation_not_global_validity
LEAP_OBSERVED_PARTIAL,Gas to liquids plants,Municipal solid waste non renewable,,,0,0,0,observed_zero_only,partial_observation_not_global_validity
LEAP_OBSERVED_PARTIAL,Gas to liquids plants,Municipal solid waste renewable,,,0,0,0,observed_zero_only,partial_observation_not_global_validity
LEAP_OBSERVED_PARTIAL,Gas to liquids plants,Naphtha,,,0,0,0,observed_zero_only,partial_observation_not_global_validity
LEAP_OBSERVED_PARTIAL,Gas to liquids plants,Natural gas,2022,2022,1,1,1,observed_data_valid,partial_observation_not_global_validity
LEAP_OBSERVED_PARTIAL,Gas to liquids plants,Natural gas liquids,,,0,0,0,observed_zero_only,partial_observation_not_global_validity
LEAP_OBSERVED_PARTIAL,Gas to liquids plants,Nuclear,,,0,0,0,observed_zero_only,partial_observation_not_global_validity
LEAP_OBSERVED_PARTIAL,Gas to liquids plants,Other biomass,,,0,0,0,observed_zero_only,partial_observation_not_global_validity
LEAP_OBSERVED_PARTIAL,Gas to liquids plants,Other bituminous coal,,,0,0,0,observed_zero_only,partial_observation_not_global_validity
LEAP_OBSERVED_PARTIAL,Gas to liquids plants,Other hydrocarbons,,,0,0,0,observed_zero_only,partial_observation_not_global_validity
LEAP_OBSERVED_PARTIAL,Gas to liquids plants,Other liquid biofuels,,,0,0,0,observed_zero_only,partial_observation_not_global_validity
LEAP_OBSERVED_PARTIAL,Gas to liquids plants,Other products,2022,2022,1,1,1,observed_data_valid,partial_observation_not_global_validity
LEAP_OBSERVED_PARTIAL,Gas to liquids plants,Other recovered gases,,,0,0,0,observed_zero_only,partial_observation_not_global_validity
LEAP_OBSERVED_PARTIAL,Gas to liquids plants,Other sources,,,0,0,0,observed_zero_only,partial_observation_not_global_validity
LEAP_OBSERVED_PARTIAL,Gas to liquids plants,Paraffin waxes,,,0,0,0,observed_zero_only,partial_observation_not_global_validity
LEAP_OBSERVED_PARTIAL,Gas to liquids plants,Patent fuel,,,0,0,0,observed_zero_only,partial_observation_not_global_validity
LEAP_OBSERVED_PARTIAL,Gas to liquids plants,Petroleum coke,,,0,0,0,observed_zero_only,partial_observation_not_global_validity
LEAP_OBSERVED_PARTIAL,Gas to liquids plants,Refinery feedstocks,,,0,0,0,observed_zero_only,partial_observation_not_global_validity
LEAP_OBSERVED_PARTIAL,Gas to liquids plants,Refinery gas not liquefied,,,0,0,0,observed_zero_only,partial_observation_not_global_validity
LEAP_OBSERVED_PARTIAL,Gas to liquids plants,Solar nonspecified,,,0,0,0,observed_zero_only,partial_observation_not_global_validity
LEAP_OBSERVED_PARTIAL,Gas to liquids plants,Solar photovoltaics,,,0,0,0,observed_zero_only,partial_observation_not_global_validity
LEAP_OBSERVED_PARTIAL,Gas to liquids plants,Sub bituminous coal,,,0,0,0,observed_zero_only,partial_observation_not_global_validity
LEAP_OBSERVED_PARTIAL,Gas to liquids plants,White spirit SBP,,,0,0,0,observed_zero_only,partial_observation_not_global_validity
LEAP_OBSERVED_PARTIAL,Gas to liquids plants,Wind,,,0,0,0,observed_zero_only,partial_observation_not_global_validity
LEAP_OBSERVED_PARTIAL,Gas to liquids plants/Gas to liquids plants,AUTO BALANCE,,,0,0,0,observed_zero_only,partial_observation_not_global_validity
LEAP_OBSERVED_PARTIAL,Gas to liquids plants/Gas to liquids plants,Additives and oxygenates,,,0,0,0,observed_zero_only,partial_observation_not_global_validity
LEAP_OBSERVED_PARTIAL,Gas to liquids plants/Gas to liquids plants,Ammonia,,,0,0,0,observed_zero_only,partial_observation_not_global_validity
LEAP_OBSERVED_PARTIAL,Gas to liquids plants/Gas to liquids plants,Anthracite,,,0,0,0,observed_zero_only,partial_observation_not_global_validity
LEAP_OBSERVED_PARTIAL,Gas to liquids plants/Gas to liquids plants,Aviation gasoline,,,0,0,0,observed_zero_only,partial_observation_not_global_validity
LEAP_OBSERVED_PARTIAL,Gas to liquids plants/Gas to liquids plants,BKB and PB,,,0,0,0,observed_zero_only,partial_observation_not_global_validity
LEAP_OBSERVED_PARTIAL,Gas to liquids plants/Gas to liquids plants,Bagasse,,,0,0,0,observed_zero_only,partial_observation_not_global_validity
LEAP_OBSERVED_PARTIAL,Gas to liquids plants/Gas to liquids plants,Bio jet kerosene,,,0,0,0,observed_zero_only,partial_observation_not_global_validity
LEAP_OBSERVED_PARTIAL,Gas to liquids plants/Gas to liquids plants,Biodiesel,,,0,0,0,observed_zero_only,partial_observation_not_global_validity
LEAP_OBSERVED_PARTIAL,Gas to liquids plants/Gas to liquids plants,Biogas,,,0,0,0,observed_zero_only,partial_observation_not_global_validity
LEAP_OBSERVED_PARTIAL,Gas to liquids plants/Gas to liquids plants,Biogasoline,,,0,0,0,observed_zero_only,partial_observation_not_global_validity
LEAP_OBSERVED_PARTIAL,Gas to liquids plants/Gas to liquids plants,Bitumen,,,0,0,0,observed_zero_only,partial_observation_not_global_validity
LEAP_OBSERVED_PARTIAL,Gas to liquids plants/Gas to liquids plants,Black liquor,,,0,0,0,observed_zero_only,partial_observation_not_global_validity
LEAP_OBSERVED_PARTIAL,Gas to liquids plants/Gas to liquids plants,Blast furnace gas,,,0,0,0,observed_zero_only,partial_observation_not_global_validity
LEAP_OBSERVED_PARTIAL,Gas to liquids plants/Gas to liquids plants,Charcoal,,,0,0,0,observed_zero_only,partial_observation_not_global_validity
LEAP_OBSERVED_PARTIAL,Gas to liquids plants/Gas to liquids plants,Coal tar,,,0,0,0,observed_zero_only,partial_observation_not_global_validity
LEAP_OBSERVED_PARTIAL,Gas to liquids plants/Gas to liquids plants,Coke oven coke,,,0,0,0,observed_zero_only,partial_observation_not_global_validity
LEAP_OBSERVED_PARTIAL,Gas to liquids plants/Gas to liquids plants,Coke oven gas,,,0,0,0,observed_zero_only,partial_observation_not_global_validity
LEAP_OBSERVED_PARTIAL,Gas to liquids plants/Gas to liquids plants,Coking coal,,,0,0,0,observed_zero_only,partial_observation_not_global_validity
LEAP_OBSERVED_PARTIAL,Gas to liquids plants/Gas to liquids plants,Crude oil,,,0,0,0,observed_zero_only,partial_observation_not_global_validity
LEAP_OBSERVED_PARTIAL,Gas to liquids plants/Gas to liquids plants,Efuel,,,0,0,0,observed_zero_only,partial_observation_not_global_validity
LEAP_OBSERVED_PARTIAL,Gas to liquids plants/Gas to liquids plants,Electricity,,,0,0,0,observed_zero_only,partial_observation_not_global_validity
LEAP_OBSERVED_PARTIAL,Gas to liquids plants/Gas to liquids plants,Electricity for hydrogen,,,0,0,0,observed_zero_only,partial_observation_not_global_validity
LEAP_OBSERVED_PARTIAL,Gas to liquids plants/Gas to liquids plants,Ethane,,,0,0,0,observed_zero_only,partial_observation_not_global_validity
LEAP_OBSERVED_PARTIAL,Gas to liquids plants/Gas to liquids plants,Fuel oil,,,0,0,0,observed_zero_only,partial_observation_not_global_validity
LEAP_OBSERVED_PARTIAL,Gas to liquids plants/Gas to liquids plants,Fuelwood and woodwaste,,,0,0,0,observed_zero_only,partial_observation_not_global_validity
LEAP_OBSERVED_PARTIAL,Gas to liquids plants/Gas to liquids plants,Gas and diesel oil,2022,2022,1,1,1,observed_data_valid,partial_observation_not_global_validity
LEAP_OBSERVED_PARTIAL,Gas to liquids plants/Gas to liquids plants,Gas nonspecified,,,0,0,0,observed_zero_only,partial_observation_not_global_validity
LEAP_OBSERVED_PARTIAL,Gas to liquids plants/Gas to liquids plants,Gas works gas,,,0,0,0,observed_zero_only,partial_observation_not_global_validity
LEAP_OBSERVED_PARTIAL,Gas to liquids plants/Gas to liquids plants,Gasoline type jet fuel,,,0,0,0,observed_zero_only,partial_observation_not_global_validity
LEAP_OBSERVED_PARTIAL,Gas to liquids plants/Gas to liquids plants,Geothermal,,,0,0,0,observed_zero_only,partial_observation_not_global_validity
LEAP_OBSERVED_PARTIAL,Gas to liquids plants/Gas to liquids plants,Heat,,,0,0,0,observed_zero_only,partial_observation_not_global_validity
LEAP_OBSERVED_PARTIAL,Gas to liquids plants/Gas to liquids plants,Hydro,,,0,0,0,observed_zero_only,partial_observation_not_global_validity
LEAP_OBSERVED_PARTIAL,Gas to liquids plants/Gas to liquids plants,Hydrogen,,,0,0,0,observed_zero_only,partial_observation_not_global_validity
LEAP_OBSERVED_PARTIAL,Gas to liquids plants/Gas to liquids plants,Industrial waste,,,0,0,0,observed_zero_only,partial_observation_not_global_validity
LEAP_OBSERVED_PARTIAL,Gas to liquids plants/Gas to liquids plants,Kerosene,2022,2022,1,1,1,observed_data_valid,partial_observation_not_global_validity
LEAP_OBSERVED_PARTIAL,Gas to liquids plants/Gas to liquids plants,Kerosene type jet fuel,,,0,0,0,observed_zero_only,partial_observation_not_global_validity
LEAP_OBSERVED_PARTIAL,Gas to liquids plants/Gas to liquids plants,LNG,,,0,0,0,observed_zero_only,partial_observation_not_global_validity
LEAP_OBSERVED_PARTIAL,Gas to liquids plants/Gas to liquids plants,LPG,2022,2022,1,1,1,observed_data_valid,partial_observation_not_global_validity
LEAP_OBSERVED_PARTIAL,Gas to liquids plants/Gas to liquids plants,Lignite,,,0,0,0,observed_zero_only,partial_observation_not_global_validity
LEAP_OBSERVED_PARTIAL,Gas to liquids plants/Gas to liquids plants,Lubricants,,,0,0,0,observed_zero_only,partial_observation_not_global_validity
LEAP_OBSERVED_PARTIAL,Gas to liquids plants/Gas to liquids plants,Motor gasoline,,,0,0,0,observed_zero_only,partial_observation_not_global_validity
LEAP_OBSERVED_PARTIAL,Gas to liquids plants/Gas to liquids plants,Municipal solid waste non renewable,,,0,0,0,observed_zero_only,partial_observation_not_global_validity
LEAP_OBSERVED_PARTIAL,Gas to liquids plants/Gas to liquids plants,Municipal solid waste renewable,,,0,0,0,observed_zero_only,partial_observation_not_global_validity
LEAP_OBSERVED_PARTIAL,Gas to liquids plants/Gas to liquids plants,Naphtha,,,0,0,0,observed_zero_only,partial_observation_not_global_validity
LEAP_OBSERVED_PARTIAL,Gas to liquids plants/Gas to liquids plants,Natural gas,2022,2022,1,1,1,observed_data_valid,partial_observation_not_global_validity
LEAP_OBSERVED_PARTIAL,Gas to liquids plants/Gas to liquids plants,Natural gas liquids,,,0,0,0,observed_zero_only,partial_observation_not_global_validity
LEAP_OBSERVED_PARTIAL,Gas to liquids plants/Gas to liquids plants,Nuclear,,,0,0,0,observed_zero_only,partial_observation_not_global_validity
LEAP_OBSERVED_PARTIAL,Gas to liquids plants/Gas to liquids plants,Other biomass,,,0,0,0,observed_zero_only,partial_observation_not_global_validity
LEAP_OBSERVED_PARTIAL,Gas to liquids plants/Gas to liquids plants,Other bituminous coal,,,0,0,0,observed_zero_only,partial_observation_not_global_validity
LEAP_OBSERVED_PARTIAL,Gas to liquids plants/Gas to liquids plants,Other hydrocarbons,,,0,0,0,observed_zero_only,partial_observation_not_global_validity
LEAP_OBSERVED_PARTIAL,Gas to liquids plants/Gas to liquids plants,Other liquid biofuels,,,0,0,0,observed_zero_only,partial_observation_not_global_validity
LEAP_OBSERVED_PARTIAL,Gas to liquids plants/Gas to liquids plants,Other products,2022,2022,1,1,1,observed_data_valid,partial_observation_not_global_validity
LEAP_OBSERVED_PARTIAL,Gas to liquids plants/Gas to liquids plants,Other recovered gases,,,0,0,0,observed_zero_only,partial_observation_not_global_validity
LEAP_OBSERVED_PARTIAL,Gas to liquids plants/Gas to liquids plants,Other sources,,,0,0,0,observed_zero_only,partial_observation_not_global_validity
LEAP_OBSERVED_PARTIAL,Gas to liquids plants/Gas to liquids plants,Paraffin waxes,,,0,0,0,observed_zero_only,partial_observation_not_global_validity
LEAP_OBSERVED_PARTIAL,Gas to liquids plants/Gas to liquids plants,Patent fuel,,,0,0,0,observed_zero_only,partial_observation_not_global_validity
LEAP_OBSERVED_PARTIAL,Gas to liquids plants/Gas to liquids plants,Petroleum coke,,,0,0,0,observed_zero_only,partial_observation_not_global_validity
LEAP_OBSERVED_PARTIAL,Gas to liquids plants/Gas to liquids plants,Refinery feedstocks,,,0,0,0,observed_zero_only,partial_observation_not_global_validity
LEAP_OBSERVED_PARTIAL,Gas to liquids plants/Gas to liquids plants,Refinery gas not liquefied,,,0,0,0,observed_zero_only,partial_observation_not_global_validity
LEAP_OBSERVED_PARTIAL,Gas to liquids plants/Gas to liquids plants,Solar nonspecified,,,0,0,0,observed_zero_only,partial_observation_not_global_validity
LEAP_OBSERVED_PARTIAL,Gas to liquids plants/Gas to liquids plants,Solar photovoltaics,,,0,0,0,observed_zero_only,partial_observation_not_global_validity
LEAP_OBSERVED_PARTIAL,Gas to liquids plants/Gas to liquids plants,Sub bituminous coal,,,0,0,0,observed_zero_only,partial_observation_not_global_validity
LEAP_OBSERVED_PARTIAL,Gas to liquids plants/Gas to liquids plants,White spirit SBP,,,0,0,0,observed_zero_only,partial_observation_not_global_validity
LEAP_OBSERVED_PARTIAL,Gas to liquids plants/Gas to liquids plants,Wind,,,0,0,0,observed_zero_only,partial_observation_not_global_validity
LEAP_OBSERVED_PARTIAL,Gas works plants,AUTO BALANCE,,,0,0,0,observed_zero_only,partial_observation_not_global_validity
LEAP_OBSERVED_PARTIAL,Gas works plants,Additives and oxygenates,,,0,0,0,observed_zero_only,partial_observation_not_global_validity
LEAP_OBSERVED_PARTIAL,Gas works plants,Ammonia,,,0,0,0,observed_zero_only,partial_observation_not_global_validity
LEAP_OBSERVED_PARTIAL,Gas works plants,Anthracite,,,0,0,0,observed_zero_only,partial_observation_not_global_validity
LEAP_OBSERVED_PARTIAL,Gas works plants,Aviation gasoline,,,0,0,0,observed_zero_only,partial_observation_not_global_validity
LEAP_OBSERVED_PARTIAL,Gas works plants,BKB and PB,,,0,0,0,observed_zero_only,partial_observation_not_global_validity
LEAP_OBSERVED_PARTIAL,Gas works plants,Bagasse,,,0,0,0,observed_zero_only,partial_observation_not_global_validity
LEAP_OBSERVED_PARTIAL,Gas works plants,Bio jet kerosene,,,0,0,0,observed_zero_only,partial_observation_not_global_validity
LEAP_OBSERVED_PARTIAL,Gas works plants,Biodiesel,,,0,0,0,observed_zero_only,partial_observation_not_global_validity
LEAP_OBSERVED_PARTIAL,Gas works plants,Biogas,,,0,0,0,observed_zero_only,partial_observation_not_global_validity
LEAP_OBSERVED_PARTIAL,Gas works plants,Biogasoline,,,0,0,0,observed_zero_only,partial_observation_not_global_validity
LEAP_OBSERVED_PARTIAL,Gas works plants,Bitumen,,,0,0,0,observed_zero_only,partial_observation_not_global_validity
LEAP_OBSERVED_PARTIAL,Gas works plants,Black liquor,,,0,0,0,observed_zero_only,partial_observation_not_global_validity
LEAP_OBSERVED_PARTIAL,Gas works plants,Blast furnace gas,,,0,0,0,observed_zero_only,partial_observation_not_global_validity
LEAP_OBSERVED_PARTIAL,Gas works plants,Charcoal,,,0,0,0,observed_zero_only,partial_observation_not_global_validity
LEAP_OBSERVED_PARTIAL,Gas works plants,Coal tar,2022,2060,1,39,78,observed_data_valid,partial_observation_not_global_validity
LEAP_OBSERVED_PARTIAL,Gas works plants,Coke oven coke,2022,2060,1,39,78,observed_data_valid,partial_observation_not_global_validity
LEAP_OBSERVED_PARTIAL,Gas works plants,Coke oven gas,2022,2060,1,39,78,observed_data_valid,partial_observation_not_global_validity
LEAP_OBSERVED_PARTIAL,Gas works plants,Coking coal,,,0,0,0,observed_zero_only,partial_observation_not_global_validity
LEAP_OBSERVED_PARTIAL,Gas works plants,Crude oil,,,0,0,0,observed_zero_only,partial_observation_not_global_validity
LEAP_OBSERVED_PARTIAL,Gas works plants,Efuel,,,0,0,0,observed_zero_only,partial_observation_not_global_validity
LEAP_OBSERVED_PARTIAL,Gas works plants,Electricity,2022,2060,2,39,118,observed_data_valid,partial_observation_not_global_validity
LEAP_OBSERVED_PARTIAL,Gas works plants,Electricity for hydrogen,,,0,0,0,observed_zero_only,partial_observation_not_global_validity
LEAP_OBSERVED_PARTIAL,Gas works plants,Ethane,,,0,0,0,observed_zero_only,partial_observation_not_global_validity
LEAP_OBSERVED_PARTIAL,Gas works plants,Fuel oil,,,0,0,0,observed_zero_only,partial_observation_not_global_validity
LEAP_OBSERVED_PARTIAL,Gas works plants,Fuelwood and woodwaste,,,0,0,0,observed_zero_only,partial_observation_not_global_validity
LEAP_OBSERVED_PARTIAL,Gas works plants,Gas and diesel oil,2022,2060,2,39,156,observed_data_valid,partial_observation_not_global_validity
LEAP_OBSERVED_PARTIAL,Gas works plants,Gas nonspecified,,,0,0,0,observed_zero_only,partial_observation_not_global_validity
LEAP_OBSERVED_PARTIAL,Gas works plants,Gas works gas,2022,2060,3,39,158,observed_data_valid,partial_observation_not_global_validity
LEAP_OBSERVED_PARTIAL,Gas works plants,Gasoline type jet fuel,,,0,0,0,observed_zero_only,partial_observation_not_global_validity
LEAP_OBSERVED_PARTIAL,Gas works plants,Geothermal,,,0,0,0,observed_zero_only,partial_observation_not_global_validity
LEAP_OBSERVED_PARTIAL,Gas works plants,Heat,2022,2060,1,39,40,observed_data_valid,partial_observation_not_global_validity
LEAP_OBSERVED_PARTIAL,Gas works plants,Hydro,,,0,0,0,observed_zero_only,partial_observation_not_global_validity
LEAP_OBSERVED_PARTIAL,Gas works plants,Hydrogen,,,0,0,0,observed_zero_only,partial_observation_not_global_validity
LEAP_OBSERVED_PARTIAL,Gas works plants,Industrial waste,,,0,0,0,observed_zero_only,partial_observation_not_global_validity
LEAP_OBSERVED_PARTIAL,Gas works plants,Kerosene,,,0,0,0,observed_zero_only,partial_observation_not_global_validity
LEAP_OBSERVED_PARTIAL,Gas works plants,Kerosene type jet fuel,,,0,0,0,observed_zero_only,partial_observation_not_global_validity
LEAP_OBSERVED_PARTIAL,Gas works plants,LNG,,,0,0,0,observed_zero_only,partial_observation_not_global_validity
LEAP_OBSERVED_PARTIAL,Gas works plants,LPG,2022,2060,1,39,78,observed_data_valid,partial_observation_not_global_validity
LEAP_OBSERVED_PARTIAL,Gas works plants,Lignite,2022,2022,1,1,2,observed_data_valid,partial_observation_not_global_validity
LEAP_OBSERVED_PARTIAL,Gas works plants,Lubricants,,,0,0,0,observed_zero_only,partial_observation_not_global_validity
LEAP_OBSERVED_PARTIAL,Gas works plants,Motor gasoline,2022,2060,2,39,156,observed_data_valid,partial_observation_not_global_validity
LEAP_OBSERVED_PARTIAL,Gas works plants,Municipal solid waste non renewable,,,0,0,0,observed_zero_only,partial_observation_not_global_validity
LEAP_OBSERVED_PARTIAL,Gas works plants,Municipal solid waste renewable,,,0,0,0,observed_zero_only,partial_observation_not_global_validity
LEAP_OBSERVED_PARTIAL,Gas works plants,Naphtha,,,0,0,0,observed_zero_only,partial_observation_not_global_validity
LEAP_OBSERVED_PARTIAL,Gas works plants,Natural gas,2022,2060,2,39,156,observed_data_valid,partial_observation_not_global_validity
LEAP_OBSERVED_PARTIAL,Gas works plants,Natural gas liquids,,,0,0,0,observed_zero_only,partial_observation_not_global_validity
LEAP_OBSERVED_PARTIAL,Gas works plants,Nuclear,,,0,0,0,observed_zero_only,partial_observation_not_global_validity
LEAP_OBSERVED_PARTIAL,Gas works plants,Other biomass,,,0,0,0,observed_zero_only,partial_observation_not_global_validity
LEAP_OBSERVED_PARTIAL,Gas works plants,Other bituminous coal,2022,2060,1,39,78,observed_data_valid,partial_observation_not_global_validity
LEAP_OBSERVED_PARTIAL,Gas works plants,Other hydrocarbons,,,0,0,0,observed_zero_only,partial_observation_not_global_validity
LEAP_OBSERVED_PARTIAL,Gas works plants,Other liquid biofuels,,,0,0,0,observed_zero_only,partial_observation_not_global_validity
LEAP_OBSERVED_PARTIAL,Gas works plants,Other products,2022,2060,1,39,78,observed_data_valid,partial_observation_not_global_validity
LEAP_OBSERVED_PARTIAL,Gas works plants,Other recovered gases,2022,2060,1,39,40,observed_data_valid,partial_observation_not_global_validity
LEAP_OBSERVED_PARTIAL,Gas works plants,Other sources,,,0,0,0,observed_zero_only,partial_observation_not_global_validity
LEAP_OBSERVED_PARTIAL,Gas works plants,Paraffin waxes,,,0,0,0,observed_zero_only,partial_observation_not_global_validity
LEAP_OBSERVED_PARTIAL,Gas works plants,Patent fuel,,,0,0,0,observed_zero_only,partial_observation_not_global_validity
LEAP_OBSERVED_PARTIAL,Gas works plants,Petroleum coke,2022,2060,1,39,78,observed_data_valid,partial_observation_not_global_validity
LEAP_OBSERVED_PARTIAL,Gas works plants,Refinery feedstocks,,,0,0,0,observed_zero_only,partial_observation_not_global_validity
LEAP_OBSERVED_PARTIAL,Gas works plants,Refinery gas not liquefied,2022,2060,1,39,78,observed_data_valid,partial_observation_not_global_validity
LEAP_OBSERVED_PARTIAL,Gas works plants,Solar nonspecified,,,0,0,0,observed_zero_only,partial_observation_not_global_validity
LEAP_OBSERVED_PARTIAL,Gas works plants,Solar photovoltaics,,,0,0,0,observed_zero_only,partial_observation_not_global_validity
LEAP_OBSERVED_PARTIAL,Gas works plants,Sub bituminous coal,,,0,0,0,observed_zero_only,partial_observation_not_global_validity
LEAP_OBSERVED_PARTIAL,Gas works plants,White spirit SBP,,,0,0,0,observed_zero_only,partial_observation_not_global_validity
LEAP_OBSERVED_PARTIAL,Gas works plants,Wind,,,0,0,0,observed_zero_only,partial_observation_not_global_validity
LEAP_OBSERVED_PARTIAL,Gas works plants/Gas works plants,AUTO BALANCE,,,0,0,0,observed_zero_only,partial_observation_not_global_validity
LEAP_OBSERVED_PARTIAL,Gas works plants/Gas works plants,Additives and oxygenates,,,0,0,0,observed_zero_only,partial_observation_not_global_validity
LEAP_OBSERVED_PARTIAL,Gas works plants/Gas works plants,Ammonia,,,0,0,0,observed_zero_only,partial_observation_not_global_validity
LEAP_OBSERVED_PARTIAL,Gas works plants/Gas works plants,Anthracite,,,0,0,0,observed_zero_only,partial_observation_not_global_validity
LEAP_OBSERVED_PARTIAL,Gas works plants/Gas works plants,Aviation gasoline,,,0,0,0,observed_zero_only,partial_observation_not_global_validity
LEAP_OBSERVED_PARTIAL,Gas works plants/Gas works plants,BKB and PB,,,0,0,0,observed_zero_only,partial_observation_not_global_validity
LEAP_OBSERVED_PARTIAL,Gas works plants/Gas works plants,Bagasse,,,0,0,0,observed_zero_only,partial_observation_not_global_validity
LEAP_OBSERVED_PARTIAL,Gas works plants/Gas works plants,Bio jet kerosene,,,0,0,0,observed_zero_only,partial_observation_not_global_validity
LEAP_OBSERVED_PARTIAL,Gas works plants/Gas works plants,Biodiesel,,,0,0,0,observed_zero_only,partial_observation_not_global_validity
LEAP_OBSERVED_PARTIAL,Gas works plants/Gas works plants,Biogas,,,0,0,0,observed_zero_only,partial_observation_not_global_validity
LEAP_OBSERVED_PARTIAL,Gas works plants/Gas works plants,Biogasoline,,,0,0,0,observed_zero_only,partial_observation_not_global_validity
LEAP_OBSERVED_PARTIAL,Gas works plants/Gas works plants,Bitumen,,,0,0,0,observed_zero_only,partial_observation_not_global_validity
LEAP_OBSERVED_PARTIAL,Gas works plants/Gas works plants,Black liquor,,,0,0,0,observed_zero_only,partial_observation_not_global_validity
LEAP_OBSERVED_PARTIAL,Gas works plants/Gas works plants,Blast furnace gas,,,0,0,0,observed_zero_only,partial_observation_not_global_validity
LEAP_OBSERVED_PARTIAL,Gas works plants/Gas works plants,Charcoal,,,0,0,0,observed_zero_only,partial_observation_not_global_validity
LEAP_OBSERVED_PARTIAL,Gas works plants/Gas works plants,Coal tar,2022,2060,1,39,78,observed_data_valid,partial_observation_not_global_validity
LEAP_OBSERVED_PARTIAL,Gas works plants/Gas works plants,Coke oven coke,2022,2060,1,39,78,observed_data_valid,partial_observation_not_global_validity
LEAP_OBSERVED_PARTIAL,Gas works plants/Gas works plants,Coke oven gas,2022,2060,1,39,78,observed_data_valid,partial_observation_not_global_validity
LEAP_OBSERVED_PARTIAL,Gas works plants/Gas works plants,Coking coal,,,0,0,0,observed_zero_only,partial_observation_not_global_validity
LEAP_OBSERVED_PARTIAL,Gas works plants/Gas works plants,Crude oil,,,0,0,0,observed_zero_only,partial_observation_not_global_validity
LEAP_OBSERVED_PARTIAL,Gas works plants/Gas works plants,Efuel,,,0,0,0,observed_zero_only,partial_observation_not_global_validity
LEAP_OBSERVED_PARTIAL,Gas works plants/Gas works plants,Electricity,2022,2060,2,39,118,observed_data_valid,partial_observation_not_global_validity
LEAP_OBSERVED_PARTIAL,Gas works plants/Gas works plants,Electricity for hydrogen,,,0,0,0,observed_zero_only,partial_observation_not_global_validity
LEAP_OBSERVED_PARTIAL,Gas works plants/Gas works plants,Ethane,,,0,0,0,observed_zero_only,partial_observation_not_global_validity
LEAP_OBSERVED_PARTIAL,Gas works plants/Gas works plants,Fuel oil,,,0,0,0,observed_zero_only,partial_observation_not_global_validity
LEAP_OBSERVED_PARTIAL,Gas works plants/Gas works plants,Fuelwood and woodwaste,,,0,0,0,observed_zero_only,partial_observation_not_global_validity
LEAP_OBSERVED_PARTIAL,Gas works plants/Gas works plants,Gas and diesel oil,2022,2060,2,39,156,observed_data_valid,partial_observation_not_global_validity
LEAP_OBSERVED_PARTIAL,Gas works plants/Gas works plants,Gas nonspecified,,,0,0,0,observed_zero_only,partial_observation_not_global_validity
LEAP_OBSERVED_PARTIAL,Gas works plants/Gas works plants,Gas works gas,2022,2060,3,39,158,observed_data_valid,partial_observation_not_global_validity
LEAP_OBSERVED_PARTIAL,Gas works plants/Gas works plants,Gasoline type jet fuel,,,0,0,0,observed_zero_only,partial_observation_not_global_validity
LEAP_OBSERVED_PARTIAL,Gas works plants/Gas works plants,Geothermal,,,0,0,0,observed_zero_only,partial_observation_not_global_validity
LEAP_OBSERVED_PARTIAL,Gas works plants/Gas works plants,Heat,2022,2060,1,39,40,observed_data_valid,partial_observation_not_global_validity
LEAP_OBSERVED_PARTIAL,Gas works plants/Gas works plants,Hydro,,,0,0,0,observed_zero_only,partial_observation_not_global_validity
LEAP_OBSERVED_PARTIAL,Gas works plants/Gas works plants,Hydrogen,,,0,0,0,observed_zero_only,partial_observation_not_global_validity
LEAP_OBSERVED_PARTIAL,Gas works plants/Gas works plants,Industrial waste,,,0,0,0,observed_zero_only,partial_observation_not_global_validity
LEAP_OBSERVED_PARTIAL,Gas works plants/Gas works plants,Kerosene,,,0,0,0,observed_zero_only,partial_observation_not_global_validity
LEAP_OBSERVED_PARTIAL,Gas works plants/Gas works plants,Kerosene type jet fuel,,,0,0,0,observed_zero_only,partial_observation_not_global_validity
LEAP_OBSERVED_PARTIAL,Gas works plants/Gas works plants,LNG,,,0,0,0,observed_zero_only,partial_observation_not_global_validity
LEAP_OBSERVED_PARTIAL,Gas works plants/Gas works plants,LPG,2022,2060,1,39,78,observed_data_valid,partial_observation_not_global_validity
LEAP_OBSERVED_PARTIAL,Gas works plants/Gas works plants,Lignite,2022,2022,1,1,2,observed_data_valid,partial_observation_not_global_validity
LEAP_OBSERVED_PARTIAL,Gas works plants/Gas works plants,Lubricants,,,0,0,0,observed_zero_only,partial_observation_not_global_validity
LEAP_OBSERVED_PARTIAL,Gas works plants/Gas works plants,Motor gasoline,2022,2060,2,39,156,observed_data_valid,partial_observation_not_global_validity
LEAP_OBSERVED_PARTIAL,Gas works plants/Gas works plants,Municipal solid waste non renewable,,,0,0,0,observed_zero_only,partial_observation_not_global_validity
LEAP_OBSERVED_PARTIAL,Gas works plants/Gas works plants,Municipal solid waste renewable,,,0,0,0,observed_zero_only,partial_observation_not_global_validity
LEAP_OBSERVED_PARTIAL,Gas works plants/Gas works plants,Naphtha,,,0,0,0,observed_zero_only,partial_observation_not_global_validity
LEAP_OBSERVED_PARTIAL,Gas works plants/Gas works plants,Natural gas,2022,2060,2,39,156,observed_data_valid,partial_observation_not_global_validity
LEAP_OBSERVED_PARTIAL,Gas works plants/Gas works plants,Natural gas liquids,,,0,0,0,observed_zero_only,partial_observation_not_global_validity
LEAP_OBSERVED_PARTIAL,Gas works plants/Gas works plants,Nuclear,,,0,0,0,observed_zero_only,partial_observation_not_global_validity
LEAP_OBSERVED_PARTIAL,Gas works plants/Gas works plants,Other biomass,,,0,0,0,observed_zero_only,partial_observation_not_global_validity
LEAP_OBSERVED_PARTIAL,Gas works plants/Gas works plants,Other bituminous coal,2022,2060,1,39,78,observed_data_valid,partial_observation_not_global_validity
LEAP_OBSERVED_PARTIAL,Gas works plants/Gas works plants,Other hydrocarbons,,,0,0,0,observed_zero_only,partial_observation_not_global_validity
LEAP_OBSERVED_PARTIAL,Gas works plants/Gas works plants,Other liquid biofuels,,,0,0,0,observed_zero_only,partial_observation_not_global_validity
LEAP_OBSERVED_PARTIAL,Gas works plants/Gas works plants,Other products,2022,2060,1,39,78,observed_data_valid,partial_observation_not_global_validity
LEAP_OBSERVED_PARTIAL,Gas works plants/Gas works plants,Other recovered gases,2022,2060,1,39,40,observed_data_valid,partial_observation_not_global_validity
LEAP_OBSERVED_PARTIAL,Gas works plants/Gas works plants,Other sources,,,0,0,0,observed_zero_only,partial_observation_not_global_validity
LEAP_OBSERVED_PARTIAL,Gas works plants/Gas works plants,Paraffin waxes,,,0,0,0,observed_zero_only,partial_observation_not_global_validity
LEAP_OBSERVED_PARTIAL,Gas works plants/Gas works plants,Patent fuel,,,0,0,0,observed_zero_only,partial_observation_not_global_validity
LEAP_OBSERVED_PARTIAL,Gas works plants/Gas works plants,Petroleum coke,2022,2060,1,39,78,observed_data_valid,partial_observation_not_global_validity
LEAP_OBSERVED_PARTIAL,Gas works plants/Gas works plants,Refinery feedstocks,,,0,0,0,observed_zero_only,partial_observation_not_global_validity
LEAP_OBSERVED_PARTIAL,Gas works plants/Gas works plants,Refinery gas not liquefied,2022,2060,1,39,78,observed_data_valid,partial_observation_not_global_validity
LEAP_OBSERVED_PARTIAL,Gas works plants/Gas works plants,Solar nonspecified,,,0,0,0,observed_zero_only,partial_observation_not_global_validity
LEAP_OBSERVED_PARTIAL,Gas works plants/Gas works plants,Solar photovoltaics,,,0,0,0,observed_zero_only,partial_observation_not_global_validity
LEAP_OBSERVED_PARTIAL,Gas works plants/Gas works plants,Sub bituminous coal,,,0,0,0,observed_zero_only,partial_observation_not_global_validity
LEAP_OBSERVED_PARTIAL,Gas works plants/Gas works plants,White spirit SBP,,,0,0,0,observed_zero_only,partial_observation_not_global_validity
LEAP_OBSERVED_PARTIAL,Gas works plants/Gas works plants,Wind,,,0,0,0,observed_zero_only,partial_observation_not_global_validity
LEAP_OBSERVED_PARTIAL,Heat plant interim,AUTO BALANCE,,,0,0,0,observed_zero_only,partial_observation_not_global_validity
LEAP_OBSERVED_PARTIAL,Heat plant interim,Additives and oxygenates,,,0,0,0,observed_zero_only,partial_observation_not_global_validity
LEAP_OBSERVED_PARTIAL,Heat plant interim,Ammonia,,,0,0,0,observed_zero_only,partial_observation_not_global_validity
LEAP_OBSERVED_PARTIAL,Heat plant interim,Anthracite,,,0,0,0,observed_zero_only,partial_observation_not_global_validity
LEAP_OBSERVED_PARTIAL,Heat plant interim,Aviation gasoline,,,0,0,0,observed_zero_only,partial_observation_not_global_validity
LEAP_OBSERVED_PARTIAL,Heat plant interim,BKB and PB,,,0,0,0,observed_zero_only,partial_observation_not_global_validity
LEAP_OBSERVED_PARTIAL,Heat plant interim,Bagasse,,,0,0,0,observed_zero_only,partial_observation_not_global_validity
LEAP_OBSERVED_PARTIAL,Heat plant interim,Bio jet kerosene,,,0,0,0,observed_zero_only,partial_observation_not_global_validity
LEAP_OBSERVED_PARTIAL,Heat plant interim,Biodiesel,,,0,0,0,observed_zero_only,partial_observation_not_global_validity
LEAP_OBSERVED_PARTIAL,Heat plant interim,Biogas,2023,2060,1,38,76,observed_data_valid,partial_observation_not_global_validity
LEAP_OBSERVED_PARTIAL,Heat plant interim,Biogasoline,,,0,0,0,observed_zero_only,partial_observation_not_global_validity
LEAP_OBSERVED_PARTIAL,Heat plant interim,Bitumen,,,0,0,0,observed_zero_only,partial_observation_not_global_validity
LEAP_OBSERVED_PARTIAL,Heat plant interim,Black liquor,,,0,0,0,observed_zero_only,partial_observation_not_global_validity
LEAP_OBSERVED_PARTIAL,Heat plant interim,Blast furnace gas,,,0,0,0,observed_zero_only,partial_observation_not_global_validity
LEAP_OBSERVED_PARTIAL,Heat plant interim,Charcoal,,,0,0,0,observed_zero_only,partial_observation_not_global_validity
LEAP_OBSERVED_PARTIAL,Heat plant interim,Coal tar,,,0,0,0,observed_zero_only,partial_observation_not_global_validity
LEAP_OBSERVED_PARTIAL,Heat plant interim,Coke oven coke,,,0,0,0,observed_zero_only,partial_observation_not_global_validity
LEAP_OBSERVED_PARTIAL,Heat plant interim,Coke oven gas,,,0,0,0,observed_zero_only,partial_observation_not_global_validity
LEAP_OBSERVED_PARTIAL,Heat plant interim,Coking coal,,,0,0,0,observed_zero_only,partial_observation_not_global_validity
LEAP_OBSERVED_PARTIAL,Heat plant interim,Crude oil,,,0,0,0,observed_zero_only,partial_observation_not_global_validity
LEAP_OBSERVED_PARTIAL,Heat plant interim,Efuel,,,0,0,0,observed_zero_only,partial_observation_not_global_validity
LEAP_OBSERVED_PARTIAL,Heat plant interim,Electricity,,,0,0,0,observed_zero_only,partial_observation_not_global_validity
LEAP_OBSERVED_PARTIAL,Heat plant interim,Electricity for hydrogen,,,0,0,0,observed_zero_only,partial_observation_not_global_validity
LEAP_OBSERVED_PARTIAL,Heat plant interim,Ethane,,,0,0,0,observed_zero_only,partial_observation_not_global_validity
LEAP_OBSERVED_PARTIAL,Heat plant interim,Fuel oil,2022,2060,1,39,78,observed_data_valid,partial_observation_not_global_validity
LEAP_OBSERVED_PARTIAL,Heat plant interim,Fuelwood and woodwaste,,,0,0,0,observed_zero_only,partial_observation_not_global_validity
LEAP_OBSERVED_PARTIAL,Heat plant interim,Gas and diesel oil,2022,2060,1,39,78,observed_data_valid,partial_observation_not_global_validity
LEAP_OBSERVED_PARTIAL,Heat plant interim,Gas nonspecified,,,0,0,0,observed_zero_only,partial_observation_not_global_validity
LEAP_OBSERVED_PARTIAL,Heat plant interim,Gas works gas,2022,2060,1,39,78,observed_data_valid,partial_observation_not_global_validity
LEAP_OBSERVED_PARTIAL,Heat plant interim,Gasoline type jet fuel,,,0,0,0,observed_zero_only,partial_observation_not_global_validity
LEAP_OBSERVED_PARTIAL,Heat plant interim,Geothermal,,,0,0,0,observed_zero_only,partial_observation_not_global_validity
LEAP_OBSERVED_PARTIAL,Heat plant interim,Heat,2022,2060,1,39,78,observed_data_valid,partial_observation_not_global_validity
LEAP_OBSERVED_PARTIAL,Heat plant interim,Hydro,,,0,0,0,observed_zero_only,partial_observation_not_global_validity
LEAP_OBSERVED_PARTIAL,Heat plant interim,Hydrogen,,,0,0,0,observed_zero_only,partial_observation_not_global_validity
LEAP_OBSERVED_PARTIAL,Heat plant interim,Industrial waste,2022,2022,1,1,2,observed_data_valid,partial_observation_not_global_validity
LEAP_OBSERVED_PARTIAL,Heat plant interim,Kerosene,,,0,0,0,observed_zero_only,partial_observation_not_global_validity
LEAP_OBSERVED_PARTIAL,Heat plant interim,Kerosene type jet fuel,,,0,0,0,observed_zero_only,partial_observation_not_global_validity
LEAP_OBSERVED_PARTIAL,Heat plant interim,LNG,,,0,0,0,observed_zero_only,partial_observation_not_global_validity
LEAP_OBSERVED_PARTIAL,Heat plant interim,LPG,2022,2022,1,1,2,observed_data_valid,partial_observation_not_global_validity
LEAP_OBSERVED_PARTIAL,Heat plant interim,Lignite,,,0,0,0,observed_zero_only,partial_observation_not_global_validity
LEAP_OBSERVED_PARTIAL,Heat plant interim,Lubricants,,,0,0,0,observed_zero_only,partial_observation_not_global_validity
LEAP_OBSERVED_PARTIAL,Heat plant interim,Motor gasoline,,,0,0,0,observed_zero_only,partial_observation_not_global_validity
LEAP_OBSERVED_PARTIAL,Heat plant interim,Municipal solid waste non renewable,,,0,0,0,observed_zero_only,partial_observation_not_global_validity
LEAP_OBSERVED_PARTIAL,Heat plant interim,Municipal solid waste renewable,,,0,0,0,observed_zero_only,partial_observation_not_global_validity
LEAP_OBSERVED_PARTIAL,Heat plant interim,Naphtha,,,0,0,0,observed_zero_only,partial_observation_not_global_validity
LEAP_OBSERVED_PARTIAL,Heat plant interim,Natural gas,2022,2060,1,39,78,observed_data_valid,partial_observation_not_global_validity
LEAP_OBSERVED_PARTIAL,Heat plant interim,Natural gas liquids,,,0,0,0,observed_zero_only,partial_observation_not_global_validity
LEAP_OBSERVED_PARTIAL,Heat plant interim,Nuclear,,,0,0,0,observed_zero_only,partial_observation_not_global_validity
LEAP_OBSERVED_PARTIAL,Heat plant interim,Other biomass,2022,2060,1,39,78,observed_data_valid,partial_observation_not_global_validity
LEAP_OBSERVED_PARTIAL,Heat plant interim,Other bituminous coal,2022,2060,1,39,78,observed_data_valid,partial_observation_not_global_validity
LEAP_OBSERVED_PARTIAL,Heat plant interim,Other hydrocarbons,,,0,0,0,observed_zero_only,partial_observation_not_global_validity
LEAP_OBSERVED_PARTIAL,Heat plant interim,Other liquid biofuels,,,0,0,0,observed_zero_only,partial_observation_not_global_validity
LEAP_OBSERVED_PARTIAL,Heat plant interim,Other products,2022,2060,1,39,78,observed_data_valid,partial_observation_not_global_validity
LEAP_OBSERVED_PARTIAL,Heat plant interim,Other recovered gases,,,0,0,0,observed_zero_only,partial_observation_not_global_validity
LEAP_OBSERVED_PARTIAL,Heat plant interim,Other sources,,,0,0,0,observed_zero_only,partial_observation_not_global_validity
LEAP_OBSERVED_PARTIAL,Heat plant interim,Paraffin waxes,,,0,0,0,observed_zero_only,partial_observation_not_global_validity
LEAP_OBSERVED_PARTIAL,Heat plant interim,Patent fuel,,,0,0,0,observed_zero_only,partial_observation_not_global_validity
LEAP_OBSERVED_PARTIAL,Heat plant interim,Petroleum coke,,,0,0,0,observed_zero_only,partial_observation_not_global_validity
LEAP_OBSERVED_PARTIAL,Heat plant interim,Refinery feedstocks,,,0,0,0,observed_zero_only,partial_observation_not_global_validity
LEAP_OBSERVED_PARTIAL,Heat plant interim,Refinery gas not liquefied,2022,2022,1,1,2,observed_data_valid,partial_observation_not_global_validity
LEAP_OBSERVED_PARTIAL,Heat plant interim,Solar nonspecified,,,0,0,0,observed_zero_only,partial_observation_not_global_validity
LEAP_OBSERVED_PARTIAL,Heat plant interim,Solar photovoltaics,,,0,0,0,observed_zero_only,partial_observation_not_global_validity
LEAP_OBSERVED_PARTIAL,Heat plant interim,Sub bituminous coal,,,0,0,0,observed_zero_only,partial_observation_not_global_validity
LEAP_OBSERVED_PARTIAL,Heat plant interim,White spirit SBP,,,0,0,0,observed_zero_only,partial_observation_not_global_validity
LEAP_OBSERVED_PARTIAL,Heat plant interim,Wind,,,0,0,0,observed_zero_only,partial_observation_not_global_validity
LEAP_OBSERVED_PARTIAL,Heat plant interim/Heat plant interim,AUTO BALANCE,,,0,0,0,observed_zero_only,partial_observation_not_global_validity
LEAP_OBSERVED_PARTIAL,Heat plant interim/Heat plant interim,Additives and oxygenates,,,0,0,0,observed_zero_only,partial_observation_not_global_validity
LEAP_OBSERVED_PARTIAL,Heat plant interim/Heat plant interim,Ammonia,,,0,0,0,observed_zero_only,partial_observation_not_global_validity
LEAP_OBSERVED_PARTIAL,Heat plant interim/Heat plant interim,Anthracite,,,0,0,0,observed_zero_only,partial_observation_not_global_validity
LEAP_OBSERVED_PARTIAL,Heat plant interim/Heat plant interim,Aviation gasoline,,,0,0,0,observed_zero_only,partial_observation_not_global_validity
LEAP_OBSERVED_PARTIAL,Heat plant interim/Heat plant interim,BKB and PB,,,0,0,0,observed_zero_only,partial_observation_not_global_validity
LEAP_OBSERVED_PARTIAL,Heat plant interim/Heat plant interim,Bagasse,,,0,0,0,observed_zero_only,partial_observation_not_global_validity
LEAP_OBSERVED_PARTIAL,Heat plant interim/Heat plant interim,Bio jet kerosene,,,0,0,0,observed_zero_only,partial_observation_not_global_validity
LEAP_OBSERVED_PARTIAL,Heat plant interim/Heat plant interim,Biodiesel,,,0,0,0,observed_zero_only,partial_observation_not_global_validity
LEAP_OBSERVED_PARTIAL,Heat plant interim/Heat plant interim,Biogas,2023,2060,1,38,76,observed_data_valid,partial_observation_not_global_validity
LEAP_OBSERVED_PARTIAL,Heat plant interim/Heat plant interim,Biogasoline,,,0,0,0,observed_zero_only,partial_observation_not_global_validity
LEAP_OBSERVED_PARTIAL,Heat plant interim/Heat plant interim,Bitumen,,,0,0,0,observed_zero_only,partial_observation_not_global_validity
LEAP_OBSERVED_PARTIAL,Heat plant interim/Heat plant interim,Black liquor,,,0,0,0,observed_zero_only,partial_observation_not_global_validity
LEAP_OBSERVED_PARTIAL,Heat plant interim/Heat plant interim,Blast furnace gas,,,0,0,0,observed_zero_only,partial_observation_not_global_validity
LEAP_OBSERVED_PARTIAL,Heat plant interim/Heat plant interim,Charcoal,,,0,0,0,observed_zero_only,partial_observation_not_global_validity
LEAP_OBSERVED_PARTIAL,Heat plant interim/Heat plant interim,Coal tar,,,0,0,0,observed_zero_only,partial_observation_not_global_validity
LEAP_OBSERVED_PARTIAL,Heat plant interim/Heat plant interim,Coke oven coke,,,0,0,0,observed_zero_only,partial_observation_not_global_validity
LEAP_OBSERVED_PARTIAL,Heat plant interim/Heat plant interim,Coke oven gas,,,0,0,0,observed_zero_only,partial_observation_not_global_validity
LEAP_OBSERVED_PARTIAL,Heat plant interim/Heat plant interim,Coking coal,,,0,0,0,observed_zero_only,partial_observation_not_global_validity
LEAP_OBSERVED_PARTIAL,Heat plant interim/Heat plant interim,Crude oil,,,0,0,0,observed_zero_only,partial_observation_not_global_validity
LEAP_OBSERVED_PARTIAL,Heat plant interim/Heat plant interim,Efuel,,,0,0,0,observed_zero_only,partial_observation_not_global_validity
LEAP_OBSERVED_PARTIAL,Heat plant interim/Heat plant interim,Electricity,,,0,0,0,observed_zero_only,partial_observation_not_global_validity
LEAP_OBSERVED_PARTIAL,Heat plant interim/Heat plant interim,Electricity for hydrogen,,,0,0,0,observed_zero_only,partial_observation_not_global_validity
LEAP_OBSERVED_PARTIAL,Heat plant interim/Heat plant interim,Ethane,,,0,0,0,observed_zero_only,partial_observation_not_global_validity
LEAP_OBSERVED_PARTIAL,Heat plant interim/Heat plant interim,Fuel oil,2022,2060,1,39,78,observed_data_valid,partial_observation_not_global_validity
LEAP_OBSERVED_PARTIAL,Heat plant interim/Heat plant interim,Fuelwood and woodwaste,,,0,0,0,observed_zero_only,partial_observation_not_global_validity
LEAP_OBSERVED_PARTIAL,Heat plant interim/Heat plant interim,Gas and diesel oil,2022,2060,1,39,78,observed_data_valid,partial_observation_not_global_validity
LEAP_OBSERVED_PARTIAL,Heat plant interim/Heat plant interim,Gas nonspecified,,,0,0,0,observed_zero_only,partial_observation_not_global_validity
LEAP_OBSERVED_PARTIAL,Heat plant interim/Heat plant interim,Gas works gas,2022,2060,1,39,78,observed_data_valid,partial_observation_not_global_validity
LEAP_OBSERVED_PARTIAL,Heat plant interim/Heat plant interim,Gasoline type jet fuel,,,0,0,0,observed_zero_only,partial_observation_not_global_validity
LEAP_OBSERVED_PARTIAL,Heat plant interim/Heat plant interim,Geothermal,,,0,0,0,observed_zero_only,partial_observation_not_global_validity
LEAP_OBSERVED_PARTIAL,Heat plant interim/Heat plant interim,Heat,2022,2060,1,39,78,observed_data_valid,partial_observation_not_global_validity
LEAP_OBSERVED_PARTIAL,Heat plant interim/Heat plant interim,Hydro,,,0,0,0,observed_zero_only,partial_observation_not_global_validity
LEAP_OBSERVED_PARTIAL,Heat plant interim/Heat plant interim,Hydrogen,,,0,0,0,observed_zero_only,partial_observation_not_global_validity
LEAP_OBSERVED_PARTIAL,Heat plant interim/Heat plant interim,Industrial waste,2022,2022,1,1,2,observed_data_valid,partial_observation_not_global_validity
LEAP_OBSERVED_PARTIAL,Heat plant interim/Heat plant interim,Kerosene,,,0,0,0,observed_zero_only,partial_observation_not_global_validity
LEAP_OBSERVED_PARTIAL,Heat plant interim/Heat plant interim,Kerosene type jet fuel,,,0,0,0,observed_zero_only,partial_observation_not_global_validity
LEAP_OBSERVED_PARTIAL,Heat plant interim/Heat plant interim,LNG,,,0,0,0,observed_zero_only,partial_observation_not_global_validity
LEAP_OBSERVED_PARTIAL,Heat plant interim/Heat plant interim,LPG,2022,2022,1,1,2,observed_data_valid,partial_observation_not_global_validity
LEAP_OBSERVED_PARTIAL,Heat plant interim/Heat plant interim,Lignite,,,0,0,0,observed_zero_only,partial_observation_not_global_validity
LEAP_OBSERVED_PARTIAL,Heat plant interim/Heat plant interim,Lubricants,,,0,0,0,observed_zero_only,partial_observation_not_global_validity
LEAP_OBSERVED_PARTIAL,Heat plant interim/Heat plant interim,Motor gasoline,,,0,0,0,observed_zero_only,partial_observation_not_global_validity
LEAP_OBSERVED_PARTIAL,Heat plant interim/Heat plant interim,Municipal solid waste non renewable,,,0,0,0,observed_zero_only,partial_observation_not_global_validity
LEAP_OBSERVED_PARTIAL,Heat plant interim/Heat plant interim,Municipal solid waste renewable,,,0,0,0,observed_zero_only,partial_observation_not_global_validity
LEAP_OBSERVED_PARTIAL,Heat plant interim/Heat plant interim,Naphtha,,,0,0,0,observed_zero_only,partial_observation_not_global_validity
LEAP_OBSERVED_PARTIAL,Heat plant interim/Heat plant interim,Natural gas,2022,2060,1,39,78,observed_data_valid,partial_observation_not_global_validity
LEAP_OBSERVED_PARTIAL,Heat plant interim/Heat plant interim,Natural gas liquids,,,0,0,0,observed_zero_only,partial_observation_not_global_validity
LEAP_OBSERVED_PARTIAL,Heat plant interim/Heat plant interim,Nuclear,,,0,0,0,observed_zero_only,partial_observation_not_global_validity
LEAP_OBSERVED_PARTIAL,Heat plant interim/Heat plant interim,Other biomass,2022,2060,1,39,78,observed_data_valid,partial_observation_not_global_validity
LEAP_OBSERVED_PARTIAL,Heat plant interim/Heat plant interim,Other bituminous coal,2022,2060,1,39,78,observed_data_valid,partial_observation_not_global_validity
LEAP_OBSERVED_PARTIAL,Heat plant interim/Heat plant interim,Other hydrocarbons,,,0,0,0,observed_zero_only,partial_observation_not_global_validity
LEAP_OBSERVED_PARTIAL,Heat plant interim/Heat plant interim,Other liquid biofuels,,,0,0,0,observed_zero_only,partial_observation_not_global_validity
LEAP_OBSERVED_PARTIAL,Heat plant interim/Heat plant interim,Other products,2022,2060,1,39,78,observed_data_valid,partial_observation_not_global_validity
LEAP_OBSERVED_PARTIAL,Heat plant interim/Heat plant interim,Other recovered gases,,,0,0,0,observed_zero_only,partial_observation_not_global_validity
LEAP_OBSERVED_PARTIAL,Heat plant interim/Heat plant interim,Other sources,,,0,0,0,observed_zero_only,partial_observation_not_global_validity
LEAP_OBSERVED_PARTIAL,Heat plant interim/Heat plant interim,Paraffin waxes,,,0,0,0,observed_zero_only,partial_observation_not_global_validity
LEAP_OBSERVED_PARTIAL,Heat plant interim/Heat plant interim,Patent fuel,,,0,0,0,observed_zero_only,partial_observation_not_global_validity
LEAP_OBSERVED_PARTIAL,Heat plant interim/Heat plant interim,Petroleum coke,,,0,0,0,observed_zero_only,partial_observation_not_global_validity
LEAP_OBSERVED_PARTIAL,Heat plant interim/Heat plant interim,Refinery feedstocks,,,0,0,0,observed_zero_only,partial_observation_not_global_validity
LEAP_OBSERVED_PARTIAL,Heat plant interim/Heat plant interim,Refinery gas not liquefied,2022,2022,1,1,2,observed_data_valid,partial_observation_not_global_validity
LEAP_OBSERVED_PARTIAL,Heat plant interim/Heat plant interim,Solar nonspecified,,,0,0,0,observed_zero_only,partial_observation_not_global_validity
LEAP_OBSERVED_PARTIAL,Heat plant interim/Heat plant interim,Solar photovoltaics,,,0,0,0,observed_zero_only,partial_observation_not_global_validity
LEAP_OBSERVED_PARTIAL,Heat plant interim/Heat plant interim,Sub bituminous coal,,,0,0,0,observed_zero_only,partial_observation_not_global_validity
LEAP_OBSERVED_PARTIAL,Heat plant interim/Heat plant interim,White spirit SBP,,,0,0,0,observed_zero_only,partial_observation_not_global_validity
LEAP_OBSERVED_PARTIAL,Heat plant interim/Heat plant interim,Wind,,,0,0,0,observed_zero_only,partial_observation_not_global_validity
LEAP_OBSERVED_PARTIAL,Hydrogen transformation,AUTO BALANCE,,,0,0,0,observed_zero_only,partial_observation_not_global_validity
LEAP_OBSERVED_PARTIAL,Hydrogen transformation,Additives and oxygenates,,,0,0,0,observed_zero_only,partial_observation_not_global_validity
LEAP_OBSERVED_PARTIAL,Hydrogen transformation,Ammonia,2023,2060,7,38,326,observed_data_valid,partial_observation_not_global_validity
LEAP_OBSERVED_PARTIAL,Hydrogen transformation,Anthracite,,,0,0,0,observed_zero_only,partial_observation_not_global_validity
LEAP_OBSERVED_PARTIAL,Hydrogen transformation,Aviation gasoline,,,0,0,0,observed_zero_only,partial_observation_not_global_validity
LEAP_OBSERVED_PARTIAL,Hydrogen transformation,BKB and PB,,,0,0,0,observed_zero_only,partial_observation_not_global_validity
LEAP_OBSERVED_PARTIAL,Hydrogen transformation,Bagasse,,,0,0,0,observed_zero_only,partial_observation_not_global_validity
LEAP_OBSERVED_PARTIAL,Hydrogen transformation,Bio jet kerosene,,,0,0,0,observed_zero_only,partial_observation_not_global_validity
LEAP_OBSERVED_PARTIAL,Hydrogen transformation,Biodiesel,,,0,0,0,observed_zero_only,partial_observation_not_global_validity
LEAP_OBSERVED_PARTIAL,Hydrogen transformation,Biogas,,,0,0,0,observed_zero_only,partial_observation_not_global_validity
LEAP_OBSERVED_PARTIAL,Hydrogen transformation,Biogasoline,,,0,0,0,observed_zero_only,partial_observation_not_global_validity
LEAP_OBSERVED_PARTIAL,Hydrogen transformation,Bitumen,,,0,0,0,observed_zero_only,partial_observation_not_global_validity
LEAP_OBSERVED_PARTIAL,Hydrogen transformation,Black liquor,,,0,0,0,observed_zero_only,partial_observation_not_global_validity
LEAP_OBSERVED_PARTIAL,Hydrogen transformation,Blast furnace gas,,,0,0,0,observed_zero_only,partial_observation_not_global_validity
LEAP_OBSERVED_PARTIAL,Hydrogen transformation,Charcoal,,,0,0,0,observed_zero_only,partial_observation_not_global_validity
LEAP_OBSERVED_PARTIAL,Hydrogen transformation,Coal tar,,,0,0,0,observed_zero_only,partial_observation_not_global_validity
LEAP_OBSERVED_PARTIAL,Hydrogen transformation,Coke oven coke,,,0,0,0,observed_zero_only,partial_observation_not_global_validity
LEAP_OBSERVED_PARTIAL,Hydrogen transformation,Coke oven gas,,,0,0,0,observed_zero_only,partial_observation_not_global_validity
LEAP_OBSERVED_PARTIAL,Hydrogen transformation,Coking coal,,,0,0,0,observed_zero_only,partial_observation_not_global_validity
LEAP_OBSERVED_PARTIAL,Hydrogen transformation,Crude oil,,,0,0,0,observed_zero_only,partial_observation_not_global_validity
LEAP_OBSERVED_PARTIAL,Hydrogen transformation,Efuel,2031,2060,8,30,290,observed_data_valid,partial_observation_not_global_validity
LEAP_OBSERVED_PARTIAL,Hydrogen transformation,Electricity,,,0,0,0,observed_zero_only,partial_observation_not_global_validity
LEAP_OBSERVED_PARTIAL,Hydrogen transformation,Electricity for hydrogen,2023,2060,7,38,338,observed_data_valid,partial_observation_not_global_validity
LEAP_OBSERVED_PARTIAL,Hydrogen transformation,Ethane,,,0,0,0,observed_zero_only,partial_observation_not_global_validity
LEAP_OBSERVED_PARTIAL,Hydrogen transformation,Fuel oil,,,0,0,0,observed_zero_only,partial_observation_not_global_validity
LEAP_OBSERVED_PARTIAL,Hydrogen transformation,Fuelwood and woodwaste,,,0,0,0,observed_zero_only,partial_observation_not_global_validity
LEAP_OBSERVED_PARTIAL,Hydrogen transformation,Gas and diesel oil,,,0,0,0,observed_zero_only,partial_observation_not_global_validity
LEAP_OBSERVED_PARTIAL,Hydrogen transformation,Gas nonspecified,,,0,0,0,observed_zero_only,partial_observation_not_global_validity
LEAP_OBSERVED_PARTIAL,Hydrogen transformation,Gas works gas,,,0,0,0,observed_zero_only,partial_observation_not_global_validity
LEAP_OBSERVED_PARTIAL,Hydrogen transformation,Gasoline type jet fuel,,,0,0,0,observed_zero_only,partial_observation_not_global_validity
LEAP_OBSERVED_PARTIAL,Hydrogen transformation,Geothermal,,,0,0,0,observed_zero_only,partial_observation_not_global_validity
LEAP_OBSERVED_PARTIAL,Hydrogen transformation,Heat,,,0,0,0,observed_zero_only,partial_observation_not_global_validity
LEAP_OBSERVED_PARTIAL,Hydrogen transformation,Hydro,,,0,0,0,observed_zero_only,partial_observation_not_global_validity
LEAP_OBSERVED_PARTIAL,Hydrogen transformation,Hydrogen,2023,2060,8,38,377,observed_data_valid,partial_observation_not_global_validity
LEAP_OBSERVED_PARTIAL,Hydrogen transformation,Industrial waste,,,0,0,0,observed_zero_only,partial_observation_not_global_validity
LEAP_OBSERVED_PARTIAL,Hydrogen transformation,Kerosene,,,0,0,0,observed_zero_only,partial_observation_not_global_validity
LEAP_OBSERVED_PARTIAL,Hydrogen transformation,Kerosene type jet fuel,,,0,0,0,observed_zero_only,partial_observation_not_global_validity
LEAP_OBSERVED_PARTIAL,Hydrogen transformation,LNG,,,0,0,0,observed_zero_only,partial_observation_not_global_validity
LEAP_OBSERVED_PARTIAL,Hydrogen transformation,LPG,,,0,0,0,observed_zero_only,partial_observation_not_global_validity
LEAP_OBSERVED_PARTIAL,Hydrogen transformation,Lignite,,,0,0,0,observed_zero_only,partial_observation_not_global_validity
LEAP_OBSERVED_PARTIAL,Hydrogen transformation,Lubricants,,,0,0,0,observed_zero_only,partial_observation_not_global_validity
LEAP_OBSERVED_PARTIAL,Hydrogen transformation,Motor gasoline,,,0,0,0,observed_zero_only,partial_observation_not_global_validity
LEAP_OBSERVED_PARTIAL,Hydrogen transformation,Municipal solid waste non renewable,,,0,0,0,observed_zero_only,partial_observation_not_global_validity
LEAP_OBSERVED_PARTIAL,Hydrogen transformation,Municipal solid waste renewable,,,0,0,0,observed_zero_only,partial_observation_not_global_validity
LEAP_OBSERVED_PARTIAL,Hydrogen transformation,Naphtha,,,0,0,0,observed_zero_only,partial_observation_not_global_validity
LEAP_OBSERVED_PARTIAL,Hydrogen transformation,Natural gas,2023,2060,2,38,75,observed_data_valid,partial_observation_not_global_validity
LEAP_OBSERVED_PARTIAL,Hydrogen transformation,Natural gas liquids,,,0,0,0,observed_zero_only,partial_observation_not_global_validity
LEAP_OBSERVED_PARTIAL,Hydrogen transformation,Nuclear,,,0,0,0,observed_zero_only,partial_observation_not_global_validity
LEAP_OBSERVED_PARTIAL,Hydrogen transformation,Other biomass,,,0,0,0,observed_zero_only,partial_observation_not_global_validity
LEAP_OBSERVED_PARTIAL,Hydrogen transformation,Other bituminous coal,,,0,0,0,observed_zero_only,partial_observation_not_global_validity
LEAP_OBSERVED_PARTIAL,Hydrogen transformation,Other hydrocarbons,,,0,0,0,observed_zero_only,partial_observation_not_global_validity
LEAP_OBSERVED_PARTIAL,Hydrogen transformation,Other liquid biofuels,,,0,0,0,observed_zero_only,partial_observation_not_global_validity
LEAP_OBSERVED_PARTIAL,Hydrogen transformation,Other products,,,0,0,0,observed_zero_only,partial_observation_not_global_validity
LEAP_OBSERVED_PARTIAL,Hydrogen transformation,Other recovered gases,,,0,0,0,observed_zero_only,partial_observation_not_global_validity
LEAP_OBSERVED_PARTIAL,Hydrogen transformation,Other sources,,,0,0,0,observed_zero_only,partial_observation_not_global_validity
LEAP_OBSERVED_PARTIAL,Hydrogen transformation,Paraffin waxes,,,0,0,0,observed_zero_only,partial_observation_not_global_validity
LEAP_OBSERVED_PARTIAL,Hydrogen transformation,Patent fuel,,,0,0,0,observed_zero_only,partial_observation_not_global_validity
LEAP_OBSERVED_PARTIAL,Hydrogen transformation,Petroleum coke,,,0,0,0,observed_zero_only,partial_observation_not_global_validity
LEAP_OBSERVED_PARTIAL,Hydrogen transformation,Refinery feedstocks,,,0,0,0,observed_zero_only,partial_observation_not_global_validity
LEAP_OBSERVED_PARTIAL,Hydrogen transformation,Refinery gas not liquefied,,,0,0,0,observed_zero_only,partial_observation_not_global_validity
LEAP_OBSERVED_PARTIAL,Hydrogen transformation,Solar nonspecified,,,0,0,0,observed_zero_only,partial_observation_not_global_validity
LEAP_OBSERVED_PARTIAL,Hydrogen transformation,Solar photovoltaics,,,0,0,0,observed_zero_only,partial_observation_not_global_validity
LEAP_OBSERVED_PARTIAL,Hydrogen transformation,Sub bituminous coal,,,0,0,0,observed_zero_only,partial_observation_not_global_validity
LEAP_OBSERVED_PARTIAL,Hydrogen transformation,White spirit SBP,,,0,0,0,observed_zero_only,partial_observation_not_global_validity
LEAP_OBSERVED_PARTIAL,Hydrogen transformation,Wind,,,0,0,0,observed_zero_only,partial_observation_not_global_validity
LEAP_OBSERVED_PARTIAL,Hydrogen transformation/Electrolysers,AUTO BALANCE,,,0,0,0,observed_zero_only,partial_observation_not_global_validity
LEAP_OBSERVED_PARTIAL,Hydrogen transformation/Electrolysers,Additives and oxygenates,,,0,0,0,observed_zero_only,partial_observation_not_global_validity
LEAP_OBSERVED_PARTIAL,Hydrogen transformation/Electrolysers,Ammonia,2023,2060,7,38,325,observed_data_valid,partial_observation_not_global_validity
LEAP_OBSERVED_PARTIAL,Hydrogen transformation/Electrolysers,Anthracite,,,0,0,0,observed_zero_only,partial_observation_not_global_validity
LEAP_OBSERVED_PARTIAL,Hydrogen transformation/Electrolysers,Aviation gasoline,,,0,0,0,observed_zero_only,partial_observation_not_global_validity
LEAP_OBSERVED_PARTIAL,Hydrogen transformation/Electrolysers,BKB and PB,,,0,0,0,observed_zero_only,partial_observation_not_global_validity
LEAP_OBSERVED_PARTIAL,Hydrogen transformation/Electrolysers,Bagasse,,,0,0,0,observed_zero_only,partial_observation_not_global_validity
LEAP_OBSERVED_PARTIAL,Hydrogen transformation/Electrolysers,Bio jet kerosene,,,0,0,0,observed_zero_only,partial_observation_not_global_validity
LEAP_OBSERVED_PARTIAL,Hydrogen transformation/Electrolysers,Biodiesel,,,0,0,0,observed_zero_only,partial_observation_not_global_validity
LEAP_OBSERVED_PARTIAL,Hydrogen transformation/Electrolysers,Biogas,,,0,0,0,observed_zero_only,partial_observation_not_global_validity
LEAP_OBSERVED_PARTIAL,Hydrogen transformation/Electrolysers,Biogasoline,,,0,0,0,observed_zero_only,partial_observation_not_global_validity
LEAP_OBSERVED_PARTIAL,Hydrogen transformation/Electrolysers,Bitumen,,,0,0,0,observed_zero_only,partial_observation_not_global_validity
LEAP_OBSERVED_PARTIAL,Hydrogen transformation/Electrolysers,Black liquor,,,0,0,0,observed_zero_only,partial_observation_not_global_validity
LEAP_OBSERVED_PARTIAL,Hydrogen transformation/Electrolysers,Blast furnace gas,,,0,0,0,observed_zero_only,partial_observation_not_global_validity
LEAP_OBSERVED_PARTIAL,Hydrogen transformation/Electrolysers,Charcoal,,,0,0,0,observed_zero_only,partial_observation_not_global_validity
LEAP_OBSERVED_PARTIAL,Hydrogen transformation/Electrolysers,Coal tar,,,0,0,0,observed_zero_only,partial_observation_not_global_validity
LEAP_OBSERVED_PARTIAL,Hydrogen transformation/Electrolysers,Coke oven coke,,,0,0,0,observed_zero_only,partial_observation_not_global_validity
LEAP_OBSERVED_PARTIAL,Hydrogen transformation/Electrolysers,Coke oven gas,,,0,0,0,observed_zero_only,partial_observation_not_global_validity
LEAP_OBSERVED_PARTIAL,Hydrogen transformation/Electrolysers,Coking coal,,,0,0,0,observed_zero_only,partial_observation_not_global_validity
LEAP_OBSERVED_PARTIAL,Hydrogen transformation/Electrolysers,Crude oil,,,0,0,0,observed_zero_only,partial_observation_not_global_validity
LEAP_OBSERVED_PARTIAL,Hydrogen transformation/Electrolysers,Efuel,2031,2060,7,30,260,observed_data_valid,partial_observation_not_global_validity
LEAP_OBSERVED_PARTIAL,Hydrogen transformation/Electrolysers,Electricity,,,0,0,0,observed_zero_only,partial_observation_not_global_validity
LEAP_OBSERVED_PARTIAL,Hydrogen transformation/Electrolysers,Electricity for hydrogen,2023,2060,7,38,338,observed_data_valid,partial_observation_not_global_validity
LEAP_OBSERVED_PARTIAL,Hydrogen transformation/Electrolysers,Ethane,,,0,0,0,observed_zero_only,partial_observation_not_global_validity
LEAP_OBSERVED_PARTIAL,Hydrogen transformation/Electrolysers,Fuel oil,,,0,0,0,observed_zero_only,partial_observation_not_global_validity
LEAP_OBSERVED_PARTIAL,Hydrogen transformation/Electrolysers,Fuelwood and woodwaste,,,0,0,0,observed_zero_only,partial_observation_not_global_validity
LEAP_OBSERVED_PARTIAL,Hydrogen transformation/Electrolysers,Gas and diesel oil,,,0,0,0,observed_zero_only,partial_observation_not_global_validity
LEAP_OBSERVED_PARTIAL,Hydrogen transformation/Electrolysers,Gas nonspecified,,,0,0,0,observed_zero_only,partial_observation_not_global_validity
LEAP_OBSERVED_PARTIAL,Hydrogen transformation/Electrolysers,Gas works gas,,,0,0,0,observed_zero_only,partial_observation_not_global_validity
LEAP_OBSERVED_PARTIAL,Hydrogen transformation/Electrolysers,Gasoline type jet fuel,,,0,0,0,observed_zero_only,partial_observation_not_global_validity
LEAP_OBSERVED_PARTIAL,Hydrogen transformation/Electrolysers,Geothermal,,,0,0,0,observed_zero_only,partial_observation_not_global_validity
LEAP_OBSERVED_PARTIAL,Hydrogen transformation/Electrolysers,Heat,,,0,0,0,observed_zero_only,partial_observation_not_global_validity
LEAP_OBSERVED_PARTIAL,Hydrogen transformation/Electrolysers,Hydro,,,0,0,0,observed_zero_only,partial_observation_not_global_validity
LEAP_OBSERVED_PARTIAL,Hydrogen transformation/Electrolysers,Hydrogen,2023,2060,7,38,335,observed_data_valid,partial_observation_not_global_validity
LEAP_OBSERVED_PARTIAL,Hydrogen transformation/Electrolysers,Industrial waste,,,0,0,0,observed_zero_only,partial_observation_not_global_validity
LEAP_OBSERVED_PARTIAL,Hydrogen transformation/Electrolysers,Kerosene,,,0,0,0,observed_zero_only,partial_observation_not_global_validity
LEAP_OBSERVED_PARTIAL,Hydrogen transformation/Electrolysers,Kerosene type jet fuel,,,0,0,0,observed_zero_only,partial_observation_not_global_validity
LEAP_OBSERVED_PARTIAL,Hydrogen transformation/Electrolysers,LNG,,,0,0,0,observed_zero_only,partial_observation_not_global_validity
LEAP_OBSERVED_PARTIAL,Hydrogen transformation/Electrolysers,LPG,,,0,0,0,observed_zero_only,partial_observation_not_global_validity
LEAP_OBSERVED_PARTIAL,Hydrogen transformation/Electrolysers,Lignite,,,0,0,0,observed_zero_only,partial_observation_not_global_validity
LEAP_OBSERVED_PARTIAL,Hydrogen transformation/Electrolysers,Lubricants,,,0,0,0,observed_zero_only,partial_observation_not_global_validity
LEAP_OBSERVED_PARTIAL,Hydrogen transformation/Electrolysers,Motor gasoline,,,0,0,0,observed_zero_only,partial_observation_not_global_validity
LEAP_OBSERVED_PARTIAL,Hydrogen transformation/Electrolysers,Municipal solid waste non renewable,,,0,0,0,observed_zero_only,partial_observation_not_global_validity
LEAP_OBSERVED_PARTIAL,Hydrogen transformation/Electrolysers,Municipal solid waste renewable,,,0,0,0,observed_zero_only,partial_observation_not_global_validity
LEAP_OBSERVED_PARTIAL,Hydrogen transformation/Electrolysers,Naphtha,,,0,0,0,observed_zero_only,partial_observation_not_global_validity
LEAP_OBSERVED_PARTIAL,Hydrogen transformation/Electrolysers,Natural gas,,,0,0,0,observed_zero_only,partial_observation_not_global_validity
LEAP_OBSERVED_PARTIAL,Hydrogen transformation/Electrolysers,Natural gas liquids,,,0,0,0,observed_zero_only,partial_observation_not_global_validity
LEAP_OBSERVED_PARTIAL,Hydrogen transformation/Electrolysers,Nuclear,,,0,0,0,observed_zero_only,partial_observation_not_global_validity
LEAP_OBSERVED_PARTIAL,Hydrogen transformation/Electrolysers,Other biomass,,,0,0,0,observed_zero_only,partial_observation_not_global_validity
LEAP_OBSERVED_PARTIAL,Hydrogen transformation/Electrolysers,Other bituminous coal,,,0,0,0,observed_zero_only,partial_observation_not_global_validity
LEAP_OBSERVED_PARTIAL,Hydrogen transformation/Electrolysers,Other hydrocarbons,,,0,0,0,observed_zero_only,partial_observation_not_global_validity
LEAP_OBSERVED_PARTIAL,Hydrogen transformation/Electrolysers,Other liquid biofuels,,,0,0,0,observed_zero_only,partial_observation_not_global_validity
LEAP_OBSERVED_PARTIAL,Hydrogen transformation/Electrolysers,Other products,,,0,0,0,observed_zero_only,partial_observation_not_global_validity
LEAP_OBSERVED_PARTIAL,Hydrogen transformation/Electrolysers,Other recovered gases,,,0,0,0,observed_zero_only,partial_observation_not_global_validity
LEAP_OBSERVED_PARTIAL,Hydrogen transformation/Electrolysers,Other sources,,,0,0,0,observed_zero_only,partial_observation_not_global_validity
LEAP_OBSERVED_PARTIAL,Hydrogen transformation/Electrolysers,Paraffin waxes,,,0,0,0,observed_zero_only,partial_observation_not_global_validity
LEAP_OBSERVED_PARTIAL,Hydrogen transformation/Electrolysers,Patent fuel,,,0,0,0,observed_zero_only,partial_observation_not_global_validity
LEAP_OBSERVED_PARTIAL,Hydrogen transformation/Electrolysers,Petroleum coke,,,0,0,0,observed_zero_only,partial_observation_not_global_validity
LEAP_OBSERVED_PARTIAL,Hydrogen transformation/Electrolysers,Refinery feedstocks,,,0,0,0,observed_zero_only,partial_observation_not_global_validity
LEAP_OBSERVED_PARTIAL,Hydrogen transformation/Electrolysers,Refinery gas not liquefied,,,0,0,0,observed_zero_only,partial_observation_not_global_validity
LEAP_OBSERVED_PARTIAL,Hydrogen transformation/Electrolysers,Solar nonspecified,,,0,0,0,observed_zero_only,partial_observation_not_global_validity
LEAP_OBSERVED_PARTIAL,Hydrogen transformation/Electrolysers,Solar photovoltaics,,,0,0,0,observed_zero_only,partial_observation_not_global_validity
LEAP_OBSERVED_PARTIAL,Hydrogen transformation/Electrolysers,Sub bituminous coal,,,0,0,0,observed_zero_only,partial_observation_not_global_validity
LEAP_OBSERVED_PARTIAL,Hydrogen transformation/Electrolysers,White spirit SBP,,,0,0,0,observed_zero_only,partial_observation_not_global_validity
LEAP_OBSERVED_PARTIAL,Hydrogen transformation/Electrolysers,Wind,,,0,0,0,observed_zero_only,partial_observation_not_global_validity
LEAP_OBSERVED_PARTIAL,Hydrogen transformation/SMR with CCS,AUTO BALANCE,,,0,0,0,observed_zero_only,partial_observation_not_global_validity
LEAP_OBSERVED_PARTIAL,Hydrogen transformation/SMR with CCS,Additives and oxygenates,,,0,0,0,observed_zero_only,partial_observation_not_global_validity
LEAP_OBSERVED_PARTIAL,Hydrogen transformation/SMR with CCS,Ammonia,2026,2059,1,34,34,observed_data_valid,partial_observation_not_global_validity
LEAP_OBSERVED_PARTIAL,Hydrogen transformation/SMR with CCS,Anthracite,,,0,0,0,observed_zero_only,partial_observation_not_global_validity
LEAP_OBSERVED_PARTIAL,Hydrogen transformation/SMR with CCS,Aviation gasoline,,,0,0,0,observed_zero_only,partial_observation_not_global_validity
LEAP_OBSERVED_PARTIAL,Hydrogen transformation/SMR with CCS,BKB and PB,,,0,0,0,observed_zero_only,partial_observation_not_global_validity
LEAP_OBSERVED_PARTIAL,Hydrogen transformation/SMR with CCS,Bagasse,,,0,0,0,observed_zero_only,partial_observation_not_global_validity
LEAP_OBSERVED_PARTIAL,Hydrogen transformation/SMR with CCS,Bio jet kerosene,,,0,0,0,observed_zero_only,partial_observation_not_global_validity
LEAP_OBSERVED_PARTIAL,Hydrogen transformation/SMR with CCS,Biodiesel,,,0,0,0,observed_zero_only,partial_observation_not_global_validity
LEAP_OBSERVED_PARTIAL,Hydrogen transformation/SMR with CCS,Biogas,,,0,0,0,observed_zero_only,partial_observation_not_global_validity
LEAP_OBSERVED_PARTIAL,Hydrogen transformation/SMR with CCS,Biogasoline,,,0,0,0,observed_zero_only,partial_observation_not_global_validity
LEAP_OBSERVED_PARTIAL,Hydrogen transformation/SMR with CCS,Bitumen,,,0,0,0,observed_zero_only,partial_observation_not_global_validity
LEAP_OBSERVED_PARTIAL,Hydrogen transformation/SMR with CCS,Black liquor,,,0,0,0,observed_zero_only,partial_observation_not_global_validity
LEAP_OBSERVED_PARTIAL,Hydrogen transformation/SMR with CCS,Blast furnace gas,,,0,0,0,observed_zero_only,partial_observation_not_global_validity
LEAP_OBSERVED_PARTIAL,Hydrogen transformation/SMR with CCS,Charcoal,,,0,0,0,observed_zero_only,partial_observation_not_global_validity
LEAP_OBSERVED_PARTIAL,Hydrogen transformation/SMR with CCS,Coal tar,,,0,0,0,observed_zero_only,partial_observation_not_global_validity
LEAP_OBSERVED_PARTIAL,Hydrogen transformation/SMR with CCS,Coke oven coke,,,0,0,0,observed_zero_only,partial_observation_not_global_validity
LEAP_OBSERVED_PARTIAL,Hydrogen transformation/SMR with CCS,Coke oven gas,,,0,0,0,observed_zero_only,partial_observation_not_global_validity
LEAP_OBSERVED_PARTIAL,Hydrogen transformation/SMR with CCS,Coking coal,,,0,0,0,observed_zero_only,partial_observation_not_global_validity
LEAP_OBSERVED_PARTIAL,Hydrogen transformation/SMR with CCS,Crude oil,,,0,0,0,observed_zero_only,partial_observation_not_global_validity
LEAP_OBSERVED_PARTIAL,Hydrogen transformation/SMR with CCS,Efuel,2031,2060,2,30,59,observed_data_valid,partial_observation_not_global_validity
LEAP_OBSERVED_PARTIAL,Hydrogen transformation/SMR with CCS,Electricity,,,0,0,0,observed_zero_only,partial_observation_not_global_validity
LEAP_OBSERVED_PARTIAL,Hydrogen transformation/SMR with CCS,Electricity for hydrogen,,,0,0,0,observed_zero_only,partial_observation_not_global_validity
LEAP_OBSERVED_PARTIAL,Hydrogen transformation/SMR with CCS,Ethane,,,0,0,0,observed_zero_only,partial_observation_not_global_validity
LEAP_OBSERVED_PARTIAL,Hydrogen transformation/SMR with CCS,Fuel oil,,,0,0,0,observed_zero_only,partial_observation_not_global_validity
LEAP_OBSERVED_PARTIAL,Hydrogen transformation/SMR with CCS,Fuelwood and woodwaste,,,0,0,0,observed_zero_only,partial_observation_not_global_validity
LEAP_OBSERVED_PARTIAL,Hydrogen transformation/SMR with CCS,Gas and diesel oil,,,0,0,0,observed_zero_only,partial_observation_not_global_validity
LEAP_OBSERVED_PARTIAL,Hydrogen transformation/SMR with CCS,Gas nonspecified,,,0,0,0,observed_zero_only,partial_observation_not_global_validity
LEAP_OBSERVED_PARTIAL,Hydrogen transformation/SMR with CCS,Gas works gas,,,0,0,0,observed_zero_only,partial_observation_not_global_validity
LEAP_OBSERVED_PARTIAL,Hydrogen transformation/SMR with CCS,Gasoline type jet fuel,,,0,0,0,observed_zero_only,partial_observation_not_global_validity
LEAP_OBSERVED_PARTIAL,Hydrogen transformation/SMR with CCS,Geothermal,,,0,0,0,observed_zero_only,partial_observation_not_global_validity
LEAP_OBSERVED_PARTIAL,Hydrogen transformation/SMR with CCS,Heat,,,0,0,0,observed_zero_only,partial_observation_not_global_validity
LEAP_OBSERVED_PARTIAL,Hydrogen transformation/SMR with CCS,Hydro,,,0,0,0,observed_zero_only,partial_observation_not_global_validity
LEAP_OBSERVED_PARTIAL,Hydrogen transformation/SMR with CCS,Hydrogen,2023,2060,2,38,75,observed_data_valid,partial_observation_not_global_validity
LEAP_OBSERVED_PARTIAL,Hydrogen transformation/SMR with CCS,Industrial waste,,,0,0,0,observed_zero_only,partial_observation_not_global_validity
LEAP_OBSERVED_PARTIAL,Hydrogen transformation/SMR with CCS,Kerosene,,,0,0,0,observed_zero_only,partial_observation_not_global_validity
LEAP_OBSERVED_PARTIAL,Hydrogen transformation/SMR with CCS,Kerosene type jet fuel,,,0,0,0,observed_zero_only,partial_observation_not_global_validity
LEAP_OBSERVED_PARTIAL,Hydrogen transformation/SMR with CCS,LNG,,,0,0,0,observed_zero_only,partial_observation_not_global_validity
LEAP_OBSERVED_PARTIAL,Hydrogen transformation/SMR with CCS,LPG,,,0,0,0,observed_zero_only,partial_observation_not_global_validity
LEAP_OBSERVED_PARTIAL,Hydrogen transformation/SMR with CCS,Lignite,,,0,0,0,observed_zero_only,partial_observation_not_global_validity
LEAP_OBSERVED_PARTIAL,Hydrogen transformation/SMR with CCS,Lubricants,,,0,0,0,observed_zero_only,partial_observation_not_global_validity
LEAP_OBSERVED_PARTIAL,Hydrogen transformation/SMR with CCS,Motor gasoline,,,0,0,0,observed_zero_only,partial_observation_not_global_validity
LEAP_OBSERVED_PARTIAL,Hydrogen transformation/SMR with CCS,Municipal solid waste non renewable,,,0,0,0,observed_zero_only,partial_observation_not_global_validity
LEAP_OBSERVED_PARTIAL,Hydrogen transformation/SMR with CCS,Municipal solid waste renewable,,,0,0,0,observed_zero_only,partial_observation_not_global_validity
LEAP_OBSERVED_PARTIAL,Hydrogen transformation/SMR with CCS,Naphtha,,,0,0,0,observed_zero_only,partial_observation_not_global_validity
LEAP_OBSERVED_PARTIAL,Hydrogen transformation/SMR with CCS,Natural gas,2023,2060,2,38,75,observed_data_valid,partial_observation_not_global_validity
LEAP_OBSERVED_PARTIAL,Hydrogen transformation/SMR with CCS,Natural gas liquids,,,0,0,0,observed_zero_only,partial_observation_not_global_validity
LEAP_OBSERVED_PARTIAL,Hydrogen transformation/SMR with CCS,Nuclear,,,0,0,0,observed_zero_only,partial_observation_not_global_validity
LEAP_OBSERVED_PARTIAL,Hydrogen transformation/SMR with CCS,Other biomass,,,0,0,0,observed_zero_only,partial_observation_not_global_validity
LEAP_OBSERVED_PARTIAL,Hydrogen transformation/SMR with CCS,Other bituminous coal,,,0,0,0,observed_zero_only,partial_observation_not_global_validity
LEAP_OBSERVED_PARTIAL,Hydrogen transformation/SMR with CCS,Other hydrocarbons,,,0,0,0,observed_zero_only,partial_observation_not_global_validity
LEAP_OBSERVED_PARTIAL,Hydrogen transformation/SMR with CCS,Other liquid biofuels,,,0,0,0,observed_zero_only,partial_observation_not_global_validity
LEAP_OBSERVED_PARTIAL,Hydrogen transformation/SMR with CCS,Other products,,,0,0,0,observed_zero_only,partial_observation_not_global_validity
LEAP_OBSERVED_PARTIAL,Hydrogen transformation/SMR with CCS,Other recovered gases,,,0,0,0,observed_zero_only,partial_observation_not_global_validity
LEAP_OBSERVED_PARTIAL,Hydrogen transformation/SMR with CCS,Other sources,,,0,0,0,observed_zero_only,partial_observation_not_global_validity
LEAP_OBSERVED_PARTIAL,Hydrogen transformation/SMR with CCS,Paraffin waxes,,,0,0,0,observed_zero_only,partial_observation_not_global_validity
LEAP_OBSERVED_PARTIAL,Hydrogen transformation/SMR with CCS,Patent fuel,,,0,0,0,observed_zero_only,partial_observation_not_global_validity
LEAP_OBSERVED_PARTIAL,Hydrogen transformation/SMR with CCS,Petroleum coke,,,0,0,0,observed_zero_only,partial_observation_not_global_validity
LEAP_OBSERVED_PARTIAL,Hydrogen transformation/SMR with CCS,Refinery feedstocks,,,0,0,0,observed_zero_only,partial_observation_not_global_validity
LEAP_OBSERVED_PARTIAL,Hydrogen transformation/SMR with CCS,Refinery gas not liquefied,,,0,0,0,observed_zero_only,partial_observation_not_global_validity
LEAP_OBSERVED_PARTIAL,Hydrogen transformation/SMR with CCS,Solar nonspecified,,,0,0,0,observed_zero_only,partial_observation_not_global_validity
LEAP_OBSERVED_PARTIAL,Hydrogen transformation/SMR with CCS,Solar photovoltaics,,,0,0,0,observed_zero_only,partial_observation_not_global_validity
LEAP_OBSERVED_PARTIAL,Hydrogen transformation/SMR with CCS,Sub bituminous coal,,,0,0,0,observed_zero_only,partial_observation_not_global_validity
LEAP_OBSERVED_PARTIAL,Hydrogen transformation/SMR with CCS,White spirit SBP,,,0,0,0,observed_zero_only,partial_observation_not_global_validity
LEAP_OBSERVED_PARTIAL,Hydrogen transformation/SMR with CCS,Wind,,,0,0,0,observed_zero_only,partial_observation_not_global_validity
LEAP_OBSERVED_PARTIAL,Imports,AUTO BALANCE,,,0,0,0,observed_zero_only,partial_observation_not_global_validity
LEAP_OBSERVED_PARTIAL,Imports,Additives and oxygenates,2022,2060,2,39,63,observed_data_valid,partial_observation_not_global_validity
LEAP_OBSERVED_PARTIAL,Imports,Ammonia,2023,2060,6,37,98,observed_data_valid,partial_observation_not_global_validity
LEAP_OBSERVED_PARTIAL,Imports,Anthracite,2022,2060,7,39,322,observed_data_valid,partial_observation_not_global_validity
LEAP_OBSERVED_PARTIAL,Imports,Aviation gasoline,2022,2060,4,39,234,observed_data_valid,partial_observation_not_global_validity
LEAP_OBSERVED_PARTIAL,Imports,BKB and PB,2022,2060,1,13,14,observed_data_valid,partial_observation_not_global_validity
LEAP_OBSERVED_PARTIAL,Imports,Bagasse,2023,2060,3,34,59,observed_data_valid,partial_observation_not_global_validity
LEAP_OBSERVED_PARTIAL,Imports,Bio jet kerosene,2022,2060,8,39,165,observed_data_valid,partial_observation_not_global_validity
LEAP_OBSERVED_PARTIAL,Imports,Biodiesel,2022,2060,8,39,249,observed_data_valid,partial_observation_not_global_validity
LEAP_OBSERVED_PARTIAL,Imports,Biogas,2022,2060,2,30,41,observed_data_valid,partial_observation_not_global_validity
LEAP_OBSERVED_PARTIAL,Imports,Biogasoline,2022,2060,7,39,196,observed_data_valid,partial_observation_not_global_validity
LEAP_OBSERVED_PARTIAL,Imports,Bitumen,2022,2060,8,39,353,observed_data_valid,partial_observation_not_global_validity
LEAP_OBSERVED_PARTIAL,Imports,Black liquor,,,0,0,0,observed_zero_only,partial_observation_not_global_validity
LEAP_OBSERVED_PARTIAL,Imports,Blast furnace gas,,,0,0,0,observed_zero_only,partial_observation_not_global_validity
LEAP_OBSERVED_PARTIAL,Imports,Charcoal,2022,2060,4,39,156,observed_data_valid,partial_observation_not_global_validity
LEAP_OBSERVED_PARTIAL,Imports,Coal tar,2022,2060,2,39,116,observed_data_valid,partial_observation_not_global_validity
LEAP_OBSERVED_PARTIAL,Imports,Coke oven coke,2022,2060,5,39,112,observed_data_valid,partial_observation_not_global_validity
LEAP_OBSERVED_PARTIAL,Imports,Coke oven gas,2022,2060,4,39,245,observed_data_valid,partial_observation_not_global_validity
LEAP_OBSERVED_PARTIAL,Imports,Coking coal,2022,2060,2,39,69,observed_data_valid,partial_observation_not_global_validity
LEAP_OBSERVED_PARTIAL,Imports,Crude oil,2022,2060,9,39,430,observed_data_valid,partial_observation_not_global_validity
LEAP_OBSERVED_PARTIAL,Imports,Efuel,2031,2060,7,30,129,observed_data_valid,partial_observation_not_global_validity
LEAP_OBSERVED_PARTIAL,Imports,Electricity,2022,2060,7,39,274,observed_data_valid,partial_observation_not_global_validity
LEAP_OBSERVED_PARTIAL,Imports,Electricity for hydrogen,2023,2060,7,38,338,observed_data_valid,partial_observation_not_global_validity
LEAP_OBSERVED_PARTIAL,Imports,Ethane,2022,2060,3,39,146,observed_data_valid,partial_observation_not_global_validity
LEAP_OBSERVED_PARTIAL,Imports,Fuel oil,2022,2060,8,39,429,observed_data_valid,partial_observation_not_global_validity
LEAP_OBSERVED_PARTIAL,Imports,Fuelwood and woodwaste,2022,2022,3,1,3,observed_data_valid,partial_observation_not_global_validity
LEAP_OBSERVED_PARTIAL,Imports,Gas and diesel oil,2022,2060,9,39,468,observed_data_valid,partial_observation_not_global_validity
LEAP_OBSERVED_PARTIAL,Imports,Gas nonspecified,2028,2060,1,33,33,observed_data_valid,partial_observation_not_global_validity
LEAP_OBSERVED_PARTIAL,Imports,Gas works gas,2022,2060,2,39,78,observed_data_valid,partial_observation_not_global_validity
LEAP_OBSERVED_PARTIAL,Imports,Gasoline type jet fuel,2022,2022,1,1,2,observed_data_valid,partial_observation_not_global_validity
LEAP_OBSERVED_PARTIAL,Imports,Geothermal,,,0,0,0,observed_zero_only,partial_observation_not_global_validity
LEAP_OBSERVED_PARTIAL,Imports,Heat,,,0,0,0,observed_zero_only,partial_observation_not_global_validity
LEAP_OBSERVED_PARTIAL,Imports,Hydro,,,0,0,0,observed_zero_only,partial_observation_not_global_validity
LEAP_OBSERVED_PARTIAL,Imports,Hydrogen,2023,2060,7,38,109,observed_data_valid,partial_observation_not_global_validity
LEAP_OBSERVED_PARTIAL,Imports,Industrial waste,2022,2060,3,39,118,observed_data_valid,partial_observation_not_global_validity
LEAP_OBSERVED_PARTIAL,Imports,Kerosene,2022,2060,9,39,462,observed_data_valid,partial_observation_not_global_validity
LEAP_OBSERVED_PARTIAL,Imports,Kerosene type jet fuel,2022,2060,9,39,442,observed_data_valid,partial_observation_not_global_validity
LEAP_OBSERVED_PARTIAL,Imports,LNG,2022,2060,7,39,374,observed_data_valid,partial_observation_not_global_validity
LEAP_OBSERVED_PARTIAL,Imports,LPG,2022,2060,9,39,430,observed_data_valid,partial_observation_not_global_validity
LEAP_OBSERVED_PARTIAL,Imports,Lignite,2022,2036,4,9,12,observed_data_valid,partial_observation_not_global_validity
LEAP_OBSERVED_PARTIAL,Imports,Lubricants,2022,2060,7,39,351,observed_data_valid,partial_observation_not_global_validity
LEAP_OBSERVED_PARTIAL,Imports,Motor gasoline,2022,2060,9,39,450,observed_data_valid,partial_observation_not_global_validity
LEAP_OBSERVED_PARTIAL,Imports,Municipal solid waste non renewable,2022,2022,1,1,1,observed_data_valid,partial_observation_not_global_validity
LEAP_OBSERVED_PARTIAL,Imports,Municipal solid waste renewable,2024,2060,1,17,17,observed_data_valid,partial_observation_not_global_validity
LEAP_OBSERVED_PARTIAL,Imports,Naphtha,2022,2060,6,39,347,observed_data_valid,partial_observation_not_global_validity
LEAP_OBSERVED_PARTIAL,Imports,Natural gas,2022,2060,7,39,215,observed_data_valid,partial_observation_not_global_validity
LEAP_OBSERVED_PARTIAL,Imports,Natural gas liquids,2022,2060,4,39,78,observed_data_valid,partial_observation_not_global_validity
LEAP_OBSERVED_PARTIAL,Imports,Nuclear,,,0,0,0,observed_zero_only,partial_observation_not_global_validity
LEAP_OBSERVED_PARTIAL,Imports,Other biomass,2022,2060,5,35,48,observed_data_valid,partial_observation_not_global_validity
LEAP_OBSERVED_PARTIAL,Imports,Other bituminous coal,2022,2060,7,39,330,observed_data_valid,partial_observation_not_global_validity
LEAP_OBSERVED_PARTIAL,Imports,Other hydrocarbons,2022,2022,2,1,3,observed_data_valid,partial_observation_not_global_validity
LEAP_OBSERVED_PARTIAL,Imports,Other liquid biofuels,2022,2040,1,19,38,observed_data_valid,partial_observation_not_global_validity
LEAP_OBSERVED_PARTIAL,Imports,Other products,2022,2060,8,39,299,observed_data_valid,partial_observation_not_global_validity
LEAP_OBSERVED_PARTIAL,Imports,Other recovered gases,2022,2060,1,39,40,observed_data_valid,partial_observation_not_global_validity
LEAP_OBSERVED_PARTIAL,Imports,Other sources,2022,2060,5,39,267,observed_data_valid,partial_observation_not_global_validity
LEAP_OBSERVED_PARTIAL,Imports,Paraffin waxes,2022,2060,4,39,233,observed_data_valid,partial_observation_not_global_validity
LEAP_OBSERVED_PARTIAL,Imports,Patent fuel,2023,2031,1,8,15,observed_data_valid,partial_observation_not_global_validity
LEAP_OBSERVED_PARTIAL,Imports,Petroleum coke,2022,2060,4,39,233,observed_data_valid,partial_observation_not_global_validity
LEAP_OBSERVED_PARTIAL,Imports,Refinery feedstocks,2022,2060,5,39,199,observed_data_valid,partial_observation_not_global_validity
LEAP_OBSERVED_PARTIAL,Imports,Refinery gas not liquefied,2022,2060,5,39,233,observed_data_valid,partial_observation_not_global_validity
LEAP_OBSERVED_PARTIAL,Imports,Solar nonspecified,,,0,0,0,observed_zero_only,partial_observation_not_global_validity
LEAP_OBSERVED_PARTIAL,Imports,Solar photovoltaics,,,0,0,0,observed_zero_only,partial_observation_not_global_validity
LEAP_OBSERVED_PARTIAL,Imports,Sub bituminous coal,2022,2060,5,39,179,observed_data_valid,partial_observation_not_global_validity
LEAP_OBSERVED_PARTIAL,Imports,White spirit SBP,2022,2060,3,39,194,observed_data_valid,partial_observation_not_global_validity
LEAP_OBSERVED_PARTIAL,Imports,Wind,,,0,0,0,observed_zero_only,partial_observation_not_global_validity
LEAP_OBSERVED_PARTIAL,LNG regasification,AUTO BALANCE,,,0,0,0,observed_zero_only,partial_observation_not_global_validity
LEAP_OBSERVED_PARTIAL,LNG regasification,Additives and oxygenates,,,0,0,0,observed_zero_only,partial_observation_not_global_validity
LEAP_OBSERVED_PARTIAL,LNG regasification,Ammonia,,,0,0,0,observed_zero_only,partial_observation_not_global_validity
LEAP_OBSERVED_PARTIAL,LNG regasification,Anthracite,,,0,0,0,observed_zero_only,partial_observation_not_global_validity
LEAP_OBSERVED_PARTIAL,LNG regasification,Aviation gasoline,,,0,0,0,observed_zero_only,partial_observation_not_global_validity
LEAP_OBSERVED_PARTIAL,LNG regasification,BKB and PB,,,0,0,0,observed_zero_only,partial_observation_not_global_validity
LEAP_OBSERVED_PARTIAL,LNG regasification,Bagasse,,,0,0,0,observed_zero_only,partial_observation_not_global_validity
LEAP_OBSERVED_PARTIAL,LNG regasification,Bio jet kerosene,,,0,0,0,observed_zero_only,partial_observation_not_global_validity
LEAP_OBSERVED_PARTIAL,LNG regasification,Biodiesel,,,0,0,0,observed_zero_only,partial_observation_not_global_validity
LEAP_OBSERVED_PARTIAL,LNG regasification,Biogas,,,0,0,0,observed_zero_only,partial_observation_not_global_validity
LEAP_OBSERVED_PARTIAL,LNG regasification,Biogasoline,,,0,0,0,observed_zero_only,partial_observation_not_global_validity
LEAP_OBSERVED_PARTIAL,LNG regasification,Bitumen,,,0,0,0,observed_zero_only,partial_observation_not_global_validity
LEAP_OBSERVED_PARTIAL,LNG regasification,Black liquor,,,0,0,0,observed_zero_only,partial_observation_not_global_validity
LEAP_OBSERVED_PARTIAL,LNG regasification,Blast furnace gas,,,0,0,0,observed_zero_only,partial_observation_not_global_validity
LEAP_OBSERVED_PARTIAL,LNG regasification,Charcoal,,,0,0,0,observed_zero_only,partial_observation_not_global_validity
LEAP_OBSERVED_PARTIAL,LNG regasification,Coal tar,,,0,0,0,observed_zero_only,partial_observation_not_global_validity
LEAP_OBSERVED_PARTIAL,LNG regasification,Coke oven coke,,,0,0,0,observed_zero_only,partial_observation_not_global_validity
LEAP_OBSERVED_PARTIAL,LNG regasification,Coke oven gas,,,0,0,0,observed_zero_only,partial_observation_not_global_validity
LEAP_OBSERVED_PARTIAL,LNG regasification,Coking coal,,,0,0,0,observed_zero_only,partial_observation_not_global_validity
LEAP_OBSERVED_PARTIAL,LNG regasification,Crude oil,,,0,0,0,observed_zero_only,partial_observation_not_global_validity
LEAP_OBSERVED_PARTIAL,LNG regasification,Efuel,,,0,0,0,observed_zero_only,partial_observation_not_global_validity
LEAP_OBSERVED_PARTIAL,LNG regasification,Electricity,,,0,0,0,observed_zero_only,partial_observation_not_global_validity
LEAP_OBSERVED_PARTIAL,LNG regasification,Electricity for hydrogen,,,0,0,0,observed_zero_only,partial_observation_not_global_validity
LEAP_OBSERVED_PARTIAL,LNG regasification,Ethane,,,0,0,0,observed_zero_only,partial_observation_not_global_validity
LEAP_OBSERVED_PARTIAL,LNG regasification,Fuel oil,,,0,0,0,observed_zero_only,partial_observation_not_global_validity
LEAP_OBSERVED_PARTIAL,LNG regasification,Fuelwood and woodwaste,,,0,0,0,observed_zero_only,partial_observation_not_global_validity
LEAP_OBSERVED_PARTIAL,LNG regasification,Gas and diesel oil,,,0,0,0,observed_zero_only,partial_observation_not_global_validity
LEAP_OBSERVED_PARTIAL,LNG regasification,Gas nonspecified,,,0,0,0,observed_zero_only,partial_observation_not_global_validity
LEAP_OBSERVED_PARTIAL,LNG regasification,Gas works gas,,,0,0,0,observed_zero_only,partial_observation_not_global_validity
LEAP_OBSERVED_PARTIAL,LNG regasification,Gasoline type jet fuel,,,0,0,0,observed_zero_only,partial_observation_not_global_validity
LEAP_OBSERVED_PARTIAL,LNG regasification,Geothermal,,,0,0,0,observed_zero_only,partial_observation_not_global_validity
LEAP_OBSERVED_PARTIAL,LNG regasification,Heat,,,0,0,0,observed_zero_only,partial_observation_not_global_validity
LEAP_OBSERVED_PARTIAL,LNG regasification,Hydro,,,0,0,0,observed_zero_only,partial_observation_not_global_validity
LEAP_OBSERVED_PARTIAL,LNG regasification,Hydrogen,,,0,0,0,observed_zero_only,partial_observation_not_global_validity
LEAP_OBSERVED_PARTIAL,LNG regasification,Industrial waste,,,0,0,0,observed_zero_only,partial_observation_not_global_validity
LEAP_OBSERVED_PARTIAL,LNG regasification,Kerosene,,,0,0,0,observed_zero_only,partial_observation_not_global_validity
LEAP_OBSERVED_PARTIAL,LNG regasification,Kerosene type jet fuel,,,0,0,0,observed_zero_only,partial_observation_not_global_validity
LEAP_OBSERVED_PARTIAL,LNG regasification,LNG,2022,2060,5,39,222,observed_data_valid,partial_observation_not_global_validity
LEAP_OBSERVED_PARTIAL,LNG regasification,LPG,,,0,0,0,observed_zero_only,partial_observation_not_global_validity
LEAP_OBSERVED_PARTIAL,LNG regasification,Lignite,,,0,0,0,observed_zero_only,partial_observation_not_global_validity
LEAP_OBSERVED_PARTIAL,LNG regasification,Lubricants,,,0,0,0,observed_zero_only,partial_observation_not_global_validity
LEAP_OBSERVED_PARTIAL,LNG regasification,Motor gasoline,,,0,0,0,observed_zero_only,partial_observation_not_global_validity
LEAP_OBSERVED_PARTIAL,LNG regasification,Municipal solid waste non renewable,,,0,0,0,observed_zero_only,partial_observation_not_global_validity
LEAP_OBSERVED_PARTIAL,LNG regasification,Municipal solid waste renewable,,,0,0,0,observed_zero_only,partial_observation_not_global_validity
LEAP_OBSERVED_PARTIAL,LNG regasification,Naphtha,,,0,0,0,observed_zero_only,partial_observation_not_global_validity
LEAP_OBSERVED_PARTIAL,LNG regasification,Natural gas,2022,2060,5,39,222,observed_data_valid,partial_observation_not_global_validity
LEAP_OBSERVED_PARTIAL,LNG regasification,Natural gas liquids,,,0,0,0,observed_zero_only,partial_observation_not_global_validity
LEAP_OBSERVED_PARTIAL,LNG regasification,Nuclear,,,0,0,0,observed_zero_only,partial_observation_not_global_validity
LEAP_OBSERVED_PARTIAL,LNG regasification,Other biomass,,,0,0,0,observed_zero_only,partial_observation_not_global_validity
LEAP_OBSERVED_PARTIAL,LNG regasification,Other bituminous coal,,,0,0,0,observed_zero_only,partial_observation_not_global_validity
LEAP_OBSERVED_PARTIAL,LNG regasification,Other hydrocarbons,,,0,0,0,observed_zero_only,partial_observation_not_global_validity
LEAP_OBSERVED_PARTIAL,LNG regasification,Other liquid biofuels,,,0,0,0,observed_zero_only,partial_observation_not_global_validity
LEAP_OBSERVED_PARTIAL,LNG regasification,Other products,,,0,0,0,observed_zero_only,partial_observation_not_global_validity
LEAP_OBSERVED_PARTIAL,LNG regasification,Other recovered gases,,,0,0,0,observed_zero_only,partial_observation_not_global_validity
LEAP_OBSERVED_PARTIAL,LNG regasification,Other sources,,,0,0,0,observed_zero_only,partial_observation_not_global_validity
LEAP_OBSERVED_PARTIAL,LNG regasification,Paraffin waxes,,,0,0,0,observed_zero_only,partial_observation_not_global_validity
LEAP_OBSERVED_PARTIAL,LNG regasification,Patent fuel,,,0,0,0,observed_zero_only,partial_observation_not_global_validity
LEAP_OBSERVED_PARTIAL,LNG regasification,Petroleum coke,,,0,0,0,observed_zero_only,partial_observation_not_global_validity
LEAP_OBSERVED_PARTIAL,LNG regasification,Refinery feedstocks,,,0,0,0,observed_zero_only,partial_observation_not_global_validity
LEAP_OBSERVED_PARTIAL,LNG regasification,Refinery gas not liquefied,,,0,0,0,observed_zero_only,partial_observation_not_global_validity
LEAP_OBSERVED_PARTIAL,LNG regasification,Solar nonspecified,,,0,0,0,observed_zero_only,partial_observation_not_global_validity
LEAP_OBSERVED_PARTIAL,LNG regasification,Solar photovoltaics,,,0,0,0,observed_zero_only,partial_observation_not_global_validity
LEAP_OBSERVED_PARTIAL,LNG regasification,Sub bituminous coal,,,0,0,0,observed_zero_only,partial_observation_not_global_validity
LEAP_OBSERVED_PARTIAL,LNG regasification,White spirit SBP,,,0,0,0,observed_zero_only,partial_observation_not_global_validity
LEAP_OBSERVED_PARTIAL,LNG regasification,Wind,,,0,0,0,observed_zero_only,partial_observation_not_global_validity
LEAP_OBSERVED_PARTIAL,LNG regasification/Regasification,AUTO BALANCE,,,0,0,0,observed_zero_only,partial_observation_not_global_validity
LEAP_OBSERVED_PARTIAL,LNG regasification/Regasification,Additives and oxygenates,,,0,0,0,observed_zero_only,partial_observation_not_global_validity
LEAP_OBSERVED_PARTIAL,LNG regasification/Regasification,Ammonia,,,0,0,0,observed_zero_only,partial_observation_not_global_validity
LEAP_OBSERVED_PARTIAL,LNG regasification/Regasification,Anthracite,,,0,0,0,observed_zero_only,partial_observation_not_global_validity
LEAP_OBSERVED_PARTIAL,LNG regasification/Regasification,Aviation gasoline,,,0,0,0,observed_zero_only,partial_observation_not_global_validity
LEAP_OBSERVED_PARTIAL,LNG regasification/Regasification,BKB and PB,,,0,0,0,observed_zero_only,partial_observation_not_global_validity
LEAP_OBSERVED_PARTIAL,LNG regasification/Regasification,Bagasse,,,0,0,0,observed_zero_only,partial_observation_not_global_validity
LEAP_OBSERVED_PARTIAL,LNG regasification/Regasification,Bio jet kerosene,,,0,0,0,observed_zero_only,partial_observation_not_global_validity
LEAP_OBSERVED_PARTIAL,LNG regasification/Regasification,Biodiesel,,,0,0,0,observed_zero_only,partial_observation_not_global_validity
LEAP_OBSERVED_PARTIAL,LNG regasification/Regasification,Biogas,,,0,0,0,observed_zero_only,partial_observation_not_global_validity
LEAP_OBSERVED_PARTIAL,LNG regasification/Regasification,Biogasoline,,,0,0,0,observed_zero_only,partial_observation_not_global_validity
LEAP_OBSERVED_PARTIAL,LNG regasification/Regasification,Bitumen,,,0,0,0,observed_zero_only,partial_observation_not_global_validity
LEAP_OBSERVED_PARTIAL,LNG regasification/Regasification,Black liquor,,,0,0,0,observed_zero_only,partial_observation_not_global_validity
LEAP_OBSERVED_PARTIAL,LNG regasification/Regasification,Blast furnace gas,,,0,0,0,observed_zero_only,partial_observation_not_global_validity
LEAP_OBSERVED_PARTIAL,LNG regasification/Regasification,Charcoal,,,0,0,0,observed_zero_only,partial_observation_not_global_validity
LEAP_OBSERVED_PARTIAL,LNG regasification/Regasification,Coal tar,,,0,0,0,observed_zero_only,partial_observation_not_global_validity
LEAP_OBSERVED_PARTIAL,LNG regasification/Regasification,Coke oven coke,,,0,0,0,observed_zero_only,partial_observation_not_global_validity
LEAP_OBSERVED_PARTIAL,LNG regasification/Regasification,Coke oven gas,,,0,0,0,observed_zero_only,partial_observation_not_global_validity
LEAP_OBSERVED_PARTIAL,LNG regasification/Regasification,Coking coal,,,0,0,0,observed_zero_only,partial_observation_not_global_validity
LEAP_OBSERVED_PARTIAL,LNG regasification/Regasification,Crude oil,,,0,0,0,observed_zero_only,partial_observation_not_global_validity
LEAP_OBSERVED_PARTIAL,LNG regasification/Regasification,Efuel,,,0,0,0,observed_zero_only,partial_observation_not_global_validity
LEAP_OBSERVED_PARTIAL,LNG regasification/Regasification,Electricity,,,0,0,0,observed_zero_only,partial_observation_not_global_validity
LEAP_OBSERVED_PARTIAL,LNG regasification/Regasification,Electricity for hydrogen,,,0,0,0,observed_zero_only,partial_observation_not_global_validity
LEAP_OBSERVED_PARTIAL,LNG regasification/Regasification,Ethane,,,0,0,0,observed_zero_only,partial_observation_not_global_validity
LEAP_OBSERVED_PARTIAL,LNG regasification/Regasification,Fuel oil,,,0,0,0,observed_zero_only,partial_observation_not_global_validity
LEAP_OBSERVED_PARTIAL,LNG regasification/Regasification,Fuelwood and woodwaste,,,0,0,0,observed_zero_only,partial_observation_not_global_validity
LEAP_OBSERVED_PARTIAL,LNG regasification/Regasification,Gas and diesel oil,,,0,0,0,observed_zero_only,partial_observation_not_global_validity
LEAP_OBSERVED_PARTIAL,LNG regasification/Regasification,Gas nonspecified,,,0,0,0,observed_zero_only,partial_observation_not_global_validity
LEAP_OBSERVED_PARTIAL,LNG regasification/Regasification,Gas works gas,,,0,0,0,observed_zero_only,partial_observation_not_global_validity
LEAP_OBSERVED_PARTIAL,LNG regasification/Regasification,Gasoline type jet fuel,,,0,0,0,observed_zero_only,partial_observation_not_global_validity
LEAP_OBSERVED_PARTIAL,LNG regasification/Regasification,Geothermal,,,0,0,0,observed_zero_only,partial_observation_not_global_validity
LEAP_OBSERVED_PARTIAL,LNG regasification/Regasification,Heat,,,0,0,0,observed_zero_only,partial_observation_not_global_validity
LEAP_OBSERVED_PARTIAL,LNG regasification/Regasification,Hydro,,,0,0,0,observed_zero_only,partial_observation_not_global_validity
LEAP_OBSERVED_PARTIAL,LNG regasification/Regasification,Hydrogen,,,0,0,0,observed_zero_only,partial_observation_not_global_validity
LEAP_OBSERVED_PARTIAL,LNG regasification/Regasification,Industrial waste,,,0,0,0,observed_zero_only,partial_observation_not_global_validity
LEAP_OBSERVED_PARTIAL,LNG regasification/Regasification,Kerosene,,,0,0,0,observed_zero_only,partial_observation_not_global_validity
LEAP_OBSERVED_PARTIAL,LNG regasification/Regasification,Kerosene type jet fuel,,,0,0,0,observed_zero_only,partial_observation_not_global_validity
LEAP_OBSERVED_PARTIAL,LNG regasification/Regasification,LNG,2022,2060,5,39,222,observed_data_valid,partial_observation_not_global_validity
LEAP_OBSERVED_PARTIAL,LNG regasification/Regasification,LPG,,,0,0,0,observed_zero_only,partial_observation_not_global_validity
LEAP_OBSERVED_PARTIAL,LNG regasification/Regasification,Lignite,,,0,0,0,observed_zero_only,partial_observation_not_global_validity
LEAP_OBSERVED_PARTIAL,LNG regasification/Regasification,Lubricants,,,0,0,0,observed_zero_only,partial_observation_not_global_validity
LEAP_OBSERVED_PARTIAL,LNG regasification/Regasification,Motor gasoline,,,0,0,0,observed_zero_only,partial_observation_not_global_validity
LEAP_OBSERVED_PARTIAL,LNG regasification/Regasification,Municipal solid waste non renewable,,,0,0,0,observed_zero_only,partial_observation_not_global_validity
LEAP_OBSERVED_PARTIAL,LNG regasification/Regasification,Municipal solid waste renewable,,,0,0,0,observed_zero_only,partial_observation_not_global_validity
LEAP_OBSERVED_PARTIAL,LNG regasification/Regasification,Naphtha,,,0,0,0,observed_zero_only,partial_observation_not_global_validity
LEAP_OBSERVED_PARTIAL,LNG regasification/Regasification,Natural gas,2022,2060,5,39,222,observed_data_valid,partial_observation_not_global_validity
LEAP_OBSERVED_PARTIAL,LNG regasification/Regasification,Natural gas liquids,,,0,0,0,observed_zero_only,partial_observation_not_global_validity
LEAP_OBSERVED_PARTIAL,LNG regasification/Regasification,Nuclear,,,0,0,0,observed_zero_only,partial_observation_not_global_validity
LEAP_OBSERVED_PARTIAL,LNG regasification/Regasification,Other biomass,,,0,0,0,observed_zero_only,partial_observation_not_global_validity
LEAP_OBSERVED_PARTIAL,LNG regasification/Regasification,Other bituminous coal,,,0,0,0,observed_zero_only,partial_observation_not_global_validity
LEAP_OBSERVED_PARTIAL,LNG regasification/Regasification,Other hydrocarbons,,,0,0,0,observed_zero_only,partial_observation_not_global_validity
LEAP_OBSERVED_PARTIAL,LNG regasification/Regasification,Other liquid biofuels,,,0,0,0,observed_zero_only,partial_observation_not_global_validity
LEAP_OBSERVED_PARTIAL,LNG regasification/Regasification,Other products,,,0,0,0,observed_zero_only,partial_observation_not_global_validity
LEAP_OBSERVED_PARTIAL,LNG regasification/Regasification,Other recovered gases,,,0,0,0,observed_zero_only,partial_observation_not_global_validity
LEAP_OBSERVED_PARTIAL,LNG regasification/Regasification,Other sources,,,0,0,0,observed_zero_only,partial_observation_not_global_validity
LEAP_OBSERVED_PARTIAL,LNG regasification/Regasification,Paraffin waxes,,,0,0,0,observed_zero_only,partial_observation_not_global_validity
LEAP_OBSERVED_PARTIAL,LNG regasification/Regasification,Patent fuel,,,0,0,0,observed_zero_only,partial_observation_not_global_validity
LEAP_OBSERVED_PARTIAL,LNG regasification/Regasification,Petroleum coke,,,0,0,0,observed_zero_only,partial_observation_not_global_validity
LEAP_OBSERVED_PARTIAL,LNG regasification/Regasification,Refinery feedstocks,,,0,0,0,observed_zero_only,partial_observation_not_global_validity
LEAP_OBSERVED_PARTIAL,LNG regasification/Regasification,Refinery gas not liquefied,,,0,0,0,observed_zero_only,partial_observation_not_global_validity
LEAP_OBSERVED_PARTIAL,LNG regasification/Regasification,Solar nonspecified,,,0,0,0,observed_zero_only,partial_observation_not_global_validity
LEAP_OBSERVED_PARTIAL,LNG regasification/Regasification,Solar photovoltaics,,,0,0,0,observed_zero_only,partial_observation_not_global_validity
LEAP_OBSERVED_PARTIAL,LNG regasification/Regasification,Sub bituminous coal,,,0,0,0,observed_zero_only,partial_observation_not_global_validity
LEAP_OBSERVED_PARTIAL,LNG regasification/Regasification,White spirit SBP,,,0,0,0,observed_zero_only,partial_observation_not_global_validity
LEAP_OBSERVED_PARTIAL,LNG regasification/Regasification,Wind,,,0,0,0,observed_zero_only,partial_observation_not_global_validity
LEAP_OBSERVED_PARTIAL,Liquefaction coal to oil,AUTO BALANCE,,,0,0,0,observed_zero_only,partial_observation_not_global_validity
LEAP_OBSERVED_PARTIAL,Liquefaction coal to oil,Additives and oxygenates,,,0,0,0,observed_zero_only,partial_observation_not_global_validity
LEAP_OBSERVED_PARTIAL,Liquefaction coal to oil,Ammonia,,,0,0,0,observed_zero_only,partial_observation_not_global_validity
LEAP_OBSERVED_PARTIAL,Liquefaction coal to oil,Anthracite,,,0,0,0,observed_zero_only,partial_observation_not_global_validity
LEAP_OBSERVED_PARTIAL,Liquefaction coal to oil,Aviation gasoline,,,0,0,0,observed_zero_only,partial_observation_not_global_validity
LEAP_OBSERVED_PARTIAL,Liquefaction coal to oil,BKB and PB,,,0,0,0,observed_zero_only,partial_observation_not_global_validity
LEAP_OBSERVED_PARTIAL,Liquefaction coal to oil,Bagasse,,,0,0,0,observed_zero_only,partial_observation_not_global_validity
LEAP_OBSERVED_PARTIAL,Liquefaction coal to oil,Bio jet kerosene,,,0,0,0,observed_zero_only,partial_observation_not_global_validity
LEAP_OBSERVED_PARTIAL,Liquefaction coal to oil,Biodiesel,,,0,0,0,observed_zero_only,partial_observation_not_global_validity
LEAP_OBSERVED_PARTIAL,Liquefaction coal to oil,Biogas,,,0,0,0,observed_zero_only,partial_observation_not_global_validity
LEAP_OBSERVED_PARTIAL,Liquefaction coal to oil,Biogasoline,,,0,0,0,observed_zero_only,partial_observation_not_global_validity
LEAP_OBSERVED_PARTIAL,Liquefaction coal to oil,Bitumen,,,0,0,0,observed_zero_only,partial_observation_not_global_validity
LEAP_OBSERVED_PARTIAL,Liquefaction coal to oil,Black liquor,,,0,0,0,observed_zero_only,partial_observation_not_global_validity
LEAP_OBSERVED_PARTIAL,Liquefaction coal to oil,Blast furnace gas,,,0,0,0,observed_zero_only,partial_observation_not_global_validity
LEAP_OBSERVED_PARTIAL,Liquefaction coal to oil,Charcoal,,,0,0,0,observed_zero_only,partial_observation_not_global_validity
LEAP_OBSERVED_PARTIAL,Liquefaction coal to oil,Coal tar,,,0,0,0,observed_zero_only,partial_observation_not_global_validity
LEAP_OBSERVED_PARTIAL,Liquefaction coal to oil,Coke oven coke,,,0,0,0,observed_zero_only,partial_observation_not_global_validity
LEAP_OBSERVED_PARTIAL,Liquefaction coal to oil,Coke oven gas,,,0,0,0,observed_zero_only,partial_observation_not_global_validity
LEAP_OBSERVED_PARTIAL,Liquefaction coal to oil,Coking coal,,,0,0,0,observed_zero_only,partial_observation_not_global_validity
LEAP_OBSERVED_PARTIAL,Liquefaction coal to oil,Crude oil,,,0,0,0,observed_zero_only,partial_observation_not_global_validity
LEAP_OBSERVED_PARTIAL,Liquefaction coal to oil,Efuel,,,0,0,0,observed_zero_only,partial_observation_not_global_validity
LEAP_OBSERVED_PARTIAL,Liquefaction coal to oil,Electricity,,,0,0,0,observed_zero_only,partial_observation_not_global_validity
LEAP_OBSERVED_PARTIAL,Liquefaction coal to oil,Electricity for hydrogen,,,0,0,0,observed_zero_only,partial_observation_not_global_validity
LEAP_OBSERVED_PARTIAL,Liquefaction coal to oil,Ethane,,,0,0,0,observed_zero_only,partial_observation_not_global_validity
LEAP_OBSERVED_PARTIAL,Liquefaction coal to oil,Fuel oil,,,0,0,0,observed_zero_only,partial_observation_not_global_validity
LEAP_OBSERVED_PARTIAL,Liquefaction coal to oil,Fuelwood and woodwaste,,,0,0,0,observed_zero_only,partial_observation_not_global_validity
LEAP_OBSERVED_PARTIAL,Liquefaction coal to oil,Gas and diesel oil,,,0,0,0,observed_zero_only,partial_observation_not_global_validity
LEAP_OBSERVED_PARTIAL,Liquefaction coal to oil,Gas nonspecified,,,0,0,0,observed_zero_only,partial_observation_not_global_validity
LEAP_OBSERVED_PARTIAL,Liquefaction coal to oil,Gas works gas,,,0,0,0,observed_zero_only,partial_observation_not_global_validity
LEAP_OBSERVED_PARTIAL,Liquefaction coal to oil,Gasoline type jet fuel,,,0,0,0,observed_zero_only,partial_observation_not_global_validity
LEAP_OBSERVED_PARTIAL,Liquefaction coal to oil,Geothermal,,,0,0,0,observed_zero_only,partial_observation_not_global_validity
LEAP_OBSERVED_PARTIAL,Liquefaction coal to oil,Heat,,,0,0,0,observed_zero_only,partial_observation_not_global_validity
LEAP_OBSERVED_PARTIAL,Liquefaction coal to oil,Hydro,,,0,0,0,observed_zero_only,partial_observation_not_global_validity
LEAP_OBSERVED_PARTIAL,Liquefaction coal to oil,Hydrogen,,,0,0,0,observed_zero_only,partial_observation_not_global_validity
LEAP_OBSERVED_PARTIAL,Liquefaction coal to oil,Industrial waste,,,0,0,0,observed_zero_only,partial_observation_not_global_validity
LEAP_OBSERVED_PARTIAL,Liquefaction coal to oil,Kerosene,,,0,0,0,observed_zero_only,partial_observation_not_global_validity
LEAP_OBSERVED_PARTIAL,Liquefaction coal to oil,Kerosene type jet fuel,,,0,0,0,observed_zero_only,partial_observation_not_global_validity
LEAP_OBSERVED_PARTIAL,Liquefaction coal to oil,LNG,,,0,0,0,observed_zero_only,partial_observation_not_global_validity
LEAP_OBSERVED_PARTIAL,Liquefaction coal to oil,LPG,,,0,0,0,observed_zero_only,partial_observation_not_global_validity
LEAP_OBSERVED_PARTIAL,Liquefaction coal to oil,Lignite,,,0,0,0,observed_zero_only,partial_observation_not_global_validity
LEAP_OBSERVED_PARTIAL,Liquefaction coal to oil,Lubricants,,,0,0,0,observed_zero_only,partial_observation_not_global_validity
LEAP_OBSERVED_PARTIAL,Liquefaction coal to oil,Motor gasoline,,,0,0,0,observed_zero_only,partial_observation_not_global_validity
LEAP_OBSERVED_PARTIAL,Liquefaction coal to oil,Municipal solid waste non renewable,,,0,0,0,observed_zero_only,partial_observation_not_global_validity
LEAP_OBSERVED_PARTIAL,Liquefaction coal to oil,Municipal solid waste renewable,,,0,0,0,observed_zero_only,partial_observation_not_global_validity
LEAP_OBSERVED_PARTIAL,Liquefaction coal to oil,Naphtha,,,0,0,0,observed_zero_only,partial_observation_not_global_validity
LEAP_OBSERVED_PARTIAL,Liquefaction coal to oil,Natural gas,,,0,0,0,observed_zero_only,partial_observation_not_global_validity
LEAP_OBSERVED_PARTIAL,Liquefaction coal to oil,Natural gas liquids,,,0,0,0,observed_zero_only,partial_observation_not_global_validity
LEAP_OBSERVED_PARTIAL,Liquefaction coal to oil,Nuclear,,,0,0,0,observed_zero_only,partial_observation_not_global_validity
LEAP_OBSERVED_PARTIAL,Liquefaction coal to oil,Other biomass,,,0,0,0,observed_zero_only,partial_observation_not_global_validity
LEAP_OBSERVED_PARTIAL,Liquefaction coal to oil,Other bituminous coal,,,0,0,0,observed_zero_only,partial_observation_not_global_validity
LEAP_OBSERVED_PARTIAL,Liquefaction coal to oil,Other hydrocarbons,,,0,0,0,observed_zero_only,partial_observation_not_global_validity
LEAP_OBSERVED_PARTIAL,Liquefaction coal to oil,Other liquid biofuels,,,0,0,0,observed_zero_only,partial_observation_not_global_validity
LEAP_OBSERVED_PARTIAL,Liquefaction coal to oil,Other products,,,0,0,0,observed_zero_only,partial_observation_not_global_validity
LEAP_OBSERVED_PARTIAL,Liquefaction coal to oil,Other recovered gases,,,0,0,0,observed_zero_only,partial_observation_not_global_validity
LEAP_OBSERVED_PARTIAL,Liquefaction coal to oil,Other sources,,,0,0,0,observed_zero_only,partial_observation_not_global_validity
LEAP_OBSERVED_PARTIAL,Liquefaction coal to oil,Paraffin waxes,,,0,0,0,observed_zero_only,partial_observation_not_global_validity
LEAP_OBSERVED_PARTIAL,Liquefaction coal to oil,Patent fuel,,,0,0,0,observed_zero_only,partial_observation_not_global_validity
LEAP_OBSERVED_PARTIAL,Liquefaction coal to oil,Petroleum coke,,,0,0,0,observed_zero_only,partial_observation_not_global_validity
LEAP_OBSERVED_PARTIAL,Liquefaction coal to oil,Refinery feedstocks,,,0,0,0,observed_zero_only,partial_observation_not_global_validity
LEAP_OBSERVED_PARTIAL,Liquefaction coal to oil,Refinery gas not liquefied,,,0,0,0,observed_zero_only,partial_observation_not_global_validity
LEAP_OBSERVED_PARTIAL,Liquefaction coal to oil,Solar nonspecified,,,0,0,0,observed_zero_only,partial_observation_not_global_validity
LEAP_OBSERVED_PARTIAL,Liquefaction coal to oil,Solar photovoltaics,,,0,0,0,observed_zero_only,partial_observation_not_global_validity
LEAP_OBSERVED_PARTIAL,Liquefaction coal to oil,Sub bituminous coal,,,0,0,0,observed_zero_only,partial_observation_not_global_validity
LEAP_OBSERVED_PARTIAL,Liquefaction coal to oil,White spirit SBP,,,0,0,0,observed_zero_only,partial_observation_not_global_validity
LEAP_OBSERVED_PARTIAL,Liquefaction coal to oil,Wind,,,0,0,0,observed_zero_only,partial_observation_not_global_validity
LEAP_OBSERVED_PARTIAL,Liquefaction coal to oil/Liquefaction coal to oil,AUTO BALANCE,,,0,0,0,observed_zero_only,partial_observation_not_global_validity
LEAP_OBSERVED_PARTIAL,Liquefaction coal to oil/Liquefaction coal to oil,Additives and oxygenates,,,0,0,0,observed_zero_only,partial_observation_not_global_validity
LEAP_OBSERVED_PARTIAL,Liquefaction coal to oil/Liquefaction coal to oil,Ammonia,,,0,0,0,observed_zero_only,partial_observation_not_global_validity
LEAP_OBSERVED_PARTIAL,Liquefaction coal to oil/Liquefaction coal to oil,Anthracite,,,0,0,0,observed_zero_only,partial_observation_not_global_validity
LEAP_OBSERVED_PARTIAL,Liquefaction coal to oil/Liquefaction coal to oil,Aviation gasoline,,,0,0,0,observed_zero_only,partial_observation_not_global_validity
LEAP_OBSERVED_PARTIAL,Liquefaction coal to oil/Liquefaction coal to oil,BKB and PB,,,0,0,0,observed_zero_only,partial_observation_not_global_validity
LEAP_OBSERVED_PARTIAL,Liquefaction coal to oil/Liquefaction coal to oil,Bagasse,,,0,0,0,observed_zero_only,partial_observation_not_global_validity
LEAP_OBSERVED_PARTIAL,Liquefaction coal to oil/Liquefaction coal to oil,Bio jet kerosene,,,0,0,0,observed_zero_only,partial_observation_not_global_validity
LEAP_OBSERVED_PARTIAL,Liquefaction coal to oil/Liquefaction coal to oil,Biodiesel,,,0,0,0,observed_zero_only,partial_observation_not_global_validity
LEAP_OBSERVED_PARTIAL,Liquefaction coal to oil/Liquefaction coal to oil,Biogas,,,0,0,0,observed_zero_only,partial_observation_not_global_validity
LEAP_OBSERVED_PARTIAL,Liquefaction coal to oil/Liquefaction coal to oil,Biogasoline,,,0,0,0,observed_zero_only,partial_observation_not_global_validity
LEAP_OBSERVED_PARTIAL,Liquefaction coal to oil/Liquefaction coal to oil,Bitumen,,,0,0,0,observed_zero_only,partial_observation_not_global_validity
LEAP_OBSERVED_PARTIAL,Liquefaction coal to oil/Liquefaction coal to oil,Black liquor,,,0,0,0,observed_zero_only,partial_observation_not_global_validity
LEAP_OBSERVED_PARTIAL,Liquefaction coal to oil/Liquefaction coal to oil,Blast furnace gas,,,0,0,0,observed_zero_only,partial_observation_not_global_validity
LEAP_OBSERVED_PARTIAL,Liquefaction coal to oil/Liquefaction coal to oil,Charcoal,,,0,0,0,observed_zero_only,partial_observation_not_global_validity
LEAP_OBSERVED_PARTIAL,Liquefaction coal to oil/Liquefaction coal to oil,Coal tar,,,0,0,0,observed_zero_only,partial_observation_not_global_validity
LEAP_OBSERVED_PARTIAL,Liquefaction coal to oil/Liquefaction coal to oil,Coke oven coke,,,0,0,0,observed_zero_only,partial_observation_not_global_validity
LEAP_OBSERVED_PARTIAL,Liquefaction coal to oil/Liquefaction coal to oil,Coke oven gas,,,0,0,0,observed_zero_only,partial_observation_not_global_validity
LEAP_OBSERVED_PARTIAL,Liquefaction coal to oil/Liquefaction coal to oil,Coking coal,,,0,0,0,observed_zero_only,partial_observation_not_global_validity
LEAP_OBSERVED_PARTIAL,Liquefaction coal to oil/Liquefaction coal to oil,Crude oil,,,0,0,0,observed_zero_only,partial_observation_not_global_validity
LEAP_OBSERVED_PARTIAL,Liquefaction coal to oil/Liquefaction coal to oil,Efuel,,,0,0,0,observed_zero_only,partial_observation_not_global_validity
LEAP_OBSERVED_PARTIAL,Liquefaction coal to oil/Liquefaction coal to oil,Electricity,,,0,0,0,observed_zero_only,partial_observation_not_global_validity
LEAP_OBSERVED_PARTIAL,Liquefaction coal to oil/Liquefaction coal to oil,Electricity for hydrogen,,,0,0,0,observed_zero_only,partial_observation_not_global_validity
LEAP_OBSERVED_PARTIAL,Liquefaction coal to oil/Liquefaction coal to oil,Ethane,,,0,0,0,observed_zero_only,partial_observation_not_global_validity
LEAP_OBSERVED_PARTIAL,Liquefaction coal to oil/Liquefaction coal to oil,Fuel oil,,,0,0,0,observed_zero_only,partial_observation_not_global_validity
LEAP_OBSERVED_PARTIAL,Liquefaction coal to oil/Liquefaction coal to oil,Fuelwood and woodwaste,,,0,0,0,observed_zero_only,partial_observation_not_global_validity
LEAP_OBSERVED_PARTIAL,Liquefaction coal to oil/Liquefaction coal to oil,Gas and diesel oil,,,0,0,0,observed_zero_only,partial_observation_not_global_validity
LEAP_OBSERVED_PARTIAL,Liquefaction coal to oil/Liquefaction coal to oil,Gas nonspecified,,,0,0,0,observed_zero_only,partial_observation_not_global_validity
LEAP_OBSERVED_PARTIAL,Liquefaction coal to oil/Liquefaction coal to oil,Gas works gas,,,0,0,0,observed_zero_only,partial_observation_not_global_validity
LEAP_OBSERVED_PARTIAL,Liquefaction coal to oil/Liquefaction coal to oil,Gasoline type jet fuel,,,0,0,0,observed_zero_only,partial_observation_not_global_validity
LEAP_OBSERVED_PARTIAL,Liquefaction coal to oil/Liquefaction coal to oil,Geothermal,,,0,0,0,observed_zero_only,partial_observation_not_global_validity
LEAP_OBSERVED_PARTIAL,Liquefaction coal to oil/Liquefaction coal to oil,Heat,,,0,0,0,observed_zero_only,partial_observation_not_global_validity
LEAP_OBSERVED_PARTIAL,Liquefaction coal to oil/Liquefaction coal to oil,Hydro,,,0,0,0,observed_zero_only,partial_observation_not_global_validity
LEAP_OBSERVED_PARTIAL,Liquefaction coal to oil/Liquefaction coal to oil,Hydrogen,,,0,0,0,observed_zero_only,partial_observation_not_global_validity
LEAP_OBSERVED_PARTIAL,Liquefaction coal to oil/Liquefaction coal to oil,Industrial waste,,,0,0,0,observed_zero_only,partial_observation_not_global_validity
LEAP_OBSERVED_PARTIAL,Liquefaction coal to oil/Liquefaction coal to oil,Kerosene,,,0,0,0,observed_zero_only,partial_observation_not_global_validity
LEAP_OBSERVED_PARTIAL,Liquefaction coal to oil/Liquefaction coal to oil,Kerosene type jet fuel,,,0,0,0,observed_zero_only,partial_observation_not_global_validity
LEAP_OBSERVED_PARTIAL,Liquefaction coal to oil/Liquefaction coal to oil,LNG,,,0,0,0,observed_zero_only,partial_observation_not_global_validity
LEAP_OBSERVED_PARTIAL,Liquefaction coal to oil/Liquefaction coal to oil,LPG,,,0,0,0,observed_zero_only,partial_observation_not_global_validity
LEAP_OBSERVED_PARTIAL,Liquefaction coal to oil/Liquefaction coal to oil,Lignite,,,0,0,0,observed_zero_only,partial_observation_not_global_validity
LEAP_OBSERVED_PARTIAL,Liquefaction coal to oil/Liquefaction coal to oil,Lubricants,,,0,0,0,observed_zero_only,partial_observation_not_global_validity
LEAP_OBSERVED_PARTIAL,Liquefaction coal to oil/Liquefaction coal to oil,Motor gasoline,,,0,0,0,observed_zero_only,partial_observation_not_global_validity
LEAP_OBSERVED_PARTIAL,Liquefaction coal to oil/Liquefaction coal to oil,Municipal solid waste non renewable,,,0,0,0,observed_zero_only,partial_observation_not_global_validity
LEAP_OBSERVED_PARTIAL,Liquefaction coal to oil/Liquefaction coal to oil,Municipal solid waste renewable,,,0,0,0,observed_zero_only,partial_observation_not_global_validity
LEAP_OBSERVED_PARTIAL,Liquefaction coal to oil/Liquefaction coal to oil,Naphtha,,,0,0,0,observed_zero_only,partial_observation_not_global_validity
LEAP_OBSERVED_PARTIAL,Liquefaction coal to oil/Liquefaction coal to oil,Natural gas,,,0,0,0,observed_zero_only,partial_observation_not_global_validity
LEAP_OBSERVED_PARTIAL,Liquefaction coal to oil/Liquefaction coal to oil,Natural gas liquids,,,0,0,0,observed_zero_only,partial_observation_not_global_validity
LEAP_OBSERVED_PARTIAL,Liquefaction coal to oil/Liquefaction coal to oil,Nuclear,,,0,0,0,observed_zero_only,partial_observation_not_global_validity
LEAP_OBSERVED_PARTIAL,Liquefaction coal to oil/Liquefaction coal to oil,Other biomass,,,0,0,0,observed_zero_only,partial_observation_not_global_validity
LEAP_OBSERVED_PARTIAL,Liquefaction coal to oil/Liquefaction coal to oil,Other bituminous coal,,,0,0,0,observed_zero_only,partial_observation_not_global_validity
LEAP_OBSERVED_PARTIAL,Liquefaction coal to oil/Liquefaction coal to oil,Other hydrocarbons,,,0,0,0,observed_zero_only,partial_observation_not_global_validity
LEAP_OBSERVED_PARTIAL,Liquefaction coal to oil/Liquefaction coal to oil,Other liquid biofuels,,,0,0,0,observed_zero_only,partial_observation_not_global_validity
LEAP_OBSERVED_PARTIAL,Liquefaction coal to oil/Liquefaction coal to oil,Other products,,,0,0,0,observed_zero_only,partial_observation_not_global_validity
LEAP_OBSERVED_PARTIAL,Liquefaction coal to oil/Liquefaction coal to oil,Other recovered gases,,,0,0,0,observed_zero_only,partial_observation_not_global_validity
LEAP_OBSERVED_PARTIAL,Liquefaction coal to oil/Liquefaction coal to oil,Other sources,,,0,0,0,observed_zero_only,partial_observation_not_global_validity
LEAP_OBSERVED_PARTIAL,Liquefaction coal to oil/Liquefaction coal to oil,Paraffin waxes,,,0,0,0,observed_zero_only,partial_observation_not_global_validity
LEAP_OBSERVED_PARTIAL,Liquefaction coal to oil/Liquefaction coal to oil,Patent fuel,,,0,0,0,observed_zero_only,partial_observation_not_global_validity
LEAP_OBSERVED_PARTIAL,Liquefaction coal to oil/Liquefaction coal to oil,Petroleum coke,,,0,0,0,observed_zero_only,partial_observation_not_global_validity
LEAP_OBSERVED_PARTIAL,Liquefaction coal to oil/Liquefaction coal to oil,Refinery feedstocks,,,0,0,0,observed_zero_only,partial_observation_not_global_validity
LEAP_OBSERVED_PARTIAL,Liquefaction coal to oil/Liquefaction coal to oil,Refinery gas not liquefied,,,0,0,0,observed_zero_only,partial_observation_not_global_validity
LEAP_OBSERVED_PARTIAL,Liquefaction coal to oil/Liquefaction coal to oil,Solar nonspecified,,,0,0,0,observed_zero_only,partial_observation_not_global_validity
LEAP_OBSERVED_PARTIAL,Liquefaction coal to oil/Liquefaction coal to oil,Solar photovoltaics,,,0,0,0,observed_zero_only,partial_observation_not_global_validity
LEAP_OBSERVED_PARTIAL,Liquefaction coal to oil/Liquefaction coal to oil,Sub bituminous coal,,,0,0,0,observed_zero_only,partial_observation_not_global_validity
LEAP_OBSERVED_PARTIAL,Liquefaction coal to oil/Liquefaction coal to oil,White spirit SBP,,,0,0,0,observed_zero_only,partial_observation_not_global_validity
LEAP_OBSERVED_PARTIAL,Liquefaction coal to oil/Liquefaction coal to oil,Wind,,,0,0,0,observed_zero_only,partial_observation_not_global_validity
LEAP_OBSERVED_PARTIAL,NG Liquefaction,AUTO BALANCE,,,0,0,0,observed_zero_only,partial_observation_not_global_validity
LEAP_OBSERVED_PARTIAL,NG Liquefaction,Additives and oxygenates,,,0,0,0,observed_zero_only,partial_observation_not_global_validity
LEAP_OBSERVED_PARTIAL,NG Liquefaction,Ammonia,,,0,0,0,observed_zero_only,partial_observation_not_global_validity
LEAP_OBSERVED_PARTIAL,NG Liquefaction,Anthracite,,,0,0,0,observed_zero_only,partial_observation_not_global_validity
LEAP_OBSERVED_PARTIAL,NG Liquefaction,Aviation gasoline,,,0,0,0,observed_zero_only,partial_observation_not_global_validity
LEAP_OBSERVED_PARTIAL,NG Liquefaction,BKB and PB,,,0,0,0,observed_zero_only,partial_observation_not_global_validity
LEAP_OBSERVED_PARTIAL,NG Liquefaction,Bagasse,,,0,0,0,observed_zero_only,partial_observation_not_global_validity
LEAP_OBSERVED_PARTIAL,NG Liquefaction,Bio jet kerosene,,,0,0,0,observed_zero_only,partial_observation_not_global_validity
LEAP_OBSERVED_PARTIAL,NG Liquefaction,Biodiesel,,,0,0,0,observed_zero_only,partial_observation_not_global_validity
LEAP_OBSERVED_PARTIAL,NG Liquefaction,Biogas,,,0,0,0,observed_zero_only,partial_observation_not_global_validity
LEAP_OBSERVED_PARTIAL,NG Liquefaction,Biogasoline,,,0,0,0,observed_zero_only,partial_observation_not_global_validity
LEAP_OBSERVED_PARTIAL,NG Liquefaction,Bitumen,,,0,0,0,observed_zero_only,partial_observation_not_global_validity
LEAP_OBSERVED_PARTIAL,NG Liquefaction,Black liquor,,,0,0,0,observed_zero_only,partial_observation_not_global_validity
LEAP_OBSERVED_PARTIAL,NG Liquefaction,Blast furnace gas,,,0,0,0,observed_zero_only,partial_observation_not_global_validity
LEAP_OBSERVED_PARTIAL,NG Liquefaction,Charcoal,,,0,0,0,observed_zero_only,partial_observation_not_global_validity
LEAP_OBSERVED_PARTIAL,NG Liquefaction,Coal tar,,,0,0,0,observed_zero_only,partial_observation_not_global_validity
LEAP_OBSERVED_PARTIAL,NG Liquefaction,Coke oven coke,,,0,0,0,observed_zero_only,partial_observation_not_global_validity
LEAP_OBSERVED_PARTIAL,NG Liquefaction,Coke oven gas,,,0,0,0,observed_zero_only,partial_observation_not_global_validity
LEAP_OBSERVED_PARTIAL,NG Liquefaction,Coking coal,,,0,0,0,observed_zero_only,partial_observation_not_global_validity
LEAP_OBSERVED_PARTIAL,NG Liquefaction,Crude oil,,,0,0,0,observed_zero_only,partial_observation_not_global_validity
LEAP_OBSERVED_PARTIAL,NG Liquefaction,Efuel,,,0,0,0,observed_zero_only,partial_observation_not_global_validity
LEAP_OBSERVED_PARTIAL,NG Liquefaction,Electricity,,,0,0,0,observed_zero_only,partial_observation_not_global_validity
LEAP_OBSERVED_PARTIAL,NG Liquefaction,Electricity for hydrogen,,,0,0,0,observed_zero_only,partial_observation_not_global_validity
LEAP_OBSERVED_PARTIAL,NG Liquefaction,Ethane,,,0,0,0,observed_zero_only,partial_observation_not_global_validity
LEAP_OBSERVED_PARTIAL,NG Liquefaction,Fuel oil,,,0,0,0,observed_zero_only,partial_observation_not_global_validity
LEAP_OBSERVED_PARTIAL,NG Liquefaction,Fuelwood and woodwaste,,,0,0,0,observed_zero_only,partial_observation_not_global_validity
LEAP_OBSERVED_PARTIAL,NG Liquefaction,Gas and diesel oil,,,0,0,0,observed_zero_only,partial_observation_not_global_validity
LEAP_OBSERVED_PARTIAL,NG Liquefaction,Gas nonspecified,,,0,0,0,observed_zero_only,partial_observation_not_global_validity
LEAP_OBSERVED_PARTIAL,NG Liquefaction,Gas works gas,,,0,0,0,observed_zero_only,partial_observation_not_global_validity
LEAP_OBSERVED_PARTIAL,NG Liquefaction,Gasoline type jet fuel,,,0,0,0,observed_zero_only,partial_observation_not_global_validity
LEAP_OBSERVED_PARTIAL,NG Liquefaction,Geothermal,,,0,0,0,observed_zero_only,partial_observation_not_global_validity
LEAP_OBSERVED_PARTIAL,NG Liquefaction,Heat,,,0,0,0,observed_zero_only,partial_observation_not_global_validity
LEAP_OBSERVED_PARTIAL,NG Liquefaction,Hydro,,,0,0,0,observed_zero_only,partial_observation_not_global_validity
LEAP_OBSERVED_PARTIAL,NG Liquefaction,Hydrogen,,,0,0,0,observed_zero_only,partial_observation_not_global_validity
LEAP_OBSERVED_PARTIAL,NG Liquefaction,Industrial waste,,,0,0,0,observed_zero_only,partial_observation_not_global_validity
LEAP_OBSERVED_PARTIAL,NG Liquefaction,Kerosene,,,0,0,0,observed_zero_only,partial_observation_not_global_validity
LEAP_OBSERVED_PARTIAL,NG Liquefaction,Kerosene type jet fuel,,,0,0,0,observed_zero_only,partial_observation_not_global_validity
LEAP_OBSERVED_PARTIAL,NG Liquefaction,LNG,2022,2060,4,39,200,observed_data_valid,partial_observation_not_global_validity
LEAP_OBSERVED_PARTIAL,NG Liquefaction,LPG,,,0,0,0,observed_zero_only,partial_observation_not_global_validity
LEAP_OBSERVED_PARTIAL,NG Liquefaction,Lignite,,,0,0,0,observed_zero_only,partial_observation_not_global_validity
LEAP_OBSERVED_PARTIAL,NG Liquefaction,Lubricants,,,0,0,0,observed_zero_only,partial_observation_not_global_validity
LEAP_OBSERVED_PARTIAL,NG Liquefaction,Motor gasoline,,,0,0,0,observed_zero_only,partial_observation_not_global_validity
LEAP_OBSERVED_PARTIAL,NG Liquefaction,Municipal solid waste non renewable,,,0,0,0,observed_zero_only,partial_observation_not_global_validity
LEAP_OBSERVED_PARTIAL,NG Liquefaction,Municipal solid waste renewable,,,0,0,0,observed_zero_only,partial_observation_not_global_validity
LEAP_OBSERVED_PARTIAL,NG Liquefaction,Naphtha,,,0,0,0,observed_zero_only,partial_observation_not_global_validity
LEAP_OBSERVED_PARTIAL,NG Liquefaction,Natural gas,2022,2060,4,39,200,observed_data_valid,partial_observation_not_global_validity
LEAP_OBSERVED_PARTIAL,NG Liquefaction,Natural gas liquids,,,0,0,0,observed_zero_only,partial_observation_not_global_validity
LEAP_OBSERVED_PARTIAL,NG Liquefaction,Nuclear,,,0,0,0,observed_zero_only,partial_observation_not_global_validity
LEAP_OBSERVED_PARTIAL,NG Liquefaction,Other biomass,,,0,0,0,observed_zero_only,partial_observation_not_global_validity
LEAP_OBSERVED_PARTIAL,NG Liquefaction,Other bituminous coal,,,0,0,0,observed_zero_only,partial_observation_not_global_validity
LEAP_OBSERVED_PARTIAL,NG Liquefaction,Other hydrocarbons,,,0,0,0,observed_zero_only,partial_observation_not_global_validity
LEAP_OBSERVED_PARTIAL,NG Liquefaction,Other liquid biofuels,,,0,0,0,observed_zero_only,partial_observation_not_global_validity
LEAP_OBSERVED_PARTIAL,NG Liquefaction,Other products,,,0,0,0,observed_zero_only,partial_observation_not_global_validity
LEAP_OBSERVED_PARTIAL,NG Liquefaction,Other recovered gases,,,0,0,0,observed_zero_only,partial_observation_not_global_validity
LEAP_OBSERVED_PARTIAL,NG Liquefaction,Other sources,,,0,0,0,observed_zero_only,partial_observation_not_global_validity
LEAP_OBSERVED_PARTIAL,NG Liquefaction,Paraffin waxes,,,0,0,0,observed_zero_only,partial_observation_not_global_validity
LEAP_OBSERVED_PARTIAL,NG Liquefaction,Patent fuel,,,0,0,0,observed_zero_only,partial_observation_not_global_validity
LEAP_OBSERVED_PARTIAL,NG Liquefaction,Petroleum coke,,,0,0,0,observed_zero_only,partial_observation_not_global_validity
LEAP_OBSERVED_PARTIAL,NG Liquefaction,Refinery feedstocks,,,0,0,0,observed_zero_only,partial_observation_not_global_validity
LEAP_OBSERVED_PARTIAL,NG Liquefaction,Refinery gas not liquefied,,,0,0,0,observed_zero_only,partial_observation_not_global_validity
LEAP_OBSERVED_PARTIAL,NG Liquefaction,Solar nonspecified,,,0,0,0,observed_zero_only,partial_observation_not_global_validity
LEAP_OBSERVED_PARTIAL,NG Liquefaction,Solar photovoltaics,,,0,0,0,observed_zero_only,partial_observation_not_global_validity
LEAP_OBSERVED_PARTIAL,NG Liquefaction,Sub bituminous coal,,,0,0,0,observed_zero_only,partial_observation_not_global_validity
LEAP_OBSERVED_PARTIAL,NG Liquefaction,White spirit SBP,,,0,0,0,observed_zero_only,partial_observation_not_global_validity
LEAP_OBSERVED_PARTIAL,NG Liquefaction,Wind,,,0,0,0,observed_zero_only,partial_observation_not_global_validity
LEAP_OBSERVED_PARTIAL,NG Liquefaction/Liquefaction,AUTO BALANCE,,,0,0,0,observed_zero_only,partial_observation_not_global_validity
LEAP_OBSERVED_PARTIAL,NG Liquefaction/Liquefaction,Additives and oxygenates,,,0,0,0,observed_zero_only,partial_observation_not_global_validity
LEAP_OBSERVED_PARTIAL,NG Liquefaction/Liquefaction,Ammonia,,,0,0,0,observed_zero_only,partial_observation_not_global_validity
LEAP_OBSERVED_PARTIAL,NG Liquefaction/Liquefaction,Anthracite,,,0,0,0,observed_zero_only,partial_observation_not_global_validity
LEAP_OBSERVED_PARTIAL,NG Liquefaction/Liquefaction,Aviation gasoline,,,0,0,0,observed_zero_only,partial_observation_not_global_validity
LEAP_OBSERVED_PARTIAL,NG Liquefaction/Liquefaction,BKB and PB,,,0,0,0,observed_zero_only,partial_observation_not_global_validity
LEAP_OBSERVED_PARTIAL,NG Liquefaction/Liquefaction,Bagasse,,,0,0,0,observed_zero_only,partial_observation_not_global_validity
LEAP_OBSERVED_PARTIAL,NG Liquefaction/Liquefaction,Bio jet kerosene,,,0,0,0,observed_zero_only,partial_observation_not_global_validity
LEAP_OBSERVED_PARTIAL,NG Liquefaction/Liquefaction,Biodiesel,,,0,0,0,observed_zero_only,partial_observation_not_global_validity
LEAP_OBSERVED_PARTIAL,NG Liquefaction/Liquefaction,Biogas,,,0,0,0,observed_zero_only,partial_observation_not_global_validity
LEAP_OBSERVED_PARTIAL,NG Liquefaction/Liquefaction,Biogasoline,,,0,0,0,observed_zero_only,partial_observation_not_global_validity
LEAP_OBSERVED_PARTIAL,NG Liquefaction/Liquefaction,Bitumen,,,0,0,0,observed_zero_only,partial_observation_not_global_validity
LEAP_OBSERVED_PARTIAL,NG Liquefaction/Liquefaction,Black liquor,,,0,0,0,observed_zero_only,partial_observation_not_global_validity
LEAP_OBSERVED_PARTIAL,NG Liquefaction/Liquefaction,Blast furnace gas,,,0,0,0,observed_zero_only,partial_observation_not_global_validity
LEAP_OBSERVED_PARTIAL,NG Liquefaction/Liquefaction,Charcoal,,,0,0,0,observed_zero_only,partial_observation_not_global_validity
LEAP_OBSERVED_PARTIAL,NG Liquefaction/Liquefaction,Coal tar,,,0,0,0,observed_zero_only,partial_observation_not_global_validity
LEAP_OBSERVED_PARTIAL,NG Liquefaction/Liquefaction,Coke oven coke,,,0,0,0,observed_zero_only,partial_observation_not_global_validity
LEAP_OBSERVED_PARTIAL,NG Liquefaction/Liquefaction,Coke oven gas,,,0,0,0,observed_zero_only,partial_observation_not_global_validity
LEAP_OBSERVED_PARTIAL,NG Liquefaction/Liquefaction,Coking coal,,,0,0,0,observed_zero_only,partial_observation_not_global_validity
LEAP_OBSERVED_PARTIAL,NG Liquefaction/Liquefaction,Crude oil,,,0,0,0,observed_zero_only,partial_observation_not_global_validity
LEAP_OBSERVED_PARTIAL,NG Liquefaction/Liquefaction,Efuel,,,0,0,0,observed_zero_only,partial_observation_not_global_validity
LEAP_OBSERVED_PARTIAL,NG Liquefaction/Liquefaction,Electricity,,,0,0,0,observed_zero_only,partial_observation_not_global_validity
LEAP_OBSERVED_PARTIAL,NG Liquefaction/Liquefaction,Electricity for hydrogen,,,0,0,0,observed_zero_only,partial_observation_not_global_validity
LEAP_OBSERVED_PARTIAL,NG Liquefaction/Liquefaction,Ethane,,,0,0,0,observed_zero_only,partial_observation_not_global_validity
LEAP_OBSERVED_PARTIAL,NG Liquefaction/Liquefaction,Fuel oil,,,0,0,0,observed_zero_only,partial_observation_not_global_validity
LEAP_OBSERVED_PARTIAL,NG Liquefaction/Liquefaction,Fuelwood and woodwaste,,,0,0,0,observed_zero_only,partial_observation_not_global_validity
LEAP_OBSERVED_PARTIAL,NG Liquefaction/Liquefaction,Gas and diesel oil,,,0,0,0,observed_zero_only,partial_observation_not_global_validity
LEAP_OBSERVED_PARTIAL,NG Liquefaction/Liquefaction,Gas nonspecified,,,0,0,0,observed_zero_only,partial_observation_not_global_validity
LEAP_OBSERVED_PARTIAL,NG Liquefaction/Liquefaction,Gas works gas,,,0,0,0,observed_zero_only,partial_observation_not_global_validity
LEAP_OBSERVED_PARTIAL,NG Liquefaction/Liquefaction,Gasoline type jet fuel,,,0,0,0,observed_zero_only,partial_observation_not_global_validity
LEAP_OBSERVED_PARTIAL,NG Liquefaction/Liquefaction,Geothermal,,,0,0,0,observed_zero_only,partial_observation_not_global_validity
LEAP_OBSERVED_PARTIAL,NG Liquefaction/Liquefaction,Heat,,,0,0,0,observed_zero_only,partial_observation_not_global_validity
LEAP_OBSERVED_PARTIAL,NG Liquefaction/Liquefaction,Hydro,,,0,0,0,observed_zero_only,partial_observation_not_global_validity
LEAP_OBSERVED_PARTIAL,NG Liquefaction/Liquefaction,Hydrogen,,,0,0,0,observed_zero_only,partial_observation_not_global_validity
LEAP_OBSERVED_PARTIAL,NG Liquefaction/Liquefaction,Industrial waste,,,0,0,0,observed_zero_only,partial_observation_not_global_validity
LEAP_OBSERVED_PARTIAL,NG Liquefaction/Liquefaction,Kerosene,,,0,0,0,observed_zero_only,partial_observation_not_global_validity
LEAP_OBSERVED_PARTIAL,NG Liquefaction/Liquefaction,Kerosene type jet fuel,,,0,0,0,observed_zero_only,partial_observation_not_global_validity
LEAP_OBSERVED_PARTIAL,NG Liquefaction/Liquefaction,LNG,2022,2060,4,39,200,observed_data_valid,partial_observation_not_global_validity
LEAP_OBSERVED_PARTIAL,NG Liquefaction/Liquefaction,LPG,,,0,0,0,observed_zero_only,partial_observation_not_global_validity
LEAP_OBSERVED_PARTIAL,NG Liquefaction/Liquefaction,Lignite,,,0,0,0,observed_zero_only,partial_observation_not_global_validity
LEAP_OBSERVED_PARTIAL,NG Liquefaction/Liquefaction,Lubricants,,,0,0,0,observed_zero_only,partial_observation_not_global_validity
LEAP_OBSERVED_PARTIAL,NG Liquefaction/Liquefaction,Motor gasoline,,,0,0,0,observed_zero_only,partial_observation_not_global_validity
LEAP_OBSERVED_PARTIAL,NG Liquefaction/Liquefaction,Municipal solid waste non renewable,,,0,0,0,observed_zero_only,partial_observation_not_global_validity
LEAP_OBSERVED_PARTIAL,NG Liquefaction/Liquefaction,Municipal solid waste renewable,,,0,0,0,observed_zero_only,partial_observation_not_global_validity
LEAP_OBSERVED_PARTIAL,NG Liquefaction/Liquefaction,Naphtha,,,0,0,0,observed_zero_only,partial_observation_not_global_validity
LEAP_OBSERVED_PARTIAL,NG Liquefaction/Liquefaction,Natural gas,2022,2060,4,39,200,observed_data_valid,partial_observation_not_global_validity
LEAP_OBSERVED_PARTIAL,NG Liquefaction/Liquefaction,Natural gas liquids,,,0,0,0,observed_zero_only,partial_observation_not_global_validity
LEAP_OBSERVED_PARTIAL,NG Liquefaction/Liquefaction,Nuclear,,,0,0,0,observed_zero_only,partial_observation_not_global_validity
LEAP_OBSERVED_PARTIAL,NG Liquefaction/Liquefaction,Other biomass,,,0,0,0,observed_zero_only,partial_observation_not_global_validity
LEAP_OBSERVED_PARTIAL,NG Liquefaction/Liquefaction,Other bituminous coal,,,0,0,0,observed_zero_only,partial_observation_not_global_validity
LEAP_OBSERVED_PARTIAL,NG Liquefaction/Liquefaction,Other hydrocarbons,,,0,0,0,observed_zero_only,partial_observation_not_global_validity
LEAP_OBSERVED_PARTIAL,NG Liquefaction/Liquefaction,Other liquid biofuels,,,0,0,0,observed_zero_only,partial_observation_not_global_validity
LEAP_OBSERVED_PARTIAL,NG Liquefaction/Liquefaction,Other products,,,0,0,0,observed_zero_only,partial_observation_not_global_validity
LEAP_OBSERVED_PARTIAL,NG Liquefaction/Liquefaction,Other recovered gases,,,0,0,0,observed_zero_only,partial_observation_not_global_validity
LEAP_OBSERVED_PARTIAL,NG Liquefaction/Liquefaction,Other sources,,,0,0,0,observed_zero_only,partial_observation_not_global_validity
LEAP_OBSERVED_PARTIAL,NG Liquefaction/Liquefaction,Paraffin waxes,,,0,0,0,observed_zero_only,partial_observation_not_global_validity
LEAP_OBSERVED_PARTIAL,NG Liquefaction/Liquefaction,Patent fuel,,,0,0,0,observed_zero_only,partial_observation_not_global_validity
LEAP_OBSERVED_PARTIAL,NG Liquefaction/Liquefaction,Petroleum coke,,,0,0,0,observed_zero_only,partial_observation_not_global_validity
LEAP_OBSERVED_PARTIAL,NG Liquefaction/Liquefaction,Refinery feedstocks,,,0,0,0,observed_zero_only,partial_observation_not_global_validity
LEAP_OBSERVED_PARTIAL,NG Liquefaction/Liquefaction,Refinery gas not liquefied,,,0,0,0,observed_zero_only,partial_observation_not_global_validity
LEAP_OBSERVED_PARTIAL,NG Liquefaction/Liquefaction,Solar nonspecified,,,0,0,0,observed_zero_only,partial_observation_not_global_validity
LEAP_OBSERVED_PARTIAL,NG Liquefaction/Liquefaction,Solar photovoltaics,,,0,0,0,observed_zero_only,partial_observation_not_global_validity
LEAP_OBSERVED_PARTIAL,NG Liquefaction/Liquefaction,Sub bituminous coal,,,0,0,0,observed_zero_only,partial_observation_not_global_validity
LEAP_OBSERVED_PARTIAL,NG Liquefaction/Liquefaction,White spirit SBP,,,0,0,0,observed_zero_only,partial_observation_not_global_validity
LEAP_OBSERVED_PARTIAL,NG Liquefaction/Liquefaction,Wind,,,0,0,0,observed_zero_only,partial_observation_not_global_validity
LEAP_OBSERVED_PARTIAL,Natural gas blending plants,AUTO BALANCE,,,0,0,0,observed_zero_only,partial_observation_not_global_validity
LEAP_OBSERVED_PARTIAL,Natural gas blending plants,Additives and oxygenates,,,0,0,0,observed_zero_only,partial_observation_not_global_validity
LEAP_OBSERVED_PARTIAL,Natural gas blending plants,Ammonia,,,0,0,0,observed_zero_only,partial_observation_not_global_validity
LEAP_OBSERVED_PARTIAL,Natural gas blending plants,Anthracite,,,0,0,0,observed_zero_only,partial_observation_not_global_validity
LEAP_OBSERVED_PARTIAL,Natural gas blending plants,Aviation gasoline,,,0,0,0,observed_zero_only,partial_observation_not_global_validity
LEAP_OBSERVED_PARTIAL,Natural gas blending plants,BKB and PB,,,0,0,0,observed_zero_only,partial_observation_not_global_validity
LEAP_OBSERVED_PARTIAL,Natural gas blending plants,Bagasse,,,0,0,0,observed_zero_only,partial_observation_not_global_validity
LEAP_OBSERVED_PARTIAL,Natural gas blending plants,Bio jet kerosene,,,0,0,0,observed_zero_only,partial_observation_not_global_validity
LEAP_OBSERVED_PARTIAL,Natural gas blending plants,Biodiesel,,,0,0,0,observed_zero_only,partial_observation_not_global_validity
LEAP_OBSERVED_PARTIAL,Natural gas blending plants,Biogas,,,0,0,0,observed_zero_only,partial_observation_not_global_validity
LEAP_OBSERVED_PARTIAL,Natural gas blending plants,Biogasoline,,,0,0,0,observed_zero_only,partial_observation_not_global_validity
LEAP_OBSERVED_PARTIAL,Natural gas blending plants,Bitumen,,,0,0,0,observed_zero_only,partial_observation_not_global_validity
LEAP_OBSERVED_PARTIAL,Natural gas blending plants,Black liquor,,,0,0,0,observed_zero_only,partial_observation_not_global_validity
LEAP_OBSERVED_PARTIAL,Natural gas blending plants,Blast furnace gas,,,0,0,0,observed_zero_only,partial_observation_not_global_validity
LEAP_OBSERVED_PARTIAL,Natural gas blending plants,Charcoal,,,0,0,0,observed_zero_only,partial_observation_not_global_validity
LEAP_OBSERVED_PARTIAL,Natural gas blending plants,Coal tar,,,0,0,0,observed_zero_only,partial_observation_not_global_validity
LEAP_OBSERVED_PARTIAL,Natural gas blending plants,Coke oven coke,,,0,0,0,observed_zero_only,partial_observation_not_global_validity
LEAP_OBSERVED_PARTIAL,Natural gas blending plants,Coke oven gas,,,0,0,0,observed_zero_only,partial_observation_not_global_validity
LEAP_OBSERVED_PARTIAL,Natural gas blending plants,Coking coal,,,0,0,0,observed_zero_only,partial_observation_not_global_validity
LEAP_OBSERVED_PARTIAL,Natural gas blending plants,Crude oil,,,0,0,0,observed_zero_only,partial_observation_not_global_validity
LEAP_OBSERVED_PARTIAL,Natural gas blending plants,Efuel,,,0,0,0,observed_zero_only,partial_observation_not_global_validity
LEAP_OBSERVED_PARTIAL,Natural gas blending plants,Electricity,,,0,0,0,observed_zero_only,partial_observation_not_global_validity
LEAP_OBSERVED_PARTIAL,Natural gas blending plants,Electricity for hydrogen,,,0,0,0,observed_zero_only,partial_observation_not_global_validity
LEAP_OBSERVED_PARTIAL,Natural gas blending plants,Ethane,,,0,0,0,observed_zero_only,partial_observation_not_global_validity
LEAP_OBSERVED_PARTIAL,Natural gas blending plants,Fuel oil,,,0,0,0,observed_zero_only,partial_observation_not_global_validity
LEAP_OBSERVED_PARTIAL,Natural gas blending plants,Fuelwood and woodwaste,,,0,0,0,observed_zero_only,partial_observation_not_global_validity
LEAP_OBSERVED_PARTIAL,Natural gas blending plants,Gas and diesel oil,,,0,0,0,observed_zero_only,partial_observation_not_global_validity
LEAP_OBSERVED_PARTIAL,Natural gas blending plants,Gas nonspecified,,,0,0,0,observed_zero_only,partial_observation_not_global_validity
LEAP_OBSERVED_PARTIAL,Natural gas blending plants,Gas works gas,2022,2060,1,39,40,observed_data_valid,partial_observation_not_global_validity
LEAP_OBSERVED_PARTIAL,Natural gas blending plants,Gasoline type jet fuel,,,0,0,0,observed_zero_only,partial_observation_not_global_validity
LEAP_OBSERVED_PARTIAL,Natural gas blending plants,Geothermal,,,0,0,0,observed_zero_only,partial_observation_not_global_validity
LEAP_OBSERVED_PARTIAL,Natural gas blending plants,Heat,,,0,0,0,observed_zero_only,partial_observation_not_global_validity
LEAP_OBSERVED_PARTIAL,Natural gas blending plants,Hydro,,,0,0,0,observed_zero_only,partial_observation_not_global_validity
LEAP_OBSERVED_PARTIAL,Natural gas blending plants,Hydrogen,,,0,0,0,observed_zero_only,partial_observation_not_global_validity
LEAP_OBSERVED_PARTIAL,Natural gas blending plants,Industrial waste,,,0,0,0,observed_zero_only,partial_observation_not_global_validity
LEAP_OBSERVED_PARTIAL,Natural gas blending plants,Kerosene,,,0,0,0,observed_zero_only,partial_observation_not_global_validity
LEAP_OBSERVED_PARTIAL,Natural gas blending plants,Kerosene type jet fuel,,,0,0,0,observed_zero_only,partial_observation_not_global_validity
LEAP_OBSERVED_PARTIAL,Natural gas blending plants,LNG,,,0,0,0,observed_zero_only,partial_observation_not_global_validity
LEAP_OBSERVED_PARTIAL,Natural gas blending plants,LPG,,,0,0,0,observed_zero_only,partial_observation_not_global_validity
LEAP_OBSERVED_PARTIAL,Natural gas blending plants,Lignite,,,0,0,0,observed_zero_only,partial_observation_not_global_validity
LEAP_OBSERVED_PARTIAL,Natural gas blending plants,Lubricants,,,0,0,0,observed_zero_only,partial_observation_not_global_validity
LEAP_OBSERVED_PARTIAL,Natural gas blending plants,Motor gasoline,,,0,0,0,observed_zero_only,partial_observation_not_global_validity
LEAP_OBSERVED_PARTIAL,Natural gas blending plants,Municipal solid waste non renewable,,,0,0,0,observed_zero_only,partial_observation_not_global_validity
LEAP_OBSERVED_PARTIAL,Natural gas blending plants,Municipal solid waste renewable,,,0,0,0,observed_zero_only,partial_observation_not_global_validity
LEAP_OBSERVED_PARTIAL,Natural gas blending plants,Naphtha,,,0,0,0,observed_zero_only,partial_observation_not_global_validity
LEAP_OBSERVED_PARTIAL,Natural gas blending plants,Natural gas,2022,2060,1,39,40,observed_data_valid,partial_observation_not_global_validity
LEAP_OBSERVED_PARTIAL,Natural gas blending plants,Natural gas liquids,,,0,0,0,observed_zero_only,partial_observation_not_global_validity
LEAP_OBSERVED_PARTIAL,Natural gas blending plants,Nuclear,,,0,0,0,observed_zero_only,partial_observation_not_global_validity
LEAP_OBSERVED_PARTIAL,Natural gas blending plants,Other biomass,,,0,0,0,observed_zero_only,partial_observation_not_global_validity
LEAP_OBSERVED_PARTIAL,Natural gas blending plants,Other bituminous coal,,,0,0,0,observed_zero_only,partial_observation_not_global_validity
LEAP_OBSERVED_PARTIAL,Natural gas blending plants,Other hydrocarbons,,,0,0,0,observed_zero_only,partial_observation_not_global_validity
LEAP_OBSERVED_PARTIAL,Natural gas blending plants,Other liquid biofuels,,,0,0,0,observed_zero_only,partial_observation_not_global_validity
LEAP_OBSERVED_PARTIAL,Natural gas blending plants,Other products,,,0,0,0,observed_zero_only,partial_observation_not_global_validity
LEAP_OBSERVED_PARTIAL,Natural gas blending plants,Other recovered gases,,,0,0,0,observed_zero_only,partial_observation_not_global_validity
LEAP_OBSERVED_PARTIAL,Natural gas blending plants,Other sources,,,0,0,0,observed_zero_only,partial_observation_not_global_validity
LEAP_OBSERVED_PARTIAL,Natural gas blending plants,Paraffin waxes,,,0,0,0,observed_zero_only,partial_observation_not_global_validity
LEAP_OBSERVED_PARTIAL,Natural gas blending plants,Patent fuel,,,0,0,0,observed_zero_only,partial_observation_not_global_validity
LEAP_OBSERVED_PARTIAL,Natural gas blending plants,Petroleum coke,,,0,0,0,observed_zero_only,partial_observation_not_global_validity
LEAP_OBSERVED_PARTIAL,Natural gas blending plants,Refinery feedstocks,,,0,0,0,observed_zero_only,partial_observation_not_global_validity
LEAP_OBSERVED_PARTIAL,Natural gas blending plants,Refinery gas not liquefied,,,0,0,0,observed_zero_only,partial_observation_not_global_validity
LEAP_OBSERVED_PARTIAL,Natural gas blending plants,Solar nonspecified,,,0,0,0,observed_zero_only,partial_observation_not_global_validity
LEAP_OBSERVED_PARTIAL,Natural gas blending plants,Solar photovoltaics,,,0,0,0,observed_zero_only,partial_observation_not_global_validity
LEAP_OBSERVED_PARTIAL,Natural gas blending plants,Sub bituminous coal,,,0,0,0,observed_zero_only,partial_observation_not_global_validity
LEAP_OBSERVED_PARTIAL,Natural gas blending plants,White spirit SBP,,,0,0,0,observed_zero_only,partial_observation_not_global_validity
LEAP_OBSERVED_PARTIAL,Natural gas blending plants,Wind,,,0,0,0,observed_zero_only,partial_observation_not_global_validity
LEAP_OBSERVED_PARTIAL,Natural gas blending plants/Natural gas blending plants,AUTO BALANCE,,,0,0,0,observed_zero_only,partial_observation_not_global_validity
LEAP_OBSERVED_PARTIAL,Natural gas blending plants/Natural gas blending plants,Additives and oxygenates,,,0,0,0,observed_zero_only,partial_observation_not_global_validity
LEAP_OBSERVED_PARTIAL,Natural gas blending plants/Natural gas blending plants,Ammonia,,,0,0,0,observed_zero_only,partial_observation_not_global_validity
LEAP_OBSERVED_PARTIAL,Natural gas blending plants/Natural gas blending plants,Anthracite,,,0,0,0,observed_zero_only,partial_observation_not_global_validity
LEAP_OBSERVED_PARTIAL,Natural gas blending plants/Natural gas blending plants,Aviation gasoline,,,0,0,0,observed_zero_only,partial_observation_not_global_validity
LEAP_OBSERVED_PARTIAL,Natural gas blending plants/Natural gas blending plants,BKB and PB,,,0,0,0,observed_zero_only,partial_observation_not_global_validity
LEAP_OBSERVED_PARTIAL,Natural gas blending plants/Natural gas blending plants,Bagasse,,,0,0,0,observed_zero_only,partial_observation_not_global_validity
LEAP_OBSERVED_PARTIAL,Natural gas blending plants/Natural gas blending plants,Bio jet kerosene,,,0,0,0,observed_zero_only,partial_observation_not_global_validity
LEAP_OBSERVED_PARTIAL,Natural gas blending plants/Natural gas blending plants,Biodiesel,,,0,0,0,observed_zero_only,partial_observation_not_global_validity
LEAP_OBSERVED_PARTIAL,Natural gas blending plants/Natural gas blending plants,Biogas,,,0,0,0,observed_zero_only,partial_observation_not_global_validity
LEAP_OBSERVED_PARTIAL,Natural gas blending plants/Natural gas blending plants,Biogasoline,,,0,0,0,observed_zero_only,partial_observation_not_global_validity
LEAP_OBSERVED_PARTIAL,Natural gas blending plants/Natural gas blending plants,Bitumen,,,0,0,0,observed_zero_only,partial_observation_not_global_validity
LEAP_OBSERVED_PARTIAL,Natural gas blending plants/Natural gas blending plants,Black liquor,,,0,0,0,observed_zero_only,partial_observation_not_global_validity
LEAP_OBSERVED_PARTIAL,Natural gas blending plants/Natural gas blending plants,Blast furnace gas,,,0,0,0,observed_zero_only,partial_observation_not_global_validity
LEAP_OBSERVED_PARTIAL,Natural gas blending plants/Natural gas blending plants,Charcoal,,,0,0,0,observed_zero_only,partial_observation_not_global_validity
LEAP_OBSERVED_PARTIAL,Natural gas blending plants/Natural gas blending plants,Coal tar,,,0,0,0,observed_zero_only,partial_observation_not_global_validity
LEAP_OBSERVED_PARTIAL,Natural gas blending plants/Natural gas blending plants,Coke oven coke,,,0,0,0,observed_zero_only,partial_observation_not_global_validity
LEAP_OBSERVED_PARTIAL,Natural gas blending plants/Natural gas blending plants,Coke oven gas,,,0,0,0,observed_zero_only,partial_observation_not_global_validity
LEAP_OBSERVED_PARTIAL,Natural gas blending plants/Natural gas blending plants,Coking coal,,,0,0,0,observed_zero_only,partial_observation_not_global_validity
LEAP_OBSERVED_PARTIAL,Natural gas blending plants/Natural gas blending plants,Crude oil,,,0,0,0,observed_zero_only,partial_observation_not_global_validity
LEAP_OBSERVED_PARTIAL,Natural gas blending plants/Natural gas blending plants,Efuel,,,0,0,0,observed_zero_only,partial_observation_not_global_validity
LEAP_OBSERVED_PARTIAL,Natural gas blending plants/Natural gas blending plants,Electricity,,,0,0,0,observed_zero_only,partial_observation_not_global_validity
LEAP_OBSERVED_PARTIAL,Natural gas blending plants/Natural gas blending plants,Electricity for hydrogen,,,0,0,0,observed_zero_only,partial_observation_not_global_validity
LEAP_OBSERVED_PARTIAL,Natural gas blending plants/Natural gas blending plants,Ethane,,,0,0,0,observed_zero_only,partial_observation_not_global_validity
LEAP_OBSERVED_PARTIAL,Natural gas blending plants/Natural gas blending plants,Fuel oil,,,0,0,0,observed_zero_only,partial_observation_not_global_validity
LEAP_OBSERVED_PARTIAL,Natural gas blending plants/Natural gas blending plants,Fuelwood and woodwaste,,,0,0,0,observed_zero_only,partial_observation_not_global_validity
LEAP_OBSERVED_PARTIAL,Natural gas blending plants/Natural gas blending plants,Gas and diesel oil,,,0,0,0,observed_zero_only,partial_observation_not_global_validity
LEAP_OBSERVED_PARTIAL,Natural gas blending plants/Natural gas blending plants,Gas nonspecified,,,0,0,0,observed_zero_only,partial_observation_not_global_validity
LEAP_OBSERVED_PARTIAL,Natural gas blending plants/Natural gas blending plants,Gas works gas,2022,2060,1,39,40,observed_data_valid,partial_observation_not_global_validity
LEAP_OBSERVED_PARTIAL,Natural gas blending plants/Natural gas blending plants,Gasoline type jet fuel,,,0,0,0,observed_zero_only,partial_observation_not_global_validity
LEAP_OBSERVED_PARTIAL,Natural gas blending plants/Natural gas blending plants,Geothermal,,,0,0,0,observed_zero_only,partial_observation_not_global_validity
LEAP_OBSERVED_PARTIAL,Natural gas blending plants/Natural gas blending plants,Heat,,,0,0,0,observed_zero_only,partial_observation_not_global_validity
LEAP_OBSERVED_PARTIAL,Natural gas blending plants/Natural gas blending plants,Hydro,,,0,0,0,observed_zero_only,partial_observation_not_global_validity
LEAP_OBSERVED_PARTIAL,Natural gas blending plants/Natural gas blending plants,Hydrogen,,,0,0,0,observed_zero_only,partial_observation_not_global_validity
LEAP_OBSERVED_PARTIAL,Natural gas blending plants/Natural gas blending plants,Industrial waste,,,0,0,0,observed_zero_only,partial_observation_not_global_validity
LEAP_OBSERVED_PARTIAL,Natural gas blending plants/Natural gas blending plants,Kerosene,,,0,0,0,observed_zero_only,partial_observation_not_global_validity
LEAP_OBSERVED_PARTIAL,Natural gas blending plants/Natural gas blending plants,Kerosene type jet fuel,,,0,0,0,observed_zero_only,partial_observation_not_global_validity
LEAP_OBSERVED_PARTIAL,Natural gas blending plants/Natural gas blending plants,LNG,,,0,0,0,observed_zero_only,partial_observation_not_global_validity
LEAP_OBSERVED_PARTIAL,Natural gas blending plants/Natural gas blending plants,LPG,,,0,0,0,observed_zero_only,partial_observation_not_global_validity
LEAP_OBSERVED_PARTIAL,Natural gas blending plants/Natural gas blending plants,Lignite,,,0,0,0,observed_zero_only,partial_observation_not_global_validity
LEAP_OBSERVED_PARTIAL,Natural gas blending plants/Natural gas blending plants,Lubricants,,,0,0,0,observed_zero_only,partial_observation_not_global_validity
LEAP_OBSERVED_PARTIAL,Natural gas blending plants/Natural gas blending plants,Motor gasoline,,,0,0,0,observed_zero_only,partial_observation_not_global_validity
LEAP_OBSERVED_PARTIAL,Natural gas blending plants/Natural gas blending plants,Municipal solid waste non renewable,,,0,0,0,observed_zero_only,partial_observation_not_global_validity
LEAP_OBSERVED_PARTIAL,Natural gas blending plants/Natural gas blending plants,Municipal solid waste renewable,,,0,0,0,observed_zero_only,partial_observation_not_global_validity
LEAP_OBSERVED_PARTIAL,Natural gas blending plants/Natural gas blending plants,Naphtha,,,0,0,0,observed_zero_only,partial_observation_not_global_validity
LEAP_OBSERVED_PARTIAL,Natural gas blending plants/Natural gas blending plants,Natural gas,2022,2060,1,39,40,observed_data_valid,partial_observation_not_global_validity
LEAP_OBSERVED_PARTIAL,Natural gas blending plants/Natural gas blending plants,Natural gas liquids,,,0,0,0,observed_zero_only,partial_observation_not_global_validity
LEAP_OBSERVED_PARTIAL,Natural gas blending plants/Natural gas blending plants,Nuclear,,,0,0,0,observed_zero_only,partial_observation_not_global_validity
LEAP_OBSERVED_PARTIAL,Natural gas blending plants/Natural gas blending plants,Other biomass,,,0,0,0,observed_zero_only,partial_observation_not_global_validity
LEAP_OBSERVED_PARTIAL,Natural gas blending plants/Natural gas blending plants,Other bituminous coal,,,0,0,0,observed_zero_only,partial_observation_not_global_validity
LEAP_OBSERVED_PARTIAL,Natural gas blending plants/Natural gas blending plants,Other hydrocarbons,,,0,0,0,observed_zero_only,partial_observation_not_global_validity
LEAP_OBSERVED_PARTIAL,Natural gas blending plants/Natural gas blending plants,Other liquid biofuels,,,0,0,0,observed_zero_only,partial_observation_not_global_validity
LEAP_OBSERVED_PARTIAL,Natural gas blending plants/Natural gas blending plants,Other products,,,0,0,0,observed_zero_only,partial_observation_not_global_validity
LEAP_OBSERVED_PARTIAL,Natural gas blending plants/Natural gas blending plants,Other recovered gases,,,0,0,0,observed_zero_only,partial_observation_not_global_validity
LEAP_OBSERVED_PARTIAL,Natural gas blending plants/Natural gas blending plants,Other sources,,,0,0,0,observed_zero_only,partial_observation_not_global_validity
LEAP_OBSERVED_PARTIAL,Natural gas blending plants/Natural gas blending plants,Paraffin waxes,,,0,0,0,observed_zero_only,partial_observation_not_global_validity
LEAP_OBSERVED_PARTIAL,Natural gas blending plants/Natural gas blending plants,Patent fuel,,,0,0,0,observed_zero_only,partial_observation_not_global_validity
LEAP_OBSERVED_PARTIAL,Natural gas blending plants/Natural gas blending plants,Petroleum coke,,,0,0,0,observed_zero_only,partial_observation_not_global_validity
LEAP_OBSERVED_PARTIAL,Natural gas blending plants/Natural gas blending plants,Refinery feedstocks,,,0,0,0,observed_zero_only,partial_observation_not_global_validity
LEAP_OBSERVED_PARTIAL,Natural gas blending plants/Natural gas blending plants,Refinery gas not liquefied,,,0,0,0,observed_zero_only,partial_observation_not_global_validity
LEAP_OBSERVED_PARTIAL,Natural gas blending plants/Natural gas blending plants,Solar nonspecified,,,0,0,0,observed_zero_only,partial_observation_not_global_validity
LEAP_OBSERVED_PARTIAL,Natural gas blending plants/Natural gas blending plants,Solar photovoltaics,,,0,0,0,observed_zero_only,partial_observation_not_global_validity
LEAP_OBSERVED_PARTIAL,Natural gas blending plants/Natural gas blending plants,Sub bituminous coal,,,0,0,0,observed_zero_only,partial_observation_not_global_validity
LEAP_OBSERVED_PARTIAL,Natural gas blending plants/Natural gas blending plants,White spirit SBP,,,0,0,0,observed_zero_only,partial_observation_not_global_validity
LEAP_OBSERVED_PARTIAL,Natural gas blending plants/Natural gas blending plants,Wind,,,0,0,0,observed_zero_only,partial_observation_not_global_validity
LEAP_OBSERVED_PARTIAL,Non specified transformation,AUTO BALANCE,,,0,0,0,observed_zero_only,partial_observation_not_global_validity
LEAP_OBSERVED_PARTIAL,Non specified transformation,Additives and oxygenates,,,0,0,0,observed_zero_only,partial_observation_not_global_validity
LEAP_OBSERVED_PARTIAL,Non specified transformation,Ammonia,,,0,0,0,observed_zero_only,partial_observation_not_global_validity
LEAP_OBSERVED_PARTIAL,Non specified transformation,Anthracite,,,0,0,0,observed_zero_only,partial_observation_not_global_validity
LEAP_OBSERVED_PARTIAL,Non specified transformation,Aviation gasoline,,,0,0,0,observed_zero_only,partial_observation_not_global_validity
LEAP_OBSERVED_PARTIAL,Non specified transformation,BKB and PB,,,0,0,0,observed_zero_only,partial_observation_not_global_validity
LEAP_OBSERVED_PARTIAL,Non specified transformation,Bagasse,,,0,0,0,observed_zero_only,partial_observation_not_global_validity
LEAP_OBSERVED_PARTIAL,Non specified transformation,Bio jet kerosene,,,0,0,0,observed_zero_only,partial_observation_not_global_validity
LEAP_OBSERVED_PARTIAL,Non specified transformation,Biodiesel,,,0,0,0,observed_zero_only,partial_observation_not_global_validity
LEAP_OBSERVED_PARTIAL,Non specified transformation,Biogas,,,0,0,0,observed_zero_only,partial_observation_not_global_validity
LEAP_OBSERVED_PARTIAL,Non specified transformation,Biogasoline,,,0,0,0,observed_zero_only,partial_observation_not_global_validity
LEAP_OBSERVED_PARTIAL,Non specified transformation,Bitumen,,,0,0,0,observed_zero_only,partial_observation_not_global_validity
LEAP_OBSERVED_PARTIAL,Non specified transformation,Black liquor,,,0,0,0,observed_zero_only,partial_observation_not_global_validity
LEAP_OBSERVED_PARTIAL,Non specified transformation,Blast furnace gas,,,0,0,0,observed_zero_only,partial_observation_not_global_validity
LEAP_OBSERVED_PARTIAL,Non specified transformation,Charcoal,,,0,0,0,observed_zero_only,partial_observation_not_global_validity
LEAP_OBSERVED_PARTIAL,Non specified transformation,Coal tar,,,0,0,0,observed_zero_only,partial_observation_not_global_validity
LEAP_OBSERVED_PARTIAL,Non specified transformation,Coke oven coke,,,0,0,0,observed_zero_only,partial_observation_not_global_validity
LEAP_OBSERVED_PARTIAL,Non specified transformation,Coke oven gas,,,0,0,0,observed_zero_only,partial_observation_not_global_validity
LEAP_OBSERVED_PARTIAL,Non specified transformation,Coking coal,,,0,0,0,observed_zero_only,partial_observation_not_global_validity
LEAP_OBSERVED_PARTIAL,Non specified transformation,Crude oil,,,0,0,0,observed_zero_only,partial_observation_not_global_validity
LEAP_OBSERVED_PARTIAL,Non specified transformation,Efuel,,,0,0,0,observed_zero_only,partial_observation_not_global_validity
LEAP_OBSERVED_PARTIAL,Non specified transformation,Electricity,,,0,0,0,observed_zero_only,partial_observation_not_global_validity
LEAP_OBSERVED_PARTIAL,Non specified transformation,Electricity for hydrogen,,,0,0,0,observed_zero_only,partial_observation_not_global_validity
LEAP_OBSERVED_PARTIAL,Non specified transformation,Ethane,2022,2022,1,1,1,observed_data_valid,partial_observation_not_global_validity
LEAP_OBSERVED_PARTIAL,Non specified transformation,Fuel oil,,,0,0,0,observed_zero_only,partial_observation_not_global_validity
LEAP_OBSERVED_PARTIAL,Non specified transformation,Fuelwood and woodwaste,,,0,0,0,observed_zero_only,partial_observation_not_global_validity
LEAP_OBSERVED_PARTIAL,Non specified transformation,Gas and diesel oil,,,0,0,0,observed_zero_only,partial_observation_not_global_validity
LEAP_OBSERVED_PARTIAL,Non specified transformation,Gas nonspecified,,,0,0,0,observed_zero_only,partial_observation_not_global_validity
LEAP_OBSERVED_PARTIAL,Non specified transformation,Gas works gas,,,0,0,0,observed_zero_only,partial_observation_not_global_validity
LEAP_OBSERVED_PARTIAL,Non specified transformation,Gasoline type jet fuel,,,0,0,0,observed_zero_only,partial_observation_not_global_validity
LEAP_OBSERVED_PARTIAL,Non specified transformation,Geothermal,,,0,0,0,observed_zero_only,partial_observation_not_global_validity
LEAP_OBSERVED_PARTIAL,Non specified transformation,Heat,,,0,0,0,observed_zero_only,partial_observation_not_global_validity
LEAP_OBSERVED_PARTIAL,Non specified transformation,Hydro,,,0,0,0,observed_zero_only,partial_observation_not_global_validity
LEAP_OBSERVED_PARTIAL,Non specified transformation,Hydrogen,,,0,0,0,observed_zero_only,partial_observation_not_global_validity
LEAP_OBSERVED_PARTIAL,Non specified transformation,Industrial waste,,,0,0,0,observed_zero_only,partial_observation_not_global_validity
LEAP_OBSERVED_PARTIAL,Non specified transformation,Kerosene,,,0,0,0,observed_zero_only,partial_observation_not_global_validity
LEAP_OBSERVED_PARTIAL,Non specified transformation,Kerosene type jet fuel,,,0,0,0,observed_zero_only,partial_observation_not_global_validity
LEAP_OBSERVED_PARTIAL,Non specified transformation,LNG,,,0,0,0,observed_zero_only,partial_observation_not_global_validity
LEAP_OBSERVED_PARTIAL,Non specified transformation,LPG,2022,2060,1,39,39,observed_data_valid,partial_observation_not_global_validity
LEAP_OBSERVED_PARTIAL,Non specified transformation,Lignite,,,0,0,0,observed_zero_only,partial_observation_not_global_validity
LEAP_OBSERVED_PARTIAL,Non specified transformation,Lubricants,,,0,0,0,observed_zero_only,partial_observation_not_global_validity
LEAP_OBSERVED_PARTIAL,Non specified transformation,Motor gasoline,,,0,0,0,observed_zero_only,partial_observation_not_global_validity
LEAP_OBSERVED_PARTIAL,Non specified transformation,Municipal solid waste non renewable,,,0,0,0,observed_zero_only,partial_observation_not_global_validity
LEAP_OBSERVED_PARTIAL,Non specified transformation,Municipal solid waste renewable,,,0,0,0,observed_zero_only,partial_observation_not_global_validity
LEAP_OBSERVED_PARTIAL,Non specified transformation,Naphtha,,,0,0,0,observed_zero_only,partial_observation_not_global_validity
LEAP_OBSERVED_PARTIAL,Non specified transformation,Natural gas,2022,2060,3,39,156,observed_data_valid,partial_observation_not_global_validity
LEAP_OBSERVED_PARTIAL,Non specified transformation,Natural gas liquids,2022,2060,1,39,39,observed_data_valid,partial_observation_not_global_validity
LEAP_OBSERVED_PARTIAL,Non specified transformation,Nuclear,,,0,0,0,observed_zero_only,partial_observation_not_global_validity
LEAP_OBSERVED_PARTIAL,Non specified transformation,Other biomass,,,0,0,0,observed_zero_only,partial_observation_not_global_validity
LEAP_OBSERVED_PARTIAL,Non specified transformation,Other bituminous coal,,,0,0,0,observed_zero_only,partial_observation_not_global_validity
LEAP_OBSERVED_PARTIAL,Non specified transformation,Other hydrocarbons,2022,2060,2,39,117,observed_data_valid,partial_observation_not_global_validity
LEAP_OBSERVED_PARTIAL,Non specified transformation,Other liquid biofuels,,,0,0,0,observed_zero_only,partial_observation_not_global_validity
LEAP_OBSERVED_PARTIAL,Non specified transformation,Other products,,,0,0,0,observed_zero_only,partial_observation_not_global_validity
LEAP_OBSERVED_PARTIAL,Non specified transformation,Other recovered gases,,,0,0,0,observed_zero_only,partial_observation_not_global_validity
LEAP_OBSERVED_PARTIAL,Non specified transformation,Other sources,,,0,0,0,observed_zero_only,partial_observation_not_global_validity
LEAP_OBSERVED_PARTIAL,Non specified transformation,Paraffin waxes,,,0,0,0,observed_zero_only,partial_observation_not_global_validity
LEAP_OBSERVED_PARTIAL,Non specified transformation,Patent fuel,,,0,0,0,observed_zero_only,partial_observation_not_global_validity
LEAP_OBSERVED_PARTIAL,Non specified transformation,Petroleum coke,,,0,0,0,observed_zero_only,partial_observation_not_global_validity
LEAP_OBSERVED_PARTIAL,Non specified transformation,Refinery feedstocks,,,0,0,0,observed_zero_only,partial_observation_not_global_validity
LEAP_OBSERVED_PARTIAL,Non specified transformation,Refinery gas not liquefied,,,0,0,0,observed_zero_only,partial_observation_not_global_validity
LEAP_OBSERVED_PARTIAL,Non specified transformation,Solar nonspecified,,,0,0,0,observed_zero_only,partial_observation_not_global_validity
LEAP_OBSERVED_PARTIAL,Non specified transformation,Solar photovoltaics,,,0,0,0,observed_zero_only,partial_observation_not_global_validity
LEAP_OBSERVED_PARTIAL,Non specified transformation,Sub bituminous coal,,,0,0,0,observed_zero_only,partial_observation_not_global_validity
LEAP_OBSERVED_PARTIAL,Non specified transformation,White spirit SBP,,,0,0,0,observed_zero_only,partial_observation_not_global_validity
LEAP_OBSERVED_PARTIAL,Non specified transformation,Wind,,,0,0,0,observed_zero_only,partial_observation_not_global_validity
LEAP_OBSERVED_PARTIAL,Non specified transformation/Non specified transformation,AUTO BALANCE,,,0,0,0,observed_zero_only,partial_observation_not_global_validity
LEAP_OBSERVED_PARTIAL,Non specified transformation/Non specified transformation,Additives and oxygenates,,,0,0,0,observed_zero_only,partial_observation_not_global_validity
LEAP_OBSERVED_PARTIAL,Non specified transformation/Non specified transformation,Ammonia,,,0,0,0,observed_zero_only,partial_observation_not_global_validity
LEAP_OBSERVED_PARTIAL,Non specified transformation/Non specified transformation,Anthracite,,,0,0,0,observed_zero_only,partial_observation_not_global_validity
LEAP_OBSERVED_PARTIAL,Non specified transformation/Non specified transformation,Aviation gasoline,,,0,0,0,observed_zero_only,partial_observation_not_global_validity
LEAP_OBSERVED_PARTIAL,Non specified transformation/Non specified transformation,BKB and PB,,,0,0,0,observed_zero_only,partial_observation_not_global_validity
LEAP_OBSERVED_PARTIAL,Non specified transformation/Non specified transformation,Bagasse,,,0,0,0,observed_zero_only,partial_observation_not_global_validity
LEAP_OBSERVED_PARTIAL,Non specified transformation/Non specified transformation,Bio jet kerosene,,,0,0,0,observed_zero_only,partial_observation_not_global_validity
LEAP_OBSERVED_PARTIAL,Non specified transformation/Non specified transformation,Biodiesel,,,0,0,0,observed_zero_only,partial_observation_not_global_validity
LEAP_OBSERVED_PARTIAL,Non specified transformation/Non specified transformation,Biogas,,,0,0,0,observed_zero_only,partial_observation_not_global_validity
LEAP_OBSERVED_PARTIAL,Non specified transformation/Non specified transformation,Biogasoline,,,0,0,0,observed_zero_only,partial_observation_not_global_validity
LEAP_OBSERVED_PARTIAL,Non specified transformation/Non specified transformation,Bitumen,,,0,0,0,observed_zero_only,partial_observation_not_global_validity
LEAP_OBSERVED_PARTIAL,Non specified transformation/Non specified transformation,Black liquor,,,0,0,0,observed_zero_only,partial_observation_not_global_validity
LEAP_OBSERVED_PARTIAL,Non specified transformation/Non specified transformation,Blast furnace gas,,,0,0,0,observed_zero_only,partial_observation_not_global_validity
LEAP_OBSERVED_PARTIAL,Non specified transformation/Non specified transformation,Charcoal,,,0,0,0,observed_zero_only,partial_observation_not_global_validity
LEAP_OBSERVED_PARTIAL,Non specified transformation/Non specified transformation,Coal tar,,,0,0,0,observed_zero_only,partial_observation_not_global_validity
LEAP_OBSERVED_PARTIAL,Non specified transformation/Non specified transformation,Coke oven coke,,,0,0,0,observed_zero_only,partial_observation_not_global_validity
LEAP_OBSERVED_PARTIAL,Non specified transformation/Non specified transformation,Coke oven gas,,,0,0,0,observed_zero_only,partial_observation_not_global_validity
LEAP_OBSERVED_PARTIAL,Non specified transformation/Non specified transformation,Coking coal,,,0,0,0,observed_zero_only,partial_observation_not_global_validity
LEAP_OBSERVED_PARTIAL,Non specified transformation/Non specified transformation,Crude oil,,,0,0,0,observed_zero_only,partial_observation_not_global_validity
LEAP_OBSERVED_PARTIAL,Non specified transformation/Non specified transformation,Efuel,,,0,0,0,observed_zero_only,partial_observation_not_global_validity
LEAP_OBSERVED_PARTIAL,Non specified transformation/Non specified transformation,Electricity,,,0,0,0,observed_zero_only,partial_observation_not_global_validity
LEAP_OBSERVED_PARTIAL,Non specified transformation/Non specified transformation,Electricity for hydrogen,,,0,0,0,observed_zero_only,partial_observation_not_global_validity
LEAP_OBSERVED_PARTIAL,Non specified transformation/Non specified transformation,Ethane,2022,2022,1,1,1,observed_data_valid,partial_observation_not_global_validity
LEAP_OBSERVED_PARTIAL,Non specified transformation/Non specified transformation,Fuel oil,,,0,0,0,observed_zero_only,partial_observation_not_global_validity
LEAP_OBSERVED_PARTIAL,Non specified transformation/Non specified transformation,Fuelwood and woodwaste,,,0,0,0,observed_zero_only,partial_observation_not_global_validity
LEAP_OBSERVED_PARTIAL,Non specified transformation/Non specified transformation,Gas and diesel oil,,,0,0,0,observed_zero_only,partial_observation_not_global_validity
LEAP_OBSERVED_PARTIAL,Non specified transformation/Non specified transformation,Gas nonspecified,,,0,0,0,observed_zero_only,partial_observation_not_global_validity
LEAP_OBSERVED_PARTIAL,Non specified transformation/Non specified transformation,Gas works gas,,,0,0,0,observed_zero_only,partial_observation_not_global_validity
LEAP_OBSERVED_PARTIAL,Non specified transformation/Non specified transformation,Gasoline type jet fuel,,,0,0,0,observed_zero_only,partial_observation_not_global_validity
LEAP_OBSERVED_PARTIAL,Non specified transformation/Non specified transformation,Geothermal,,,0,0,0,observed_zero_only,partial_observation_not_global_validity
LEAP_OBSERVED_PARTIAL,Non specified transformation/Non specified transformation,Heat,,,0,0,0,observed_zero_only,partial_observation_not_global_validity
LEAP_OBSERVED_PARTIAL,Non specified transformation/Non specified transformation,Hydro,,,0,0,0,observed_zero_only,partial_observation_not_global_validity
LEAP_OBSERVED_PARTIAL,Non specified transformation/Non specified transformation,Hydrogen,,,0,0,0,observed_zero_only,partial_observation_not_global_validity
LEAP_OBSERVED_PARTIAL,Non specified transformation/Non specified transformation,Industrial waste,,,0,0,0,observed_zero_only,partial_observation_not_global_validity
LEAP_OBSERVED_PARTIAL,Non specified transformation/Non specified transformation,Kerosene,,,0,0,0,observed_zero_only,partial_observation_not_global_validity
LEAP_OBSERVED_PARTIAL,Non specified transformation/Non specified transformation,Kerosene type jet fuel,,,0,0,0,observed_zero_only,partial_observation_not_global_validity
LEAP_OBSERVED_PARTIAL,Non specified transformation/Non specified transformation,LNG,,,0,0,0,observed_zero_only,partial_observation_not_global_validity
LEAP_OBSERVED_PARTIAL,Non specified transformation/Non specified transformation,LPG,2022,2060,1,39,39,observed_data_valid,partial_observation_not_global_validity
LEAP_OBSERVED_PARTIAL,Non specified transformation/Non specified transformation,Lignite,,,0,0,0,observed_zero_only,partial_observation_not_global_validity
LEAP_OBSERVED_PARTIAL,Non specified transformation/Non specified transformation,Lubricants,,,0,0,0,observed_zero_only,partial_observation_not_global_validity
LEAP_OBSERVED_PARTIAL,Non specified transformation/Non specified transformation,Motor gasoline,,,0,0,0,observed_zero_only,partial_observation_not_global_validity
LEAP_OBSERVED_PARTIAL,Non specified transformation/Non specified transformation,Municipal solid waste non renewable,,,0,0,0,observed_zero_only,partial_observation_not_global_validity
LEAP_OBSERVED_PARTIAL,Non specified transformation/Non specified transformation,Municipal solid waste renewable,,,0,0,0,observed_zero_only,partial_observation_not_global_validity
LEAP_OBSERVED_PARTIAL,Non specified transformation/Non specified transformation,Naphtha,,,0,0,0,observed_zero_only,partial_observation_not_global_validity
LEAP_OBSERVED_PARTIAL,Non specified transformation/Non specified transformation,Natural gas,2022,2060,3,39,156,observed_data_valid,partial_observation_not_global_validity
LEAP_OBSERVED_PARTIAL,Non specified transformation/Non specified transformation,Natural gas liquids,2022,2060,1,39,39,observed_data_valid,partial_observation_not_global_validity
LEAP_OBSERVED_PARTIAL,Non specified transformation/Non specified transformation,Nuclear,,,0,0,0,observed_zero_only,partial_observation_not_global_validity
LEAP_OBSERVED_PARTIAL,Non specified transformation/Non specified transformation,Other biomass,,,0,0,0,observed_zero_only,partial_observation_not_global_validity
LEAP_OBSERVED_PARTIAL,Non specified transformation/Non specified transformation,Other bituminous coal,,,0,0,0,observed_zero_only,partial_observation_not_global_validity
LEAP_OBSERVED_PARTIAL,Non specified transformation/Non specified transformation,Other hydrocarbons,2022,2060,2,39,117,observed_data_valid,partial_observation_not_global_validity
LEAP_OBSERVED_PARTIAL,Non specified transformation/Non specified transformation,Other liquid biofuels,,,0,0,0,observed_zero_only,partial_observation_not_global_validity
LEAP_OBSERVED_PARTIAL,Non specified transformation/Non specified transformation,Other products,,,0,0,0,observed_zero_only,partial_observation_not_global_validity
LEAP_OBSERVED_PARTIAL,Non specified transformation/Non specified transformation,Other recovered gases,,,0,0,0,observed_zero_only,partial_observation_not_global_validity
LEAP_OBSERVED_PARTIAL,Non specified transformation/Non specified transformation,Other sources,,,0,0,0,observed_zero_only,partial_observation_not_global_validity
LEAP_OBSERVED_PARTIAL,Non specified transformation/Non specified transformation,Paraffin waxes,,,0,0,0,observed_zero_only,partial_observation_not_global_validity
LEAP_OBSERVED_PARTIAL,Non specified transformation/Non specified transformation,Patent fuel,,,0,0,0,observed_zero_only,partial_observation_not_global_validity
LEAP_OBSERVED_PARTIAL,Non specified transformation/Non specified transformation,Petroleum coke,,,0,0,0,observed_zero_only,partial_observation_not_global_validity
LEAP_OBSERVED_PARTIAL,Non specified transformation/Non specified transformation,Refinery feedstocks,,,0,0,0,observed_zero_only,partial_observation_not_global_validity
LEAP_OBSERVED_PARTIAL,Non specified transformation/Non specified transformation,Refinery gas not liquefied,,,0,0,0,observed_zero_only,partial_observation_not_global_validity
LEAP_OBSERVED_PARTIAL,Non specified transformation/Non specified transformation,Solar nonspecified,,,0,0,0,observed_zero_only,partial_observation_not_global_validity
LEAP_OBSERVED_PARTIAL,Non specified transformation/Non specified transformation,Solar photovoltaics,,,0,0,0,observed_zero_only,partial_observation_not_global_validity
LEAP_OBSERVED_PARTIAL,Non specified transformation/Non specified transformation,Sub bituminous coal,,,0,0,0,observed_zero_only,partial_observation_not_global_validity
LEAP_OBSERVED_PARTIAL,Non specified transformation/Non specified transformation,White spirit SBP,,,0,0,0,observed_zero_only,partial_observation_not_global_validity
LEAP_OBSERVED_PARTIAL,Non specified transformation/Non specified transformation,Wind,,,0,0,0,observed_zero_only,partial_observation_not_global_validity
LEAP_OBSERVED_PARTIAL,Oil Refining,AUTO BALANCE,,,0,0,0,observed_zero_only,partial_observation_not_global_validity
LEAP_OBSERVED_PARTIAL,Oil Refining,Additives and oxygenates,2022,2060,1,39,39,observed_data_valid,partial_observation_not_global_validity
LEAP_OBSERVED_PARTIAL,Oil Refining,Ammonia,,,0,0,0,observed_zero_only,partial_observation_not_global_validity
LEAP_OBSERVED_PARTIAL,Oil Refining,Anthracite,,,0,0,0,observed_zero_only,partial_observation_not_global_validity
LEAP_OBSERVED_PARTIAL,Oil Refining,Aviation gasoline,2022,2060,2,39,154,observed_data_valid,partial_observation_not_global_validity
LEAP_OBSERVED_PARTIAL,Oil Refining,BKB and PB,,,0,0,0,observed_zero_only,partial_observation_not_global_validity
LEAP_OBSERVED_PARTIAL,Oil Refining,Bagasse,,,0,0,0,observed_zero_only,partial_observation_not_global_validity
LEAP_OBSERVED_PARTIAL,Oil Refining,Bio jet kerosene,,,0,0,0,observed_zero_only,partial_observation_not_global_validity
LEAP_OBSERVED_PARTIAL,Oil Refining,Biodiesel,,,0,0,0,observed_zero_only,partial_observation_not_global_validity
LEAP_OBSERVED_PARTIAL,Oil Refining,Biogas,,,0,0,0,observed_zero_only,partial_observation_not_global_validity
LEAP_OBSERVED_PARTIAL,Oil Refining,Biogasoline,,,0,0,0,observed_zero_only,partial_observation_not_global_validity
LEAP_OBSERVED_PARTIAL,Oil Refining,Bitumen,2022,2060,5,39,234,observed_data_valid,partial_observation_not_global_validity
LEAP_OBSERVED_PARTIAL,Oil Refining,Black liquor,,,0,0,0,observed_zero_only,partial_observation_not_global_validity
LEAP_OBSERVED_PARTIAL,Oil Refining,Blast furnace gas,,,0,0,0,observed_zero_only,partial_observation_not_global_validity
LEAP_OBSERVED_PARTIAL,Oil Refining,Charcoal,,,0,0,0,observed_zero_only,partial_observation_not_global_validity
LEAP_OBSERVED_PARTIAL,Oil Refining,Coal tar,,,0,0,0,observed_zero_only,partial_observation_not_global_validity
LEAP_OBSERVED_PARTIAL,Oil Refining,Coke oven coke,,,0,0,0,observed_zero_only,partial_observation_not_global_validity
LEAP_OBSERVED_PARTIAL,Oil Refining,Coke oven gas,,,0,0,0,observed_zero_only,partial_observation_not_global_validity
LEAP_OBSERVED_PARTIAL,Oil Refining,Coking coal,,,0,0,0,observed_zero_only,partial_observation_not_global_validity
LEAP_OBSERVED_PARTIAL,Oil Refining,Crude oil,2022,2060,9,39,430,observed_data_valid,partial_observation_not_global_validity
LEAP_OBSERVED_PARTIAL,Oil Refining,Efuel,,,0,0,0,observed_zero_only,partial_observation_not_global_validity
LEAP_OBSERVED_PARTIAL,Oil Refining,Electricity,2022,2060,6,39,313,observed_data_valid,partial_observation_not_global_validity
LEAP_OBSERVED_PARTIAL,Oil Refining,Electricity for hydrogen,,,0,0,0,observed_zero_only,partial_observation_not_global_validity
LEAP_OBSERVED_PARTIAL,Oil Refining,Ethane,2022,2060,1,39,78,observed_data_valid,partial_observation_not_global_validity
LEAP_OBSERVED_PARTIAL,Oil Refining,Fuel oil,2022,2060,8,39,391,observed_data_valid,partial_observation_not_global_validity
LEAP_OBSERVED_PARTIAL,Oil Refining,Fuelwood and woodwaste,,,0,0,0,observed_zero_only,partial_observation_not_global_validity
LEAP_OBSERVED_PARTIAL,Oil Refining,Gas and diesel oil,2022,2060,9,39,430,observed_data_valid,partial_observation_not_global_validity
LEAP_OBSERVED_PARTIAL,Oil Refining,Gas nonspecified,,,0,0,0,observed_zero_only,partial_observation_not_global_validity
LEAP_OBSERVED_PARTIAL,Oil Refining,Gas works gas,,,0,0,0,observed_zero_only,partial_observation_not_global_validity
LEAP_OBSERVED_PARTIAL,Oil Refining,Gasoline type jet fuel,,,0,0,0,observed_zero_only,partial_observation_not_global_validity
LEAP_OBSERVED_PARTIAL,Oil Refining,Geothermal,,,0,0,0,observed_zero_only,partial_observation_not_global_validity
LEAP_OBSERVED_PARTIAL,Oil Refining,Heat,2022,2060,2,39,42,observed_data_valid,partial_observation_not_global_validity
LEAP_OBSERVED_PARTIAL,Oil Refining,Hydro,,,0,0,0,observed_zero_only,partial_observation_not_global_validity
LEAP_OBSERVED_PARTIAL,Oil Refining,Hydrogen,,,0,0,0,observed_zero_only,partial_observation_not_global_validity
LEAP_OBSERVED_PARTIAL,Oil Refining,Industrial waste,,,0,0,0,observed_zero_only,partial_observation_not_global_validity
LEAP_OBSERVED_PARTIAL,Oil Refining,Kerosene,2022,2060,7,39,387,observed_data_valid,partial_observation_not_global_validity
LEAP_OBSERVED_PARTIAL,Oil Refining,Kerosene type jet fuel,2022,2060,9,39,430,observed_data_valid,partial_observation_not_global_validity
LEAP_OBSERVED_PARTIAL,Oil Refining,LNG,,,0,0,0,observed_zero_only,partial_observation_not_global_validity
LEAP_OBSERVED_PARTIAL,Oil Refining,LPG,2022,2060,8,39,429,observed_data_valid,partial_observation_not_global_validity
LEAP_OBSERVED_PARTIAL,Oil Refining,Lignite,,,0,0,0,observed_zero_only,partial_observation_not_global_validity
LEAP_OBSERVED_PARTIAL,Oil Refining,Lubricants,2022,2060,3,39,194,observed_data_valid,partial_observation_not_global_validity
LEAP_OBSERVED_PARTIAL,Oil Refining,Motor gasoline,2022,2060,9,39,430,observed_data_valid,partial_observation_not_global_validity
LEAP_OBSERVED_PARTIAL,Oil Refining,Municipal solid waste non renewable,,,0,0,0,observed_zero_only,partial_observation_not_global_validity
LEAP_OBSERVED_PARTIAL,Oil Refining,Municipal solid waste renewable,,,0,0,0,observed_zero_only,partial_observation_not_global_validity
LEAP_OBSERVED_PARTIAL,Oil Refining,Naphtha,2022,2060,6,39,348,observed_data_valid,partial_observation_not_global_validity
LEAP_OBSERVED_PARTIAL,Oil Refining,Natural gas,2022,2060,4,39,235,observed_data_valid,partial_observation_not_global_validity
LEAP_OBSERVED_PARTIAL,Oil Refining,Natural gas liquids,2022,2060,2,39,116,observed_data_valid,partial_observation_not_global_validity
LEAP_OBSERVED_PARTIAL,Oil Refining,Nuclear,,,0,0,0,observed_zero_only,partial_observation_not_global_validity
LEAP_OBSERVED_PARTIAL,Oil Refining,Other biomass,,,0,0,0,observed_zero_only,partial_observation_not_global_validity
LEAP_OBSERVED_PARTIAL,Oil Refining,Other bituminous coal,,,0,0,0,observed_zero_only,partial_observation_not_global_validity
LEAP_OBSERVED_PARTIAL,Oil Refining,Other hydrocarbons,2022,2022,1,1,2,observed_data_valid,partial_observation_not_global_validity
LEAP_OBSERVED_PARTIAL,Oil Refining,Other liquid biofuels,,,0,0,0,observed_zero_only,partial_observation_not_global_validity
LEAP_OBSERVED_PARTIAL,Oil Refining,Other products,2022,2060,9,39,429,observed_data_valid,partial_observation_not_global_validity
LEAP_OBSERVED_PARTIAL,Oil Refining,Other recovered gases,,,0,0,0,observed_zero_only,partial_observation_not_global_validity
LEAP_OBSERVED_PARTIAL,Oil Refining,Other sources,,,0,0,0,observed_zero_only,partial_observation_not_global_validity
LEAP_OBSERVED_PARTIAL,Oil Refining,Paraffin waxes,2022,2060,3,39,194,observed_data_valid,partial_observation_not_global_validity
LEAP_OBSERVED_PARTIAL,Oil Refining,Patent fuel,,,0,0,0,observed_zero_only,partial_observation_not_global_validity
LEAP_OBSERVED_PARTIAL,Oil Refining,Petroleum coke,2022,2060,4,39,272,observed_data_valid,partial_observation_not_global_validity
LEAP_OBSERVED_PARTIAL,Oil Refining,Refinery feedstocks,2022,2060,5,39,235,observed_data_valid,partial_observation_not_global_validity
LEAP_OBSERVED_PARTIAL,Oil Refining,Refinery gas not liquefied,2022,2060,6,39,312,observed_data_valid,partial_observation_not_global_validity
LEAP_OBSERVED_PARTIAL,Oil Refining,Solar nonspecified,,,0,0,0,observed_zero_only,partial_observation_not_global_validity
LEAP_OBSERVED_PARTIAL,Oil Refining,Solar photovoltaics,,,0,0,0,observed_zero_only,partial_observation_not_global_validity
LEAP_OBSERVED_PARTIAL,Oil Refining,Sub bituminous coal,2022,2060,1,39,39,observed_data_valid,partial_observation_not_global_validity
LEAP_OBSERVED_PARTIAL,Oil Refining,White spirit SBP,2022,2060,3,39,194,observed_data_valid,partial_observation_not_global_validity
LEAP_OBSERVED_PARTIAL,Oil Refining,Wind,,,0,0,0,observed_zero_only,partial_observation_not_global_validity
LEAP_OBSERVED_PARTIAL,Oil Refining/Oil Refining,AUTO BALANCE,,,0,0,0,observed_zero_only,partial_observation_not_global_validity
LEAP_OBSERVED_PARTIAL,Oil Refining/Oil Refining,Additives and oxygenates,2022,2060,1,39,39,observed_data_valid,partial_observation_not_global_validity
LEAP_OBSERVED_PARTIAL,Oil Refining/Oil Refining,Ammonia,,,0,0,0,observed_zero_only,partial_observation_not_global_validity
LEAP_OBSERVED_PARTIAL,Oil Refining/Oil Refining,Anthracite,,,0,0,0,observed_zero_only,partial_observation_not_global_validity
LEAP_OBSERVED_PARTIAL,Oil Refining/Oil Refining,Aviation gasoline,2022,2060,2,39,154,observed_data_valid,partial_observation_not_global_validity
LEAP_OBSERVED_PARTIAL,Oil Refining/Oil Refining,BKB and PB,,,0,0,0,observed_zero_only,partial_observation_not_global_validity
LEAP_OBSERVED_PARTIAL,Oil Refining/Oil Refining,Bagasse,,,0,0,0,observed_zero_only,partial_observation_not_global_validity
LEAP_OBSERVED_PARTIAL,Oil Refining/Oil Refining,Bio jet kerosene,,,0,0,0,observed_zero_only,partial_observation_not_global_validity
LEAP_OBSERVED_PARTIAL,Oil Refining/Oil Refining,Biodiesel,,,0,0,0,observed_zero_only,partial_observation_not_global_validity
LEAP_OBSERVED_PARTIAL,Oil Refining/Oil Refining,Biogas,,,0,0,0,observed_zero_only,partial_observation_not_global_validity
LEAP_OBSERVED_PARTIAL,Oil Refining/Oil Refining,Biogasoline,,,0,0,0,observed_zero_only,partial_observation_not_global_validity
LEAP_OBSERVED_PARTIAL,Oil Refining/Oil Refining,Bitumen,2022,2060,5,39,234,observed_data_valid,partial_observation_not_global_validity
LEAP_OBSERVED_PARTIAL,Oil Refining/Oil Refining,Black liquor,,,0,0,0,observed_zero_only,partial_observation_not_global_validity
LEAP_OBSERVED_PARTIAL,Oil Refining/Oil Refining,Blast furnace gas,,,0,0,0,observed_zero_only,partial_observation_not_global_validity
LEAP_OBSERVED_PARTIAL,Oil Refining/Oil Refining,Charcoal,,,0,0,0,observed_zero_only,partial_observation_not_global_validity
LEAP_OBSERVED_PARTIAL,Oil Refining/Oil Refining,Coal tar,,,0,0,0,observed_zero_only,partial_observation_not_global_validity
LEAP_OBSERVED_PARTIAL,Oil Refining/Oil Refining,Coke oven coke,,,0,0,0,observed_zero_only,partial_observation_not_global_validity
LEAP_OBSERVED_PARTIAL,Oil Refining/Oil Refining,Coke oven gas,,,0,0,0,observed_zero_only,partial_observation_not_global_validity
LEAP_OBSERVED_PARTIAL,Oil Refining/Oil Refining,Coking coal,,,0,0,0,observed_zero_only,partial_observation_not_global_validity
LEAP_OBSERVED_PARTIAL,Oil Refining/Oil Refining,Crude oil,2022,2060,9,39,430,observed_data_valid,partial_observation_not_global_validity
LEAP_OBSERVED_PARTIAL,Oil Refining/Oil Refining,Efuel,,,0,0,0,observed_zero_only,partial_observation_not_global_validity
LEAP_OBSERVED_PARTIAL,Oil Refining/Oil Refining,Electricity,2022,2060,6,39,313,observed_data_valid,partial_observation_not_global_validity
LEAP_OBSERVED_PARTIAL,Oil Refining/Oil Refining,Electricity for hydrogen,,,0,0,0,observed_zero_only,partial_observation_not_global_validity
LEAP_OBSERVED_PARTIAL,Oil Refining/Oil Refining,Ethane,2022,2060,1,39,78,observed_data_valid,partial_observation_not_global_validity
LEAP_OBSERVED_PARTIAL,Oil Refining/Oil Refining,Fuel oil,2022,2060,8,39,391,observed_data_valid,partial_observation_not_global_validity
LEAP_OBSERVED_PARTIAL,Oil Refining/Oil Refining,Fuelwood and woodwaste,,,0,0,0,observed_zero_only,partial_observation_not_global_validity
LEAP_OBSERVED_PARTIAL,Oil Refining/Oil Refining,Gas and diesel oil,2022,2060,9,39,430,observed_data_valid,partial_observation_not_global_validity
LEAP_OBSERVED_PARTIAL,Oil Refining/Oil Refining,Gas nonspecified,,,0,0,0,observed_zero_only,partial_observation_not_global_validity
LEAP_OBSERVED_PARTIAL,Oil Refining/Oil Refining,Gas works gas,,,0,0,0,observed_zero_only,partial_observation_not_global_validity
LEAP_OBSERVED_PARTIAL,Oil Refining/Oil Refining,Gasoline type jet fuel,,,0,0,0,observed_zero_only,partial_observation_not_global_validity
LEAP_OBSERVED_PARTIAL,Oil Refining/Oil Refining,Geothermal,,,0,0,0,observed_zero_only,partial_observation_not_global_validity
LEAP_OBSERVED_PARTIAL,Oil Refining/Oil Refining,Heat,2022,2060,2,39,42,observed_data_valid,partial_observation_not_global_validity
LEAP_OBSERVED_PARTIAL,Oil Refining/Oil Refining,Hydro,,,0,0,0,observed_zero_only,partial_observation_not_global_validity
LEAP_OBSERVED_PARTIAL,Oil Refining/Oil Refining,Hydrogen,,,0,0,0,observed_zero_only,partial_observation_not_global_validity
LEAP_OBSERVED_PARTIAL,Oil Refining/Oil Refining,Industrial waste,,,0,0,0,observed_zero_only,partial_observation_not_global_validity
LEAP_OBSERVED_PARTIAL,Oil Refining/Oil Refining,Kerosene,2022,2060,7,39,387,observed_data_valid,partial_observation_not_global_validity
LEAP_OBSERVED_PARTIAL,Oil Refining/Oil Refining,Kerosene type jet fuel,2022,2060,9,39,430,observed_data_valid,partial_observation_not_global_validity
LEAP_OBSERVED_PARTIAL,Oil Refining/Oil Refining,LNG,,,0,0,0,observed_zero_only,partial_observation_not_global_validity
LEAP_OBSERVED_PARTIAL,Oil Refining/Oil Refining,LPG,2022,2060,8,39,429,observed_data_valid,partial_observation_not_global_validity
LEAP_OBSERVED_PARTIAL,Oil Refining/Oil Refining,Lignite,,,0,0,0,observed_zero_only,partial_observation_not_global_validity
LEAP_OBSERVED_PARTIAL,Oil Refining/Oil Refining,Lubricants,2022,2060,3,39,194,observed_data_valid,partial_observation_not_global_validity
LEAP_OBSERVED_PARTIAL,Oil Refining/Oil Refining,Motor gasoline,2022,2060,9,39,430,observed_data_valid,partial_observation_not_global_validity
LEAP_OBSERVED_PARTIAL,Oil Refining/Oil Refining,Municipal solid waste non renewable,,,0,0,0,observed_zero_only,partial_observation_not_global_validity
LEAP_OBSERVED_PARTIAL,Oil Refining/Oil Refining,Municipal solid waste renewable,,,0,0,0,observed_zero_only,partial_observation_not_global_validity
LEAP_OBSERVED_PARTIAL,Oil Refining/Oil Refining,Naphtha,2022,2060,6,39,348,observed_data_valid,partial_observation_not_global_validity
LEAP_OBSERVED_PARTIAL,Oil Refining/Oil Refining,Natural gas,2022,2060,4,39,235,observed_data_valid,partial_observation_not_global_validity
LEAP_OBSERVED_PARTIAL,Oil Refining/Oil Refining,Natural gas liquids,2022,2060,2,39,116,observed_data_valid,partial_observation_not_global_validity
LEAP_OBSERVED_PARTIAL,Oil Refining/Oil Refining,Nuclear,,,0,0,0,observed_zero_only,partial_observation_not_global_validity
LEAP_OBSERVED_PARTIAL,Oil Refining/Oil Refining,Other biomass,,,0,0,0,observed_zero_only,partial_observation_not_global_validity
LEAP_OBSERVED_PARTIAL,Oil Refining/Oil Refining,Other bituminous coal,,,0,0,0,observed_zero_only,partial_observation_not_global_validity
LEAP_OBSERVED_PARTIAL,Oil Refining/Oil Refining,Other hydrocarbons,2022,2022,1,1,2,observed_data_valid,partial_observation_not_global_validity
LEAP_OBSERVED_PARTIAL,Oil Refining/Oil Refining,Other liquid biofuels,,,0,0,0,observed_zero_only,partial_observation_not_global_validity
LEAP_OBSERVED_PARTIAL,Oil Refining/Oil Refining,Other products,2022,2060,9,39,429,observed_data_valid,partial_observation_not_global_validity
LEAP_OBSERVED_PARTIAL,Oil Refining/Oil Refining,Other recovered gases,,,0,0,0,observed_zero_only,partial_observation_not_global_validity
LEAP_OBSERVED_PARTIAL,Oil Refining/Oil Refining,Other sources,,,0,0,0,observed_zero_only,partial_observation_not_global_validity
LEAP_OBSERVED_PARTIAL,Oil Refining/Oil Refining,Paraffin waxes,2022,2060,3,39,194,observed_data_valid,partial_observation_not_global_validity
LEAP_OBSERVED_PARTIAL,Oil Refining/Oil Refining,Patent fuel,,,0,0,0,observed_zero_only,partial_observation_not_global_validity
LEAP_OBSERVED_PARTIAL,Oil Refining/Oil Refining,Petroleum coke,2022,2060,4,39,272,observed_data_valid,partial_observation_not_global_validity
LEAP_OBSERVED_PARTIAL,Oil Refining/Oil Refining,Refinery feedstocks,2022,2060,5,39,235,observed_data_valid,partial_observation_not_global_validity
LEAP_OBSERVED_PARTIAL,Oil Refining/Oil Refining,Refinery gas not liquefied,2022,2060,6,39,312,observed_data_valid,partial_observation_not_global_validity
LEAP_OBSERVED_PARTIAL,Oil Refining/Oil Refining,Solar nonspecified,,,0,0,0,observed_zero_only,partial_observation_not_global_validity
LEAP_OBSERVED_PARTIAL,Oil Refining/Oil Refining,Solar photovoltaics,,,0,0,0,observed_zero_only,partial_observation_not_global_validity
LEAP_OBSERVED_PARTIAL,Oil Refining/Oil Refining,Sub bituminous coal,2022,2060,1,39,39,observed_data_valid,partial_observation_not_global_validity
LEAP_OBSERVED_PARTIAL,Oil Refining/Oil Refining,White spirit SBP,2022,2060,3,39,194,observed_data_valid,partial_observation_not_global_validity
LEAP_OBSERVED_PARTIAL,Oil Refining/Oil Refining,Wind,,,0,0,0,observed_zero_only,partial_observation_not_global_validity
LEAP_OBSERVED_PARTIAL,Other loss and own use,AUTO BALANCE,,,0,0,0,observed_zero_only,partial_observation_not_global_validity
LEAP_OBSERVED_PARTIAL,Other loss and own use,Additives and oxygenates,,,0,0,0,observed_zero_only,partial_observation_not_global_validity
LEAP_OBSERVED_PARTIAL,Other loss and own use,Ammonia,,,0,0,0,observed_zero_only,partial_observation_not_global_validity
LEAP_OBSERVED_PARTIAL,Other loss and own use,Anthracite,,,0,0,0,observed_zero_only,partial_observation_not_global_validity
LEAP_OBSERVED_PARTIAL,Other loss and own use,Aviation gasoline,,,0,0,0,observed_zero_only,partial_observation_not_global_validity
LEAP_OBSERVED_PARTIAL,Other loss and own use,BKB and PB,,,0,0,0,observed_zero_only,partial_observation_not_global_validity
LEAP_OBSERVED_PARTIAL,Other loss and own use,Bagasse,,,0,0,0,observed_zero_only,partial_observation_not_global_validity
LEAP_OBSERVED_PARTIAL,Other loss and own use,Bio jet kerosene,,,0,0,0,observed_zero_only,partial_observation_not_global_validity
LEAP_OBSERVED_PARTIAL,Other loss and own use,Biodiesel,2022,2060,1,39,78,observed_data_valid,partial_observation_not_global_validity
LEAP_OBSERVED_PARTIAL,Other loss and own use,Biogas,,,0,0,0,observed_zero_only,partial_observation_not_global_validity
LEAP_OBSERVED_PARTIAL,Other loss and own use,Biogasoline,,,0,0,0,observed_zero_only,partial_observation_not_global_validity
LEAP_OBSERVED_PARTIAL,Other loss and own use,Bitumen,,,0,0,0,observed_zero_only,partial_observation_not_global_validity
LEAP_OBSERVED_PARTIAL,Other loss and own use,Black liquor,,,0,0,0,observed_zero_only,partial_observation_not_global_validity
LEAP_OBSERVED_PARTIAL,Other loss and own use,Blast furnace gas,,,0,0,0,observed_zero_only,partial_observation_not_global_validity
LEAP_OBSERVED_PARTIAL,Other loss and own use,Charcoal,,,0,0,0,observed_zero_only,partial_observation_not_global_validity
LEAP_OBSERVED_PARTIAL,Other loss and own use,Coal tar,2022,2060,1,39,40,observed_data_valid,partial_observation_not_global_validity
LEAP_OBSERVED_PARTIAL,Other loss and own use,Coke oven coke,2022,2060,1,39,40,observed_data_valid,partial_observation_not_global_validity
LEAP_OBSERVED_PARTIAL,Other loss and own use,Coke oven gas,2022,2060,1,39,40,observed_data_valid,partial_observation_not_global_validity
LEAP_OBSERVED_PARTIAL,Other loss and own use,Coking coal,2022,2060,1,39,39,observed_data_valid,partial_observation_not_global_validity
LEAP_OBSERVED_PARTIAL,Other loss and own use,Crude oil,2022,2060,3,39,157,observed_data_valid,partial_observation_not_global_validity
LEAP_OBSERVED_PARTIAL,Other loss and own use,Efuel,,,0,0,0,observed_zero_only,partial_observation_not_global_validity
LEAP_OBSERVED_PARTIAL,Other loss and own use,Electricity,2022,2060,9,39,468,observed_data_valid,partial_observation_not_global_validity
LEAP_OBSERVED_PARTIAL,Other loss and own use,Electricity for hydrogen,,,0,0,0,observed_zero_only,partial_observation_not_global_validity
LEAP_OBSERVED_PARTIAL,Other loss and own use,Ethane,2022,2060,1,39,78,observed_data_valid,partial_observation_not_global_validity
LEAP_OBSERVED_PARTIAL,Other loss and own use,Fuel oil,2022,2060,3,39,234,observed_data_valid,partial_observation_not_global_validity
LEAP_OBSERVED_PARTIAL,Other loss and own use,Fuelwood and woodwaste,,,0,0,0,observed_zero_only,partial_observation_not_global_validity
LEAP_OBSERVED_PARTIAL,Other loss and own use,Gas and diesel oil,2022,2060,3,39,234,observed_data_valid,partial_observation_not_global_validity
LEAP_OBSERVED_PARTIAL,Other loss and own use,Gas nonspecified,,,0,0,0,observed_zero_only,partial_observation_not_global_validity
LEAP_OBSERVED_PARTIAL,Other loss and own use,Gas works gas,2022,2060,1,39,78,observed_data_valid,partial_observation_not_global_validity
LEAP_OBSERVED_PARTIAL,Other loss and own use,Gasoline type jet fuel,,,0,0,0,observed_zero_only,partial_observation_not_global_validity
LEAP_OBSERVED_PARTIAL,Other loss and own use,Geothermal,,,0,0,0,observed_zero_only,partial_observation_not_global_validity
LEAP_OBSERVED_PARTIAL,Other loss and own use,Heat,2022,2060,2,39,156,observed_data_valid,partial_observation_not_global_validity
LEAP_OBSERVED_PARTIAL,Other loss and own use,Hydro,,,0,0,0,observed_zero_only,partial_observation_not_global_validity
LEAP_OBSERVED_PARTIAL,Other loss and own use,Hydrogen,,,0,0,0,observed_zero_only,partial_observation_not_global_validity
LEAP_OBSERVED_PARTIAL,Other loss and own use,Industrial waste,,,0,0,0,observed_zero_only,partial_observation_not_global_validity
LEAP_OBSERVED_PARTIAL,Other loss and own use,Kerosene,2022,2060,2,39,156,observed_data_valid,partial_observation_not_global_validity
LEAP_OBSERVED_PARTIAL,Other loss and own use,Kerosene type jet fuel,,,0,0,0,observed_zero_only,partial_observation_not_global_validity
LEAP_OBSERVED_PARTIAL,Other loss and own use,LNG,2022,2022,1,1,1,observed_data_valid,partial_observation_not_global_validity
LEAP_OBSERVED_PARTIAL,Other loss and own use,LPG,2022,2060,2,39,156,observed_data_valid,partial_observation_not_global_validity
LEAP_OBSERVED_PARTIAL,Other loss and own use,Lignite,,,0,0,0,observed_zero_only,partial_observation_not_global_validity
LEAP_OBSERVED_PARTIAL,Other loss and own use,Lubricants,,,0,0,0,observed_zero_only,partial_observation_not_global_validity
LEAP_OBSERVED_PARTIAL,Other loss and own use,Motor gasoline,2022,2060,3,39,234,observed_data_valid,partial_observation_not_global_validity
LEAP_OBSERVED_PARTIAL,Other loss and own use,Municipal solid waste non renewable,,,0,0,0,observed_zero_only,partial_observation_not_global_validity
LEAP_OBSERVED_PARTIAL,Other loss and own use,Municipal solid waste renewable,,,0,0,0,observed_zero_only,partial_observation_not_global_validity
LEAP_OBSERVED_PARTIAL,Other loss and own use,Naphtha,2022,2060,1,39,78,observed_data_valid,partial_observation_not_global_validity
LEAP_OBSERVED_PARTIAL,Other loss and own use,Natural gas,2022,2060,9,39,467,observed_data_valid,partial_observation_not_global_validity
LEAP_OBSERVED_PARTIAL,Other loss and own use,Natural gas liquids,,,0,0,0,observed_zero_only,partial_observation_not_global_validity
LEAP_OBSERVED_PARTIAL,Other loss and own use,Nuclear,,,0,0,0,observed_zero_only,partial_observation_not_global_validity
LEAP_OBSERVED_PARTIAL,Other loss and own use,Other biomass,2022,2060,1,39,78,observed_data_valid,partial_observation_not_global_validity
LEAP_OBSERVED_PARTIAL,Other loss and own use,Other bituminous coal,2022,2060,2,39,41,observed_data_valid,partial_observation_not_global_validity
LEAP_OBSERVED_PARTIAL,Other loss and own use,Other hydrocarbons,,,0,0,0,observed_zero_only,partial_observation_not_global_validity
LEAP_OBSERVED_PARTIAL,Other loss and own use,Other liquid biofuels,,,0,0,0,observed_zero_only,partial_observation_not_global_validity
LEAP_OBSERVED_PARTIAL,Other loss and own use,Other products,2022,2060,2,39,80,observed_data_valid,partial_observation_not_global_validity
LEAP_OBSERVED_PARTIAL,Other loss and own use,Other recovered gases,2022,2022,1,1,1,observed_data_valid,partial_observation_not_global_validity
LEAP_OBSERVED_PARTIAL,Other loss and own use,Other sources,,,0,0,0,observed_zero_only,partial_observation_not_global_validity
LEAP_OBSERVED_PARTIAL,Other loss and own use,Paraffin waxes,,,0,0,0,observed_zero_only,partial_observation_not_global_validity
LEAP_OBSERVED_PARTIAL,Other loss and own use,Patent fuel,,,0,0,0,observed_zero_only,partial_observation_not_global_validity
LEAP_OBSERVED_PARTIAL,Other loss and own use,Petroleum coke,2022,2060,1,39,40,observed_data_valid,partial_observation_not_global_validity
LEAP_OBSERVED_PARTIAL,Other loss and own use,Refinery feedstocks,,,0,0,0,observed_zero_only,partial_observation_not_global_validity
LEAP_OBSERVED_PARTIAL,Other loss and own use,Refinery gas not liquefied,2022,2060,1,39,78,observed_data_valid,partial_observation_not_global_validity
LEAP_OBSERVED_PARTIAL,Other loss and own use,Solar nonspecified,,,0,0,0,observed_zero_only,partial_observation_not_global_validity
LEAP_OBSERVED_PARTIAL,Other loss and own use,Solar photovoltaics,,,0,0,0,observed_zero_only,partial_observation_not_global_validity
LEAP_OBSERVED_PARTIAL,Other loss and own use,Sub bituminous coal,2022,2060,2,39,41,observed_data_valid,partial_observation_not_global_validity
LEAP_OBSERVED_PARTIAL,Other loss and own use,White spirit SBP,,,0,0,0,observed_zero_only,partial_observation_not_global_validity
LEAP_OBSERVED_PARTIAL,Other loss and own use,Wind,,,0,0,0,observed_zero_only,partial_observation_not_global_validity
LEAP_OBSERVED_PARTIAL,Other loss and own use/Coal mines,AUTO BALANCE,,,0,0,0,observed_zero_only,partial_observation_not_global_validity
LEAP_OBSERVED_PARTIAL,Other loss and own use/Coal mines,Additives and oxygenates,,,0,0,0,observed_zero_only,partial_observation_not_global_validity
LEAP_OBSERVED_PARTIAL,Other loss and own use/Coal mines,Ammonia,,,0,0,0,observed_zero_only,partial_observation_not_global_validity
LEAP_OBSERVED_PARTIAL,Other loss and own use/Coal mines,Anthracite,,,0,0,0,observed_zero_only,partial_observation_not_global_validity
LEAP_OBSERVED_PARTIAL,Other loss and own use/Coal mines,Aviation gasoline,,,0,0,0,observed_zero_only,partial_observation_not_global_validity
LEAP_OBSERVED_PARTIAL,Other loss and own use/Coal mines,BKB and PB,,,0,0,0,observed_zero_only,partial_observation_not_global_validity
LEAP_OBSERVED_PARTIAL,Other loss and own use/Coal mines,Bagasse,,,0,0,0,observed_zero_only,partial_observation_not_global_validity
LEAP_OBSERVED_PARTIAL,Other loss and own use/Coal mines,Bio jet kerosene,,,0,0,0,observed_zero_only,partial_observation_not_global_validity
LEAP_OBSERVED_PARTIAL,Other loss and own use/Coal mines,Biodiesel,2022,2060,1,39,78,observed_data_valid,partial_observation_not_global_validity
LEAP_OBSERVED_PARTIAL,Other loss and own use/Coal mines,Biogas,,,0,0,0,observed_zero_only,partial_observation_not_global_validity
LEAP_OBSERVED_PARTIAL,Other loss and own use/Coal mines,Biogasoline,,,0,0,0,observed_zero_only,partial_observation_not_global_validity
LEAP_OBSERVED_PARTIAL,Other loss and own use/Coal mines,Bitumen,,,0,0,0,observed_zero_only,partial_observation_not_global_validity
LEAP_OBSERVED_PARTIAL,Other loss and own use/Coal mines,Black liquor,,,0,0,0,observed_zero_only,partial_observation_not_global_validity
LEAP_OBSERVED_PARTIAL,Other loss and own use/Coal mines,Blast furnace gas,,,0,0,0,observed_zero_only,partial_observation_not_global_validity
LEAP_OBSERVED_PARTIAL,Other loss and own use/Coal mines,Charcoal,,,0,0,0,observed_zero_only,partial_observation_not_global_validity
LEAP_OBSERVED_PARTIAL,Other loss and own use/Coal mines,Coal tar,2022,2060,1,39,40,observed_data_valid,partial_observation_not_global_validity
LEAP_OBSERVED_PARTIAL,Other loss and own use/Coal mines,Coke oven coke,2022,2060,1,39,40,observed_data_valid,partial_observation_not_global_validity
LEAP_OBSERVED_PARTIAL,Other loss and own use/Coal mines,Coke oven gas,2022,2060,1,39,40,observed_data_valid,partial_observation_not_global_validity
LEAP_OBSERVED_PARTIAL,Other loss and own use/Coal mines,Coking coal,2022,2060,1,39,39,observed_data_valid,partial_observation_not_global_validity
LEAP_OBSERVED_PARTIAL,Other loss and own use/Coal mines,Crude oil,2022,2060,1,39,78,observed_data_valid,partial_observation_not_global_validity
LEAP_OBSERVED_PARTIAL,Other loss and own use/Coal mines,Efuel,,,0,0,0,observed_zero_only,partial_observation_not_global_validity
LEAP_OBSERVED_PARTIAL,Other loss and own use/Coal mines,Electricity,2022,2060,6,39,351,observed_data_valid,partial_observation_not_global_validity
LEAP_OBSERVED_PARTIAL,Other loss and own use/Coal mines,Electricity for hydrogen,,,0,0,0,observed_zero_only,partial_observation_not_global_validity
LEAP_OBSERVED_PARTIAL,Other loss and own use/Coal mines,Ethane,,,0,0,0,observed_zero_only,partial_observation_not_global_validity
LEAP_OBSERVED_PARTIAL,Other loss and own use/Coal mines,Fuel oil,2022,2060,3,39,234,observed_data_valid,partial_observation_not_global_validity
LEAP_OBSERVED_PARTIAL,Other loss and own use/Coal mines,Fuelwood and woodwaste,,,0,0,0,observed_zero_only,partial_observation_not_global_validity
LEAP_OBSERVED_PARTIAL,Other loss and own use/Coal mines,Gas and diesel oil,2022,2060,3,39,234,observed_data_valid,partial_observation_not_global_validity
LEAP_OBSERVED_PARTIAL,Other loss and own use/Coal mines,Gas nonspecified,,,0,0,0,observed_zero_only,partial_observation_not_global_validity
LEAP_OBSERVED_PARTIAL,Other loss and own use/Coal mines,Gas works gas,2022,2060,1,39,78,observed_data_valid,partial_observation_not_global_validity
LEAP_OBSERVED_PARTIAL,Other loss and own use/Coal mines,Gasoline type jet fuel,,,0,0,0,observed_zero_only,partial_observation_not_global_validity
LEAP_OBSERVED_PARTIAL,Other loss and own use/Coal mines,Geothermal,,,0,0,0,observed_zero_only,partial_observation_not_global_validity
LEAP_OBSERVED_PARTIAL,Other loss and own use/Coal mines,Heat,2022,2060,1,39,78,observed_data_valid,partial_observation_not_global_validity
LEAP_OBSERVED_PARTIAL,Other loss and own use/Coal mines,Hydro,,,0,0,0,observed_zero_only,partial_observation_not_global_validity
LEAP_OBSERVED_PARTIAL,Other loss and own use/Coal mines,Hydrogen,,,0,0,0,observed_zero_only,partial_observation_not_global_validity
LEAP_OBSERVED_PARTIAL,Other loss and own use/Coal mines,Industrial waste,,,0,0,0,observed_zero_only,partial_observation_not_global_validity
LEAP_OBSERVED_PARTIAL,Other loss and own use/Coal mines,Kerosene,2022,2060,1,39,78,observed_data_valid,partial_observation_not_global_validity
LEAP_OBSERVED_PARTIAL,Other loss and own use/Coal mines,Kerosene type jet fuel,,,0,0,0,observed_zero_only,partial_observation_not_global_validity
LEAP_OBSERVED_PARTIAL,Other loss and own use/Coal mines,LNG,,,0,0,0,observed_zero_only,partial_observation_not_global_validity
LEAP_OBSERVED_PARTIAL,Other loss and own use/Coal mines,LPG,2022,2060,2,39,156,observed_data_valid,partial_observation_not_global_validity
LEAP_OBSERVED_PARTIAL,Other loss and own use/Coal mines,Lignite,,,0,0,0,observed_zero_only,partial_observation_not_global_validity
LEAP_OBSERVED_PARTIAL,Other loss and own use/Coal mines,Lubricants,,,0,0,0,observed_zero_only,partial_observation_not_global_validity
LEAP_OBSERVED_PARTIAL,Other loss and own use/Coal mines,Motor gasoline,2022,2060,3,39,234,observed_data_valid,partial_observation_not_global_validity
LEAP_OBSERVED_PARTIAL,Other loss and own use/Coal mines,Municipal solid waste non renewable,,,0,0,0,observed_zero_only,partial_observation_not_global_validity
LEAP_OBSERVED_PARTIAL,Other loss and own use/Coal mines,Municipal solid waste renewable,,,0,0,0,observed_zero_only,partial_observation_not_global_validity
LEAP_OBSERVED_PARTIAL,Other loss and own use/Coal mines,Naphtha,2022,2060,1,39,78,observed_data_valid,partial_observation_not_global_validity
LEAP_OBSERVED_PARTIAL,Other loss and own use/Coal mines,Natural gas,2022,2060,3,39,195,observed_data_valid,partial_observation_not_global_validity
LEAP_OBSERVED_PARTIAL,Other loss and own use/Coal mines,Natural gas liquids,,,0,0,0,observed_zero_only,partial_observation_not_global_validity
LEAP_OBSERVED_PARTIAL,Other loss and own use/Coal mines,Nuclear,,,0,0,0,observed_zero_only,partial_observation_not_global_validity
LEAP_OBSERVED_PARTIAL,Other loss and own use/Coal mines,Other biomass,,,0,0,0,observed_zero_only,partial_observation_not_global_validity
LEAP_OBSERVED_PARTIAL,Other loss and own use/Coal mines,Other bituminous coal,2022,2060,2,39,41,observed_data_valid,partial_observation_not_global_validity
LEAP_OBSERVED_PARTIAL,Other loss and own use/Coal mines,Other hydrocarbons,,,0,0,0,observed_zero_only,partial_observation_not_global_validity
LEAP_OBSERVED_PARTIAL,Other loss and own use/Coal mines,Other liquid biofuels,,,0,0,0,observed_zero_only,partial_observation_not_global_validity
LEAP_OBSERVED_PARTIAL,Other loss and own use/Coal mines,Other products,2022,2060,2,39,42,observed_data_valid,partial_observation_not_global_validity
LEAP_OBSERVED_PARTIAL,Other loss and own use/Coal mines,Other recovered gases,,,0,0,0,observed_zero_only,partial_observation_not_global_validity
LEAP_OBSERVED_PARTIAL,Other loss and own use/Coal mines,Other sources,,,0,0,0,observed_zero_only,partial_observation_not_global_validity
LEAP_OBSERVED_PARTIAL,Other loss and own use/Coal mines,Paraffin waxes,,,0,0,0,observed_zero_only,partial_observation_not_global_validity
LEAP_OBSERVED_PARTIAL,Other loss and own use/Coal mines,Patent fuel,,,0,0,0,observed_zero_only,partial_observation_not_global_validity
LEAP_OBSERVED_PARTIAL,Other loss and own use/Coal mines,Petroleum coke,,,0,0,0,observed_zero_only,partial_observation_not_global_validity
LEAP_OBSERVED_PARTIAL,Other loss and own use/Coal mines,Refinery feedstocks,,,0,0,0,observed_zero_only,partial_observation_not_global_validity
LEAP_OBSERVED_PARTIAL,Other loss and own use/Coal mines,Refinery gas not liquefied,,,0,0,0,observed_zero_only,partial_observation_not_global_validity
LEAP_OBSERVED_PARTIAL,Other loss and own use/Coal mines,Solar nonspecified,,,0,0,0,observed_zero_only,partial_observation_not_global_validity
LEAP_OBSERVED_PARTIAL,Other loss and own use/Coal mines,Solar photovoltaics,,,0,0,0,observed_zero_only,partial_observation_not_global_validity
LEAP_OBSERVED_PARTIAL,Other loss and own use/Coal mines,Sub bituminous coal,2022,2060,2,39,41,observed_data_valid,partial_observation_not_global_validity
LEAP_OBSERVED_PARTIAL,Other loss and own use/Coal mines,White spirit SBP,,,0,0,0,observed_zero_only,partial_observation_not_global_validity
LEAP_OBSERVED_PARTIAL,Other loss and own use/Coal mines,Wind,,,0,0,0,observed_zero_only,partial_observation_not_global_validity
LEAP_OBSERVED_PARTIAL,Other loss and own use/Electricity CHP and heat plants,AUTO BALANCE,,,0,0,0,observed_zero_only,partial_observation_not_global_validity
LEAP_OBSERVED_PARTIAL,Other loss and own use/Electricity CHP and heat plants,Additives and oxygenates,,,0,0,0,observed_zero_only,partial_observation_not_global_validity
LEAP_OBSERVED_PARTIAL,Other loss and own use/Electricity CHP and heat plants,Ammonia,,,0,0,0,observed_zero_only,partial_observation_not_global_validity
LEAP_OBSERVED_PARTIAL,Other loss and own use/Electricity CHP and heat plants,Anthracite,,,0,0,0,observed_zero_only,partial_observation_not_global_validity
LEAP_OBSERVED_PARTIAL,Other loss and own use/Electricity CHP and heat plants,Aviation gasoline,,,0,0,0,observed_zero_only,partial_observation_not_global_validity
LEAP_OBSERVED_PARTIAL,Other loss and own use/Electricity CHP and heat plants,BKB and PB,,,0,0,0,observed_zero_only,partial_observation_not_global_validity
LEAP_OBSERVED_PARTIAL,Other loss and own use/Electricity CHP and heat plants,Bagasse,,,0,0,0,observed_zero_only,partial_observation_not_global_validity
LEAP_OBSERVED_PARTIAL,Other loss and own use/Electricity CHP and heat plants,Bio jet kerosene,,,0,0,0,observed_zero_only,partial_observation_not_global_validity
LEAP_OBSERVED_PARTIAL,Other loss and own use/Electricity CHP and heat plants,Biodiesel,,,0,0,0,observed_zero_only,partial_observation_not_global_validity
LEAP_OBSERVED_PARTIAL,Other loss and own use/Electricity CHP and heat plants,Biogas,,,0,0,0,observed_zero_only,partial_observation_not_global_validity
LEAP_OBSERVED_PARTIAL,Other loss and own use/Electricity CHP and heat plants,Biogasoline,,,0,0,0,observed_zero_only,partial_observation_not_global_validity
LEAP_OBSERVED_PARTIAL,Other loss and own use/Electricity CHP and heat plants,Bitumen,,,0,0,0,observed_zero_only,partial_observation_not_global_validity
LEAP_OBSERVED_PARTIAL,Other loss and own use/Electricity CHP and heat plants,Black liquor,,,0,0,0,observed_zero_only,partial_observation_not_global_validity
LEAP_OBSERVED_PARTIAL,Other loss and own use/Electricity CHP and heat plants,Blast furnace gas,,,0,0,0,observed_zero_only,partial_observation_not_global_validity
LEAP_OBSERVED_PARTIAL,Other loss and own use/Electricity CHP and heat plants,Charcoal,,,0,0,0,observed_zero_only,partial_observation_not_global_validity
LEAP_OBSERVED_PARTIAL,Other loss and own use/Electricity CHP and heat plants,Coal tar,,,0,0,0,observed_zero_only,partial_observation_not_global_validity
LEAP_OBSERVED_PARTIAL,Other loss and own use/Electricity CHP and heat plants,Coke oven coke,2022,2060,1,39,40,observed_data_valid,partial_observation_not_global_validity
LEAP_OBSERVED_PARTIAL,Other loss and own use/Electricity CHP and heat plants,Coke oven gas,2022,2060,1,39,40,observed_data_valid,partial_observation_not_global_validity
LEAP_OBSERVED_PARTIAL,Other loss and own use/Electricity CHP and heat plants,Coking coal,,,0,0,0,observed_zero_only,partial_observation_not_global_validity
LEAP_OBSERVED_PARTIAL,Other loss and own use/Electricity CHP and heat plants,Crude oil,2022,2060,2,39,42,observed_data_valid,partial_observation_not_global_validity
LEAP_OBSERVED_PARTIAL,Other loss and own use/Electricity CHP and heat plants,Efuel,,,0,0,0,observed_zero_only,partial_observation_not_global_validity
LEAP_OBSERVED_PARTIAL,Other loss and own use/Electricity CHP and heat plants,Electricity,2022,2060,8,39,429,observed_data_valid,partial_observation_not_global_validity
LEAP_OBSERVED_PARTIAL,Other loss and own use/Electricity CHP and heat plants,Electricity for hydrogen,,,0,0,0,observed_zero_only,partial_observation_not_global_validity
LEAP_OBSERVED_PARTIAL,Other loss and own use/Electricity CHP and heat plants,Ethane,,,0,0,0,observed_zero_only,partial_observation_not_global_validity
LEAP_OBSERVED_PARTIAL,Other loss and own use/Electricity CHP and heat plants,Fuel oil,2022,2060,1,39,40,observed_data_valid,partial_observation_not_global_validity
LEAP_OBSERVED_PARTIAL,Other loss and own use/Electricity CHP and heat plants,Fuelwood and woodwaste,,,0,0,0,observed_zero_only,partial_observation_not_global_validity
LEAP_OBSERVED_PARTIAL,Other loss and own use/Electricity CHP and heat plants,Gas and diesel oil,2022,2060,1,39,40,observed_data_valid,partial_observation_not_global_validity
LEAP_OBSERVED_PARTIAL,Other loss and own use/Electricity CHP and heat plants,Gas nonspecified,,,0,0,0,observed_zero_only,partial_observation_not_global_validity
LEAP_OBSERVED_PARTIAL,Other loss and own use/Electricity CHP and heat plants,Gas works gas,,,0,0,0,observed_zero_only,partial_observation_not_global_validity
LEAP_OBSERVED_PARTIAL,Other loss and own use/Electricity CHP and heat plants,Gasoline type jet fuel,,,0,0,0,observed_zero_only,partial_observation_not_global_validity
LEAP_OBSERVED_PARTIAL,Other loss and own use/Electricity CHP and heat plants,Geothermal,,,0,0,0,observed_zero_only,partial_observation_not_global_validity
LEAP_OBSERVED_PARTIAL,Other loss and own use/Electricity CHP and heat plants,Heat,2022,2060,2,39,118,observed_data_valid,partial_observation_not_global_validity
LEAP_OBSERVED_PARTIAL,Other loss and own use/Electricity CHP and heat plants,Hydro,,,0,0,0,observed_zero_only,partial_observation_not_global_validity
LEAP_OBSERVED_PARTIAL,Other loss and own use/Electricity CHP and heat plants,Hydrogen,,,0,0,0,observed_zero_only,partial_observation_not_global_validity
LEAP_OBSERVED_PARTIAL,Other loss and own use/Electricity CHP and heat plants,Industrial waste,,,0,0,0,observed_zero_only,partial_observation_not_global_validity
LEAP_OBSERVED_PARTIAL,Other loss and own use/Electricity CHP and heat plants,Kerosene,,,0,0,0,observed_zero_only,partial_observation_not_global_validity
LEAP_OBSERVED_PARTIAL,Other loss and own use/Electricity CHP and heat plants,Kerosene type jet fuel,,,0,0,0,observed_zero_only,partial_observation_not_global_validity
LEAP_OBSERVED_PARTIAL,Other loss and own use/Electricity CHP and heat plants,LNG,,,0,0,0,observed_zero_only,partial_observation_not_global_validity
LEAP_OBSERVED_PARTIAL,Other loss and own use/Electricity CHP and heat plants,LPG,2022,2060,2,39,42,observed_data_valid,partial_observation_not_global_validity
LEAP_OBSERVED_PARTIAL,Other loss and own use/Electricity CHP and heat plants,Lignite,,,0,0,0,observed_zero_only,partial_observation_not_global_validity
LEAP_OBSERVED_PARTIAL,Other loss and own use/Electricity CHP and heat plants,Lubricants,,,0,0,0,observed_zero_only,partial_observation_not_global_validity
LEAP_OBSERVED_PARTIAL,Other loss and own use/Electricity CHP and heat plants,Motor gasoline,2022,2060,2,39,42,observed_data_valid,partial_observation_not_global_validity
LEAP_OBSERVED_PARTIAL,Other loss and own use/Electricity CHP and heat plants,Municipal solid waste non renewable,,,0,0,0,observed_zero_only,partial_observation_not_global_validity
LEAP_OBSERVED_PARTIAL,Other loss and own use/Electricity CHP and heat plants,Municipal solid waste renewable,,,0,0,0,observed_zero_only,partial_observation_not_global_validity
LEAP_OBSERVED_PARTIAL,Other loss and own use/Electricity CHP and heat plants,Naphtha,,,0,0,0,observed_zero_only,partial_observation_not_global_validity
LEAP_OBSERVED_PARTIAL,Other loss and own use/Electricity CHP and heat plants,Natural gas,2022,2060,1,39,40,observed_data_valid,partial_observation_not_global_validity
LEAP_OBSERVED_PARTIAL,Other loss and own use/Electricity CHP and heat plants,Natural gas liquids,,,0,0,0,observed_zero_only,partial_observation_not_global_validity
LEAP_OBSERVED_PARTIAL,Other loss and own use/Electricity CHP and heat plants,Nuclear,,,0,0,0,observed_zero_only,partial_observation_not_global_validity
LEAP_OBSERVED_PARTIAL,Other loss and own use/Electricity CHP and heat plants,Other biomass,2022,2060,1,39,40,observed_data_valid,partial_observation_not_global_validity
LEAP_OBSERVED_PARTIAL,Other loss and own use/Electricity CHP and heat plants,Other bituminous coal,2022,2060,1,39,40,observed_data_valid,partial_observation_not_global_validity
LEAP_OBSERVED_PARTIAL,Other loss and own use/Electricity CHP and heat plants,Other hydrocarbons,,,0,0,0,observed_zero_only,partial_observation_not_global_validity
LEAP_OBSERVED_PARTIAL,Other loss and own use/Electricity CHP and heat plants,Other liquid biofuels,,,0,0,0,observed_zero_only,partial_observation_not_global_validity
LEAP_OBSERVED_PARTIAL,Other loss and own use/Electricity CHP and heat plants,Other products,2022,2060,1,39,40,observed_data_valid,partial_observation_not_global_validity
LEAP_OBSERVED_PARTIAL,Other loss and own use/Electricity CHP and heat plants,Other recovered gases,,,0,0,0,observed_zero_only,partial_observation_not_global_validity
LEAP_OBSERVED_PARTIAL,Other loss and own use/Electricity CHP and heat plants,Other sources,,,0,0,0,observed_zero_only,partial_observation_not_global_validity
LEAP_OBSERVED_PARTIAL,Other loss and own use/Electricity CHP and heat plants,Paraffin waxes,,,0,0,0,observed_zero_only,partial_observation_not_global_validity
LEAP_OBSERVED_PARTIAL,Other loss and own use/Electricity CHP and heat plants,Patent fuel,,,0,0,0,observed_zero_only,partial_observation_not_global_validity
LEAP_OBSERVED_PARTIAL,Other loss and own use/Electricity CHP and heat plants,Petroleum coke,2022,2060,1,39,40,observed_data_valid,partial_observation_not_global_validity
LEAP_OBSERVED_PARTIAL,Other loss and own use/Electricity CHP and heat plants,Refinery feedstocks,,,0,0,0,observed_zero_only,partial_observation_not_global_validity
LEAP_OBSERVED_PARTIAL,Other loss and own use/Electricity CHP and heat plants,Refinery gas not liquefied,2022,2060,1,39,40,observed_data_valid,partial_observation_not_global_validity
LEAP_OBSERVED_PARTIAL,Other loss and own use/Electricity CHP and heat plants,Solar nonspecified,,,0,0,0,observed_zero_only,partial_observation_not_global_validity
LEAP_OBSERVED_PARTIAL,Other loss and own use/Electricity CHP and heat plants,Solar photovoltaics,,,0,0,0,observed_zero_only,partial_observation_not_global_validity
LEAP_OBSERVED_PARTIAL,Other loss and own use/Electricity CHP and heat plants,Sub bituminous coal,,,0,0,0,observed_zero_only,partial_observation_not_global_validity
LEAP_OBSERVED_PARTIAL,Other loss and own use/Electricity CHP and heat plants,White spirit SBP,,,0,0,0,observed_zero_only,partial_observation_not_global_validity
LEAP_OBSERVED_PARTIAL,Other loss and own use/Electricity CHP and heat plants,Wind,,,0,0,0,observed_zero_only,partial_observation_not_global_validity
LEAP_OBSERVED_PARTIAL,Other loss and own use/Liquefaction and regasification plants,AUTO BALANCE,,,0,0,0,observed_zero_only,partial_observation_not_global_validity
LEAP_OBSERVED_PARTIAL,Other loss and own use/Liquefaction and regasification plants,Additives and oxygenates,,,0,0,0,observed_zero_only,partial_observation_not_global_validity
LEAP_OBSERVED_PARTIAL,Other loss and own use/Liquefaction and regasification plants,Ammonia,,,0,0,0,observed_zero_only,partial_observation_not_global_validity
LEAP_OBSERVED_PARTIAL,Other loss and own use/Liquefaction and regasification plants,Anthracite,,,0,0,0,observed_zero_only,partial_observation_not_global_validity
LEAP_OBSERVED_PARTIAL,Other loss and own use/Liquefaction and regasification plants,Aviation gasoline,,,0,0,0,observed_zero_only,partial_observation_not_global_validity
LEAP_OBSERVED_PARTIAL,Other loss and own use/Liquefaction and regasification plants,BKB and PB,,,0,0,0,observed_zero_only,partial_observation_not_global_validity
LEAP_OBSERVED_PARTIAL,Other loss and own use/Liquefaction and regasification plants,Bagasse,,,0,0,0,observed_zero_only,partial_observation_not_global_validity
LEAP_OBSERVED_PARTIAL,Other loss and own use/Liquefaction and regasification plants,Bio jet kerosene,,,0,0,0,observed_zero_only,partial_observation_not_global_validity
LEAP_OBSERVED_PARTIAL,Other loss and own use/Liquefaction and regasification plants,Biodiesel,,,0,0,0,observed_zero_only,partial_observation_not_global_validity
LEAP_OBSERVED_PARTIAL,Other loss and own use/Liquefaction and regasification plants,Biogas,,,0,0,0,observed_zero_only,partial_observation_not_global_validity
LEAP_OBSERVED_PARTIAL,Other loss and own use/Liquefaction and regasification plants,Biogasoline,,,0,0,0,observed_zero_only,partial_observation_not_global_validity
LEAP_OBSERVED_PARTIAL,Other loss and own use/Liquefaction and regasification plants,Bitumen,,,0,0,0,observed_zero_only,partial_observation_not_global_validity
LEAP_OBSERVED_PARTIAL,Other loss and own use/Liquefaction and regasification plants,Black liquor,,,0,0,0,observed_zero_only,partial_observation_not_global_validity
LEAP_OBSERVED_PARTIAL,Other loss and own use/Liquefaction and regasification plants,Blast furnace gas,,,0,0,0,observed_zero_only,partial_observation_not_global_validity
LEAP_OBSERVED_PARTIAL,Other loss and own use/Liquefaction and regasification plants,Charcoal,,,0,0,0,observed_zero_only,partial_observation_not_global_validity
LEAP_OBSERVED_PARTIAL,Other loss and own use/Liquefaction and regasification plants,Coal tar,,,0,0,0,observed_zero_only,partial_observation_not_global_validity
LEAP_OBSERVED_PARTIAL,Other loss and own use/Liquefaction and regasification plants,Coke oven coke,,,0,0,0,observed_zero_only,partial_observation_not_global_validity
LEAP_OBSERVED_PARTIAL,Other loss and own use/Liquefaction and regasification plants,Coke oven gas,,,0,0,0,observed_zero_only,partial_observation_not_global_validity
LEAP_OBSERVED_PARTIAL,Other loss and own use/Liquefaction and regasification plants,Coking coal,,,0,0,0,observed_zero_only,partial_observation_not_global_validity
LEAP_OBSERVED_PARTIAL,Other loss and own use/Liquefaction and regasification plants,Crude oil,,,0,0,0,observed_zero_only,partial_observation_not_global_validity
LEAP_OBSERVED_PARTIAL,Other loss and own use/Liquefaction and regasification plants,Efuel,,,0,0,0,observed_zero_only,partial_observation_not_global_validity
LEAP_OBSERVED_PARTIAL,Other loss and own use/Liquefaction and regasification plants,Electricity,2022,2060,7,39,383,observed_data_valid,partial_observation_not_global_validity
LEAP_OBSERVED_PARTIAL,Other loss and own use/Liquefaction and regasification plants,Electricity for hydrogen,,,0,0,0,observed_zero_only,partial_observation_not_global_validity
LEAP_OBSERVED_PARTIAL,Other loss and own use/Liquefaction and regasification plants,Ethane,,,0,0,0,observed_zero_only,partial_observation_not_global_validity
LEAP_OBSERVED_PARTIAL,Other loss and own use/Liquefaction and regasification plants,Fuel oil,,,0,0,0,observed_zero_only,partial_observation_not_global_validity
LEAP_OBSERVED_PARTIAL,Other loss and own use/Liquefaction and regasification plants,Fuelwood and woodwaste,,,0,0,0,observed_zero_only,partial_observation_not_global_validity
LEAP_OBSERVED_PARTIAL,Other loss and own use/Liquefaction and regasification plants,Gas and diesel oil,,,0,0,0,observed_zero_only,partial_observation_not_global_validity
LEAP_OBSERVED_PARTIAL,Other loss and own use/Liquefaction and regasification plants,Gas nonspecified,,,0,0,0,observed_zero_only,partial_observation_not_global_validity
LEAP_OBSERVED_PARTIAL,Other loss and own use/Liquefaction and regasification plants,Gas works gas,,,0,0,0,observed_zero_only,partial_observation_not_global_validity
LEAP_OBSERVED_PARTIAL,Other loss and own use/Liquefaction and regasification plants,Gasoline type jet fuel,,,0,0,0,observed_zero_only,partial_observation_not_global_validity
LEAP_OBSERVED_PARTIAL,Other loss and own use/Liquefaction and regasification plants,Geothermal,,,0,0,0,observed_zero_only,partial_observation_not_global_validity
LEAP_OBSERVED_PARTIAL,Other loss and own use/Liquefaction and regasification plants,Heat,,,0,0,0,observed_zero_only,partial_observation_not_global_validity
LEAP_OBSERVED_PARTIAL,Other loss and own use/Liquefaction and regasification plants,Hydro,,,0,0,0,observed_zero_only,partial_observation_not_global_validity
LEAP_OBSERVED_PARTIAL,Other loss and own use/Liquefaction and regasification plants,Hydrogen,,,0,0,0,observed_zero_only,partial_observation_not_global_validity
LEAP_OBSERVED_PARTIAL,Other loss and own use/Liquefaction and regasification plants,Industrial waste,,,0,0,0,observed_zero_only,partial_observation_not_global_validity
LEAP_OBSERVED_PARTIAL,Other loss and own use/Liquefaction and regasification plants,Kerosene,,,0,0,0,observed_zero_only,partial_observation_not_global_validity
LEAP_OBSERVED_PARTIAL,Other loss and own use/Liquefaction and regasification plants,Kerosene type jet fuel,,,0,0,0,observed_zero_only,partial_observation_not_global_validity
LEAP_OBSERVED_PARTIAL,Other loss and own use/Liquefaction and regasification plants,LNG,,,0,0,0,observed_zero_only,partial_observation_not_global_validity
LEAP_OBSERVED_PARTIAL,Other loss and own use/Liquefaction and regasification plants,LPG,,,0,0,0,observed_zero_only,partial_observation_not_global_validity
LEAP_OBSERVED_PARTIAL,Other loss and own use/Liquefaction and regasification plants,Lignite,,,0,0,0,observed_zero_only,partial_observation_not_global_validity
LEAP_OBSERVED_PARTIAL,Other loss and own use/Liquefaction and regasification plants,Lubricants,,,0,0,0,observed_zero_only,partial_observation_not_global_validity
LEAP_OBSERVED_PARTIAL,Other loss and own use/Liquefaction and regasification plants,Motor gasoline,,,0,0,0,observed_zero_only,partial_observation_not_global_validity
LEAP_OBSERVED_PARTIAL,Other loss and own use/Liquefaction and regasification plants,Municipal solid waste non renewable,,,0,0,0,observed_zero_only,partial_observation_not_global_validity
LEAP_OBSERVED_PARTIAL,Other loss and own use/Liquefaction and regasification plants,Municipal solid waste renewable,,,0,0,0,observed_zero_only,partial_observation_not_global_validity
LEAP_OBSERVED_PARTIAL,Other loss and own use/Liquefaction and regasification plants,Naphtha,,,0,0,0,observed_zero_only,partial_observation_not_global_validity
LEAP_OBSERVED_PARTIAL,Other loss and own use/Liquefaction and regasification plants,Natural gas,2022,2060,7,39,383,observed_data_valid,partial_observation_not_global_validity
LEAP_OBSERVED_PARTIAL,Other loss and own use/Liquefaction and regasification plants,Natural gas liquids,,,0,0,0,observed_zero_only,partial_observation_not_global_validity
LEAP_OBSERVED_PARTIAL,Other loss and own use/Liquefaction and regasification plants,Nuclear,,,0,0,0,observed_zero_only,partial_observation_not_global_validity
LEAP_OBSERVED_PARTIAL,Other loss and own use/Liquefaction and regasification plants,Other biomass,,,0,0,0,observed_zero_only,partial_observation_not_global_validity
LEAP_OBSERVED_PARTIAL,Other loss and own use/Liquefaction and regasification plants,Other bituminous coal,,,0,0,0,observed_zero_only,partial_observation_not_global_validity
LEAP_OBSERVED_PARTIAL,Other loss and own use/Liquefaction and regasification plants,Other hydrocarbons,,,0,0,0,observed_zero_only,partial_observation_not_global_validity
LEAP_OBSERVED_PARTIAL,Other loss and own use/Liquefaction and regasification plants,Other liquid biofuels,,,0,0,0,observed_zero_only,partial_observation_not_global_validity
LEAP_OBSERVED_PARTIAL,Other loss and own use/Liquefaction and regasification plants,Other products,,,0,0,0,observed_zero_only,partial_observation_not_global_validity
LEAP_OBSERVED_PARTIAL,Other loss and own use/Liquefaction and regasification plants,Other recovered gases,,,0,0,0,observed_zero_only,partial_observation_not_global_validity
LEAP_OBSERVED_PARTIAL,Other loss and own use/Liquefaction and regasification plants,Other sources,,,0,0,0,observed_zero_only,partial_observation_not_global_validity
LEAP_OBSERVED_PARTIAL,Other loss and own use/Liquefaction and regasification plants,Paraffin waxes,,,0,0,0,observed_zero_only,partial_observation_not_global_validity
LEAP_OBSERVED_PARTIAL,Other loss and own use/Liquefaction and regasification plants,Patent fuel,,,0,0,0,observed_zero_only,partial_observation_not_global_validity
LEAP_OBSERVED_PARTIAL,Other loss and own use/Liquefaction and regasification plants,Petroleum coke,,,0,0,0,observed_zero_only,partial_observation_not_global_validity
LEAP_OBSERVED_PARTIAL,Other loss and own use/Liquefaction and regasification plants,Refinery feedstocks,,,0,0,0,observed_zero_only,partial_observation_not_global_validity
LEAP_OBSERVED_PARTIAL,Other loss and own use/Liquefaction and regasification plants,Refinery gas not liquefied,,,0,0,0,observed_zero_only,partial_observation_not_global_validity
LEAP_OBSERVED_PARTIAL,Other loss and own use/Liquefaction and regasification plants,Solar nonspecified,,,0,0,0,observed_zero_only,partial_observation_not_global_validity
LEAP_OBSERVED_PARTIAL,Other loss and own use/Liquefaction and regasification plants,Solar photovoltaics,,,0,0,0,observed_zero_only,partial_observation_not_global_validity
LEAP_OBSERVED_PARTIAL,Other loss and own use/Liquefaction and regasification plants,Sub bituminous coal,,,0,0,0,observed_zero_only,partial_observation_not_global_validity
LEAP_OBSERVED_PARTIAL,Other loss and own use/Liquefaction and regasification plants,White spirit SBP,,,0,0,0,observed_zero_only,partial_observation_not_global_validity
LEAP_OBSERVED_PARTIAL,Other loss and own use/Liquefaction and regasification plants,Wind,,,0,0,0,observed_zero_only,partial_observation_not_global_validity
LEAP_OBSERVED_PARTIAL,Other loss and own use/Non specified own uses,AUTO BALANCE,,,0,0,0,observed_zero_only,partial_observation_not_global_validity
LEAP_OBSERVED_PARTIAL,Other loss and own use/Non specified own uses,Additives and oxygenates,,,0,0,0,observed_zero_only,partial_observation_not_global_validity
LEAP_OBSERVED_PARTIAL,Other loss and own use/Non specified own uses,Ammonia,,,0,0,0,observed_zero_only,partial_observation_not_global_validity
LEAP_OBSERVED_PARTIAL,Other loss and own use/Non specified own uses,Anthracite,,,0,0,0,observed_zero_only,partial_observation_not_global_validity
LEAP_OBSERVED_PARTIAL,Other loss and own use/Non specified own uses,Aviation gasoline,,,0,0,0,observed_zero_only,partial_observation_not_global_validity
LEAP_OBSERVED_PARTIAL,Other loss and own use/Non specified own uses,BKB and PB,,,0,0,0,observed_zero_only,partial_observation_not_global_validity
LEAP_OBSERVED_PARTIAL,Other loss and own use/Non specified own uses,Bagasse,,,0,0,0,observed_zero_only,partial_observation_not_global_validity
LEAP_OBSERVED_PARTIAL,Other loss and own use/Non specified own uses,Bio jet kerosene,,,0,0,0,observed_zero_only,partial_observation_not_global_validity
LEAP_OBSERVED_PARTIAL,Other loss and own use/Non specified own uses,Biodiesel,,,0,0,0,observed_zero_only,partial_observation_not_global_validity
LEAP_OBSERVED_PARTIAL,Other loss and own use/Non specified own uses,Biogas,,,0,0,0,observed_zero_only,partial_observation_not_global_validity
LEAP_OBSERVED_PARTIAL,Other loss and own use/Non specified own uses,Biogasoline,,,0,0,0,observed_zero_only,partial_observation_not_global_validity
LEAP_OBSERVED_PARTIAL,Other loss and own use/Non specified own uses,Bitumen,,,0,0,0,observed_zero_only,partial_observation_not_global_validity
LEAP_OBSERVED_PARTIAL,Other loss and own use/Non specified own uses,Black liquor,,,0,0,0,observed_zero_only,partial_observation_not_global_validity
LEAP_OBSERVED_PARTIAL,Other loss and own use/Non specified own uses,Blast furnace gas,,,0,0,0,observed_zero_only,partial_observation_not_global_validity
LEAP_OBSERVED_PARTIAL,Other loss and own use/Non specified own uses,Charcoal,,,0,0,0,observed_zero_only,partial_observation_not_global_validity
LEAP_OBSERVED_PARTIAL,Other loss and own use/Non specified own uses,Coal tar,,,0,0,0,observed_zero_only,partial_observation_not_global_validity
LEAP_OBSERVED_PARTIAL,Other loss and own use/Non specified own uses,Coke oven coke,,,0,0,0,observed_zero_only,partial_observation_not_global_validity
LEAP_OBSERVED_PARTIAL,Other loss and own use/Non specified own uses,Coke oven gas,,,0,0,0,observed_zero_only,partial_observation_not_global_validity
LEAP_OBSERVED_PARTIAL,Other loss and own use/Non specified own uses,Coking coal,,,0,0,0,observed_zero_only,partial_observation_not_global_validity
LEAP_OBSERVED_PARTIAL,Other loss and own use/Non specified own uses,Crude oil,,,0,0,0,observed_zero_only,partial_observation_not_global_validity
LEAP_OBSERVED_PARTIAL,Other loss and own use/Non specified own uses,Efuel,,,0,0,0,observed_zero_only,partial_observation_not_global_validity
LEAP_OBSERVED_PARTIAL,Other loss and own use/Non specified own uses,Electricity,2022,2060,4,39,234,observed_data_valid,partial_observation_not_global_validity
LEAP_OBSERVED_PARTIAL,Other loss and own use/Non specified own uses,Electricity for hydrogen,,,0,0,0,observed_zero_only,partial_observation_not_global_validity
LEAP_OBSERVED_PARTIAL,Other loss and own use/Non specified own uses,Ethane,,,0,0,0,observed_zero_only,partial_observation_not_global_validity
LEAP_OBSERVED_PARTIAL,Other loss and own use/Non specified own uses,Fuel oil,2022,2060,1,39,78,observed_data_valid,partial_observation_not_global_validity
LEAP_OBSERVED_PARTIAL,Other loss and own use/Non specified own uses,Fuelwood and woodwaste,,,0,0,0,observed_zero_only,partial_observation_not_global_validity
LEAP_OBSERVED_PARTIAL,Other loss and own use/Non specified own uses,Gas and diesel oil,2022,2060,1,39,78,observed_data_valid,partial_observation_not_global_validity
LEAP_OBSERVED_PARTIAL,Other loss and own use/Non specified own uses,Gas nonspecified,,,0,0,0,observed_zero_only,partial_observation_not_global_validity
LEAP_OBSERVED_PARTIAL,Other loss and own use/Non specified own uses,Gas works gas,,,0,0,0,observed_zero_only,partial_observation_not_global_validity
LEAP_OBSERVED_PARTIAL,Other loss and own use/Non specified own uses,Gasoline type jet fuel,,,0,0,0,observed_zero_only,partial_observation_not_global_validity
LEAP_OBSERVED_PARTIAL,Other loss and own use/Non specified own uses,Geothermal,,,0,0,0,observed_zero_only,partial_observation_not_global_validity
LEAP_OBSERVED_PARTIAL,Other loss and own use/Non specified own uses,Heat,,,0,0,0,observed_zero_only,partial_observation_not_global_validity
LEAP_OBSERVED_PARTIAL,Other loss and own use/Non specified own uses,Hydro,,,0,0,0,observed_zero_only,partial_observation_not_global_validity
LEAP_OBSERVED_PARTIAL,Other loss and own use/Non specified own uses,Hydrogen,,,0,0,0,observed_zero_only,partial_observation_not_global_validity
LEAP_OBSERVED_PARTIAL,Other loss and own use/Non specified own uses,Industrial waste,,,0,0,0,observed_zero_only,partial_observation_not_global_validity
LEAP_OBSERVED_PARTIAL,Other loss and own use/Non specified own uses,Kerosene,2022,2060,1,39,78,observed_data_valid,partial_observation_not_global_validity
LEAP_OBSERVED_PARTIAL,Other loss and own use/Non specified own uses,Kerosene type jet fuel,,,0,0,0,observed_zero_only,partial_observation_not_global_validity
LEAP_OBSERVED_PARTIAL,Other loss and own use/Non specified own uses,LNG,,,0,0,0,observed_zero_only,partial_observation_not_global_validity
LEAP_OBSERVED_PARTIAL,Other loss and own use/Non specified own uses,LPG,2022,2060,1,39,78,observed_data_valid,partial_observation_not_global_validity
LEAP_OBSERVED_PARTIAL,Other loss and own use/Non specified own uses,Lignite,,,0,0,0,observed_zero_only,partial_observation_not_global_validity
LEAP_OBSERVED_PARTIAL,Other loss and own use/Non specified own uses,Lubricants,,,0,0,0,observed_zero_only,partial_observation_not_global_validity
LEAP_OBSERVED_PARTIAL,Other loss and own use/Non specified own uses,Motor gasoline,,,0,0,0,observed_zero_only,partial_observation_not_global_validity
LEAP_OBSERVED_PARTIAL,Other loss and own use/Non specified own uses,Municipal solid waste non renewable,,,0,0,0,observed_zero_only,partial_observation_not_global_validity
LEAP_OBSERVED_PARTIAL,Other loss and own use/Non specified own uses,Municipal solid waste renewable,,,0,0,0,observed_zero_only,partial_observation_not_global_validity
LEAP_OBSERVED_PARTIAL,Other loss and own use/Non specified own uses,Naphtha,,,0,0,0,observed_zero_only,partial_observation_not_global_validity
LEAP_OBSERVED_PARTIAL,Other loss and own use/Non specified own uses,Natural gas,2022,2060,1,39,78,observed_data_valid,partial_observation_not_global_validity
LEAP_OBSERVED_PARTIAL,Other loss and own use/Non specified own uses,Natural gas liquids,,,0,0,0,observed_zero_only,partial_observation_not_global_validity
LEAP_OBSERVED_PARTIAL,Other loss and own use/Non specified own uses,Nuclear,,,0,0,0,observed_zero_only,partial_observation_not_global_validity
LEAP_OBSERVED_PARTIAL,Other loss and own use/Non specified own uses,Other biomass,2022,2060,1,39,78,observed_data_valid,partial_observation_not_global_validity
LEAP_OBSERVED_PARTIAL,Other loss and own use/Non specified own uses,Other bituminous coal,,,0,0,0,observed_zero_only,partial_observation_not_global_validity
LEAP_OBSERVED_PARTIAL,Other loss and own use/Non specified own uses,Other hydrocarbons,,,0,0,0,observed_zero_only,partial_observation_not_global_validity
LEAP_OBSERVED_PARTIAL,Other loss and own use/Non specified own uses,Other liquid biofuels,,,0,0,0,observed_zero_only,partial_observation_not_global_validity
LEAP_OBSERVED_PARTIAL,Other loss and own use/Non specified own uses,Other products,2022,2060,2,39,80,observed_data_valid,partial_observation_not_global_validity
LEAP_OBSERVED_PARTIAL,Other loss and own use/Non specified own uses,Other recovered gases,,,0,0,0,observed_zero_only,partial_observation_not_global_validity
LEAP_OBSERVED_PARTIAL,Other loss and own use/Non specified own uses,Other sources,,,0,0,0,observed_zero_only,partial_observation_not_global_validity
LEAP_OBSERVED_PARTIAL,Other loss and own use/Non specified own uses,Paraffin waxes,,,0,0,0,observed_zero_only,partial_observation_not_global_validity
LEAP_OBSERVED_PARTIAL,Other loss and own use/Non specified own uses,Patent fuel,,,0,0,0,observed_zero_only,partial_observation_not_global_validity
LEAP_OBSERVED_PARTIAL,Other loss and own use/Non specified own uses,Petroleum coke,,,0,0,0,observed_zero_only,partial_observation_not_global_validity
LEAP_OBSERVED_PARTIAL,Other loss and own use/Non specified own uses,Refinery feedstocks,,,0,0,0,observed_zero_only,partial_observation_not_global_validity
LEAP_OBSERVED_PARTIAL,Other loss and own use/Non specified own uses,Refinery gas not liquefied,,,0,0,0,observed_zero_only,partial_observation_not_global_validity
LEAP_OBSERVED_PARTIAL,Other loss and own use/Non specified own uses,Solar nonspecified,,,0,0,0,observed_zero_only,partial_observation_not_global_validity
LEAP_OBSERVED_PARTIAL,Other loss and own use/Non specified own uses,Solar photovoltaics,,,0,0,0,observed_zero_only,partial_observation_not_global_validity
LEAP_OBSERVED_PARTIAL,Other loss and own use/Non specified own uses,Sub bituminous coal,,,0,0,0,observed_zero_only,partial_observation_not_global_validity
LEAP_OBSERVED_PARTIAL,Other loss and own use/Non specified own uses,White spirit SBP,,,0,0,0,observed_zero_only,partial_observation_not_global_validity
LEAP_OBSERVED_PARTIAL,Other loss and own use/Non specified own uses,Wind,,,0,0,0,observed_zero_only,partial_observation_not_global_validity
LEAP_OBSERVED_PARTIAL,Other loss and own use/Non specififed own uses,Ammonia,,,0,0,0,observed_zero_only,partial_observation_not_global_validity
LEAP_OBSERVED_PARTIAL,Other loss and own use/Non specififed own uses,Aviation gasoline,,,0,0,0,observed_zero_only,partial_observation_not_global_validity
LEAP_OBSERVED_PARTIAL,Other loss and own use/Non specififed own uses,Bagasse,,,0,0,0,observed_zero_only,partial_observation_not_global_validity
LEAP_OBSERVED_PARTIAL,Other loss and own use/Non specififed own uses,Bio jet kerosene,,,0,0,0,observed_zero_only,partial_observation_not_global_validity
LEAP_OBSERVED_PARTIAL,Other loss and own use/Non specififed own uses,Biodiesel,,,0,0,0,observed_zero_only,partial_observation_not_global_validity
LEAP_OBSERVED_PARTIAL,Other loss and own use/Non specififed own uses,Biogasoline,,,0,0,0,observed_zero_only,partial_observation_not_global_validity
LEAP_OBSERVED_PARTIAL,Other loss and own use/Non specififed own uses,Bitumen,,,0,0,0,observed_zero_only,partial_observation_not_global_validity
LEAP_OBSERVED_PARTIAL,Other loss and own use/Non specififed own uses,Charcoal,,,0,0,0,observed_zero_only,partial_observation_not_global_validity
LEAP_OBSERVED_PARTIAL,Other loss and own use/Non specififed own uses,Crude oil,,,0,0,0,observed_zero_only,partial_observation_not_global_validity
LEAP_OBSERVED_PARTIAL,Other loss and own use/Non specififed own uses,Efuel,,,0,0,0,observed_zero_only,partial_observation_not_global_validity
LEAP_OBSERVED_PARTIAL,Other loss and own use/Non specififed own uses,Electricity,,,0,0,0,observed_zero_only,partial_observation_not_global_validity
LEAP_OBSERVED_PARTIAL,Other loss and own use/Non specififed own uses,Electricity for hydrogen,,,0,0,0,observed_zero_only,partial_observation_not_global_validity
LEAP_OBSERVED_PARTIAL,Other loss and own use/Non specififed own uses,Fuel oil,,,0,0,0,observed_zero_only,partial_observation_not_global_validity
LEAP_OBSERVED_PARTIAL,Other loss and own use/Non specififed own uses,Fuelwood and woodwaste,,,0,0,0,observed_zero_only,partial_observation_not_global_validity
LEAP_OBSERVED_PARTIAL,Other loss and own use/Non specififed own uses,Gas and diesel oil,,,0,0,0,observed_zero_only,partial_observation_not_global_validity
LEAP_OBSERVED_PARTIAL,Other loss and own use/Non specififed own uses,Geothermal,,,0,0,0,observed_zero_only,partial_observation_not_global_validity
LEAP_OBSERVED_PARTIAL,Other loss and own use/Non specififed own uses,Hydro,,,0,0,0,observed_zero_only,partial_observation_not_global_validity
LEAP_OBSERVED_PARTIAL,Other loss and own use/Non specififed own uses,Hydrogen,,,0,0,0,observed_zero_only,partial_observation_not_global_validity
LEAP_OBSERVED_PARTIAL,Other loss and own use/Non specififed own uses,Kerosene,,,0,0,0,observed_zero_only,partial_observation_not_global_validity
LEAP_OBSERVED_PARTIAL,Other loss and own use/Non specififed own uses,Kerosene type jet fuel,,,0,0,0,observed_zero_only,partial_observation_not_global_validity
LEAP_OBSERVED_PARTIAL,Other loss and own use/Non specififed own uses,LNG,,,0,0,0,observed_zero_only,partial_observation_not_global_validity
LEAP_OBSERVED_PARTIAL,Other loss and own use/Non specififed own uses,LPG,,,0,0,0,observed_zero_only,partial_observation_not_global_validity
LEAP_OBSERVED_PARTIAL,Other loss and own use/Non specififed own uses,Motor gasoline,,,0,0,0,observed_zero_only,partial_observation_not_global_validity
LEAP_OBSERVED_PARTIAL,Other loss and own use/Non specififed own uses,Municipal solid waste non renewable,,,0,0,0,observed_zero_only,partial_observation_not_global_validity
LEAP_OBSERVED_PARTIAL,Other loss and own use/Non specififed own uses,Municipal solid waste renewable,,,0,0,0,observed_zero_only,partial_observation_not_global_validity
LEAP_OBSERVED_PARTIAL,Other loss and own use/Non specififed own uses,Naphtha,,,0,0,0,observed_zero_only,partial_observation_not_global_validity
LEAP_OBSERVED_PARTIAL,Other loss and own use/Non specififed own uses,Natural gas,,,0,0,0,observed_zero_only,partial_observation_not_global_validity
LEAP_OBSERVED_PARTIAL,Other loss and own use/Non specififed own uses,Nuclear,,,0,0,0,observed_zero_only,partial_observation_not_global_validity
LEAP_OBSERVED_PARTIAL,Other loss and own use/Non specififed own uses,Other biomass,,,0,0,0,observed_zero_only,partial_observation_not_global_validity
LEAP_OBSERVED_PARTIAL,Other loss and own use/Non specififed own uses,Other products,,,0,0,0,observed_zero_only,partial_observation_not_global_validity
LEAP_OBSERVED_PARTIAL,Other loss and own use/Non specififed own uses,Other sources,,,0,0,0,observed_zero_only,partial_observation_not_global_validity
LEAP_OBSERVED_PARTIAL,Other loss and own use/Non specififed own uses,Solar photovoltaics,,,0,0,0,observed_zero_only,partial_observation_not_global_validity
LEAP_OBSERVED_PARTIAL,Other loss and own use/Non specififed own uses,Sub bituminous coal,,,0,0,0,observed_zero_only,partial_observation_not_global_validity
LEAP_OBSERVED_PARTIAL,Other loss and own use/Non specififed own uses,Wind,,,0,0,0,observed_zero_only,partial_observation_not_global_validity
LEAP_OBSERVED_PARTIAL,Other loss and own use/Oil and gas extraction,AUTO BALANCE,,,0,0,0,observed_zero_only,partial_observation_not_global_validity
LEAP_OBSERVED_PARTIAL,Other loss and own use/Oil and gas extraction,Additives and oxygenates,,,0,0,0,observed_zero_only,partial_observation_not_global_validity
LEAP_OBSERVED_PARTIAL,Other loss and own use/Oil and gas extraction,Ammonia,,,0,0,0,observed_zero_only,partial_observation_not_global_validity
LEAP_OBSERVED_PARTIAL,Other loss and own use/Oil and gas extraction,Anthracite,,,0,0,0,observed_zero_only,partial_observation_not_global_validity
LEAP_OBSERVED_PARTIAL,Other loss and own use/Oil and gas extraction,Aviation gasoline,,,0,0,0,observed_zero_only,partial_observation_not_global_validity
LEAP_OBSERVED_PARTIAL,Other loss and own use/Oil and gas extraction,BKB and PB,,,0,0,0,observed_zero_only,partial_observation_not_global_validity
LEAP_OBSERVED_PARTIAL,Other loss and own use/Oil and gas extraction,Bagasse,,,0,0,0,observed_zero_only,partial_observation_not_global_validity
LEAP_OBSERVED_PARTIAL,Other loss and own use/Oil and gas extraction,Bio jet kerosene,,,0,0,0,observed_zero_only,partial_observation_not_global_validity
LEAP_OBSERVED_PARTIAL,Other loss and own use/Oil and gas extraction,Biodiesel,2022,2060,1,39,78,observed_data_valid,partial_observation_not_global_validity
LEAP_OBSERVED_PARTIAL,Other loss and own use/Oil and gas extraction,Biogas,,,0,0,0,observed_zero_only,partial_observation_not_global_validity
LEAP_OBSERVED_PARTIAL,Other loss and own use/Oil and gas extraction,Biogasoline,,,0,0,0,observed_zero_only,partial_observation_not_global_validity
LEAP_OBSERVED_PARTIAL,Other loss and own use/Oil and gas extraction,Bitumen,,,0,0,0,observed_zero_only,partial_observation_not_global_validity
LEAP_OBSERVED_PARTIAL,Other loss and own use/Oil and gas extraction,Black liquor,,,0,0,0,observed_zero_only,partial_observation_not_global_validity
LEAP_OBSERVED_PARTIAL,Other loss and own use/Oil and gas extraction,Blast furnace gas,,,0,0,0,observed_zero_only,partial_observation_not_global_validity
LEAP_OBSERVED_PARTIAL,Other loss and own use/Oil and gas extraction,Charcoal,,,0,0,0,observed_zero_only,partial_observation_not_global_validity
LEAP_OBSERVED_PARTIAL,Other loss and own use/Oil and gas extraction,Coal tar,,,0,0,0,observed_zero_only,partial_observation_not_global_validity
LEAP_OBSERVED_PARTIAL,Other loss and own use/Oil and gas extraction,Coke oven coke,,,0,0,0,observed_zero_only,partial_observation_not_global_validity
LEAP_OBSERVED_PARTIAL,Other loss and own use/Oil and gas extraction,Coke oven gas,,,0,0,0,observed_zero_only,partial_observation_not_global_validity
LEAP_OBSERVED_PARTIAL,Other loss and own use/Oil and gas extraction,Coking coal,,,0,0,0,observed_zero_only,partial_observation_not_global_validity
LEAP_OBSERVED_PARTIAL,Other loss and own use/Oil and gas extraction,Crude oil,2022,2060,2,39,156,observed_data_valid,partial_observation_not_global_validity
LEAP_OBSERVED_PARTIAL,Other loss and own use/Oil and gas extraction,Efuel,,,0,0,0,observed_zero_only,partial_observation_not_global_validity
LEAP_OBSERVED_PARTIAL,Other loss and own use/Oil and gas extraction,Electricity,2022,2060,7,39,390,observed_data_valid,partial_observation_not_global_validity
LEAP_OBSERVED_PARTIAL,Other loss and own use/Oil and gas extraction,Electricity for hydrogen,,,0,0,0,observed_zero_only,partial_observation_not_global_validity
LEAP_OBSERVED_PARTIAL,Other loss and own use/Oil and gas extraction,Ethane,2022,2060,1,39,78,observed_data_valid,partial_observation_not_global_validity
LEAP_OBSERVED_PARTIAL,Other loss and own use/Oil and gas extraction,Fuel oil,2022,2060,1,39,78,observed_data_valid,partial_observation_not_global_validity
LEAP_OBSERVED_PARTIAL,Other loss and own use/Oil and gas extraction,Fuelwood and woodwaste,,,0,0,0,observed_zero_only,partial_observation_not_global_validity
LEAP_OBSERVED_PARTIAL,Other loss and own use/Oil and gas extraction,Gas and diesel oil,2022,2060,3,39,234,observed_data_valid,partial_observation_not_global_validity
LEAP_OBSERVED_PARTIAL,Other loss and own use/Oil and gas extraction,Gas nonspecified,,,0,0,0,observed_zero_only,partial_observation_not_global_validity
LEAP_OBSERVED_PARTIAL,Other loss and own use/Oil and gas extraction,Gas works gas,,,0,0,0,observed_zero_only,partial_observation_not_global_validity
LEAP_OBSERVED_PARTIAL,Other loss and own use/Oil and gas extraction,Gasoline type jet fuel,,,0,0,0,observed_zero_only,partial_observation_not_global_validity
LEAP_OBSERVED_PARTIAL,Other loss and own use/Oil and gas extraction,Geothermal,,,0,0,0,observed_zero_only,partial_observation_not_global_validity
LEAP_OBSERVED_PARTIAL,Other loss and own use/Oil and gas extraction,Heat,2022,2060,1,39,78,observed_data_valid,partial_observation_not_global_validity
LEAP_OBSERVED_PARTIAL,Other loss and own use/Oil and gas extraction,Hydro,,,0,0,0,observed_zero_only,partial_observation_not_global_validity
LEAP_OBSERVED_PARTIAL,Other loss and own use/Oil and gas extraction,Hydrogen,,,0,0,0,observed_zero_only,partial_observation_not_global_validity
LEAP_OBSERVED_PARTIAL,Other loss and own use/Oil and gas extraction,Industrial waste,,,0,0,0,observed_zero_only,partial_observation_not_global_validity
LEAP_OBSERVED_PARTIAL,Other loss and own use/Oil and gas extraction,Kerosene,2022,2060,1,39,78,observed_data_valid,partial_observation_not_global_validity
LEAP_OBSERVED_PARTIAL,Other loss and own use/Oil and gas extraction,Kerosene type jet fuel,,,0,0,0,observed_zero_only,partial_observation_not_global_validity
LEAP_OBSERVED_PARTIAL,Other loss and own use/Oil and gas extraction,LNG,,,0,0,0,observed_zero_only,partial_observation_not_global_validity
LEAP_OBSERVED_PARTIAL,Other loss and own use/Oil and gas extraction,LPG,2022,2060,2,39,156,observed_data_valid,partial_observation_not_global_validity
LEAP_OBSERVED_PARTIAL,Other loss and own use/Oil and gas extraction,Lignite,,,0,0,0,observed_zero_only,partial_observation_not_global_validity
LEAP_OBSERVED_PARTIAL,Other loss and own use/Oil and gas extraction,Lubricants,,,0,0,0,observed_zero_only,partial_observation_not_global_validity
LEAP_OBSERVED_PARTIAL,Other loss and own use/Oil and gas extraction,Motor gasoline,2022,2060,3,39,234,observed_data_valid,partial_observation_not_global_validity
LEAP_OBSERVED_PARTIAL,Other loss and own use/Oil and gas extraction,Municipal solid waste non renewable,,,0,0,0,observed_zero_only,partial_observation_not_global_validity
LEAP_OBSERVED_PARTIAL,Other loss and own use/Oil and gas extraction,Municipal solid waste renewable,,,0,0,0,observed_zero_only,partial_observation_not_global_validity
LEAP_OBSERVED_PARTIAL,Other loss and own use/Oil and gas extraction,Naphtha,,,0,0,0,observed_zero_only,partial_observation_not_global_validity
LEAP_OBSERVED_PARTIAL,Other loss and own use/Oil and gas extraction,Natural gas,2022,2060,8,39,429,observed_data_valid,partial_observation_not_global_validity
LEAP_OBSERVED_PARTIAL,Other loss and own use/Oil and gas extraction,Natural gas liquids,,,0,0,0,observed_zero_only,partial_observation_not_global_validity
LEAP_OBSERVED_PARTIAL,Other loss and own use/Oil and gas extraction,Nuclear,,,0,0,0,observed_zero_only,partial_observation_not_global_validity
LEAP_OBSERVED_PARTIAL,Other loss and own use/Oil and gas extraction,Other biomass,,,0,0,0,observed_zero_only,partial_observation_not_global_validity
LEAP_OBSERVED_PARTIAL,Other loss and own use/Oil and gas extraction,Other bituminous coal,2022,2060,1,39,40,observed_data_valid,partial_observation_not_global_validity
LEAP_OBSERVED_PARTIAL,Other loss and own use/Oil and gas extraction,Other hydrocarbons,,,0,0,0,observed_zero_only,partial_observation_not_global_validity
LEAP_OBSERVED_PARTIAL,Other loss and own use/Oil and gas extraction,Other liquid biofuels,,,0,0,0,observed_zero_only,partial_observation_not_global_validity
LEAP_OBSERVED_PARTIAL,Other loss and own use/Oil and gas extraction,Other products,2022,2060,1,39,40,observed_data_valid,partial_observation_not_global_validity
LEAP_OBSERVED_PARTIAL,Other loss and own use/Oil and gas extraction,Other recovered gases,,,0,0,0,observed_zero_only,partial_observation_not_global_validity
LEAP_OBSERVED_PARTIAL,Other loss and own use/Oil and gas extraction,Other sources,,,0,0,0,observed_zero_only,partial_observation_not_global_validity
LEAP_OBSERVED_PARTIAL,Other loss and own use/Oil and gas extraction,Paraffin waxes,,,0,0,0,observed_zero_only,partial_observation_not_global_validity
LEAP_OBSERVED_PARTIAL,Other loss and own use/Oil and gas extraction,Patent fuel,,,0,0,0,observed_zero_only,partial_observation_not_global_validity
LEAP_OBSERVED_PARTIAL,Other loss and own use/Oil and gas extraction,Petroleum coke,,,0,0,0,observed_zero_only,partial_observation_not_global_validity
LEAP_OBSERVED_PARTIAL,Other loss and own use/Oil and gas extraction,Refinery feedstocks,,,0,0,0,observed_zero_only,partial_observation_not_global_validity
LEAP_OBSERVED_PARTIAL,Other loss and own use/Oil and gas extraction,Refinery gas not liquefied,2022,2060,1,39,78,observed_data_valid,partial_observation_not_global_validity
LEAP_OBSERVED_PARTIAL,Other loss and own use/Oil and gas extraction,Solar nonspecified,,,0,0,0,observed_zero_only,partial_observation_not_global_validity
LEAP_OBSERVED_PARTIAL,Other loss and own use/Oil and gas extraction,Solar photovoltaics,,,0,0,0,observed_zero_only,partial_observation_not_global_validity
LEAP_OBSERVED_PARTIAL,Other loss and own use/Oil and gas extraction,Sub bituminous coal,,,0,0,0,observed_zero_only,partial_observation_not_global_validity
LEAP_OBSERVED_PARTIAL,Other loss and own use/Oil and gas extraction,White spirit SBP,,,0,0,0,observed_zero_only,partial_observation_not_global_validity
LEAP_OBSERVED_PARTIAL,Other loss and own use/Oil and gas extraction,Wind,,,0,0,0,observed_zero_only,partial_observation_not_global_validity
LEAP_OBSERVED_PARTIAL,Other loss and own use/Pump storage plants,AUTO BALANCE,,,0,0,0,observed_zero_only,partial_observation_not_global_validity
LEAP_OBSERVED_PARTIAL,Other loss and own use/Pump storage plants,Additives and oxygenates,,,0,0,0,observed_zero_only,partial_observation_not_global_validity
LEAP_OBSERVED_PARTIAL,Other loss and own use/Pump storage plants,Ammonia,,,0,0,0,observed_zero_only,partial_observation_not_global_validity
LEAP_OBSERVED_PARTIAL,Other loss and own use/Pump storage plants,Anthracite,,,0,0,0,observed_zero_only,partial_observation_not_global_validity
LEAP_OBSERVED_PARTIAL,Other loss and own use/Pump storage plants,Aviation gasoline,,,0,0,0,observed_zero_only,partial_observation_not_global_validity
LEAP_OBSERVED_PARTIAL,Other loss and own use/Pump storage plants,BKB and PB,,,0,0,0,observed_zero_only,partial_observation_not_global_validity
LEAP_OBSERVED_PARTIAL,Other loss and own use/Pump storage plants,Bagasse,,,0,0,0,observed_zero_only,partial_observation_not_global_validity
LEAP_OBSERVED_PARTIAL,Other loss and own use/Pump storage plants,Bio jet kerosene,,,0,0,0,observed_zero_only,partial_observation_not_global_validity
LEAP_OBSERVED_PARTIAL,Other loss and own use/Pump storage plants,Biodiesel,,,0,0,0,observed_zero_only,partial_observation_not_global_validity
LEAP_OBSERVED_PARTIAL,Other loss and own use/Pump storage plants,Biogas,,,0,0,0,observed_zero_only,partial_observation_not_global_validity
LEAP_OBSERVED_PARTIAL,Other loss and own use/Pump storage plants,Biogasoline,,,0,0,0,observed_zero_only,partial_observation_not_global_validity
LEAP_OBSERVED_PARTIAL,Other loss and own use/Pump storage plants,Bitumen,,,0,0,0,observed_zero_only,partial_observation_not_global_validity
LEAP_OBSERVED_PARTIAL,Other loss and own use/Pump storage plants,Black liquor,,,0,0,0,observed_zero_only,partial_observation_not_global_validity
LEAP_OBSERVED_PARTIAL,Other loss and own use/Pump storage plants,Blast furnace gas,,,0,0,0,observed_zero_only,partial_observation_not_global_validity
LEAP_OBSERVED_PARTIAL,Other loss and own use/Pump storage plants,Charcoal,,,0,0,0,observed_zero_only,partial_observation_not_global_validity
LEAP_OBSERVED_PARTIAL,Other loss and own use/Pump storage plants,Coal tar,,,0,0,0,observed_zero_only,partial_observation_not_global_validity
LEAP_OBSERVED_PARTIAL,Other loss and own use/Pump storage plants,Coke oven coke,,,0,0,0,observed_zero_only,partial_observation_not_global_validity
LEAP_OBSERVED_PARTIAL,Other loss and own use/Pump storage plants,Coke oven gas,,,0,0,0,observed_zero_only,partial_observation_not_global_validity
LEAP_OBSERVED_PARTIAL,Other loss and own use/Pump storage plants,Coking coal,,,0,0,0,observed_zero_only,partial_observation_not_global_validity
LEAP_OBSERVED_PARTIAL,Other loss and own use/Pump storage plants,Crude oil,,,0,0,0,observed_zero_only,partial_observation_not_global_validity
LEAP_OBSERVED_PARTIAL,Other loss and own use/Pump storage plants,Efuel,,,0,0,0,observed_zero_only,partial_observation_not_global_validity
LEAP_OBSERVED_PARTIAL,Other loss and own use/Pump storage plants,Electricity,2022,2060,2,39,42,observed_data_valid,partial_observation_not_global_validity
LEAP_OBSERVED_PARTIAL,Other loss and own use/Pump storage plants,Electricity for hydrogen,,,0,0,0,observed_zero_only,partial_observation_not_global_validity
LEAP_OBSERVED_PARTIAL,Other loss and own use/Pump storage plants,Ethane,,,0,0,0,observed_zero_only,partial_observation_not_global_validity
LEAP_OBSERVED_PARTIAL,Other loss and own use/Pump storage plants,Fuel oil,,,0,0,0,observed_zero_only,partial_observation_not_global_validity
LEAP_OBSERVED_PARTIAL,Other loss and own use/Pump storage plants,Fuelwood and woodwaste,,,0,0,0,observed_zero_only,partial_observation_not_global_validity
LEAP_OBSERVED_PARTIAL,Other loss and own use/Pump storage plants,Gas and diesel oil,,,0,0,0,observed_zero_only,partial_observation_not_global_validity
LEAP_OBSERVED_PARTIAL,Other loss and own use/Pump storage plants,Gas nonspecified,,,0,0,0,observed_zero_only,partial_observation_not_global_validity
LEAP_OBSERVED_PARTIAL,Other loss and own use/Pump storage plants,Gas works gas,,,0,0,0,observed_zero_only,partial_observation_not_global_validity
LEAP_OBSERVED_PARTIAL,Other loss and own use/Pump storage plants,Gasoline type jet fuel,,,0,0,0,observed_zero_only,partial_observation_not_global_validity
LEAP_OBSERVED_PARTIAL,Other loss and own use/Pump storage plants,Geothermal,,,0,0,0,observed_zero_only,partial_observation_not_global_validity
LEAP_OBSERVED_PARTIAL,Other loss and own use/Pump storage plants,Heat,,,0,0,0,observed_zero_only,partial_observation_not_global_validity
LEAP_OBSERVED_PARTIAL,Other loss and own use/Pump storage plants,Hydro,,,0,0,0,observed_zero_only,partial_observation_not_global_validity
LEAP_OBSERVED_PARTIAL,Other loss and own use/Pump storage plants,Hydrogen,,,0,0,0,observed_zero_only,partial_observation_not_global_validity
LEAP_OBSERVED_PARTIAL,Other loss and own use/Pump storage plants,Industrial waste,,,0,0,0,observed_zero_only,partial_observation_not_global_validity
LEAP_OBSERVED_PARTIAL,Other loss and own use/Pump storage plants,Kerosene,,,0,0,0,observed_zero_only,partial_observation_not_global_validity
LEAP_OBSERVED_PARTIAL,Other loss and own use/Pump storage plants,Kerosene type jet fuel,,,0,0,0,observed_zero_only,partial_observation_not_global_validity
LEAP_OBSERVED_PARTIAL,Other loss and own use/Pump storage plants,LNG,,,0,0,0,observed_zero_only,partial_observation_not_global_validity
LEAP_OBSERVED_PARTIAL,Other loss and own use/Pump storage plants,LPG,,,0,0,0,observed_zero_only,partial_observation_not_global_validity
LEAP_OBSERVED_PARTIAL,Other loss and own use/Pump storage plants,Lignite,,,0,0,0,observed_zero_only,partial_observation_not_global_validity
LEAP_OBSERVED_PARTIAL,Other loss and own use/Pump storage plants,Lubricants,,,0,0,0,observed_zero_only,partial_observation_not_global_validity
LEAP_OBSERVED_PARTIAL,Other loss and own use/Pump storage plants,Motor gasoline,,,0,0,0,observed_zero_only,partial_observation_not_global_validity
LEAP_OBSERVED_PARTIAL,Other loss and own use/Pump storage plants,Municipal solid waste non renewable,,,0,0,0,observed_zero_only,partial_observation_not_global_validity
LEAP_OBSERVED_PARTIAL,Other loss and own use/Pump storage plants,Municipal solid waste renewable,,,0,0,0,observed_zero_only,partial_observation_not_global_validity
LEAP_OBSERVED_PARTIAL,Other loss and own use/Pump storage plants,Naphtha,,,0,0,0,observed_zero_only,partial_observation_not_global_validity
LEAP_OBSERVED_PARTIAL,Other loss and own use/Pump storage plants,Natural gas,,,0,0,0,observed_zero_only,partial_observation_not_global_validity
LEAP_OBSERVED_PARTIAL,Other loss and own use/Pump storage plants,Natural gas liquids,,,0,0,0,observed_zero_only,partial_observation_not_global_validity
LEAP_OBSERVED_PARTIAL,Other loss and own use/Pump storage plants,Nuclear,,,0,0,0,observed_zero_only,partial_observation_not_global_validity
LEAP_OBSERVED_PARTIAL,Other loss and own use/Pump storage plants,Other biomass,,,0,0,0,observed_zero_only,partial_observation_not_global_validity
LEAP_OBSERVED_PARTIAL,Other loss and own use/Pump storage plants,Other bituminous coal,,,0,0,0,observed_zero_only,partial_observation_not_global_validity
LEAP_OBSERVED_PARTIAL,Other loss and own use/Pump storage plants,Other hydrocarbons,,,0,0,0,observed_zero_only,partial_observation_not_global_validity
LEAP_OBSERVED_PARTIAL,Other loss and own use/Pump storage plants,Other liquid biofuels,,,0,0,0,observed_zero_only,partial_observation_not_global_validity
LEAP_OBSERVED_PARTIAL,Other loss and own use/Pump storage plants,Other products,,,0,0,0,observed_zero_only,partial_observation_not_global_validity
LEAP_OBSERVED_PARTIAL,Other loss and own use/Pump storage plants,Other recovered gases,,,0,0,0,observed_zero_only,partial_observation_not_global_validity
LEAP_OBSERVED_PARTIAL,Other loss and own use/Pump storage plants,Other sources,,,0,0,0,observed_zero_only,partial_observation_not_global_validity
LEAP_OBSERVED_PARTIAL,Other loss and own use/Pump storage plants,Paraffin waxes,,,0,0,0,observed_zero_only,partial_observation_not_global_validity
LEAP_OBSERVED_PARTIAL,Other loss and own use/Pump storage plants,Patent fuel,,,0,0,0,observed_zero_only,partial_observation_not_global_validity
LEAP_OBSERVED_PARTIAL,Other loss and own use/Pump storage plants,Petroleum coke,,,0,0,0,observed_zero_only,partial_observation_not_global_validity
LEAP_OBSERVED_PARTIAL,Other loss and own use/Pump storage plants,Refinery feedstocks,,,0,0,0,observed_zero_only,partial_observation_not_global_validity
LEAP_OBSERVED_PARTIAL,Other loss and own use/Pump storage plants,Refinery gas not liquefied,,,0,0,0,observed_zero_only,partial_observation_not_global_validity
LEAP_OBSERVED_PARTIAL,Other loss and own use/Pump storage plants,Solar nonspecified,,,0,0,0,observed_zero_only,partial_observation_not_global_validity
LEAP_OBSERVED_PARTIAL,Other loss and own use/Pump storage plants,Solar photovoltaics,,,0,0,0,observed_zero_only,partial_observation_not_global_validity
LEAP_OBSERVED_PARTIAL,Other loss and own use/Pump storage plants,Sub bituminous coal,,,0,0,0,observed_zero_only,partial_observation_not_global_validity
LEAP_OBSERVED_PARTIAL,Other loss and own use/Pump storage plants,White spirit SBP,,,0,0,0,observed_zero_only,partial_observation_not_global_validity
LEAP_OBSERVED_PARTIAL,Other loss and own use/Pump storage plants,Wind,,,0,0,0,observed_zero_only,partial_observation_not_global_validity
LEAP_OBSERVED_PARTIAL,Other loss and own use/Transmission and distribution loss,AUTO BALANCE,,,0,0,0,observed_zero_only,partial_observation_not_global_validity
LEAP_OBSERVED_PARTIAL,Other loss and own use/Transmission and distribution loss,Additives and oxygenates,,,0,0,0,observed_zero_only,partial_observation_not_global_validity
LEAP_OBSERVED_PARTIAL,Other loss and own use/Transmission and distribution loss,Ammonia,,,0,0,0,observed_zero_only,partial_observation_not_global_validity
LEAP_OBSERVED_PARTIAL,Other loss and own use/Transmission and distribution loss,Anthracite,,,0,0,0,observed_zero_only,partial_observation_not_global_validity
LEAP_OBSERVED_PARTIAL,Other loss and own use/Transmission and distribution loss,Aviation gasoline,,,0,0,0,observed_zero_only,partial_observation_not_global_validity
LEAP_OBSERVED_PARTIAL,Other loss and own use/Transmission and distribution loss,BKB and PB,,,0,0,0,observed_zero_only,partial_observation_not_global_validity
LEAP_OBSERVED_PARTIAL,Other loss and own use/Transmission and distribution loss,Bagasse,,,0,0,0,observed_zero_only,partial_observation_not_global_validity
LEAP_OBSERVED_PARTIAL,Other loss and own use/Transmission and distribution loss,Bio jet kerosene,,,0,0,0,observed_zero_only,partial_observation_not_global_validity
LEAP_OBSERVED_PARTIAL,Other loss and own use/Transmission and distribution loss,Biodiesel,,,0,0,0,observed_zero_only,partial_observation_not_global_validity
LEAP_OBSERVED_PARTIAL,Other loss and own use/Transmission and distribution loss,Biogas,,,0,0,0,observed_zero_only,partial_observation_not_global_validity
LEAP_OBSERVED_PARTIAL,Other loss and own use/Transmission and distribution loss,Biogasoline,,,0,0,0,observed_zero_only,partial_observation_not_global_validity
LEAP_OBSERVED_PARTIAL,Other loss and own use/Transmission and distribution loss,Bitumen,,,0,0,0,observed_zero_only,partial_observation_not_global_validity
LEAP_OBSERVED_PARTIAL,Other loss and own use/Transmission and distribution loss,Black liquor,,,0,0,0,observed_zero_only,partial_observation_not_global_validity
LEAP_OBSERVED_PARTIAL,Other loss and own use/Transmission and distribution loss,Blast furnace gas,,,0,0,0,observed_zero_only,partial_observation_not_global_validity
LEAP_OBSERVED_PARTIAL,Other loss and own use/Transmission and distribution loss,Charcoal,,,0,0,0,observed_zero_only,partial_observation_not_global_validity
LEAP_OBSERVED_PARTIAL,Other loss and own use/Transmission and distribution loss,Coal tar,,,0,0,0,observed_zero_only,partial_observation_not_global_validity
LEAP_OBSERVED_PARTIAL,Other loss and own use/Transmission and distribution loss,Coke oven coke,,,0,0,0,observed_zero_only,partial_observation_not_global_validity
LEAP_OBSERVED_PARTIAL,Other loss and own use/Transmission and distribution loss,Coke oven gas,,,0,0,0,observed_zero_only,partial_observation_not_global_validity
LEAP_OBSERVED_PARTIAL,Other loss and own use/Transmission and distribution loss,Coking coal,,,0,0,0,observed_zero_only,partial_observation_not_global_validity
LEAP_OBSERVED_PARTIAL,Other loss and own use/Transmission and distribution loss,Crude oil,2022,2060,2,39,41,observed_data_valid,partial_observation_not_global_validity
LEAP_OBSERVED_PARTIAL,Other loss and own use/Transmission and distribution loss,Efuel,,,0,0,0,observed_zero_only,partial_observation_not_global_validity
LEAP_OBSERVED_PARTIAL,Other loss and own use/Transmission and distribution loss,Electricity,2022,2060,9,39,468,observed_data_valid,partial_observation_not_global_validity
LEAP_OBSERVED_PARTIAL,Other loss and own use/Transmission and distribution loss,Electricity for hydrogen,,,0,0,0,observed_zero_only,partial_observation_not_global_validity
LEAP_OBSERVED_PARTIAL,Other loss and own use/Transmission and distribution loss,Ethane,,,0,0,0,observed_zero_only,partial_observation_not_global_validity
LEAP_OBSERVED_PARTIAL,Other loss and own use/Transmission and distribution loss,Fuel oil,,,0,0,0,observed_zero_only,partial_observation_not_global_validity
LEAP_OBSERVED_PARTIAL,Other loss and own use/Transmission and distribution loss,Fuelwood and woodwaste,,,0,0,0,observed_zero_only,partial_observation_not_global_validity
LEAP_OBSERVED_PARTIAL,Other loss and own use/Transmission and distribution loss,Gas and diesel oil,,,0,0,0,observed_zero_only,partial_observation_not_global_validity
LEAP_OBSERVED_PARTIAL,Other loss and own use/Transmission and distribution loss,Gas nonspecified,,,0,0,0,observed_zero_only,partial_observation_not_global_validity
LEAP_OBSERVED_PARTIAL,Other loss and own use/Transmission and distribution loss,Gas works gas,,,0,0,0,observed_zero_only,partial_observation_not_global_validity
LEAP_OBSERVED_PARTIAL,Other loss and own use/Transmission and distribution loss,Gasoline type jet fuel,,,0,0,0,observed_zero_only,partial_observation_not_global_validity
LEAP_OBSERVED_PARTIAL,Other loss and own use/Transmission and distribution loss,Geothermal,,,0,0,0,observed_zero_only,partial_observation_not_global_validity
LEAP_OBSERVED_PARTIAL,Other loss and own use/Transmission and distribution loss,Heat,2022,2060,2,39,156,observed_data_valid,partial_observation_not_global_validity
LEAP_OBSERVED_PARTIAL,Other loss and own use/Transmission and distribution loss,Hydro,,,0,0,0,observed_zero_only,partial_observation_not_global_validity
LEAP_OBSERVED_PARTIAL,Other loss and own use/Transmission and distribution loss,Hydrogen,,,0,0,0,observed_zero_only,partial_observation_not_global_validity
LEAP_OBSERVED_PARTIAL,Other loss and own use/Transmission and distribution loss,Industrial waste,,,0,0,0,observed_zero_only,partial_observation_not_global_validity
LEAP_OBSERVED_PARTIAL,Other loss and own use/Transmission and distribution loss,Kerosene,,,0,0,0,observed_zero_only,partial_observation_not_global_validity
LEAP_OBSERVED_PARTIAL,Other loss and own use/Transmission and distribution loss,Kerosene type jet fuel,,,0,0,0,observed_zero_only,partial_observation_not_global_validity
LEAP_OBSERVED_PARTIAL,Other loss and own use/Transmission and distribution loss,LNG,2022,2022,1,1,1,observed_data_valid,partial_observation_not_global_validity
LEAP_OBSERVED_PARTIAL,Other loss and own use/Transmission and distribution loss,LPG,2022,2060,1,39,40,observed_data_valid,partial_observation_not_global_validity
LEAP_OBSERVED_PARTIAL,Other loss and own use/Transmission and distribution loss,Lignite,,,0,0,0,observed_zero_only,partial_observation_not_global_validity
LEAP_OBSERVED_PARTIAL,Other loss and own use/Transmission and distribution loss,Lubricants,,,0,0,0,observed_zero_only,partial_observation_not_global_validity
LEAP_OBSERVED_PARTIAL,Other loss and own use/Transmission and distribution loss,Motor gasoline,,,0,0,0,observed_zero_only,partial_observation_not_global_validity
LEAP_OBSERVED_PARTIAL,Other loss and own use/Transmission and distribution loss,Municipal solid waste non renewable,,,0,0,0,observed_zero_only,partial_observation_not_global_validity
LEAP_OBSERVED_PARTIAL,Other loss and own use/Transmission and distribution loss,Municipal solid waste renewable,,,0,0,0,observed_zero_only,partial_observation_not_global_validity
LEAP_OBSERVED_PARTIAL,Other loss and own use/Transmission and distribution loss,Naphtha,,,0,0,0,observed_zero_only,partial_observation_not_global_validity
LEAP_OBSERVED_PARTIAL,Other loss and own use/Transmission and distribution loss,Natural gas,2022,2060,4,39,44,observed_data_valid,partial_observation_not_global_validity
LEAP_OBSERVED_PARTIAL,Other loss and own use/Transmission and distribution loss,Natural gas liquids,,,0,0,0,observed_zero_only,partial_observation_not_global_validity
LEAP_OBSERVED_PARTIAL,Other loss and own use/Transmission and distribution loss,Nuclear,,,0,0,0,observed_zero_only,partial_observation_not_global_validity
LEAP_OBSERVED_PARTIAL,Other loss and own use/Transmission and distribution loss,Other biomass,,,0,0,0,observed_zero_only,partial_observation_not_global_validity
LEAP_OBSERVED_PARTIAL,Other loss and own use/Transmission and distribution loss,Other bituminous coal,,,0,0,0,observed_zero_only,partial_observation_not_global_validity
LEAP_OBSERVED_PARTIAL,Other loss and own use/Transmission and distribution loss,Other hydrocarbons,,,0,0,0,observed_zero_only,partial_observation_not_global_validity
LEAP_OBSERVED_PARTIAL,Other loss and own use/Transmission and distribution loss,Other liquid biofuels,,,0,0,0,observed_zero_only,partial_observation_not_global_validity
LEAP_OBSERVED_PARTIAL,Other loss and own use/Transmission and distribution loss,Other products,,,0,0,0,observed_zero_only,partial_observation_not_global_validity
LEAP_OBSERVED_PARTIAL,Other loss and own use/Transmission and distribution loss,Other recovered gases,2022,2022,1,1,1,observed_data_valid,partial_observation_not_global_validity
LEAP_OBSERVED_PARTIAL,Other loss and own use/Transmission and distribution loss,Other sources,,,0,0,0,observed_zero_only,partial_observation_not_global_validity
LEAP_OBSERVED_PARTIAL,Other loss and own use/Transmission and distribution loss,Paraffin waxes,,,0,0,0,observed_zero_only,partial_observation_not_global_validity
LEAP_OBSERVED_PARTIAL,Other loss and own use/Transmission and distribution loss,Patent fuel,,,0,0,0,observed_zero_only,partial_observation_not_global_validity
LEAP_OBSERVED_PARTIAL,Other loss and own use/Transmission and distribution loss,Petroleum coke,,,0,0,0,observed_zero_only,partial_observation_not_global_validity
LEAP_OBSERVED_PARTIAL,Other loss and own use/Transmission and distribution loss,Refinery feedstocks,,,0,0,0,observed_zero_only,partial_observation_not_global_validity
LEAP_OBSERVED_PARTIAL,Other loss and own use/Transmission and distribution loss,Refinery gas not liquefied,,,0,0,0,observed_zero_only,partial_observation_not_global_validity
LEAP_OBSERVED_PARTIAL,Other loss and own use/Transmission and distribution loss,Solar nonspecified,,,0,0,0,observed_zero_only,partial_observation_not_global_validity
LEAP_OBSERVED_PARTIAL,Other loss and own use/Transmission and distribution loss,Solar photovoltaics,,,0,0,0,observed_zero_only,partial_observation_not_global_validity
LEAP_OBSERVED_PARTIAL,Other loss and own use/Transmission and distribution loss,Sub bituminous coal,,,0,0,0,observed_zero_only,partial_observation_not_global_validity
LEAP_OBSERVED_PARTIAL,Other loss and own use/Transmission and distribution loss,White spirit SBP,,,0,0,0,observed_zero_only,partial_observation_not_global_validity
LEAP_OBSERVED_PARTIAL,Other loss and own use/Transmission and distribution loss,Wind,,,0,0,0,observed_zero_only,partial_observation_not_global_validity
LEAP_OBSERVED_PARTIAL,Passenger road,Additives and oxygenates,,,0,0,0,observed_zero_only,partial_observation_not_global_validity
LEAP_OBSERVED_PARTIAL,Passenger road,Ammonia,,,0,0,0,observed_zero_only,partial_observation_not_global_validity
LEAP_OBSERVED_PARTIAL,Passenger road,Anthracite,,,0,0,0,observed_zero_only,partial_observation_not_global_validity
LEAP_OBSERVED_PARTIAL,Passenger road,Aviation gasoline,,,0,0,0,observed_zero_only,partial_observation_not_global_validity
LEAP_OBSERVED_PARTIAL,Passenger road,Bio jet kerosene,,,0,0,0,observed_zero_only,partial_observation_not_global_validity
LEAP_OBSERVED_PARTIAL,Passenger road,Biodiesel,,,0,0,0,observed_zero_only,partial_observation_not_global_validity
LEAP_OBSERVED_PARTIAL,Passenger road,Biogas,,,0,0,0,observed_zero_only,partial_observation_not_global_validity
LEAP_OBSERVED_PARTIAL,Passenger road,Biogasoline,2022,2060,1,39,39,observed_data_valid,partial_observation_not_global_validity
LEAP_OBSERVED_PARTIAL,Passenger road,Bitumen,,,0,0,0,observed_zero_only,partial_observation_not_global_validity
LEAP_OBSERVED_PARTIAL,Passenger road,Blast furnace gas,,,0,0,0,observed_zero_only,partial_observation_not_global_validity
LEAP_OBSERVED_PARTIAL,Passenger road,Coal tar,,,0,0,0,observed_zero_only,partial_observation_not_global_validity
LEAP_OBSERVED_PARTIAL,Passenger road,Coke oven coke,,,0,0,0,observed_zero_only,partial_observation_not_global_validity
LEAP_OBSERVED_PARTIAL,Passenger road,Coke oven gas,,,0,0,0,observed_zero_only,partial_observation_not_global_validity
LEAP_OBSERVED_PARTIAL,Passenger road,Coking coal,,,0,0,0,observed_zero_only,partial_observation_not_global_validity
LEAP_OBSERVED_PARTIAL,Passenger road,Crude oil,,,0,0,0,observed_zero_only,partial_observation_not_global_validity
LEAP_OBSERVED_PARTIAL,Passenger road,Efuel,,,0,0,0,observed_zero_only,partial_observation_not_global_validity
LEAP_OBSERVED_PARTIAL,Passenger road,Electricity,2022,2060,1,39,39,observed_data_valid,partial_observation_not_global_validity
LEAP_OBSERVED_PARTIAL,Passenger road,Electricity for hydrogen,,,0,0,0,observed_zero_only,partial_observation_not_global_validity
LEAP_OBSERVED_PARTIAL,Passenger road,Ethane,,,0,0,0,observed_zero_only,partial_observation_not_global_validity
LEAP_OBSERVED_PARTIAL,Passenger road,Fuel oil,,,0,0,0,observed_zero_only,partial_observation_not_global_validity
LEAP_OBSERVED_PARTIAL,Passenger road,Gas and diesel oil,,,0,0,0,observed_zero_only,partial_observation_not_global_validity
LEAP_OBSERVED_PARTIAL,Passenger road,Gas works gas,,,0,0,0,observed_zero_only,partial_observation_not_global_validity
LEAP_OBSERVED_PARTIAL,Passenger road,Hydro,,,0,0,0,observed_zero_only,partial_observation_not_global_validity
LEAP_OBSERVED_PARTIAL,Passenger road,Hydrogen,2023,2060,1,38,38,observed_data_valid,partial_observation_not_global_validity
LEAP_OBSERVED_PARTIAL,Passenger road,Industrial waste,,,0,0,0,observed_zero_only,partial_observation_not_global_validity
LEAP_OBSERVED_PARTIAL,Passenger road,Kerosene,,,0,0,0,observed_zero_only,partial_observation_not_global_validity
LEAP_OBSERVED_PARTIAL,Passenger road,Kerosene type jet fuel,,,0,0,0,observed_zero_only,partial_observation_not_global_validity
LEAP_OBSERVED_PARTIAL,Passenger road,LNG,,,0,0,0,observed_zero_only,partial_observation_not_global_validity
LEAP_OBSERVED_PARTIAL,Passenger road,LPG,2022,2060,1,39,39,observed_data_valid,partial_observation_not_global_validity
LEAP_OBSERVED_PARTIAL,Passenger road,Lignite,,,0,0,0,observed_zero_only,partial_observation_not_global_validity
LEAP_OBSERVED_PARTIAL,Passenger road,Lubricants,,,0,0,0,observed_zero_only,partial_observation_not_global_validity
LEAP_OBSERVED_PARTIAL,Passenger road,Motor gasoline,2022,2060,1,39,39,observed_data_valid,partial_observation_not_global_validity
LEAP_OBSERVED_PARTIAL,Passenger road,Naphtha,,,0,0,0,observed_zero_only,partial_observation_not_global_validity
LEAP_OBSERVED_PARTIAL,Passenger road,Natural gas,2022,2060,1,39,39,observed_data_valid,partial_observation_not_global_validity
LEAP_OBSERVED_PARTIAL,Passenger road,Natural gas liquids,,,0,0,0,observed_zero_only,partial_observation_not_global_validity
LEAP_OBSERVED_PARTIAL,Passenger road,Other biomass,,,0,0,0,observed_zero_only,partial_observation_not_global_validity
LEAP_OBSERVED_PARTIAL,Passenger road,Other bituminous coal,,,0,0,0,observed_zero_only,partial_observation_not_global_validity
LEAP_OBSERVED_PARTIAL,Passenger road,Other products,,,0,0,0,observed_zero_only,partial_observation_not_global_validity
LEAP_OBSERVED_PARTIAL,Passenger road,Other sources,,,0,0,0,observed_zero_only,partial_observation_not_global_validity
LEAP_OBSERVED_PARTIAL,Passenger road,Petroleum coke,,,0,0,0,observed_zero_only,partial_observation_not_global_validity
LEAP_OBSERVED_PARTIAL,Passenger road,Refinery feedstocks,,,0,0,0,observed_zero_only,partial_observation_not_global_validity
LEAP_OBSERVED_PARTIAL,Passenger road,Refinery gas not liquefied,,,0,0,0,observed_zero_only,partial_observation_not_global_validity
LEAP_OBSERVED_PARTIAL,Passenger road,Solar nonspecified,,,0,0,0,observed_zero_only,partial_observation_not_global_validity
LEAP_OBSERVED_PARTIAL,Passenger road,Solar photovoltaics,,,0,0,0,observed_zero_only,partial_observation_not_global_validity
LEAP_OBSERVED_PARTIAL,Passenger road,Sub bituminous coal,,,0,0,0,observed_zero_only,partial_observation_not_global_validity
LEAP_OBSERVED_PARTIAL,Passenger road,Wind,,,0,0,0,observed_zero_only,partial_observation_not_global_validity
LEAP_OBSERVED_PARTIAL,Passenger road/Buses,Additives and oxygenates,,,0,0,0,observed_zero_only,partial_observation_not_global_validity
LEAP_OBSERVED_PARTIAL,Passenger road/Buses,Ammonia,,,0,0,0,observed_zero_only,partial_observation_not_global_validity
LEAP_OBSERVED_PARTIAL,Passenger road/Buses,Anthracite,,,0,0,0,observed_zero_only,partial_observation_not_global_validity
LEAP_OBSERVED_PARTIAL,Passenger road/Buses,Aviation gasoline,,,0,0,0,observed_zero_only,partial_observation_not_global_validity
LEAP_OBSERVED_PARTIAL,Passenger road/Buses,Bio jet kerosene,,,0,0,0,observed_zero_only,partial_observation_not_global_validity
LEAP_OBSERVED_PARTIAL,Passenger road/Buses,Biodiesel,,,0,0,0,observed_zero_only,partial_observation_not_global_validity
LEAP_OBSERVED_PARTIAL,Passenger road/Buses,Biogas,,,0,0,0,observed_zero_only,partial_observation_not_global_validity
LEAP_OBSERVED_PARTIAL,Passenger road/Buses,Biogasoline,2022,2060,1,39,39,observed_data_valid,partial_observation_not_global_validity
LEAP_OBSERVED_PARTIAL,Passenger road/Buses,Bitumen,,,0,0,0,observed_zero_only,partial_observation_not_global_validity
LEAP_OBSERVED_PARTIAL,Passenger road/Buses,Blast furnace gas,,,0,0,0,observed_zero_only,partial_observation_not_global_validity
LEAP_OBSERVED_PARTIAL,Passenger road/Buses,Coal tar,,,0,0,0,observed_zero_only,partial_observation_not_global_validity
LEAP_OBSERVED_PARTIAL,Passenger road/Buses,Coke oven coke,,,0,0,0,observed_zero_only,partial_observation_not_global_validity
LEAP_OBSERVED_PARTIAL,Passenger road/Buses,Coke oven gas,,,0,0,0,observed_zero_only,partial_observation_not_global_validity
LEAP_OBSERVED_PARTIAL,Passenger road/Buses,Coking coal,,,0,0,0,observed_zero_only,partial_observation_not_global_validity
LEAP_OBSERVED_PARTIAL,Passenger road/Buses,Crude oil,,,0,0,0,observed_zero_only,partial_observation_not_global_validity
LEAP_OBSERVED_PARTIAL,Passenger road/Buses,Efuel,,,0,0,0,observed_zero_only,partial_observation_not_global_validity
LEAP_OBSERVED_PARTIAL,Passenger road/Buses,Electricity,2022,2060,1,39,39,observed_data_valid,partial_observation_not_global_validity
LEAP_OBSERVED_PARTIAL,Passenger road/Buses,Electricity for hydrogen,,,0,0,0,observed_zero_only,partial_observation_not_global_validity
LEAP_OBSERVED_PARTIAL,Passenger road/Buses,Ethane,,,0,0,0,observed_zero_only,partial_observation_not_global_validity
LEAP_OBSERVED_PARTIAL,Passenger road/Buses,Fuel oil,,,0,0,0,observed_zero_only,partial_observation_not_global_validity
LEAP_OBSERVED_PARTIAL,Passenger road/Buses,Gas and diesel oil,,,0,0,0,observed_zero_only,partial_observation_not_global_validity
LEAP_OBSERVED_PARTIAL,Passenger road/Buses,Gas works gas,,,0,0,0,observed_zero_only,partial_observation_not_global_validity
LEAP_OBSERVED_PARTIAL,Passenger road/Buses,Hydro,,,0,0,0,observed_zero_only,partial_observation_not_global_validity
LEAP_OBSERVED_PARTIAL,Passenger road/Buses,Hydrogen,2023,2060,1,38,38,observed_data_valid,partial_observation_not_global_validity
LEAP_OBSERVED_PARTIAL,Passenger road/Buses,Industrial waste,,,0,0,0,observed_zero_only,partial_observation_not_global_validity
LEAP_OBSERVED_PARTIAL,Passenger road/Buses,Kerosene,,,0,0,0,observed_zero_only,partial_observation_not_global_validity
LEAP_OBSERVED_PARTIAL,Passenger road/Buses,Kerosene type jet fuel,,,0,0,0,observed_zero_only,partial_observation_not_global_validity
LEAP_OBSERVED_PARTIAL,Passenger road/Buses,LNG,,,0,0,0,observed_zero_only,partial_observation_not_global_validity
LEAP_OBSERVED_PARTIAL,Passenger road/Buses,LPG,2022,2060,1,39,39,observed_data_valid,partial_observation_not_global_validity
LEAP_OBSERVED_PARTIAL,Passenger road/Buses,Lignite,,,0,0,0,observed_zero_only,partial_observation_not_global_validity
LEAP_OBSERVED_PARTIAL,Passenger road/Buses,Lubricants,,,0,0,0,observed_zero_only,partial_observation_not_global_validity
LEAP_OBSERVED_PARTIAL,Passenger road/Buses,Motor gasoline,2022,2060,1,39,39,observed_data_valid,partial_observation_not_global_validity
LEAP_OBSERVED_PARTIAL,Passenger road/Buses,Naphtha,,,0,0,0,observed_zero_only,partial_observation_not_global_validity
LEAP_OBSERVED_PARTIAL,Passenger road/Buses,Natural gas,2022,2060,1,39,39,observed_data_valid,partial_observation_not_global_validity
LEAP_OBSERVED_PARTIAL,Passenger road/Buses,Natural gas liquids,,,0,0,0,observed_zero_only,partial_observation_not_global_validity
LEAP_OBSERVED_PARTIAL,Passenger road/Buses,Other biomass,,,0,0,0,observed_zero_only,partial_observation_not_global_validity
LEAP_OBSERVED_PARTIAL,Passenger road/Buses,Other bituminous coal,,,0,0,0,observed_zero_only,partial_observation_not_global_validity
LEAP_OBSERVED_PARTIAL,Passenger road/Buses,Other products,,,0,0,0,observed_zero_only,partial_observation_not_global_validity
LEAP_OBSERVED_PARTIAL,Passenger road/Buses,Other sources,,,0,0,0,observed_zero_only,partial_observation_not_global_validity
LEAP_OBSERVED_PARTIAL,Passenger road/Buses,Petroleum coke,,,0,0,0,observed_zero_only,partial_observation_not_global_validity
LEAP_OBSERVED_PARTIAL,Passenger road/Buses,Refinery feedstocks,,,0,0,0,observed_zero_only,partial_observation_not_global_validity
LEAP_OBSERVED_PARTIAL,Passenger road/Buses,Refinery gas not liquefied,,,0,0,0,observed_zero_only,partial_observation_not_global_validity
LEAP_OBSERVED_PARTIAL,Passenger road/Buses,Solar nonspecified,,,0,0,0,observed_zero_only,partial_observation_not_global_validity
LEAP_OBSERVED_PARTIAL,Passenger road/Buses,Solar photovoltaics,,,0,0,0,observed_zero_only,partial_observation_not_global_validity
LEAP_OBSERVED_PARTIAL,Passenger road/Buses,Sub bituminous coal,,,0,0,0,observed_zero_only,partial_observation_not_global_validity
LEAP_OBSERVED_PARTIAL,Passenger road/Buses,Wind,,,0,0,0,observed_zero_only,partial_observation_not_global_validity
LEAP_OBSERVED_PARTIAL,Passenger road/LPVs,Additives and oxygenates,,,0,0,0,observed_zero_only,partial_observation_not_global_validity
LEAP_OBSERVED_PARTIAL,Passenger road/LPVs,Ammonia,,,0,0,0,observed_zero_only,partial_observation_not_global_validity
LEAP_OBSERVED_PARTIAL,Passenger road/LPVs,Anthracite,,,0,0,0,observed_zero_only,partial_observation_not_global_validity
LEAP_OBSERVED_PARTIAL,Passenger road/LPVs,Aviation gasoline,,,0,0,0,observed_zero_only,partial_observation_not_global_validity
LEAP_OBSERVED_PARTIAL,Passenger road/LPVs,Bio jet kerosene,,,0,0,0,observed_zero_only,partial_observation_not_global_validity
LEAP_OBSERVED_PARTIAL,Passenger road/LPVs,Biodiesel,,,0,0,0,observed_zero_only,partial_observation_not_global_validity
LEAP_OBSERVED_PARTIAL,Passenger road/LPVs,Biogas,,,0,0,0,observed_zero_only,partial_observation_not_global_validity
LEAP_OBSERVED_PARTIAL,Passenger road/LPVs,Biogasoline,2022,2060,1,39,39,observed_data_valid,partial_observation_not_global_validity
LEAP_OBSERVED_PARTIAL,Passenger road/LPVs,Bitumen,,,0,0,0,observed_zero_only,partial_observation_not_global_validity
LEAP_OBSERVED_PARTIAL,Passenger road/LPVs,Blast furnace gas,,,0,0,0,observed_zero_only,partial_observation_not_global_validity
LEAP_OBSERVED_PARTIAL,Passenger road/LPVs,Coal tar,,,0,0,0,observed_zero_only,partial_observation_not_global_validity
LEAP_OBSERVED_PARTIAL,Passenger road/LPVs,Coke oven coke,,,0,0,0,observed_zero_only,partial_observation_not_global_validity
LEAP_OBSERVED_PARTIAL,Passenger road/LPVs,Coke oven gas,,,0,0,0,observed_zero_only,partial_observation_not_global_validity
LEAP_OBSERVED_PARTIAL,Passenger road/LPVs,Coking coal,,,0,0,0,observed_zero_only,partial_observation_not_global_validity
LEAP_OBSERVED_PARTIAL,Passenger road/LPVs,Crude oil,,,0,0,0,observed_zero_only,partial_observation_not_global_validity
LEAP_OBSERVED_PARTIAL,Passenger road/LPVs,Efuel,,,0,0,0,observed_zero_only,partial_observation_not_global_validity
LEAP_OBSERVED_PARTIAL,Passenger road/LPVs,Electricity,2022,2060,1,39,39,observed_data_valid,partial_observation_not_global_validity
LEAP_OBSERVED_PARTIAL,Passenger road/LPVs,Electricity for hydrogen,,,0,0,0,observed_zero_only,partial_observation_not_global_validity
LEAP_OBSERVED_PARTIAL,Passenger road/LPVs,Ethane,,,0,0,0,observed_zero_only,partial_observation_not_global_validity
LEAP_OBSERVED_PARTIAL,Passenger road/LPVs,Fuel oil,,,0,0,0,observed_zero_only,partial_observation_not_global_validity
LEAP_OBSERVED_PARTIAL,Passenger road/LPVs,Gas and diesel oil,,,0,0,0,observed_zero_only,partial_observation_not_global_validity
LEAP_OBSERVED_PARTIAL,Passenger road/LPVs,Gas works gas,,,0,0,0,observed_zero_only,partial_observation_not_global_validity
LEAP_OBSERVED_PARTIAL,Passenger road/LPVs,Hydro,,,0,0,0,observed_zero_only,partial_observation_not_global_validity
LEAP_OBSERVED_PARTIAL,Passenger road/LPVs,Hydrogen,,,0,0,0,observed_zero_only,partial_observation_not_global_validity
LEAP_OBSERVED_PARTIAL,Passenger road/LPVs,Industrial waste,,,0,0,0,observed_zero_only,partial_observation_not_global_validity
LEAP_OBSERVED_PARTIAL,Passenger road/LPVs,Kerosene,,,0,0,0,observed_zero_only,partial_observation_not_global_validity
LEAP_OBSERVED_PARTIAL,Passenger road/LPVs,Kerosene type jet fuel,,,0,0,0,observed_zero_only,partial_observation_not_global_validity
LEAP_OBSERVED_PARTIAL,Passenger road/LPVs,LNG,,,0,0,0,observed_zero_only,partial_observation_not_global_validity
LEAP_OBSERVED_PARTIAL,Passenger road/LPVs,LPG,2022,2060,1,39,39,observed_data_valid,partial_observation_not_global_validity
LEAP_OBSERVED_PARTIAL,Passenger road/LPVs,Lignite,,,0,0,0,observed_zero_only,partial_observation_not_global_validity
LEAP_OBSERVED_PARTIAL,Passenger road/LPVs,Lubricants,,,0,0,0,observed_zero_only,partial_observation_not_global_validity
LEAP_OBSERVED_PARTIAL,Passenger road/LPVs,Motor gasoline,2022,2060,1,39,39,observed_data_valid,partial_observation_not_global_validity
LEAP_OBSERVED_PARTIAL,Passenger road/LPVs,Naphtha,,,0,0,0,observed_zero_only,partial_observation_not_global_validity
LEAP_OBSERVED_PARTIAL,Passenger road/LPVs,Natural gas,2022,2060,1,39,39,observed_data_valid,partial_observation_not_global_validity
LEAP_OBSERVED_PARTIAL,Passenger road/LPVs,Natural gas liquids,,,0,0,0,observed_zero_only,partial_observation_not_global_validity
LEAP_OBSERVED_PARTIAL,Passenger road/LPVs,Other biomass,,,0,0,0,observed_zero_only,partial_observation_not_global_validity
LEAP_OBSERVED_PARTIAL,Passenger road/LPVs,Other bituminous coal,,,0,0,0,observed_zero_only,partial_observation_not_global_validity
LEAP_OBSERVED_PARTIAL,Passenger road/LPVs,Other products,,,0,0,0,observed_zero_only,partial_observation_not_global_validity
LEAP_OBSERVED_PARTIAL,Passenger road/LPVs,Other sources,,,0,0,0,observed_zero_only,partial_observation_not_global_validity
LEAP_OBSERVED_PARTIAL,Passenger road/LPVs,Petroleum coke,,,0,0,0,observed_zero_only,partial_observation_not_global_validity
LEAP_OBSERVED_PARTIAL,Passenger road/LPVs,Refinery feedstocks,,,0,0,0,observed_zero_only,partial_observation_not_global_validity
LEAP_OBSERVED_PARTIAL,Passenger road/LPVs,Refinery gas not liquefied,,,0,0,0,observed_zero_only,partial_observation_not_global_validity
LEAP_OBSERVED_PARTIAL,Passenger road/LPVs,Solar nonspecified,,,0,0,0,observed_zero_only,partial_observation_not_global_validity
LEAP_OBSERVED_PARTIAL,Passenger road/LPVs,Solar photovoltaics,,,0,0,0,observed_zero_only,partial_observation_not_global_validity
LEAP_OBSERVED_PARTIAL,Passenger road/LPVs,Sub bituminous coal,,,0,0,0,observed_zero_only,partial_observation_not_global_validity
LEAP_OBSERVED_PARTIAL,Passenger road/LPVs,Wind,,,0,0,0,observed_zero_only,partial_observation_not_global_validity
LEAP_OBSERVED_PARTIAL,Passenger road/Motorcycles,Additives and oxygenates,,,0,0,0,observed_zero_only,partial_observation_not_global_validity
LEAP_OBSERVED_PARTIAL,Passenger road/Motorcycles,Ammonia,,,0,0,0,observed_zero_only,partial_observation_not_global_validity
LEAP_OBSERVED_PARTIAL,Passenger road/Motorcycles,Anthracite,,,0,0,0,observed_zero_only,partial_observation_not_global_validity
LEAP_OBSERVED_PARTIAL,Passenger road/Motorcycles,Aviation gasoline,,,0,0,0,observed_zero_only,partial_observation_not_global_validity
LEAP_OBSERVED_PARTIAL,Passenger road/Motorcycles,Bio jet kerosene,,,0,0,0,observed_zero_only,partial_observation_not_global_validity
LEAP_OBSERVED_PARTIAL,Passenger road/Motorcycles,Biodiesel,,,0,0,0,observed_zero_only,partial_observation_not_global_validity
LEAP_OBSERVED_PARTIAL,Passenger road/Motorcycles,Biogas,,,0,0,0,observed_zero_only,partial_observation_not_global_validity
LEAP_OBSERVED_PARTIAL,Passenger road/Motorcycles,Biogasoline,2022,2060,1,39,39,observed_data_valid,partial_observation_not_global_validity
LEAP_OBSERVED_PARTIAL,Passenger road/Motorcycles,Bitumen,,,0,0,0,observed_zero_only,partial_observation_not_global_validity
LEAP_OBSERVED_PARTIAL,Passenger road/Motorcycles,Blast furnace gas,,,0,0,0,observed_zero_only,partial_observation_not_global_validity
LEAP_OBSERVED_PARTIAL,Passenger road/Motorcycles,Coal tar,,,0,0,0,observed_zero_only,partial_observation_not_global_validity
LEAP_OBSERVED_PARTIAL,Passenger road/Motorcycles,Coke oven coke,,,0,0,0,observed_zero_only,partial_observation_not_global_validity
LEAP_OBSERVED_PARTIAL,Passenger road/Motorcycles,Coke oven gas,,,0,0,0,observed_zero_only,partial_observation_not_global_validity
LEAP_OBSERVED_PARTIAL,Passenger road/Motorcycles,Coking coal,,,0,0,0,observed_zero_only,partial_observation_not_global_validity
LEAP_OBSERVED_PARTIAL,Passenger road/Motorcycles,Crude oil,,,0,0,0,observed_zero_only,partial_observation_not_global_validity
LEAP_OBSERVED_PARTIAL,Passenger road/Motorcycles,Efuel,,,0,0,0,observed_zero_only,partial_observation_not_global_validity
LEAP_OBSERVED_PARTIAL,Passenger road/Motorcycles,Electricity,2022,2060,1,39,39,observed_data_valid,partial_observation_not_global_validity
LEAP_OBSERVED_PARTIAL,Passenger road/Motorcycles,Electricity for hydrogen,,,0,0,0,observed_zero_only,partial_observation_not_global_validity
LEAP_OBSERVED_PARTIAL,Passenger road/Motorcycles,Ethane,,,0,0,0,observed_zero_only,partial_observation_not_global_validity
LEAP_OBSERVED_PARTIAL,Passenger road/Motorcycles,Fuel oil,,,0,0,0,observed_zero_only,partial_observation_not_global_validity
LEAP_OBSERVED_PARTIAL,Passenger road/Motorcycles,Gas and diesel oil,,,0,0,0,observed_zero_only,partial_observation_not_global_validity
LEAP_OBSERVED_PARTIAL,Passenger road/Motorcycles,Gas works gas,,,0,0,0,observed_zero_only,partial_observation_not_global_validity
LEAP_OBSERVED_PARTIAL,Passenger road/Motorcycles,Hydro,,,0,0,0,observed_zero_only,partial_observation_not_global_validity
LEAP_OBSERVED_PARTIAL,Passenger road/Motorcycles,Hydrogen,,,0,0,0,observed_zero_only,partial_observation_not_global_validity
LEAP_OBSERVED_PARTIAL,Passenger road/Motorcycles,Industrial waste,,,0,0,0,observed_zero_only,partial_observation_not_global_validity
LEAP_OBSERVED_PARTIAL,Passenger road/Motorcycles,Kerosene,,,0,0,0,observed_zero_only,partial_observation_not_global_validity
LEAP_OBSERVED_PARTIAL,Passenger road/Motorcycles,Kerosene type jet fuel,,,0,0,0,observed_zero_only,partial_observation_not_global_validity
LEAP_OBSERVED_PARTIAL,Passenger road/Motorcycles,LNG,,,0,0,0,observed_zero_only,partial_observation_not_global_validity
LEAP_OBSERVED_PARTIAL,Passenger road/Motorcycles,LPG,,,0,0,0,observed_zero_only,partial_observation_not_global_validity
LEAP_OBSERVED_PARTIAL,Passenger road/Motorcycles,Lignite,,,0,0,0,observed_zero_only,partial_observation_not_global_validity
LEAP_OBSERVED_PARTIAL,Passenger road/Motorcycles,Lubricants,,,0,0,0,observed_zero_only,partial_observation_not_global_validity
LEAP_OBSERVED_PARTIAL,Passenger road/Motorcycles,Motor gasoline,2022,2060,1,39,39,observed_data_valid,partial_observation_not_global_validity
LEAP_OBSERVED_PARTIAL,Passenger road/Motorcycles,Naphtha,,,0,0,0,observed_zero_only,partial_observation_not_global_validity
LEAP_OBSERVED_PARTIAL,Passenger road/Motorcycles,Natural gas,,,0,0,0,observed_zero_only,partial_observation_not_global_validity
LEAP_OBSERVED_PARTIAL,Passenger road/Motorcycles,Natural gas liquids,,,0,0,0,observed_zero_only,partial_observation_not_global_validity
LEAP_OBSERVED_PARTIAL,Passenger road/Motorcycles,Other biomass,,,0,0,0,observed_zero_only,partial_observation_not_global_validity
LEAP_OBSERVED_PARTIAL,Passenger road/Motorcycles,Other bituminous coal,,,0,0,0,observed_zero_only,partial_observation_not_global_validity
LEAP_OBSERVED_PARTIAL,Passenger road/Motorcycles,Other products,,,0,0,0,observed_zero_only,partial_observation_not_global_validity
LEAP_OBSERVED_PARTIAL,Passenger road/Motorcycles,Other sources,,,0,0,0,observed_zero_only,partial_observation_not_global_validity
LEAP_OBSERVED_PARTIAL,Passenger road/Motorcycles,Petroleum coke,,,0,0,0,observed_zero_only,partial_observation_not_global_validity
LEAP_OBSERVED_PARTIAL,Passenger road/Motorcycles,Refinery feedstocks,,,0,0,0,observed_zero_only,partial_observation_not_global_validity
LEAP_OBSERVED_PARTIAL,Passenger road/Motorcycles,Refinery gas not liquefied,,,0,0,0,observed_zero_only,partial_observation_not_global_validity
LEAP_OBSERVED_PARTIAL,Passenger road/Motorcycles,Solar nonspecified,,,0,0,0,observed_zero_only,partial_observation_not_global_validity
LEAP_OBSERVED_PARTIAL,Passenger road/Motorcycles,Solar photovoltaics,,,0,0,0,observed_zero_only,partial_observation_not_global_validity
LEAP_OBSERVED_PARTIAL,Passenger road/Motorcycles,Sub bituminous coal,,,0,0,0,observed_zero_only,partial_observation_not_global_validity
LEAP_OBSERVED_PARTIAL,Passenger road/Motorcycles,Wind,,,0,0,0,observed_zero_only,partial_observation_not_global_validity
LEAP_OBSERVED_PARTIAL,Patent fuel plants,AUTO BALANCE,,,0,0,0,observed_zero_only,partial_observation_not_global_validity
LEAP_OBSERVED_PARTIAL,Patent fuel plants,Additives and oxygenates,,,0,0,0,observed_zero_only,partial_observation_not_global_validity
LEAP_OBSERVED_PARTIAL,Patent fuel plants,Ammonia,,,0,0,0,observed_zero_only,partial_observation_not_global_validity
LEAP_OBSERVED_PARTIAL,Patent fuel plants,Anthracite,,,0,0,0,observed_zero_only,partial_observation_not_global_validity
LEAP_OBSERVED_PARTIAL,Patent fuel plants,Aviation gasoline,,,0,0,0,observed_zero_only,partial_observation_not_global_validity
LEAP_OBSERVED_PARTIAL,Patent fuel plants,BKB and PB,,,0,0,0,observed_zero_only,partial_observation_not_global_validity
LEAP_OBSERVED_PARTIAL,Patent fuel plants,Bagasse,,,0,0,0,observed_zero_only,partial_observation_not_global_validity
LEAP_OBSERVED_PARTIAL,Patent fuel plants,Bio jet kerosene,,,0,0,0,observed_zero_only,partial_observation_not_global_validity
LEAP_OBSERVED_PARTIAL,Patent fuel plants,Biodiesel,,,0,0,0,observed_zero_only,partial_observation_not_global_validity
LEAP_OBSERVED_PARTIAL,Patent fuel plants,Biogas,,,0,0,0,observed_zero_only,partial_observation_not_global_validity
LEAP_OBSERVED_PARTIAL,Patent fuel plants,Biogasoline,,,0,0,0,observed_zero_only,partial_observation_not_global_validity
LEAP_OBSERVED_PARTIAL,Patent fuel plants,Bitumen,,,0,0,0,observed_zero_only,partial_observation_not_global_validity
LEAP_OBSERVED_PARTIAL,Patent fuel plants,Black liquor,,,0,0,0,observed_zero_only,partial_observation_not_global_validity
LEAP_OBSERVED_PARTIAL,Patent fuel plants,Blast furnace gas,,,0,0,0,observed_zero_only,partial_observation_not_global_validity
LEAP_OBSERVED_PARTIAL,Patent fuel plants,Charcoal,,,0,0,0,observed_zero_only,partial_observation_not_global_validity
LEAP_OBSERVED_PARTIAL,Patent fuel plants,Coal tar,,,0,0,0,observed_zero_only,partial_observation_not_global_validity
LEAP_OBSERVED_PARTIAL,Patent fuel plants,Coke oven coke,,,0,0,0,observed_zero_only,partial_observation_not_global_validity
LEAP_OBSERVED_PARTIAL,Patent fuel plants,Coke oven gas,,,0,0,0,observed_zero_only,partial_observation_not_global_validity
LEAP_OBSERVED_PARTIAL,Patent fuel plants,Coking coal,,,0,0,0,observed_zero_only,partial_observation_not_global_validity
LEAP_OBSERVED_PARTIAL,Patent fuel plants,Crude oil,,,0,0,0,observed_zero_only,partial_observation_not_global_validity
LEAP_OBSERVED_PARTIAL,Patent fuel plants,Efuel,,,0,0,0,observed_zero_only,partial_observation_not_global_validity
LEAP_OBSERVED_PARTIAL,Patent fuel plants,Electricity,,,0,0,0,observed_zero_only,partial_observation_not_global_validity
LEAP_OBSERVED_PARTIAL,Patent fuel plants,Electricity for hydrogen,,,0,0,0,observed_zero_only,partial_observation_not_global_validity
LEAP_OBSERVED_PARTIAL,Patent fuel plants,Ethane,,,0,0,0,observed_zero_only,partial_observation_not_global_validity
LEAP_OBSERVED_PARTIAL,Patent fuel plants,Fuel oil,,,0,0,0,observed_zero_only,partial_observation_not_global_validity
LEAP_OBSERVED_PARTIAL,Patent fuel plants,Fuelwood and woodwaste,,,0,0,0,observed_zero_only,partial_observation_not_global_validity
LEAP_OBSERVED_PARTIAL,Patent fuel plants,Gas and diesel oil,,,0,0,0,observed_zero_only,partial_observation_not_global_validity
LEAP_OBSERVED_PARTIAL,Patent fuel plants,Gas nonspecified,,,0,0,0,observed_zero_only,partial_observation_not_global_validity
LEAP_OBSERVED_PARTIAL,Patent fuel plants,Gas works gas,,,0,0,0,observed_zero_only,partial_observation_not_global_validity
LEAP_OBSERVED_PARTIAL,Patent fuel plants,Gasoline type jet fuel,,,0,0,0,observed_zero_only,partial_observation_not_global_validity
LEAP_OBSERVED_PARTIAL,Patent fuel plants,Geothermal,,,0,0,0,observed_zero_only,partial_observation_not_global_validity
LEAP_OBSERVED_PARTIAL,Patent fuel plants,Heat,,,0,0,0,observed_zero_only,partial_observation_not_global_validity
LEAP_OBSERVED_PARTIAL,Patent fuel plants,Hydro,,,0,0,0,observed_zero_only,partial_observation_not_global_validity
LEAP_OBSERVED_PARTIAL,Patent fuel plants,Hydrogen,,,0,0,0,observed_zero_only,partial_observation_not_global_validity
LEAP_OBSERVED_PARTIAL,Patent fuel plants,Industrial waste,,,0,0,0,observed_zero_only,partial_observation_not_global_validity
LEAP_OBSERVED_PARTIAL,Patent fuel plants,Kerosene,,,0,0,0,observed_zero_only,partial_observation_not_global_validity
LEAP_OBSERVED_PARTIAL,Patent fuel plants,Kerosene type jet fuel,,,0,0,0,observed_zero_only,partial_observation_not_global_validity
LEAP_OBSERVED_PARTIAL,Patent fuel plants,LNG,,,0,0,0,observed_zero_only,partial_observation_not_global_validity
LEAP_OBSERVED_PARTIAL,Patent fuel plants,LPG,,,0,0,0,observed_zero_only,partial_observation_not_global_validity
LEAP_OBSERVED_PARTIAL,Patent fuel plants,Lignite,,,0,0,0,observed_zero_only,partial_observation_not_global_validity
LEAP_OBSERVED_PARTIAL,Patent fuel plants,Lubricants,,,0,0,0,observed_zero_only,partial_observation_not_global_validity
LEAP_OBSERVED_PARTIAL,Patent fuel plants,Motor gasoline,,,0,0,0,observed_zero_only,partial_observation_not_global_validity
LEAP_OBSERVED_PARTIAL,Patent fuel plants,Municipal solid waste non renewable,,,0,0,0,observed_zero_only,partial_observation_not_global_validity
LEAP_OBSERVED_PARTIAL,Patent fuel plants,Municipal solid waste renewable,,,0,0,0,observed_zero_only,partial_observation_not_global_validity
LEAP_OBSERVED_PARTIAL,Patent fuel plants,Naphtha,,,0,0,0,observed_zero_only,partial_observation_not_global_validity
LEAP_OBSERVED_PARTIAL,Patent fuel plants,Natural gas,,,0,0,0,observed_zero_only,partial_observation_not_global_validity
LEAP_OBSERVED_PARTIAL,Patent fuel plants,Natural gas liquids,,,0,0,0,observed_zero_only,partial_observation_not_global_validity
LEAP_OBSERVED_PARTIAL,Patent fuel plants,Nuclear,,,0,0,0,observed_zero_only,partial_observation_not_global_validity
LEAP_OBSERVED_PARTIAL,Patent fuel plants,Other biomass,,,0,0,0,observed_zero_only,partial_observation_not_global_validity
LEAP_OBSERVED_PARTIAL,Patent fuel plants,Other bituminous coal,,,0,0,0,observed_zero_only,partial_observation_not_global_validity
LEAP_OBSERVED_PARTIAL,Patent fuel plants,Other hydrocarbons,,,0,0,0,observed_zero_only,partial_observation_not_global_validity
LEAP_OBSERVED_PARTIAL,Patent fuel plants,Other liquid biofuels,,,0,0,0,observed_zero_only,partial_observation_not_global_validity
LEAP_OBSERVED_PARTIAL,Patent fuel plants,Other products,,,0,0,0,observed_zero_only,partial_observation_not_global_validity
LEAP_OBSERVED_PARTIAL,Patent fuel plants,Other recovered gases,,,0,0,0,observed_zero_only,partial_observation_not_global_validity
LEAP_OBSERVED_PARTIAL,Patent fuel plants,Other sources,,,0,0,0,observed_zero_only,partial_observation_not_global_validity
LEAP_OBSERVED_PARTIAL,Patent fuel plants,Paraffin waxes,,,0,0,0,observed_zero_only,partial_observation_not_global_validity
LEAP_OBSERVED_PARTIAL,Patent fuel plants,Patent fuel,,,0,0,0,observed_zero_only,partial_observation_not_global_validity
LEAP_OBSERVED_PARTIAL,Patent fuel plants,Petroleum coke,,,0,0,0,observed_zero_only,partial_observation_not_global_validity
LEAP_OBSERVED_PARTIAL,Patent fuel plants,Refinery feedstocks,,,0,0,0,observed_zero_only,partial_observation_not_global_validity
LEAP_OBSERVED_PARTIAL,Patent fuel plants,Refinery gas not liquefied,,,0,0,0,observed_zero_only,partial_observation_not_global_validity
LEAP_OBSERVED_PARTIAL,Patent fuel plants,Solar nonspecified,,,0,0,0,observed_zero_only,partial_observation_not_global_validity
LEAP_OBSERVED_PARTIAL,Patent fuel plants,Solar photovoltaics,,,0,0,0,observed_zero_only,partial_observation_not_global_validity
LEAP_OBSERVED_PARTIAL,Patent fuel plants,Sub bituminous coal,,,0,0,0,observed_zero_only,partial_observation_not_global_validity
LEAP_OBSERVED_PARTIAL,Patent fuel plants,White spirit SBP,,,0,0,0,observed_zero_only,partial_observation_not_global_validity
LEAP_OBSERVED_PARTIAL,Patent fuel plants,Wind,,,0,0,0,observed_zero_only,partial_observation_not_global_validity
LEAP_OBSERVED_PARTIAL,Patent fuel plants/Patent fuel plants,AUTO BALANCE,,,0,0,0,observed_zero_only,partial_observation_not_global_validity
LEAP_OBSERVED_PARTIAL,Patent fuel plants/Patent fuel plants,Additives and oxygenates,,,0,0,0,observed_zero_only,partial_observation_not_global_validity
LEAP_OBSERVED_PARTIAL,Patent fuel plants/Patent fuel plants,Ammonia,,,0,0,0,observed_zero_only,partial_observation_not_global_validity
LEAP_OBSERVED_PARTIAL,Patent fuel plants/Patent fuel plants,Anthracite,,,0,0,0,observed_zero_only,partial_observation_not_global_validity
LEAP_OBSERVED_PARTIAL,Patent fuel plants/Patent fuel plants,Aviation gasoline,,,0,0,0,observed_zero_only,partial_observation_not_global_validity
LEAP_OBSERVED_PARTIAL,Patent fuel plants/Patent fuel plants,BKB and PB,,,0,0,0,observed_zero_only,partial_observation_not_global_validity
LEAP_OBSERVED_PARTIAL,Patent fuel plants/Patent fuel plants,Bagasse,,,0,0,0,observed_zero_only,partial_observation_not_global_validity
LEAP_OBSERVED_PARTIAL,Patent fuel plants/Patent fuel plants,Bio jet kerosene,,,0,0,0,observed_zero_only,partial_observation_not_global_validity
LEAP_OBSERVED_PARTIAL,Patent fuel plants/Patent fuel plants,Biodiesel,,,0,0,0,observed_zero_only,partial_observation_not_global_validity
LEAP_OBSERVED_PARTIAL,Patent fuel plants/Patent fuel plants,Biogas,,,0,0,0,observed_zero_only,partial_observation_not_global_validity
LEAP_OBSERVED_PARTIAL,Patent fuel plants/Patent fuel plants,Biogasoline,,,0,0,0,observed_zero_only,partial_observation_not_global_validity
LEAP_OBSERVED_PARTIAL,Patent fuel plants/Patent fuel plants,Bitumen,,,0,0,0,observed_zero_only,partial_observation_not_global_validity
LEAP_OBSERVED_PARTIAL,Patent fuel plants/Patent fuel plants,Black liquor,,,0,0,0,observed_zero_only,partial_observation_not_global_validity
LEAP_OBSERVED_PARTIAL,Patent fuel plants/Patent fuel plants,Blast furnace gas,,,0,0,0,observed_zero_only,partial_observation_not_global_validity
LEAP_OBSERVED_PARTIAL,Patent fuel plants/Patent fuel plants,Charcoal,,,0,0,0,observed_zero_only,partial_observation_not_global_validity
LEAP_OBSERVED_PARTIAL,Patent fuel plants/Patent fuel plants,Coal tar,,,0,0,0,observed_zero_only,partial_observation_not_global_validity
LEAP_OBSERVED_PARTIAL,Patent fuel plants/Patent fuel plants,Coke oven coke,,,0,0,0,observed_zero_only,partial_observation_not_global_validity
LEAP_OBSERVED_PARTIAL,Patent fuel plants/Patent fuel plants,Coke oven gas,,,0,0,0,observed_zero_only,partial_observation_not_global_validity
LEAP_OBSERVED_PARTIAL,Patent fuel plants/Patent fuel plants,Coking coal,,,0,0,0,observed_zero_only,partial_observation_not_global_validity
LEAP_OBSERVED_PARTIAL,Patent fuel plants/Patent fuel plants,Crude oil,,,0,0,0,observed_zero_only,partial_observation_not_global_validity
LEAP_OBSERVED_PARTIAL,Patent fuel plants/Patent fuel plants,Efuel,,,0,0,0,observed_zero_only,partial_observation_not_global_validity
LEAP_OBSERVED_PARTIAL,Patent fuel plants/Patent fuel plants,Electricity,,,0,0,0,observed_zero_only,partial_observation_not_global_validity
LEAP_OBSERVED_PARTIAL,Patent fuel plants/Patent fuel plants,Electricity for hydrogen,,,0,0,0,observed_zero_only,partial_observation_not_global_validity
LEAP_OBSERVED_PARTIAL,Patent fuel plants/Patent fuel plants,Ethane,,,0,0,0,observed_zero_only,partial_observation_not_global_validity
LEAP_OBSERVED_PARTIAL,Patent fuel plants/Patent fuel plants,Fuel oil,,,0,0,0,observed_zero_only,partial_observation_not_global_validity
LEAP_OBSERVED_PARTIAL,Patent fuel plants/Patent fuel plants,Fuelwood and woodwaste,,,0,0,0,observed_zero_only,partial_observation_not_global_validity
LEAP_OBSERVED_PARTIAL,Patent fuel plants/Patent fuel plants,Gas and diesel oil,,,0,0,0,observed_zero_only,partial_observation_not_global_validity
LEAP_OBSERVED_PARTIAL,Patent fuel plants/Patent fuel plants,Gas nonspecified,,,0,0,0,observed_zero_only,partial_observation_not_global_validity
LEAP_OBSERVED_PARTIAL,Patent fuel plants/Patent fuel plants,Gas works gas,,,0,0,0,observed_zero_only,partial_observation_not_global_validity
LEAP_OBSERVED_PARTIAL,Patent fuel plants/Patent fuel plants,Gasoline type jet fuel,,,0,0,0,observed_zero_only,partial_observation_not_global_validity
LEAP_OBSERVED_PARTIAL,Patent fuel plants/Patent fuel plants,Geothermal,,,0,0,0,observed_zero_only,partial_observation_not_global_validity
LEAP_OBSERVED_PARTIAL,Patent fuel plants/Patent fuel plants,Heat,,,0,0,0,observed_zero_only,partial_observation_not_global_validity
LEAP_OBSERVED_PARTIAL,Patent fuel plants/Patent fuel plants,Hydro,,,0,0,0,observed_zero_only,partial_observation_not_global_validity
LEAP_OBSERVED_PARTIAL,Patent fuel plants/Patent fuel plants,Hydrogen,,,0,0,0,observed_zero_only,partial_observation_not_global_validity
LEAP_OBSERVED_PARTIAL,Patent fuel plants/Patent fuel plants,Industrial waste,,,0,0,0,observed_zero_only,partial_observation_not_global_validity
LEAP_OBSERVED_PARTIAL,Patent fuel plants/Patent fuel plants,Kerosene,,,0,0,0,observed_zero_only,partial_observation_not_global_validity
LEAP_OBSERVED_PARTIAL,Patent fuel plants/Patent fuel plants,Kerosene type jet fuel,,,0,0,0,observed_zero_only,partial_observation_not_global_validity
LEAP_OBSERVED_PARTIAL,Patent fuel plants/Patent fuel plants,LNG,,,0,0,0,observed_zero_only,partial_observation_not_global_validity
LEAP_OBSERVED_PARTIAL,Patent fuel plants/Patent fuel plants,LPG,,,0,0,0,observed_zero_only,partial_observation_not_global_validity
LEAP_OBSERVED_PARTIAL,Patent fuel plants/Patent fuel plants,Lignite,,,0,0,0,observed_zero_only,partial_observation_not_global_validity
LEAP_OBSERVED_PARTIAL,Patent fuel plants/Patent fuel plants,Lubricants,,,0,0,0,observed_zero_only,partial_observation_not_global_validity
LEAP_OBSERVED_PARTIAL,Patent fuel plants/Patent fuel plants,Motor gasoline,,,0,0,0,observed_zero_only,partial_observation_not_global_validity
LEAP_OBSERVED_PARTIAL,Patent fuel plants/Patent fuel plants,Municipal solid waste non renewable,,,0,0,0,observed_zero_only,partial_observation_not_global_validity
LEAP_OBSERVED_PARTIAL,Patent fuel plants/Patent fuel plants,Municipal solid waste renewable,,,0,0,0,observed_zero_only,partial_observation_not_global_validity
LEAP_OBSERVED_PARTIAL,Patent fuel plants/Patent fuel plants,Naphtha,,,0,0,0,observed_zero_only,partial_observation_not_global_validity
LEAP_OBSERVED_PARTIAL,Patent fuel plants/Patent fuel plants,Natural gas,,,0,0,0,observed_zero_only,partial_observation_not_global_validity
LEAP_OBSERVED_PARTIAL,Patent fuel plants/Patent fuel plants,Natural gas liquids,,,0,0,0,observed_zero_only,partial_observation_not_global_validity
LEAP_OBSERVED_PARTIAL,Patent fuel plants/Patent fuel plants,Nuclear,,,0,0,0,observed_zero_only,partial_observation_not_global_validity
LEAP_OBSERVED_PARTIAL,Patent fuel plants/Patent fuel plants,Other biomass,,,0,0,0,observed_zero_only,partial_observation_not_global_validity
LEAP_OBSERVED_PARTIAL,Patent fuel plants/Patent fuel plants,Other bituminous coal,,,0,0,0,observed_zero_only,partial_observation_not_global_validity
LEAP_OBSERVED_PARTIAL,Patent fuel plants/Patent fuel plants,Other hydrocarbons,,,0,0,0,observed_zero_only,partial_observation_not_global_validity
LEAP_OBSERVED_PARTIAL,Patent fuel plants/Patent fuel plants,Other liquid biofuels,,,0,0,0,observed_zero_only,partial_observation_not_global_validity
LEAP_OBSERVED_PARTIAL,Patent fuel plants/Patent fuel plants,Other products,,,0,0,0,observed_zero_only,partial_observation_not_global_validity
LEAP_OBSERVED_PARTIAL,Patent fuel plants/Patent fuel plants,Other recovered gases,,,0,0,0,observed_zero_only,partial_observation_not_global_validity
LEAP_OBSERVED_PARTIAL,Patent fuel plants/Patent fuel plants,Other sources,,,0,0,0,observed_zero_only,partial_observation_not_global_validity
LEAP_OBSERVED_PARTIAL,Patent fuel plants/Patent fuel plants,Paraffin waxes,,,0,0,0,observed_zero_only,partial_observation_not_global_validity
LEAP_OBSERVED_PARTIAL,Patent fuel plants/Patent fuel plants,Patent fuel,,,0,0,0,observed_zero_only,partial_observation_not_global_validity
LEAP_OBSERVED_PARTIAL,Patent fuel plants/Patent fuel plants,Petroleum coke,,,0,0,0,observed_zero_only,partial_observation_not_global_validity
LEAP_OBSERVED_PARTIAL,Patent fuel plants/Patent fuel plants,Refinery feedstocks,,,0,0,0,observed_zero_only,partial_observation_not_global_validity
LEAP_OBSERVED_PARTIAL,Patent fuel plants/Patent fuel plants,Refinery gas not liquefied,,,0,0,0,observed_zero_only,partial_observation_not_global_validity
LEAP_OBSERVED_PARTIAL,Patent fuel plants/Patent fuel plants,Solar nonspecified,,,0,0,0,observed_zero_only,partial_observation_not_global_validity
LEAP_OBSERVED_PARTIAL,Patent fuel plants/Patent fuel plants,Solar photovoltaics,,,0,0,0,observed_zero_only,partial_observation_not_global_validity
LEAP_OBSERVED_PARTIAL,Patent fuel plants/Patent fuel plants,Sub bituminous coal,,,0,0,0,observed_zero_only,partial_observation_not_global_validity
LEAP_OBSERVED_PARTIAL,Patent fuel plants/Patent fuel plants,White spirit SBP,,,0,0,0,observed_zero_only,partial_observation_not_global_validity
LEAP_OBSERVED_PARTIAL,Patent fuel plants/Patent fuel plants,Wind,,,0,0,0,observed_zero_only,partial_observation_not_global_validity
LEAP_OBSERVED_PARTIAL,Petrochemical industry,AUTO BALANCE,,,0,0,0,observed_zero_only,partial_observation_not_global_validity
LEAP_OBSERVED_PARTIAL,Petrochemical industry,Additives and oxygenates,,,0,0,0,observed_zero_only,partial_observation_not_global_validity
LEAP_OBSERVED_PARTIAL,Petrochemical industry,Ammonia,,,0,0,0,observed_zero_only,partial_observation_not_global_validity
LEAP_OBSERVED_PARTIAL,Petrochemical industry,Anthracite,,,0,0,0,observed_zero_only,partial_observation_not_global_validity
LEAP_OBSERVED_PARTIAL,Petrochemical industry,Aviation gasoline,,,0,0,0,observed_zero_only,partial_observation_not_global_validity
LEAP_OBSERVED_PARTIAL,Petrochemical industry,BKB and PB,,,0,0,0,observed_zero_only,partial_observation_not_global_validity
LEAP_OBSERVED_PARTIAL,Petrochemical industry,Bagasse,,,0,0,0,observed_zero_only,partial_observation_not_global_validity
LEAP_OBSERVED_PARTIAL,Petrochemical industry,Bio jet kerosene,,,0,0,0,observed_zero_only,partial_observation_not_global_validity
LEAP_OBSERVED_PARTIAL,Petrochemical industry,Biodiesel,,,0,0,0,observed_zero_only,partial_observation_not_global_validity
LEAP_OBSERVED_PARTIAL,Petrochemical industry,Biogas,,,0,0,0,observed_zero_only,partial_observation_not_global_validity
LEAP_OBSERVED_PARTIAL,Petrochemical industry,Biogasoline,,,0,0,0,observed_zero_only,partial_observation_not_global_validity
LEAP_OBSERVED_PARTIAL,Petrochemical industry,Bitumen,,,0,0,0,observed_zero_only,partial_observation_not_global_validity
LEAP_OBSERVED_PARTIAL,Petrochemical industry,Black liquor,,,0,0,0,observed_zero_only,partial_observation_not_global_validity
LEAP_OBSERVED_PARTIAL,Petrochemical industry,Blast furnace gas,,,0,0,0,observed_zero_only,partial_observation_not_global_validity
LEAP_OBSERVED_PARTIAL,Petrochemical industry,Charcoal,,,0,0,0,observed_zero_only,partial_observation_not_global_validity
LEAP_OBSERVED_PARTIAL,Petrochemical industry,Coal tar,,,0,0,0,observed_zero_only,partial_observation_not_global_validity
LEAP_OBSERVED_PARTIAL,Petrochemical industry,Coke oven coke,,,0,0,0,observed_zero_only,partial_observation_not_global_validity
LEAP_OBSERVED_PARTIAL,Petrochemical industry,Coke oven gas,,,0,0,0,observed_zero_only,partial_observation_not_global_validity
LEAP_OBSERVED_PARTIAL,Petrochemical industry,Coking coal,,,0,0,0,observed_zero_only,partial_observation_not_global_validity
LEAP_OBSERVED_PARTIAL,Petrochemical industry,Crude oil,,,0,0,0,observed_zero_only,partial_observation_not_global_validity
LEAP_OBSERVED_PARTIAL,Petrochemical industry,Efuel,,,0,0,0,observed_zero_only,partial_observation_not_global_validity
LEAP_OBSERVED_PARTIAL,Petrochemical industry,Electricity,,,0,0,0,observed_zero_only,partial_observation_not_global_validity
LEAP_OBSERVED_PARTIAL,Petrochemical industry,Electricity for hydrogen,,,0,0,0,observed_zero_only,partial_observation_not_global_validity
LEAP_OBSERVED_PARTIAL,Petrochemical industry,Ethane,,,0,0,0,observed_zero_only,partial_observation_not_global_validity
LEAP_OBSERVED_PARTIAL,Petrochemical industry,Fuel oil,,,0,0,0,observed_zero_only,partial_observation_not_global_validity
LEAP_OBSERVED_PARTIAL,Petrochemical industry,Fuelwood and woodwaste,,,0,0,0,observed_zero_only,partial_observation_not_global_validity
LEAP_OBSERVED_PARTIAL,Petrochemical industry,Gas and diesel oil,,,0,0,0,observed_zero_only,partial_observation_not_global_validity
LEAP_OBSERVED_PARTIAL,Petrochemical industry,Gas nonspecified,,,0,0,0,observed_zero_only,partial_observation_not_global_validity
LEAP_OBSERVED_PARTIAL,Petrochemical industry,Gas works gas,,,0,0,0,observed_zero_only,partial_observation_not_global_validity
LEAP_OBSERVED_PARTIAL,Petrochemical industry,Gasoline type jet fuel,,,0,0,0,observed_zero_only,partial_observation_not_global_validity
LEAP_OBSERVED_PARTIAL,Petrochemical industry,Geothermal,,,0,0,0,observed_zero_only,partial_observation_not_global_validity
LEAP_OBSERVED_PARTIAL,Petrochemical industry,Heat,,,0,0,0,observed_zero_only,partial_observation_not_global_validity
LEAP_OBSERVED_PARTIAL,Petrochemical industry,Hydro,,,0,0,0,observed_zero_only,partial_observation_not_global_validity
LEAP_OBSERVED_PARTIAL,Petrochemical industry,Hydrogen,,,0,0,0,observed_zero_only,partial_observation_not_global_validity
LEAP_OBSERVED_PARTIAL,Petrochemical industry,Industrial waste,,,0,0,0,observed_zero_only,partial_observation_not_global_validity
LEAP_OBSERVED_PARTIAL,Petrochemical industry,Kerosene,,,0,0,0,observed_zero_only,partial_observation_not_global_validity
LEAP_OBSERVED_PARTIAL,Petrochemical industry,Kerosene type jet fuel,,,0,0,0,observed_zero_only,partial_observation_not_global_validity
LEAP_OBSERVED_PARTIAL,Petrochemical industry,LNG,,,0,0,0,observed_zero_only,partial_observation_not_global_validity
LEAP_OBSERVED_PARTIAL,Petrochemical industry,LPG,,,0,0,0,observed_zero_only,partial_observation_not_global_validity
LEAP_OBSERVED_PARTIAL,Petrochemical industry,Lignite,,,0,0,0,observed_zero_only,partial_observation_not_global_validity
LEAP_OBSERVED_PARTIAL,Petrochemical industry,Lubricants,,,0,0,0,observed_zero_only,partial_observation_not_global_validity
LEAP_OBSERVED_PARTIAL,Petrochemical industry,Motor gasoline,,,0,0,0,observed_zero_only,partial_observation_not_global_validity
LEAP_OBSERVED_PARTIAL,Petrochemical industry,Municipal solid waste non renewable,,,0,0,0,observed_zero_only,partial_observation_not_global_validity
LEAP_OBSERVED_PARTIAL,Petrochemical industry,Municipal solid waste renewable,,,0,0,0,observed_zero_only,partial_observation_not_global_validity
LEAP_OBSERVED_PARTIAL,Petrochemical industry,Naphtha,,,0,0,0,observed_zero_only,partial_observation_not_global_validity
LEAP_OBSERVED_PARTIAL,Petrochemical industry,Natural gas,,,0,0,0,observed_zero_only,partial_observation_not_global_validity
LEAP_OBSERVED_PARTIAL,Petrochemical industry,Natural gas liquids,,,0,0,0,observed_zero_only,partial_observation_not_global_validity
LEAP_OBSERVED_PARTIAL,Petrochemical industry,Nuclear,,,0,0,0,observed_zero_only,partial_observation_not_global_validity
LEAP_OBSERVED_PARTIAL,Petrochemical industry,Other biomass,,,0,0,0,observed_zero_only,partial_observation_not_global_validity
LEAP_OBSERVED_PARTIAL,Petrochemical industry,Other bituminous coal,,,0,0,0,observed_zero_only,partial_observation_not_global_validity
LEAP_OBSERVED_PARTIAL,Petrochemical industry,Other hydrocarbons,,,0,0,0,observed_zero_only,partial_observation_not_global_validity
LEAP_OBSERVED_PARTIAL,Petrochemical industry,Other liquid biofuels,,,0,0,0,observed_zero_only,partial_observation_not_global_validity
LEAP_OBSERVED_PARTIAL,Petrochemical industry,Other products,,,0,0,0,observed_zero_only,partial_observation_not_global_validity
LEAP_OBSERVED_PARTIAL,Petrochemical industry,Other recovered gases,,,0,0,0,observed_zero_only,partial_observation_not_global_validity
LEAP_OBSERVED_PARTIAL,Petrochemical industry,Other sources,,,0,0,0,observed_zero_only,partial_observation_not_global_validity
LEAP_OBSERVED_PARTIAL,Petrochemical industry,Paraffin waxes,,,0,0,0,observed_zero_only,partial_observation_not_global_validity
LEAP_OBSERVED_PARTIAL,Petrochemical industry,Patent fuel,,,0,0,0,observed_zero_only,partial_observation_not_global_validity
LEAP_OBSERVED_PARTIAL,Petrochemical industry,Petroleum coke,,,0,0,0,observed_zero_only,partial_observation_not_global_validity
LEAP_OBSERVED_PARTIAL,Petrochemical industry,Refinery feedstocks,,,0,0,0,observed_zero_only,partial_observation_not_global_validity
LEAP_OBSERVED_PARTIAL,Petrochemical industry,Refinery gas not liquefied,,,0,0,0,observed_zero_only,partial_observation_not_global_validity
LEAP_OBSERVED_PARTIAL,Petrochemical industry,Solar nonspecified,,,0,0,0,observed_zero_only,partial_observation_not_global_validity
LEAP_OBSERVED_PARTIAL,Petrochemical industry,Solar photovoltaics,,,0,0,0,observed_zero_only,partial_observation_not_global_validity
LEAP_OBSERVED_PARTIAL,Petrochemical industry,Sub bituminous coal,,,0,0,0,observed_zero_only,partial_observation_not_global_validity
LEAP_OBSERVED_PARTIAL,Petrochemical industry,White spirit SBP,,,0,0,0,observed_zero_only,partial_observation_not_global_validity
LEAP_OBSERVED_PARTIAL,Petrochemical industry,Wind,,,0,0,0,observed_zero_only,partial_observation_not_global_validity
LEAP_OBSERVED_PARTIAL,Petrochemical industry/Petrochemical industry,AUTO BALANCE,,,0,0,0,observed_zero_only,partial_observation_not_global_validity
LEAP_OBSERVED_PARTIAL,Petrochemical industry/Petrochemical industry,Additives and oxygenates,,,0,0,0,observed_zero_only,partial_observation_not_global_validity
LEAP_OBSERVED_PARTIAL,Petrochemical industry/Petrochemical industry,Ammonia,,,0,0,0,observed_zero_only,partial_observation_not_global_validity
LEAP_OBSERVED_PARTIAL,Petrochemical industry/Petrochemical industry,Anthracite,,,0,0,0,observed_zero_only,partial_observation_not_global_validity
LEAP_OBSERVED_PARTIAL,Petrochemical industry/Petrochemical industry,Aviation gasoline,,,0,0,0,observed_zero_only,partial_observation_not_global_validity
LEAP_OBSERVED_PARTIAL,Petrochemical industry/Petrochemical industry,BKB and PB,,,0,0,0,observed_zero_only,partial_observation_not_global_validity
LEAP_OBSERVED_PARTIAL,Petrochemical industry/Petrochemical industry,Bagasse,,,0,0,0,observed_zero_only,partial_observation_not_global_validity
LEAP_OBSERVED_PARTIAL,Petrochemical industry/Petrochemical industry,Bio jet kerosene,,,0,0,0,observed_zero_only,partial_observation_not_global_validity
LEAP_OBSERVED_PARTIAL,Petrochemical industry/Petrochemical industry,Biodiesel,,,0,0,0,observed_zero_only,partial_observation_not_global_validity
LEAP_OBSERVED_PARTIAL,Petrochemical industry/Petrochemical industry,Biogas,,,0,0,0,observed_zero_only,partial_observation_not_global_validity
LEAP_OBSERVED_PARTIAL,Petrochemical industry/Petrochemical industry,Biogasoline,,,0,0,0,observed_zero_only,partial_observation_not_global_validity
LEAP_OBSERVED_PARTIAL,Petrochemical industry/Petrochemical industry,Bitumen,,,0,0,0,observed_zero_only,partial_observation_not_global_validity
LEAP_OBSERVED_PARTIAL,Petrochemical industry/Petrochemical industry,Black liquor,,,0,0,0,observed_zero_only,partial_observation_not_global_validity
LEAP_OBSERVED_PARTIAL,Petrochemical industry/Petrochemical industry,Blast furnace gas,,,0,0,0,observed_zero_only,partial_observation_not_global_validity
LEAP_OBSERVED_PARTIAL,Petrochemical industry/Petrochemical industry,Charcoal,,,0,0,0,observed_zero_only,partial_observation_not_global_validity
LEAP_OBSERVED_PARTIAL,Petrochemical industry/Petrochemical industry,Coal tar,,,0,0,0,observed_zero_only,partial_observation_not_global_validity
LEAP_OBSERVED_PARTIAL,Petrochemical industry/Petrochemical industry,Coke oven coke,,,0,0,0,observed_zero_only,partial_observation_not_global_validity
LEAP_OBSERVED_PARTIAL,Petrochemical industry/Petrochemical industry,Coke oven gas,,,0,0,0,observed_zero_only,partial_observation_not_global_validity
LEAP_OBSERVED_PARTIAL,Petrochemical industry/Petrochemical industry,Coking coal,,,0,0,0,observed_zero_only,partial_observation_not_global_validity
LEAP_OBSERVED_PARTIAL,Petrochemical industry/Petrochemical industry,Crude oil,,,0,0,0,observed_zero_only,partial_observation_not_global_validity
LEAP_OBSERVED_PARTIAL,Petrochemical industry/Petrochemical industry,Efuel,,,0,0,0,observed_zero_only,partial_observation_not_global_validity
LEAP_OBSERVED_PARTIAL,Petrochemical industry/Petrochemical industry,Electricity,,,0,0,0,observed_zero_only,partial_observation_not_global_validity
LEAP_OBSERVED_PARTIAL,Petrochemical industry/Petrochemical industry,Electricity for hydrogen,,,0,0,0,observed_zero_only,partial_observation_not_global_validity
LEAP_OBSERVED_PARTIAL,Petrochemical industry/Petrochemical industry,Ethane,,,0,0,0,observed_zero_only,partial_observation_not_global_validity
LEAP_OBSERVED_PARTIAL,Petrochemical industry/Petrochemical industry,Fuel oil,,,0,0,0,observed_zero_only,partial_observation_not_global_validity
LEAP_OBSERVED_PARTIAL,Petrochemical industry/Petrochemical industry,Fuelwood and woodwaste,,,0,0,0,observed_zero_only,partial_observation_not_global_validity
LEAP_OBSERVED_PARTIAL,Petrochemical industry/Petrochemical industry,Gas and diesel oil,,,0,0,0,observed_zero_only,partial_observation_not_global_validity
LEAP_OBSERVED_PARTIAL,Petrochemical industry/Petrochemical industry,Gas nonspecified,,,0,0,0,observed_zero_only,partial_observation_not_global_validity
LEAP_OBSERVED_PARTIAL,Petrochemical industry/Petrochemical industry,Gas works gas,,,0,0,0,observed_zero_only,partial_observation_not_global_validity
LEAP_OBSERVED_PARTIAL,Petrochemical industry/Petrochemical industry,Gasoline type jet fuel,,,0,0,0,observed_zero_only,partial_observation_not_global_validity
LEAP_OBSERVED_PARTIAL,Petrochemical industry/Petrochemical industry,Geothermal,,,0,0,0,observed_zero_only,partial_observation_not_global_validity
LEAP_OBSERVED_PARTIAL,Petrochemical industry/Petrochemical industry,Heat,,,0,0,0,observed_zero_only,partial_observation_not_global_validity
LEAP_OBSERVED_PARTIAL,Petrochemical industry/Petrochemical industry,Hydro,,,0,0,0,observed_zero_only,partial_observation_not_global_validity
LEAP_OBSERVED_PARTIAL,Petrochemical industry/Petrochemical industry,Hydrogen,,,0,0,0,observed_zero_only,partial_observation_not_global_validity
LEAP_OBSERVED_PARTIAL,Petrochemical industry/Petrochemical industry,Industrial waste,,,0,0,0,observed_zero_only,partial_observation_not_global_validity
LEAP_OBSERVED_PARTIAL,Petrochemical industry/Petrochemical industry,Kerosene,,,0,0,0,observed_zero_only,partial_observation_not_global_validity
LEAP_OBSERVED_PARTIAL,Petrochemical industry/Petrochemical industry,Kerosene type jet fuel,,,0,0,0,observed_zero_only,partial_observation_not_global_validity
LEAP_OBSERVED_PARTIAL,Petrochemical industry/Petrochemical industry,LNG,,,0,0,0,observed_zero_only,partial_observation_not_global_validity
LEAP_OBSERVED_PARTIAL,Petrochemical industry/Petrochemical industry,LPG,,,0,0,0,observed_zero_only,partial_observation_not_global_validity
LEAP_OBSERVED_PARTIAL,Petrochemical industry/Petrochemical industry,Lignite,,,0,0,0,observed_zero_only,partial_observation_not_global_validity
LEAP_OBSERVED_PARTIAL,Petrochemical industry/Petrochemical industry,Lubricants,,,0,0,0,observed_zero_only,partial_observation_not_global_validity
LEAP_OBSERVED_PARTIAL,Petrochemical industry/Petrochemical industry,Motor gasoline,,,0,0,0,observed_zero_only,partial_observation_not_global_validity
LEAP_OBSERVED_PARTIAL,Petrochemical industry/Petrochemical industry,Municipal solid waste non renewable,,,0,0,0,observed_zero_only,partial_observation_not_global_validity
LEAP_OBSERVED_PARTIAL,Petrochemical industry/Petrochemical industry,Municipal solid waste renewable,,,0,0,0,observed_zero_only,partial_observation_not_global_validity
LEAP_OBSERVED_PARTIAL,Petrochemical industry/Petrochemical industry,Naphtha,,,0,0,0,observed_zero_only,partial_observation_not_global_validity
LEAP_OBSERVED_PARTIAL,Petrochemical industry/Petrochemical industry,Natural gas,,,0,0,0,observed_zero_only,partial_observation_not_global_validity
LEAP_OBSERVED_PARTIAL,Petrochemical industry/Petrochemical industry,Natural gas liquids,,,0,0,0,observed_zero_only,partial_observation_not_global_validity
LEAP_OBSERVED_PARTIAL,Petrochemical industry/Petrochemical industry,Nuclear,,,0,0,0,observed_zero_only,partial_observation_not_global_validity
LEAP_OBSERVED_PARTIAL,Petrochemical industry/Petrochemical industry,Other biomass,,,0,0,0,observed_zero_only,partial_observation_not_global_validity
LEAP_OBSERVED_PARTIAL,Petrochemical industry/Petrochemical industry,Other bituminous coal,,,0,0,0,observed_zero_only,partial_observation_not_global_validity
LEAP_OBSERVED_PARTIAL,Petrochemical industry/Petrochemical industry,Other hydrocarbons,,,0,0,0,observed_zero_only,partial_observation_not_global_validity
LEAP_OBSERVED_PARTIAL,Petrochemical industry/Petrochemical industry,Other liquid biofuels,,,0,0,0,observed_zero_only,partial_observation_not_global_validity
LEAP_OBSERVED_PARTIAL,Petrochemical industry/Petrochemical industry,Other products,,,0,0,0,observed_zero_only,partial_observation_not_global_validity
LEAP_OBSERVED_PARTIAL,Petrochemical industry/Petrochemical industry,Other recovered gases,,,0,0,0,observed_zero_only,partial_observation_not_global_validity
LEAP_OBSERVED_PARTIAL,Petrochemical industry/Petrochemical industry,Other sources,,,0,0,0,observed_zero_only,partial_observation_not_global_validity
LEAP_OBSERVED_PARTIAL,Petrochemical industry/Petrochemical industry,Paraffin waxes,,,0,0,0,observed_zero_only,partial_observation_not_global_validity
LEAP_OBSERVED_PARTIAL,Petrochemical industry/Petrochemical industry,Patent fuel,,,0,0,0,observed_zero_only,partial_observation_not_global_validity
LEAP_OBSERVED_PARTIAL,Petrochemical industry/Petrochemical industry,Petroleum coke,,,0,0,0,observed_zero_only,partial_observation_not_global_validity
LEAP_OBSERVED_PARTIAL,Petrochemical industry/Petrochemical industry,Refinery feedstocks,,,0,0,0,observed_zero_only,partial_observation_not_global_validity
LEAP_OBSERVED_PARTIAL,Petrochemical industry/Petrochemical industry,Refinery gas not liquefied,,,0,0,0,observed_zero_only,partial_observation_not_global_validity
LEAP_OBSERVED_PARTIAL,Petrochemical industry/Petrochemical industry,Solar nonspecified,,,0,0,0,observed_zero_only,partial_observation_not_global_validity
LEAP_OBSERVED_PARTIAL,Petrochemical industry/Petrochemical industry,Solar photovoltaics,,,0,0,0,observed_zero_only,partial_observation_not_global_validity
LEAP_OBSERVED_PARTIAL,Petrochemical industry/Petrochemical industry,Sub bituminous coal,,,0,0,0,observed_zero_only,partial_observation_not_global_validity
LEAP_OBSERVED_PARTIAL,Petrochemical industry/Petrochemical industry,White spirit SBP,,,0,0,0,observed_zero_only,partial_observation_not_global_validity
LEAP_OBSERVED_PARTIAL,Petrochemical industry/Petrochemical industry,Wind,,,0,0,0,observed_zero_only,partial_observation_not_global_validity
LEAP_OBSERVED_PARTIAL,Production,AUTO BALANCE,,,0,0,0,observed_zero_only,partial_observation_not_global_validity
LEAP_OBSERVED_PARTIAL,Production,Additives and oxygenates,,,0,0,0,observed_zero_only,partial_observation_not_global_validity
LEAP_OBSERVED_PARTIAL,Production,Ammonia,,,0,0,0,observed_zero_only,partial_observation_not_global_validity
LEAP_OBSERVED_PARTIAL,Production,Anthracite,2022,2060,3,39,189,observed_data_valid,partial_observation_not_global_validity
LEAP_OBSERVED_PARTIAL,Production,Aviation gasoline,,,0,0,0,observed_zero_only,partial_observation_not_global_validity
LEAP_OBSERVED_PARTIAL,Production,BKB and PB,,,0,0,0,observed_zero_only,partial_observation_not_global_validity
LEAP_OBSERVED_PARTIAL,Production,Bagasse,2022,2060,3,39,117,observed_data_valid,partial_observation_not_global_validity
LEAP_OBSERVED_PARTIAL,Production,Bio jet kerosene,2023,2060,9,38,456,observed_data_valid,partial_observation_not_global_validity
LEAP_OBSERVED_PARTIAL,Production,Biodiesel,2022,2060,8,39,428,observed_data_valid,partial_observation_not_global_validity
LEAP_OBSERVED_PARTIAL,Production,Biogas,2022,2060,6,39,311,observed_data_valid,partial_observation_not_global_validity
LEAP_OBSERVED_PARTIAL,Production,Biogasoline,2022,2060,7,39,390,observed_data_valid,partial_observation_not_global_validity
LEAP_OBSERVED_PARTIAL,Production,Bitumen,,,0,0,0,observed_zero_only,partial_observation_not_global_validity
LEAP_OBSERVED_PARTIAL,Production,Black liquor,2022,2022,1,1,1,observed_data_valid,partial_observation_not_global_validity
LEAP_OBSERVED_PARTIAL,Production,Blast furnace gas,,,0,0,0,observed_zero_only,partial_observation_not_global_validity
LEAP_OBSERVED_PARTIAL,Production,Charcoal,,,0,0,0,observed_zero_only,partial_observation_not_global_validity
LEAP_OBSERVED_PARTIAL,Production,Coal tar,,,0,0,0,observed_zero_only,partial_observation_not_global_validity
LEAP_OBSERVED_PARTIAL,Production,Coke oven coke,,,0,0,0,observed_zero_only,partial_observation_not_global_validity
LEAP_OBSERVED_PARTIAL,Production,Coke oven gas,,,0,0,0,observed_zero_only,partial_observation_not_global_validity
LEAP_OBSERVED_PARTIAL,Production,Coking coal,2022,2060,3,39,195,observed_data_valid,partial_observation_not_global_validity
LEAP_OBSERVED_PARTIAL,Production,Crude oil,2022,2060,9,39,452,observed_data_valid,partial_observation_not_global_validity
LEAP_OBSERVED_PARTIAL,Production,Efuel,,,0,0,0,observed_zero_only,partial_observation_not_global_validity
LEAP_OBSERVED_PARTIAL,Production,Electricity,,,0,0,0,observed_zero_only,partial_observation_not_global_validity
LEAP_OBSERVED_PARTIAL,Production,Electricity for hydrogen,,,0,0,0,observed_zero_only,partial_observation_not_global_validity
LEAP_OBSERVED_PARTIAL,Production,Ethane,,,0,0,0,observed_zero_only,partial_observation_not_global_validity
LEAP_OBSERVED_PARTIAL,Production,Fuel oil,,,0,0,0,observed_zero_only,partial_observation_not_global_validity
LEAP_OBSERVED_PARTIAL,Production,Fuelwood and woodwaste,2022,2060,3,39,117,observed_data_valid,partial_observation_not_global_validity
LEAP_OBSERVED_PARTIAL,Production,Gas and diesel oil,,,0,0,0,observed_zero_only,partial_observation_not_global_validity
LEAP_OBSERVED_PARTIAL,Production,Gas nonspecified,,,0,0,0,observed_zero_only,partial_observation_not_global_validity
LEAP_OBSERVED_PARTIAL,Production,Gas works gas,,,0,0,0,observed_zero_only,partial_observation_not_global_validity
LEAP_OBSERVED_PARTIAL,Production,Gasoline type jet fuel,,,0,0,0,observed_zero_only,partial_observation_not_global_validity
LEAP_OBSERVED_PARTIAL,Production,Geothermal,2022,2060,5,39,225,observed_data_valid,partial_observation_not_global_validity
LEAP_OBSERVED_PARTIAL,Production,Heat,,,0,0,0,observed_zero_only,partial_observation_not_global_validity
LEAP_OBSERVED_PARTIAL,Production,Hydro,2022,2060,8,39,429,observed_data_valid,partial_observation_not_global_validity
LEAP_OBSERVED_PARTIAL,Production,Hydrogen,,,0,0,0,observed_zero_only,partial_observation_not_global_validity
LEAP_OBSERVED_PARTIAL,Production,Industrial waste,,,0,0,0,observed_zero_only,partial_observation_not_global_validity
LEAP_OBSERVED_PARTIAL,Production,Kerosene,,,0,0,0,observed_zero_only,partial_observation_not_global_validity
LEAP_OBSERVED_PARTIAL,Production,Kerosene type jet fuel,,,0,0,0,observed_zero_only,partial_observation_not_global_validity
LEAP_OBSERVED_PARTIAL,Production,LNG,,,0,0,0,observed_zero_only,partial_observation_not_global_validity
LEAP_OBSERVED_PARTIAL,Production,LPG,,,0,0,0,observed_zero_only,partial_observation_not_global_validity
LEAP_OBSERVED_PARTIAL,Production,Lignite,2022,2060,4,39,179,observed_data_valid,partial_observation_not_global_validity
LEAP_OBSERVED_PARTIAL,Production,Lubricants,,,0,0,0,observed_zero_only,partial_observation_not_global_validity
LEAP_OBSERVED_PARTIAL,Production,Motor gasoline,,,0,0,0,observed_zero_only,partial_observation_not_global_validity
LEAP_OBSERVED_PARTIAL,Production,Municipal solid waste non renewable,,,0,0,0,observed_zero_only,partial_observation_not_global_validity
LEAP_OBSERVED_PARTIAL,Production,Municipal solid waste renewable,2022,2060,3,39,118,observed_data_valid,partial_observation_not_global_validity
LEAP_OBSERVED_PARTIAL,Production,Naphtha,,,0,0,0,observed_zero_only,partial_observation_not_global_validity
LEAP_OBSERVED_PARTIAL,Production,Natural gas,2022,2060,9,39,468,observed_data_valid,partial_observation_not_global_validity
LEAP_OBSERVED_PARTIAL,Production,Natural gas liquids,2022,2060,5,39,197,observed_data_valid,partial_observation_not_global_validity
LEAP_OBSERVED_PARTIAL,Production,Nuclear,2022,2060,4,39,205,observed_data_valid,partial_observation_not_global_validity
LEAP_OBSERVED_PARTIAL,Production,Other biomass,2022,2060,8,39,429,observed_data_valid,partial_observation_not_global_validity
LEAP_OBSERVED_PARTIAL,Production,Other bituminous coal,2022,2060,5,39,305,observed_data_valid,partial_observation_not_global_validity
LEAP_OBSERVED_PARTIAL,Production,Other hydrocarbons,,,0,0,0,observed_zero_only,partial_observation_not_global_validity
LEAP_OBSERVED_PARTIAL,Production,Other liquid biofuels,2022,2022,1,1,2,observed_data_valid,partial_observation_not_global_validity
LEAP_OBSERVED_PARTIAL,Production,Other products,,,0,0,0,observed_zero_only,partial_observation_not_global_validity
LEAP_OBSERVED_PARTIAL,Production,Other recovered gases,,,0,0,0,observed_zero_only,partial_observation_not_global_validity
LEAP_OBSERVED_PARTIAL,Production,Other sources,,,0,0,0,observed_zero_only,partial_observation_not_global_validity
LEAP_OBSERVED_PARTIAL,Production,Paraffin waxes,,,0,0,0,observed_zero_only,partial_observation_not_global_validity
LEAP_OBSERVED_PARTIAL,Production,Patent fuel,,,0,0,0,observed_zero_only,partial_observation_not_global_validity
LEAP_OBSERVED_PARTIAL,Production,Petroleum coke,,,0,0,0,observed_zero_only,partial_observation_not_global_validity
LEAP_OBSERVED_PARTIAL,Production,Refinery feedstocks,,,0,0,0,observed_zero_only,partial_observation_not_global_validity
LEAP_OBSERVED_PARTIAL,Production,Refinery gas not liquefied,,,0,0,0,observed_zero_only,partial_observation_not_global_validity
LEAP_OBSERVED_PARTIAL,Production,Solar nonspecified,2022,2060,5,39,235,observed_data_valid,partial_observation_not_global_validity
LEAP_OBSERVED_PARTIAL,Production,Solar photovoltaics,2022,2060,9,39,468,observed_data_valid,partial_observation_not_global_validity
LEAP_OBSERVED_PARTIAL,Production,Sub bituminous coal,2022,2060,4,39,227,observed_data_valid,partial_observation_not_global_validity
LEAP_OBSERVED_PARTIAL,Production,White spirit SBP,,,0,0,0,observed_zero_only,partial_observation_not_global_validity
LEAP_OBSERVED_PARTIAL,Production,Wind,2022,2060,7,39,387,observed_data_valid,partial_observation_not_global_validity
LEAP_OBSERVED_PARTIAL,Refinery and blending transfers,AUTO BALANCE,,,0,0,0,observed_zero_only,partial_observation_not_global_validity
LEAP_OBSERVED_PARTIAL,Refinery and blending transfers,Additives and oxygenates,,,0,0,0,observed_zero_only,partial_observation_not_global_validity
LEAP_OBSERVED_PARTIAL,Refinery and blending transfers,Ammonia,,,0,0,0,observed_zero_only,partial_observation_not_global_validity
LEAP_OBSERVED_PARTIAL,Refinery and blending transfers,Anthracite,,,0,0,0,observed_zero_only,partial_observation_not_global_validity
LEAP_OBSERVED_PARTIAL,Refinery and blending transfers,Aviation gasoline,,,0,0,0,observed_zero_only,partial_observation_not_global_validity
LEAP_OBSERVED_PARTIAL,Refinery and blending transfers,BKB and PB,,,0,0,0,observed_zero_only,partial_observation_not_global_validity
LEAP_OBSERVED_PARTIAL,Refinery and blending transfers,Bagasse,,,0,0,0,observed_zero_only,partial_observation_not_global_validity
LEAP_OBSERVED_PARTIAL,Refinery and blending transfers,Bio jet kerosene,,,0,0,0,observed_zero_only,partial_observation_not_global_validity
LEAP_OBSERVED_PARTIAL,Refinery and blending transfers,Biodiesel,,,0,0,0,observed_zero_only,partial_observation_not_global_validity
LEAP_OBSERVED_PARTIAL,Refinery and blending transfers,Biogas,,,0,0,0,observed_zero_only,partial_observation_not_global_validity
LEAP_OBSERVED_PARTIAL,Refinery and blending transfers,Biogasoline,,,0,0,0,observed_zero_only,partial_observation_not_global_validity
LEAP_OBSERVED_PARTIAL,Refinery and blending transfers,Bitumen,2022,2022,1,1,1,observed_data_valid,partial_observation_not_global_validity
LEAP_OBSERVED_PARTIAL,Refinery and blending transfers,Black liquor,,,0,0,0,observed_zero_only,partial_observation_not_global_validity
LEAP_OBSERVED_PARTIAL,Refinery and blending transfers,Blast furnace gas,,,0,0,0,observed_zero_only,partial_observation_not_global_validity
LEAP_OBSERVED_PARTIAL,Refinery and blending transfers,Charcoal,,,0,0,0,observed_zero_only,partial_observation_not_global_validity
LEAP_OBSERVED_PARTIAL,Refinery and blending transfers,Coal tar,,,0,0,0,observed_zero_only,partial_observation_not_global_validity
LEAP_OBSERVED_PARTIAL,Refinery and blending transfers,Coke oven coke,,,0,0,0,observed_zero_only,partial_observation_not_global_validity
LEAP_OBSERVED_PARTIAL,Refinery and blending transfers,Coke oven gas,,,0,0,0,observed_zero_only,partial_observation_not_global_validity
LEAP_OBSERVED_PARTIAL,Refinery and blending transfers,Coking coal,,,0,0,0,observed_zero_only,partial_observation_not_global_validity
LEAP_OBSERVED_PARTIAL,Refinery and blending transfers,Crude oil,,,0,0,0,observed_zero_only,partial_observation_not_global_validity
LEAP_OBSERVED_PARTIAL,Refinery and blending transfers,Efuel,,,0,0,0,observed_zero_only,partial_observation_not_global_validity
LEAP_OBSERVED_PARTIAL,Refinery and blending transfers,Electricity,,,0,0,0,observed_zero_only,partial_observation_not_global_validity
LEAP_OBSERVED_PARTIAL,Refinery and blending transfers,Electricity for hydrogen,,,0,0,0,observed_zero_only,partial_observation_not_global_validity
LEAP_OBSERVED_PARTIAL,Refinery and blending transfers,Ethane,,,0,0,0,observed_zero_only,partial_observation_not_global_validity
LEAP_OBSERVED_PARTIAL,Refinery and blending transfers,Fuel oil,2022,2022,1,1,1,observed_data_valid,partial_observation_not_global_validity
LEAP_OBSERVED_PARTIAL,Refinery and blending transfers,Fuelwood and woodwaste,,,0,0,0,observed_zero_only,partial_observation_not_global_validity
LEAP_OBSERVED_PARTIAL,Refinery and blending transfers,Gas and diesel oil,2022,2022,1,1,1,observed_data_valid,partial_observation_not_global_validity
LEAP_OBSERVED_PARTIAL,Refinery and blending transfers,Gas nonspecified,,,0,0,0,observed_zero_only,partial_observation_not_global_validity
LEAP_OBSERVED_PARTIAL,Refinery and blending transfers,Gas works gas,,,0,0,0,observed_zero_only,partial_observation_not_global_validity
LEAP_OBSERVED_PARTIAL,Refinery and blending transfers,Gasoline type jet fuel,,,0,0,0,observed_zero_only,partial_observation_not_global_validity
LEAP_OBSERVED_PARTIAL,Refinery and blending transfers,Geothermal,,,0,0,0,observed_zero_only,partial_observation_not_global_validity
LEAP_OBSERVED_PARTIAL,Refinery and blending transfers,Heat,,,0,0,0,observed_zero_only,partial_observation_not_global_validity
LEAP_OBSERVED_PARTIAL,Refinery and blending transfers,Hydro,,,0,0,0,observed_zero_only,partial_observation_not_global_validity
LEAP_OBSERVED_PARTIAL,Refinery and blending transfers,Hydrogen,,,0,0,0,observed_zero_only,partial_observation_not_global_validity
LEAP_OBSERVED_PARTIAL,Refinery and blending transfers,Industrial waste,,,0,0,0,observed_zero_only,partial_observation_not_global_validity
LEAP_OBSERVED_PARTIAL,Refinery and blending transfers,Kerosene,,,0,0,0,observed_zero_only,partial_observation_not_global_validity
LEAP_OBSERVED_PARTIAL,Refinery and blending transfers,Kerosene type jet fuel,,,0,0,0,observed_zero_only,partial_observation_not_global_validity
LEAP_OBSERVED_PARTIAL,Refinery and blending transfers,LNG,,,0,0,0,observed_zero_only,partial_observation_not_global_validity
LEAP_OBSERVED_PARTIAL,Refinery and blending transfers,LPG,,,0,0,0,observed_zero_only,partial_observation_not_global_validity
LEAP_OBSERVED_PARTIAL,Refinery and blending transfers,Lignite,,,0,0,0,observed_zero_only,partial_observation_not_global_validity
LEAP_OBSERVED_PARTIAL,Refinery and blending transfers,Lubricants,,,0,0,0,observed_zero_only,partial_observation_not_global_validity
LEAP_OBSERVED_PARTIAL,Refinery and blending transfers,Motor gasoline,2022,2022,2,1,2,observed_data_valid,partial_observation_not_global_validity
LEAP_OBSERVED_PARTIAL,Refinery and blending transfers,Municipal solid waste non renewable,,,0,0,0,observed_zero_only,partial_observation_not_global_validity
LEAP_OBSERVED_PARTIAL,Refinery and blending transfers,Municipal solid waste renewable,,,0,0,0,observed_zero_only,partial_observation_not_global_validity
LEAP_OBSERVED_PARTIAL,Refinery and blending transfers,Naphtha,2022,2022,1,1,1,observed_data_valid,partial_observation_not_global_validity
LEAP_OBSERVED_PARTIAL,Refinery and blending transfers,Natural gas,,,0,0,0,observed_zero_only,partial_observation_not_global_validity
LEAP_OBSERVED_PARTIAL,Refinery and blending transfers,Natural gas liquids,,,0,0,0,observed_zero_only,partial_observation_not_global_validity
LEAP_OBSERVED_PARTIAL,Refinery and blending transfers,Nuclear,,,0,0,0,observed_zero_only,partial_observation_not_global_validity
LEAP_OBSERVED_PARTIAL,Refinery and blending transfers,Other biomass,,,0,0,0,observed_zero_only,partial_observation_not_global_validity
LEAP_OBSERVED_PARTIAL,Refinery and blending transfers,Other bituminous coal,,,0,0,0,observed_zero_only,partial_observation_not_global_validity
LEAP_OBSERVED_PARTIAL,Refinery and blending transfers,Other hydrocarbons,,,0,0,0,observed_zero_only,partial_observation_not_global_validity
LEAP_OBSERVED_PARTIAL,Refinery and blending transfers,Other liquid biofuels,,,0,0,0,observed_zero_only,partial_observation_not_global_validity
LEAP_OBSERVED_PARTIAL,Refinery and blending transfers,Other products,2022,2022,2,1,2,observed_data_valid,partial_observation_not_global_validity
LEAP_OBSERVED_PARTIAL,Refinery and blending transfers,Other recovered gases,,,0,0,0,observed_zero_only,partial_observation_not_global_validity
LEAP_OBSERVED_PARTIAL,Refinery and blending transfers,Other sources,,,0,0,0,observed_zero_only,partial_observation_not_global_validity
LEAP_OBSERVED_PARTIAL,Refinery and blending transfers,Paraffin waxes,,,0,0,0,observed_zero_only,partial_observation_not_global_validity
LEAP_OBSERVED_PARTIAL,Refinery and blending transfers,Patent fuel,,,0,0,0,observed_zero_only,partial_observation_not_global_validity
LEAP_OBSERVED_PARTIAL,Refinery and blending transfers,Petroleum coke,,,0,0,0,observed_zero_only,partial_observation_not_global_validity
LEAP_OBSERVED_PARTIAL,Refinery and blending transfers,Refinery feedstocks,2022,2022,2,1,2,observed_data_valid,partial_observation_not_global_validity
LEAP_OBSERVED_PARTIAL,Refinery and blending transfers,Refinery gas not liquefied,,,0,0,0,observed_zero_only,partial_observation_not_global_validity
LEAP_OBSERVED_PARTIAL,Refinery and blending transfers,Solar nonspecified,,,0,0,0,observed_zero_only,partial_observation_not_global_validity
LEAP_OBSERVED_PARTIAL,Refinery and blending transfers,Solar photovoltaics,,,0,0,0,observed_zero_only,partial_observation_not_global_validity
LEAP_OBSERVED_PARTIAL,Refinery and blending transfers,Sub bituminous coal,,,0,0,0,observed_zero_only,partial_observation_not_global_validity
LEAP_OBSERVED_PARTIAL,Refinery and blending transfers,White spirit SBP,,,0,0,0,observed_zero_only,partial_observation_not_global_validity
LEAP_OBSERVED_PARTIAL,Refinery and blending transfers,Wind,,,0,0,0,observed_zero_only,partial_observation_not_global_validity
LEAP_OBSERVED_PARTIAL,Refinery and blending transfers/Refinery and blending transfers,AUTO BALANCE,,,0,0,0,observed_zero_only,partial_observation_not_global_validity
LEAP_OBSERVED_PARTIAL,Refinery and blending transfers/Refinery and blending transfers,Additives and oxygenates,,,0,0,0,observed_zero_only,partial_observation_not_global_validity
LEAP_OBSERVED_PARTIAL,Refinery and blending transfers/Refinery and blending transfers,Ammonia,,,0,0,0,observed_zero_only,partial_observation_not_global_validity
LEAP_OBSERVED_PARTIAL,Refinery and blending transfers/Refinery and blending transfers,Anthracite,,,0,0,0,observed_zero_only,partial_observation_not_global_validity
LEAP_OBSERVED_PARTIAL,Refinery and blending transfers/Refinery and blending transfers,Aviation gasoline,,,0,0,0,observed_zero_only,partial_observation_not_global_validity
LEAP_OBSERVED_PARTIAL,Refinery and blending transfers/Refinery and blending transfers,BKB and PB,,,0,0,0,observed_zero_only,partial_observation_not_global_validity
LEAP_OBSERVED_PARTIAL,Refinery and blending transfers/Refinery and blending transfers,Bagasse,,,0,0,0,observed_zero_only,partial_observation_not_global_validity
LEAP_OBSERVED_PARTIAL,Refinery and blending transfers/Refinery and blending transfers,Bio jet kerosene,,,0,0,0,observed_zero_only,partial_observation_not_global_validity
LEAP_OBSERVED_PARTIAL,Refinery and blending transfers/Refinery and blending transfers,Biodiesel,,,0,0,0,observed_zero_only,partial_observation_not_global_validity
LEAP_OBSERVED_PARTIAL,Refinery and blending transfers/Refinery and blending transfers,Biogas,,,0,0,0,observed_zero_only,partial_observation_not_global_validity
LEAP_OBSERVED_PARTIAL,Refinery and blending transfers/Refinery and blending transfers,Biogasoline,,,0,0,0,observed_zero_only,partial_observation_not_global_validity
LEAP_OBSERVED_PARTIAL,Refinery and blending transfers/Refinery and blending transfers,Bitumen,2022,2022,1,1,1,observed_data_valid,partial_observation_not_global_validity
LEAP_OBSERVED_PARTIAL,Refinery and blending transfers/Refinery and blending transfers,Black liquor,,,0,0,0,observed_zero_only,partial_observation_not_global_validity
LEAP_OBSERVED_PARTIAL,Refinery and blending transfers/Refinery and blending transfers,Blast furnace gas,,,0,0,0,observed_zero_only,partial_observation_not_global_validity
LEAP_OBSERVED_PARTIAL,Refinery and blending transfers/Refinery and blending transfers,Charcoal,,,0,0,0,observed_zero_only,partial_observation_not_global_validity
LEAP_OBSERVED_PARTIAL,Refinery and blending transfers/Refinery and blending transfers,Coal tar,,,0,0,0,observed_zero_only,partial_observation_not_global_validity
LEAP_OBSERVED_PARTIAL,Refinery and blending transfers/Refinery and blending transfers,Coke oven coke,,,0,0,0,observed_zero_only,partial_observation_not_global_validity
LEAP_OBSERVED_PARTIAL,Refinery and blending transfers/Refinery and blending transfers,Coke oven gas,,,0,0,0,observed_zero_only,partial_observation_not_global_validity
LEAP_OBSERVED_PARTIAL,Refinery and blending transfers/Refinery and blending transfers,Coking coal,,,0,0,0,observed_zero_only,partial_observation_not_global_validity
LEAP_OBSERVED_PARTIAL,Refinery and blending transfers/Refinery and blending transfers,Crude oil,,,0,0,0,observed_zero_only,partial_observation_not_global_validity
LEAP_OBSERVED_PARTIAL,Refinery and blending transfers/Refinery and blending transfers,Efuel,,,0,0,0,observed_zero_only,partial_observation_not_global_validity
LEAP_OBSERVED_PARTIAL,Refinery and blending transfers/Refinery and blending transfers,Electricity,,,0,0,0,observed_zero_only,partial_observation_not_global_validity
LEAP_OBSERVED_PARTIAL,Refinery and blending transfers/Refinery and blending transfers,Electricity for hydrogen,,,0,0,0,observed_zero_only,partial_observation_not_global_validity
LEAP_OBSERVED_PARTIAL,Refinery and blending transfers/Refinery and blending transfers,Ethane,,,0,0,0,observed_zero_only,partial_observation_not_global_validity
LEAP_OBSERVED_PARTIAL,Refinery and blending transfers/Refinery and blending transfers,Fuel oil,2022,2022,1,1,1,observed_data_valid,partial_observation_not_global_validity
LEAP_OBSERVED_PARTIAL,Refinery and blending transfers/Refinery and blending transfers,Fuelwood and woodwaste,,,0,0,0,observed_zero_only,partial_observation_not_global_validity
LEAP_OBSERVED_PARTIAL,Refinery and blending transfers/Refinery and blending transfers,Gas and diesel oil,2022,2022,1,1,1,observed_data_valid,partial_observation_not_global_validity
LEAP_OBSERVED_PARTIAL,Refinery and blending transfers/Refinery and blending transfers,Gas nonspecified,,,0,0,0,observed_zero_only,partial_observation_not_global_validity
LEAP_OBSERVED_PARTIAL,Refinery and blending transfers/Refinery and blending transfers,Gas works gas,,,0,0,0,observed_zero_only,partial_observation_not_global_validity
LEAP_OBSERVED_PARTIAL,Refinery and blending transfers/Refinery and blending transfers,Gasoline type jet fuel,,,0,0,0,observed_zero_only,partial_observation_not_global_validity
LEAP_OBSERVED_PARTIAL,Refinery and blending transfers/Refinery and blending transfers,Geothermal,,,0,0,0,observed_zero_only,partial_observation_not_global_validity
LEAP_OBSERVED_PARTIAL,Refinery and blending transfers/Refinery and blending transfers,Heat,,,0,0,0,observed_zero_only,partial_observation_not_global_validity
LEAP_OBSERVED_PARTIAL,Refinery and blending transfers/Refinery and blending transfers,Hydro,,,0,0,0,observed_zero_only,partial_observation_not_global_validity
LEAP_OBSERVED_PARTIAL,Refinery and blending transfers/Refinery and blending transfers,Hydrogen,,,0,0,0,observed_zero_only,partial_observation_not_global_validity
LEAP_OBSERVED_PARTIAL,Refinery and blending transfers/Refinery and blending transfers,Industrial waste,,,0,0,0,observed_zero_only,partial_observation_not_global_validity
LEAP_OBSERVED_PARTIAL,Refinery and blending transfers/Refinery and blending transfers,Kerosene,,,0,0,0,observed_zero_only,partial_observation_not_global_validity
LEAP_OBSERVED_PARTIAL,Refinery and blending transfers/Refinery and blending transfers,Kerosene type jet fuel,,,0,0,0,observed_zero_only,partial_observation_not_global_validity
LEAP_OBSERVED_PARTIAL,Refinery and blending transfers/Refinery and blending transfers,LNG,,,0,0,0,observed_zero_only,partial_observation_not_global_validity
LEAP_OBSERVED_PARTIAL,Refinery and blending transfers/Refinery and blending transfers,LPG,,,0,0,0,observed_zero_only,partial_observation_not_global_validity
LEAP_OBSERVED_PARTIAL,Refinery and blending transfers/Refinery and blending transfers,Lignite,,,0,0,0,observed_zero_only,partial_observation_not_global_validity
LEAP_OBSERVED_PARTIAL,Refinery and blending transfers/Refinery and blending transfers,Lubricants,,,0,0,0,observed_zero_only,partial_observation_not_global_validity
LEAP_OBSERVED_PARTIAL,Refinery and blending transfers/Refinery and blending transfers,Motor gasoline,2022,2022,2,1,2,observed_data_valid,partial_observation_not_global_validity
LEAP_OBSERVED_PARTIAL,Refinery and blending transfers/Refinery and blending transfers,Municipal solid waste non renewable,,,0,0,0,observed_zero_only,partial_observation_not_global_validity
LEAP_OBSERVED_PARTIAL,Refinery and blending transfers/Refinery and blending transfers,Municipal solid waste renewable,,,0,0,0,observed_zero_only,partial_observation_not_global_validity
LEAP_OBSERVED_PARTIAL,Refinery and blending transfers/Refinery and blending transfers,Naphtha,2022,2022,1,1,1,observed_data_valid,partial_observation_not_global_validity
LEAP_OBSERVED_PARTIAL,Refinery and blending transfers/Refinery and blending transfers,Natural gas,,,0,0,0,observed_zero_only,partial_observation_not_global_validity
LEAP_OBSERVED_PARTIAL,Refinery and blending transfers/Refinery and blending transfers,Natural gas liquids,,,0,0,0,observed_zero_only,partial_observation_not_global_validity
LEAP_OBSERVED_PARTIAL,Refinery and blending transfers/Refinery and blending transfers,Nuclear,,,0,0,0,observed_zero_only,partial_observation_not_global_validity
LEAP_OBSERVED_PARTIAL,Refinery and blending transfers/Refinery and blending transfers,Other biomass,,,0,0,0,observed_zero_only,partial_observation_not_global_validity
LEAP_OBSERVED_PARTIAL,Refinery and blending transfers/Refinery and blending transfers,Other bituminous coal,,,0,0,0,observed_zero_only,partial_observation_not_global_validity
LEAP_OBSERVED_PARTIAL,Refinery and blending transfers/Refinery and blending transfers,Other hydrocarbons,,,0,0,0,observed_zero_only,partial_observation_not_global_validity
LEAP_OBSERVED_PARTIAL,Refinery and blending transfers/Refinery and blending transfers,Other liquid biofuels,,,0,0,0,observed_zero_only,partial_observation_not_global_validity
LEAP_OBSERVED_PARTIAL,Refinery and blending transfers/Refinery and blending transfers,Other products,2022,2022,2,1,2,observed_data_valid,partial_observation_not_global_validity
LEAP_OBSERVED_PARTIAL,Refinery and blending transfers/Refinery and blending transfers,Other recovered gases,,,0,0,0,observed_zero_only,partial_observation_not_global_validity
LEAP_OBSERVED_PARTIAL,Refinery and blending transfers/Refinery and blending transfers,Other sources,,,0,0,0,observed_zero_only,partial_observation_not_global_validity
LEAP_OBSERVED_PARTIAL,Refinery and blending transfers/Refinery and blending transfers,Paraffin waxes,,,0,0,0,observed_zero_only,partial_observation_not_global_validity
LEAP_OBSERVED_PARTIAL,Refinery and blending transfers/Refinery and blending transfers,Patent fuel,,,0,0,0,observed_zero_only,partial_observation_not_global_validity
LEAP_OBSERVED_PARTIAL,Refinery and blending transfers/Refinery and blending transfers,Petroleum coke,,,0,0,0,observed_zero_only,partial_observation_not_global_validity
LEAP_OBSERVED_PARTIAL,Refinery and blending transfers/Refinery and blending transfers,Refinery feedstocks,2022,2022,2,1,2,observed_data_valid,partial_observation_not_global_validity
LEAP_OBSERVED_PARTIAL,Refinery and blending transfers/Refinery and blending transfers,Refinery gas not liquefied,,,0,0,0,observed_zero_only,partial_observation_not_global_validity
LEAP_OBSERVED_PARTIAL,Refinery and blending transfers/Refinery and blending transfers,Solar nonspecified,,,0,0,0,observed_zero_only,partial_observation_not_global_validity
LEAP_OBSERVED_PARTIAL,Refinery and blending transfers/Refinery and blending transfers,Solar photovoltaics,,,0,0,0,observed_zero_only,partial_observation_not_global_validity
LEAP_OBSERVED_PARTIAL,Refinery and blending transfers/Refinery and blending transfers,Sub bituminous coal,,,0,0,0,observed_zero_only,partial_observation_not_global_validity
LEAP_OBSERVED_PARTIAL,Refinery and blending transfers/Refinery and blending transfers,White spirit SBP,,,0,0,0,observed_zero_only,partial_observation_not_global_validity
LEAP_OBSERVED_PARTIAL,Refinery and blending transfers/Refinery and blending transfers,Wind,,,0,0,0,observed_zero_only,partial_observation_not_global_validity
LEAP_OBSERVED_PARTIAL,Statistical Differences,AUTO BALANCE,,,0,0,0,observed_zero_only,partial_observation_not_global_validity
LEAP_OBSERVED_PARTIAL,Statistical Differences,Additives and oxygenates,,,0,0,0,observed_zero_only,partial_observation_not_global_validity
LEAP_OBSERVED_PARTIAL,Statistical Differences,Ammonia,,,0,0,0,observed_zero_only,partial_observation_not_global_validity
LEAP_OBSERVED_PARTIAL,Statistical Differences,Anthracite,2022,2022,4,1,5,observed_data_valid,partial_observation_not_global_validity
LEAP_OBSERVED_PARTIAL,Statistical Differences,Aviation gasoline,2022,2022,3,1,4,observed_data_valid,partial_observation_not_global_validity
LEAP_OBSERVED_PARTIAL,Statistical Differences,BKB and PB,2022,2022,1,1,2,observed_data_valid,partial_observation_not_global_validity
LEAP_OBSERVED_PARTIAL,Statistical Differences,Bagasse,2022,2022,1,1,1,observed_data_valid,partial_observation_not_global_validity
LEAP_OBSERVED_PARTIAL,Statistical Differences,Bio jet kerosene,,,0,0,0,observed_zero_only,partial_observation_not_global_validity
LEAP_OBSERVED_PARTIAL,Statistical Differences,Biodiesel,2022,2022,3,1,4,observed_data_valid,partial_observation_not_global_validity
LEAP_OBSERVED_PARTIAL,Statistical Differences,Biogas,2022,2022,4,1,5,observed_data_valid,partial_observation_not_global_validity
LEAP_OBSERVED_PARTIAL,Statistical Differences,Biogasoline,2022,2022,3,1,3,observed_data_valid,partial_observation_not_global_validity
LEAP_OBSERVED_PARTIAL,Statistical Differences,Bitumen,2022,2022,6,1,8,observed_data_valid,partial_observation_not_global_validity
LEAP_OBSERVED_PARTIAL,Statistical Differences,Black liquor,,,0,0,0,observed_zero_only,partial_observation_not_global_validity
LEAP_OBSERVED_PARTIAL,Statistical Differences,Blast furnace gas,2022,2022,1,1,2,observed_data_valid,partial_observation_not_global_validity
LEAP_OBSERVED_PARTIAL,Statistical Differences,Charcoal,,,0,0,0,observed_zero_only,partial_observation_not_global_validity
LEAP_OBSERVED_PARTIAL,Statistical Differences,Coal tar,2022,2022,1,1,2,observed_data_valid,partial_observation_not_global_validity
LEAP_OBSERVED_PARTIAL,Statistical Differences,Coke oven coke,2022,2022,2,1,3,observed_data_valid,partial_observation_not_global_validity
LEAP_OBSERVED_PARTIAL,Statistical Differences,Coke oven gas,2022,2022,2,1,4,observed_data_valid,partial_observation_not_global_validity
LEAP_OBSERVED_PARTIAL,Statistical Differences,Coking coal,2022,2022,3,1,5,observed_data_valid,partial_observation_not_global_validity
LEAP_OBSERVED_PARTIAL,Statistical Differences,Crude oil,2022,2022,8,1,11,observed_data_valid,partial_observation_not_global_validity
LEAP_OBSERVED_PARTIAL,Statistical Differences,Efuel,,,0,0,0,observed_zero_only,partial_observation_not_global_validity
LEAP_OBSERVED_PARTIAL,Statistical Differences,Electricity,2022,2022,8,1,10,observed_data_valid,partial_observation_not_global_validity
LEAP_OBSERVED_PARTIAL,Statistical Differences,Electricity for hydrogen,,,0,0,0,observed_zero_only,partial_observation_not_global_validity
LEAP_OBSERVED_PARTIAL,Statistical Differences,Ethane,2022,2022,1,1,1,observed_data_valid,partial_observation_not_global_validity
LEAP_OBSERVED_PARTIAL,Statistical Differences,Fuel oil,2022,2022,8,1,11,observed_data_valid,partial_observation_not_global_validity
LEAP_OBSERVED_PARTIAL,Statistical Differences,Fuelwood and woodwaste,2022,2022,1,1,1,observed_data_valid,partial_observation_not_global_validity
LEAP_OBSERVED_PARTIAL,Statistical Differences,Gas and diesel oil,2022,2022,9,1,12,observed_data_valid,partial_observation_not_global_validity
LEAP_OBSERVED_PARTIAL,Statistical Differences,Gas nonspecified,,,0,0,0,observed_zero_only,partial_observation_not_global_validity
LEAP_OBSERVED_PARTIAL,Statistical Differences,Gas works gas,2022,2022,1,1,2,observed_data_valid,partial_observation_not_global_validity
LEAP_OBSERVED_PARTIAL,Statistical Differences,Gasoline type jet fuel,,,0,0,0,observed_zero_only,partial_observation_not_global_validity
LEAP_OBSERVED_PARTIAL,Statistical Differences,Geothermal,2022,2022,2,1,3,observed_data_valid,partial_observation_not_global_validity
LEAP_OBSERVED_PARTIAL,Statistical Differences,Heat,2022,2022,2,1,4,observed_data_valid,partial_observation_not_global_validity
LEAP_OBSERVED_PARTIAL,Statistical Differences,Hydro,2022,2022,1,1,2,observed_data_valid,partial_observation_not_global_validity
LEAP_OBSERVED_PARTIAL,Statistical Differences,Hydrogen,,,0,0,0,observed_zero_only,partial_observation_not_global_validity
LEAP_OBSERVED_PARTIAL,Statistical Differences,Industrial waste,2022,2022,3,1,5,observed_data_valid,partial_observation_not_global_validity
LEAP_OBSERVED_PARTIAL,Statistical Differences,Kerosene,2022,2022,7,1,8,observed_data_valid,partial_observation_not_global_validity
LEAP_OBSERVED_PARTIAL,Statistical Differences,Kerosene type jet fuel,2022,2022,8,1,10,observed_data_valid,partial_observation_not_global_validity
LEAP_OBSERVED_PARTIAL,Statistical Differences,LNG,2022,2022,3,1,4,observed_data_valid,partial_observation_not_global_validity
LEAP_OBSERVED_PARTIAL,Statistical Differences,LPG,2022,2022,9,1,12,observed_data_valid,partial_observation_not_global_validity
LEAP_OBSERVED_PARTIAL,Statistical Differences,Lignite,2022,2022,4,1,6,observed_data_valid,partial_observation_not_global_validity
LEAP_OBSERVED_PARTIAL,Statistical Differences,Lubricants,2022,2022,5,1,7,observed_data_valid,partial_observation_not_global_validity
LEAP_OBSERVED_PARTIAL,Statistical Differences,Motor gasoline,2022,2022,9,1,12,observed_data_valid,partial_observation_not_global_validity
LEAP_OBSERVED_PARTIAL,Statistical Differences,Municipal solid waste non renewable,2022,2022,1,1,2,observed_data_valid,partial_observation_not_global_validity
LEAP_OBSERVED_PARTIAL,Statistical Differences,Municipal solid waste renewable,2022,2022,1,1,2,observed_data_valid,partial_observation_not_global_validity
LEAP_OBSERVED_PARTIAL,Statistical Differences,Naphtha,2022,2022,4,1,6,observed_data_valid,partial_observation_not_global_validity
LEAP_OBSERVED_PARTIAL,Statistical Differences,Natural gas,2022,2022,8,1,11,observed_data_valid,partial_observation_not_global_validity
LEAP_OBSERVED_PARTIAL,Statistical Differences,Natural gas liquids,2022,2022,3,1,4,observed_data_valid,partial_observation_not_global_validity
LEAP_OBSERVED_PARTIAL,Statistical Differences,Nuclear,,,0,0,0,observed_zero_only,partial_observation_not_global_validity
LEAP_OBSERVED_PARTIAL,Statistical Differences,Other biomass,2022,2022,6,1,8,observed_data_valid,partial_observation_not_global_validity
LEAP_OBSERVED_PARTIAL,Statistical Differences,Other bituminous coal,2022,2022,6,1,9,observed_data_valid,partial_observation_not_global_validity
LEAP_OBSERVED_PARTIAL,Statistical Differences,Other hydrocarbons,,,0,0,0,observed_zero_only,partial_observation_not_global_validity
LEAP_OBSERVED_PARTIAL,Statistical Differences,Other liquid biofuels,,,0,0,0,observed_zero_only,partial_observation_not_global_validity
LEAP_OBSERVED_PARTIAL,Statistical Differences,Other products,2022,2022,8,1,11,observed_data_valid,partial_observation_not_global_validity
LEAP_OBSERVED_PARTIAL,Statistical Differences,Other recovered gases,2022,2022,1,1,2,observed_data_valid,partial_observation_not_global_validity
LEAP_OBSERVED_PARTIAL,Statistical Differences,Other sources,,,0,0,0,observed_zero_only,partial_observation_not_global_validity
LEAP_OBSERVED_PARTIAL,Statistical Differences,Paraffin waxes,2022,2022,2,1,3,observed_data_valid,partial_observation_not_global_validity
LEAP_OBSERVED_PARTIAL,Statistical Differences,Patent fuel,,,0,0,0,observed_zero_only,partial_observation_not_global_validity
LEAP_OBSERVED_PARTIAL,Statistical Differences,Petroleum coke,2022,2022,4,1,7,observed_data_valid,partial_observation_not_global_validity
LEAP_OBSERVED_PARTIAL,Statistical Differences,Refinery feedstocks,2022,2022,2,1,3,observed_data_valid,partial_observation_not_global_validity
LEAP_OBSERVED_PARTIAL,Statistical Differences,Refinery gas not liquefied,2022,2022,2,1,4,observed_data_valid,partial_observation_not_global_validity
LEAP_OBSERVED_PARTIAL,Statistical Differences,Solar nonspecified,2022,2022,1,1,1,observed_data_valid,partial_observation_not_global_validity
LEAP_OBSERVED_PARTIAL,Statistical Differences,Solar photovoltaics,2022,2022,1,1,1,observed_data_valid,partial_observation_not_global_validity
LEAP_OBSERVED_PARTIAL,Statistical Differences,Sub bituminous coal,2022,2022,4,1,6,observed_data_valid,partial_observation_not_global_validity
LEAP_OBSERVED_PARTIAL,Statistical Differences,White spirit SBP,2022,2022,2,1,3,observed_data_valid,partial_observation_not_global_validity
LEAP_OBSERVED_PARTIAL,Statistical Differences,Wind,,,0,0,0,observed_zero_only,partial_observation_not_global_validity
LEAP_OBSERVED_PARTIAL,Stock Changes,AUTO BALANCE,,,0,0,0,observed_zero_only,partial_observation_not_global_validity
LEAP_OBSERVED_PARTIAL,Stock Changes,Additives and oxygenates,,,0,0,0,observed_zero_only,partial_observation_not_global_validity
LEAP_OBSERVED_PARTIAL,Stock Changes,Ammonia,,,0,0,0,observed_zero_only,partial_observation_not_global_validity
LEAP_OBSERVED_PARTIAL,Stock Changes,Anthracite,2022,2022,2,1,3,observed_data_valid,partial_observation_not_global_validity
LEAP_OBSERVED_PARTIAL,Stock Changes,Aviation gasoline,2022,2022,3,1,5,observed_data_valid,partial_observation_not_global_validity
LEAP_OBSERVED_PARTIAL,Stock Changes,BKB and PB,2022,2022,1,1,2,observed_data_valid,partial_observation_not_global_validity
LEAP_OBSERVED_PARTIAL,Stock Changes,Bagasse,,,0,0,0,observed_zero_only,partial_observation_not_global_validity
LEAP_OBSERVED_PARTIAL,Stock Changes,Bio jet kerosene,2022,2022,1,1,1,observed_data_valid,partial_observation_not_global_validity
LEAP_OBSERVED_PARTIAL,Stock Changes,Biodiesel,2022,2022,4,1,5,observed_data_valid,partial_observation_not_global_validity
LEAP_OBSERVED_PARTIAL,Stock Changes,Biogas,,,0,0,0,observed_zero_only,partial_observation_not_global_validity
LEAP_OBSERVED_PARTIAL,Stock Changes,Biogasoline,2022,2022,3,1,4,observed_data_valid,partial_observation_not_global_validity
LEAP_OBSERVED_PARTIAL,Stock Changes,Bitumen,2022,2022,4,1,6,observed_data_valid,partial_observation_not_global_validity
LEAP_OBSERVED_PARTIAL,Stock Changes,Black liquor,,,0,0,0,observed_zero_only,partial_observation_not_global_validity
LEAP_OBSERVED_PARTIAL,Stock Changes,Blast furnace gas,,,0,0,0,observed_zero_only,partial_observation_not_global_validity
LEAP_OBSERVED_PARTIAL,Stock Changes,Charcoal,,,0,0,0,observed_zero_only,partial_observation_not_global_validity
LEAP_OBSERVED_PARTIAL,Stock Changes,Coal tar,,,0,0,0,observed_zero_only,partial_observation_not_global_validity
LEAP_OBSERVED_PARTIAL,Stock Changes,Coke oven coke,2022,2022,2,1,4,observed_data_valid,partial_observation_not_global_validity
LEAP_OBSERVED_PARTIAL,Stock Changes,Coke oven gas,,,0,0,0,observed_zero_only,partial_observation_not_global_validity
LEAP_OBSERVED_PARTIAL,Stock Changes,Coking coal,2022,2022,3,1,5,observed_data_valid,partial_observation_not_global_validity
LEAP_OBSERVED_PARTIAL,Stock Changes,Crude oil,2022,2022,8,1,11,observed_data_valid,partial_observation_not_global_validity
LEAP_OBSERVED_PARTIAL,Stock Changes,Efuel,,,0,0,0,observed_zero_only,partial_observation_not_global_validity
LEAP_OBSERVED_PARTIAL,Stock Changes,Electricity,,,0,0,0,observed_zero_only,partial_observation_not_global_validity
LEAP_OBSERVED_PARTIAL,Stock Changes,Electricity for hydrogen,,,0,0,0,observed_zero_only,partial_observation_not_global_validity
LEAP_OBSERVED_PARTIAL,Stock Changes,Ethane,2022,2022,1,1,2,observed_data_valid,partial_observation_not_global_validity
LEAP_OBSERVED_PARTIAL,Stock Changes,Fuel oil,2022,2022,7,1,10,observed_data_valid,partial_observation_not_global_validity
LEAP_OBSERVED_PARTIAL,Stock Changes,Fuelwood and woodwaste,,,0,0,0,observed_zero_only,partial_observation_not_global_validity
LEAP_OBSERVED_PARTIAL,Stock Changes,Gas and diesel oil,2022,2022,8,1,11,observed_data_valid,partial_observation_not_global_validity
LEAP_OBSERVED_PARTIAL,Stock Changes,Gas nonspecified,,,0,0,0,observed_zero_only,partial_observation_not_global_validity
LEAP_OBSERVED_PARTIAL,Stock Changes,Gas works gas,,,0,0,0,observed_zero_only,partial_observation_not_global_validity
LEAP_OBSERVED_PARTIAL,Stock Changes,Gasoline type jet fuel,,,0,0,0,observed_zero_only,partial_observation_not_global_validity
LEAP_OBSERVED_PARTIAL,Stock Changes,Geothermal,,,0,0,0,observed_zero_only,partial_observation_not_global_validity
LEAP_OBSERVED_PARTIAL,Stock Changes,Heat,,,0,0,0,observed_zero_only,partial_observation_not_global_validity
LEAP_OBSERVED_PARTIAL,Stock Changes,Hydro,,,0,0,0,observed_zero_only,partial_observation_not_global_validity
LEAP_OBSERVED_PARTIAL,Stock Changes,Hydrogen,,,0,0,0,observed_zero_only,partial_observation_not_global_validity
LEAP_OBSERVED_PARTIAL,Stock Changes,Industrial waste,,,0,0,0,observed_zero_only,partial_observation_not_global_validity
LEAP_OBSERVED_PARTIAL,Stock Changes,Kerosene,2022,2022,4,1,5,observed_data_valid,partial_observation_not_global_validity
LEAP_OBSERVED_PARTIAL,Stock Changes,Kerosene type jet fuel,2022,2022,8,1,11,observed_data_valid,partial_observation_not_global_validity
LEAP_OBSERVED_PARTIAL,Stock Changes,LNG,2022,2022,2,1,3,observed_data_valid,partial_observation_not_global_validity
LEAP_OBSERVED_PARTIAL,Stock Changes,LPG,2022,2022,7,1,10,observed_data_valid,partial_observation_not_global_validity
LEAP_OBSERVED_PARTIAL,Stock Changes,Lignite,2022,2022,1,1,2,observed_data_valid,partial_observation_not_global_validity
LEAP_OBSERVED_PARTIAL,Stock Changes,Lubricants,2022,2022,5,1,8,observed_data_valid,partial_observation_not_global_validity
LEAP_OBSERVED_PARTIAL,Stock Changes,Motor gasoline,2022,2022,8,1,11,observed_data_valid,partial_observation_not_global_validity
LEAP_OBSERVED_PARTIAL,Stock Changes,Municipal solid waste non renewable,,,0,0,0,observed_zero_only,partial_observation_not_global_validity
LEAP_OBSERVED_PARTIAL,Stock Changes,Municipal solid waste renewable,,,0,0,0,observed_zero_only,partial_observation_not_global_validity
LEAP_OBSERVED_PARTIAL,Stock Changes,Naphtha,2022,2022,3,1,5,observed_data_valid,partial_observation_not_global_validity
LEAP_OBSERVED_PARTIAL,Stock Changes,Natural gas,2022,2022,5,1,7,observed_data_valid,partial_observation_not_global_validity
LEAP_OBSERVED_PARTIAL,Stock Changes,Natural gas liquids,2022,2022,1,1,2,observed_data_valid,partial_observation_not_global_validity
LEAP_OBSERVED_PARTIAL,Stock Changes,Nuclear,,,0,0,0,observed_zero_only,partial_observation_not_global_validity
LEAP_OBSERVED_PARTIAL,Stock Changes,Other biomass,,,0,0,0,observed_zero_only,partial_observation_not_global_validity
LEAP_OBSERVED_PARTIAL,Stock Changes,Other bituminous coal,2022,2022,5,1,8,observed_data_valid,partial_observation_not_global_validity
LEAP_OBSERVED_PARTIAL,Stock Changes,Other hydrocarbons,2022,2022,2,1,3,observed_data_valid,partial_observation_not_global_validity
LEAP_OBSERVED_PARTIAL,Stock Changes,Other liquid biofuels,,,0,0,0,observed_zero_only,partial_observation_not_global_validity
LEAP_OBSERVED_PARTIAL,Stock Changes,Other products,2022,2022,6,1,9,observed_data_valid,partial_observation_not_global_validity
LEAP_OBSERVED_PARTIAL,Stock Changes,Other recovered gases,,,0,0,0,observed_zero_only,partial_observation_not_global_validity
LEAP_OBSERVED_PARTIAL,Stock Changes,Other sources,,,0,0,0,observed_zero_only,partial_observation_not_global_validity
LEAP_OBSERVED_PARTIAL,Stock Changes,Paraffin waxes,2022,2022,3,1,5,observed_data_valid,partial_observation_not_global_validity
LEAP_OBSERVED_PARTIAL,Stock Changes,Patent fuel,,,0,0,0,observed_zero_only,partial_observation_not_global_validity
LEAP_OBSERVED_PARTIAL,Stock Changes,Petroleum coke,2022,2022,3,1,5,observed_data_valid,partial_observation_not_global_validity
LEAP_OBSERVED_PARTIAL,Stock Changes,Refinery feedstocks,2022,2022,1,1,2,observed_data_valid,partial_observation_not_global_validity
LEAP_OBSERVED_PARTIAL,Stock Changes,Refinery gas not liquefied,,,0,0,0,observed_zero_only,partial_observation_not_global_validity
LEAP_OBSERVED_PARTIAL,Stock Changes,Solar nonspecified,,,0,0,0,observed_zero_only,partial_observation_not_global_validity
LEAP_OBSERVED_PARTIAL,Stock Changes,Solar photovoltaics,,,0,0,0,observed_zero_only,partial_observation_not_global_validity
LEAP_OBSERVED_PARTIAL,Stock Changes,Sub bituminous coal,2022,2022,3,1,4,observed_data_valid,partial_observation_not_global_validity
LEAP_OBSERVED_PARTIAL,Stock Changes,White spirit SBP,2022,2022,3,1,5,observed_data_valid,partial_observation_not_global_validity
LEAP_OBSERVED_PARTIAL,Stock Changes,Wind,,,0,0,0,observed_zero_only,partial_observation_not_global_validity
LEAP_OBSERVED_PARTIAL,Total Final Energy Demand,AUTO BALANCE,,,0,0,0,observed_zero_only,partial_observation_not_global_validity
LEAP_OBSERVED_PARTIAL,Total Final Energy Demand,Additives and oxygenates,,,0,0,0,observed_zero_only,partial_observation_not_global_validity
LEAP_OBSERVED_PARTIAL,Total Final Energy Demand,Ammonia,2023,2060,7,38,326,observed_data_valid,partial_observation_not_global_validity
LEAP_OBSERVED_PARTIAL,Total Final Energy Demand,Anthracite,2022,2060,6,39,316,observed_data_valid,partial_observation_not_global_validity
LEAP_OBSERVED_PARTIAL,Total Final Energy Demand,Aviation gasoline,2022,2060,4,39,234,observed_data_valid,partial_observation_not_global_validity
LEAP_OBSERVED_PARTIAL,Total Final Energy Demand,BKB and PB,2022,2060,1,39,78,observed_data_valid,partial_observation_not_global_validity
LEAP_OBSERVED_PARTIAL,Total Final Energy Demand,Bagasse,2022,2060,3,39,117,observed_data_valid,partial_observation_not_global_validity
LEAP_OBSERVED_PARTIAL,Total Final Energy Demand,Bio jet kerosene,2023,2060,9,38,456,observed_data_valid,partial_observation_not_global_validity
LEAP_OBSERVED_PARTIAL,Total Final Energy Demand,Biodiesel,2022,2060,8,39,428,observed_data_valid,partial_observation_not_global_validity
LEAP_OBSERVED_PARTIAL,Total Final Energy Demand,Biogas,2022,2060,5,39,310,observed_data_valid,partial_observation_not_global_validity
LEAP_OBSERVED_PARTIAL,Total Final Energy Demand,Biogasoline,2022,2060,7,39,390,observed_data_valid,partial_observation_not_global_validity
LEAP_OBSERVED_PARTIAL,Total Final Energy Demand,Bitumen,2022,2060,6,39,312,observed_data_valid,partial_observation_not_global_validity
LEAP_OBSERVED_PARTIAL,Total Final Energy Demand,Black liquor,,,0,0,0,observed_zero_only,partial_observation_not_global_validity
LEAP_OBSERVED_PARTIAL,Total Final Energy Demand,Blast furnace gas,2022,2060,3,39,174,observed_data_valid,partial_observation_not_global_validity
LEAP_OBSERVED_PARTIAL,Total Final Energy Demand,Charcoal,2022,2060,4,39,156,observed_data_valid,partial_observation_not_global_validity
LEAP_OBSERVED_PARTIAL,Total Final Energy Demand,Coal tar,2022,2060,2,39,156,observed_data_valid,partial_observation_not_global_validity
LEAP_OBSERVED_PARTIAL,Total Final Energy Demand,Coke oven coke,2022,2060,4,39,239,observed_data_valid,partial_observation_not_global_validity
LEAP_OBSERVED_PARTIAL,Total Final Energy Demand,Coke oven gas,2022,2060,3,39,174,observed_data_valid,partial_observation_not_global_validity
LEAP_OBSERVED_PARTIAL,Total Final Energy Demand,Coking coal,2022,2060,1,39,39,observed_data_valid,partial_observation_not_global_validity
LEAP_OBSERVED_PARTIAL,Total Final Energy Demand,Crude oil,2022,2060,3,39,195,observed_data_valid,partial_observation_not_global_validity
LEAP_OBSERVED_PARTIAL,Total Final Energy Demand,Efuel,2031,2060,8,30,290,observed_data_valid,partial_observation_not_global_validity
LEAP_OBSERVED_PARTIAL,Total Final Energy Demand,Electricity,2022,2060,9,39,468,observed_data_valid,partial_observation_not_global_validity
LEAP_OBSERVED_PARTIAL,Total Final Energy Demand,Electricity for hydrogen,,,0,0,0,observed_zero_only,partial_observation_not_global_validity
LEAP_OBSERVED_PARTIAL,Total Final Energy Demand,Ethane,2022,2060,3,39,195,observed_data_valid,partial_observation_not_global_validity
LEAP_OBSERVED_PARTIAL,Total Final Energy Demand,Fuel oil,2022,2060,8,39,429,observed_data_valid,partial_observation_not_global_validity
LEAP_OBSERVED_PARTIAL,Total Final Energy Demand,Fuelwood and woodwaste,2022,2060,3,39,117,observed_data_valid,partial_observation_not_global_validity
LEAP_OBSERVED_PARTIAL,Total Final Energy Demand,Gas and diesel oil,2022,2060,9,39,468,observed_data_valid,partial_observation_not_global_validity
LEAP_OBSERVED_PARTIAL,Total Final Energy Demand,Gas nonspecified,2028,2060,1,33,33,observed_data_valid,partial_observation_not_global_validity
LEAP_OBSERVED_PARTIAL,Total Final Energy Demand,Gas works gas,2022,2060,2,39,156,observed_data_valid,partial_observation_not_global_validity
LEAP_OBSERVED_PARTIAL,Total Final Energy Demand,Gasoline type jet fuel,,,0,0,0,observed_zero_only,partial_observation_not_global_validity
LEAP_OBSERVED_PARTIAL,Total Final Energy Demand,Geothermal,2022,2060,2,39,117,observed_data_valid,partial_observation_not_global_validity
LEAP_OBSERVED_PARTIAL,Total Final Energy Demand,Heat,2022,2060,2,39,156,observed_data_valid,partial_observation_not_global_validity
LEAP_OBSERVED_PARTIAL,Total Final Energy Demand,Hydro,,,0,0,0,observed_zero_only,partial_observation_not_global_validity
LEAP_OBSERVED_PARTIAL,Total Final Energy Demand,Hydrogen,2023,2060,9,38,408,observed_data_valid,partial_observation_not_global_validity
LEAP_OBSERVED_PARTIAL,Total Final Energy Demand,Industrial waste,2022,2060,2,39,116,observed_data_valid,partial_observation_not_global_validity
LEAP_OBSERVED_PARTIAL,Total Final Energy Demand,Kerosene,2022,2060,9,39,468,observed_data_valid,partial_observation_not_global_validity
LEAP_OBSERVED_PARTIAL,Total Final Energy Demand,Kerosene type jet fuel,2022,2060,9,39,457,observed_data_valid,partial_observation_not_global_validity
LEAP_OBSERVED_PARTIAL,Total Final Energy Demand,LNG,2022,2060,5,39,305,observed_data_valid,partial_observation_not_global_validity
LEAP_OBSERVED_PARTIAL,Total Final Energy Demand,LPG,2022,2060,9,39,468,observed_data_valid,partial_observation_not_global_validity
LEAP_OBSERVED_PARTIAL,Total Final Energy Demand,Lignite,2022,2060,3,39,133,observed_data_valid,partial_observation_not_global_validity
LEAP_OBSERVED_PARTIAL,Total Final Energy Demand,Lubricants,2022,2060,6,39,312,observed_data_valid,partial_observation_not_global_validity
LEAP_OBSERVED_PARTIAL,Total Final Energy Demand,Motor gasoline,2022,2060,9,39,468,observed_data_valid,partial_observation_not_global_validity
LEAP_OBSERVED_PARTIAL,Total Final Energy Demand,Municipal solid waste non renewable,2022,2060,1,39,78,observed_data_valid,partial_observation_not_global_validity
LEAP_OBSERVED_PARTIAL,Total Final Energy Demand,Municipal solid waste renewable,2022,2060,2,39,117,observed_data_valid,partial_observation_not_global_validity
LEAP_OBSERVED_PARTIAL,Total Final Energy Demand,Naphtha,2022,2060,3,39,195,observed_data_valid,partial_observation_not_global_validity
LEAP_OBSERVED_PARTIAL,Total Final Energy Demand,Natural gas,2022,2060,9,39,468,observed_data_valid,partial_observation_not_global_validity
LEAP_OBSERVED_PARTIAL,Total Final Energy Demand,Natural gas liquids,2022,2060,1,39,39,observed_data_valid,partial_observation_not_global_validity
LEAP_OBSERVED_PARTIAL,Total Final Energy Demand,Nuclear,,,0,0,0,observed_zero_only,partial_observation_not_global_validity
LEAP_OBSERVED_PARTIAL,Total Final Energy Demand,Other biomass,2022,2060,8,39,425,observed_data_valid,partial_observation_not_global_validity
LEAP_OBSERVED_PARTIAL,Total Final Energy Demand,Other bituminous coal,2022,2060,6,39,321,observed_data_valid,partial_observation_not_global_validity
LEAP_OBSERVED_PARTIAL,Total Final Energy Demand,Other hydrocarbons,,,0,0,0,observed_zero_only,partial_observation_not_global_validity
LEAP_OBSERVED_PARTIAL,Total Final Energy Demand,Other liquid biofuels,2022,2040,1,19,38,observed_data_valid,partial_observation_not_global_validity
LEAP_OBSERVED_PARTIAL,Total Final Energy Demand,Other products,2022,2060,7,39,390,observed_data_valid,partial_observation_not_global_validity
LEAP_OBSERVED_PARTIAL,Total Final Energy Demand,Other recovered gases,2022,2060,2,39,79,observed_data_valid,partial_observation_not_global_validity
LEAP_OBSERVED_PARTIAL,Total Final Energy Demand,Other sources,,,0,0,0,observed_zero_only,partial_observation_not_global_validity
LEAP_OBSERVED_PARTIAL,Total Final Energy Demand,Paraffin waxes,2022,2060,3,39,195,observed_data_valid,partial_observation_not_global_validity
LEAP_OBSERVED_PARTIAL,Total Final Energy Demand,Patent fuel,2023,2031,1,8,15,observed_data_valid,partial_observation_not_global_validity
LEAP_OBSERVED_PARTIAL,Total Final Energy Demand,Petroleum coke,2022,2060,4,39,234,observed_data_valid,partial_observation_not_global_validity
LEAP_OBSERVED_PARTIAL,Total Final Energy Demand,Refinery feedstocks,,,0,0,0,observed_zero_only,partial_observation_not_global_validity
LEAP_OBSERVED_PARTIAL,Total Final Energy Demand,Refinery gas not liquefied,2022,2060,2,39,156,observed_data_valid,partial_observation_not_global_validity
LEAP_OBSERVED_PARTIAL,Total Final Energy Demand,Solar nonspecified,2022,2060,5,39,235,observed_data_valid,partial_observation_not_global_validity
LEAP_OBSERVED_PARTIAL,Total Final Energy Demand,Solar photovoltaics,,,0,0,0,observed_zero_only,partial_observation_not_global_validity
LEAP_OBSERVED_PARTIAL,Total Final Energy Demand,Sub bituminous coal,2022,2060,5,39,287,observed_data_valid,partial_observation_not_global_validity
LEAP_OBSERVED_PARTIAL,Total Final Energy Demand,White spirit SBP,2022,2060,3,39,195,observed_data_valid,partial_observation_not_global_validity
LEAP_OBSERVED_PARTIAL,Total Final Energy Demand,Wind,,,0,0,0,observed_zero_only,partial_observation_not_global_validity
LEAP_OBSERVED_PARTIAL,Total Primary Supply,AUTO BALANCE,2022,2060,1,39,78,observed_data_valid,partial_observation_not_global_validity
LEAP_OBSERVED_PARTIAL,Total Primary Supply,Additives and oxygenates,2022,2060,1,39,39,observed_data_valid,partial_observation_not_global_validity
LEAP_OBSERVED_PARTIAL,Total Primary Supply,Ammonia,2023,2060,7,38,251,observed_data_valid,partial_observation_not_global_validity
LEAP_OBSERVED_PARTIAL,Total Primary Supply,Anthracite,2022,2060,7,39,354,observed_data_valid,partial_observation_not_global_validity
LEAP_OBSERVED_PARTIAL,Total Primary Supply,Aviation gasoline,2022,2060,4,39,234,observed_data_valid,partial_observation_not_global_validity
LEAP_OBSERVED_PARTIAL,Total Primary Supply,BKB and PB,2022,2060,1,13,14,observed_data_valid,partial_observation_not_global_validity
LEAP_OBSERVED_PARTIAL,Total Primary Supply,Bagasse,2022,2060,3,39,117,observed_data_valid,partial_observation_not_global_validity
LEAP_OBSERVED_PARTIAL,Total Primary Supply,Bio jet kerosene,2023,2060,9,38,456,observed_data_valid,partial_observation_not_global_validity
LEAP_OBSERVED_PARTIAL,Total Primary Supply,Biodiesel,2022,2060,8,39,428,observed_data_valid,partial_observation_not_global_validity
LEAP_OBSERVED_PARTIAL,Total Primary Supply,Biogas,2022,2060,6,39,311,observed_data_valid,partial_observation_not_global_validity
LEAP_OBSERVED_PARTIAL,Total Primary Supply,Biogasoline,2022,2060,7,39,390,observed_data_valid,partial_observation_not_global_validity
LEAP_OBSERVED_PARTIAL,Total Primary Supply,Bitumen,2022,2060,9,39,391,observed_data_valid,partial_observation_not_global_validity
LEAP_OBSERVED_PARTIAL,Total Primary Supply,Black liquor,2022,2022,1,1,1,observed_data_valid,partial_observation_not_global_validity
LEAP_OBSERVED_PARTIAL,Total Primary Supply,Blast furnace gas,2022,2022,1,1,2,observed_data_valid,partial_observation_not_global_validity
LEAP_OBSERVED_PARTIAL,Total Primary Supply,Charcoal,2022,2060,4,39,156,observed_data_valid,partial_observation_not_global_validity
LEAP_OBSERVED_PARTIAL,Total Primary Supply,Coal tar,2022,2060,2,39,125,observed_data_valid,partial_observation_not_global_validity
LEAP_OBSERVED_PARTIAL,Total Primary Supply,Coke oven coke,2022,2060,5,39,180,observed_data_valid,partial_observation_not_global_validity
LEAP_OBSERVED_PARTIAL,Total Primary Supply,Coke oven gas,2022,2060,4,39,250,observed_data_valid,partial_observation_not_global_validity
LEAP_OBSERVED_PARTIAL,Total Primary Supply,Coking coal,2022,2060,3,39,195,observed_data_valid,partial_observation_not_global_validity
LEAP_OBSERVED_PARTIAL,Total Primary Supply,Crude oil,2022,2060,9,39,430,observed_data_valid,partial_observation_not_global_validity
LEAP_OBSERVED_PARTIAL,Total Primary Supply,Efuel,2031,2060,7,30,199,observed_data_valid,partial_observation_not_global_validity
LEAP_OBSERVED_PARTIAL,Total Primary Supply,Electricity,2022,2060,8,39,277,observed_data_valid,partial_observation_not_global_validity
LEAP_OBSERVED_PARTIAL,Total Primary Supply,Electricity for hydrogen,2023,2060,7,38,338,observed_data_valid,partial_observation_not_global_validity
LEAP_OBSERVED_PARTIAL,Total Primary Supply,Ethane,2022,2060,3,39,195,observed_data_valid,partial_observation_not_global_validity
LEAP_OBSERVED_PARTIAL,Total Primary Supply,Fuel oil,2022,2060,8,39,429,observed_data_valid,partial_observation_not_global_validity
LEAP_OBSERVED_PARTIAL,Total Primary Supply,Fuelwood and woodwaste,2022,2060,3,39,117,observed_data_valid,partial_observation_not_global_validity
LEAP_OBSERVED_PARTIAL,Total Primary Supply,Gas and diesel oil,2022,2060,9,39,468,observed_data_valid,partial_observation_not_global_validity
LEAP_OBSERVED_PARTIAL,Total Primary Supply,Gas nonspecified,2028,2060,1,33,33,observed_data_valid,partial_observation_not_global_validity
LEAP_OBSERVED_PARTIAL,Total Primary Supply,Gas works gas,2023,2060,2,38,76,observed_data_valid,partial_observation_not_global_validity
LEAP_OBSERVED_PARTIAL,Total Primary Supply,Gasoline type jet fuel,2022,2022,1,1,2,observed_data_valid,partial_observation_not_global_validity
LEAP_OBSERVED_PARTIAL,Total Primary Supply,Geothermal,2022,2060,5,39,225,observed_data_valid,partial_observation_not_global_validity
LEAP_OBSERVED_PARTIAL,Total Primary Supply,Heat,,,0,0,0,observed_zero_only,partial_observation_not_global_validity
LEAP_OBSERVED_PARTIAL,Total Primary Supply,Hydro,2022,2060,8,39,429,observed_data_valid,partial_observation_not_global_validity
LEAP_OBSERVED_PARTIAL,Total Primary Supply,Hydrogen,2023,2060,7,38,241,observed_data_valid,partial_observation_not_global_validity
LEAP_OBSERVED_PARTIAL,Total Primary Supply,Industrial waste,2022,2060,3,39,118,observed_data_valid,partial_observation_not_global_validity
LEAP_OBSERVED_PARTIAL,Total Primary Supply,Kerosene,2022,2060,9,39,463,observed_data_valid,partial_observation_not_global_validity
LEAP_OBSERVED_PARTIAL,Total Primary Supply,Kerosene type jet fuel,2022,2060,9,39,468,observed_data_valid,partial_observation_not_global_validity
LEAP_OBSERVED_PARTIAL,Total Primary Supply,LNG,2022,2060,8,39,422,observed_data_valid,partial_observation_not_global_validity
LEAP_OBSERVED_PARTIAL,Total Primary Supply,LPG,2022,2060,9,39,468,observed_data_valid,partial_observation_not_global_validity
LEAP_OBSERVED_PARTIAL,Total Primary Supply,Lignite,2022,2060,4,39,179,observed_data_valid,partial_observation_not_global_validity
LEAP_OBSERVED_PARTIAL,Total Primary Supply,Lubricants,2022,2060,7,39,351,observed_data_valid,partial_observation_not_global_validity
LEAP_OBSERVED_PARTIAL,Total Primary Supply,Motor gasoline,2022,2060,9,39,468,observed_data_valid,partial_observation_not_global_validity
LEAP_OBSERVED_PARTIAL,Total Primary Supply,Municipal solid waste non renewable,2022,2022,1,1,1,observed_data_valid,partial_observation_not_global_validity
LEAP_OBSERVED_PARTIAL,Total Primary Supply,Municipal solid waste renewable,2022,2060,3,39,118,observed_data_valid,partial_observation_not_global_validity
LEAP_OBSERVED_PARTIAL,Total Primary Supply,Naphtha,2022,2060,6,39,348,observed_data_valid,partial_observation_not_global_validity
LEAP_OBSERVED_PARTIAL,Total Primary Supply,Natural gas,2022,2060,9,39,468,observed_data_valid,partial_observation_not_global_validity
LEAP_OBSERVED_PARTIAL,Total Primary Supply,Natural gas liquids,2022,2060,6,39,235,observed_data_valid,partial_observation_not_global_validity
LEAP_OBSERVED_PARTIAL,Total Primary Supply,Nuclear,2022,2060,4,39,205,observed_data_valid,partial_observation_not_global_validity
LEAP_OBSERVED_PARTIAL,Total Primary Supply,Other biomass,2022,2060,8,39,429,observed_data_valid,partial_observation_not_global_validity
LEAP_OBSERVED_PARTIAL,Total Primary Supply,Other bituminous coal,2022,2060,7,39,359,observed_data_valid,partial_observation_not_global_validity
LEAP_OBSERVED_PARTIAL,Total Primary Supply,Other hydrocarbons,2022,2060,2,39,79,observed_data_valid,partial_observation_not_global_validity
LEAP_OBSERVED_PARTIAL,Total Primary Supply,Other liquid biofuels,2022,2040,1,19,38,observed_data_valid,partial_observation_not_global_validity
LEAP_OBSERVED_PARTIAL,Total Primary Supply,Other products,2022,2060,9,39,440,observed_data_valid,partial_observation_not_global_validity
LEAP_OBSERVED_PARTIAL,Total Primary Supply,Other recovered gases,2022,2060,1,39,40,observed_data_valid,partial_observation_not_global_validity
LEAP_OBSERVED_PARTIAL,Total Primary Supply,Other sources,2022,2060,5,39,267,observed_data_valid,partial_observation_not_global_validity
LEAP_OBSERVED_PARTIAL,Total Primary Supply,Paraffin waxes,2022,2060,4,39,233,observed_data_valid,partial_observation_not_global_validity
LEAP_OBSERVED_PARTIAL,Total Primary Supply,Patent fuel,2023,2031,1,8,15,observed_data_valid,partial_observation_not_global_validity
LEAP_OBSERVED_PARTIAL,Total Primary Supply,Petroleum coke,2022,2060,5,39,311,observed_data_valid,partial_observation_not_global_validity
LEAP_OBSERVED_PARTIAL,Total Primary Supply,Refinery feedstocks,2022,2060,5,39,205,observed_data_valid,partial_observation_not_global_validity
LEAP_OBSERVED_PARTIAL,Total Primary Supply,Refinery gas not liquefied,2022,2060,5,39,244,observed_data_valid,partial_observation_not_global_validity
LEAP_OBSERVED_PARTIAL,Total Primary Supply,Solar nonspecified,2022,2060,5,39,235,observed_data_valid,partial_observation_not_global_validity
LEAP_OBSERVED_PARTIAL,Total Primary Supply,Solar photovoltaics,2022,2060,9,39,468,observed_data_valid,partial_observation_not_global_validity
LEAP_OBSERVED_PARTIAL,Total Primary Supply,Sub bituminous coal,2022,2060,6,39,326,observed_data_valid,partial_observation_not_global_validity
LEAP_OBSERVED_PARTIAL,Total Primary Supply,White spirit SBP,2022,2060,4,39,233,observed_data_valid,partial_observation_not_global_validity
LEAP_OBSERVED_PARTIAL,Total Primary Supply,Wind,2022,2060,7,39,387,observed_data_valid,partial_observation_not_global_validity
LEAP_OBSERVED_PARTIAL,Total Transformation,AUTO BALANCE,2022,2060,1,39,78,observed_data_valid,partial_observation_not_global_validity
LEAP_OBSERVED_PARTIAL,Total Transformation,Additives and oxygenates,2022,2060,1,39,39,observed_data_valid,partial_observation_not_global_validity
LEAP_OBSERVED_PARTIAL,Total Transformation,Ammonia,2023,2060,7,38,326,observed_data_valid,partial_observation_not_global_validity
LEAP_OBSERVED_PARTIAL,Total Transformation,Anthracite,2022,2060,3,39,143,observed_data_valid,partial_observation_not_global_validity
LEAP_OBSERVED_PARTIAL,Total Transformation,Aviation gasoline,2022,2060,2,39,154,observed_data_valid,partial_observation_not_global_validity
LEAP_OBSERVED_PARTIAL,Total Transformation,BKB and PB,2022,2060,1,39,78,observed_data_valid,partial_observation_not_global_validity
LEAP_OBSERVED_PARTIAL,Total Transformation,Bagasse,2022,2022,3,1,3,observed_data_valid,partial_observation_not_global_validity
LEAP_OBSERVED_PARTIAL,Total Transformation,Bio jet kerosene,,,0,0,0,observed_zero_only,partial_observation_not_global_validity
LEAP_OBSERVED_PARTIAL,Total Transformation,Biodiesel,2022,2022,2,1,3,observed_data_valid,partial_observation_not_global_validity
LEAP_OBSERVED_PARTIAL,Total Transformation,Biogas,2022,2060,6,39,83,observed_data_valid,partial_observation_not_global_validity
LEAP_OBSERVED_PARTIAL,Total Transformation,Biogasoline,,,0,0,0,observed_zero_only,partial_observation_not_global_validity
LEAP_OBSERVED_PARTIAL,Total Transformation,Bitumen,2022,2060,5,39,234,observed_data_valid,partial_observation_not_global_validity
LEAP_OBSERVED_PARTIAL,Total Transformation,Black liquor,2022,2022,1,1,1,observed_data_valid,partial_observation_not_global_validity
LEAP_OBSERVED_PARTIAL,Total Transformation,Blast furnace gas,2022,2060,4,39,176,observed_data_valid,partial_observation_not_global_validity
LEAP_OBSERVED_PARTIAL,Total Transformation,Charcoal,2022,2022,3,1,3,observed_data_valid,partial_observation_not_global_validity
LEAP_OBSERVED_PARTIAL,Total Transformation,Coal tar,2022,2060,2,39,156,observed_data_valid,partial_observation_not_global_validity
LEAP_OBSERVED_PARTIAL,Total Transformation,Coke oven coke,2022,2060,4,39,251,observed_data_valid,partial_observation_not_global_validity
LEAP_OBSERVED_PARTIAL,Total Transformation,Coke oven gas,2022,2060,4,39,252,observed_data_valid,partial_observation_not_global_validity
LEAP_OBSERVED_PARTIAL,Total Transformation,Coking coal,2022,2060,2,39,156,observed_data_valid,partial_observation_not_global_validity
LEAP_OBSERVED_PARTIAL,Total Transformation,Crude oil,2022,2060,9,39,430,observed_data_valid,partial_observation_not_global_validity
LEAP_OBSERVED_PARTIAL,Total Transformation,Efuel,2031,2060,8,30,290,observed_data_valid,partial_observation_not_global_validity
LEAP_OBSERVED_PARTIAL,Total Transformation,Electricity,2022,2060,9,39,468,observed_data_valid,partial_observation_not_global_validity
LEAP_OBSERVED_PARTIAL,Total Transformation,Electricity for hydrogen,2023,2060,7,38,338,observed_data_valid,partial_observation_not_global_validity
LEAP_OBSERVED_PARTIAL,Total Transformation,Ethane,2022,2060,3,39,81,observed_data_valid,partial_observation_not_global_validity
LEAP_OBSERVED_PARTIAL,Total Transformation,Fuel oil,2022,2060,8,39,391,observed_data_valid,partial_observation_not_global_validity
LEAP_OBSERVED_PARTIAL,Total Transformation,Fuelwood and woodwaste,2022,2022,3,1,3,observed_data_valid,partial_observation_not_global_validity
LEAP_OBSERVED_PARTIAL,Total Transformation,Gas and diesel oil,2022,2060,9,39,436,observed_data_valid,partial_observation_not_global_validity
LEAP_OBSERVED_PARTIAL,Total Transformation,Gas nonspecified,,,0,0,0,observed_zero_only,partial_observation_not_global_validity
LEAP_OBSERVED_PARTIAL,Total Transformation,Gas works gas,2022,2060,3,39,194,observed_data_valid,partial_observation_not_global_validity
LEAP_OBSERVED_PARTIAL,Total Transformation,Gasoline type jet fuel,2022,2022,1,1,2,observed_data_valid,partial_observation_not_global_validity
LEAP_OBSERVED_PARTIAL,Total Transformation,Geothermal,2022,2060,5,39,225,observed_data_valid,partial_observation_not_global_validity
LEAP_OBSERVED_PARTIAL,Total Transformation,Heat,2022,2060,3,39,157,observed_data_valid,partial_observation_not_global_validity
LEAP_OBSERVED_PARTIAL,Total Transformation,Hydro,2022,2060,8,39,429,observed_data_valid,partial_observation_not_global_validity
LEAP_OBSERVED_PARTIAL,Total Transformation,Hydrogen,2023,2060,8,38,377,observed_data_valid,partial_observation_not_global_validity
LEAP_OBSERVED_PARTIAL,Total Transformation,Industrial waste,2022,2022,2,1,4,observed_data_valid,partial_observation_not_global_validity
LEAP_OBSERVED_PARTIAL,Total Transformation,Kerosene,2022,2060,7,39,387,observed_data_valid,partial_observation_not_global_validity
LEAP_OBSERVED_PARTIAL,Total Transformation,Kerosene type jet fuel,2022,2060,9,39,430,observed_data_valid,partial_observation_not_global_validity
LEAP_OBSERVED_PARTIAL,Total Transformation,LNG,2022,2060,8,39,422,observed_data_valid,partial_observation_not_global_validity
LEAP_OBSERVED_PARTIAL,Total Transformation,LPG,2022,2060,9,39,430,observed_data_valid,partial_observation_not_global_validity
LEAP_OBSERVED_PARTIAL,Total Transformation,Lignite,2022,2060,4,39,163,observed_data_valid,partial_observation_not_global_validity
LEAP_OBSERVED_PARTIAL,Total Transformation,Lubricants,2022,2060,3,39,194,observed_data_valid,partial_observation_not_global_validity
LEAP_OBSERVED_PARTIAL,Total Transformation,Motor gasoline,2022,2060,9,39,430,observed_data_valid,partial_observation_not_global_validity
LEAP_OBSERVED_PARTIAL,Total Transformation,Municipal solid waste non renewable,2022,2022,2,1,3,observed_data_valid,partial_observation_not_global_validity
LEAP_OBSERVED_PARTIAL,Total Transformation,Municipal solid waste renewable,2022,2022,3,1,4,observed_data_valid,partial_observation_not_global_validity
LEAP_OBSERVED_PARTIAL,Total Transformation,Naphtha,2022,2060,6,39,348,observed_data_valid,partial_observation_not_global_validity
LEAP_OBSERVED_PARTIAL,Total Transformation,Natural gas,2022,2060,9,39,468,observed_data_valid,partial_observation_not_global_validity
LEAP_OBSERVED_PARTIAL,Total Transformation,Natural gas liquids,2022,2060,6,39,235,observed_data_valid,partial_observation_not_global_validity
LEAP_OBSERVED_PARTIAL,Total Transformation,Nuclear,2022,2060,4,39,205,observed_data_valid,partial_observation_not_global_validity
LEAP_OBSERVED_PARTIAL,Total Transformation,Other biomass,2022,2060,8,39,427,observed_data_valid,partial_observation_not_global_validity
LEAP_OBSERVED_PARTIAL,Total Transformation,Other bituminous coal,2022,2060,6,39,302,observed_data_valid,partial_observation_not_global_validity
LEAP_OBSERVED_PARTIAL,Total Transformation,Other hydrocarbons,2022,2060,2,39,117,observed_data_valid,partial_observation_not_global_validity
LEAP_OBSERVED_PARTIAL,Total Transformation,Other liquid biofuels,2022,2022,1,1,2,observed_data_valid,partial_observation_not_global_validity
LEAP_OBSERVED_PARTIAL,Total Transformation,Other products,2022,2060,9,39,429,observed_data_valid,partial_observation_not_global_validity
LEAP_OBSERVED_PARTIAL,Total Transformation,Other recovered gases,2022,2060,2,39,96,observed_data_valid,partial_observation_not_global_validity
LEAP_OBSERVED_PARTIAL,Total Transformation,Other sources,2022,2060,5,39,267,observed_data_valid,partial_observation_not_global_validity
LEAP_OBSERVED_PARTIAL,Total Transformation,Paraffin waxes,2022,2060,3,39,194,observed_data_valid,partial_observation_not_global_validity
LEAP_OBSERVED_PARTIAL,Total Transformation,Patent fuel,,,0,0,0,observed_zero_only,partial_observation_not_global_validity
LEAP_OBSERVED_PARTIAL,Total Transformation,Petroleum coke,2022,2060,4,39,272,observed_data_valid,partial_observation_not_global_validity
LEAP_OBSERVED_PARTIAL,Total Transformation,Refinery feedstocks,2022,2060,5,39,205,observed_data_valid,partial_observation_not_global_validity
LEAP_OBSERVED_PARTIAL,Total Transformation,Refinery gas not liquefied,2022,2060,6,39,312,observed_data_valid,partial_observation_not_global_validity
LEAP_OBSERVED_PARTIAL,Total Transformation,Solar nonspecified,2022,2060,2,39,80,observed_data_valid,partial_observation_not_global_validity
LEAP_OBSERVED_PARTIAL,Total Transformation,Solar photovoltaics,2022,2060,9,39,468,observed_data_valid,partial_observation_not_global_validity
LEAP_OBSERVED_PARTIAL,Total Transformation,Sub bituminous coal,2022,2060,5,39,219,observed_data_valid,partial_observation_not_global_validity
LEAP_OBSERVED_PARTIAL,Total Transformation,White spirit SBP,2022,2060,3,39,194,observed_data_valid,partial_observation_not_global_validity
LEAP_OBSERVED_PARTIAL,Total Transformation,Wind,2022,2060,7,39,387,observed_data_valid,partial_observation_not_global_validity
LEAP_OBSERVED_PARTIAL,Transfers unallocated,AUTO BALANCE,2022,2060,1,39,78,observed_data_valid,partial_observation_not_global_validity
LEAP_OBSERVED_PARTIAL,Transfers unallocated,Additives and oxygenates,,,0,0,0,observed_zero_only,partial_observation_not_global_validity
LEAP_OBSERVED_PARTIAL,Transfers unallocated,Ammonia,,,0,0,0,observed_zero_only,partial_observation_not_global_validity
LEAP_OBSERVED_PARTIAL,Transfers unallocated,Anthracite,,,0,0,0,observed_zero_only,partial_observation_not_global_validity
LEAP_OBSERVED_PARTIAL,Transfers unallocated,Aviation gasoline,,,0,0,0,observed_zero_only,partial_observation_not_global_validity
LEAP_OBSERVED_PARTIAL,Transfers unallocated,BKB and PB,,,0,0,0,observed_zero_only,partial_observation_not_global_validity
LEAP_OBSERVED_PARTIAL,Transfers unallocated,Bagasse,,,0,0,0,observed_zero_only,partial_observation_not_global_validity
LEAP_OBSERVED_PARTIAL,Transfers unallocated,Bio jet kerosene,,,0,0,0,observed_zero_only,partial_observation_not_global_validity
LEAP_OBSERVED_PARTIAL,Transfers unallocated,Biodiesel,,,0,0,0,observed_zero_only,partial_observation_not_global_validity
LEAP_OBSERVED_PARTIAL,Transfers unallocated,Biogas,,,0,0,0,observed_zero_only,partial_observation_not_global_validity
LEAP_OBSERVED_PARTIAL,Transfers unallocated,Biogasoline,,,0,0,0,observed_zero_only,partial_observation_not_global_validity
LEAP_OBSERVED_PARTIAL,Transfers unallocated,Bitumen,2022,2060,2,39,80,observed_data_valid,partial_observation_not_global_validity
LEAP_OBSERVED_PARTIAL,Transfers unallocated,Black liquor,,,0,0,0,observed_zero_only,partial_observation_not_global_validity
LEAP_OBSERVED_PARTIAL,Transfers unallocated,Blast furnace gas,,,0,0,0,observed_zero_only,partial_observation_not_global_validity
LEAP_OBSERVED_PARTIAL,Transfers unallocated,Charcoal,,,0,0,0,observed_zero_only,partial_observation_not_global_validity
LEAP_OBSERVED_PARTIAL,Transfers unallocated,Coal tar,,,0,0,0,observed_zero_only,partial_observation_not_global_validity
LEAP_OBSERVED_PARTIAL,Transfers unallocated,Coke oven coke,,,0,0,0,observed_zero_only,partial_observation_not_global_validity
LEAP_OBSERVED_PARTIAL,Transfers unallocated,Coke oven gas,,,0,0,0,observed_zero_only,partial_observation_not_global_validity
LEAP_OBSERVED_PARTIAL,Transfers unallocated,Coking coal,,,0,0,0,observed_zero_only,partial_observation_not_global_validity
LEAP_OBSERVED_PARTIAL,Transfers unallocated,Crude oil,2022,2022,1,1,2,observed_data_valid,partial_observation_not_global_validity
LEAP_OBSERVED_PARTIAL,Transfers unallocated,Efuel,,,0,0,0,observed_zero_only,partial_observation_not_global_validity
LEAP_OBSERVED_PARTIAL,Transfers unallocated,Electricity,,,0,0,0,observed_zero_only,partial_observation_not_global_validity
LEAP_OBSERVED_PARTIAL,Transfers unallocated,Electricity for hydrogen,,,0,0,0,observed_zero_only,partial_observation_not_global_validity
LEAP_OBSERVED_PARTIAL,Transfers unallocated,Ethane,2022,2060,2,39,80,observed_data_valid,partial_observation_not_global_validity
LEAP_OBSERVED_PARTIAL,Transfers unallocated,Fuel oil,2022,2060,2,39,156,observed_data_valid,partial_observation_not_global_validity
LEAP_OBSERVED_PARTIAL,Transfers unallocated,Fuelwood and woodwaste,,,0,0,0,observed_zero_only,partial_observation_not_global_validity
LEAP_OBSERVED_PARTIAL,Transfers unallocated,Gas and diesel oil,2022,2060,2,39,156,observed_data_valid,partial_observation_not_global_validity
LEAP_OBSERVED_PARTIAL,Transfers unallocated,Gas nonspecified,,,0,0,0,observed_zero_only,partial_observation_not_global_validity
LEAP_OBSERVED_PARTIAL,Transfers unallocated,Gas works gas,,,0,0,0,observed_zero_only,partial_observation_not_global_validity
LEAP_OBSERVED_PARTIAL,Transfers unallocated,Gasoline type jet fuel,,,0,0,0,observed_zero_only,partial_observation_not_global_validity
LEAP_OBSERVED_PARTIAL,Transfers unallocated,Geothermal,,,0,0,0,observed_zero_only,partial_observation_not_global_validity
LEAP_OBSERVED_PARTIAL,Transfers unallocated,Heat,,,0,0,0,observed_zero_only,partial_observation_not_global_validity
LEAP_OBSERVED_PARTIAL,Transfers unallocated,Hydro,,,0,0,0,observed_zero_only,partial_observation_not_global_validity
LEAP_OBSERVED_PARTIAL,Transfers unallocated,Hydrogen,,,0,0,0,observed_zero_only,partial_observation_not_global_validity
LEAP_OBSERVED_PARTIAL,Transfers unallocated,Industrial waste,,,0,0,0,observed_zero_only,partial_observation_not_global_validity
LEAP_OBSERVED_PARTIAL,Transfers unallocated,Kerosene,2022,2060,1,39,78,observed_data_valid,partial_observation_not_global_validity
LEAP_OBSERVED_PARTIAL,Transfers unallocated,Kerosene type jet fuel,2022,2060,1,39,78,observed_data_valid,partial_observation_not_global_validity
LEAP_OBSERVED_PARTIAL,Transfers unallocated,LNG,,,0,0,0,observed_zero_only,partial_observation_not_global_validity
LEAP_OBSERVED_PARTIAL,Transfers unallocated,LPG,2022,2060,4,39,235,observed_data_valid,partial_observation_not_global_validity
LEAP_OBSERVED_PARTIAL,Transfers unallocated,Lignite,,,0,0,0,observed_zero_only,partial_observation_not_global_validity
LEAP_OBSERVED_PARTIAL,Transfers unallocated,Lubricants,2022,2060,1,39,78,observed_data_valid,partial_observation_not_global_validity
LEAP_OBSERVED_PARTIAL,Transfers unallocated,Motor gasoline,2022,2060,2,39,156,observed_data_valid,partial_observation_not_global_validity
LEAP_OBSERVED_PARTIAL,Transfers unallocated,Municipal solid waste non renewable,,,0,0,0,observed_zero_only,partial_observation_not_global_validity
LEAP_OBSERVED_PARTIAL,Transfers unallocated,Municipal solid waste renewable,,,0,0,0,observed_zero_only,partial_observation_not_global_validity
LEAP_OBSERVED_PARTIAL,Transfers unallocated,Naphtha,2022,2060,1,39,78,observed_data_valid,partial_observation_not_global_validity
LEAP_OBSERVED_PARTIAL,Transfers unallocated,Natural gas,,,0,0,0,observed_zero_only,partial_observation_not_global_validity
LEAP_OBSERVED_PARTIAL,Transfers unallocated,Natural gas liquids,2022,2060,3,39,157,observed_data_valid,partial_observation_not_global_validity
LEAP_OBSERVED_PARTIAL,Transfers unallocated,Nuclear,,,0,0,0,observed_zero_only,partial_observation_not_global_validity
LEAP_OBSERVED_PARTIAL,Transfers unallocated,Other biomass,,,0,0,0,observed_zero_only,partial_observation_not_global_validity
LEAP_OBSERVED_PARTIAL,Transfers unallocated,Other bituminous coal,,,0,0,0,observed_zero_only,partial_observation_not_global_validity
LEAP_OBSERVED_PARTIAL,Transfers unallocated,Other hydrocarbons,,,0,0,0,observed_zero_only,partial_observation_not_global_validity
LEAP_OBSERVED_PARTIAL,Transfers unallocated,Other liquid biofuels,,,0,0,0,observed_zero_only,partial_observation_not_global_validity
LEAP_OBSERVED_PARTIAL,Transfers unallocated,Other products,2022,2060,3,39,158,observed_data_valid,partial_observation_not_global_validity
LEAP_OBSERVED_PARTIAL,Transfers unallocated,Other recovered gases,,,0,0,0,observed_zero_only,partial_observation_not_global_validity
LEAP_OBSERVED_PARTIAL,Transfers unallocated,Other sources,,,0,0,0,observed_zero_only,partial_observation_not_global_validity
LEAP_OBSERVED_PARTIAL,Transfers unallocated,Paraffin waxes,2022,2060,1,39,78,observed_data_valid,partial_observation_not_global_validity
LEAP_OBSERVED_PARTIAL,Transfers unallocated,Patent fuel,,,0,0,0,observed_zero_only,partial_observation_not_global_validity
LEAP_OBSERVED_PARTIAL,Transfers unallocated,Petroleum coke,,,0,0,0,observed_zero_only,partial_observation_not_global_validity
LEAP_OBSERVED_PARTIAL,Transfers unallocated,Refinery feedstocks,2022,2060,2,39,156,observed_data_valid,partial_observation_not_global_validity
LEAP_OBSERVED_PARTIAL,Transfers unallocated,Refinery gas not liquefied,,,0,0,0,observed_zero_only,partial_observation_not_global_validity
LEAP_OBSERVED_PARTIAL,Transfers unallocated,Solar nonspecified,,,0,0,0,observed_zero_only,partial_observation_not_global_validity
LEAP_OBSERVED_PARTIAL,Transfers unallocated,Solar photovoltaics,,,0,0,0,observed_zero_only,partial_observation_not_global_validity
LEAP_OBSERVED_PARTIAL,Transfers unallocated,Sub bituminous coal,,,0,0,0,observed_zero_only,partial_observation_not_global_validity
LEAP_OBSERVED_PARTIAL,Transfers unallocated,White spirit SBP,2022,2060,1,39,78,observed_data_valid,partial_observation_not_global_validity
LEAP_OBSERVED_PARTIAL,Transfers unallocated,Wind,,,0,0,0,observed_zero_only,partial_observation_not_global_validity
LEAP_OBSERVED_PARTIAL,Transfers unallocated/Transfers unallocated,AUTO BALANCE,2022,2060,1,39,78,observed_data_valid,partial_observation_not_global_validity
LEAP_OBSERVED_PARTIAL,Transfers unallocated/Transfers unallocated,Additives and oxygenates,,,0,0,0,observed_zero_only,partial_observation_not_global_validity
LEAP_OBSERVED_PARTIAL,Transfers unallocated/Transfers unallocated,Ammonia,,,0,0,0,observed_zero_only,partial_observation_not_global_validity
LEAP_OBSERVED_PARTIAL,Transfers unallocated/Transfers unallocated,Anthracite,,,0,0,0,observed_zero_only,partial_observation_not_global_validity
LEAP_OBSERVED_PARTIAL,Transfers unallocated/Transfers unallocated,Aviation gasoline,,,0,0,0,observed_zero_only,partial_observation_not_global_validity
LEAP_OBSERVED_PARTIAL,Transfers unallocated/Transfers unallocated,BKB and PB,,,0,0,0,observed_zero_only,partial_observation_not_global_validity
LEAP_OBSERVED_PARTIAL,Transfers unallocated/Transfers unallocated,Bagasse,,,0,0,0,observed_zero_only,partial_observation_not_global_validity
LEAP_OBSERVED_PARTIAL,Transfers unallocated/Transfers unallocated,Bio jet kerosene,,,0,0,0,observed_zero_only,partial_observation_not_global_validity
LEAP_OBSERVED_PARTIAL,Transfers unallocated/Transfers unallocated,Biodiesel,,,0,0,0,observed_zero_only,partial_observation_not_global_validity
LEAP_OBSERVED_PARTIAL,Transfers unallocated/Transfers unallocated,Biogas,,,0,0,0,observed_zero_only,partial_observation_not_global_validity
LEAP_OBSERVED_PARTIAL,Transfers unallocated/Transfers unallocated,Biogasoline,,,0,0,0,observed_zero_only,partial_observation_not_global_validity
LEAP_OBSERVED_PARTIAL,Transfers unallocated/Transfers unallocated,Bitumen,2022,2060,2,39,80,observed_data_valid,partial_observation_not_global_validity
LEAP_OBSERVED_PARTIAL,Transfers unallocated/Transfers unallocated,Black liquor,,,0,0,0,observed_zero_only,partial_observation_not_global_validity
LEAP_OBSERVED_PARTIAL,Transfers unallocated/Transfers unallocated,Blast furnace gas,,,0,0,0,observed_zero_only,partial_observation_not_global_validity
LEAP_OBSERVED_PARTIAL,Transfers unallocated/Transfers unallocated,Charcoal,,,0,0,0,observed_zero_only,partial_observation_not_global_validity
LEAP_OBSERVED_PARTIAL,Transfers unallocated/Transfers unallocated,Coal tar,,,0,0,0,observed_zero_only,partial_observation_not_global_validity
LEAP_OBSERVED_PARTIAL,Transfers unallocated/Transfers unallocated,Coke oven coke,,,0,0,0,observed_zero_only,partial_observation_not_global_validity
LEAP_OBSERVED_PARTIAL,Transfers unallocated/Transfers unallocated,Coke oven gas,,,0,0,0,observed_zero_only,partial_observation_not_global_validity
LEAP_OBSERVED_PARTIAL,Transfers unallocated/Transfers unallocated,Coking coal,,,0,0,0,observed_zero_only,partial_observation_not_global_validity
LEAP_OBSERVED_PARTIAL,Transfers unallocated/Transfers unallocated,Crude oil,2022,2022,1,1,2,observed_data_valid,partial_observation_not_global_validity
LEAP_OBSERVED_PARTIAL,Transfers unallocated/Transfers unallocated,Efuel,,,0,0,0,observed_zero_only,partial_observation_not_global_validity
LEAP_OBSERVED_PARTIAL,Transfers unallocated/Transfers unallocated,Electricity,,,0,0,0,observed_zero_only,partial_observation_not_global_validity
LEAP_OBSERVED_PARTIAL,Transfers unallocated/Transfers unallocated,Electricity for hydrogen,,,0,0,0,observed_zero_only,partial_observation_not_global_validity
LEAP_OBSERVED_PARTIAL,Transfers unallocated/Transfers unallocated,Ethane,2022,2060,2,39,80,observed_data_valid,partial_observation_not_global_validity
LEAP_OBSERVED_PARTIAL,Transfers unallocated/Transfers unallocated,Fuel oil,2022,2060,2,39,156,observed_data_valid,partial_observation_not_global_validity
LEAP_OBSERVED_PARTIAL,Transfers unallocated/Transfers unallocated,Fuelwood and woodwaste,,,0,0,0,observed_zero_only,partial_observation_not_global_validity
LEAP_OBSERVED_PARTIAL,Transfers unallocated/Transfers unallocated,Gas and diesel oil,2022,2060,2,39,156,observed_data_valid,partial_observation_not_global_validity
LEAP_OBSERVED_PARTIAL,Transfers unallocated/Transfers unallocated,Gas nonspecified,,,0,0,0,observed_zero_only,partial_observation_not_global_validity
LEAP_OBSERVED_PARTIAL,Transfers unallocated/Transfers unallocated,Gas works gas,,,0,0,0,observed_zero_only,partial_observation_not_global_validity
LEAP_OBSERVED_PARTIAL,Transfers unallocated/Transfers unallocated,Gasoline type jet fuel,,,0,0,0,observed_zero_only,partial_observation_not_global_validity
LEAP_OBSERVED_PARTIAL,Transfers unallocated/Transfers unallocated,Geothermal,,,0,0,0,observed_zero_only,partial_observation_not_global_validity
LEAP_OBSERVED_PARTIAL,Transfers unallocated/Transfers unallocated,Heat,,,0,0,0,observed_zero_only,partial_observation_not_global_validity
LEAP_OBSERVED_PARTIAL,Transfers unallocated/Transfers unallocated,Hydro,,,0,0,0,observed_zero_only,partial_observation_not_global_validity
LEAP_OBSERVED_PARTIAL,Transfers unallocated/Transfers unallocated,Hydrogen,,,0,0,0,observed_zero_only,partial_observation_not_global_validity
LEAP_OBSERVED_PARTIAL,Transfers unallocated/Transfers unallocated,Industrial waste,,,0,0,0,observed_zero_only,partial_observation_not_global_validity
LEAP_OBSERVED_PARTIAL,Transfers unallocated/Transfers unallocated,Kerosene,2022,2060,1,39,78,observed_data_valid,partial_observation_not_global_validity
LEAP_OBSERVED_PARTIAL,Transfers unallocated/Transfers unallocated,Kerosene type jet fuel,2022,2060,1,39,78,observed_data_valid,partial_observation_not_global_validity
LEAP_OBSERVED_PARTIAL,Transfers unallocated/Transfers unallocated,LNG,,,0,0,0,observed_zero_only,partial_observation_not_global_validity
LEAP_OBSERVED_PARTIAL,Transfers unallocated/Transfers unallocated,LPG,2022,2060,4,39,235,observed_data_valid,partial_observation_not_global_validity
LEAP_OBSERVED_PARTIAL,Transfers unallocated/Transfers unallocated,Lignite,,,0,0,0,observed_zero_only,partial_observation_not_global_validity
LEAP_OBSERVED_PARTIAL,Transfers unallocated/Transfers unallocated,Lubricants,2022,2060,1,39,78,observed_data_valid,partial_observation_not_global_validity
LEAP_OBSERVED_PARTIAL,Transfers unallocated/Transfers unallocated,Motor gasoline,2022,2060,2,39,156,observed_data_valid,partial_observation_not_global_validity
LEAP_OBSERVED_PARTIAL,Transfers unallocated/Transfers unallocated,Municipal solid waste non renewable,,,0,0,0,observed_zero_only,partial_observation_not_global_validity
LEAP_OBSERVED_PARTIAL,Transfers unallocated/Transfers unallocated,Municipal solid waste renewable,,,0,0,0,observed_zero_only,partial_observation_not_global_validity
LEAP_OBSERVED_PARTIAL,Transfers unallocated/Transfers unallocated,Naphtha,2022,2060,1,39,78,observed_data_valid,partial_observation_not_global_validity
LEAP_OBSERVED_PARTIAL,Transfers unallocated/Transfers unallocated,Natural gas,,,0,0,0,observed_zero_only,partial_observation_not_global_validity
LEAP_OBSERVED_PARTIAL,Transfers unallocated/Transfers unallocated,Natural gas liquids,2022,2060,3,39,157,observed_data_valid,partial_observation_not_global_validity
LEAP_OBSERVED_PARTIAL,Transfers unallocated/Transfers unallocated,Nuclear,,,0,0,0,observed_zero_only,partial_observation_not_global_validity
LEAP_OBSERVED_PARTIAL,Transfers unallocated/Transfers unallocated,Other biomass,,,0,0,0,observed_zero_only,partial_observation_not_global_validity
LEAP_OBSERVED_PARTIAL,Transfers unallocated/Transfers unallocated,Other bituminous coal,,,0,0,0,observed_zero_only,partial_observation_not_global_validity
LEAP_OBSERVED_PARTIAL,Transfers unallocated/Transfers unallocated,Other hydrocarbons,,,0,0,0,observed_zero_only,partial_observation_not_global_validity
LEAP_OBSERVED_PARTIAL,Transfers unallocated/Transfers unallocated,Other liquid biofuels,,,0,0,0,observed_zero_only,partial_observation_not_global_validity
LEAP_OBSERVED_PARTIAL,Transfers unallocated/Transfers unallocated,Other products,2022,2060,3,39,158,observed_data_valid,partial_observation_not_global_validity
LEAP_OBSERVED_PARTIAL,Transfers unallocated/Transfers unallocated,Other recovered gases,,,0,0,0,observed_zero_only,partial_observation_not_global_validity
LEAP_OBSERVED_PARTIAL,Transfers unallocated/Transfers unallocated,Other sources,,,0,0,0,observed_zero_only,partial_observation_not_global_validity
LEAP_OBSERVED_PARTIAL,Transfers unallocated/Transfers unallocated,Paraffin waxes,2022,2060,1,39,78,observed_data_valid,partial_observation_not_global_validity
LEAP_OBSERVED_PARTIAL,Transfers unallocated/Transfers unallocated,Patent fuel,,,0,0,0,observed_zero_only,partial_observation_not_global_validity
LEAP_OBSERVED_PARTIAL,Transfers unallocated/Transfers unallocated,Petroleum coke,,,0,0,0,observed_zero_only,partial_observation_not_global_validity
LEAP_OBSERVED_PARTIAL,Transfers unallocated/Transfers unallocated,Refinery feedstocks,2022,2060,2,39,156,observed_data_valid,partial_observation_not_global_validity
LEAP_OBSERVED_PARTIAL,Transfers unallocated/Transfers unallocated,Refinery gas not liquefied,,,0,0,0,observed_zero_only,partial_observation_not_global_validity
LEAP_OBSERVED_PARTIAL,Transfers unallocated/Transfers unallocated,Solar nonspecified,,,0,0,0,observed_zero_only,partial_observation_not_global_validity
LEAP_OBSERVED_PARTIAL,Transfers unallocated/Transfers unallocated,Solar photovoltaics,,,0,0,0,observed_zero_only,partial_observation_not_global_validity
LEAP_OBSERVED_PARTIAL,Transfers unallocated/Transfers unallocated,Sub bituminous coal,,,0,0,0,observed_zero_only,partial_observation_not_global_validity
LEAP_OBSERVED_PARTIAL,Transfers unallocated/Transfers unallocated,White spirit SBP,2022,2060,1,39,78,observed_data_valid,partial_observation_not_global_validity
LEAP_OBSERVED_PARTIAL,Transfers unallocated/Transfers unallocated,Wind,,,0,0,0,observed_zero_only,partial_observation_not_global_validity
LEAP_OBSERVED_PARTIAL,Unmet Requirements,AUTO BALANCE,,,0,0,0,observed_zero_only,partial_observation_not_global_validity
LEAP_OBSERVED_PARTIAL,Unmet Requirements,Additives and oxygenates,,,0,0,0,observed_zero_only,partial_observation_not_global_validity
LEAP_OBSERVED_PARTIAL,Unmet Requirements,Ammonia,2024,2059,1,19,21,observed_data_valid,partial_observation_not_global_validity
LEAP_OBSERVED_PARTIAL,Unmet Requirements,Anthracite,,,0,0,0,observed_zero_only,partial_observation_not_global_validity
LEAP_OBSERVED_PARTIAL,Unmet Requirements,Aviation gasoline,,,0,0,0,observed_zero_only,partial_observation_not_global_validity
LEAP_OBSERVED_PARTIAL,Unmet Requirements,BKB and PB,,,0,0,0,observed_zero_only,partial_observation_not_global_validity
LEAP_OBSERVED_PARTIAL,Unmet Requirements,Bagasse,,,0,0,0,observed_zero_only,partial_observation_not_global_validity
LEAP_OBSERVED_PARTIAL,Unmet Requirements,Bio jet kerosene,,,0,0,0,observed_zero_only,partial_observation_not_global_validity
LEAP_OBSERVED_PARTIAL,Unmet Requirements,Biodiesel,,,0,0,0,observed_zero_only,partial_observation_not_global_validity
LEAP_OBSERVED_PARTIAL,Unmet Requirements,Biogas,2023,2059,2,29,53,observed_data_valid,partial_observation_not_global_validity
LEAP_OBSERVED_PARTIAL,Unmet Requirements,Biogasoline,,,0,0,0,observed_zero_only,partial_observation_not_global_validity
LEAP_OBSERVED_PARTIAL,Unmet Requirements,Bitumen,2022,2022,1,1,1,observed_data_valid,partial_observation_not_global_validity
LEAP_OBSERVED_PARTIAL,Unmet Requirements,Black liquor,,,0,0,0,observed_zero_only,partial_observation_not_global_validity
LEAP_OBSERVED_PARTIAL,Unmet Requirements,Blast furnace gas,2022,2022,3,1,5,observed_data_valid,partial_observation_not_global_validity
LEAP_OBSERVED_PARTIAL,Unmet Requirements,Charcoal,,,0,0,0,observed_zero_only,partial_observation_not_global_validity
LEAP_OBSERVED_PARTIAL,Unmet Requirements,Coal tar,2022,2036,1,15,26,observed_data_valid,partial_observation_not_global_validity
LEAP_OBSERVED_PARTIAL,Unmet Requirements,Coke oven coke,2022,2060,1,39,69,observed_data_valid,partial_observation_not_global_validity
LEAP_OBSERVED_PARTIAL,Unmet Requirements,Coke oven gas,2022,2022,1,1,2,observed_data_valid,partial_observation_not_global_validity
LEAP_OBSERVED_PARTIAL,Unmet Requirements,Coking coal,,,0,0,0,observed_zero_only,partial_observation_not_global_validity
LEAP_OBSERVED_PARTIAL,Unmet Requirements,Crude oil,,,0,0,0,observed_zero_only,partial_observation_not_global_validity
LEAP_OBSERVED_PARTIAL,Unmet Requirements,Efuel,2031,2060,2,30,59,observed_data_valid,partial_observation_not_global_validity
LEAP_OBSERVED_PARTIAL,Unmet Requirements,Electricity,2022,2060,4,39,193,observed_data_valid,partial_observation_not_global_validity
LEAP_OBSERVED_PARTIAL,Unmet Requirements,Electricity for hydrogen,,,0,0,0,observed_zero_only,partial_observation_not_global_validity
LEAP_OBSERVED_PARTIAL,Unmet Requirements,Ethane,,,0,0,0,observed_zero_only,partial_observation_not_global_validity
LEAP_OBSERVED_PARTIAL,Unmet Requirements,Fuel oil,,,0,0,0,observed_zero_only,partial_observation_not_global_validity
LEAP_OBSERVED_PARTIAL,Unmet Requirements,Fuelwood and woodwaste,,,0,0,0,observed_zero_only,partial_observation_not_global_validity
LEAP_OBSERVED_PARTIAL,Unmet Requirements,Gas and diesel oil,,,0,0,0,observed_zero_only,partial_observation_not_global_validity
LEAP_OBSERVED_PARTIAL,Unmet Requirements,Gas nonspecified,,,0,0,0,observed_zero_only,partial_observation_not_global_validity
LEAP_OBSERVED_PARTIAL,Unmet Requirements,Gas works gas,2022,2022,1,1,2,observed_data_valid,partial_observation_not_global_validity
LEAP_OBSERVED_PARTIAL,Unmet Requirements,Gasoline type jet fuel,,,0,0,0,observed_zero_only,partial_observation_not_global_validity
LEAP_OBSERVED_PARTIAL,Unmet Requirements,Geothermal,,,0,0,0,observed_zero_only,partial_observation_not_global_validity
LEAP_OBSERVED_PARTIAL,Unmet Requirements,Heat,2022,2060,3,39,157,observed_data_valid,partial_observation_not_global_validity
LEAP_OBSERVED_PARTIAL,Unmet Requirements,Hydro,,,0,0,0,observed_zero_only,partial_observation_not_global_validity
LEAP_OBSERVED_PARTIAL,Unmet Requirements,Hydrogen,2023,2060,3,38,140,observed_data_valid,partial_observation_not_global_validity
LEAP_OBSERVED_PARTIAL,Unmet Requirements,Industrial waste,,,0,0,0,observed_zero_only,partial_observation_not_global_validity
LEAP_OBSERVED_PARTIAL,Unmet Requirements,Kerosene,2022,2022,2,1,3,observed_data_valid,partial_observation_not_global_validity
LEAP_OBSERVED_PARTIAL,Unmet Requirements,Kerosene type jet fuel,2023,2060,1,22,22,observed_data_valid,partial_observation_not_global_validity
LEAP_OBSERVED_PARTIAL,Unmet Requirements,LNG,2022,2022,1,1,2,observed_data_valid,partial_observation_not_global_validity
LEAP_OBSERVED_PARTIAL,Unmet Requirements,LPG,2023,2060,1,38,38,observed_data_valid,partial_observation_not_global_validity
LEAP_OBSERVED_PARTIAL,Unmet Requirements,Lignite,,,0,0,0,observed_zero_only,partial_observation_not_global_validity
LEAP_OBSERVED_PARTIAL,Unmet Requirements,Lubricants,,,0,0,0,observed_zero_only,partial_observation_not_global_validity
LEAP_OBSERVED_PARTIAL,Unmet Requirements,Motor gasoline,2022,2022,1,1,1,observed_data_valid,partial_observation_not_global_validity
LEAP_OBSERVED_PARTIAL,Unmet Requirements,Municipal solid waste non renewable,2022,2060,1,39,78,observed_data_valid,partial_observation_not_global_validity
LEAP_OBSERVED_PARTIAL,Unmet Requirements,Municipal solid waste renewable,2022,2060,1,21,42,observed_data_valid,partial_observation_not_global_validity
LEAP_OBSERVED_PARTIAL,Unmet Requirements,Naphtha,2022,2022,1,1,1,observed_data_valid,partial_observation_not_global_validity
LEAP_OBSERVED_PARTIAL,Unmet Requirements,Natural gas,,,0,0,0,observed_zero_only,partial_observation_not_global_validity
LEAP_OBSERVED_PARTIAL,Unmet Requirements,Natural gas liquids,,,0,0,0,observed_zero_only,partial_observation_not_global_validity
LEAP_OBSERVED_PARTIAL,Unmet Requirements,Nuclear,,,0,0,0,observed_zero_only,partial_observation_not_global_validity
LEAP_OBSERVED_PARTIAL,Unmet Requirements,Other biomass,,,0,0,0,observed_zero_only,partial_observation_not_global_validity
LEAP_OBSERVED_PARTIAL,Unmet Requirements,Other bituminous coal,,,0,0,0,observed_zero_only,partial_observation_not_global_validity
LEAP_OBSERVED_PARTIAL,Unmet Requirements,Other hydrocarbons,2022,2060,1,39,40,observed_data_valid,partial_observation_not_global_validity
LEAP_OBSERVED_PARTIAL,Unmet Requirements,Other liquid biofuels,,,0,0,0,observed_zero_only,partial_observation_not_global_validity
LEAP_OBSERVED_PARTIAL,Unmet Requirements,Other products,2022,2058,2,37,38,observed_data_valid,partial_observation_not_global_validity
LEAP_OBSERVED_PARTIAL,Unmet Requirements,Other recovered gases,2022,2060,2,39,95,observed_data_valid,partial_observation_not_global_validity
LEAP_OBSERVED_PARTIAL,Unmet Requirements,Other sources,,,0,0,0,observed_zero_only,partial_observation_not_global_validity
LEAP_OBSERVED_PARTIAL,Unmet Requirements,Paraffin waxes,,,0,0,0,observed_zero_only,partial_observation_not_global_validity
LEAP_OBSERVED_PARTIAL,Unmet Requirements,Patent fuel,,,0,0,0,observed_zero_only,partial_observation_not_global_validity
LEAP_OBSERVED_PARTIAL,Unmet Requirements,Petroleum coke,2022,2022,1,1,2,observed_data_valid,partial_observation_not_global_validity
LEAP_OBSERVED_PARTIAL,Unmet Requirements,Refinery feedstocks,,,0,0,0,observed_zero_only,partial_observation_not_global_validity
LEAP_OBSERVED_PARTIAL,Unmet Requirements,Refinery gas not liquefied,2022,2060,3,39,116,observed_data_valid,partial_observation_not_global_validity
LEAP_OBSERVED_PARTIAL,Unmet Requirements,Solar nonspecified,,,0,0,0,observed_zero_only,partial_observation_not_global_validity
LEAP_OBSERVED_PARTIAL,Unmet Requirements,Solar photovoltaics,,,0,0,0,observed_zero_only,partial_observation_not_global_validity
LEAP_OBSERVED_PARTIAL,Unmet Requirements,Sub bituminous coal,,,0,0,0,observed_zero_only,partial_observation_not_global_validity
LEAP_OBSERVED_PARTIAL,Unmet Requirements,White spirit SBP,2022,2022,1,1,1,observed_data_valid,partial_observation_not_global_validity
LEAP_OBSERVED_PARTIAL,Unmet Requirements,Wind,,,0,0,0,observed_zero_only,partial_observation_not_global_validity
LEAP_OBSERVED_PARTIAL,Upstream liquids transfers,AUTO BALANCE,,,0,0,0,observed_zero_only,partial_observation_not_global_validity
LEAP_OBSERVED_PARTIAL,Upstream liquids transfers,Additives and oxygenates,,,0,0,0,observed_zero_only,partial_observation_not_global_validity
LEAP_OBSERVED_PARTIAL,Upstream liquids transfers,Ammonia,,,0,0,0,observed_zero_only,partial_observation_not_global_validity
LEAP_OBSERVED_PARTIAL,Upstream liquids transfers,Anthracite,,,0,0,0,observed_zero_only,partial_observation_not_global_validity
LEAP_OBSERVED_PARTIAL,Upstream liquids transfers,Aviation gasoline,,,0,0,0,observed_zero_only,partial_observation_not_global_validity
LEAP_OBSERVED_PARTIAL,Upstream liquids transfers,BKB and PB,,,0,0,0,observed_zero_only,partial_observation_not_global_validity
LEAP_OBSERVED_PARTIAL,Upstream liquids transfers,Bagasse,,,0,0,0,observed_zero_only,partial_observation_not_global_validity
LEAP_OBSERVED_PARTIAL,Upstream liquids transfers,Bio jet kerosene,,,0,0,0,observed_zero_only,partial_observation_not_global_validity
LEAP_OBSERVED_PARTIAL,Upstream liquids transfers,Biodiesel,,,0,0,0,observed_zero_only,partial_observation_not_global_validity
LEAP_OBSERVED_PARTIAL,Upstream liquids transfers,Biogas,,,0,0,0,observed_zero_only,partial_observation_not_global_validity
LEAP_OBSERVED_PARTIAL,Upstream liquids transfers,Biogasoline,,,0,0,0,observed_zero_only,partial_observation_not_global_validity
LEAP_OBSERVED_PARTIAL,Upstream liquids transfers,Bitumen,,,0,0,0,observed_zero_only,partial_observation_not_global_validity
LEAP_OBSERVED_PARTIAL,Upstream liquids transfers,Black liquor,,,0,0,0,observed_zero_only,partial_observation_not_global_validity
LEAP_OBSERVED_PARTIAL,Upstream liquids transfers,Blast furnace gas,,,0,0,0,observed_zero_only,partial_observation_not_global_validity
LEAP_OBSERVED_PARTIAL,Upstream liquids transfers,Charcoal,,,0,0,0,observed_zero_only,partial_observation_not_global_validity
LEAP_OBSERVED_PARTIAL,Upstream liquids transfers,Coal tar,,,0,0,0,observed_zero_only,partial_observation_not_global_validity
LEAP_OBSERVED_PARTIAL,Upstream liquids transfers,Coke oven coke,,,0,0,0,observed_zero_only,partial_observation_not_global_validity
LEAP_OBSERVED_PARTIAL,Upstream liquids transfers,Coke oven gas,,,0,0,0,observed_zero_only,partial_observation_not_global_validity
LEAP_OBSERVED_PARTIAL,Upstream liquids transfers,Coking coal,,,0,0,0,observed_zero_only,partial_observation_not_global_validity
LEAP_OBSERVED_PARTIAL,Upstream liquids transfers,Crude oil,,,0,0,0,observed_zero_only,partial_observation_not_global_validity
LEAP_OBSERVED_PARTIAL,Upstream liquids transfers,Efuel,,,0,0,0,observed_zero_only,partial_observation_not_global_validity
LEAP_OBSERVED_PARTIAL,Upstream liquids transfers,Electricity,,,0,0,0,observed_zero_only,partial_observation_not_global_validity
LEAP_OBSERVED_PARTIAL,Upstream liquids transfers,Electricity for hydrogen,,,0,0,0,observed_zero_only,partial_observation_not_global_validity
LEAP_OBSERVED_PARTIAL,Upstream liquids transfers,Ethane,,,0,0,0,observed_zero_only,partial_observation_not_global_validity
LEAP_OBSERVED_PARTIAL,Upstream liquids transfers,Fuel oil,,,0,0,0,observed_zero_only,partial_observation_not_global_validity
LEAP_OBSERVED_PARTIAL,Upstream liquids transfers,Fuelwood and woodwaste,,,0,0,0,observed_zero_only,partial_observation_not_global_validity
LEAP_OBSERVED_PARTIAL,Upstream liquids transfers,Gas and diesel oil,,,0,0,0,observed_zero_only,partial_observation_not_global_validity
LEAP_OBSERVED_PARTIAL,Upstream liquids transfers,Gas nonspecified,,,0,0,0,observed_zero_only,partial_observation_not_global_validity
LEAP_OBSERVED_PARTIAL,Upstream liquids transfers,Gas works gas,,,0,0,0,observed_zero_only,partial_observation_not_global_validity
LEAP_OBSERVED_PARTIAL,Upstream liquids transfers,Gasoline type jet fuel,,,0,0,0,observed_zero_only,partial_observation_not_global_validity
LEAP_OBSERVED_PARTIAL,Upstream liquids transfers,Geothermal,,,0,0,0,observed_zero_only,partial_observation_not_global_validity
LEAP_OBSERVED_PARTIAL,Upstream liquids transfers,Heat,,,0,0,0,observed_zero_only,partial_observation_not_global_validity
LEAP_OBSERVED_PARTIAL,Upstream liquids transfers,Hydro,,,0,0,0,observed_zero_only,partial_observation_not_global_validity
LEAP_OBSERVED_PARTIAL,Upstream liquids transfers,Hydrogen,,,0,0,0,observed_zero_only,partial_observation_not_global_validity
LEAP_OBSERVED_PARTIAL,Upstream liquids transfers,Industrial waste,,,0,0,0,observed_zero_only,partial_observation_not_global_validity
LEAP_OBSERVED_PARTIAL,Upstream liquids transfers,Kerosene,,,0,0,0,observed_zero_only,partial_observation_not_global_validity
LEAP_OBSERVED_PARTIAL,Upstream liquids transfers,Kerosene type jet fuel,,,0,0,0,observed_zero_only,partial_observation_not_global_validity
LEAP_OBSERVED_PARTIAL,Upstream liquids transfers,LNG,,,0,0,0,observed_zero_only,partial_observation_not_global_validity
LEAP_OBSERVED_PARTIAL,Upstream liquids transfers,LPG,2022,2022,1,1,1,observed_data_valid,partial_observation_not_global_validity
LEAP_OBSERVED_PARTIAL,Upstream liquids transfers,Lignite,,,0,0,0,observed_zero_only,partial_observation_not_global_validity
LEAP_OBSERVED_PARTIAL,Upstream liquids transfers,Lubricants,,,0,0,0,observed_zero_only,partial_observation_not_global_validity
LEAP_OBSERVED_PARTIAL,Upstream liquids transfers,Motor gasoline,,,0,0,0,observed_zero_only,partial_observation_not_global_validity
LEAP_OBSERVED_PARTIAL,Upstream liquids transfers,Municipal solid waste non renewable,,,0,0,0,observed_zero_only,partial_observation_not_global_validity
LEAP_OBSERVED_PARTIAL,Upstream liquids transfers,Municipal solid waste renewable,,,0,0,0,observed_zero_only,partial_observation_not_global_validity
LEAP_OBSERVED_PARTIAL,Upstream liquids transfers,Naphtha,,,0,0,0,observed_zero_only,partial_observation_not_global_validity
LEAP_OBSERVED_PARTIAL,Upstream liquids transfers,Natural gas,,,0,0,0,observed_zero_only,partial_observation_not_global_validity
LEAP_OBSERVED_PARTIAL,Upstream liquids transfers,Natural gas liquids,2022,2022,1,1,1,observed_data_valid,partial_observation_not_global_validity
LEAP_OBSERVED_PARTIAL,Upstream liquids transfers,Nuclear,,,0,0,0,observed_zero_only,partial_observation_not_global_validity
LEAP_OBSERVED_PARTIAL,Upstream liquids transfers,Other biomass,,,0,0,0,observed_zero_only,partial_observation_not_global_validity
LEAP_OBSERVED_PARTIAL,Upstream liquids transfers,Other bituminous coal,,,0,0,0,observed_zero_only,partial_observation_not_global_validity
LEAP_OBSERVED_PARTIAL,Upstream liquids transfers,Other hydrocarbons,,,0,0,0,observed_zero_only,partial_observation_not_global_validity
LEAP_OBSERVED_PARTIAL,Upstream liquids transfers,Other liquid biofuels,,,0,0,0,observed_zero_only,partial_observation_not_global_validity
LEAP_OBSERVED_PARTIAL,Upstream liquids transfers,Other products,,,0,0,0,observed_zero_only,partial_observation_not_global_validity
LEAP_OBSERVED_PARTIAL,Upstream liquids transfers,Other recovered gases,,,0,0,0,observed_zero_only,partial_observation_not_global_validity
LEAP_OBSERVED_PARTIAL,Upstream liquids transfers,Other sources,,,0,0,0,observed_zero_only,partial_observation_not_global_validity
LEAP_OBSERVED_PARTIAL,Upstream liquids transfers,Paraffin waxes,,,0,0,0,observed_zero_only,partial_observation_not_global_validity
LEAP_OBSERVED_PARTIAL,Upstream liquids transfers,Patent fuel,,,0,0,0,observed_zero_only,partial_observation_not_global_validity
LEAP_OBSERVED_PARTIAL,Upstream liquids transfers,Petroleum coke,,,0,0,0,observed_zero_only,partial_observation_not_global_validity
LEAP_OBSERVED_PARTIAL,Upstream liquids transfers,Refinery feedstocks,,,0,0,0,observed_zero_only,partial_observation_not_global_validity
LEAP_OBSERVED_PARTIAL,Upstream liquids transfers,Refinery gas not liquefied,,,0,0,0,observed_zero_only,partial_observation_not_global_validity
LEAP_OBSERVED_PARTIAL,Upstream liquids transfers,Solar nonspecified,,,0,0,0,observed_zero_only,partial_observation_not_global_validity
LEAP_OBSERVED_PARTIAL,Upstream liquids transfers,Solar photovoltaics,,,0,0,0,observed_zero_only,partial_observation_not_global_validity
LEAP_OBSERVED_PARTIAL,Upstream liquids transfers,Sub bituminous coal,,,0,0,0,observed_zero_only,partial_observation_not_global_validity
LEAP_OBSERVED_PARTIAL,Upstream liquids transfers,White spirit SBP,,,0,0,0,observed_zero_only,partial_observation_not_global_validity
LEAP_OBSERVED_PARTIAL,Upstream liquids transfers,Wind,,,0,0,0,observed_zero_only,partial_observation_not_global_validity
LEAP_OBSERVED_PARTIAL,Upstream liquids transfers/Upstream liquids transfers,AUTO BALANCE,,,0,0,0,observed_zero_only,partial_observation_not_global_validity
LEAP_OBSERVED_PARTIAL,Upstream liquids transfers/Upstream liquids transfers,Additives and oxygenates,,,0,0,0,observed_zero_only,partial_observation_not_global_validity
LEAP_OBSERVED_PARTIAL,Upstream liquids transfers/Upstream liquids transfers,Ammonia,,,0,0,0,observed_zero_only,partial_observation_not_global_validity
LEAP_OBSERVED_PARTIAL,Upstream liquids transfers/Upstream liquids transfers,Anthracite,,,0,0,0,observed_zero_only,partial_observation_not_global_validity
LEAP_OBSERVED_PARTIAL,Upstream liquids transfers/Upstream liquids transfers,Aviation gasoline,,,0,0,0,observed_zero_only,partial_observation_not_global_validity
LEAP_OBSERVED_PARTIAL,Upstream liquids transfers/Upstream liquids transfers,BKB and PB,,,0,0,0,observed_zero_only,partial_observation_not_global_validity
LEAP_OBSERVED_PARTIAL,Upstream liquids transfers/Upstream liquids transfers,Bagasse,,,0,0,0,observed_zero_only,partial_observation_not_global_validity
LEAP_OBSERVED_PARTIAL,Upstream liquids transfers/Upstream liquids transfers,Bio jet kerosene,,,0,0,0,observed_zero_only,partial_observation_not_global_validity
LEAP_OBSERVED_PARTIAL,Upstream liquids transfers/Upstream liquids transfers,Biodiesel,,,0,0,0,observed_zero_only,partial_observation_not_global_validity
LEAP_OBSERVED_PARTIAL,Upstream liquids transfers/Upstream liquids transfers,Biogas,,,0,0,0,observed_zero_only,partial_observation_not_global_validity
LEAP_OBSERVED_PARTIAL,Upstream liquids transfers/Upstream liquids transfers,Biogasoline,,,0,0,0,observed_zero_only,partial_observation_not_global_validity
LEAP_OBSERVED_PARTIAL,Upstream liquids transfers/Upstream liquids transfers,Bitumen,,,0,0,0,observed_zero_only,partial_observation_not_global_validity
LEAP_OBSERVED_PARTIAL,Upstream liquids transfers/Upstream liquids transfers,Black liquor,,,0,0,0,observed_zero_only,partial_observation_not_global_validity
LEAP_OBSERVED_PARTIAL,Upstream liquids transfers/Upstream liquids transfers,Blast furnace gas,,,0,0,0,observed_zero_only,partial_observation_not_global_validity
LEAP_OBSERVED_PARTIAL,Upstream liquids transfers/Upstream liquids transfers,Charcoal,,,0,0,0,observed_zero_only,partial_observation_not_global_validity
LEAP_OBSERVED_PARTIAL,Upstream liquids transfers/Upstream liquids transfers,Coal tar,,,0,0,0,observed_zero_only,partial_observation_not_global_validity
LEAP_OBSERVED_PARTIAL,Upstream liquids transfers/Upstream liquids transfers,Coke oven coke,,,0,0,0,observed_zero_only,partial_observation_not_global_validity
LEAP_OBSERVED_PARTIAL,Upstream liquids transfers/Upstream liquids transfers,Coke oven gas,,,0,0,0,observed_zero_only,partial_observation_not_global_validity
LEAP_OBSERVED_PARTIAL,Upstream liquids transfers/Upstream liquids transfers,Coking coal,,,0,0,0,observed_zero_only,partial_observation_not_global_validity
LEAP_OBSERVED_PARTIAL,Upstream liquids transfers/Upstream liquids transfers,Crude oil,,,0,0,0,observed_zero_only,partial_observation_not_global_validity
LEAP_OBSERVED_PARTIAL,Upstream liquids transfers/Upstream liquids transfers,Efuel,,,0,0,0,observed_zero_only,partial_observation_not_global_validity
LEAP_OBSERVED_PARTIAL,Upstream liquids transfers/Upstream liquids transfers,Electricity,,,0,0,0,observed_zero_only,partial_observation_not_global_validity
LEAP_OBSERVED_PARTIAL,Upstream liquids transfers/Upstream liquids transfers,Electricity for hydrogen,,,0,0,0,observed_zero_only,partial_observation_not_global_validity
LEAP_OBSERVED_PARTIAL,Upstream liquids transfers/Upstream liquids transfers,Ethane,,,0,0,0,observed_zero_only,partial_observation_not_global_validity
LEAP_OBSERVED_PARTIAL,Upstream liquids transfers/Upstream liquids transfers,Fuel oil,,,0,0,0,observed_zero_only,partial_observation_not_global_validity
LEAP_OBSERVED_PARTIAL,Upstream liquids transfers/Upstream liquids transfers,Fuelwood and woodwaste,,,0,0,0,observed_zero_only,partial_observation_not_global_validity
LEAP_OBSERVED_PARTIAL,Upstream liquids transfers/Upstream liquids transfers,Gas and diesel oil,,,0,0,0,observed_zero_only,partial_observation_not_global_validity
LEAP_OBSERVED_PARTIAL,Upstream liquids transfers/Upstream liquids transfers,Gas nonspecified,,,0,0,0,observed_zero_only,partial_observation_not_global_validity
LEAP_OBSERVED_PARTIAL,Upstream liquids transfers/Upstream liquids transfers,Gas works gas,,,0,0,0,observed_zero_only,partial_observation_not_global_validity
LEAP_OBSERVED_PARTIAL,Upstream liquids transfers/Upstream liquids transfers,Gasoline type jet fuel,,,0,0,0,observed_zero_only,partial_observation_not_global_validity
LEAP_OBSERVED_PARTIAL,Upstream liquids transfers/Upstream liquids transfers,Geothermal,,,0,0,0,observed_zero_only,partial_observation_not_global_validity
LEAP_OBSERVED_PARTIAL,Upstream liquids transfers/Upstream liquids transfers,Heat,,,0,0,0,observed_zero_only,partial_observation_not_global_validity
LEAP_OBSERVED_PARTIAL,Upstream liquids transfers/Upstream liquids transfers,Hydro,,,0,0,0,observed_zero_only,partial_observation_not_global_validity
LEAP_OBSERVED_PARTIAL,Upstream liquids transfers/Upstream liquids transfers,Hydrogen,,,0,0,0,observed_zero_only,partial_observation_not_global_validity
LEAP_OBSERVED_PARTIAL,Upstream liquids transfers/Upstream liquids transfers,Industrial waste,,,0,0,0,observed_zero_only,partial_observation_not_global_validity
LEAP_OBSERVED_PARTIAL,Upstream liquids transfers/Upstream liquids transfers,Kerosene,,,0,0,0,observed_zero_only,partial_observation_not_global_validity
LEAP_OBSERVED_PARTIAL,Upstream liquids transfers/Upstream liquids transfers,Kerosene type jet fuel,,,0,0,0,observed_zero_only,partial_observation_not_global_validity
LEAP_OBSERVED_PARTIAL,Upstream liquids transfers/Upstream liquids transfers,LNG,,,0,0,0,observed_zero_only,partial_observation_not_global_validity
LEAP_OBSERVED_PARTIAL,Upstream liquids transfers/Upstream liquids transfers,LPG,2022,2022,1,1,1,observed_data_valid,partial_observation_not_global_validity
LEAP_OBSERVED_PARTIAL,Upstream liquids transfers/Upstream liquids transfers,Lignite,,,0,0,0,observed_zero_only,partial_observation_not_global_validity
LEAP_OBSERVED_PARTIAL,Upstream liquids transfers/Upstream liquids transfers,Lubricants,,,0,0,0,observed_zero_only,partial_observation_not_global_validity
LEAP_OBSERVED_PARTIAL,Upstream liquids transfers/Upstream liquids transfers,Motor gasoline,,,0,0,0,observed_zero_only,partial_observation_not_global_validity
LEAP_OBSERVED_PARTIAL,Upstream liquids transfers/Upstream liquids transfers,Municipal solid waste non renewable,,,0,0,0,observed_zero_only,partial_observation_not_global_validity
LEAP_OBSERVED_PARTIAL,Upstream liquids transfers/Upstream liquids transfers,Municipal solid waste renewable,,,0,0,0,observed_zero_only,partial_observation_not_global_validity
LEAP_OBSERVED_PARTIAL,Upstream liquids transfers/Upstream liquids transfers,Naphtha,,,0,0,0,observed_zero_only,partial_observation_not_global_validity
LEAP_OBSERVED_PARTIAL,Upstream liquids transfers/Upstream liquids transfers,Natural gas,,,0,0,0,observed_zero_only,partial_observation_not_global_validity
LEAP_OBSERVED_PARTIAL,Upstream liquids transfers/Upstream liquids transfers,Natural gas liquids,2022,2022,1,1,1,observed_data_valid,partial_observation_not_global_validity
LEAP_OBSERVED_PARTIAL,Upstream liquids transfers/Upstream liquids transfers,Nuclear,,,0,0,0,observed_zero_only,partial_observation_not_global_validity
LEAP_OBSERVED_PARTIAL,Upstream liquids transfers/Upstream liquids transfers,Other biomass,,,0,0,0,observed_zero_only,partial_observation_not_global_validity
LEAP_OBSERVED_PARTIAL,Upstream liquids transfers/Upstream liquids transfers,Other bituminous coal,,,0,0,0,observed_zero_only,partial_observation_not_global_validity
LEAP_OBSERVED_PARTIAL,Upstream liquids transfers/Upstream liquids transfers,Other hydrocarbons,,,0,0,0,observed_zero_only,partial_observation_not_global_validity
LEAP_OBSERVED_PARTIAL,Upstream liquids transfers/Upstream liquids transfers,Other liquid biofuels,,,0,0,0,observed_zero_only,partial_observation_not_global_validity
LEAP_OBSERVED_PARTIAL,Upstream liquids transfers/Upstream liquids transfers,Other products,,,0,0,0,observed_zero_only,partial_observation_not_global_validity
LEAP_OBSERVED_PARTIAL,Upstream liquids transfers/Upstream liquids transfers,Other recovered gases,,,0,0,0,observed_zero_only,partial_observation_not_global_validity
LEAP_OBSERVED_PARTIAL,Upstream liquids transfers/Upstream liquids transfers,Other sources,,,0,0,0,observed_zero_only,partial_observation_not_global_validity
LEAP_OBSERVED_PARTIAL,Upstream liquids transfers/Upstream liquids transfers,Paraffin waxes,,,0,0,0,observed_zero_only,partial_observation_not_global_validity
LEAP_OBSERVED_PARTIAL,Upstream liquids transfers/Upstream liquids transfers,Patent fuel,,,0,0,0,observed_zero_only,partial_observation_not_global_validity
LEAP_OBSERVED_PARTIAL,Upstream liquids transfers/Upstream liquids transfers,Petroleum coke,,,0,0,0,observed_zero_only,partial_observation_not_global_validity
LEAP_OBSERVED_PARTIAL,Upstream liquids transfers/Upstream liquids transfers,Refinery feedstocks,,,0,0,0,observed_zero_only,partial_observation_not_global_validity
LEAP_OBSERVED_PARTIAL,Upstream liquids transfers/Upstream liquids transfers,Refinery gas not liquefied,,,0,0,0,observed_zero_only,partial_observation_not_global_validity
LEAP_OBSERVED_PARTIAL,Upstream liquids transfers/Upstream liquids transfers,Solar nonspecified,,,0,0,0,observed_zero_only,partial_observation_not_global_validity
LEAP_OBSERVED_PARTIAL,Upstream liquids transfers/Upstream liquids transfers,Solar photovoltaics,,,0,0,0,observed_zero_only,partial_observation_not_global_validity
LEAP_OBSERVED_PARTIAL,Upstream liquids transfers/Upstream liquids transfers,Sub bituminous coal,,,0,0,0,observed_zero_only,partial_observation_not_global_validity
LEAP_OBSERVED_PARTIAL,Upstream liquids transfers/Upstream liquids transfers,White spirit SBP,,,0,0,0,observed_zero_only,partial_observation_not_global_validity
LEAP_OBSERVED_PARTIAL,Upstream liquids transfers/Upstream liquids transfers,Wind,,,0,0,0,observed_zero_only,partial_observation_not_global_validity
