branch_path,template_support_count,template_files,explicit_fuel_leaf_path,pair_registry_role
Demand\All demand aggregated,21,AUS clean slate 28_07.xlsx|BD clean slate 28_07.xlsx|MAS clean slate 28_07.xlsx|MEX clean slate 28_07.xlsx|NZ clean slate 27_07.xlsx|PHL clean slate 28_07.xlsx|PNG clean slate 28_07.xlsx|PRC clean slate 28_07.xlsx|THA clean slate 28_07.xlsx|USA clean slate 28_07.xlsx|VN clean slate 28_07.xlsx|leap_export_template 03_CDA_COMP_GEN.xlsx|leap_export_template 04_CHL_COMP_GEN.xlsx|leap_export_template 06_HKC_COMP_GEN.xlsx|leap_export_template 07_INA_COMP_GEN.xlsx|leap_export_template 08_JPN_COMP_GEN.xlsx|leap_export_template 09_ROK_COMP_GEN.xlsx|leap_export_template 14_PE_COMP_GEN.xlsx|leap_export_template 16_RUS_COMP_GEN.xlsx|leap_export_template 17_SGP_COMP_GEN.xlsx|leap_export_template 18_CT_COMP_GEN.xlsx,False,branch_structure_only
Demand\All demand aggregated\Additives and oxygenates,10,leap_export_template 03_CDA_COMP_GEN.xlsx|leap_export_template 04_CHL_COMP_GEN.xlsx|leap_export_template 06_HKC_COMP_GEN.xlsx|leap_export_template 07_INA_COMP_GEN.xlsx|leap_export_template 08_JPN_COMP_GEN.xlsx|leap_export_template 09_ROK_COMP_GEN.xlsx|leap_export_template 14_PE_COMP_GEN.xlsx|leap_export_template 16_RUS_COMP_GEN.xlsx|leap_export_template 17_SGP_COMP_GEN.xlsx|leap_export_template 18_CT_COMP_GEN.xlsx,False,branch_structure_only
Demand\All demand aggregated\Ammonia,10,leap_export_template 03_CDA_COMP_GEN.xlsx|leap_export_template 04_CHL_COMP_GEN.xlsx|leap_export_template 06_HKC_COMP_GEN.xlsx|leap_export_template 07_INA_COMP_GEN.xlsx|leap_export_template 08_JPN_COMP_GEN.xlsx|leap_export_template 09_ROK_COMP_GEN.xlsx|leap_export_template 14_PE_COMP_GEN.xlsx|leap_export_template 16_RUS_COMP_GEN.xlsx|leap_export_template 17_SGP_COMP_GEN.xlsx|leap_export_template 18_CT_COMP_GEN.xlsx,False,branch_structure_only
Demand\All demand aggregated\Anthracite,10,leap_export_template 03_CDA_COMP_GEN.xlsx|leap_export_template 04_CHL_COMP_GEN.xlsx|leap_export_template 06_HKC_COMP_GEN.xlsx|leap_export_template 07_INA_COMP_GEN.xlsx|leap_export_template 08_JPN_COMP_GEN.xlsx|leap_export_template 09_ROK_COMP_GEN.xlsx|leap_export_template 14_PE_COMP_GEN.xlsx|leap_export_template 16_RUS_COMP_GEN.xlsx|leap_export_template 17_SGP_COMP_GEN.xlsx|leap_export_template 18_CT_COMP_GEN.xlsx,False,branch_structure_only
Demand\All demand aggregated\Aviation gasoline,10,leap_export_template 03_CDA_COMP_GEN.xlsx|leap_export_template 04_CHL_COMP_GEN.xlsx|leap_export_template 06_HKC_COMP_GEN.xlsx|leap_export_template 07_INA_COMP_GEN.xlsx|leap_export_template 08_JPN_COMP_GEN.xlsx|leap_export_template 09_ROK_COMP_GEN.xlsx|leap_export_template 14_PE_COMP_GEN.xlsx|leap_export_template 16_RUS_COMP_GEN.xlsx|leap_export_template 17_SGP_COMP_GEN.xlsx|leap_export_template 18_CT_COMP_GEN.xlsx,False,branch_structure_only
Demand\All demand aggregated\BKB and PB,10,leap_export_template 03_CDA_COMP_GEN.xlsx|leap_export_template 04_CHL_COMP_GEN.xlsx|leap_export_template 06_HKC_COMP_GEN.xlsx|leap_export_template 07_INA_COMP_GEN.xlsx|leap_export_template 08_JPN_COMP_GEN.xlsx|leap_export_template 09_ROK_COMP_GEN.xlsx|leap_export_template 14_PE_COMP_GEN.xlsx|leap_export_template 16_RUS_COMP_GEN.xlsx|leap_export_template 17_SGP_COMP_GEN.xlsx|leap_export_template 18_CT_COMP_GEN.xlsx,False,branch_structure_only
Demand\All demand aggregated\Bagasse,10,leap_export_template 03_CDA_COMP_GEN.xlsx|leap_export_template 04_CHL_COMP_GEN.xlsx|leap_export_template 06_HKC_COMP_GEN.xlsx|leap_export_template 07_INA_COMP_GEN.xlsx|leap_export_template 08_JPN_COMP_GEN.xlsx|leap_export_template 09_ROK_COMP_GEN.xlsx|leap_export_template 14_PE_COMP_GEN.xlsx|leap_export_template 16_RUS_COMP_GEN.xlsx|leap_export_template 17_SGP_COMP_GEN.xlsx|leap_export_template 18_CT_COMP_GEN.xlsx,False,branch_structure_only
Demand\All demand aggregated\Bio jet kerosene,10,leap_export_template 03_CDA_COMP_GEN.xlsx|leap_export_template 04_CHL_COMP_GEN.xlsx|leap_export_template 06_HKC_COMP_GEN.xlsx|leap_export_template 07_INA_COMP_GEN.xlsx|leap_export_template 08_JPN_COMP_GEN.xlsx|leap_export_template 09_ROK_COMP_GEN.xlsx|leap_export_template 14_PE_COMP_GEN.xlsx|leap_export_template 16_RUS_COMP_GEN.xlsx|leap_export_template 17_SGP_COMP_GEN.xlsx|leap_export_template 18_CT_COMP_GEN.xlsx,False,branch_structure_only
Demand\All demand aggregated\Biodiesel,10,leap_export_template 03_CDA_COMP_GEN.xlsx|leap_export_template 04_CHL_COMP_GEN.xlsx|leap_export_template 06_HKC_COMP_GEN.xlsx|leap_export_template 07_INA_COMP_GEN.xlsx|leap_export_template 08_JPN_COMP_GEN.xlsx|leap_export_template 09_ROK_COMP_GEN.xlsx|leap_export_template 14_PE_COMP_GEN.xlsx|leap_export_template 16_RUS_COMP_GEN.xlsx|leap_export_template 17_SGP_COMP_GEN.xlsx|leap_export_template 18_CT_COMP_GEN.xlsx,False,branch_structure_only
Demand\All demand aggregated\Biogas,10,leap_export_template 03_CDA_COMP_GEN.xlsx|leap_export_template 04_CHL_COMP_GEN.xlsx|leap_export_template 06_HKC_COMP_GEN.xlsx|leap_export_template 07_INA_COMP_GEN.xlsx|leap_export_template 08_JPN_COMP_GEN.xlsx|leap_export_template 09_ROK_COMP_GEN.xlsx|leap_export_template 14_PE_COMP_GEN.xlsx|leap_export_template 16_RUS_COMP_GEN.xlsx|leap_export_template 17_SGP_COMP_GEN.xlsx|leap_export_template 18_CT_COMP_GEN.xlsx,False,branch_structure_only
Demand\All demand aggregated\Biogasoline,10,leap_export_template 03_CDA_COMP_GEN.xlsx|leap_export_template 04_CHL_COMP_GEN.xlsx|leap_export_template 06_HKC_COMP_GEN.xlsx|leap_export_template 07_INA_COMP_GEN.xlsx|leap_export_template 08_JPN_COMP_GEN.xlsx|leap_export_template 09_ROK_COMP_GEN.xlsx|leap_export_template 14_PE_COMP_GEN.xlsx|leap_export_template 16_RUS_COMP_GEN.xlsx|leap_export_template 17_SGP_COMP_GEN.xlsx|leap_export_template 18_CT_COMP_GEN.xlsx,False,branch_structure_only
Demand\All demand aggregated\Bitumen,10,leap_export_template 03_CDA_COMP_GEN.xlsx|leap_export_template 04_CHL_COMP_GEN.xlsx|leap_export_template 06_HKC_COMP_GEN.xlsx|leap_export_template 07_INA_COMP_GEN.xlsx|leap_export_template 08_JPN_COMP_GEN.xlsx|leap_export_template 09_ROK_COMP_GEN.xlsx|leap_export_template 14_PE_COMP_GEN.xlsx|leap_export_template 16_RUS_COMP_GEN.xlsx|leap_export_template 17_SGP_COMP_GEN.xlsx|leap_export_template 18_CT_COMP_GEN.xlsx,False,branch_structure_only
Demand\All demand aggregated\Black liquor,10,leap_export_template 03_CDA_COMP_GEN.xlsx|leap_export_template 04_CHL_COMP_GEN.xlsx|leap_export_template 06_HKC_COMP_GEN.xlsx|leap_export_template 07_INA_COMP_GEN.xlsx|leap_export_template 08_JPN_COMP_GEN.xlsx|leap_export_template 09_ROK_COMP_GEN.xlsx|leap_export_template 14_PE_COMP_GEN.xlsx|leap_export_template 16_RUS_COMP_GEN.xlsx|leap_export_template 17_SGP_COMP_GEN.xlsx|leap_export_template 18_CT_COMP_GEN.xlsx,False,branch_structure_only
Demand\All demand aggregated\Blast furnace gas,10,leap_export_template 03_CDA_COMP_GEN.xlsx|leap_export_template 04_CHL_COMP_GEN.xlsx|leap_export_template 06_HKC_COMP_GEN.xlsx|leap_export_template 07_INA_COMP_GEN.xlsx|leap_export_template 08_JPN_COMP_GEN.xlsx|leap_export_template 09_ROK_COMP_GEN.xlsx|leap_export_template 14_PE_COMP_GEN.xlsx|leap_export_template 16_RUS_COMP_GEN.xlsx|leap_export_template 17_SGP_COMP_GEN.xlsx|leap_export_template 18_CT_COMP_GEN.xlsx,False,branch_structure_only
Demand\All demand aggregated\Buildings,11,AUS clean slate 28_07.xlsx|BD clean slate 28_07.xlsx|MAS clean slate 28_07.xlsx|MEX clean slate 28_07.xlsx|NZ clean slate 27_07.xlsx|PHL clean slate 28_07.xlsx|PNG clean slate 28_07.xlsx|PRC clean slate 28_07.xlsx|THA clean slate 28_07.xlsx|USA clean slate 28_07.xlsx|VN clean slate 28_07.xlsx,False,branch_structure_only
Demand\All demand aggregated\Buildings\Anthracite,11,AUS clean slate 28_07.xlsx|BD clean slate 28_07.xlsx|MAS clean slate 28_07.xlsx|MEX clean slate 28_07.xlsx|NZ clean slate 27_07.xlsx|PHL clean slate 28_07.xlsx|PNG clean slate 28_07.xlsx|PRC clean slate 28_07.xlsx|THA clean slate 28_07.xlsx|USA clean slate 28_07.xlsx|VN clean slate 28_07.xlsx,False,branch_structure_only
Demand\All demand aggregated\Buildings\Aviation gasoline,11,AUS clean slate 28_07.xlsx|BD clean slate 28_07.xlsx|MAS clean slate 28_07.xlsx|MEX clean slate 28_07.xlsx|NZ clean slate 27_07.xlsx|PHL clean slate 28_07.xlsx|PNG clean slate 28_07.xlsx|PRC clean slate 28_07.xlsx|THA clean slate 28_07.xlsx|USA clean slate 28_07.xlsx|VN clean slate 28_07.xlsx,False,branch_structure_only
Demand\All demand aggregated\Buildings\BKB and PB,11,AUS clean slate 28_07.xlsx|BD clean slate 28_07.xlsx|MAS clean slate 28_07.xlsx|MEX clean slate 28_07.xlsx|NZ clean slate 27_07.xlsx|PHL clean slate 28_07.xlsx|PNG clean slate 28_07.xlsx|PRC clean slate 28_07.xlsx|THA clean slate 28_07.xlsx|USA clean slate 28_07.xlsx|VN clean slate 28_07.xlsx,False,branch_structure_only
Demand\All demand aggregated\Buildings\Bagasse,11,AUS clean slate 28_07.xlsx|BD clean slate 28_07.xlsx|MAS clean slate 28_07.xlsx|MEX clean slate 28_07.xlsx|NZ clean slate 27_07.xlsx|PHL clean slate 28_07.xlsx|PNG clean slate 28_07.xlsx|PRC clean slate 28_07.xlsx|THA clean slate 28_07.xlsx|USA clean slate 28_07.xlsx|VN clean slate 28_07.xlsx,False,branch_structure_only
Demand\All demand aggregated\Buildings\Biodiesel,11,AUS clean slate 28_07.xlsx|BD clean slate 28_07.xlsx|MAS clean slate 28_07.xlsx|MEX clean slate 28_07.xlsx|NZ clean slate 27_07.xlsx|PHL clean slate 28_07.xlsx|PNG clean slate 28_07.xlsx|PRC clean slate 28_07.xlsx|THA clean slate 28_07.xlsx|USA clean slate 28_07.xlsx|VN clean slate 28_07.xlsx,False,branch_structure_only
Demand\All demand aggregated\Buildings\Biogas,11,AUS clean slate 28_07.xlsx|BD clean slate 28_07.xlsx|MAS clean slate 28_07.xlsx|MEX clean slate 28_07.xlsx|NZ clean slate 27_07.xlsx|PHL clean slate 28_07.xlsx|PNG clean slate 28_07.xlsx|PRC clean slate 28_07.xlsx|THA clean slate 28_07.xlsx|USA clean slate 28_07.xlsx|VN clean slate 28_07.xlsx,False,branch_structure_only
Demand\All demand aggregated\Buildings\Biogasoline,11,AUS clean slate 28_07.xlsx|BD clean slate 28_07.xlsx|MAS clean slate 28_07.xlsx|MEX clean slate 28_07.xlsx|NZ clean slate 27_07.xlsx|PHL clean slate 28_07.xlsx|PNG clean slate 28_07.xlsx|PRC clean slate 28_07.xlsx|THA clean slate 28_07.xlsx|USA clean slate 28_07.xlsx|VN clean slate 28_07.xlsx,False,branch_structure_only
Demand\All demand aggregated\Buildings\Blast furnace gas,11,AUS clean slate 28_07.xlsx|BD clean slate 28_07.xlsx|MAS clean slate 28_07.xlsx|MEX clean slate 28_07.xlsx|NZ clean slate 27_07.xlsx|PHL clean slate 28_07.xlsx|PNG clean slate 28_07.xlsx|PRC clean slate 28_07.xlsx|THA clean slate 28_07.xlsx|USA clean slate 28_07.xlsx|VN clean slate 28_07.xlsx,False,branch_structure_only
Demand\All demand aggregated\Buildings\Charcoal,11,AUS clean slate 28_07.xlsx|BD clean slate 28_07.xlsx|MAS clean slate 28_07.xlsx|MEX clean slate 28_07.xlsx|NZ clean slate 27_07.xlsx|PHL clean slate 28_07.xlsx|PNG clean slate 28_07.xlsx|PRC clean slate 28_07.xlsx|THA clean slate 28_07.xlsx|USA clean slate 28_07.xlsx|VN clean slate 28_07.xlsx,False,branch_structure_only
Demand\All demand aggregated\Buildings\Coal tar,11,AUS clean slate 28_07.xlsx|BD clean slate 28_07.xlsx|MAS clean slate 28_07.xlsx|MEX clean slate 28_07.xlsx|NZ clean slate 27_07.xlsx|PHL clean slate 28_07.xlsx|PNG clean slate 28_07.xlsx|PRC clean slate 28_07.xlsx|THA clean slate 28_07.xlsx|USA clean slate 28_07.xlsx|VN clean slate 28_07.xlsx,False,branch_structure_only
Demand\All demand aggregated\Buildings\Coke oven coke,11,AUS clean slate 28_07.xlsx|BD clean slate 28_07.xlsx|MAS clean slate 28_07.xlsx|MEX clean slate 28_07.xlsx|NZ clean slate 27_07.xlsx|PHL clean slate 28_07.xlsx|PNG clean slate 28_07.xlsx|PRC clean slate 28_07.xlsx|THA clean slate 28_07.xlsx|USA clean slate 28_07.xlsx|VN clean slate 28_07.xlsx,False,branch_structure_only
Demand\All demand aggregated\Buildings\Coke oven gas,11,AUS clean slate 28_07.xlsx|BD clean slate 28_07.xlsx|MAS clean slate 28_07.xlsx|MEX clean slate 28_07.xlsx|NZ clean slate 27_07.xlsx|PHL clean slate 28_07.xlsx|PNG clean slate 28_07.xlsx|PRC clean slate 28_07.xlsx|THA clean slate 28_07.xlsx|USA clean slate 28_07.xlsx|VN clean slate 28_07.xlsx,False,branch_structure_only
Demand\All demand aggregated\Buildings\Electricity,11,AUS clean slate 28_07.xlsx|BD clean slate 28_07.xlsx|MAS clean slate 28_07.xlsx|MEX clean slate 28_07.xlsx|NZ clean slate 27_07.xlsx|PHL clean slate 28_07.xlsx|PNG clean slate 28_07.xlsx|PRC clean slate 28_07.xlsx|THA clean slate 28_07.xlsx|USA clean slate 28_07.xlsx|VN clean slate 28_07.xlsx,False,branch_structure_only
Demand\All demand aggregated\Buildings\Fuel oil,11,AUS clean slate 28_07.xlsx|BD clean slate 28_07.xlsx|MAS clean slate 28_07.xlsx|MEX clean slate 28_07.xlsx|NZ clean slate 27_07.xlsx|PHL clean slate 28_07.xlsx|PNG clean slate 28_07.xlsx|PRC clean slate 28_07.xlsx|THA clean slate 28_07.xlsx|USA clean slate 28_07.xlsx|VN clean slate 28_07.xlsx,False,branch_structure_only
Demand\All demand aggregated\Buildings\Fuelwood and woodwaste,11,AUS clean slate 28_07.xlsx|BD clean slate 28_07.xlsx|MAS clean slate 28_07.xlsx|MEX clean slate 28_07.xlsx|NZ clean slate 27_07.xlsx|PHL clean slate 28_07.xlsx|PNG clean slate 28_07.xlsx|PRC clean slate 28_07.xlsx|THA clean slate 28_07.xlsx|USA clean slate 28_07.xlsx|VN clean slate 28_07.xlsx,False,branch_structure_only
Demand\All demand aggregated\Buildings\Gas and diesel oil,11,AUS clean slate 28_07.xlsx|BD clean slate 28_07.xlsx|MAS clean slate 28_07.xlsx|MEX clean slate 28_07.xlsx|NZ clean slate 27_07.xlsx|PHL clean slate 28_07.xlsx|PNG clean slate 28_07.xlsx|PRC clean slate 28_07.xlsx|THA clean slate 28_07.xlsx|USA clean slate 28_07.xlsx|VN clean slate 28_07.xlsx,False,branch_structure_only
Demand\All demand aggregated\Buildings\Gas works gas,11,AUS clean slate 28_07.xlsx|BD clean slate 28_07.xlsx|MAS clean slate 28_07.xlsx|MEX clean slate 28_07.xlsx|NZ clean slate 27_07.xlsx|PHL clean slate 28_07.xlsx|PNG clean slate 28_07.xlsx|PRC clean slate 28_07.xlsx|THA clean slate 28_07.xlsx|USA clean slate 28_07.xlsx|VN clean slate 28_07.xlsx,False,branch_structure_only
Demand\All demand aggregated\Buildings\Geothermal,11,AUS clean slate 28_07.xlsx|BD clean slate 28_07.xlsx|MAS clean slate 28_07.xlsx|MEX clean slate 28_07.xlsx|NZ clean slate 27_07.xlsx|PHL clean slate 28_07.xlsx|PNG clean slate 28_07.xlsx|PRC clean slate 28_07.xlsx|THA clean slate 28_07.xlsx|USA clean slate 28_07.xlsx|VN clean slate 28_07.xlsx,False,branch_structure_only
Demand\All demand aggregated\Buildings\Heat,11,AUS clean slate 28_07.xlsx|BD clean slate 28_07.xlsx|MAS clean slate 28_07.xlsx|MEX clean slate 28_07.xlsx|NZ clean slate 27_07.xlsx|PHL clean slate 28_07.xlsx|PNG clean slate 28_07.xlsx|PRC clean slate 28_07.xlsx|THA clean slate 28_07.xlsx|USA clean slate 28_07.xlsx|VN clean slate 28_07.xlsx,False,branch_structure_only
Demand\All demand aggregated\Buildings\Hydrogen,11,AUS clean slate 28_07.xlsx|BD clean slate 28_07.xlsx|MAS clean slate 28_07.xlsx|MEX clean slate 28_07.xlsx|NZ clean slate 27_07.xlsx|PHL clean slate 28_07.xlsx|PNG clean slate 28_07.xlsx|PRC clean slate 28_07.xlsx|THA clean slate 28_07.xlsx|USA clean slate 28_07.xlsx|VN clean slate 28_07.xlsx,False,branch_structure_only
Demand\All demand aggregated\Buildings\Industrial waste,11,AUS clean slate 28_07.xlsx|BD clean slate 28_07.xlsx|MAS clean slate 28_07.xlsx|MEX clean slate 28_07.xlsx|NZ clean slate 27_07.xlsx|PHL clean slate 28_07.xlsx|PNG clean slate 28_07.xlsx|PRC clean slate 28_07.xlsx|THA clean slate 28_07.xlsx|USA clean slate 28_07.xlsx|VN clean slate 28_07.xlsx,False,branch_structure_only
Demand\All demand aggregated\Buildings\Kerosene,11,AUS clean slate 28_07.xlsx|BD clean slate 28_07.xlsx|MAS clean slate 28_07.xlsx|MEX clean slate 28_07.xlsx|NZ clean slate 27_07.xlsx|PHL clean slate 28_07.xlsx|PNG clean slate 28_07.xlsx|PRC clean slate 28_07.xlsx|THA clean slate 28_07.xlsx|USA clean slate 28_07.xlsx|VN clean slate 28_07.xlsx,False,branch_structure_only
Demand\All demand aggregated\Buildings\Kerosene type jet fuel,11,AUS clean slate 28_07.xlsx|BD clean slate 28_07.xlsx|MAS clean slate 28_07.xlsx|MEX clean slate 28_07.xlsx|NZ clean slate 27_07.xlsx|PHL clean slate 28_07.xlsx|PNG clean slate 28_07.xlsx|PRC clean slate 28_07.xlsx|THA clean slate 28_07.xlsx|USA clean slate 28_07.xlsx|VN clean slate 28_07.xlsx,False,branch_structure_only
Demand\All demand aggregated\Buildings\LPG,11,AUS clean slate 28_07.xlsx|BD clean slate 28_07.xlsx|MAS clean slate 28_07.xlsx|MEX clean slate 28_07.xlsx|NZ clean slate 27_07.xlsx|PHL clean slate 28_07.xlsx|PNG clean slate 28_07.xlsx|PRC clean slate 28_07.xlsx|THA clean slate 28_07.xlsx|USA clean slate 28_07.xlsx|VN clean slate 28_07.xlsx,False,branch_structure_only
Demand\All demand aggregated\Buildings\Lignite,11,AUS clean slate 28_07.xlsx|BD clean slate 28_07.xlsx|MAS clean slate 28_07.xlsx|MEX clean slate 28_07.xlsx|NZ clean slate 27_07.xlsx|PHL clean slate 28_07.xlsx|PNG clean slate 28_07.xlsx|PRC clean slate 28_07.xlsx|THA clean slate 28_07.xlsx|USA clean slate 28_07.xlsx|VN clean slate 28_07.xlsx,False,branch_structure_only
Demand\All demand aggregated\Buildings\Motor gasoline,11,AUS clean slate 28_07.xlsx|BD clean slate 28_07.xlsx|MAS clean slate 28_07.xlsx|MEX clean slate 28_07.xlsx|NZ clean slate 27_07.xlsx|PHL clean slate 28_07.xlsx|PNG clean slate 28_07.xlsx|PRC clean slate 28_07.xlsx|THA clean slate 28_07.xlsx|USA clean slate 28_07.xlsx|VN clean slate 28_07.xlsx,False,branch_structure_only
Demand\All demand aggregated\Buildings\Municipal solid waste non renewable,11,AUS clean slate 28_07.xlsx|BD clean slate 28_07.xlsx|MAS clean slate 28_07.xlsx|MEX clean slate 28_07.xlsx|NZ clean slate 27_07.xlsx|PHL clean slate 28_07.xlsx|PNG clean slate 28_07.xlsx|PRC clean slate 28_07.xlsx|THA clean slate 28_07.xlsx|USA clean slate 28_07.xlsx|VN clean slate 28_07.xlsx,False,branch_structure_only
Demand\All demand aggregated\Buildings\Municipal solid waste renewable,11,AUS clean slate 28_07.xlsx|BD clean slate 28_07.xlsx|MAS clean slate 28_07.xlsx|MEX clean slate 28_07.xlsx|NZ clean slate 27_07.xlsx|PHL clean slate 28_07.xlsx|PNG clean slate 28_07.xlsx|PRC clean slate 28_07.xlsx|THA clean slate 28_07.xlsx|USA clean slate 28_07.xlsx|VN clean slate 28_07.xlsx,False,branch_structure_only
Demand\All demand aggregated\Buildings\Natural gas,11,AUS clean slate 28_07.xlsx|BD clean slate 28_07.xlsx|MAS clean slate 28_07.xlsx|MEX clean slate 28_07.xlsx|NZ clean slate 27_07.xlsx|PHL clean slate 28_07.xlsx|PNG clean slate 28_07.xlsx|PRC clean slate 28_07.xlsx|THA clean slate 28_07.xlsx|USA clean slate 28_07.xlsx|VN clean slate 28_07.xlsx,False,branch_structure_only
Demand\All demand aggregated\Buildings\Other biomass,11,AUS clean slate 28_07.xlsx|BD clean slate 28_07.xlsx|MAS clean slate 28_07.xlsx|MEX clean slate 28_07.xlsx|NZ clean slate 27_07.xlsx|PHL clean slate 28_07.xlsx|PNG clean slate 28_07.xlsx|PRC clean slate 28_07.xlsx|THA clean slate 28_07.xlsx|USA clean slate 28_07.xlsx|VN clean slate 28_07.xlsx,False,branch_structure_only
Demand\All demand aggregated\Buildings\Other bituminous coal,11,AUS clean slate 28_07.xlsx|BD clean slate 28_07.xlsx|MAS clean slate 28_07.xlsx|MEX clean slate 28_07.xlsx|NZ clean slate 27_07.xlsx|PHL clean slate 28_07.xlsx|PNG clean slate 28_07.xlsx|PRC clean slate 28_07.xlsx|THA clean slate 28_07.xlsx|USA clean slate 28_07.xlsx|VN clean slate 28_07.xlsx,False,branch_structure_only
Demand\All demand aggregated\Buildings\Other recovered gases,11,AUS clean slate 28_07.xlsx|BD clean slate 28_07.xlsx|MAS clean slate 28_07.xlsx|MEX clean slate 28_07.xlsx|NZ clean slate 27_07.xlsx|PHL clean slate 28_07.xlsx|PNG clean slate 28_07.xlsx|PRC clean slate 28_07.xlsx|THA clean slate 28_07.xlsx|USA clean slate 28_07.xlsx|VN clean slate 28_07.xlsx,False,branch_structure_only
Demand\All demand aggregated\Buildings\Patent fuel,11,AUS clean slate 28_07.xlsx|BD clean slate 28_07.xlsx|MAS clean slate 28_07.xlsx|MEX clean slate 28_07.xlsx|NZ clean slate 27_07.xlsx|PHL clean slate 28_07.xlsx|PNG clean slate 28_07.xlsx|PRC clean slate 28_07.xlsx|THA clean slate 28_07.xlsx|USA clean slate 28_07.xlsx|VN clean slate 28_07.xlsx,False,branch_structure_only
Demand\All demand aggregated\Buildings\Peat,11,AUS clean slate 28_07.xlsx|BD clean slate 28_07.xlsx|MAS clean slate 28_07.xlsx|MEX clean slate 28_07.xlsx|NZ clean slate 27_07.xlsx|PHL clean slate 28_07.xlsx|PNG clean slate 28_07.xlsx|PRC clean slate 28_07.xlsx|THA clean slate 28_07.xlsx|USA clean slate 28_07.xlsx|VN clean slate 28_07.xlsx,False,branch_structure_only
Demand\All demand aggregated\Buildings\Peat products,11,AUS clean slate 28_07.xlsx|BD clean slate 28_07.xlsx|MAS clean slate 28_07.xlsx|MEX clean slate 28_07.xlsx|NZ clean slate 27_07.xlsx|PHL clean slate 28_07.xlsx|PNG clean slate 28_07.xlsx|PRC clean slate 28_07.xlsx|THA clean slate 28_07.xlsx|USA clean slate 28_07.xlsx|VN clean slate 28_07.xlsx,False,branch_structure_only
Demand\All demand aggregated\Buildings\Solar nonspecified,11,AUS clean slate 28_07.xlsx|BD clean slate 28_07.xlsx|MAS clean slate 28_07.xlsx|MEX clean slate 28_07.xlsx|NZ clean slate 27_07.xlsx|PHL clean slate 28_07.xlsx|PNG clean slate 28_07.xlsx|PRC clean slate 28_07.xlsx|THA clean slate 28_07.xlsx|USA clean slate 28_07.xlsx|VN clean slate 28_07.xlsx,False,branch_structure_only
Demand\All demand aggregated\Buildings\Sub bituminous coal,11,AUS clean slate 28_07.xlsx|BD clean slate 28_07.xlsx|MAS clean slate 28_07.xlsx|MEX clean slate 28_07.xlsx|NZ clean slate 27_07.xlsx|PHL clean slate 28_07.xlsx|PNG clean slate 28_07.xlsx|PRC clean slate 28_07.xlsx|THA clean slate 28_07.xlsx|USA clean slate 28_07.xlsx|VN clean slate 28_07.xlsx,False,branch_structure_only
Demand\All demand aggregated\Charcoal,10,leap_export_template 03_CDA_COMP_GEN.xlsx|leap_export_template 04_CHL_COMP_GEN.xlsx|leap_export_template 06_HKC_COMP_GEN.xlsx|leap_export_template 07_INA_COMP_GEN.xlsx|leap_export_template 08_JPN_COMP_GEN.xlsx|leap_export_template 09_ROK_COMP_GEN.xlsx|leap_export_template 14_PE_COMP_GEN.xlsx|leap_export_template 16_RUS_COMP_GEN.xlsx|leap_export_template 17_SGP_COMP_GEN.xlsx|leap_export_template 18_CT_COMP_GEN.xlsx,False,branch_structure_only
Demand\All demand aggregated\Coal nonspecified,10,leap_export_template 03_CDA_COMP_GEN.xlsx|leap_export_template 04_CHL_COMP_GEN.xlsx|leap_export_template 06_HKC_COMP_GEN.xlsx|leap_export_template 07_INA_COMP_GEN.xlsx|leap_export_template 08_JPN_COMP_GEN.xlsx|leap_export_template 09_ROK_COMP_GEN.xlsx|leap_export_template 14_PE_COMP_GEN.xlsx|leap_export_template 16_RUS_COMP_GEN.xlsx|leap_export_template 17_SGP_COMP_GEN.xlsx|leap_export_template 18_CT_COMP_GEN.xlsx,False,branch_structure_only
Demand\All demand aggregated\Coal tar,10,leap_export_template 03_CDA_COMP_GEN.xlsx|leap_export_template 04_CHL_COMP_GEN.xlsx|leap_export_template 06_HKC_COMP_GEN.xlsx|leap_export_template 07_INA_COMP_GEN.xlsx|leap_export_template 08_JPN_COMP_GEN.xlsx|leap_export_template 09_ROK_COMP_GEN.xlsx|leap_export_template 14_PE_COMP_GEN.xlsx|leap_export_template 16_RUS_COMP_GEN.xlsx|leap_export_template 17_SGP_COMP_GEN.xlsx|leap_export_template 18_CT_COMP_GEN.xlsx,False,branch_structure_only
Demand\All demand aggregated\Coke oven coke,10,leap_export_template 03_CDA_COMP_GEN.xlsx|leap_export_template 04_CHL_COMP_GEN.xlsx|leap_export_template 06_HKC_COMP_GEN.xlsx|leap_export_template 07_INA_COMP_GEN.xlsx|leap_export_template 08_JPN_COMP_GEN.xlsx|leap_export_template 09_ROK_COMP_GEN.xlsx|leap_export_template 14_PE_COMP_GEN.xlsx|leap_export_template 16_RUS_COMP_GEN.xlsx|leap_export_template 17_SGP_COMP_GEN.xlsx|leap_export_template 18_CT_COMP_GEN.xlsx,False,branch_structure_only
Demand\All demand aggregated\Coke oven gas,10,leap_export_template 03_CDA_COMP_GEN.xlsx|leap_export_template 04_CHL_COMP_GEN.xlsx|leap_export_template 06_HKC_COMP_GEN.xlsx|leap_export_template 07_INA_COMP_GEN.xlsx|leap_export_template 08_JPN_COMP_GEN.xlsx|leap_export_template 09_ROK_COMP_GEN.xlsx|leap_export_template 14_PE_COMP_GEN.xlsx|leap_export_template 16_RUS_COMP_GEN.xlsx|leap_export_template 17_SGP_COMP_GEN.xlsx|leap_export_template 18_CT_COMP_GEN.xlsx,False,branch_structure_only
Demand\All demand aggregated\Coking coal,10,leap_export_template 03_CDA_COMP_GEN.xlsx|leap_export_template 04_CHL_COMP_GEN.xlsx|leap_export_template 06_HKC_COMP_GEN.xlsx|leap_export_template 07_INA_COMP_GEN.xlsx|leap_export_template 08_JPN_COMP_GEN.xlsx|leap_export_template 09_ROK_COMP_GEN.xlsx|leap_export_template 14_PE_COMP_GEN.xlsx|leap_export_template 16_RUS_COMP_GEN.xlsx|leap_export_template 17_SGP_COMP_GEN.xlsx|leap_export_template 18_CT_COMP_GEN.xlsx,False,branch_structure_only
Demand\All demand aggregated\Crude oil,10,leap_export_template 03_CDA_COMP_GEN.xlsx|leap_export_template 04_CHL_COMP_GEN.xlsx|leap_export_template 06_HKC_COMP_GEN.xlsx|leap_export_template 07_INA_COMP_GEN.xlsx|leap_export_template 08_JPN_COMP_GEN.xlsx|leap_export_template 09_ROK_COMP_GEN.xlsx|leap_export_template 14_PE_COMP_GEN.xlsx|leap_export_template 16_RUS_COMP_GEN.xlsx|leap_export_template 17_SGP_COMP_GEN.xlsx|leap_export_template 18_CT_COMP_GEN.xlsx,False,branch_structure_only
Demand\All demand aggregated\Efuel,10,leap_export_template 03_CDA_COMP_GEN.xlsx|leap_export_template 04_CHL_COMP_GEN.xlsx|leap_export_template 06_HKC_COMP_GEN.xlsx|leap_export_template 07_INA_COMP_GEN.xlsx|leap_export_template 08_JPN_COMP_GEN.xlsx|leap_export_template 09_ROK_COMP_GEN.xlsx|leap_export_template 14_PE_COMP_GEN.xlsx|leap_export_template 16_RUS_COMP_GEN.xlsx|leap_export_template 17_SGP_COMP_GEN.xlsx|leap_export_template 18_CT_COMP_GEN.xlsx,False,branch_structure_only
Demand\All demand aggregated\Electricity,10,leap_export_template 03_CDA_COMP_GEN.xlsx|leap_export_template 04_CHL_COMP_GEN.xlsx|leap_export_template 06_HKC_COMP_GEN.xlsx|leap_export_template 07_INA_COMP_GEN.xlsx|leap_export_template 08_JPN_COMP_GEN.xlsx|leap_export_template 09_ROK_COMP_GEN.xlsx|leap_export_template 14_PE_COMP_GEN.xlsx|leap_export_template 16_RUS_COMP_GEN.xlsx|leap_export_template 17_SGP_COMP_GEN.xlsx|leap_export_template 18_CT_COMP_GEN.xlsx,False,branch_structure_only
Demand\All demand aggregated\Ethane,10,leap_export_template 03_CDA_COMP_GEN.xlsx|leap_export_template 04_CHL_COMP_GEN.xlsx|leap_export_template 06_HKC_COMP_GEN.xlsx|leap_export_template 07_INA_COMP_GEN.xlsx|leap_export_template 08_JPN_COMP_GEN.xlsx|leap_export_template 09_ROK_COMP_GEN.xlsx|leap_export_template 14_PE_COMP_GEN.xlsx|leap_export_template 16_RUS_COMP_GEN.xlsx|leap_export_template 17_SGP_COMP_GEN.xlsx|leap_export_template 18_CT_COMP_GEN.xlsx,False,branch_structure_only
Demand\All demand aggregated\Fuel oil,10,leap_export_template 03_CDA_COMP_GEN.xlsx|leap_export_template 04_CHL_COMP_GEN.xlsx|leap_export_template 06_HKC_COMP_GEN.xlsx|leap_export_template 07_INA_COMP_GEN.xlsx|leap_export_template 08_JPN_COMP_GEN.xlsx|leap_export_template 09_ROK_COMP_GEN.xlsx|leap_export_template 14_PE_COMP_GEN.xlsx|leap_export_template 16_RUS_COMP_GEN.xlsx|leap_export_template 17_SGP_COMP_GEN.xlsx|leap_export_template 18_CT_COMP_GEN.xlsx,False,branch_structure_only
Demand\All demand aggregated\Fuelwood and woodwaste,10,leap_export_template 03_CDA_COMP_GEN.xlsx|leap_export_template 04_CHL_COMP_GEN.xlsx|leap_export_template 06_HKC_COMP_GEN.xlsx|leap_export_template 07_INA_COMP_GEN.xlsx|leap_export_template 08_JPN_COMP_GEN.xlsx|leap_export_template 09_ROK_COMP_GEN.xlsx|leap_export_template 14_PE_COMP_GEN.xlsx|leap_export_template 16_RUS_COMP_GEN.xlsx|leap_export_template 17_SGP_COMP_GEN.xlsx|leap_export_template 18_CT_COMP_GEN.xlsx,False,branch_structure_only
Demand\All demand aggregated\Gas and diesel oil,10,leap_export_template 03_CDA_COMP_GEN.xlsx|leap_export_template 04_CHL_COMP_GEN.xlsx|leap_export_template 06_HKC_COMP_GEN.xlsx|leap_export_template 07_INA_COMP_GEN.xlsx|leap_export_template 08_JPN_COMP_GEN.xlsx|leap_export_template 09_ROK_COMP_GEN.xlsx|leap_export_template 14_PE_COMP_GEN.xlsx|leap_export_template 16_RUS_COMP_GEN.xlsx|leap_export_template 17_SGP_COMP_GEN.xlsx|leap_export_template 18_CT_COMP_GEN.xlsx,False,branch_structure_only
Demand\All demand aggregated\Gas coke,10,leap_export_template 03_CDA_COMP_GEN.xlsx|leap_export_template 04_CHL_COMP_GEN.xlsx|leap_export_template 06_HKC_COMP_GEN.xlsx|leap_export_template 07_INA_COMP_GEN.xlsx|leap_export_template 08_JPN_COMP_GEN.xlsx|leap_export_template 09_ROK_COMP_GEN.xlsx|leap_export_template 14_PE_COMP_GEN.xlsx|leap_export_template 16_RUS_COMP_GEN.xlsx|leap_export_template 17_SGP_COMP_GEN.xlsx|leap_export_template 18_CT_COMP_GEN.xlsx,False,branch_structure_only
Demand\All demand aggregated\Gas nonspecified,10,leap_export_template 03_CDA_COMP_GEN.xlsx|leap_export_template 04_CHL_COMP_GEN.xlsx|leap_export_template 06_HKC_COMP_GEN.xlsx|leap_export_template 07_INA_COMP_GEN.xlsx|leap_export_template 08_JPN_COMP_GEN.xlsx|leap_export_template 09_ROK_COMP_GEN.xlsx|leap_export_template 14_PE_COMP_GEN.xlsx|leap_export_template 16_RUS_COMP_GEN.xlsx|leap_export_template 17_SGP_COMP_GEN.xlsx|leap_export_template 18_CT_COMP_GEN.xlsx,False,branch_structure_only
Demand\All demand aggregated\Gas works gas,10,leap_export_template 03_CDA_COMP_GEN.xlsx|leap_export_template 04_CHL_COMP_GEN.xlsx|leap_export_template 06_HKC_COMP_GEN.xlsx|leap_export_template 07_INA_COMP_GEN.xlsx|leap_export_template 08_JPN_COMP_GEN.xlsx|leap_export_template 09_ROK_COMP_GEN.xlsx|leap_export_template 14_PE_COMP_GEN.xlsx|leap_export_template 16_RUS_COMP_GEN.xlsx|leap_export_template 17_SGP_COMP_GEN.xlsx|leap_export_template 18_CT_COMP_GEN.xlsx,False,branch_structure_only
Demand\All demand aggregated\Gasoline type jet fuel,10,leap_export_template 03_CDA_COMP_GEN.xlsx|leap_export_template 04_CHL_COMP_GEN.xlsx|leap_export_template 06_HKC_COMP_GEN.xlsx|leap_export_template 07_INA_COMP_GEN.xlsx|leap_export_template 08_JPN_COMP_GEN.xlsx|leap_export_template 09_ROK_COMP_GEN.xlsx|leap_export_template 14_PE_COMP_GEN.xlsx|leap_export_template 16_RUS_COMP_GEN.xlsx|leap_export_template 17_SGP_COMP_GEN.xlsx|leap_export_template 18_CT_COMP_GEN.xlsx,False,branch_structure_only
Demand\All demand aggregated\Geothermal,10,leap_export_template 03_CDA_COMP_GEN.xlsx|leap_export_template 04_CHL_COMP_GEN.xlsx|leap_export_template 06_HKC_COMP_GEN.xlsx|leap_export_template 07_INA_COMP_GEN.xlsx|leap_export_template 08_JPN_COMP_GEN.xlsx|leap_export_template 09_ROK_COMP_GEN.xlsx|leap_export_template 14_PE_COMP_GEN.xlsx|leap_export_template 16_RUS_COMP_GEN.xlsx|leap_export_template 17_SGP_COMP_GEN.xlsx|leap_export_template 18_CT_COMP_GEN.xlsx,False,branch_structure_only
Demand\All demand aggregated\Heat,10,leap_export_template 03_CDA_COMP_GEN.xlsx|leap_export_template 04_CHL_COMP_GEN.xlsx|leap_export_template 06_HKC_COMP_GEN.xlsx|leap_export_template 07_INA_COMP_GEN.xlsx|leap_export_template 08_JPN_COMP_GEN.xlsx|leap_export_template 09_ROK_COMP_GEN.xlsx|leap_export_template 14_PE_COMP_GEN.xlsx|leap_export_template 16_RUS_COMP_GEN.xlsx|leap_export_template 17_SGP_COMP_GEN.xlsx|leap_export_template 18_CT_COMP_GEN.xlsx,False,branch_structure_only
Demand\All demand aggregated\Hydro,10,leap_export_template 03_CDA_COMP_GEN.xlsx|leap_export_template 04_CHL_COMP_GEN.xlsx|leap_export_template 06_HKC_COMP_GEN.xlsx|leap_export_template 07_INA_COMP_GEN.xlsx|leap_export_template 08_JPN_COMP_GEN.xlsx|leap_export_template 09_ROK_COMP_GEN.xlsx|leap_export_template 14_PE_COMP_GEN.xlsx|leap_export_template 16_RUS_COMP_GEN.xlsx|leap_export_template 17_SGP_COMP_GEN.xlsx|leap_export_template 18_CT_COMP_GEN.xlsx,False,branch_structure_only
Demand\All demand aggregated\Hydrogen,10,leap_export_template 03_CDA_COMP_GEN.xlsx|leap_export_template 04_CHL_COMP_GEN.xlsx|leap_export_template 06_HKC_COMP_GEN.xlsx|leap_export_template 07_INA_COMP_GEN.xlsx|leap_export_template 08_JPN_COMP_GEN.xlsx|leap_export_template 09_ROK_COMP_GEN.xlsx|leap_export_template 14_PE_COMP_GEN.xlsx|leap_export_template 16_RUS_COMP_GEN.xlsx|leap_export_template 17_SGP_COMP_GEN.xlsx|leap_export_template 18_CT_COMP_GEN.xlsx,False,branch_structure_only
Demand\All demand aggregated\Industrial waste,10,leap_export_template 03_CDA_COMP_GEN.xlsx|leap_export_template 04_CHL_COMP_GEN.xlsx|leap_export_template 06_HKC_COMP_GEN.xlsx|leap_export_template 07_INA_COMP_GEN.xlsx|leap_export_template 08_JPN_COMP_GEN.xlsx|leap_export_template 09_ROK_COMP_GEN.xlsx|leap_export_template 14_PE_COMP_GEN.xlsx|leap_export_template 16_RUS_COMP_GEN.xlsx|leap_export_template 17_SGP_COMP_GEN.xlsx|leap_export_template 18_CT_COMP_GEN.xlsx,False,branch_structure_only
Demand\All demand aggregated\Industry,11,AUS clean slate 28_07.xlsx|BD clean slate 28_07.xlsx|MAS clean slate 28_07.xlsx|MEX clean slate 28_07.xlsx|NZ clean slate 27_07.xlsx|PHL clean slate 28_07.xlsx|PNG clean slate 28_07.xlsx|PRC clean slate 28_07.xlsx|THA clean slate 28_07.xlsx|USA clean slate 28_07.xlsx|VN clean slate 28_07.xlsx,False,branch_structure_only
Demand\All demand aggregated\Industry\Anthracite,11,AUS clean slate 28_07.xlsx|BD clean slate 28_07.xlsx|MAS clean slate 28_07.xlsx|MEX clean slate 28_07.xlsx|NZ clean slate 27_07.xlsx|PHL clean slate 28_07.xlsx|PNG clean slate 28_07.xlsx|PRC clean slate 28_07.xlsx|THA clean slate 28_07.xlsx|USA clean slate 28_07.xlsx|VN clean slate 28_07.xlsx,False,branch_structure_only
Demand\All demand aggregated\Industry\Aviation gasoline,11,AUS clean slate 28_07.xlsx|BD clean slate 28_07.xlsx|MAS clean slate 28_07.xlsx|MEX clean slate 28_07.xlsx|NZ clean slate 27_07.xlsx|PHL clean slate 28_07.xlsx|PNG clean slate 28_07.xlsx|PRC clean slate 28_07.xlsx|THA clean slate 28_07.xlsx|USA clean slate 28_07.xlsx|VN clean slate 28_07.xlsx,False,branch_structure_only
Demand\All demand aggregated\Industry\BKB and PB,11,AUS clean slate 28_07.xlsx|BD clean slate 28_07.xlsx|MAS clean slate 28_07.xlsx|MEX clean slate 28_07.xlsx|NZ clean slate 27_07.xlsx|PHL clean slate 28_07.xlsx|PNG clean slate 28_07.xlsx|PRC clean slate 28_07.xlsx|THA clean slate 28_07.xlsx|USA clean slate 28_07.xlsx|VN clean slate 28_07.xlsx,False,branch_structure_only
Demand\All demand aggregated\Industry\Bagasse,11,AUS clean slate 28_07.xlsx|BD clean slate 28_07.xlsx|MAS clean slate 28_07.xlsx|MEX clean slate 28_07.xlsx|NZ clean slate 27_07.xlsx|PHL clean slate 28_07.xlsx|PNG clean slate 28_07.xlsx|PRC clean slate 28_07.xlsx|THA clean slate 28_07.xlsx|USA clean slate 28_07.xlsx|VN clean slate 28_07.xlsx,False,branch_structure_only
Demand\All demand aggregated\Industry\Bio jet kerosene,11,AUS clean slate 28_07.xlsx|BD clean slate 28_07.xlsx|MAS clean slate 28_07.xlsx|MEX clean slate 28_07.xlsx|NZ clean slate 27_07.xlsx|PHL clean slate 28_07.xlsx|PNG clean slate 28_07.xlsx|PRC clean slate 28_07.xlsx|THA clean slate 28_07.xlsx|USA clean slate 28_07.xlsx|VN clean slate 28_07.xlsx,False,branch_structure_only
Demand\All demand aggregated\Industry\Biodiesel,11,AUS clean slate 28_07.xlsx|BD clean slate 28_07.xlsx|MAS clean slate 28_07.xlsx|MEX clean slate 28_07.xlsx|NZ clean slate 27_07.xlsx|PHL clean slate 28_07.xlsx|PNG clean slate 28_07.xlsx|PRC clean slate 28_07.xlsx|THA clean slate 28_07.xlsx|USA clean slate 28_07.xlsx|VN clean slate 28_07.xlsx,False,branch_structure_only
Demand\All demand aggregated\Industry\Biogas,11,AUS clean slate 28_07.xlsx|BD clean slate 28_07.xlsx|MAS clean slate 28_07.xlsx|MEX clean slate 28_07.xlsx|NZ clean slate 27_07.xlsx|PHL clean slate 28_07.xlsx|PNG clean slate 28_07.xlsx|PRC clean slate 28_07.xlsx|THA clean slate 28_07.xlsx|USA clean slate 28_07.xlsx|VN clean slate 28_07.xlsx,False,branch_structure_only
Demand\All demand aggregated\Industry\Biogasoline,11,AUS clean slate 28_07.xlsx|BD clean slate 28_07.xlsx|MAS clean slate 28_07.xlsx|MEX clean slate 28_07.xlsx|NZ clean slate 27_07.xlsx|PHL clean slate 28_07.xlsx|PNG clean slate 28_07.xlsx|PRC clean slate 28_07.xlsx|THA clean slate 28_07.xlsx|USA clean slate 28_07.xlsx|VN clean slate 28_07.xlsx,False,branch_structure_only
Demand\All demand aggregated\Industry\Bitumen,11,AUS clean slate 28_07.xlsx|BD clean slate 28_07.xlsx|MAS clean slate 28_07.xlsx|MEX clean slate 28_07.xlsx|NZ clean slate 27_07.xlsx|PHL clean slate 28_07.xlsx|PNG clean slate 28_07.xlsx|PRC clean slate 28_07.xlsx|THA clean slate 28_07.xlsx|USA clean slate 28_07.xlsx|VN clean slate 28_07.xlsx,False,branch_structure_only
Demand\All demand aggregated\Industry\Black liquor,11,AUS clean slate 28_07.xlsx|BD clean slate 28_07.xlsx|MAS clean slate 28_07.xlsx|MEX clean slate 28_07.xlsx|NZ clean slate 27_07.xlsx|PHL clean slate 28_07.xlsx|PNG clean slate 28_07.xlsx|PRC clean slate 28_07.xlsx|THA clean slate 28_07.xlsx|USA clean slate 28_07.xlsx|VN clean slate 28_07.xlsx,False,branch_structure_only
Demand\All demand aggregated\Industry\Blast furnace gas,11,AUS clean slate 28_07.xlsx|BD clean slate 28_07.xlsx|MAS clean slate 28_07.xlsx|MEX clean slate 28_07.xlsx|NZ clean slate 27_07.xlsx|PHL clean slate 28_07.xlsx|PNG clean slate 28_07.xlsx|PRC clean slate 28_07.xlsx|THA clean slate 28_07.xlsx|USA clean slate 28_07.xlsx|VN clean slate 28_07.xlsx,False,branch_structure_only
Demand\All demand aggregated\Industry\Charcoal,11,AUS clean slate 28_07.xlsx|BD clean slate 28_07.xlsx|MAS clean slate 28_07.xlsx|MEX clean slate 28_07.xlsx|NZ clean slate 27_07.xlsx|PHL clean slate 28_07.xlsx|PNG clean slate 28_07.xlsx|PRC clean slate 28_07.xlsx|THA clean slate 28_07.xlsx|USA clean slate 28_07.xlsx|VN clean slate 28_07.xlsx,False,branch_structure_only
Demand\All demand aggregated\Industry\Coal nonspecified,11,AUS clean slate 28_07.xlsx|BD clean slate 28_07.xlsx|MAS clean slate 28_07.xlsx|MEX clean slate 28_07.xlsx|NZ clean slate 27_07.xlsx|PHL clean slate 28_07.xlsx|PNG clean slate 28_07.xlsx|PRC clean slate 28_07.xlsx|THA clean slate 28_07.xlsx|USA clean slate 28_07.xlsx|VN clean slate 28_07.xlsx,False,branch_structure_only
Demand\All demand aggregated\Industry\Coal tar,11,AUS clean slate 28_07.xlsx|BD clean slate 28_07.xlsx|MAS clean slate 28_07.xlsx|MEX clean slate 28_07.xlsx|NZ clean slate 27_07.xlsx|PHL clean slate 28_07.xlsx|PNG clean slate 28_07.xlsx|PRC clean slate 28_07.xlsx|THA clean slate 28_07.xlsx|USA clean slate 28_07.xlsx|VN clean slate 28_07.xlsx,False,branch_structure_only
Demand\All demand aggregated\Industry\Coke oven coke,11,AUS clean slate 28_07.xlsx|BD clean slate 28_07.xlsx|MAS clean slate 28_07.xlsx|MEX clean slate 28_07.xlsx|NZ clean slate 27_07.xlsx|PHL clean slate 28_07.xlsx|PNG clean slate 28_07.xlsx|PRC clean slate 28_07.xlsx|THA clean slate 28_07.xlsx|USA clean slate 28_07.xlsx|VN clean slate 28_07.xlsx,False,branch_structure_only
Demand\All demand aggregated\Industry\Coke oven gas,11,AUS clean slate 28_07.xlsx|BD clean slate 28_07.xlsx|MAS clean slate 28_07.xlsx|MEX clean slate 28_07.xlsx|NZ clean slate 27_07.xlsx|PHL clean slate 28_07.xlsx|PNG clean slate 28_07.xlsx|PRC clean slate 28_07.xlsx|THA clean slate 28_07.xlsx|USA clean slate 28_07.xlsx|VN clean slate 28_07.xlsx,False,branch_structure_only
Demand\All demand aggregated\Industry\Electricity,11,AUS clean slate 28_07.xlsx|BD clean slate 28_07.xlsx|MAS clean slate 28_07.xlsx|MEX clean slate 28_07.xlsx|NZ clean slate 27_07.xlsx|PHL clean slate 28_07.xlsx|PNG clean slate 28_07.xlsx|PRC clean slate 28_07.xlsx|THA clean slate 28_07.xlsx|USA clean slate 28_07.xlsx|VN clean slate 28_07.xlsx,False,branch_structure_only
Demand\All demand aggregated\Industry\Ethane,11,AUS clean slate 28_07.xlsx|BD clean slate 28_07.xlsx|MAS clean slate 28_07.xlsx|MEX clean slate 28_07.xlsx|NZ clean slate 27_07.xlsx|PHL clean slate 28_07.xlsx|PNG clean slate 28_07.xlsx|PRC clean slate 28_07.xlsx|THA clean slate 28_07.xlsx|USA clean slate 28_07.xlsx|VN clean slate 28_07.xlsx,False,branch_structure_only
Demand\All demand aggregated\Industry\Fuel oil,11,AUS clean slate 28_07.xlsx|BD clean slate 28_07.xlsx|MAS clean slate 28_07.xlsx|MEX clean slate 28_07.xlsx|NZ clean slate 27_07.xlsx|PHL clean slate 28_07.xlsx|PNG clean slate 28_07.xlsx|PRC clean slate 28_07.xlsx|THA clean slate 28_07.xlsx|USA clean slate 28_07.xlsx|VN clean slate 28_07.xlsx,False,branch_structure_only
Demand\All demand aggregated\Industry\Fuelwood and woodwaste,11,AUS clean slate 28_07.xlsx|BD clean slate 28_07.xlsx|MAS clean slate 28_07.xlsx|MEX clean slate 28_07.xlsx|NZ clean slate 27_07.xlsx|PHL clean slate 28_07.xlsx|PNG clean slate 28_07.xlsx|PRC clean slate 28_07.xlsx|THA clean slate 28_07.xlsx|USA clean slate 28_07.xlsx|VN clean slate 28_07.xlsx,False,branch_structure_only
Demand\All demand aggregated\Industry\Gas and diesel oil,11,AUS clean slate 28_07.xlsx|BD clean slate 28_07.xlsx|MAS clean slate 28_07.xlsx|MEX clean slate 28_07.xlsx|NZ clean slate 27_07.xlsx|PHL clean slate 28_07.xlsx|PNG clean slate 28_07.xlsx|PRC clean slate 28_07.xlsx|THA clean slate 28_07.xlsx|USA clean slate 28_07.xlsx|VN clean slate 28_07.xlsx,False,branch_structure_only
Demand\All demand aggregated\Industry\Gas coke,11,AUS clean slate 28_07.xlsx|BD clean slate 28_07.xlsx|MAS clean slate 28_07.xlsx|MEX clean slate 28_07.xlsx|NZ clean slate 27_07.xlsx|PHL clean slate 28_07.xlsx|PNG clean slate 28_07.xlsx|PRC clean slate 28_07.xlsx|THA clean slate 28_07.xlsx|USA clean slate 28_07.xlsx|VN clean slate 28_07.xlsx,False,branch_structure_only
Demand\All demand aggregated\Industry\Gasoline type jet fuel,11,AUS clean slate 28_07.xlsx|BD clean slate 28_07.xlsx|MAS clean slate 28_07.xlsx|MEX clean slate 28_07.xlsx|NZ clean slate 27_07.xlsx|PHL clean slate 28_07.xlsx|PNG clean slate 28_07.xlsx|PRC clean slate 28_07.xlsx|THA clean slate 28_07.xlsx|USA clean slate 28_07.xlsx|VN clean slate 28_07.xlsx,False,branch_structure_only
Demand\All demand aggregated\Industry\Heat,11,AUS clean slate 28_07.xlsx|BD clean slate 28_07.xlsx|MAS clean slate 28_07.xlsx|MEX clean slate 28_07.xlsx|NZ clean slate 27_07.xlsx|PHL clean slate 28_07.xlsx|PNG clean slate 28_07.xlsx|PRC clean slate 28_07.xlsx|THA clean slate 28_07.xlsx|USA clean slate 28_07.xlsx|VN clean slate 28_07.xlsx,False,branch_structure_only
Demand\All demand aggregated\Industry\Hydrogen,11,AUS clean slate 28_07.xlsx|BD clean slate 28_07.xlsx|MAS clean slate 28_07.xlsx|MEX clean slate 28_07.xlsx|NZ clean slate 27_07.xlsx|PHL clean slate 28_07.xlsx|PNG clean slate 28_07.xlsx|PRC clean slate 28_07.xlsx|THA clean slate 28_07.xlsx|USA clean slate 28_07.xlsx|VN clean slate 28_07.xlsx,False,branch_structure_only
Demand\All demand aggregated\Industry\Industrial waste,11,AUS clean slate 28_07.xlsx|BD clean slate 28_07.xlsx|MAS clean slate 28_07.xlsx|MEX clean slate 28_07.xlsx|NZ clean slate 27_07.xlsx|PHL clean slate 28_07.xlsx|PNG clean slate 28_07.xlsx|PRC clean slate 28_07.xlsx|THA clean slate 28_07.xlsx|USA clean slate 28_07.xlsx|VN clean slate 28_07.xlsx,False,branch_structure_only
Demand\All demand aggregated\Industry\Kerosene,11,AUS clean slate 28_07.xlsx|BD clean slate 28_07.xlsx|MAS clean slate 28_07.xlsx|MEX clean slate 28_07.xlsx|NZ clean slate 27_07.xlsx|PHL clean slate 28_07.xlsx|PNG clean slate 28_07.xlsx|PRC clean slate 28_07.xlsx|THA clean slate 28_07.xlsx|USA clean slate 28_07.xlsx|VN clean slate 28_07.xlsx,False,branch_structure_only
Demand\All demand aggregated\Industry\Kerosene type jet fuel,11,AUS clean slate 28_07.xlsx|BD clean slate 28_07.xlsx|MAS clean slate 28_07.xlsx|MEX clean slate 28_07.xlsx|NZ clean slate 27_07.xlsx|PHL clean slate 28_07.xlsx|PNG clean slate 28_07.xlsx|PRC clean slate 28_07.xlsx|THA clean slate 28_07.xlsx|USA clean slate 28_07.xlsx|VN clean slate 28_07.xlsx,False,branch_structure_only
Demand\All demand aggregated\Industry\LPG,11,AUS clean slate 28_07.xlsx|BD clean slate 28_07.xlsx|MAS clean slate 28_07.xlsx|MEX clean slate 28_07.xlsx|NZ clean slate 27_07.xlsx|PHL clean slate 28_07.xlsx|PNG clean slate 28_07.xlsx|PRC clean slate 28_07.xlsx|THA clean slate 28_07.xlsx|USA clean slate 28_07.xlsx|VN clean slate 28_07.xlsx,False,branch_structure_only
Demand\All demand aggregated\Industry\Lignite,11,AUS clean slate 28_07.xlsx|BD clean slate 28_07.xlsx|MAS clean slate 28_07.xlsx|MEX clean slate 28_07.xlsx|NZ clean slate 27_07.xlsx|PHL clean slate 28_07.xlsx|PNG clean slate 28_07.xlsx|PRC clean slate 28_07.xlsx|THA clean slate 28_07.xlsx|USA clean slate 28_07.xlsx|VN clean slate 28_07.xlsx,False,branch_structure_only
Demand\All demand aggregated\Industry\Lubricants,11,AUS clean slate 28_07.xlsx|BD clean slate 28_07.xlsx|MAS clean slate 28_07.xlsx|MEX clean slate 28_07.xlsx|NZ clean slate 27_07.xlsx|PHL clean slate 28_07.xlsx|PNG clean slate 28_07.xlsx|PRC clean slate 28_07.xlsx|THA clean slate 28_07.xlsx|USA clean slate 28_07.xlsx|VN clean slate 28_07.xlsx,False,branch_structure_only
Demand\All demand aggregated\Industry\Motor gasoline,11,AUS clean slate 28_07.xlsx|BD clean slate 28_07.xlsx|MAS clean slate 28_07.xlsx|MEX clean slate 28_07.xlsx|NZ clean slate 27_07.xlsx|PHL clean slate 28_07.xlsx|PNG clean slate 28_07.xlsx|PRC clean slate 28_07.xlsx|THA clean slate 28_07.xlsx|USA clean slate 28_07.xlsx|VN clean slate 28_07.xlsx,False,branch_structure_only
Demand\All demand aggregated\Industry\Municipal solid waste non renewable,11,AUS clean slate 28_07.xlsx|BD clean slate 28_07.xlsx|MAS clean slate 28_07.xlsx|MEX clean slate 28_07.xlsx|NZ clean slate 27_07.xlsx|PHL clean slate 28_07.xlsx|PNG clean slate 28_07.xlsx|PRC clean slate 28_07.xlsx|THA clean slate 28_07.xlsx|USA clean slate 28_07.xlsx|VN clean slate 28_07.xlsx,False,branch_structure_only
Demand\All demand aggregated\Industry\Municipal solid waste renewable,11,AUS clean slate 28_07.xlsx|BD clean slate 28_07.xlsx|MAS clean slate 28_07.xlsx|MEX clean slate 28_07.xlsx|NZ clean slate 27_07.xlsx|PHL clean slate 28_07.xlsx|PNG clean slate 28_07.xlsx|PRC clean slate 28_07.xlsx|THA clean slate 28_07.xlsx|USA clean slate 28_07.xlsx|VN clean slate 28_07.xlsx,False,branch_structure_only
Demand\All demand aggregated\Industry\Naphtha,11,AUS clean slate 28_07.xlsx|BD clean slate 28_07.xlsx|MAS clean slate 28_07.xlsx|MEX clean slate 28_07.xlsx|NZ clean slate 27_07.xlsx|PHL clean slate 28_07.xlsx|PNG clean slate 28_07.xlsx|PRC clean slate 28_07.xlsx|THA clean slate 28_07.xlsx|USA clean slate 28_07.xlsx|VN clean slate 28_07.xlsx,False,branch_structure_only
Demand\All demand aggregated\Industry\Natural gas,11,AUS clean slate 28_07.xlsx|BD clean slate 28_07.xlsx|MAS clean slate 28_07.xlsx|MEX clean slate 28_07.xlsx|NZ clean slate 27_07.xlsx|PHL clean slate 28_07.xlsx|PNG clean slate 28_07.xlsx|PRC clean slate 28_07.xlsx|THA clean slate 28_07.xlsx|USA clean slate 28_07.xlsx|VN clean slate 28_07.xlsx,False,branch_structure_only
Demand\All demand aggregated\Industry\Other biomass,11,AUS clean slate 28_07.xlsx|BD clean slate 28_07.xlsx|MAS clean slate 28_07.xlsx|MEX clean slate 28_07.xlsx|NZ clean slate 27_07.xlsx|PHL clean slate 28_07.xlsx|PNG clean slate 28_07.xlsx|PRC clean slate 28_07.xlsx|THA clean slate 28_07.xlsx|USA clean slate 28_07.xlsx|VN clean slate 28_07.xlsx,False,branch_structure_only
Demand\All demand aggregated\Industry\Other bituminous coal,11,AUS clean slate 28_07.xlsx|BD clean slate 28_07.xlsx|MAS clean slate 28_07.xlsx|MEX clean slate 28_07.xlsx|NZ clean slate 27_07.xlsx|PHL clean slate 28_07.xlsx|PNG clean slate 28_07.xlsx|PRC clean slate 28_07.xlsx|THA clean slate 28_07.xlsx|USA clean slate 28_07.xlsx|VN clean slate 28_07.xlsx,False,branch_structure_only
Demand\All demand aggregated\Industry\Other liquid biofuels,11,AUS clean slate 28_07.xlsx|BD clean slate 28_07.xlsx|MAS clean slate 28_07.xlsx|MEX clean slate 28_07.xlsx|NZ clean slate 27_07.xlsx|PHL clean slate 28_07.xlsx|PNG clean slate 28_07.xlsx|PRC clean slate 28_07.xlsx|THA clean slate 28_07.xlsx|USA clean slate 28_07.xlsx|VN clean slate 28_07.xlsx,False,branch_structure_only
Demand\All demand aggregated\Industry\Other products,11,AUS clean slate 28_07.xlsx|BD clean slate 28_07.xlsx|MAS clean slate 28_07.xlsx|MEX clean slate 28_07.xlsx|NZ clean slate 27_07.xlsx|PHL clean slate 28_07.xlsx|PNG clean slate 28_07.xlsx|PRC clean slate 28_07.xlsx|THA clean slate 28_07.xlsx|USA clean slate 28_07.xlsx|VN clean slate 28_07.xlsx,False,branch_structure_only
Demand\All demand aggregated\Industry\Other recovered gases,11,AUS clean slate 28_07.xlsx|BD clean slate 28_07.xlsx|MAS clean slate 28_07.xlsx|MEX clean slate 28_07.xlsx|NZ clean slate 27_07.xlsx|PHL clean slate 28_07.xlsx|PNG clean slate 28_07.xlsx|PRC clean slate 28_07.xlsx|THA clean slate 28_07.xlsx|USA clean slate 28_07.xlsx|VN clean slate 28_07.xlsx,False,branch_structure_only
Demand\All demand aggregated\Industry\Other sources,11,AUS clean slate 28_07.xlsx|BD clean slate 28_07.xlsx|MAS clean slate 28_07.xlsx|MEX clean slate 28_07.xlsx|NZ clean slate 27_07.xlsx|PHL clean slate 28_07.xlsx|PNG clean slate 28_07.xlsx|PRC clean slate 28_07.xlsx|THA clean slate 28_07.xlsx|USA clean slate 28_07.xlsx|VN clean slate 28_07.xlsx,False,branch_structure_only
Demand\All demand aggregated\Industry\Paraffin waxes,11,AUS clean slate 28_07.xlsx|BD clean slate 28_07.xlsx|MAS clean slate 28_07.xlsx|MEX clean slate 28_07.xlsx|NZ clean slate 27_07.xlsx|PHL clean slate 28_07.xlsx|PNG clean slate 28_07.xlsx|PRC clean slate 28_07.xlsx|THA clean slate 28_07.xlsx|USA clean slate 28_07.xlsx|VN clean slate 28_07.xlsx,False,branch_structure_only
Demand\All demand aggregated\Industry\Patent fuel,11,AUS clean slate 28_07.xlsx|BD clean slate 28_07.xlsx|MAS clean slate 28_07.xlsx|MEX clean slate 28_07.xlsx|NZ clean slate 27_07.xlsx|PHL clean slate 28_07.xlsx|PNG clean slate 28_07.xlsx|PRC clean slate 28_07.xlsx|THA clean slate 28_07.xlsx|USA clean slate 28_07.xlsx|VN clean slate 28_07.xlsx,False,branch_structure_only
Demand\All demand aggregated\Industry\PetProd nonspecified,11,AUS clean slate 28_07.xlsx|BD clean slate 28_07.xlsx|MAS clean slate 28_07.xlsx|MEX clean slate 28_07.xlsx|NZ clean slate 27_07.xlsx|PHL clean slate 28_07.xlsx|PNG clean slate 28_07.xlsx|PRC clean slate 28_07.xlsx|THA clean slate 28_07.xlsx|USA clean slate 28_07.xlsx|VN clean slate 28_07.xlsx,False,branch_structure_only
Demand\All demand aggregated\Industry\Petroleum coke,11,AUS clean slate 28_07.xlsx|BD clean slate 28_07.xlsx|MAS clean slate 28_07.xlsx|MEX clean slate 28_07.xlsx|NZ clean slate 27_07.xlsx|PHL clean slate 28_07.xlsx|PNG clean slate 28_07.xlsx|PRC clean slate 28_07.xlsx|THA clean slate 28_07.xlsx|USA clean slate 28_07.xlsx|VN clean slate 28_07.xlsx,False,branch_structure_only
Demand\All demand aggregated\Industry\Refinery gas not liquefied,11,AUS clean slate 28_07.xlsx|BD clean slate 28_07.xlsx|MAS clean slate 28_07.xlsx|MEX clean slate 28_07.xlsx|NZ clean slate 27_07.xlsx|PHL clean slate 28_07.xlsx|PNG clean slate 28_07.xlsx|PRC clean slate 28_07.xlsx|THA clean slate 28_07.xlsx|USA clean slate 28_07.xlsx|VN clean slate 28_07.xlsx,False,branch_structure_only
Demand\All demand aggregated\Industry\Sub bituminous coal,11,AUS clean slate 28_07.xlsx|BD clean slate 28_07.xlsx|MAS clean slate 28_07.xlsx|MEX clean slate 28_07.xlsx|NZ clean slate 27_07.xlsx|PHL clean slate 28_07.xlsx|PNG clean slate 28_07.xlsx|PRC clean slate 28_07.xlsx|THA clean slate 28_07.xlsx|USA clean slate 28_07.xlsx|VN clean slate 28_07.xlsx,False,branch_structure_only
Demand\All demand aggregated\Industry\White spirit SBP,11,AUS clean slate 28_07.xlsx|BD clean slate 28_07.xlsx|MAS clean slate 28_07.xlsx|MEX clean slate 28_07.xlsx|NZ clean slate 27_07.xlsx|PHL clean slate 28_07.xlsx|PNG clean slate 28_07.xlsx|PRC clean slate 28_07.xlsx|THA clean slate 28_07.xlsx|USA clean slate 28_07.xlsx|VN clean slate 28_07.xlsx,False,branch_structure_only
Demand\All demand aggregated\International transport,11,AUS clean slate 28_07.xlsx|BD clean slate 28_07.xlsx|MAS clean slate 28_07.xlsx|MEX clean slate 28_07.xlsx|NZ clean slate 27_07.xlsx|PHL clean slate 28_07.xlsx|PNG clean slate 28_07.xlsx|PRC clean slate 28_07.xlsx|THA clean slate 28_07.xlsx|USA clean slate 28_07.xlsx|VN clean slate 28_07.xlsx,False,branch_structure_only
Demand\All demand aggregated\International transport\Aviation gasoline,11,AUS clean slate 28_07.xlsx|BD clean slate 28_07.xlsx|MAS clean slate 28_07.xlsx|MEX clean slate 28_07.xlsx|NZ clean slate 27_07.xlsx|PHL clean slate 28_07.xlsx|PNG clean slate 28_07.xlsx|PRC clean slate 28_07.xlsx|THA clean slate 28_07.xlsx|USA clean slate 28_07.xlsx|VN clean slate 28_07.xlsx,False,branch_structure_only
Demand\All demand aggregated\International transport\Bio jet kerosene,11,AUS clean slate 28_07.xlsx|BD clean slate 28_07.xlsx|MAS clean slate 28_07.xlsx|MEX clean slate 28_07.xlsx|NZ clean slate 27_07.xlsx|PHL clean slate 28_07.xlsx|PNG clean slate 28_07.xlsx|PRC clean slate 28_07.xlsx|THA clean slate 28_07.xlsx|USA clean slate 28_07.xlsx|VN clean slate 28_07.xlsx,False,branch_structure_only
Demand\All demand aggregated\International transport\Biodiesel,11,AUS clean slate 28_07.xlsx|BD clean slate 28_07.xlsx|MAS clean slate 28_07.xlsx|MEX clean slate 28_07.xlsx|NZ clean slate 27_07.xlsx|PHL clean slate 28_07.xlsx|PNG clean slate 28_07.xlsx|PRC clean slate 28_07.xlsx|THA clean slate 28_07.xlsx|USA clean slate 28_07.xlsx|VN clean slate 28_07.xlsx,False,branch_structure_only
Demand\All demand aggregated\International transport\Biogasoline,11,AUS clean slate 28_07.xlsx|BD clean slate 28_07.xlsx|MAS clean slate 28_07.xlsx|MEX clean slate 28_07.xlsx|NZ clean slate 27_07.xlsx|PHL clean slate 28_07.xlsx|PNG clean slate 28_07.xlsx|PRC clean slate 28_07.xlsx|THA clean slate 28_07.xlsx|USA clean slate 28_07.xlsx|VN clean slate 28_07.xlsx,False,branch_structure_only
Demand\All demand aggregated\International transport\Fuel oil,11,AUS clean slate 28_07.xlsx|BD clean slate 28_07.xlsx|MAS clean slate 28_07.xlsx|MEX clean slate 28_07.xlsx|NZ clean slate 27_07.xlsx|PHL clean slate 28_07.xlsx|PNG clean slate 28_07.xlsx|PRC clean slate 28_07.xlsx|THA clean slate 28_07.xlsx|USA clean slate 28_07.xlsx|VN clean slate 28_07.xlsx,False,branch_structure_only
Demand\All demand aggregated\International transport\Gas and diesel oil,11,AUS clean slate 28_07.xlsx|BD clean slate 28_07.xlsx|MAS clean slate 28_07.xlsx|MEX clean slate 28_07.xlsx|NZ clean slate 27_07.xlsx|PHL clean slate 28_07.xlsx|PNG clean slate 28_07.xlsx|PRC clean slate 28_07.xlsx|THA clean slate 28_07.xlsx|USA clean slate 28_07.xlsx|VN clean slate 28_07.xlsx,False,branch_structure_only
Demand\All demand aggregated\International transport\Hydrogen,11,AUS clean slate 28_07.xlsx|BD clean slate 28_07.xlsx|MAS clean slate 28_07.xlsx|MEX clean slate 28_07.xlsx|NZ clean slate 27_07.xlsx|PHL clean slate 28_07.xlsx|PNG clean slate 28_07.xlsx|PRC clean slate 28_07.xlsx|THA clean slate 28_07.xlsx|USA clean slate 28_07.xlsx|VN clean slate 28_07.xlsx,False,branch_structure_only
Demand\All demand aggregated\International transport\Kerosene,11,AUS clean slate 28_07.xlsx|BD clean slate 28_07.xlsx|MAS clean slate 28_07.xlsx|MEX clean slate 28_07.xlsx|NZ clean slate 27_07.xlsx|PHL clean slate 28_07.xlsx|PNG clean slate 28_07.xlsx|PRC clean slate 28_07.xlsx|THA clean slate 28_07.xlsx|USA clean slate 28_07.xlsx|VN clean slate 28_07.xlsx,False,branch_structure_only
Demand\All demand aggregated\International transport\Kerosene type jet fuel,11,AUS clean slate 28_07.xlsx|BD clean slate 28_07.xlsx|MAS clean slate 28_07.xlsx|MEX clean slate 28_07.xlsx|NZ clean slate 27_07.xlsx|PHL clean slate 28_07.xlsx|PNG clean slate 28_07.xlsx|PRC clean slate 28_07.xlsx|THA clean slate 28_07.xlsx|USA clean slate 28_07.xlsx|VN clean slate 28_07.xlsx,False,branch_structure_only
Demand\All demand aggregated\International transport\LNG,11,AUS clean slate 28_07.xlsx|BD clean slate 28_07.xlsx|MAS clean slate 28_07.xlsx|MEX clean slate 28_07.xlsx|NZ clean slate 27_07.xlsx|PHL clean slate 28_07.xlsx|PNG clean slate 28_07.xlsx|PRC clean slate 28_07.xlsx|THA clean slate 28_07.xlsx|USA clean slate 28_07.xlsx|VN clean slate 28_07.xlsx,False,branch_structure_only
Demand\All demand aggregated\International transport\LPG,11,AUS clean slate 28_07.xlsx|BD clean slate 28_07.xlsx|MAS clean slate 28_07.xlsx|MEX clean slate 28_07.xlsx|NZ clean slate 27_07.xlsx|PHL clean slate 28_07.xlsx|PNG clean slate 28_07.xlsx|PRC clean slate 28_07.xlsx|THA clean slate 28_07.xlsx|USA clean slate 28_07.xlsx|VN clean slate 28_07.xlsx,False,branch_structure_only
Demand\All demand aggregated\International transport\Lubricants,11,AUS clean slate 28_07.xlsx|BD clean slate 28_07.xlsx|MAS clean slate 28_07.xlsx|MEX clean slate 28_07.xlsx|NZ clean slate 27_07.xlsx|PHL clean slate 28_07.xlsx|PNG clean slate 28_07.xlsx|PRC clean slate 28_07.xlsx|THA clean slate 28_07.xlsx|USA clean slate 28_07.xlsx|VN clean slate 28_07.xlsx,False,branch_structure_only
Demand\All demand aggregated\International transport\Motor gasoline,11,AUS clean slate 28_07.xlsx|BD clean slate 28_07.xlsx|MAS clean slate 28_07.xlsx|MEX clean slate 28_07.xlsx|NZ clean slate 27_07.xlsx|PHL clean slate 28_07.xlsx|PNG clean slate 28_07.xlsx|PRC clean slate 28_07.xlsx|THA clean slate 28_07.xlsx|USA clean slate 28_07.xlsx|VN clean slate 28_07.xlsx,False,branch_structure_only
Demand\All demand aggregated\International transport\Natural gas,11,AUS clean slate 28_07.xlsx|BD clean slate 28_07.xlsx|MAS clean slate 28_07.xlsx|MEX clean slate 28_07.xlsx|NZ clean slate 27_07.xlsx|PHL clean slate 28_07.xlsx|PNG clean slate 28_07.xlsx|PRC clean slate 28_07.xlsx|THA clean slate 28_07.xlsx|USA clean slate 28_07.xlsx|VN clean slate 28_07.xlsx,False,branch_structure_only
Demand\All demand aggregated\International transport\Other products,11,AUS clean slate 28_07.xlsx|BD clean slate 28_07.xlsx|MAS clean slate 28_07.xlsx|MEX clean slate 28_07.xlsx|NZ clean slate 27_07.xlsx|PHL clean slate 28_07.xlsx|PNG clean slate 28_07.xlsx|PRC clean slate 28_07.xlsx|THA clean slate 28_07.xlsx|USA clean slate 28_07.xlsx|VN clean slate 28_07.xlsx,False,branch_structure_only
Demand\All demand aggregated\Kerosene,10,leap_export_template 03_CDA_COMP_GEN.xlsx|leap_export_template 04_CHL_COMP_GEN.xlsx|leap_export_template 06_HKC_COMP_GEN.xlsx|leap_export_template 07_INA_COMP_GEN.xlsx|leap_export_template 08_JPN_COMP_GEN.xlsx|leap_export_template 09_ROK_COMP_GEN.xlsx|leap_export_template 14_PE_COMP_GEN.xlsx|leap_export_template 16_RUS_COMP_GEN.xlsx|leap_export_template 17_SGP_COMP_GEN.xlsx|leap_export_template 18_CT_COMP_GEN.xlsx,False,branch_structure_only
Demand\All demand aggregated\Kerosene type jet fuel,10,leap_export_template 03_CDA_COMP_GEN.xlsx|leap_export_template 04_CHL_COMP_GEN.xlsx|leap_export_template 06_HKC_COMP_GEN.xlsx|leap_export_template 07_INA_COMP_GEN.xlsx|leap_export_template 08_JPN_COMP_GEN.xlsx|leap_export_template 09_ROK_COMP_GEN.xlsx|leap_export_template 14_PE_COMP_GEN.xlsx|leap_export_template 16_RUS_COMP_GEN.xlsx|leap_export_template 17_SGP_COMP_GEN.xlsx|leap_export_template 18_CT_COMP_GEN.xlsx,False,branch_structure_only
Demand\All demand aggregated\LNG,10,leap_export_template 03_CDA_COMP_GEN.xlsx|leap_export_template 04_CHL_COMP_GEN.xlsx|leap_export_template 06_HKC_COMP_GEN.xlsx|leap_export_template 07_INA_COMP_GEN.xlsx|leap_export_template 08_JPN_COMP_GEN.xlsx|leap_export_template 09_ROK_COMP_GEN.xlsx|leap_export_template 14_PE_COMP_GEN.xlsx|leap_export_template 16_RUS_COMP_GEN.xlsx|leap_export_template 17_SGP_COMP_GEN.xlsx|leap_export_template 18_CT_COMP_GEN.xlsx,False,branch_structure_only
Demand\All demand aggregated\LPG,10,leap_export_template 03_CDA_COMP_GEN.xlsx|leap_export_template 04_CHL_COMP_GEN.xlsx|leap_export_template 06_HKC_COMP_GEN.xlsx|leap_export_template 07_INA_COMP_GEN.xlsx|leap_export_template 08_JPN_COMP_GEN.xlsx|leap_export_template 09_ROK_COMP_GEN.xlsx|leap_export_template 14_PE_COMP_GEN.xlsx|leap_export_template 16_RUS_COMP_GEN.xlsx|leap_export_template 17_SGP_COMP_GEN.xlsx|leap_export_template 18_CT_COMP_GEN.xlsx,False,branch_structure_only
Demand\All demand aggregated\Lignite,10,leap_export_template 03_CDA_COMP_GEN.xlsx|leap_export_template 04_CHL_COMP_GEN.xlsx|leap_export_template 06_HKC_COMP_GEN.xlsx|leap_export_template 07_INA_COMP_GEN.xlsx|leap_export_template 08_JPN_COMP_GEN.xlsx|leap_export_template 09_ROK_COMP_GEN.xlsx|leap_export_template 14_PE_COMP_GEN.xlsx|leap_export_template 16_RUS_COMP_GEN.xlsx|leap_export_template 17_SGP_COMP_GEN.xlsx|leap_export_template 18_CT_COMP_GEN.xlsx,False,branch_structure_only
Demand\All demand aggregated\Lubricants,10,leap_export_template 03_CDA_COMP_GEN.xlsx|leap_export_template 04_CHL_COMP_GEN.xlsx|leap_export_template 06_HKC_COMP_GEN.xlsx|leap_export_template 07_INA_COMP_GEN.xlsx|leap_export_template 08_JPN_COMP_GEN.xlsx|leap_export_template 09_ROK_COMP_GEN.xlsx|leap_export_template 14_PE_COMP_GEN.xlsx|leap_export_template 16_RUS_COMP_GEN.xlsx|leap_export_template 17_SGP_COMP_GEN.xlsx|leap_export_template 18_CT_COMP_GEN.xlsx,False,branch_structure_only
Demand\All demand aggregated\Motor gasoline,10,leap_export_template 03_CDA_COMP_GEN.xlsx|leap_export_template 04_CHL_COMP_GEN.xlsx|leap_export_template 06_HKC_COMP_GEN.xlsx|leap_export_template 07_INA_COMP_GEN.xlsx|leap_export_template 08_JPN_COMP_GEN.xlsx|leap_export_template 09_ROK_COMP_GEN.xlsx|leap_export_template 14_PE_COMP_GEN.xlsx|leap_export_template 16_RUS_COMP_GEN.xlsx|leap_export_template 17_SGP_COMP_GEN.xlsx|leap_export_template 18_CT_COMP_GEN.xlsx,False,branch_structure_only
Demand\All demand aggregated\Municipal solid waste non renewable,10,leap_export_template 03_CDA_COMP_GEN.xlsx|leap_export_template 04_CHL_COMP_GEN.xlsx|leap_export_template 06_HKC_COMP_GEN.xlsx|leap_export_template 07_INA_COMP_GEN.xlsx|leap_export_template 08_JPN_COMP_GEN.xlsx|leap_export_template 09_ROK_COMP_GEN.xlsx|leap_export_template 14_PE_COMP_GEN.xlsx|leap_export_template 16_RUS_COMP_GEN.xlsx|leap_export_template 17_SGP_COMP_GEN.xlsx|leap_export_template 18_CT_COMP_GEN.xlsx,False,branch_structure_only
Demand\All demand aggregated\Municipal solid waste renewable,10,leap_export_template 03_CDA_COMP_GEN.xlsx|leap_export_template 04_CHL_COMP_GEN.xlsx|leap_export_template 06_HKC_COMP_GEN.xlsx|leap_export_template 07_INA_COMP_GEN.xlsx|leap_export_template 08_JPN_COMP_GEN.xlsx|leap_export_template 09_ROK_COMP_GEN.xlsx|leap_export_template 14_PE_COMP_GEN.xlsx|leap_export_template 16_RUS_COMP_GEN.xlsx|leap_export_template 17_SGP_COMP_GEN.xlsx|leap_export_template 18_CT_COMP_GEN.xlsx,False,branch_structure_only
Demand\All demand aggregated\Naphtha,10,leap_export_template 03_CDA_COMP_GEN.xlsx|leap_export_template 04_CHL_COMP_GEN.xlsx|leap_export_template 06_HKC_COMP_GEN.xlsx|leap_export_template 07_INA_COMP_GEN.xlsx|leap_export_template 08_JPN_COMP_GEN.xlsx|leap_export_template 09_ROK_COMP_GEN.xlsx|leap_export_template 14_PE_COMP_GEN.xlsx|leap_export_template 16_RUS_COMP_GEN.xlsx|leap_export_template 17_SGP_COMP_GEN.xlsx|leap_export_template 18_CT_COMP_GEN.xlsx,False,branch_structure_only
Demand\All demand aggregated\Natural gas,10,leap_export_template 03_CDA_COMP_GEN.xlsx|leap_export_template 04_CHL_COMP_GEN.xlsx|leap_export_template 06_HKC_COMP_GEN.xlsx|leap_export_template 07_INA_COMP_GEN.xlsx|leap_export_template 08_JPN_COMP_GEN.xlsx|leap_export_template 09_ROK_COMP_GEN.xlsx|leap_export_template 14_PE_COMP_GEN.xlsx|leap_export_template 16_RUS_COMP_GEN.xlsx|leap_export_template 17_SGP_COMP_GEN.xlsx|leap_export_template 18_CT_COMP_GEN.xlsx,False,branch_structure_only
Demand\All demand aggregated\Natural gas liquids,10,leap_export_template 03_CDA_COMP_GEN.xlsx|leap_export_template 04_CHL_COMP_GEN.xlsx|leap_export_template 06_HKC_COMP_GEN.xlsx|leap_export_template 07_INA_COMP_GEN.xlsx|leap_export_template 08_JPN_COMP_GEN.xlsx|leap_export_template 09_ROK_COMP_GEN.xlsx|leap_export_template 14_PE_COMP_GEN.xlsx|leap_export_template 16_RUS_COMP_GEN.xlsx|leap_export_template 17_SGP_COMP_GEN.xlsx|leap_export_template 18_CT_COMP_GEN.xlsx,False,branch_structure_only
Demand\All demand aggregated\Nuclear,10,leap_export_template 03_CDA_COMP_GEN.xlsx|leap_export_template 04_CHL_COMP_GEN.xlsx|leap_export_template 06_HKC_COMP_GEN.xlsx|leap_export_template 07_INA_COMP_GEN.xlsx|leap_export_template 08_JPN_COMP_GEN.xlsx|leap_export_template 09_ROK_COMP_GEN.xlsx|leap_export_template 14_PE_COMP_GEN.xlsx|leap_export_template 16_RUS_COMP_GEN.xlsx|leap_export_template 17_SGP_COMP_GEN.xlsx|leap_export_template 18_CT_COMP_GEN.xlsx,False,branch_structure_only
Demand\All demand aggregated\Oil shale and oil sands,10,leap_export_template 03_CDA_COMP_GEN.xlsx|leap_export_template 04_CHL_COMP_GEN.xlsx|leap_export_template 06_HKC_COMP_GEN.xlsx|leap_export_template 07_INA_COMP_GEN.xlsx|leap_export_template 08_JPN_COMP_GEN.xlsx|leap_export_template 09_ROK_COMP_GEN.xlsx|leap_export_template 14_PE_COMP_GEN.xlsx|leap_export_template 16_RUS_COMP_GEN.xlsx|leap_export_template 17_SGP_COMP_GEN.xlsx|leap_export_template 18_CT_COMP_GEN.xlsx,False,branch_structure_only
Demand\All demand aggregated\Other biomass,10,leap_export_template 03_CDA_COMP_GEN.xlsx|leap_export_template 04_CHL_COMP_GEN.xlsx|leap_export_template 06_HKC_COMP_GEN.xlsx|leap_export_template 07_INA_COMP_GEN.xlsx|leap_export_template 08_JPN_COMP_GEN.xlsx|leap_export_template 09_ROK_COMP_GEN.xlsx|leap_export_template 14_PE_COMP_GEN.xlsx|leap_export_template 16_RUS_COMP_GEN.xlsx|leap_export_template 17_SGP_COMP_GEN.xlsx|leap_export_template 18_CT_COMP_GEN.xlsx,False,branch_structure_only
Demand\All demand aggregated\Other bituminous coal,10,leap_export_template 03_CDA_COMP_GEN.xlsx|leap_export_template 04_CHL_COMP_GEN.xlsx|leap_export_template 06_HKC_COMP_GEN.xlsx|leap_export_template 07_INA_COMP_GEN.xlsx|leap_export_template 08_JPN_COMP_GEN.xlsx|leap_export_template 09_ROK_COMP_GEN.xlsx|leap_export_template 14_PE_COMP_GEN.xlsx|leap_export_template 16_RUS_COMP_GEN.xlsx|leap_export_template 17_SGP_COMP_GEN.xlsx|leap_export_template 18_CT_COMP_GEN.xlsx,False,branch_structure_only
Demand\All demand aggregated\Other hydrocarbons,10,leap_export_template 03_CDA_COMP_GEN.xlsx|leap_export_template 04_CHL_COMP_GEN.xlsx|leap_export_template 06_HKC_COMP_GEN.xlsx|leap_export_template 07_INA_COMP_GEN.xlsx|leap_export_template 08_JPN_COMP_GEN.xlsx|leap_export_template 09_ROK_COMP_GEN.xlsx|leap_export_template 14_PE_COMP_GEN.xlsx|leap_export_template 16_RUS_COMP_GEN.xlsx|leap_export_template 17_SGP_COMP_GEN.xlsx|leap_export_template 18_CT_COMP_GEN.xlsx,False,branch_structure_only
Demand\All demand aggregated\Other liquid biofuels,10,leap_export_template 03_CDA_COMP_GEN.xlsx|leap_export_template 04_CHL_COMP_GEN.xlsx|leap_export_template 06_HKC_COMP_GEN.xlsx|leap_export_template 07_INA_COMP_GEN.xlsx|leap_export_template 08_JPN_COMP_GEN.xlsx|leap_export_template 09_ROK_COMP_GEN.xlsx|leap_export_template 14_PE_COMP_GEN.xlsx|leap_export_template 16_RUS_COMP_GEN.xlsx|leap_export_template 17_SGP_COMP_GEN.xlsx|leap_export_template 18_CT_COMP_GEN.xlsx,False,branch_structure_only
Demand\All demand aggregated\Other products,10,leap_export_template 03_CDA_COMP_GEN.xlsx|leap_export_template 04_CHL_COMP_GEN.xlsx|leap_export_template 06_HKC_COMP_GEN.xlsx|leap_export_template 07_INA_COMP_GEN.xlsx|leap_export_template 08_JPN_COMP_GEN.xlsx|leap_export_template 09_ROK_COMP_GEN.xlsx|leap_export_template 14_PE_COMP_GEN.xlsx|leap_export_template 16_RUS_COMP_GEN.xlsx|leap_export_template 17_SGP_COMP_GEN.xlsx|leap_export_template 18_CT_COMP_GEN.xlsx,False,branch_structure_only
Demand\All demand aggregated\Other recovered gases,10,leap_export_template 03_CDA_COMP_GEN.xlsx|leap_export_template 04_CHL_COMP_GEN.xlsx|leap_export_template 06_HKC_COMP_GEN.xlsx|leap_export_template 07_INA_COMP_GEN.xlsx|leap_export_template 08_JPN_COMP_GEN.xlsx|leap_export_template 09_ROK_COMP_GEN.xlsx|leap_export_template 14_PE_COMP_GEN.xlsx|leap_export_template 16_RUS_COMP_GEN.xlsx|leap_export_template 17_SGP_COMP_GEN.xlsx|leap_export_template 18_CT_COMP_GEN.xlsx,False,branch_structure_only
Demand\All demand aggregated\Other sector,11,AUS clean slate 28_07.xlsx|BD clean slate 28_07.xlsx|MAS clean slate 28_07.xlsx|MEX clean slate 28_07.xlsx|NZ clean slate 27_07.xlsx|PHL clean slate 28_07.xlsx|PNG clean slate 28_07.xlsx|PRC clean slate 28_07.xlsx|THA clean slate 28_07.xlsx|USA clean slate 28_07.xlsx|VN clean slate 28_07.xlsx,False,branch_structure_only
Demand\All demand aggregated\Other sector\Aviation gasoline,11,AUS clean slate 28_07.xlsx|BD clean slate 28_07.xlsx|MAS clean slate 28_07.xlsx|MEX clean slate 28_07.xlsx|NZ clean slate 27_07.xlsx|PHL clean slate 28_07.xlsx|PNG clean slate 28_07.xlsx|PRC clean slate 28_07.xlsx|THA clean slate 28_07.xlsx|USA clean slate 28_07.xlsx|VN clean slate 28_07.xlsx,False,branch_structure_only
Demand\All demand aggregated\Other sector\BKB and PB,11,AUS clean slate 28_07.xlsx|BD clean slate 28_07.xlsx|MAS clean slate 28_07.xlsx|MEX clean slate 28_07.xlsx|NZ clean slate 27_07.xlsx|PHL clean slate 28_07.xlsx|PNG clean slate 28_07.xlsx|PRC clean slate 28_07.xlsx|THA clean slate 28_07.xlsx|USA clean slate 28_07.xlsx|VN clean slate 28_07.xlsx,False,branch_structure_only
Demand\All demand aggregated\Other sector\Biodiesel,11,AUS clean slate 28_07.xlsx|BD clean slate 28_07.xlsx|MAS clean slate 28_07.xlsx|MEX clean slate 28_07.xlsx|NZ clean slate 27_07.xlsx|PHL clean slate 28_07.xlsx|PNG clean slate 28_07.xlsx|PRC clean slate 28_07.xlsx|THA clean slate 28_07.xlsx|USA clean slate 28_07.xlsx|VN clean slate 28_07.xlsx,False,branch_structure_only
Demand\All demand aggregated\Other sector\Biogas,11,AUS clean slate 28_07.xlsx|BD clean slate 28_07.xlsx|MAS clean slate 28_07.xlsx|MEX clean slate 28_07.xlsx|NZ clean slate 27_07.xlsx|PHL clean slate 28_07.xlsx|PNG clean slate 28_07.xlsx|PRC clean slate 28_07.xlsx|THA clean slate 28_07.xlsx|USA clean slate 28_07.xlsx|VN clean slate 28_07.xlsx,False,branch_structure_only
Demand\All demand aggregated\Other sector\Biogasoline,11,AUS clean slate 28_07.xlsx|BD clean slate 28_07.xlsx|MAS clean slate 28_07.xlsx|MEX clean slate 28_07.xlsx|NZ clean slate 27_07.xlsx|PHL clean slate 28_07.xlsx|PNG clean slate 28_07.xlsx|PRC clean slate 28_07.xlsx|THA clean slate 28_07.xlsx|USA clean slate 28_07.xlsx|VN clean slate 28_07.xlsx,False,branch_structure_only
Demand\All demand aggregated\Other sector\Coke oven coke,11,AUS clean slate 28_07.xlsx|BD clean slate 28_07.xlsx|MAS clean slate 28_07.xlsx|MEX clean slate 28_07.xlsx|NZ clean slate 27_07.xlsx|PHL clean slate 28_07.xlsx|PNG clean slate 28_07.xlsx|PRC clean slate 28_07.xlsx|THA clean slate 28_07.xlsx|USA clean slate 28_07.xlsx|VN clean slate 28_07.xlsx,False,branch_structure_only
Demand\All demand aggregated\Other sector\Coke oven gas,11,AUS clean slate 28_07.xlsx|BD clean slate 28_07.xlsx|MAS clean slate 28_07.xlsx|MEX clean slate 28_07.xlsx|NZ clean slate 27_07.xlsx|PHL clean slate 28_07.xlsx|PNG clean slate 28_07.xlsx|PRC clean slate 28_07.xlsx|THA clean slate 28_07.xlsx|USA clean slate 28_07.xlsx|VN clean slate 28_07.xlsx,False,branch_structure_only
Demand\All demand aggregated\Other sector\Coking coal,11,AUS clean slate 28_07.xlsx|BD clean slate 28_07.xlsx|MAS clean slate 28_07.xlsx|MEX clean slate 28_07.xlsx|NZ clean slate 27_07.xlsx|PHL clean slate 28_07.xlsx|PNG clean slate 28_07.xlsx|PRC clean slate 28_07.xlsx|THA clean slate 28_07.xlsx|USA clean slate 28_07.xlsx|VN clean slate 28_07.xlsx,False,branch_structure_only
Demand\All demand aggregated\Other sector\Crude oil,11,AUS clean slate 28_07.xlsx|BD clean slate 28_07.xlsx|MAS clean slate 28_07.xlsx|MEX clean slate 28_07.xlsx|NZ clean slate 27_07.xlsx|PHL clean slate 28_07.xlsx|PNG clean slate 28_07.xlsx|PRC clean slate 28_07.xlsx|THA clean slate 28_07.xlsx|USA clean slate 28_07.xlsx|VN clean slate 28_07.xlsx,False,branch_structure_only
Demand\All demand aggregated\Other sector\Electricity,11,AUS clean slate 28_07.xlsx|BD clean slate 28_07.xlsx|MAS clean slate 28_07.xlsx|MEX clean slate 28_07.xlsx|NZ clean slate 27_07.xlsx|PHL clean slate 28_07.xlsx|PNG clean slate 28_07.xlsx|PRC clean slate 28_07.xlsx|THA clean slate 28_07.xlsx|USA clean slate 28_07.xlsx|VN clean slate 28_07.xlsx,False,branch_structure_only
Demand\All demand aggregated\Other sector\Fuel oil,11,AUS clean slate 28_07.xlsx|BD clean slate 28_07.xlsx|MAS clean slate 28_07.xlsx|MEX clean slate 28_07.xlsx|NZ clean slate 27_07.xlsx|PHL clean slate 28_07.xlsx|PNG clean slate 28_07.xlsx|PRC clean slate 28_07.xlsx|THA clean slate 28_07.xlsx|USA clean slate 28_07.xlsx|VN clean slate 28_07.xlsx,False,branch_structure_only
Demand\All demand aggregated\Other sector\Gas and diesel oil,11,AUS clean slate 28_07.xlsx|BD clean slate 28_07.xlsx|MAS clean slate 28_07.xlsx|MEX clean slate 28_07.xlsx|NZ clean slate 27_07.xlsx|PHL clean slate 28_07.xlsx|PNG clean slate 28_07.xlsx|PRC clean slate 28_07.xlsx|THA clean slate 28_07.xlsx|USA clean slate 28_07.xlsx|VN clean slate 28_07.xlsx,False,branch_structure_only
Demand\All demand aggregated\Other sector\Gas works gas,11,AUS clean slate 28_07.xlsx|BD clean slate 28_07.xlsx|MAS clean slate 28_07.xlsx|MEX clean slate 28_07.xlsx|NZ clean slate 27_07.xlsx|PHL clean slate 28_07.xlsx|PNG clean slate 28_07.xlsx|PRC clean slate 28_07.xlsx|THA clean slate 28_07.xlsx|USA clean slate 28_07.xlsx|VN clean slate 28_07.xlsx,False,branch_structure_only
Demand\All demand aggregated\Other sector\Geothermal,11,AUS clean slate 28_07.xlsx|BD clean slate 28_07.xlsx|MAS clean slate 28_07.xlsx|MEX clean slate 28_07.xlsx|NZ clean slate 27_07.xlsx|PHL clean slate 28_07.xlsx|PNG clean slate 28_07.xlsx|PRC clean slate 28_07.xlsx|THA clean slate 28_07.xlsx|USA clean slate 28_07.xlsx|VN clean slate 28_07.xlsx,False,branch_structure_only
Demand\All demand aggregated\Other sector\Heat,11,AUS clean slate 28_07.xlsx|BD clean slate 28_07.xlsx|MAS clean slate 28_07.xlsx|MEX clean slate 28_07.xlsx|NZ clean slate 27_07.xlsx|PHL clean slate 28_07.xlsx|PNG clean slate 28_07.xlsx|PRC clean slate 28_07.xlsx|THA clean slate 28_07.xlsx|USA clean slate 28_07.xlsx|VN clean slate 28_07.xlsx,False,branch_structure_only
Demand\All demand aggregated\Other sector\Industrial waste,11,AUS clean slate 28_07.xlsx|BD clean slate 28_07.xlsx|MAS clean slate 28_07.xlsx|MEX clean slate 28_07.xlsx|NZ clean slate 27_07.xlsx|PHL clean slate 28_07.xlsx|PNG clean slate 28_07.xlsx|PRC clean slate 28_07.xlsx|THA clean slate 28_07.xlsx|USA clean slate 28_07.xlsx|VN clean slate 28_07.xlsx,False,branch_structure_only
Demand\All demand aggregated\Other sector\Kerosene,11,AUS clean slate 28_07.xlsx|BD clean slate 28_07.xlsx|MAS clean slate 28_07.xlsx|MEX clean slate 28_07.xlsx|NZ clean slate 27_07.xlsx|PHL clean slate 28_07.xlsx|PNG clean slate 28_07.xlsx|PRC clean slate 28_07.xlsx|THA clean slate 28_07.xlsx|USA clean slate 28_07.xlsx|VN clean slate 28_07.xlsx,False,branch_structure_only
Demand\All demand aggregated\Other sector\Kerosene type jet fuel,11,AUS clean slate 28_07.xlsx|BD clean slate 28_07.xlsx|MAS clean slate 28_07.xlsx|MEX clean slate 28_07.xlsx|NZ clean slate 27_07.xlsx|PHL clean slate 28_07.xlsx|PNG clean slate 28_07.xlsx|PRC clean slate 28_07.xlsx|THA clean slate 28_07.xlsx|USA clean slate 28_07.xlsx|VN clean slate 28_07.xlsx,False,branch_structure_only
Demand\All demand aggregated\Other sector\LPG,11,AUS clean slate 28_07.xlsx|BD clean slate 28_07.xlsx|MAS clean slate 28_07.xlsx|MEX clean slate 28_07.xlsx|NZ clean slate 27_07.xlsx|PHL clean slate 28_07.xlsx|PNG clean slate 28_07.xlsx|PRC clean slate 28_07.xlsx|THA clean slate 28_07.xlsx|USA clean slate 28_07.xlsx|VN clean slate 28_07.xlsx,False,branch_structure_only
Demand\All demand aggregated\Other sector\Lignite,11,AUS clean slate 28_07.xlsx|BD clean slate 28_07.xlsx|MAS clean slate 28_07.xlsx|MEX clean slate 28_07.xlsx|NZ clean slate 27_07.xlsx|PHL clean slate 28_07.xlsx|PNG clean slate 28_07.xlsx|PRC clean slate 28_07.xlsx|THA clean slate 28_07.xlsx|USA clean slate 28_07.xlsx|VN clean slate 28_07.xlsx,False,branch_structure_only
Demand\All demand aggregated\Other sector\Motor gasoline,11,AUS clean slate 28_07.xlsx|BD clean slate 28_07.xlsx|MAS clean slate 28_07.xlsx|MEX clean slate 28_07.xlsx|NZ clean slate 27_07.xlsx|PHL clean slate 28_07.xlsx|PNG clean slate 28_07.xlsx|PRC clean slate 28_07.xlsx|THA clean slate 28_07.xlsx|USA clean slate 28_07.xlsx|VN clean slate 28_07.xlsx,False,branch_structure_only
Demand\All demand aggregated\Other sector\Municipal solid waste non renewable,11,AUS clean slate 28_07.xlsx|BD clean slate 28_07.xlsx|MAS clean slate 28_07.xlsx|MEX clean slate 28_07.xlsx|NZ clean slate 27_07.xlsx|PHL clean slate 28_07.xlsx|PNG clean slate 28_07.xlsx|PRC clean slate 28_07.xlsx|THA clean slate 28_07.xlsx|USA clean slate 28_07.xlsx|VN clean slate 28_07.xlsx,False,branch_structure_only
Demand\All demand aggregated\Other sector\Municipal solid waste renewable,11,AUS clean slate 28_07.xlsx|BD clean slate 28_07.xlsx|MAS clean slate 28_07.xlsx|MEX clean slate 28_07.xlsx|NZ clean slate 27_07.xlsx|PHL clean slate 28_07.xlsx|PNG clean slate 28_07.xlsx|PRC clean slate 28_07.xlsx|THA clean slate 28_07.xlsx|USA clean slate 28_07.xlsx|VN clean slate 28_07.xlsx,False,branch_structure_only
Demand\All demand aggregated\Other sector\Naphtha,11,AUS clean slate 28_07.xlsx|BD clean slate 28_07.xlsx|MAS clean slate 28_07.xlsx|MEX clean slate 28_07.xlsx|NZ clean slate 27_07.xlsx|PHL clean slate 28_07.xlsx|PNG clean slate 28_07.xlsx|PRC clean slate 28_07.xlsx|THA clean slate 28_07.xlsx|USA clean slate 28_07.xlsx|VN clean slate 28_07.xlsx,False,branch_structure_only
Demand\All demand aggregated\Other sector\Natural gas,11,AUS clean slate 28_07.xlsx|BD clean slate 28_07.xlsx|MAS clean slate 28_07.xlsx|MEX clean slate 28_07.xlsx|NZ clean slate 27_07.xlsx|PHL clean slate 28_07.xlsx|PNG clean slate 28_07.xlsx|PRC clean slate 28_07.xlsx|THA clean slate 28_07.xlsx|USA clean slate 28_07.xlsx|VN clean slate 28_07.xlsx,False,branch_structure_only
Demand\All demand aggregated\Other sector\Other biomass,11,AUS clean slate 28_07.xlsx|BD clean slate 28_07.xlsx|MAS clean slate 28_07.xlsx|MEX clean slate 28_07.xlsx|NZ clean slate 27_07.xlsx|PHL clean slate 28_07.xlsx|PNG clean slate 28_07.xlsx|PRC clean slate 28_07.xlsx|THA clean slate 28_07.xlsx|USA clean slate 28_07.xlsx|VN clean slate 28_07.xlsx,False,branch_structure_only
Demand\All demand aggregated\Other sector\Other bituminous coal,11,AUS clean slate 28_07.xlsx|BD clean slate 28_07.xlsx|MAS clean slate 28_07.xlsx|MEX clean slate 28_07.xlsx|NZ clean slate 27_07.xlsx|PHL clean slate 28_07.xlsx|PNG clean slate 28_07.xlsx|PRC clean slate 28_07.xlsx|THA clean slate 28_07.xlsx|USA clean slate 28_07.xlsx|VN clean slate 28_07.xlsx,False,branch_structure_only
Demand\All demand aggregated\Other sector\Other liquid biofuels,11,AUS clean slate 28_07.xlsx|BD clean slate 28_07.xlsx|MAS clean slate 28_07.xlsx|MEX clean slate 28_07.xlsx|NZ clean slate 27_07.xlsx|PHL clean slate 28_07.xlsx|PNG clean slate 28_07.xlsx|PRC clean slate 28_07.xlsx|THA clean slate 28_07.xlsx|USA clean slate 28_07.xlsx|VN clean slate 28_07.xlsx,False,branch_structure_only
Demand\All demand aggregated\Other sector\Other products,11,AUS clean slate 28_07.xlsx|BD clean slate 28_07.xlsx|MAS clean slate 28_07.xlsx|MEX clean slate 28_07.xlsx|NZ clean slate 27_07.xlsx|PHL clean slate 28_07.xlsx|PNG clean slate 28_07.xlsx|PRC clean slate 28_07.xlsx|THA clean slate 28_07.xlsx|USA clean slate 28_07.xlsx|VN clean slate 28_07.xlsx,False,branch_structure_only
Demand\All demand aggregated\Other sector\Other sources,11,AUS clean slate 28_07.xlsx|BD clean slate 28_07.xlsx|MAS clean slate 28_07.xlsx|MEX clean slate 28_07.xlsx|NZ clean slate 27_07.xlsx|PHL clean slate 28_07.xlsx|PNG clean slate 28_07.xlsx|PRC clean slate 28_07.xlsx|THA clean slate 28_07.xlsx|USA clean slate 28_07.xlsx|VN clean slate 28_07.xlsx,False,branch_structure_only
Demand\All demand aggregated\Other sector\Peat,11,AUS clean slate 28_07.xlsx|BD clean slate 28_07.xlsx|MAS clean slate 28_07.xlsx|MEX clean slate 28_07.xlsx|NZ clean slate 27_07.xlsx|PHL clean slate 28_07.xlsx|PNG clean slate 28_07.xlsx|PRC clean slate 28_07.xlsx|THA clean slate 28_07.xlsx|USA clean slate 28_07.xlsx|VN clean slate 28_07.xlsx,False,branch_structure_only
Demand\All demand aggregated\Other sector\Peat products,11,AUS clean slate 28_07.xlsx|BD clean slate 28_07.xlsx|MAS clean slate 28_07.xlsx|MEX clean slate 28_07.xlsx|NZ clean slate 27_07.xlsx|PHL clean slate 28_07.xlsx|PNG clean slate 28_07.xlsx|PRC clean slate 28_07.xlsx|THA clean slate 28_07.xlsx|USA clean slate 28_07.xlsx|VN clean slate 28_07.xlsx,False,branch_structure_only
Demand\All demand aggregated\Other sector\Solar nonspecified,11,AUS clean slate 28_07.xlsx|BD clean slate 28_07.xlsx|MAS clean slate 28_07.xlsx|MEX clean slate 28_07.xlsx|NZ clean slate 27_07.xlsx|PHL clean slate 28_07.xlsx|PNG clean slate 28_07.xlsx|PRC clean slate 28_07.xlsx|THA clean slate 28_07.xlsx|USA clean slate 28_07.xlsx|VN clean slate 28_07.xlsx,False,branch_structure_only
Demand\All demand aggregated\Other sources,10,leap_export_template 03_CDA_COMP_GEN.xlsx|leap_export_template 04_CHL_COMP_GEN.xlsx|leap_export_template 06_HKC_COMP_GEN.xlsx|leap_export_template 07_INA_COMP_GEN.xlsx|leap_export_template 08_JPN_COMP_GEN.xlsx|leap_export_template 09_ROK_COMP_GEN.xlsx|leap_export_template 14_PE_COMP_GEN.xlsx|leap_export_template 16_RUS_COMP_GEN.xlsx|leap_export_template 17_SGP_COMP_GEN.xlsx|leap_export_template 18_CT_COMP_GEN.xlsx,False,branch_structure_only
Demand\All demand aggregated\Paraffin waxes,10,leap_export_template 03_CDA_COMP_GEN.xlsx|leap_export_template 04_CHL_COMP_GEN.xlsx|leap_export_template 06_HKC_COMP_GEN.xlsx|leap_export_template 07_INA_COMP_GEN.xlsx|leap_export_template 08_JPN_COMP_GEN.xlsx|leap_export_template 09_ROK_COMP_GEN.xlsx|leap_export_template 14_PE_COMP_GEN.xlsx|leap_export_template 16_RUS_COMP_GEN.xlsx|leap_export_template 17_SGP_COMP_GEN.xlsx|leap_export_template 18_CT_COMP_GEN.xlsx,False,branch_structure_only
Demand\All demand aggregated\Patent fuel,10,leap_export_template 03_CDA_COMP_GEN.xlsx|leap_export_template 04_CHL_COMP_GEN.xlsx|leap_export_template 06_HKC_COMP_GEN.xlsx|leap_export_template 07_INA_COMP_GEN.xlsx|leap_export_template 08_JPN_COMP_GEN.xlsx|leap_export_template 09_ROK_COMP_GEN.xlsx|leap_export_template 14_PE_COMP_GEN.xlsx|leap_export_template 16_RUS_COMP_GEN.xlsx|leap_export_template 17_SGP_COMP_GEN.xlsx|leap_export_template 18_CT_COMP_GEN.xlsx,False,branch_structure_only
Demand\All demand aggregated\Peat,10,leap_export_template 03_CDA_COMP_GEN.xlsx|leap_export_template 04_CHL_COMP_GEN.xlsx|leap_export_template 06_HKC_COMP_GEN.xlsx|leap_export_template 07_INA_COMP_GEN.xlsx|leap_export_template 08_JPN_COMP_GEN.xlsx|leap_export_template 09_ROK_COMP_GEN.xlsx|leap_export_template 14_PE_COMP_GEN.xlsx|leap_export_template 16_RUS_COMP_GEN.xlsx|leap_export_template 17_SGP_COMP_GEN.xlsx|leap_export_template 18_CT_COMP_GEN.xlsx,False,branch_structure_only
Demand\All demand aggregated\Peat products,10,leap_export_template 03_CDA_COMP_GEN.xlsx|leap_export_template 04_CHL_COMP_GEN.xlsx|leap_export_template 06_HKC_COMP_GEN.xlsx|leap_export_template 07_INA_COMP_GEN.xlsx|leap_export_template 08_JPN_COMP_GEN.xlsx|leap_export_template 09_ROK_COMP_GEN.xlsx|leap_export_template 14_PE_COMP_GEN.xlsx|leap_export_template 16_RUS_COMP_GEN.xlsx|leap_export_template 17_SGP_COMP_GEN.xlsx|leap_export_template 18_CT_COMP_GEN.xlsx,False,branch_structure_only
Demand\All demand aggregated\PetProd nonspecified,10,leap_export_template 03_CDA_COMP_GEN.xlsx|leap_export_template 04_CHL_COMP_GEN.xlsx|leap_export_template 06_HKC_COMP_GEN.xlsx|leap_export_template 07_INA_COMP_GEN.xlsx|leap_export_template 08_JPN_COMP_GEN.xlsx|leap_export_template 09_ROK_COMP_GEN.xlsx|leap_export_template 14_PE_COMP_GEN.xlsx|leap_export_template 16_RUS_COMP_GEN.xlsx|leap_export_template 17_SGP_COMP_GEN.xlsx|leap_export_template 18_CT_COMP_GEN.xlsx,False,branch_structure_only
Demand\All demand aggregated\Petroleum coke,10,leap_export_template 03_CDA_COMP_GEN.xlsx|leap_export_template 04_CHL_COMP_GEN.xlsx|leap_export_template 06_HKC_COMP_GEN.xlsx|leap_export_template 07_INA_COMP_GEN.xlsx|leap_export_template 08_JPN_COMP_GEN.xlsx|leap_export_template 09_ROK_COMP_GEN.xlsx|leap_export_template 14_PE_COMP_GEN.xlsx|leap_export_template 16_RUS_COMP_GEN.xlsx|leap_export_template 17_SGP_COMP_GEN.xlsx|leap_export_template 18_CT_COMP_GEN.xlsx,False,branch_structure_only
Demand\All demand aggregated\Refinery feedstocks,10,leap_export_template 03_CDA_COMP_GEN.xlsx|leap_export_template 04_CHL_COMP_GEN.xlsx|leap_export_template 06_HKC_COMP_GEN.xlsx|leap_export_template 07_INA_COMP_GEN.xlsx|leap_export_template 08_JPN_COMP_GEN.xlsx|leap_export_template 09_ROK_COMP_GEN.xlsx|leap_export_template 14_PE_COMP_GEN.xlsx|leap_export_template 16_RUS_COMP_GEN.xlsx|leap_export_template 17_SGP_COMP_GEN.xlsx|leap_export_template 18_CT_COMP_GEN.xlsx,False,branch_structure_only
Demand\All demand aggregated\Refinery gas not liquefied,10,leap_export_template 03_CDA_COMP_GEN.xlsx|leap_export_template 04_CHL_COMP_GEN.xlsx|leap_export_template 06_HKC_COMP_GEN.xlsx|leap_export_template 07_INA_COMP_GEN.xlsx|leap_export_template 08_JPN_COMP_GEN.xlsx|leap_export_template 09_ROK_COMP_GEN.xlsx|leap_export_template 14_PE_COMP_GEN.xlsx|leap_export_template 16_RUS_COMP_GEN.xlsx|leap_export_template 17_SGP_COMP_GEN.xlsx|leap_export_template 18_CT_COMP_GEN.xlsx,False,branch_structure_only
Demand\All demand aggregated\Road,11,AUS clean slate 28_07.xlsx|BD clean slate 28_07.xlsx|MAS clean slate 28_07.xlsx|MEX clean slate 28_07.xlsx|NZ clean slate 27_07.xlsx|PHL clean slate 28_07.xlsx|PNG clean slate 28_07.xlsx|PRC clean slate 28_07.xlsx|THA clean slate 28_07.xlsx|USA clean slate 28_07.xlsx|VN clean slate 28_07.xlsx,False,branch_structure_only
Demand\All demand aggregated\Road\Biodiesel,11,AUS clean slate 28_07.xlsx|BD clean slate 28_07.xlsx|MAS clean slate 28_07.xlsx|MEX clean slate 28_07.xlsx|NZ clean slate 27_07.xlsx|PHL clean slate 28_07.xlsx|PNG clean slate 28_07.xlsx|PRC clean slate 28_07.xlsx|THA clean slate 28_07.xlsx|USA clean slate 28_07.xlsx|VN clean slate 28_07.xlsx,False,branch_structure_only
Demand\All demand aggregated\Road\Biogasoline,11,AUS clean slate 28_07.xlsx|BD clean slate 28_07.xlsx|MAS clean slate 28_07.xlsx|MEX clean slate 28_07.xlsx|NZ clean slate 27_07.xlsx|PHL clean slate 28_07.xlsx|PNG clean slate 28_07.xlsx|PRC clean slate 28_07.xlsx|THA clean slate 28_07.xlsx|USA clean slate 28_07.xlsx|VN clean slate 28_07.xlsx,False,branch_structure_only
Demand\All demand aggregated\Road\Efuel,11,AUS clean slate 28_07.xlsx|BD clean slate 28_07.xlsx|MAS clean slate 28_07.xlsx|MEX clean slate 28_07.xlsx|NZ clean slate 27_07.xlsx|PHL clean slate 28_07.xlsx|PNG clean slate 28_07.xlsx|PRC clean slate 28_07.xlsx|THA clean slate 28_07.xlsx|USA clean slate 28_07.xlsx|VN clean slate 28_07.xlsx,False,branch_structure_only
Demand\All demand aggregated\Road\Electricity,11,AUS clean slate 28_07.xlsx|BD clean slate 28_07.xlsx|MAS clean slate 28_07.xlsx|MEX clean slate 28_07.xlsx|NZ clean slate 27_07.xlsx|PHL clean slate 28_07.xlsx|PNG clean slate 28_07.xlsx|PRC clean slate 28_07.xlsx|THA clean slate 28_07.xlsx|USA clean slate 28_07.xlsx|VN clean slate 28_07.xlsx,False,branch_structure_only
Demand\All demand aggregated\Road\Gas and diesel oil,11,AUS clean slate 28_07.xlsx|BD clean slate 28_07.xlsx|MAS clean slate 28_07.xlsx|MEX clean slate 28_07.xlsx|NZ clean slate 27_07.xlsx|PHL clean slate 28_07.xlsx|PNG clean slate 28_07.xlsx|PRC clean slate 28_07.xlsx|THA clean slate 28_07.xlsx|USA clean slate 28_07.xlsx|VN clean slate 28_07.xlsx,False,branch_structure_only
Demand\All demand aggregated\Road\Hydrogen,11,AUS clean slate 28_07.xlsx|BD clean slate 28_07.xlsx|MAS clean slate 28_07.xlsx|MEX clean slate 28_07.xlsx|NZ clean slate 27_07.xlsx|PHL clean slate 28_07.xlsx|PNG clean slate 28_07.xlsx|PRC clean slate 28_07.xlsx|THA clean slate 28_07.xlsx|USA clean slate 28_07.xlsx|VN clean slate 28_07.xlsx,False,branch_structure_only
Demand\All demand aggregated\Road\LPG,11,AUS clean slate 28_07.xlsx|BD clean slate 28_07.xlsx|MAS clean slate 28_07.xlsx|MEX clean slate 28_07.xlsx|NZ clean slate 27_07.xlsx|PHL clean slate 28_07.xlsx|PNG clean slate 28_07.xlsx|PRC clean slate 28_07.xlsx|THA clean slate 28_07.xlsx|USA clean slate 28_07.xlsx|VN clean slate 28_07.xlsx,False,branch_structure_only
Demand\All demand aggregated\Road\Motor gasoline,11,AUS clean slate 28_07.xlsx|BD clean slate 28_07.xlsx|MAS clean slate 28_07.xlsx|MEX clean slate 28_07.xlsx|NZ clean slate 27_07.xlsx|PHL clean slate 28_07.xlsx|PNG clean slate 28_07.xlsx|PRC clean slate 28_07.xlsx|THA clean slate 28_07.xlsx|USA clean slate 28_07.xlsx|VN clean slate 28_07.xlsx,False,branch_structure_only
Demand\All demand aggregated\Road\Natural gas,11,AUS clean slate 28_07.xlsx|BD clean slate 28_07.xlsx|MAS clean slate 28_07.xlsx|MEX clean slate 28_07.xlsx|NZ clean slate 27_07.xlsx|PHL clean slate 28_07.xlsx|PNG clean slate 28_07.xlsx|PRC clean slate 28_07.xlsx|THA clean slate 28_07.xlsx|USA clean slate 28_07.xlsx|VN clean slate 28_07.xlsx,False,branch_structure_only
Demand\All demand aggregated\Solar nonspecified,10,leap_export_template 03_CDA_COMP_GEN.xlsx|leap_export_template 04_CHL_COMP_GEN.xlsx|leap_export_template 06_HKC_COMP_GEN.xlsx|leap_export_template 07_INA_COMP_GEN.xlsx|leap_export_template 08_JPN_COMP_GEN.xlsx|leap_export_template 09_ROK_COMP_GEN.xlsx|leap_export_template 14_PE_COMP_GEN.xlsx|leap_export_template 16_RUS_COMP_GEN.xlsx|leap_export_template 17_SGP_COMP_GEN.xlsx|leap_export_template 18_CT_COMP_GEN.xlsx,False,branch_structure_only
Demand\All demand aggregated\Solar photovoltaics,10,leap_export_template 03_CDA_COMP_GEN.xlsx|leap_export_template 04_CHL_COMP_GEN.xlsx|leap_export_template 06_HKC_COMP_GEN.xlsx|leap_export_template 07_INA_COMP_GEN.xlsx|leap_export_template 08_JPN_COMP_GEN.xlsx|leap_export_template 09_ROK_COMP_GEN.xlsx|leap_export_template 14_PE_COMP_GEN.xlsx|leap_export_template 16_RUS_COMP_GEN.xlsx|leap_export_template 17_SGP_COMP_GEN.xlsx|leap_export_template 18_CT_COMP_GEN.xlsx,False,branch_structure_only
Demand\All demand aggregated\Sub bituminous coal,10,leap_export_template 03_CDA_COMP_GEN.xlsx|leap_export_template 04_CHL_COMP_GEN.xlsx|leap_export_template 06_HKC_COMP_GEN.xlsx|leap_export_template 07_INA_COMP_GEN.xlsx|leap_export_template 08_JPN_COMP_GEN.xlsx|leap_export_template 09_ROK_COMP_GEN.xlsx|leap_export_template 14_PE_COMP_GEN.xlsx|leap_export_template 16_RUS_COMP_GEN.xlsx|leap_export_template 17_SGP_COMP_GEN.xlsx|leap_export_template 18_CT_COMP_GEN.xlsx,False,branch_structure_only
Demand\All demand aggregated\Tide wave ocean,10,leap_export_template 03_CDA_COMP_GEN.xlsx|leap_export_template 04_CHL_COMP_GEN.xlsx|leap_export_template 06_HKC_COMP_GEN.xlsx|leap_export_template 07_INA_COMP_GEN.xlsx|leap_export_template 08_JPN_COMP_GEN.xlsx|leap_export_template 09_ROK_COMP_GEN.xlsx|leap_export_template 14_PE_COMP_GEN.xlsx|leap_export_template 16_RUS_COMP_GEN.xlsx|leap_export_template 17_SGP_COMP_GEN.xlsx|leap_export_template 18_CT_COMP_GEN.xlsx,False,branch_structure_only
Demand\All demand aggregated\Transport non road,11,AUS clean slate 28_07.xlsx|BD clean slate 28_07.xlsx|MAS clean slate 28_07.xlsx|MEX clean slate 28_07.xlsx|NZ clean slate 27_07.xlsx|PHL clean slate 28_07.xlsx|PNG clean slate 28_07.xlsx|PRC clean slate 28_07.xlsx|THA clean slate 28_07.xlsx|USA clean slate 28_07.xlsx|VN clean slate 28_07.xlsx,False,branch_structure_only
Demand\All demand aggregated\Transport non road\Ammonia,11,AUS clean slate 28_07.xlsx|BD clean slate 28_07.xlsx|MAS clean slate 28_07.xlsx|MEX clean slate 28_07.xlsx|NZ clean slate 27_07.xlsx|PHL clean slate 28_07.xlsx|PNG clean slate 28_07.xlsx|PRC clean slate 28_07.xlsx|THA clean slate 28_07.xlsx|USA clean slate 28_07.xlsx|VN clean slate 28_07.xlsx,False,branch_structure_only
Demand\All demand aggregated\Transport non road\Anthracite,11,AUS clean slate 28_07.xlsx|BD clean slate 28_07.xlsx|MAS clean slate 28_07.xlsx|MEX clean slate 28_07.xlsx|NZ clean slate 27_07.xlsx|PHL clean slate 28_07.xlsx|PNG clean slate 28_07.xlsx|PRC clean slate 28_07.xlsx|THA clean slate 28_07.xlsx|USA clean slate 28_07.xlsx|VN clean slate 28_07.xlsx,False,branch_structure_only
Demand\All demand aggregated\Transport non road\Aviation gasoline,11,AUS clean slate 28_07.xlsx|BD clean slate 28_07.xlsx|MAS clean slate 28_07.xlsx|MEX clean slate 28_07.xlsx|NZ clean slate 27_07.xlsx|PHL clean slate 28_07.xlsx|PNG clean slate 28_07.xlsx|PRC clean slate 28_07.xlsx|THA clean slate 28_07.xlsx|USA clean slate 28_07.xlsx|VN clean slate 28_07.xlsx,False,branch_structure_only
Demand\All demand aggregated\Transport non road\Bio jet kerosene,11,AUS clean slate 28_07.xlsx|BD clean slate 28_07.xlsx|MAS clean slate 28_07.xlsx|MEX clean slate 28_07.xlsx|NZ clean slate 27_07.xlsx|PHL clean slate 28_07.xlsx|PNG clean slate 28_07.xlsx|PRC clean slate 28_07.xlsx|THA clean slate 28_07.xlsx|USA clean slate 28_07.xlsx|VN clean slate 28_07.xlsx,False,branch_structure_only
Demand\All demand aggregated\Transport non road\Biodiesel,11,AUS clean slate 28_07.xlsx|BD clean slate 28_07.xlsx|MAS clean slate 28_07.xlsx|MEX clean slate 28_07.xlsx|NZ clean slate 27_07.xlsx|PHL clean slate 28_07.xlsx|PNG clean slate 28_07.xlsx|PRC clean slate 28_07.xlsx|THA clean slate 28_07.xlsx|USA clean slate 28_07.xlsx|VN clean slate 28_07.xlsx,False,branch_structure_only
Demand\All demand aggregated\Transport non road\Biogasoline,11,AUS clean slate 28_07.xlsx|BD clean slate 28_07.xlsx|MAS clean slate 28_07.xlsx|MEX clean slate 28_07.xlsx|NZ clean slate 27_07.xlsx|PHL clean slate 28_07.xlsx|PNG clean slate 28_07.xlsx|PRC clean slate 28_07.xlsx|THA clean slate 28_07.xlsx|USA clean slate 28_07.xlsx|VN clean slate 28_07.xlsx,False,branch_structure_only
Demand\All demand aggregated\Transport non road\Coal tar,11,AUS clean slate 28_07.xlsx|BD clean slate 28_07.xlsx|MAS clean slate 28_07.xlsx|MEX clean slate 28_07.xlsx|NZ clean slate 27_07.xlsx|PHL clean slate 28_07.xlsx|PNG clean slate 28_07.xlsx|PRC clean slate 28_07.xlsx|THA clean slate 28_07.xlsx|USA clean slate 28_07.xlsx|VN clean slate 28_07.xlsx,False,branch_structure_only
Demand\All demand aggregated\Transport non road\Coke oven coke,11,AUS clean slate 28_07.xlsx|BD clean slate 28_07.xlsx|MAS clean slate 28_07.xlsx|MEX clean slate 28_07.xlsx|NZ clean slate 27_07.xlsx|PHL clean slate 28_07.xlsx|PNG clean slate 28_07.xlsx|PRC clean slate 28_07.xlsx|THA clean slate 28_07.xlsx|USA clean slate 28_07.xlsx|VN clean slate 28_07.xlsx,False,branch_structure_only
Demand\All demand aggregated\Transport non road\Coking coal,11,AUS clean slate 28_07.xlsx|BD clean slate 28_07.xlsx|MAS clean slate 28_07.xlsx|MEX clean slate 28_07.xlsx|NZ clean slate 27_07.xlsx|PHL clean slate 28_07.xlsx|PNG clean slate 28_07.xlsx|PRC clean slate 28_07.xlsx|THA clean slate 28_07.xlsx|USA clean slate 28_07.xlsx|VN clean slate 28_07.xlsx,False,branch_structure_only
Demand\All demand aggregated\Transport non road\Crude oil,11,AUS clean slate 28_07.xlsx|BD clean slate 28_07.xlsx|MAS clean slate 28_07.xlsx|MEX clean slate 28_07.xlsx|NZ clean slate 27_07.xlsx|PHL clean slate 28_07.xlsx|PNG clean slate 28_07.xlsx|PRC clean slate 28_07.xlsx|THA clean slate 28_07.xlsx|USA clean slate 28_07.xlsx|VN clean slate 28_07.xlsx,False,branch_structure_only
Demand\All demand aggregated\Transport non road\Efuel,11,AUS clean slate 28_07.xlsx|BD clean slate 28_07.xlsx|MAS clean slate 28_07.xlsx|MEX clean slate 28_07.xlsx|NZ clean slate 27_07.xlsx|PHL clean slate 28_07.xlsx|PNG clean slate 28_07.xlsx|PRC clean slate 28_07.xlsx|THA clean slate 28_07.xlsx|USA clean slate 28_07.xlsx|VN clean slate 28_07.xlsx,False,branch_structure_only
Demand\All demand aggregated\Transport non road\Electricity,11,AUS clean slate 28_07.xlsx|BD clean slate 28_07.xlsx|MAS clean slate 28_07.xlsx|MEX clean slate 28_07.xlsx|NZ clean slate 27_07.xlsx|PHL clean slate 28_07.xlsx|PNG clean slate 28_07.xlsx|PRC clean slate 28_07.xlsx|THA clean slate 28_07.xlsx|USA clean slate 28_07.xlsx|VN clean slate 28_07.xlsx,False,branch_structure_only
Demand\All demand aggregated\Transport non road\Fuel oil,11,AUS clean slate 28_07.xlsx|BD clean slate 28_07.xlsx|MAS clean slate 28_07.xlsx|MEX clean slate 28_07.xlsx|NZ clean slate 27_07.xlsx|PHL clean slate 28_07.xlsx|PNG clean slate 28_07.xlsx|PRC clean slate 28_07.xlsx|THA clean slate 28_07.xlsx|USA clean slate 28_07.xlsx|VN clean slate 28_07.xlsx,False,branch_structure_only
Demand\All demand aggregated\Transport non road\Gas and diesel oil,11,AUS clean slate 28_07.xlsx|BD clean slate 28_07.xlsx|MAS clean slate 28_07.xlsx|MEX clean slate 28_07.xlsx|NZ clean slate 27_07.xlsx|PHL clean slate 28_07.xlsx|PNG clean slate 28_07.xlsx|PRC clean slate 28_07.xlsx|THA clean slate 28_07.xlsx|USA clean slate 28_07.xlsx|VN clean slate 28_07.xlsx,False,branch_structure_only
Demand\All demand aggregated\Transport non road\Hydrogen,11,AUS clean slate 28_07.xlsx|BD clean slate 28_07.xlsx|MAS clean slate 28_07.xlsx|MEX clean slate 28_07.xlsx|NZ clean slate 27_07.xlsx|PHL clean slate 28_07.xlsx|PNG clean slate 28_07.xlsx|PRC clean slate 28_07.xlsx|THA clean slate 28_07.xlsx|USA clean slate 28_07.xlsx|VN clean slate 28_07.xlsx,False,branch_structure_only
Demand\All demand aggregated\Transport non road\Kerosene,11,AUS clean slate 28_07.xlsx|BD clean slate 28_07.xlsx|MAS clean slate 28_07.xlsx|MEX clean slate 28_07.xlsx|NZ clean slate 27_07.xlsx|PHL clean slate 28_07.xlsx|PNG clean slate 28_07.xlsx|PRC clean slate 28_07.xlsx|THA clean slate 28_07.xlsx|USA clean slate 28_07.xlsx|VN clean slate 28_07.xlsx,False,branch_structure_only
Demand\All demand aggregated\Transport non road\Kerosene type jet fuel,11,AUS clean slate 28_07.xlsx|BD clean slate 28_07.xlsx|MAS clean slate 28_07.xlsx|MEX clean slate 28_07.xlsx|NZ clean slate 27_07.xlsx|PHL clean slate 28_07.xlsx|PNG clean slate 28_07.xlsx|PRC clean slate 28_07.xlsx|THA clean slate 28_07.xlsx|USA clean slate 28_07.xlsx|VN clean slate 28_07.xlsx,False,branch_structure_only
Demand\All demand aggregated\Transport non road\LNG,11,AUS clean slate 28_07.xlsx|BD clean slate 28_07.xlsx|MAS clean slate 28_07.xlsx|MEX clean slate 28_07.xlsx|NZ clean slate 27_07.xlsx|PHL clean slate 28_07.xlsx|PNG clean slate 28_07.xlsx|PRC clean slate 28_07.xlsx|THA clean slate 28_07.xlsx|USA clean slate 28_07.xlsx|VN clean slate 28_07.xlsx,False,branch_structure_only
Demand\All demand aggregated\Transport non road\LPG,11,AUS clean slate 28_07.xlsx|BD clean slate 28_07.xlsx|MAS clean slate 28_07.xlsx|MEX clean slate 28_07.xlsx|NZ clean slate 27_07.xlsx|PHL clean slate 28_07.xlsx|PNG clean slate 28_07.xlsx|PRC clean slate 28_07.xlsx|THA clean slate 28_07.xlsx|USA clean slate 28_07.xlsx|VN clean slate 28_07.xlsx,False,branch_structure_only
Demand\All demand aggregated\Transport non road\Lignite,11,AUS clean slate 28_07.xlsx|BD clean slate 28_07.xlsx|MAS clean slate 28_07.xlsx|MEX clean slate 28_07.xlsx|NZ clean slate 27_07.xlsx|PHL clean slate 28_07.xlsx|PNG clean slate 28_07.xlsx|PRC clean slate 28_07.xlsx|THA clean slate 28_07.xlsx|USA clean slate 28_07.xlsx|VN clean slate 28_07.xlsx,False,branch_structure_only
Demand\All demand aggregated\Transport non road\Lubricants,11,AUS clean slate 28_07.xlsx|BD clean slate 28_07.xlsx|MAS clean slate 28_07.xlsx|MEX clean slate 28_07.xlsx|NZ clean slate 27_07.xlsx|PHL clean slate 28_07.xlsx|PNG clean slate 28_07.xlsx|PRC clean slate 28_07.xlsx|THA clean slate 28_07.xlsx|USA clean slate 28_07.xlsx|VN clean slate 28_07.xlsx,False,branch_structure_only
Demand\All demand aggregated\Transport non road\Motor gasoline,11,AUS clean slate 28_07.xlsx|BD clean slate 28_07.xlsx|MAS clean slate 28_07.xlsx|MEX clean slate 28_07.xlsx|NZ clean slate 27_07.xlsx|PHL clean slate 28_07.xlsx|PNG clean slate 28_07.xlsx|PRC clean slate 28_07.xlsx|THA clean slate 28_07.xlsx|USA clean slate 28_07.xlsx|VN clean slate 28_07.xlsx,False,branch_structure_only
Demand\All demand aggregated\Transport non road\Natural gas,11,AUS clean slate 28_07.xlsx|BD clean slate 28_07.xlsx|MAS clean slate 28_07.xlsx|MEX clean slate 28_07.xlsx|NZ clean slate 27_07.xlsx|PHL clean slate 28_07.xlsx|PNG clean slate 28_07.xlsx|PRC clean slate 28_07.xlsx|THA clean slate 28_07.xlsx|USA clean slate 28_07.xlsx|VN clean slate 28_07.xlsx,False,branch_structure_only
Demand\All demand aggregated\Transport non road\Other bituminous coal,11,AUS clean slate 28_07.xlsx|BD clean slate 28_07.xlsx|MAS clean slate 28_07.xlsx|MEX clean slate 28_07.xlsx|NZ clean slate 27_07.xlsx|PHL clean slate 28_07.xlsx|PNG clean slate 28_07.xlsx|PRC clean slate 28_07.xlsx|THA clean slate 28_07.xlsx|USA clean slate 28_07.xlsx|VN clean slate 28_07.xlsx,False,branch_structure_only
Demand\All demand aggregated\Transport non road\Other products,11,AUS clean slate 28_07.xlsx|BD clean slate 28_07.xlsx|MAS clean slate 28_07.xlsx|MEX clean slate 28_07.xlsx|NZ clean slate 27_07.xlsx|PHL clean slate 28_07.xlsx|PNG clean slate 28_07.xlsx|PRC clean slate 28_07.xlsx|THA clean slate 28_07.xlsx|USA clean slate 28_07.xlsx|VN clean slate 28_07.xlsx,False,branch_structure_only
Demand\All demand aggregated\Transport non road\Sub bituminous coal,11,AUS clean slate 28_07.xlsx|BD clean slate 28_07.xlsx|MAS clean slate 28_07.xlsx|MEX clean slate 28_07.xlsx|NZ clean slate 27_07.xlsx|PHL clean slate 28_07.xlsx|PNG clean slate 28_07.xlsx|PRC clean slate 28_07.xlsx|THA clean slate 28_07.xlsx|USA clean slate 28_07.xlsx|VN clean slate 28_07.xlsx,False,branch_structure_only
Demand\All demand aggregated\White spirit SBP,10,leap_export_template 03_CDA_COMP_GEN.xlsx|leap_export_template 04_CHL_COMP_GEN.xlsx|leap_export_template 06_HKC_COMP_GEN.xlsx|leap_export_template 07_INA_COMP_GEN.xlsx|leap_export_template 08_JPN_COMP_GEN.xlsx|leap_export_template 09_ROK_COMP_GEN.xlsx|leap_export_template 14_PE_COMP_GEN.xlsx|leap_export_template 16_RUS_COMP_GEN.xlsx|leap_export_template 17_SGP_COMP_GEN.xlsx|leap_export_template 18_CT_COMP_GEN.xlsx,False,branch_structure_only
Demand\All demand aggregated\Wind,10,leap_export_template 03_CDA_COMP_GEN.xlsx|leap_export_template 04_CHL_COMP_GEN.xlsx|leap_export_template 06_HKC_COMP_GEN.xlsx|leap_export_template 07_INA_COMP_GEN.xlsx|leap_export_template 08_JPN_COMP_GEN.xlsx|leap_export_template 09_ROK_COMP_GEN.xlsx|leap_export_template 14_PE_COMP_GEN.xlsx|leap_export_template 16_RUS_COMP_GEN.xlsx|leap_export_template 17_SGP_COMP_GEN.xlsx|leap_export_template 18_CT_COMP_GEN.xlsx,False,branch_structure_only
Demand\Other loss and own use,21,AUS clean slate 28_07.xlsx|BD clean slate 28_07.xlsx|MAS clean slate 28_07.xlsx|MEX clean slate 28_07.xlsx|NZ clean slate 27_07.xlsx|PHL clean slate 28_07.xlsx|PNG clean slate 28_07.xlsx|PRC clean slate 28_07.xlsx|THA clean slate 28_07.xlsx|USA clean slate 28_07.xlsx|VN clean slate 28_07.xlsx|leap_export_template 03_CDA_COMP_GEN.xlsx|leap_export_template 04_CHL_COMP_GEN.xlsx|leap_export_template 06_HKC_COMP_GEN.xlsx|leap_export_template 07_INA_COMP_GEN.xlsx|leap_export_template 08_JPN_COMP_GEN.xlsx|leap_export_template 09_ROK_COMP_GEN.xlsx|leap_export_template 14_PE_COMP_GEN.xlsx|leap_export_template 16_RUS_COMP_GEN.xlsx|leap_export_template 17_SGP_COMP_GEN.xlsx|leap_export_template 18_CT_COMP_GEN.xlsx,False,branch_structure_only
Demand\Other loss and own use\Coal mines,21,AUS clean slate 28_07.xlsx|BD clean slate 28_07.xlsx|MAS clean slate 28_07.xlsx|MEX clean slate 28_07.xlsx|NZ clean slate 27_07.xlsx|PHL clean slate 28_07.xlsx|PNG clean slate 28_07.xlsx|PRC clean slate 28_07.xlsx|THA clean slate 28_07.xlsx|USA clean slate 28_07.xlsx|VN clean slate 28_07.xlsx|leap_export_template 03_CDA_COMP_GEN.xlsx|leap_export_template 04_CHL_COMP_GEN.xlsx|leap_export_template 06_HKC_COMP_GEN.xlsx|leap_export_template 07_INA_COMP_GEN.xlsx|leap_export_template 08_JPN_COMP_GEN.xlsx|leap_export_template 09_ROK_COMP_GEN.xlsx|leap_export_template 14_PE_COMP_GEN.xlsx|leap_export_template 16_RUS_COMP_GEN.xlsx|leap_export_template 17_SGP_COMP_GEN.xlsx|leap_export_template 18_CT_COMP_GEN.xlsx,False,branch_structure_only
Demand\Other loss and own use\Coal mines\Biodiesel,21,AUS clean slate 28_07.xlsx|BD clean slate 28_07.xlsx|MAS clean slate 28_07.xlsx|MEX clean slate 28_07.xlsx|NZ clean slate 27_07.xlsx|PHL clean slate 28_07.xlsx|PNG clean slate 28_07.xlsx|PRC clean slate 28_07.xlsx|THA clean slate 28_07.xlsx|USA clean slate 28_07.xlsx|VN clean slate 28_07.xlsx|leap_export_template 03_CDA_COMP_GEN.xlsx|leap_export_template 04_CHL_COMP_GEN.xlsx|leap_export_template 06_HKC_COMP_GEN.xlsx|leap_export_template 07_INA_COMP_GEN.xlsx|leap_export_template 08_JPN_COMP_GEN.xlsx|leap_export_template 09_ROK_COMP_GEN.xlsx|leap_export_template 14_PE_COMP_GEN.xlsx|leap_export_template 16_RUS_COMP_GEN.xlsx|leap_export_template 17_SGP_COMP_GEN.xlsx|leap_export_template 18_CT_COMP_GEN.xlsx,False,branch_structure_only
Demand\Other loss and own use\Coal mines\Coal tar,21,AUS clean slate 28_07.xlsx|BD clean slate 28_07.xlsx|MAS clean slate 28_07.xlsx|MEX clean slate 28_07.xlsx|NZ clean slate 27_07.xlsx|PHL clean slate 28_07.xlsx|PNG clean slate 28_07.xlsx|PRC clean slate 28_07.xlsx|THA clean slate 28_07.xlsx|USA clean slate 28_07.xlsx|VN clean slate 28_07.xlsx|leap_export_template 03_CDA_COMP_GEN.xlsx|leap_export_template 04_CHL_COMP_GEN.xlsx|leap_export_template 06_HKC_COMP_GEN.xlsx|leap_export_template 07_INA_COMP_GEN.xlsx|leap_export_template 08_JPN_COMP_GEN.xlsx|leap_export_template 09_ROK_COMP_GEN.xlsx|leap_export_template 14_PE_COMP_GEN.xlsx|leap_export_template 16_RUS_COMP_GEN.xlsx|leap_export_template 17_SGP_COMP_GEN.xlsx|leap_export_template 18_CT_COMP_GEN.xlsx,False,branch_structure_only
Demand\Other loss and own use\Coal mines\Coke oven coke,21,AUS clean slate 28_07.xlsx|BD clean slate 28_07.xlsx|MAS clean slate 28_07.xlsx|MEX clean slate 28_07.xlsx|NZ clean slate 27_07.xlsx|PHL clean slate 28_07.xlsx|PNG clean slate 28_07.xlsx|PRC clean slate 28_07.xlsx|THA clean slate 28_07.xlsx|USA clean slate 28_07.xlsx|VN clean slate 28_07.xlsx|leap_export_template 03_CDA_COMP_GEN.xlsx|leap_export_template 04_CHL_COMP_GEN.xlsx|leap_export_template 06_HKC_COMP_GEN.xlsx|leap_export_template 07_INA_COMP_GEN.xlsx|leap_export_template 08_JPN_COMP_GEN.xlsx|leap_export_template 09_ROK_COMP_GEN.xlsx|leap_export_template 14_PE_COMP_GEN.xlsx|leap_export_template 16_RUS_COMP_GEN.xlsx|leap_export_template 17_SGP_COMP_GEN.xlsx|leap_export_template 18_CT_COMP_GEN.xlsx,False,branch_structure_only
Demand\Other loss and own use\Coal mines\Coke oven gas,21,AUS clean slate 28_07.xlsx|BD clean slate 28_07.xlsx|MAS clean slate 28_07.xlsx|MEX clean slate 28_07.xlsx|NZ clean slate 27_07.xlsx|PHL clean slate 28_07.xlsx|PNG clean slate 28_07.xlsx|PRC clean slate 28_07.xlsx|THA clean slate 28_07.xlsx|USA clean slate 28_07.xlsx|VN clean slate 28_07.xlsx|leap_export_template 03_CDA_COMP_GEN.xlsx|leap_export_template 04_CHL_COMP_GEN.xlsx|leap_export_template 06_HKC_COMP_GEN.xlsx|leap_export_template 07_INA_COMP_GEN.xlsx|leap_export_template 08_JPN_COMP_GEN.xlsx|leap_export_template 09_ROK_COMP_GEN.xlsx|leap_export_template 14_PE_COMP_GEN.xlsx|leap_export_template 16_RUS_COMP_GEN.xlsx|leap_export_template 17_SGP_COMP_GEN.xlsx|leap_export_template 18_CT_COMP_GEN.xlsx,False,branch_structure_only
Demand\Other loss and own use\Coal mines\Coking coal,21,AUS clean slate 28_07.xlsx|BD clean slate 28_07.xlsx|MAS clean slate 28_07.xlsx|MEX clean slate 28_07.xlsx|NZ clean slate 27_07.xlsx|PHL clean slate 28_07.xlsx|PNG clean slate 28_07.xlsx|PRC clean slate 28_07.xlsx|THA clean slate 28_07.xlsx|USA clean slate 28_07.xlsx|VN clean slate 28_07.xlsx|leap_export_template 03_CDA_COMP_GEN.xlsx|leap_export_template 04_CHL_COMP_GEN.xlsx|leap_export_template 06_HKC_COMP_GEN.xlsx|leap_export_template 07_INA_COMP_GEN.xlsx|leap_export_template 08_JPN_COMP_GEN.xlsx|leap_export_template 09_ROK_COMP_GEN.xlsx|leap_export_template 14_PE_COMP_GEN.xlsx|leap_export_template 16_RUS_COMP_GEN.xlsx|leap_export_template 17_SGP_COMP_GEN.xlsx|leap_export_template 18_CT_COMP_GEN.xlsx,False,branch_structure_only
Demand\Other loss and own use\Coal mines\Crude oil,21,AUS clean slate 28_07.xlsx|BD clean slate 28_07.xlsx|MAS clean slate 28_07.xlsx|MEX clean slate 28_07.xlsx|NZ clean slate 27_07.xlsx|PHL clean slate 28_07.xlsx|PNG clean slate 28_07.xlsx|PRC clean slate 28_07.xlsx|THA clean slate 28_07.xlsx|USA clean slate 28_07.xlsx|VN clean slate 28_07.xlsx|leap_export_template 03_CDA_COMP_GEN.xlsx|leap_export_template 04_CHL_COMP_GEN.xlsx|leap_export_template 06_HKC_COMP_GEN.xlsx|leap_export_template 07_INA_COMP_GEN.xlsx|leap_export_template 08_JPN_COMP_GEN.xlsx|leap_export_template 09_ROK_COMP_GEN.xlsx|leap_export_template 14_PE_COMP_GEN.xlsx|leap_export_template 16_RUS_COMP_GEN.xlsx|leap_export_template 17_SGP_COMP_GEN.xlsx|leap_export_template 18_CT_COMP_GEN.xlsx,False,branch_structure_only
Demand\Other loss and own use\Coal mines\Electricity,21,AUS clean slate 28_07.xlsx|BD clean slate 28_07.xlsx|MAS clean slate 28_07.xlsx|MEX clean slate 28_07.xlsx|NZ clean slate 27_07.xlsx|PHL clean slate 28_07.xlsx|PNG clean slate 28_07.xlsx|PRC clean slate 28_07.xlsx|THA clean slate 28_07.xlsx|USA clean slate 28_07.xlsx|VN clean slate 28_07.xlsx|leap_export_template 03_CDA_COMP_GEN.xlsx|leap_export_template 04_CHL_COMP_GEN.xlsx|leap_export_template 06_HKC_COMP_GEN.xlsx|leap_export_template 07_INA_COMP_GEN.xlsx|leap_export_template 08_JPN_COMP_GEN.xlsx|leap_export_template 09_ROK_COMP_GEN.xlsx|leap_export_template 14_PE_COMP_GEN.xlsx|leap_export_template 16_RUS_COMP_GEN.xlsx|leap_export_template 17_SGP_COMP_GEN.xlsx|leap_export_template 18_CT_COMP_GEN.xlsx,False,branch_structure_only
Demand\Other loss and own use\Coal mines\Fuel oil,21,AUS clean slate 28_07.xlsx|BD clean slate 28_07.xlsx|MAS clean slate 28_07.xlsx|MEX clean slate 28_07.xlsx|NZ clean slate 27_07.xlsx|PHL clean slate 28_07.xlsx|PNG clean slate 28_07.xlsx|PRC clean slate 28_07.xlsx|THA clean slate 28_07.xlsx|USA clean slate 28_07.xlsx|VN clean slate 28_07.xlsx|leap_export_template 03_CDA_COMP_GEN.xlsx|leap_export_template 04_CHL_COMP_GEN.xlsx|leap_export_template 06_HKC_COMP_GEN.xlsx|leap_export_template 07_INA_COMP_GEN.xlsx|leap_export_template 08_JPN_COMP_GEN.xlsx|leap_export_template 09_ROK_COMP_GEN.xlsx|leap_export_template 14_PE_COMP_GEN.xlsx|leap_export_template 16_RUS_COMP_GEN.xlsx|leap_export_template 17_SGP_COMP_GEN.xlsx|leap_export_template 18_CT_COMP_GEN.xlsx,False,branch_structure_only
Demand\Other loss and own use\Coal mines\Gas and diesel oil,21,AUS clean slate 28_07.xlsx|BD clean slate 28_07.xlsx|MAS clean slate 28_07.xlsx|MEX clean slate 28_07.xlsx|NZ clean slate 27_07.xlsx|PHL clean slate 28_07.xlsx|PNG clean slate 28_07.xlsx|PRC clean slate 28_07.xlsx|THA clean slate 28_07.xlsx|USA clean slate 28_07.xlsx|VN clean slate 28_07.xlsx|leap_export_template 03_CDA_COMP_GEN.xlsx|leap_export_template 04_CHL_COMP_GEN.xlsx|leap_export_template 06_HKC_COMP_GEN.xlsx|leap_export_template 07_INA_COMP_GEN.xlsx|leap_export_template 08_JPN_COMP_GEN.xlsx|leap_export_template 09_ROK_COMP_GEN.xlsx|leap_export_template 14_PE_COMP_GEN.xlsx|leap_export_template 16_RUS_COMP_GEN.xlsx|leap_export_template 17_SGP_COMP_GEN.xlsx|leap_export_template 18_CT_COMP_GEN.xlsx,False,branch_structure_only
Demand\Other loss and own use\Coal mines\Gas works gas,21,AUS clean slate 28_07.xlsx|BD clean slate 28_07.xlsx|MAS clean slate 28_07.xlsx|MEX clean slate 28_07.xlsx|NZ clean slate 27_07.xlsx|PHL clean slate 28_07.xlsx|PNG clean slate 28_07.xlsx|PRC clean slate 28_07.xlsx|THA clean slate 28_07.xlsx|USA clean slate 28_07.xlsx|VN clean slate 28_07.xlsx|leap_export_template 03_CDA_COMP_GEN.xlsx|leap_export_template 04_CHL_COMP_GEN.xlsx|leap_export_template 06_HKC_COMP_GEN.xlsx|leap_export_template 07_INA_COMP_GEN.xlsx|leap_export_template 08_JPN_COMP_GEN.xlsx|leap_export_template 09_ROK_COMP_GEN.xlsx|leap_export_template 14_PE_COMP_GEN.xlsx|leap_export_template 16_RUS_COMP_GEN.xlsx|leap_export_template 17_SGP_COMP_GEN.xlsx|leap_export_template 18_CT_COMP_GEN.xlsx,False,branch_structure_only
Demand\Other loss and own use\Coal mines\Heat,21,AUS clean slate 28_07.xlsx|BD clean slate 28_07.xlsx|MAS clean slate 28_07.xlsx|MEX clean slate 28_07.xlsx|NZ clean slate 27_07.xlsx|PHL clean slate 28_07.xlsx|PNG clean slate 28_07.xlsx|PRC clean slate 28_07.xlsx|THA clean slate 28_07.xlsx|USA clean slate 28_07.xlsx|VN clean slate 28_07.xlsx|leap_export_template 03_CDA_COMP_GEN.xlsx|leap_export_template 04_CHL_COMP_GEN.xlsx|leap_export_template 06_HKC_COMP_GEN.xlsx|leap_export_template 07_INA_COMP_GEN.xlsx|leap_export_template 08_JPN_COMP_GEN.xlsx|leap_export_template 09_ROK_COMP_GEN.xlsx|leap_export_template 14_PE_COMP_GEN.xlsx|leap_export_template 16_RUS_COMP_GEN.xlsx|leap_export_template 17_SGP_COMP_GEN.xlsx|leap_export_template 18_CT_COMP_GEN.xlsx,False,branch_structure_only
Demand\Other loss and own use\Coal mines\Kerosene,21,AUS clean slate 28_07.xlsx|BD clean slate 28_07.xlsx|MAS clean slate 28_07.xlsx|MEX clean slate 28_07.xlsx|NZ clean slate 27_07.xlsx|PHL clean slate 28_07.xlsx|PNG clean slate 28_07.xlsx|PRC clean slate 28_07.xlsx|THA clean slate 28_07.xlsx|USA clean slate 28_07.xlsx|VN clean slate 28_07.xlsx|leap_export_template 03_CDA_COMP_GEN.xlsx|leap_export_template 04_CHL_COMP_GEN.xlsx|leap_export_template 06_HKC_COMP_GEN.xlsx|leap_export_template 07_INA_COMP_GEN.xlsx|leap_export_template 08_JPN_COMP_GEN.xlsx|leap_export_template 09_ROK_COMP_GEN.xlsx|leap_export_template 14_PE_COMP_GEN.xlsx|leap_export_template 16_RUS_COMP_GEN.xlsx|leap_export_template 17_SGP_COMP_GEN.xlsx|leap_export_template 18_CT_COMP_GEN.xlsx,False,branch_structure_only
Demand\Other loss and own use\Coal mines\LPG,21,AUS clean slate 28_07.xlsx|BD clean slate 28_07.xlsx|MAS clean slate 28_07.xlsx|MEX clean slate 28_07.xlsx|NZ clean slate 27_07.xlsx|PHL clean slate 28_07.xlsx|PNG clean slate 28_07.xlsx|PRC clean slate 28_07.xlsx|THA clean slate 28_07.xlsx|USA clean slate 28_07.xlsx|VN clean slate 28_07.xlsx|leap_export_template 03_CDA_COMP_GEN.xlsx|leap_export_template 04_CHL_COMP_GEN.xlsx|leap_export_template 06_HKC_COMP_GEN.xlsx|leap_export_template 07_INA_COMP_GEN.xlsx|leap_export_template 08_JPN_COMP_GEN.xlsx|leap_export_template 09_ROK_COMP_GEN.xlsx|leap_export_template 14_PE_COMP_GEN.xlsx|leap_export_template 16_RUS_COMP_GEN.xlsx|leap_export_template 17_SGP_COMP_GEN.xlsx|leap_export_template 18_CT_COMP_GEN.xlsx,False,branch_structure_only
Demand\Other loss and own use\Coal mines\Motor gasoline,21,AUS clean slate 28_07.xlsx|BD clean slate 28_07.xlsx|MAS clean slate 28_07.xlsx|MEX clean slate 28_07.xlsx|NZ clean slate 27_07.xlsx|PHL clean slate 28_07.xlsx|PNG clean slate 28_07.xlsx|PRC clean slate 28_07.xlsx|THA clean slate 28_07.xlsx|USA clean slate 28_07.xlsx|VN clean slate 28_07.xlsx|leap_export_template 03_CDA_COMP_GEN.xlsx|leap_export_template 04_CHL_COMP_GEN.xlsx|leap_export_template 06_HKC_COMP_GEN.xlsx|leap_export_template 07_INA_COMP_GEN.xlsx|leap_export_template 08_JPN_COMP_GEN.xlsx|leap_export_template 09_ROK_COMP_GEN.xlsx|leap_export_template 14_PE_COMP_GEN.xlsx|leap_export_template 16_RUS_COMP_GEN.xlsx|leap_export_template 17_SGP_COMP_GEN.xlsx|leap_export_template 18_CT_COMP_GEN.xlsx,False,branch_structure_only
Demand\Other loss and own use\Coal mines\Naphtha,21,AUS clean slate 28_07.xlsx|BD clean slate 28_07.xlsx|MAS clean slate 28_07.xlsx|MEX clean slate 28_07.xlsx|NZ clean slate 27_07.xlsx|PHL clean slate 28_07.xlsx|PNG clean slate 28_07.xlsx|PRC clean slate 28_07.xlsx|THA clean slate 28_07.xlsx|USA clean slate 28_07.xlsx|VN clean slate 28_07.xlsx|leap_export_template 03_CDA_COMP_GEN.xlsx|leap_export_template 04_CHL_COMP_GEN.xlsx|leap_export_template 06_HKC_COMP_GEN.xlsx|leap_export_template 07_INA_COMP_GEN.xlsx|leap_export_template 08_JPN_COMP_GEN.xlsx|leap_export_template 09_ROK_COMP_GEN.xlsx|leap_export_template 14_PE_COMP_GEN.xlsx|leap_export_template 16_RUS_COMP_GEN.xlsx|leap_export_template 17_SGP_COMP_GEN.xlsx|leap_export_template 18_CT_COMP_GEN.xlsx,False,branch_structure_only
Demand\Other loss and own use\Coal mines\Natural gas,21,AUS clean slate 28_07.xlsx|BD clean slate 28_07.xlsx|MAS clean slate 28_07.xlsx|MEX clean slate 28_07.xlsx|NZ clean slate 27_07.xlsx|PHL clean slate 28_07.xlsx|PNG clean slate 28_07.xlsx|PRC clean slate 28_07.xlsx|THA clean slate 28_07.xlsx|USA clean slate 28_07.xlsx|VN clean slate 28_07.xlsx|leap_export_template 03_CDA_COMP_GEN.xlsx|leap_export_template 04_CHL_COMP_GEN.xlsx|leap_export_template 06_HKC_COMP_GEN.xlsx|leap_export_template 07_INA_COMP_GEN.xlsx|leap_export_template 08_JPN_COMP_GEN.xlsx|leap_export_template 09_ROK_COMP_GEN.xlsx|leap_export_template 14_PE_COMP_GEN.xlsx|leap_export_template 16_RUS_COMP_GEN.xlsx|leap_export_template 17_SGP_COMP_GEN.xlsx|leap_export_template 18_CT_COMP_GEN.xlsx,False,branch_structure_only
Demand\Other loss and own use\Coal mines\Other bituminous coal,21,AUS clean slate 28_07.xlsx|BD clean slate 28_07.xlsx|MAS clean slate 28_07.xlsx|MEX clean slate 28_07.xlsx|NZ clean slate 27_07.xlsx|PHL clean slate 28_07.xlsx|PNG clean slate 28_07.xlsx|PRC clean slate 28_07.xlsx|THA clean slate 28_07.xlsx|USA clean slate 28_07.xlsx|VN clean slate 28_07.xlsx|leap_export_template 03_CDA_COMP_GEN.xlsx|leap_export_template 04_CHL_COMP_GEN.xlsx|leap_export_template 06_HKC_COMP_GEN.xlsx|leap_export_template 07_INA_COMP_GEN.xlsx|leap_export_template 08_JPN_COMP_GEN.xlsx|leap_export_template 09_ROK_COMP_GEN.xlsx|leap_export_template 14_PE_COMP_GEN.xlsx|leap_export_template 16_RUS_COMP_GEN.xlsx|leap_export_template 17_SGP_COMP_GEN.xlsx|leap_export_template 18_CT_COMP_GEN.xlsx,False,branch_structure_only
Demand\Other loss and own use\Coal mines\Other products,21,AUS clean slate 28_07.xlsx|BD clean slate 28_07.xlsx|MAS clean slate 28_07.xlsx|MEX clean slate 28_07.xlsx|NZ clean slate 27_07.xlsx|PHL clean slate 28_07.xlsx|PNG clean slate 28_07.xlsx|PRC clean slate 28_07.xlsx|THA clean slate 28_07.xlsx|USA clean slate 28_07.xlsx|VN clean slate 28_07.xlsx|leap_export_template 03_CDA_COMP_GEN.xlsx|leap_export_template 04_CHL_COMP_GEN.xlsx|leap_export_template 06_HKC_COMP_GEN.xlsx|leap_export_template 07_INA_COMP_GEN.xlsx|leap_export_template 08_JPN_COMP_GEN.xlsx|leap_export_template 09_ROK_COMP_GEN.xlsx|leap_export_template 14_PE_COMP_GEN.xlsx|leap_export_template 16_RUS_COMP_GEN.xlsx|leap_export_template 17_SGP_COMP_GEN.xlsx|leap_export_template 18_CT_COMP_GEN.xlsx,False,branch_structure_only
Demand\Other loss and own use\Coal mines\Sub bituminous coal,21,AUS clean slate 28_07.xlsx|BD clean slate 28_07.xlsx|MAS clean slate 28_07.xlsx|MEX clean slate 28_07.xlsx|NZ clean slate 27_07.xlsx|PHL clean slate 28_07.xlsx|PNG clean slate 28_07.xlsx|PRC clean slate 28_07.xlsx|THA clean slate 28_07.xlsx|USA clean slate 28_07.xlsx|VN clean slate 28_07.xlsx|leap_export_template 03_CDA_COMP_GEN.xlsx|leap_export_template 04_CHL_COMP_GEN.xlsx|leap_export_template 06_HKC_COMP_GEN.xlsx|leap_export_template 07_INA_COMP_GEN.xlsx|leap_export_template 08_JPN_COMP_GEN.xlsx|leap_export_template 09_ROK_COMP_GEN.xlsx|leap_export_template 14_PE_COMP_GEN.xlsx|leap_export_template 16_RUS_COMP_GEN.xlsx|leap_export_template 17_SGP_COMP_GEN.xlsx|leap_export_template 18_CT_COMP_GEN.xlsx,False,branch_structure_only
Demand\Other loss and own use\Electricity CHP and heat plants,21,AUS clean slate 28_07.xlsx|BD clean slate 28_07.xlsx|MAS clean slate 28_07.xlsx|MEX clean slate 28_07.xlsx|NZ clean slate 27_07.xlsx|PHL clean slate 28_07.xlsx|PNG clean slate 28_07.xlsx|PRC clean slate 28_07.xlsx|THA clean slate 28_07.xlsx|USA clean slate 28_07.xlsx|VN clean slate 28_07.xlsx|leap_export_template 03_CDA_COMP_GEN.xlsx|leap_export_template 04_CHL_COMP_GEN.xlsx|leap_export_template 06_HKC_COMP_GEN.xlsx|leap_export_template 07_INA_COMP_GEN.xlsx|leap_export_template 08_JPN_COMP_GEN.xlsx|leap_export_template 09_ROK_COMP_GEN.xlsx|leap_export_template 14_PE_COMP_GEN.xlsx|leap_export_template 16_RUS_COMP_GEN.xlsx|leap_export_template 17_SGP_COMP_GEN.xlsx|leap_export_template 18_CT_COMP_GEN.xlsx,False,branch_structure_only
Demand\Other loss and own use\Electricity CHP and heat plants\Biodiesel,21,AUS clean slate 28_07.xlsx|BD clean slate 28_07.xlsx|MAS clean slate 28_07.xlsx|MEX clean slate 28_07.xlsx|NZ clean slate 27_07.xlsx|PHL clean slate 28_07.xlsx|PNG clean slate 28_07.xlsx|PRC clean slate 28_07.xlsx|THA clean slate 28_07.xlsx|USA clean slate 28_07.xlsx|VN clean slate 28_07.xlsx|leap_export_template 03_CDA_COMP_GEN.xlsx|leap_export_template 04_CHL_COMP_GEN.xlsx|leap_export_template 06_HKC_COMP_GEN.xlsx|leap_export_template 07_INA_COMP_GEN.xlsx|leap_export_template 08_JPN_COMP_GEN.xlsx|leap_export_template 09_ROK_COMP_GEN.xlsx|leap_export_template 14_PE_COMP_GEN.xlsx|leap_export_template 16_RUS_COMP_GEN.xlsx|leap_export_template 17_SGP_COMP_GEN.xlsx|leap_export_template 18_CT_COMP_GEN.xlsx,False,branch_structure_only
Demand\Other loss and own use\Electricity CHP and heat plants\Biogas,21,AUS clean slate 28_07.xlsx|BD clean slate 28_07.xlsx|MAS clean slate 28_07.xlsx|MEX clean slate 28_07.xlsx|NZ clean slate 27_07.xlsx|PHL clean slate 28_07.xlsx|PNG clean slate 28_07.xlsx|PRC clean slate 28_07.xlsx|THA clean slate 28_07.xlsx|USA clean slate 28_07.xlsx|VN clean slate 28_07.xlsx|leap_export_template 03_CDA_COMP_GEN.xlsx|leap_export_template 04_CHL_COMP_GEN.xlsx|leap_export_template 06_HKC_COMP_GEN.xlsx|leap_export_template 07_INA_COMP_GEN.xlsx|leap_export_template 08_JPN_COMP_GEN.xlsx|leap_export_template 09_ROK_COMP_GEN.xlsx|leap_export_template 14_PE_COMP_GEN.xlsx|leap_export_template 16_RUS_COMP_GEN.xlsx|leap_export_template 17_SGP_COMP_GEN.xlsx|leap_export_template 18_CT_COMP_GEN.xlsx,False,branch_structure_only
Demand\Other loss and own use\Electricity CHP and heat plants\Coke oven coke,21,AUS clean slate 28_07.xlsx|BD clean slate 28_07.xlsx|MAS clean slate 28_07.xlsx|MEX clean slate 28_07.xlsx|NZ clean slate 27_07.xlsx|PHL clean slate 28_07.xlsx|PNG clean slate 28_07.xlsx|PRC clean slate 28_07.xlsx|THA clean slate 28_07.xlsx|USA clean slate 28_07.xlsx|VN clean slate 28_07.xlsx|leap_export_template 03_CDA_COMP_GEN.xlsx|leap_export_template 04_CHL_COMP_GEN.xlsx|leap_export_template 06_HKC_COMP_GEN.xlsx|leap_export_template 07_INA_COMP_GEN.xlsx|leap_export_template 08_JPN_COMP_GEN.xlsx|leap_export_template 09_ROK_COMP_GEN.xlsx|leap_export_template 14_PE_COMP_GEN.xlsx|leap_export_template 16_RUS_COMP_GEN.xlsx|leap_export_template 17_SGP_COMP_GEN.xlsx|leap_export_template 18_CT_COMP_GEN.xlsx,False,branch_structure_only
Demand\Other loss and own use\Electricity CHP and heat plants\Coke oven gas,21,AUS clean slate 28_07.xlsx|BD clean slate 28_07.xlsx|MAS clean slate 28_07.xlsx|MEX clean slate 28_07.xlsx|NZ clean slate 27_07.xlsx|PHL clean slate 28_07.xlsx|PNG clean slate 28_07.xlsx|PRC clean slate 28_07.xlsx|THA clean slate 28_07.xlsx|USA clean slate 28_07.xlsx|VN clean slate 28_07.xlsx|leap_export_template 03_CDA_COMP_GEN.xlsx|leap_export_template 04_CHL_COMP_GEN.xlsx|leap_export_template 06_HKC_COMP_GEN.xlsx|leap_export_template 07_INA_COMP_GEN.xlsx|leap_export_template 08_JPN_COMP_GEN.xlsx|leap_export_template 09_ROK_COMP_GEN.xlsx|leap_export_template 14_PE_COMP_GEN.xlsx|leap_export_template 16_RUS_COMP_GEN.xlsx|leap_export_template 17_SGP_COMP_GEN.xlsx|leap_export_template 18_CT_COMP_GEN.xlsx,False,branch_structure_only
Demand\Other loss and own use\Electricity CHP and heat plants\Crude oil,21,AUS clean slate 28_07.xlsx|BD clean slate 28_07.xlsx|MAS clean slate 28_07.xlsx|MEX clean slate 28_07.xlsx|NZ clean slate 27_07.xlsx|PHL clean slate 28_07.xlsx|PNG clean slate 28_07.xlsx|PRC clean slate 28_07.xlsx|THA clean slate 28_07.xlsx|USA clean slate 28_07.xlsx|VN clean slate 28_07.xlsx|leap_export_template 03_CDA_COMP_GEN.xlsx|leap_export_template 04_CHL_COMP_GEN.xlsx|leap_export_template 06_HKC_COMP_GEN.xlsx|leap_export_template 07_INA_COMP_GEN.xlsx|leap_export_template 08_JPN_COMP_GEN.xlsx|leap_export_template 09_ROK_COMP_GEN.xlsx|leap_export_template 14_PE_COMP_GEN.xlsx|leap_export_template 16_RUS_COMP_GEN.xlsx|leap_export_template 17_SGP_COMP_GEN.xlsx|leap_export_template 18_CT_COMP_GEN.xlsx,False,branch_structure_only
Demand\Other loss and own use\Electricity CHP and heat plants\Electricity,21,AUS clean slate 28_07.xlsx|BD clean slate 28_07.xlsx|MAS clean slate 28_07.xlsx|MEX clean slate 28_07.xlsx|NZ clean slate 27_07.xlsx|PHL clean slate 28_07.xlsx|PNG clean slate 28_07.xlsx|PRC clean slate 28_07.xlsx|THA clean slate 28_07.xlsx|USA clean slate 28_07.xlsx|VN clean slate 28_07.xlsx|leap_export_template 03_CDA_COMP_GEN.xlsx|leap_export_template 04_CHL_COMP_GEN.xlsx|leap_export_template 06_HKC_COMP_GEN.xlsx|leap_export_template 07_INA_COMP_GEN.xlsx|leap_export_template 08_JPN_COMP_GEN.xlsx|leap_export_template 09_ROK_COMP_GEN.xlsx|leap_export_template 14_PE_COMP_GEN.xlsx|leap_export_template 16_RUS_COMP_GEN.xlsx|leap_export_template 17_SGP_COMP_GEN.xlsx|leap_export_template 18_CT_COMP_GEN.xlsx,False,branch_structure_only
Demand\Other loss and own use\Electricity CHP and heat plants\Fuel oil,21,AUS clean slate 28_07.xlsx|BD clean slate 28_07.xlsx|MAS clean slate 28_07.xlsx|MEX clean slate 28_07.xlsx|NZ clean slate 27_07.xlsx|PHL clean slate 28_07.xlsx|PNG clean slate 28_07.xlsx|PRC clean slate 28_07.xlsx|THA clean slate 28_07.xlsx|USA clean slate 28_07.xlsx|VN clean slate 28_07.xlsx|leap_export_template 03_CDA_COMP_GEN.xlsx|leap_export_template 04_CHL_COMP_GEN.xlsx|leap_export_template 06_HKC_COMP_GEN.xlsx|leap_export_template 07_INA_COMP_GEN.xlsx|leap_export_template 08_JPN_COMP_GEN.xlsx|leap_export_template 09_ROK_COMP_GEN.xlsx|leap_export_template 14_PE_COMP_GEN.xlsx|leap_export_template 16_RUS_COMP_GEN.xlsx|leap_export_template 17_SGP_COMP_GEN.xlsx|leap_export_template 18_CT_COMP_GEN.xlsx,False,branch_structure_only
Demand\Other loss and own use\Electricity CHP and heat plants\Gas and diesel oil,21,AUS clean slate 28_07.xlsx|BD clean slate 28_07.xlsx|MAS clean slate 28_07.xlsx|MEX clean slate 28_07.xlsx|NZ clean slate 27_07.xlsx|PHL clean slate 28_07.xlsx|PNG clean slate 28_07.xlsx|PRC clean slate 28_07.xlsx|THA clean slate 28_07.xlsx|USA clean slate 28_07.xlsx|VN clean slate 28_07.xlsx|leap_export_template 03_CDA_COMP_GEN.xlsx|leap_export_template 04_CHL_COMP_GEN.xlsx|leap_export_template 06_HKC_COMP_GEN.xlsx|leap_export_template 07_INA_COMP_GEN.xlsx|leap_export_template 08_JPN_COMP_GEN.xlsx|leap_export_template 09_ROK_COMP_GEN.xlsx|leap_export_template 14_PE_COMP_GEN.xlsx|leap_export_template 16_RUS_COMP_GEN.xlsx|leap_export_template 17_SGP_COMP_GEN.xlsx|leap_export_template 18_CT_COMP_GEN.xlsx,False,branch_structure_only
Demand\Other loss and own use\Electricity CHP and heat plants\Heat,21,AUS clean slate 28_07.xlsx|BD clean slate 28_07.xlsx|MAS clean slate 28_07.xlsx|MEX clean slate 28_07.xlsx|NZ clean slate 27_07.xlsx|PHL clean slate 28_07.xlsx|PNG clean slate 28_07.xlsx|PRC clean slate 28_07.xlsx|THA clean slate 28_07.xlsx|USA clean slate 28_07.xlsx|VN clean slate 28_07.xlsx|leap_export_template 03_CDA_COMP_GEN.xlsx|leap_export_template 04_CHL_COMP_GEN.xlsx|leap_export_template 06_HKC_COMP_GEN.xlsx|leap_export_template 07_INA_COMP_GEN.xlsx|leap_export_template 08_JPN_COMP_GEN.xlsx|leap_export_template 09_ROK_COMP_GEN.xlsx|leap_export_template 14_PE_COMP_GEN.xlsx|leap_export_template 16_RUS_COMP_GEN.xlsx|leap_export_template 17_SGP_COMP_GEN.xlsx|leap_export_template 18_CT_COMP_GEN.xlsx,False,branch_structure_only
Demand\Other loss and own use\Electricity CHP and heat plants\Kerosene,21,AUS clean slate 28_07.xlsx|BD clean slate 28_07.xlsx|MAS clean slate 28_07.xlsx|MEX clean slate 28_07.xlsx|NZ clean slate 27_07.xlsx|PHL clean slate 28_07.xlsx|PNG clean slate 28_07.xlsx|PRC clean slate 28_07.xlsx|THA clean slate 28_07.xlsx|USA clean slate 28_07.xlsx|VN clean slate 28_07.xlsx|leap_export_template 03_CDA_COMP_GEN.xlsx|leap_export_template 04_CHL_COMP_GEN.xlsx|leap_export_template 06_HKC_COMP_GEN.xlsx|leap_export_template 07_INA_COMP_GEN.xlsx|leap_export_template 08_JPN_COMP_GEN.xlsx|leap_export_template 09_ROK_COMP_GEN.xlsx|leap_export_template 14_PE_COMP_GEN.xlsx|leap_export_template 16_RUS_COMP_GEN.xlsx|leap_export_template 17_SGP_COMP_GEN.xlsx|leap_export_template 18_CT_COMP_GEN.xlsx,False,branch_structure_only
Demand\Other loss and own use\Electricity CHP and heat plants\LPG,21,AUS clean slate 28_07.xlsx|BD clean slate 28_07.xlsx|MAS clean slate 28_07.xlsx|MEX clean slate 28_07.xlsx|NZ clean slate 27_07.xlsx|PHL clean slate 28_07.xlsx|PNG clean slate 28_07.xlsx|PRC clean slate 28_07.xlsx|THA clean slate 28_07.xlsx|USA clean slate 28_07.xlsx|VN clean slate 28_07.xlsx|leap_export_template 03_CDA_COMP_GEN.xlsx|leap_export_template 04_CHL_COMP_GEN.xlsx|leap_export_template 06_HKC_COMP_GEN.xlsx|leap_export_template 07_INA_COMP_GEN.xlsx|leap_export_template 08_JPN_COMP_GEN.xlsx|leap_export_template 09_ROK_COMP_GEN.xlsx|leap_export_template 14_PE_COMP_GEN.xlsx|leap_export_template 16_RUS_COMP_GEN.xlsx|leap_export_template 17_SGP_COMP_GEN.xlsx|leap_export_template 18_CT_COMP_GEN.xlsx,False,branch_structure_only
Demand\Other loss and own use\Electricity CHP and heat plants\Motor gasoline,21,AUS clean slate 28_07.xlsx|BD clean slate 28_07.xlsx|MAS clean slate 28_07.xlsx|MEX clean slate 28_07.xlsx|NZ clean slate 27_07.xlsx|PHL clean slate 28_07.xlsx|PNG clean slate 28_07.xlsx|PRC clean slate 28_07.xlsx|THA clean slate 28_07.xlsx|USA clean slate 28_07.xlsx|VN clean slate 28_07.xlsx|leap_export_template 03_CDA_COMP_GEN.xlsx|leap_export_template 04_CHL_COMP_GEN.xlsx|leap_export_template 06_HKC_COMP_GEN.xlsx|leap_export_template 07_INA_COMP_GEN.xlsx|leap_export_template 08_JPN_COMP_GEN.xlsx|leap_export_template 09_ROK_COMP_GEN.xlsx|leap_export_template 14_PE_COMP_GEN.xlsx|leap_export_template 16_RUS_COMP_GEN.xlsx|leap_export_template 17_SGP_COMP_GEN.xlsx|leap_export_template 18_CT_COMP_GEN.xlsx,False,branch_structure_only
Demand\Other loss and own use\Electricity CHP and heat plants\Natural gas,21,AUS clean slate 28_07.xlsx|BD clean slate 28_07.xlsx|MAS clean slate 28_07.xlsx|MEX clean slate 28_07.xlsx|NZ clean slate 27_07.xlsx|PHL clean slate 28_07.xlsx|PNG clean slate 28_07.xlsx|PRC clean slate 28_07.xlsx|THA clean slate 28_07.xlsx|USA clean slate 28_07.xlsx|VN clean slate 28_07.xlsx|leap_export_template 03_CDA_COMP_GEN.xlsx|leap_export_template 04_CHL_COMP_GEN.xlsx|leap_export_template 06_HKC_COMP_GEN.xlsx|leap_export_template 07_INA_COMP_GEN.xlsx|leap_export_template 08_JPN_COMP_GEN.xlsx|leap_export_template 09_ROK_COMP_GEN.xlsx|leap_export_template 14_PE_COMP_GEN.xlsx|leap_export_template 16_RUS_COMP_GEN.xlsx|leap_export_template 17_SGP_COMP_GEN.xlsx|leap_export_template 18_CT_COMP_GEN.xlsx,False,branch_structure_only
Demand\Other loss and own use\Electricity CHP and heat plants\Other biomass,21,AUS clean slate 28_07.xlsx|BD clean slate 28_07.xlsx|MAS clean slate 28_07.xlsx|MEX clean slate 28_07.xlsx|NZ clean slate 27_07.xlsx|PHL clean slate 28_07.xlsx|PNG clean slate 28_07.xlsx|PRC clean slate 28_07.xlsx|THA clean slate 28_07.xlsx|USA clean slate 28_07.xlsx|VN clean slate 28_07.xlsx|leap_export_template 03_CDA_COMP_GEN.xlsx|leap_export_template 04_CHL_COMP_GEN.xlsx|leap_export_template 06_HKC_COMP_GEN.xlsx|leap_export_template 07_INA_COMP_GEN.xlsx|leap_export_template 08_JPN_COMP_GEN.xlsx|leap_export_template 09_ROK_COMP_GEN.xlsx|leap_export_template 14_PE_COMP_GEN.xlsx|leap_export_template 16_RUS_COMP_GEN.xlsx|leap_export_template 17_SGP_COMP_GEN.xlsx|leap_export_template 18_CT_COMP_GEN.xlsx,False,branch_structure_only
Demand\Other loss and own use\Electricity CHP and heat plants\Other bituminous coal,21,AUS clean slate 28_07.xlsx|BD clean slate 28_07.xlsx|MAS clean slate 28_07.xlsx|MEX clean slate 28_07.xlsx|NZ clean slate 27_07.xlsx|PHL clean slate 28_07.xlsx|PNG clean slate 28_07.xlsx|PRC clean slate 28_07.xlsx|THA clean slate 28_07.xlsx|USA clean slate 28_07.xlsx|VN clean slate 28_07.xlsx|leap_export_template 03_CDA_COMP_GEN.xlsx|leap_export_template 04_CHL_COMP_GEN.xlsx|leap_export_template 06_HKC_COMP_GEN.xlsx|leap_export_template 07_INA_COMP_GEN.xlsx|leap_export_template 08_JPN_COMP_GEN.xlsx|leap_export_template 09_ROK_COMP_GEN.xlsx|leap_export_template 14_PE_COMP_GEN.xlsx|leap_export_template 16_RUS_COMP_GEN.xlsx|leap_export_template 17_SGP_COMP_GEN.xlsx|leap_export_template 18_CT_COMP_GEN.xlsx,False,branch_structure_only
Demand\Other loss and own use\Electricity CHP and heat plants\Other products,21,AUS clean slate 28_07.xlsx|BD clean slate 28_07.xlsx|MAS clean slate 28_07.xlsx|MEX clean slate 28_07.xlsx|NZ clean slate 27_07.xlsx|PHL clean slate 28_07.xlsx|PNG clean slate 28_07.xlsx|PRC clean slate 28_07.xlsx|THA clean slate 28_07.xlsx|USA clean slate 28_07.xlsx|VN clean slate 28_07.xlsx|leap_export_template 03_CDA_COMP_GEN.xlsx|leap_export_template 04_CHL_COMP_GEN.xlsx|leap_export_template 06_HKC_COMP_GEN.xlsx|leap_export_template 07_INA_COMP_GEN.xlsx|leap_export_template 08_JPN_COMP_GEN.xlsx|leap_export_template 09_ROK_COMP_GEN.xlsx|leap_export_template 14_PE_COMP_GEN.xlsx|leap_export_template 16_RUS_COMP_GEN.xlsx|leap_export_template 17_SGP_COMP_GEN.xlsx|leap_export_template 18_CT_COMP_GEN.xlsx,False,branch_structure_only
Demand\Other loss and own use\Electricity CHP and heat plants\Petroleum coke,21,AUS clean slate 28_07.xlsx|BD clean slate 28_07.xlsx|MAS clean slate 28_07.xlsx|MEX clean slate 28_07.xlsx|NZ clean slate 27_07.xlsx|PHL clean slate 28_07.xlsx|PNG clean slate 28_07.xlsx|PRC clean slate 28_07.xlsx|THA clean slate 28_07.xlsx|USA clean slate 28_07.xlsx|VN clean slate 28_07.xlsx|leap_export_template 03_CDA_COMP_GEN.xlsx|leap_export_template 04_CHL_COMP_GEN.xlsx|leap_export_template 06_HKC_COMP_GEN.xlsx|leap_export_template 07_INA_COMP_GEN.xlsx|leap_export_template 08_JPN_COMP_GEN.xlsx|leap_export_template 09_ROK_COMP_GEN.xlsx|leap_export_template 14_PE_COMP_GEN.xlsx|leap_export_template 16_RUS_COMP_GEN.xlsx|leap_export_template 17_SGP_COMP_GEN.xlsx|leap_export_template 18_CT_COMP_GEN.xlsx,False,branch_structure_only
Demand\Other loss and own use\Electricity CHP and heat plants\Refinery gas not liquefied,21,AUS clean slate 28_07.xlsx|BD clean slate 28_07.xlsx|MAS clean slate 28_07.xlsx|MEX clean slate 28_07.xlsx|NZ clean slate 27_07.xlsx|PHL clean slate 28_07.xlsx|PNG clean slate 28_07.xlsx|PRC clean slate 28_07.xlsx|THA clean slate 28_07.xlsx|USA clean slate 28_07.xlsx|VN clean slate 28_07.xlsx|leap_export_template 03_CDA_COMP_GEN.xlsx|leap_export_template 04_CHL_COMP_GEN.xlsx|leap_export_template 06_HKC_COMP_GEN.xlsx|leap_export_template 07_INA_COMP_GEN.xlsx|leap_export_template 08_JPN_COMP_GEN.xlsx|leap_export_template 09_ROK_COMP_GEN.xlsx|leap_export_template 14_PE_COMP_GEN.xlsx|leap_export_template 16_RUS_COMP_GEN.xlsx|leap_export_template 17_SGP_COMP_GEN.xlsx|leap_export_template 18_CT_COMP_GEN.xlsx,False,branch_structure_only
Demand\Other loss and own use\Liquefaction and regasification plants,21,AUS clean slate 28_07.xlsx|BD clean slate 28_07.xlsx|MAS clean slate 28_07.xlsx|MEX clean slate 28_07.xlsx|NZ clean slate 27_07.xlsx|PHL clean slate 28_07.xlsx|PNG clean slate 28_07.xlsx|PRC clean slate 28_07.xlsx|THA clean slate 28_07.xlsx|USA clean slate 28_07.xlsx|VN clean slate 28_07.xlsx|leap_export_template 03_CDA_COMP_GEN.xlsx|leap_export_template 04_CHL_COMP_GEN.xlsx|leap_export_template 06_HKC_COMP_GEN.xlsx|leap_export_template 07_INA_COMP_GEN.xlsx|leap_export_template 08_JPN_COMP_GEN.xlsx|leap_export_template 09_ROK_COMP_GEN.xlsx|leap_export_template 14_PE_COMP_GEN.xlsx|leap_export_template 16_RUS_COMP_GEN.xlsx|leap_export_template 17_SGP_COMP_GEN.xlsx|leap_export_template 18_CT_COMP_GEN.xlsx,False,branch_structure_only
Demand\Other loss and own use\Liquefaction and regasification plants\Electricity,21,AUS clean slate 28_07.xlsx|BD clean slate 28_07.xlsx|MAS clean slate 28_07.xlsx|MEX clean slate 28_07.xlsx|NZ clean slate 27_07.xlsx|PHL clean slate 28_07.xlsx|PNG clean slate 28_07.xlsx|PRC clean slate 28_07.xlsx|THA clean slate 28_07.xlsx|USA clean slate 28_07.xlsx|VN clean slate 28_07.xlsx|leap_export_template 03_CDA_COMP_GEN.xlsx|leap_export_template 04_CHL_COMP_GEN.xlsx|leap_export_template 06_HKC_COMP_GEN.xlsx|leap_export_template 07_INA_COMP_GEN.xlsx|leap_export_template 08_JPN_COMP_GEN.xlsx|leap_export_template 09_ROK_COMP_GEN.xlsx|leap_export_template 14_PE_COMP_GEN.xlsx|leap_export_template 16_RUS_COMP_GEN.xlsx|leap_export_template 17_SGP_COMP_GEN.xlsx|leap_export_template 18_CT_COMP_GEN.xlsx,False,branch_structure_only
Demand\Other loss and own use\Liquefaction and regasification plants\Natural gas,21,AUS clean slate 28_07.xlsx|BD clean slate 28_07.xlsx|MAS clean slate 28_07.xlsx|MEX clean slate 28_07.xlsx|NZ clean slate 27_07.xlsx|PHL clean slate 28_07.xlsx|PNG clean slate 28_07.xlsx|PRC clean slate 28_07.xlsx|THA clean slate 28_07.xlsx|USA clean slate 28_07.xlsx|VN clean slate 28_07.xlsx|leap_export_template 03_CDA_COMP_GEN.xlsx|leap_export_template 04_CHL_COMP_GEN.xlsx|leap_export_template 06_HKC_COMP_GEN.xlsx|leap_export_template 07_INA_COMP_GEN.xlsx|leap_export_template 08_JPN_COMP_GEN.xlsx|leap_export_template 09_ROK_COMP_GEN.xlsx|leap_export_template 14_PE_COMP_GEN.xlsx|leap_export_template 16_RUS_COMP_GEN.xlsx|leap_export_template 17_SGP_COMP_GEN.xlsx|leap_export_template 18_CT_COMP_GEN.xlsx,False,branch_structure_only
Demand\Other loss and own use\Non specified own uses,10,AUS clean slate 28_07.xlsx|BD clean slate 28_07.xlsx|MAS clean slate 28_07.xlsx|MEX clean slate 28_07.xlsx|NZ clean slate 27_07.xlsx|PNG clean slate 28_07.xlsx|PRC clean slate 28_07.xlsx|THA clean slate 28_07.xlsx|USA clean slate 28_07.xlsx|VN clean slate 28_07.xlsx,False,branch_structure_only
Demand\Other loss and own use\Non specified own uses\Biogasoline,10,AUS clean slate 28_07.xlsx|BD clean slate 28_07.xlsx|MAS clean slate 28_07.xlsx|MEX clean slate 28_07.xlsx|NZ clean slate 27_07.xlsx|PNG clean slate 28_07.xlsx|PRC clean slate 28_07.xlsx|THA clean slate 28_07.xlsx|USA clean slate 28_07.xlsx|VN clean slate 28_07.xlsx,False,branch_structure_only
Demand\Other loss and own use\Non specified own uses\Electricity,10,AUS clean slate 28_07.xlsx|BD clean slate 28_07.xlsx|MAS clean slate 28_07.xlsx|MEX clean slate 28_07.xlsx|NZ clean slate 27_07.xlsx|PNG clean slate 28_07.xlsx|PRC clean slate 28_07.xlsx|THA clean slate 28_07.xlsx|USA clean slate 28_07.xlsx|VN clean slate 28_07.xlsx,False,branch_structure_only
Demand\Other loss and own use\Non specified own uses\Fuel oil,10,AUS clean slate 28_07.xlsx|BD clean slate 28_07.xlsx|MAS clean slate 28_07.xlsx|MEX clean slate 28_07.xlsx|NZ clean slate 27_07.xlsx|PNG clean slate 28_07.xlsx|PRC clean slate 28_07.xlsx|THA clean slate 28_07.xlsx|USA clean slate 28_07.xlsx|VN clean slate 28_07.xlsx,False,branch_structure_only
Demand\Other loss and own use\Non specified own uses\Gas and diesel oil,10,AUS clean slate 28_07.xlsx|BD clean slate 28_07.xlsx|MAS clean slate 28_07.xlsx|MEX clean slate 28_07.xlsx|NZ clean slate 27_07.xlsx|PNG clean slate 28_07.xlsx|PRC clean slate 28_07.xlsx|THA clean slate 28_07.xlsx|USA clean slate 28_07.xlsx|VN clean slate 28_07.xlsx,False,branch_structure_only
Demand\Other loss and own use\Non specified own uses\Heat,10,AUS clean slate 28_07.xlsx|BD clean slate 28_07.xlsx|MAS clean slate 28_07.xlsx|MEX clean slate 28_07.xlsx|NZ clean slate 27_07.xlsx|PNG clean slate 28_07.xlsx|PRC clean slate 28_07.xlsx|THA clean slate 28_07.xlsx|USA clean slate 28_07.xlsx|VN clean slate 28_07.xlsx,False,branch_structure_only
Demand\Other loss and own use\Non specified own uses\Kerosene,10,AUS clean slate 28_07.xlsx|BD clean slate 28_07.xlsx|MAS clean slate 28_07.xlsx|MEX clean slate 28_07.xlsx|NZ clean slate 27_07.xlsx|PNG clean slate 28_07.xlsx|PRC clean slate 28_07.xlsx|THA clean slate 28_07.xlsx|USA clean slate 28_07.xlsx|VN clean slate 28_07.xlsx,False,branch_structure_only
Demand\Other loss and own use\Non specified own uses\LPG,10,AUS clean slate 28_07.xlsx|BD clean slate 28_07.xlsx|MAS clean slate 28_07.xlsx|MEX clean slate 28_07.xlsx|NZ clean slate 27_07.xlsx|PNG clean slate 28_07.xlsx|PRC clean slate 28_07.xlsx|THA clean slate 28_07.xlsx|USA clean slate 28_07.xlsx|VN clean slate 28_07.xlsx,False,branch_structure_only
Demand\Other loss and own use\Non specified own uses\Motor gasoline,10,AUS clean slate 28_07.xlsx|BD clean slate 28_07.xlsx|MAS clean slate 28_07.xlsx|MEX clean slate 28_07.xlsx|NZ clean slate 27_07.xlsx|PNG clean slate 28_07.xlsx|PRC clean slate 28_07.xlsx|THA clean slate 28_07.xlsx|USA clean slate 28_07.xlsx|VN clean slate 28_07.xlsx,False,branch_structure_only
Demand\Other loss and own use\Non specified own uses\Natural gas,10,AUS clean slate 28_07.xlsx|BD clean slate 28_07.xlsx|MAS clean slate 28_07.xlsx|MEX clean slate 28_07.xlsx|NZ clean slate 27_07.xlsx|PNG clean slate 28_07.xlsx|PRC clean slate 28_07.xlsx|THA clean slate 28_07.xlsx|USA clean slate 28_07.xlsx|VN clean slate 28_07.xlsx,False,branch_structure_only
Demand\Other loss and own use\Non specified own uses\Other biomass,10,AUS clean slate 28_07.xlsx|BD clean slate 28_07.xlsx|MAS clean slate 28_07.xlsx|MEX clean slate 28_07.xlsx|NZ clean slate 27_07.xlsx|PNG clean slate 28_07.xlsx|PRC clean slate 28_07.xlsx|THA clean slate 28_07.xlsx|USA clean slate 28_07.xlsx|VN clean slate 28_07.xlsx,False,branch_structure_only
Demand\Other loss and own use\Non specified own uses\Other products,10,AUS clean slate 28_07.xlsx|BD clean slate 28_07.xlsx|MAS clean slate 28_07.xlsx|MEX clean slate 28_07.xlsx|NZ clean slate 27_07.xlsx|PNG clean slate 28_07.xlsx|PRC clean slate 28_07.xlsx|THA clean slate 28_07.xlsx|USA clean slate 28_07.xlsx|VN clean slate 28_07.xlsx,False,branch_structure_only
Demand\Other loss and own use\Non specififed own uses,1,PHL clean slate 28_07.xlsx,False,branch_structure_only
Demand\Other loss and own use\Non specififed own uses\Biogasoline,1,PHL clean slate 28_07.xlsx,False,branch_structure_only
Demand\Other loss and own use\Non specififed own uses\Electricity,1,PHL clean slate 28_07.xlsx,False,branch_structure_only
Demand\Other loss and own use\Non specififed own uses\Fuel oil,1,PHL clean slate 28_07.xlsx,False,branch_structure_only
Demand\Other loss and own use\Non specififed own uses\Gas and diesel oil,1,PHL clean slate 28_07.xlsx,False,branch_structure_only
Demand\Other loss and own use\Non specififed own uses\Heat,1,PHL clean slate 28_07.xlsx,False,branch_structure_only
Demand\Other loss and own use\Non specififed own uses\Kerosene,1,PHL clean slate 28_07.xlsx,False,branch_structure_only
Demand\Other loss and own use\Non specififed own uses\LPG,1,PHL clean slate 28_07.xlsx,False,branch_structure_only
Demand\Other loss and own use\Non specififed own uses\Motor gasoline,1,PHL clean slate 28_07.xlsx,False,branch_structure_only
Demand\Other loss and own use\Non specififed own uses\Natural gas,1,PHL clean slate 28_07.xlsx,False,branch_structure_only
Demand\Other loss and own use\Non specififed own uses\Other biomass,1,PHL clean slate 28_07.xlsx,False,branch_structure_only
Demand\Other loss and own use\Non specififed own uses\Other products,1,PHL clean slate 28_07.xlsx,False,branch_structure_only
Demand\Other loss and own use\Oil and gas extraction,21,AUS clean slate 28_07.xlsx|BD clean slate 28_07.xlsx|MAS clean slate 28_07.xlsx|MEX clean slate 28_07.xlsx|NZ clean slate 27_07.xlsx|PHL clean slate 28_07.xlsx|PNG clean slate 28_07.xlsx|PRC clean slate 28_07.xlsx|THA clean slate 28_07.xlsx|USA clean slate 28_07.xlsx|VN clean slate 28_07.xlsx|leap_export_template 03_CDA_COMP_GEN.xlsx|leap_export_template 04_CHL_COMP_GEN.xlsx|leap_export_template 06_HKC_COMP_GEN.xlsx|leap_export_template 07_INA_COMP_GEN.xlsx|leap_export_template 08_JPN_COMP_GEN.xlsx|leap_export_template 09_ROK_COMP_GEN.xlsx|leap_export_template 14_PE_COMP_GEN.xlsx|leap_export_template 16_RUS_COMP_GEN.xlsx|leap_export_template 17_SGP_COMP_GEN.xlsx|leap_export_template 18_CT_COMP_GEN.xlsx,False,branch_structure_only
Demand\Other loss and own use\Oil and gas extraction\Biodiesel,21,AUS clean slate 28_07.xlsx|BD clean slate 28_07.xlsx|MAS clean slate 28_07.xlsx|MEX clean slate 28_07.xlsx|NZ clean slate 27_07.xlsx|PHL clean slate 28_07.xlsx|PNG clean slate 28_07.xlsx|PRC clean slate 28_07.xlsx|THA clean slate 28_07.xlsx|USA clean slate 28_07.xlsx|VN clean slate 28_07.xlsx|leap_export_template 03_CDA_COMP_GEN.xlsx|leap_export_template 04_CHL_COMP_GEN.xlsx|leap_export_template 06_HKC_COMP_GEN.xlsx|leap_export_template 07_INA_COMP_GEN.xlsx|leap_export_template 08_JPN_COMP_GEN.xlsx|leap_export_template 09_ROK_COMP_GEN.xlsx|leap_export_template 14_PE_COMP_GEN.xlsx|leap_export_template 16_RUS_COMP_GEN.xlsx|leap_export_template 17_SGP_COMP_GEN.xlsx|leap_export_template 18_CT_COMP_GEN.xlsx,False,branch_structure_only
Demand\Other loss and own use\Oil and gas extraction\Crude oil,21,AUS clean slate 28_07.xlsx|BD clean slate 28_07.xlsx|MAS clean slate 28_07.xlsx|MEX clean slate 28_07.xlsx|NZ clean slate 27_07.xlsx|PHL clean slate 28_07.xlsx|PNG clean slate 28_07.xlsx|PRC clean slate 28_07.xlsx|THA clean slate 28_07.xlsx|USA clean slate 28_07.xlsx|VN clean slate 28_07.xlsx|leap_export_template 03_CDA_COMP_GEN.xlsx|leap_export_template 04_CHL_COMP_GEN.xlsx|leap_export_template 06_HKC_COMP_GEN.xlsx|leap_export_template 07_INA_COMP_GEN.xlsx|leap_export_template 08_JPN_COMP_GEN.xlsx|leap_export_template 09_ROK_COMP_GEN.xlsx|leap_export_template 14_PE_COMP_GEN.xlsx|leap_export_template 16_RUS_COMP_GEN.xlsx|leap_export_template 17_SGP_COMP_GEN.xlsx|leap_export_template 18_CT_COMP_GEN.xlsx,False,branch_structure_only
Demand\Other loss and own use\Oil and gas extraction\Electricity,21,AUS clean slate 28_07.xlsx|BD clean slate 28_07.xlsx|MAS clean slate 28_07.xlsx|MEX clean slate 28_07.xlsx|NZ clean slate 27_07.xlsx|PHL clean slate 28_07.xlsx|PNG clean slate 28_07.xlsx|PRC clean slate 28_07.xlsx|THA clean slate 28_07.xlsx|USA clean slate 28_07.xlsx|VN clean slate 28_07.xlsx|leap_export_template 03_CDA_COMP_GEN.xlsx|leap_export_template 04_CHL_COMP_GEN.xlsx|leap_export_template 06_HKC_COMP_GEN.xlsx|leap_export_template 07_INA_COMP_GEN.xlsx|leap_export_template 08_JPN_COMP_GEN.xlsx|leap_export_template 09_ROK_COMP_GEN.xlsx|leap_export_template 14_PE_COMP_GEN.xlsx|leap_export_template 16_RUS_COMP_GEN.xlsx|leap_export_template 17_SGP_COMP_GEN.xlsx|leap_export_template 18_CT_COMP_GEN.xlsx,False,branch_structure_only
Demand\Other loss and own use\Oil and gas extraction\Ethane,21,AUS clean slate 28_07.xlsx|BD clean slate 28_07.xlsx|MAS clean slate 28_07.xlsx|MEX clean slate 28_07.xlsx|NZ clean slate 27_07.xlsx|PHL clean slate 28_07.xlsx|PNG clean slate 28_07.xlsx|PRC clean slate 28_07.xlsx|THA clean slate 28_07.xlsx|USA clean slate 28_07.xlsx|VN clean slate 28_07.xlsx|leap_export_template 03_CDA_COMP_GEN.xlsx|leap_export_template 04_CHL_COMP_GEN.xlsx|leap_export_template 06_HKC_COMP_GEN.xlsx|leap_export_template 07_INA_COMP_GEN.xlsx|leap_export_template 08_JPN_COMP_GEN.xlsx|leap_export_template 09_ROK_COMP_GEN.xlsx|leap_export_template 14_PE_COMP_GEN.xlsx|leap_export_template 16_RUS_COMP_GEN.xlsx|leap_export_template 17_SGP_COMP_GEN.xlsx|leap_export_template 18_CT_COMP_GEN.xlsx,False,branch_structure_only
Demand\Other loss and own use\Oil and gas extraction\Fuel oil,21,AUS clean slate 28_07.xlsx|BD clean slate 28_07.xlsx|MAS clean slate 28_07.xlsx|MEX clean slate 28_07.xlsx|NZ clean slate 27_07.xlsx|PHL clean slate 28_07.xlsx|PNG clean slate 28_07.xlsx|PRC clean slate 28_07.xlsx|THA clean slate 28_07.xlsx|USA clean slate 28_07.xlsx|VN clean slate 28_07.xlsx|leap_export_template 03_CDA_COMP_GEN.xlsx|leap_export_template 04_CHL_COMP_GEN.xlsx|leap_export_template 06_HKC_COMP_GEN.xlsx|leap_export_template 07_INA_COMP_GEN.xlsx|leap_export_template 08_JPN_COMP_GEN.xlsx|leap_export_template 09_ROK_COMP_GEN.xlsx|leap_export_template 14_PE_COMP_GEN.xlsx|leap_export_template 16_RUS_COMP_GEN.xlsx|leap_export_template 17_SGP_COMP_GEN.xlsx|leap_export_template 18_CT_COMP_GEN.xlsx,False,branch_structure_only
Demand\Other loss and own use\Oil and gas extraction\Gas and diesel oil,21,AUS clean slate 28_07.xlsx|BD clean slate 28_07.xlsx|MAS clean slate 28_07.xlsx|MEX clean slate 28_07.xlsx|NZ clean slate 27_07.xlsx|PHL clean slate 28_07.xlsx|PNG clean slate 28_07.xlsx|PRC clean slate 28_07.xlsx|THA clean slate 28_07.xlsx|USA clean slate 28_07.xlsx|VN clean slate 28_07.xlsx|leap_export_template 03_CDA_COMP_GEN.xlsx|leap_export_template 04_CHL_COMP_GEN.xlsx|leap_export_template 06_HKC_COMP_GEN.xlsx|leap_export_template 07_INA_COMP_GEN.xlsx|leap_export_template 08_JPN_COMP_GEN.xlsx|leap_export_template 09_ROK_COMP_GEN.xlsx|leap_export_template 14_PE_COMP_GEN.xlsx|leap_export_template 16_RUS_COMP_GEN.xlsx|leap_export_template 17_SGP_COMP_GEN.xlsx|leap_export_template 18_CT_COMP_GEN.xlsx,False,branch_structure_only
Demand\Other loss and own use\Oil and gas extraction\Heat,21,AUS clean slate 28_07.xlsx|BD clean slate 28_07.xlsx|MAS clean slate 28_07.xlsx|MEX clean slate 28_07.xlsx|NZ clean slate 27_07.xlsx|PHL clean slate 28_07.xlsx|PNG clean slate 28_07.xlsx|PRC clean slate 28_07.xlsx|THA clean slate 28_07.xlsx|USA clean slate 28_07.xlsx|VN clean slate 28_07.xlsx|leap_export_template 03_CDA_COMP_GEN.xlsx|leap_export_template 04_CHL_COMP_GEN.xlsx|leap_export_template 06_HKC_COMP_GEN.xlsx|leap_export_template 07_INA_COMP_GEN.xlsx|leap_export_template 08_JPN_COMP_GEN.xlsx|leap_export_template 09_ROK_COMP_GEN.xlsx|leap_export_template 14_PE_COMP_GEN.xlsx|leap_export_template 16_RUS_COMP_GEN.xlsx|leap_export_template 17_SGP_COMP_GEN.xlsx|leap_export_template 18_CT_COMP_GEN.xlsx,False,branch_structure_only
Demand\Other loss and own use\Oil and gas extraction\Kerosene,21,AUS clean slate 28_07.xlsx|BD clean slate 28_07.xlsx|MAS clean slate 28_07.xlsx|MEX clean slate 28_07.xlsx|NZ clean slate 27_07.xlsx|PHL clean slate 28_07.xlsx|PNG clean slate 28_07.xlsx|PRC clean slate 28_07.xlsx|THA clean slate 28_07.xlsx|USA clean slate 28_07.xlsx|VN clean slate 28_07.xlsx|leap_export_template 03_CDA_COMP_GEN.xlsx|leap_export_template 04_CHL_COMP_GEN.xlsx|leap_export_template 06_HKC_COMP_GEN.xlsx|leap_export_template 07_INA_COMP_GEN.xlsx|leap_export_template 08_JPN_COMP_GEN.xlsx|leap_export_template 09_ROK_COMP_GEN.xlsx|leap_export_template 14_PE_COMP_GEN.xlsx|leap_export_template 16_RUS_COMP_GEN.xlsx|leap_export_template 17_SGP_COMP_GEN.xlsx|leap_export_template 18_CT_COMP_GEN.xlsx,False,branch_structure_only
Demand\Other loss and own use\Oil and gas extraction\LPG,21,AUS clean slate 28_07.xlsx|BD clean slate 28_07.xlsx|MAS clean slate 28_07.xlsx|MEX clean slate 28_07.xlsx|NZ clean slate 27_07.xlsx|PHL clean slate 28_07.xlsx|PNG clean slate 28_07.xlsx|PRC clean slate 28_07.xlsx|THA clean slate 28_07.xlsx|USA clean slate 28_07.xlsx|VN clean slate 28_07.xlsx|leap_export_template 03_CDA_COMP_GEN.xlsx|leap_export_template 04_CHL_COMP_GEN.xlsx|leap_export_template 06_HKC_COMP_GEN.xlsx|leap_export_template 07_INA_COMP_GEN.xlsx|leap_export_template 08_JPN_COMP_GEN.xlsx|leap_export_template 09_ROK_COMP_GEN.xlsx|leap_export_template 14_PE_COMP_GEN.xlsx|leap_export_template 16_RUS_COMP_GEN.xlsx|leap_export_template 17_SGP_COMP_GEN.xlsx|leap_export_template 18_CT_COMP_GEN.xlsx,False,branch_structure_only
Demand\Other loss and own use\Oil and gas extraction\Motor gasoline,21,AUS clean slate 28_07.xlsx|BD clean slate 28_07.xlsx|MAS clean slate 28_07.xlsx|MEX clean slate 28_07.xlsx|NZ clean slate 27_07.xlsx|PHL clean slate 28_07.xlsx|PNG clean slate 28_07.xlsx|PRC clean slate 28_07.xlsx|THA clean slate 28_07.xlsx|USA clean slate 28_07.xlsx|VN clean slate 28_07.xlsx|leap_export_template 03_CDA_COMP_GEN.xlsx|leap_export_template 04_CHL_COMP_GEN.xlsx|leap_export_template 06_HKC_COMP_GEN.xlsx|leap_export_template 07_INA_COMP_GEN.xlsx|leap_export_template 08_JPN_COMP_GEN.xlsx|leap_export_template 09_ROK_COMP_GEN.xlsx|leap_export_template 14_PE_COMP_GEN.xlsx|leap_export_template 16_RUS_COMP_GEN.xlsx|leap_export_template 17_SGP_COMP_GEN.xlsx|leap_export_template 18_CT_COMP_GEN.xlsx,False,branch_structure_only
Demand\Other loss and own use\Oil and gas extraction\Natural gas,21,AUS clean slate 28_07.xlsx|BD clean slate 28_07.xlsx|MAS clean slate 28_07.xlsx|MEX clean slate 28_07.xlsx|NZ clean slate 27_07.xlsx|PHL clean slate 28_07.xlsx|PNG clean slate 28_07.xlsx|PRC clean slate 28_07.xlsx|THA clean slate 28_07.xlsx|USA clean slate 28_07.xlsx|VN clean slate 28_07.xlsx|leap_export_template 03_CDA_COMP_GEN.xlsx|leap_export_template 04_CHL_COMP_GEN.xlsx|leap_export_template 06_HKC_COMP_GEN.xlsx|leap_export_template 07_INA_COMP_GEN.xlsx|leap_export_template 08_JPN_COMP_GEN.xlsx|leap_export_template 09_ROK_COMP_GEN.xlsx|leap_export_template 14_PE_COMP_GEN.xlsx|leap_export_template 16_RUS_COMP_GEN.xlsx|leap_export_template 17_SGP_COMP_GEN.xlsx|leap_export_template 18_CT_COMP_GEN.xlsx,False,branch_structure_only
Demand\Other loss and own use\Oil and gas extraction\Other bituminous coal,21,AUS clean slate 28_07.xlsx|BD clean slate 28_07.xlsx|MAS clean slate 28_07.xlsx|MEX clean slate 28_07.xlsx|NZ clean slate 27_07.xlsx|PHL clean slate 28_07.xlsx|PNG clean slate 28_07.xlsx|PRC clean slate 28_07.xlsx|THA clean slate 28_07.xlsx|USA clean slate 28_07.xlsx|VN clean slate 28_07.xlsx|leap_export_template 03_CDA_COMP_GEN.xlsx|leap_export_template 04_CHL_COMP_GEN.xlsx|leap_export_template 06_HKC_COMP_GEN.xlsx|leap_export_template 07_INA_COMP_GEN.xlsx|leap_export_template 08_JPN_COMP_GEN.xlsx|leap_export_template 09_ROK_COMP_GEN.xlsx|leap_export_template 14_PE_COMP_GEN.xlsx|leap_export_template 16_RUS_COMP_GEN.xlsx|leap_export_template 17_SGP_COMP_GEN.xlsx|leap_export_template 18_CT_COMP_GEN.xlsx,False,branch_structure_only
Demand\Other loss and own use\Oil and gas extraction\Other products,21,AUS clean slate 28_07.xlsx|BD clean slate 28_07.xlsx|MAS clean slate 28_07.xlsx|MEX clean slate 28_07.xlsx|NZ clean slate 27_07.xlsx|PHL clean slate 28_07.xlsx|PNG clean slate 28_07.xlsx|PRC clean slate 28_07.xlsx|THA clean slate 28_07.xlsx|USA clean slate 28_07.xlsx|VN clean slate 28_07.xlsx|leap_export_template 03_CDA_COMP_GEN.xlsx|leap_export_template 04_CHL_COMP_GEN.xlsx|leap_export_template 06_HKC_COMP_GEN.xlsx|leap_export_template 07_INA_COMP_GEN.xlsx|leap_export_template 08_JPN_COMP_GEN.xlsx|leap_export_template 09_ROK_COMP_GEN.xlsx|leap_export_template 14_PE_COMP_GEN.xlsx|leap_export_template 16_RUS_COMP_GEN.xlsx|leap_export_template 17_SGP_COMP_GEN.xlsx|leap_export_template 18_CT_COMP_GEN.xlsx,False,branch_structure_only
Demand\Other loss and own use\Oil and gas extraction\Petroleum coke,21,AUS clean slate 28_07.xlsx|BD clean slate 28_07.xlsx|MAS clean slate 28_07.xlsx|MEX clean slate 28_07.xlsx|NZ clean slate 27_07.xlsx|PHL clean slate 28_07.xlsx|PNG clean slate 28_07.xlsx|PRC clean slate 28_07.xlsx|THA clean slate 28_07.xlsx|USA clean slate 28_07.xlsx|VN clean slate 28_07.xlsx|leap_export_template 03_CDA_COMP_GEN.xlsx|leap_export_template 04_CHL_COMP_GEN.xlsx|leap_export_template 06_HKC_COMP_GEN.xlsx|leap_export_template 07_INA_COMP_GEN.xlsx|leap_export_template 08_JPN_COMP_GEN.xlsx|leap_export_template 09_ROK_COMP_GEN.xlsx|leap_export_template 14_PE_COMP_GEN.xlsx|leap_export_template 16_RUS_COMP_GEN.xlsx|leap_export_template 17_SGP_COMP_GEN.xlsx|leap_export_template 18_CT_COMP_GEN.xlsx,False,branch_structure_only
Demand\Other loss and own use\Oil and gas extraction\Refinery gas not liquefied,21,AUS clean slate 28_07.xlsx|BD clean slate 28_07.xlsx|MAS clean slate 28_07.xlsx|MEX clean slate 28_07.xlsx|NZ clean slate 27_07.xlsx|PHL clean slate 28_07.xlsx|PNG clean slate 28_07.xlsx|PRC clean slate 28_07.xlsx|THA clean slate 28_07.xlsx|USA clean slate 28_07.xlsx|VN clean slate 28_07.xlsx|leap_export_template 03_CDA_COMP_GEN.xlsx|leap_export_template 04_CHL_COMP_GEN.xlsx|leap_export_template 06_HKC_COMP_GEN.xlsx|leap_export_template 07_INA_COMP_GEN.xlsx|leap_export_template 08_JPN_COMP_GEN.xlsx|leap_export_template 09_ROK_COMP_GEN.xlsx|leap_export_template 14_PE_COMP_GEN.xlsx|leap_export_template 16_RUS_COMP_GEN.xlsx|leap_export_template 17_SGP_COMP_GEN.xlsx|leap_export_template 18_CT_COMP_GEN.xlsx,False,branch_structure_only
Demand\Other loss and own use\Oil refineries,10,leap_export_template 03_CDA_COMP_GEN.xlsx|leap_export_template 04_CHL_COMP_GEN.xlsx|leap_export_template 06_HKC_COMP_GEN.xlsx|leap_export_template 07_INA_COMP_GEN.xlsx|leap_export_template 08_JPN_COMP_GEN.xlsx|leap_export_template 09_ROK_COMP_GEN.xlsx|leap_export_template 14_PE_COMP_GEN.xlsx|leap_export_template 16_RUS_COMP_GEN.xlsx|leap_export_template 17_SGP_COMP_GEN.xlsx|leap_export_template 18_CT_COMP_GEN.xlsx,False,branch_structure_only
Demand\Other loss and own use\Oil refineries\Bitumen,10,leap_export_template 03_CDA_COMP_GEN.xlsx|leap_export_template 04_CHL_COMP_GEN.xlsx|leap_export_template 06_HKC_COMP_GEN.xlsx|leap_export_template 07_INA_COMP_GEN.xlsx|leap_export_template 08_JPN_COMP_GEN.xlsx|leap_export_template 09_ROK_COMP_GEN.xlsx|leap_export_template 14_PE_COMP_GEN.xlsx|leap_export_template 16_RUS_COMP_GEN.xlsx|leap_export_template 17_SGP_COMP_GEN.xlsx|leap_export_template 18_CT_COMP_GEN.xlsx,False,branch_structure_only
Demand\Other loss and own use\Oil refineries\Crude oil,10,leap_export_template 03_CDA_COMP_GEN.xlsx|leap_export_template 04_CHL_COMP_GEN.xlsx|leap_export_template 06_HKC_COMP_GEN.xlsx|leap_export_template 07_INA_COMP_GEN.xlsx|leap_export_template 08_JPN_COMP_GEN.xlsx|leap_export_template 09_ROK_COMP_GEN.xlsx|leap_export_template 14_PE_COMP_GEN.xlsx|leap_export_template 16_RUS_COMP_GEN.xlsx|leap_export_template 17_SGP_COMP_GEN.xlsx|leap_export_template 18_CT_COMP_GEN.xlsx,False,branch_structure_only
Demand\Other loss and own use\Oil refineries\Electricity,10,leap_export_template 03_CDA_COMP_GEN.xlsx|leap_export_template 04_CHL_COMP_GEN.xlsx|leap_export_template 06_HKC_COMP_GEN.xlsx|leap_export_template 07_INA_COMP_GEN.xlsx|leap_export_template 08_JPN_COMP_GEN.xlsx|leap_export_template 09_ROK_COMP_GEN.xlsx|leap_export_template 14_PE_COMP_GEN.xlsx|leap_export_template 16_RUS_COMP_GEN.xlsx|leap_export_template 17_SGP_COMP_GEN.xlsx|leap_export_template 18_CT_COMP_GEN.xlsx,False,branch_structure_only
Demand\Other loss and own use\Oil refineries\Ethane,10,leap_export_template 03_CDA_COMP_GEN.xlsx|leap_export_template 04_CHL_COMP_GEN.xlsx|leap_export_template 06_HKC_COMP_GEN.xlsx|leap_export_template 07_INA_COMP_GEN.xlsx|leap_export_template 08_JPN_COMP_GEN.xlsx|leap_export_template 09_ROK_COMP_GEN.xlsx|leap_export_template 14_PE_COMP_GEN.xlsx|leap_export_template 16_RUS_COMP_GEN.xlsx|leap_export_template 17_SGP_COMP_GEN.xlsx|leap_export_template 18_CT_COMP_GEN.xlsx,False,branch_structure_only
Demand\Other loss and own use\Oil refineries\Fuel oil,10,leap_export_template 03_CDA_COMP_GEN.xlsx|leap_export_template 04_CHL_COMP_GEN.xlsx|leap_export_template 06_HKC_COMP_GEN.xlsx|leap_export_template 07_INA_COMP_GEN.xlsx|leap_export_template 08_JPN_COMP_GEN.xlsx|leap_export_template 09_ROK_COMP_GEN.xlsx|leap_export_template 14_PE_COMP_GEN.xlsx|leap_export_template 16_RUS_COMP_GEN.xlsx|leap_export_template 17_SGP_COMP_GEN.xlsx|leap_export_template 18_CT_COMP_GEN.xlsx,False,branch_structure_only
Demand\Other loss and own use\Oil refineries\Gas and diesel oil,10,leap_export_template 03_CDA_COMP_GEN.xlsx|leap_export_template 04_CHL_COMP_GEN.xlsx|leap_export_template 06_HKC_COMP_GEN.xlsx|leap_export_template 07_INA_COMP_GEN.xlsx|leap_export_template 08_JPN_COMP_GEN.xlsx|leap_export_template 09_ROK_COMP_GEN.xlsx|leap_export_template 14_PE_COMP_GEN.xlsx|leap_export_template 16_RUS_COMP_GEN.xlsx|leap_export_template 17_SGP_COMP_GEN.xlsx|leap_export_template 18_CT_COMP_GEN.xlsx,False,branch_structure_only
Demand\Other loss and own use\Oil refineries\Heat,10,leap_export_template 03_CDA_COMP_GEN.xlsx|leap_export_template 04_CHL_COMP_GEN.xlsx|leap_export_template 06_HKC_COMP_GEN.xlsx|leap_export_template 07_INA_COMP_GEN.xlsx|leap_export_template 08_JPN_COMP_GEN.xlsx|leap_export_template 09_ROK_COMP_GEN.xlsx|leap_export_template 14_PE_COMP_GEN.xlsx|leap_export_template 16_RUS_COMP_GEN.xlsx|leap_export_template 17_SGP_COMP_GEN.xlsx|leap_export_template 18_CT_COMP_GEN.xlsx,False,branch_structure_only
Demand\Other loss and own use\Oil refineries\Kerosene,10,leap_export_template 03_CDA_COMP_GEN.xlsx|leap_export_template 04_CHL_COMP_GEN.xlsx|leap_export_template 06_HKC_COMP_GEN.xlsx|leap_export_template 07_INA_COMP_GEN.xlsx|leap_export_template 08_JPN_COMP_GEN.xlsx|leap_export_template 09_ROK_COMP_GEN.xlsx|leap_export_template 14_PE_COMP_GEN.xlsx|leap_export_template 16_RUS_COMP_GEN.xlsx|leap_export_template 17_SGP_COMP_GEN.xlsx|leap_export_template 18_CT_COMP_GEN.xlsx,False,branch_structure_only
Demand\Other loss and own use\Oil refineries\Kerosene type jet fuel,10,leap_export_template 03_CDA_COMP_GEN.xlsx|leap_export_template 04_CHL_COMP_GEN.xlsx|leap_export_template 06_HKC_COMP_GEN.xlsx|leap_export_template 07_INA_COMP_GEN.xlsx|leap_export_template 08_JPN_COMP_GEN.xlsx|leap_export_template 09_ROK_COMP_GEN.xlsx|leap_export_template 14_PE_COMP_GEN.xlsx|leap_export_template 16_RUS_COMP_GEN.xlsx|leap_export_template 17_SGP_COMP_GEN.xlsx|leap_export_template 18_CT_COMP_GEN.xlsx,False,branch_structure_only
Demand\Other loss and own use\Oil refineries\LPG,10,leap_export_template 03_CDA_COMP_GEN.xlsx|leap_export_template 04_CHL_COMP_GEN.xlsx|leap_export_template 06_HKC_COMP_GEN.xlsx|leap_export_template 07_INA_COMP_GEN.xlsx|leap_export_template 08_JPN_COMP_GEN.xlsx|leap_export_template 09_ROK_COMP_GEN.xlsx|leap_export_template 14_PE_COMP_GEN.xlsx|leap_export_template 16_RUS_COMP_GEN.xlsx|leap_export_template 17_SGP_COMP_GEN.xlsx|leap_export_template 18_CT_COMP_GEN.xlsx,False,branch_structure_only
Demand\Other loss and own use\Oil refineries\Lubricants,10,leap_export_template 03_CDA_COMP_GEN.xlsx|leap_export_template 04_CHL_COMP_GEN.xlsx|leap_export_template 06_HKC_COMP_GEN.xlsx|leap_export_template 07_INA_COMP_GEN.xlsx|leap_export_template 08_JPN_COMP_GEN.xlsx|leap_export_template 09_ROK_COMP_GEN.xlsx|leap_export_template 14_PE_COMP_GEN.xlsx|leap_export_template 16_RUS_COMP_GEN.xlsx|leap_export_template 17_SGP_COMP_GEN.xlsx|leap_export_template 18_CT_COMP_GEN.xlsx,False,branch_structure_only
Demand\Other loss and own use\Oil refineries\Motor gasoline,10,leap_export_template 03_CDA_COMP_GEN.xlsx|leap_export_template 04_CHL_COMP_GEN.xlsx|leap_export_template 06_HKC_COMP_GEN.xlsx|leap_export_template 07_INA_COMP_GEN.xlsx|leap_export_template 08_JPN_COMP_GEN.xlsx|leap_export_template 09_ROK_COMP_GEN.xlsx|leap_export_template 14_PE_COMP_GEN.xlsx|leap_export_template 16_RUS_COMP_GEN.xlsx|leap_export_template 17_SGP_COMP_GEN.xlsx|leap_export_template 18_CT_COMP_GEN.xlsx,False,branch_structure_only
Demand\Other loss and own use\Oil refineries\Naphtha,10,leap_export_template 03_CDA_COMP_GEN.xlsx|leap_export_template 04_CHL_COMP_GEN.xlsx|leap_export_template 06_HKC_COMP_GEN.xlsx|leap_export_template 07_INA_COMP_GEN.xlsx|leap_export_template 08_JPN_COMP_GEN.xlsx|leap_export_template 09_ROK_COMP_GEN.xlsx|leap_export_template 14_PE_COMP_GEN.xlsx|leap_export_template 16_RUS_COMP_GEN.xlsx|leap_export_template 17_SGP_COMP_GEN.xlsx|leap_export_template 18_CT_COMP_GEN.xlsx,False,branch_structure_only
Demand\Other loss and own use\Oil refineries\Natural gas,10,leap_export_template 03_CDA_COMP_GEN.xlsx|leap_export_template 04_CHL_COMP_GEN.xlsx|leap_export_template 06_HKC_COMP_GEN.xlsx|leap_export_template 07_INA_COMP_GEN.xlsx|leap_export_template 08_JPN_COMP_GEN.xlsx|leap_export_template 09_ROK_COMP_GEN.xlsx|leap_export_template 14_PE_COMP_GEN.xlsx|leap_export_template 16_RUS_COMP_GEN.xlsx|leap_export_template 17_SGP_COMP_GEN.xlsx|leap_export_template 18_CT_COMP_GEN.xlsx,False,branch_structure_only
Demand\Other loss and own use\Oil refineries\Other bituminous coal,10,leap_export_template 03_CDA_COMP_GEN.xlsx|leap_export_template 04_CHL_COMP_GEN.xlsx|leap_export_template 06_HKC_COMP_GEN.xlsx|leap_export_template 07_INA_COMP_GEN.xlsx|leap_export_template 08_JPN_COMP_GEN.xlsx|leap_export_template 09_ROK_COMP_GEN.xlsx|leap_export_template 14_PE_COMP_GEN.xlsx|leap_export_template 16_RUS_COMP_GEN.xlsx|leap_export_template 17_SGP_COMP_GEN.xlsx|leap_export_template 18_CT_COMP_GEN.xlsx,False,branch_structure_only
Demand\Other loss and own use\Oil refineries\Other products,10,leap_export_template 03_CDA_COMP_GEN.xlsx|leap_export_template 04_CHL_COMP_GEN.xlsx|leap_export_template 06_HKC_COMP_GEN.xlsx|leap_export_template 07_INA_COMP_GEN.xlsx|leap_export_template 08_JPN_COMP_GEN.xlsx|leap_export_template 09_ROK_COMP_GEN.xlsx|leap_export_template 14_PE_COMP_GEN.xlsx|leap_export_template 16_RUS_COMP_GEN.xlsx|leap_export_template 17_SGP_COMP_GEN.xlsx|leap_export_template 18_CT_COMP_GEN.xlsx,False,branch_structure_only
Demand\Other loss and own use\Oil refineries\Petroleum coke,10,leap_export_template 03_CDA_COMP_GEN.xlsx|leap_export_template 04_CHL_COMP_GEN.xlsx|leap_export_template 06_HKC_COMP_GEN.xlsx|leap_export_template 07_INA_COMP_GEN.xlsx|leap_export_template 08_JPN_COMP_GEN.xlsx|leap_export_template 09_ROK_COMP_GEN.xlsx|leap_export_template 14_PE_COMP_GEN.xlsx|leap_export_template 16_RUS_COMP_GEN.xlsx|leap_export_template 17_SGP_COMP_GEN.xlsx|leap_export_template 18_CT_COMP_GEN.xlsx,False,branch_structure_only
Demand\Other loss and own use\Oil refineries\Refinery gas not liquefied,10,leap_export_template 03_CDA_COMP_GEN.xlsx|leap_export_template 04_CHL_COMP_GEN.xlsx|leap_export_template 06_HKC_COMP_GEN.xlsx|leap_export_template 07_INA_COMP_GEN.xlsx|leap_export_template 08_JPN_COMP_GEN.xlsx|leap_export_template 09_ROK_COMP_GEN.xlsx|leap_export_template 14_PE_COMP_GEN.xlsx|leap_export_template 16_RUS_COMP_GEN.xlsx|leap_export_template 17_SGP_COMP_GEN.xlsx|leap_export_template 18_CT_COMP_GEN.xlsx,False,branch_structure_only
Demand\Other loss and own use\Oil refineries\Sub bituminous coal,10,leap_export_template 03_CDA_COMP_GEN.xlsx|leap_export_template 04_CHL_COMP_GEN.xlsx|leap_export_template 06_HKC_COMP_GEN.xlsx|leap_export_template 07_INA_COMP_GEN.xlsx|leap_export_template 08_JPN_COMP_GEN.xlsx|leap_export_template 09_ROK_COMP_GEN.xlsx|leap_export_template 14_PE_COMP_GEN.xlsx|leap_export_template 16_RUS_COMP_GEN.xlsx|leap_export_template 17_SGP_COMP_GEN.xlsx|leap_export_template 18_CT_COMP_GEN.xlsx,False,branch_structure_only
Demand\Other loss and own use\Oil refineries\White spirit SBP,10,leap_export_template 03_CDA_COMP_GEN.xlsx|leap_export_template 04_CHL_COMP_GEN.xlsx|leap_export_template 06_HKC_COMP_GEN.xlsx|leap_export_template 07_INA_COMP_GEN.xlsx|leap_export_template 08_JPN_COMP_GEN.xlsx|leap_export_template 09_ROK_COMP_GEN.xlsx|leap_export_template 14_PE_COMP_GEN.xlsx|leap_export_template 16_RUS_COMP_GEN.xlsx|leap_export_template 17_SGP_COMP_GEN.xlsx|leap_export_template 18_CT_COMP_GEN.xlsx,False,branch_structure_only
Demand\Other loss and own use\Pump storage plants,21,AUS clean slate 28_07.xlsx|BD clean slate 28_07.xlsx|MAS clean slate 28_07.xlsx|MEX clean slate 28_07.xlsx|NZ clean slate 27_07.xlsx|PHL clean slate 28_07.xlsx|PNG clean slate 28_07.xlsx|PRC clean slate 28_07.xlsx|THA clean slate 28_07.xlsx|USA clean slate 28_07.xlsx|VN clean slate 28_07.xlsx|leap_export_template 03_CDA_COMP_GEN.xlsx|leap_export_template 04_CHL_COMP_GEN.xlsx|leap_export_template 06_HKC_COMP_GEN.xlsx|leap_export_template 07_INA_COMP_GEN.xlsx|leap_export_template 08_JPN_COMP_GEN.xlsx|leap_export_template 09_ROK_COMP_GEN.xlsx|leap_export_template 14_PE_COMP_GEN.xlsx|leap_export_template 16_RUS_COMP_GEN.xlsx|leap_export_template 17_SGP_COMP_GEN.xlsx|leap_export_template 18_CT_COMP_GEN.xlsx,False,branch_structure_only
Demand\Other loss and own use\Pump storage plants\Electricity,21,AUS clean slate 28_07.xlsx|BD clean slate 28_07.xlsx|MAS clean slate 28_07.xlsx|MEX clean slate 28_07.xlsx|NZ clean slate 27_07.xlsx|PHL clean slate 28_07.xlsx|PNG clean slate 28_07.xlsx|PRC clean slate 28_07.xlsx|THA clean slate 28_07.xlsx|USA clean slate 28_07.xlsx|VN clean slate 28_07.xlsx|leap_export_template 03_CDA_COMP_GEN.xlsx|leap_export_template 04_CHL_COMP_GEN.xlsx|leap_export_template 06_HKC_COMP_GEN.xlsx|leap_export_template 07_INA_COMP_GEN.xlsx|leap_export_template 08_JPN_COMP_GEN.xlsx|leap_export_template 09_ROK_COMP_GEN.xlsx|leap_export_template 14_PE_COMP_GEN.xlsx|leap_export_template 16_RUS_COMP_GEN.xlsx|leap_export_template 17_SGP_COMP_GEN.xlsx|leap_export_template 18_CT_COMP_GEN.xlsx,False,branch_structure_only
Demand\Other loss and own use\Transmission and distribution loss,21,AUS clean slate 28_07.xlsx|BD clean slate 28_07.xlsx|MAS clean slate 28_07.xlsx|MEX clean slate 28_07.xlsx|NZ clean slate 27_07.xlsx|PHL clean slate 28_07.xlsx|PNG clean slate 28_07.xlsx|PRC clean slate 28_07.xlsx|THA clean slate 28_07.xlsx|USA clean slate 28_07.xlsx|VN clean slate 28_07.xlsx|leap_export_template 03_CDA_COMP_GEN.xlsx|leap_export_template 04_CHL_COMP_GEN.xlsx|leap_export_template 06_HKC_COMP_GEN.xlsx|leap_export_template 07_INA_COMP_GEN.xlsx|leap_export_template 08_JPN_COMP_GEN.xlsx|leap_export_template 09_ROK_COMP_GEN.xlsx|leap_export_template 14_PE_COMP_GEN.xlsx|leap_export_template 16_RUS_COMP_GEN.xlsx|leap_export_template 17_SGP_COMP_GEN.xlsx|leap_export_template 18_CT_COMP_GEN.xlsx,False,branch_structure_only
Demand\Other loss and own use\Transmission and distribution loss\Blast furnace gas,21,AUS clean slate 28_07.xlsx|BD clean slate 28_07.xlsx|MAS clean slate 28_07.xlsx|MEX clean slate 28_07.xlsx|NZ clean slate 27_07.xlsx|PHL clean slate 28_07.xlsx|PNG clean slate 28_07.xlsx|PRC clean slate 28_07.xlsx|THA clean slate 28_07.xlsx|USA clean slate 28_07.xlsx|VN clean slate 28_07.xlsx|leap_export_template 03_CDA_COMP_GEN.xlsx|leap_export_template 04_CHL_COMP_GEN.xlsx|leap_export_template 06_HKC_COMP_GEN.xlsx|leap_export_template 07_INA_COMP_GEN.xlsx|leap_export_template 08_JPN_COMP_GEN.xlsx|leap_export_template 09_ROK_COMP_GEN.xlsx|leap_export_template 14_PE_COMP_GEN.xlsx|leap_export_template 16_RUS_COMP_GEN.xlsx|leap_export_template 17_SGP_COMP_GEN.xlsx|leap_export_template 18_CT_COMP_GEN.xlsx,False,branch_structure_only
Demand\Other loss and own use\Transmission and distribution loss\Coke oven coke,21,AUS clean slate 28_07.xlsx|BD clean slate 28_07.xlsx|MAS clean slate 28_07.xlsx|MEX clean slate 28_07.xlsx|NZ clean slate 27_07.xlsx|PHL clean slate 28_07.xlsx|PNG clean slate 28_07.xlsx|PRC clean slate 28_07.xlsx|THA clean slate 28_07.xlsx|USA clean slate 28_07.xlsx|VN clean slate 28_07.xlsx|leap_export_template 03_CDA_COMP_GEN.xlsx|leap_export_template 04_CHL_COMP_GEN.xlsx|leap_export_template 06_HKC_COMP_GEN.xlsx|leap_export_template 07_INA_COMP_GEN.xlsx|leap_export_template 08_JPN_COMP_GEN.xlsx|leap_export_template 09_ROK_COMP_GEN.xlsx|leap_export_template 14_PE_COMP_GEN.xlsx|leap_export_template 16_RUS_COMP_GEN.xlsx|leap_export_template 17_SGP_COMP_GEN.xlsx|leap_export_template 18_CT_COMP_GEN.xlsx,False,branch_structure_only
Demand\Other loss and own use\Transmission and distribution loss\Coke oven gas,21,AUS clean slate 28_07.xlsx|BD clean slate 28_07.xlsx|MAS clean slate 28_07.xlsx|MEX clean slate 28_07.xlsx|NZ clean slate 27_07.xlsx|PHL clean slate 28_07.xlsx|PNG clean slate 28_07.xlsx|PRC clean slate 28_07.xlsx|THA clean slate 28_07.xlsx|USA clean slate 28_07.xlsx|VN clean slate 28_07.xlsx|leap_export_template 03_CDA_COMP_GEN.xlsx|leap_export_template 04_CHL_COMP_GEN.xlsx|leap_export_template 06_HKC_COMP_GEN.xlsx|leap_export_template 07_INA_COMP_GEN.xlsx|leap_export_template 08_JPN_COMP_GEN.xlsx|leap_export_template 09_ROK_COMP_GEN.xlsx|leap_export_template 14_PE_COMP_GEN.xlsx|leap_export_template 16_RUS_COMP_GEN.xlsx|leap_export_template 17_SGP_COMP_GEN.xlsx|leap_export_template 18_CT_COMP_GEN.xlsx,False,branch_structure_only
Demand\Other loss and own use\Transmission and distribution loss\Crude oil,21,AUS clean slate 28_07.xlsx|BD clean slate 28_07.xlsx|MAS clean slate 28_07.xlsx|MEX clean slate 28_07.xlsx|NZ clean slate 27_07.xlsx|PHL clean slate 28_07.xlsx|PNG clean slate 28_07.xlsx|PRC clean slate 28_07.xlsx|THA clean slate 28_07.xlsx|USA clean slate 28_07.xlsx|VN clean slate 28_07.xlsx|leap_export_template 03_CDA_COMP_GEN.xlsx|leap_export_template 04_CHL_COMP_GEN.xlsx|leap_export_template 06_HKC_COMP_GEN.xlsx|leap_export_template 07_INA_COMP_GEN.xlsx|leap_export_template 08_JPN_COMP_GEN.xlsx|leap_export_template 09_ROK_COMP_GEN.xlsx|leap_export_template 14_PE_COMP_GEN.xlsx|leap_export_template 16_RUS_COMP_GEN.xlsx|leap_export_template 17_SGP_COMP_GEN.xlsx|leap_export_template 18_CT_COMP_GEN.xlsx,False,branch_structure_only
Demand\Other loss and own use\Transmission and distribution loss\Electricity,21,AUS clean slate 28_07.xlsx|BD clean slate 28_07.xlsx|MAS clean slate 28_07.xlsx|MEX clean slate 28_07.xlsx|NZ clean slate 27_07.xlsx|PHL clean slate 28_07.xlsx|PNG clean slate 28_07.xlsx|PRC clean slate 28_07.xlsx|THA clean slate 28_07.xlsx|USA clean slate 28_07.xlsx|VN clean slate 28_07.xlsx|leap_export_template 03_CDA_COMP_GEN.xlsx|leap_export_template 04_CHL_COMP_GEN.xlsx|leap_export_template 06_HKC_COMP_GEN.xlsx|leap_export_template 07_INA_COMP_GEN.xlsx|leap_export_template 08_JPN_COMP_GEN.xlsx|leap_export_template 09_ROK_COMP_GEN.xlsx|leap_export_template 14_PE_COMP_GEN.xlsx|leap_export_template 16_RUS_COMP_GEN.xlsx|leap_export_template 17_SGP_COMP_GEN.xlsx|leap_export_template 18_CT_COMP_GEN.xlsx,False,branch_structure_only
Demand\Other loss and own use\Transmission and distribution loss\Heat,21,AUS clean slate 28_07.xlsx|BD clean slate 28_07.xlsx|MAS clean slate 28_07.xlsx|MEX clean slate 28_07.xlsx|NZ clean slate 27_07.xlsx|PHL clean slate 28_07.xlsx|PNG clean slate 28_07.xlsx|PRC clean slate 28_07.xlsx|THA clean slate 28_07.xlsx|USA clean slate 28_07.xlsx|VN clean slate 28_07.xlsx|leap_export_template 03_CDA_COMP_GEN.xlsx|leap_export_template 04_CHL_COMP_GEN.xlsx|leap_export_template 06_HKC_COMP_GEN.xlsx|leap_export_template 07_INA_COMP_GEN.xlsx|leap_export_template 08_JPN_COMP_GEN.xlsx|leap_export_template 09_ROK_COMP_GEN.xlsx|leap_export_template 14_PE_COMP_GEN.xlsx|leap_export_template 16_RUS_COMP_GEN.xlsx|leap_export_template 17_SGP_COMP_GEN.xlsx|leap_export_template 18_CT_COMP_GEN.xlsx,False,branch_structure_only
Demand\Other loss and own use\Transmission and distribution loss\LNG,21,AUS clean slate 28_07.xlsx|BD clean slate 28_07.xlsx|MAS clean slate 28_07.xlsx|MEX clean slate 28_07.xlsx|NZ clean slate 27_07.xlsx|PHL clean slate 28_07.xlsx|PNG clean slate 28_07.xlsx|PRC clean slate 28_07.xlsx|THA clean slate 28_07.xlsx|USA clean slate 28_07.xlsx|VN clean slate 28_07.xlsx|leap_export_template 03_CDA_COMP_GEN.xlsx|leap_export_template 04_CHL_COMP_GEN.xlsx|leap_export_template 06_HKC_COMP_GEN.xlsx|leap_export_template 07_INA_COMP_GEN.xlsx|leap_export_template 08_JPN_COMP_GEN.xlsx|leap_export_template 09_ROK_COMP_GEN.xlsx|leap_export_template 14_PE_COMP_GEN.xlsx|leap_export_template 16_RUS_COMP_GEN.xlsx|leap_export_template 17_SGP_COMP_GEN.xlsx|leap_export_template 18_CT_COMP_GEN.xlsx,False,branch_structure_only
Demand\Other loss and own use\Transmission and distribution loss\LPG,21,AUS clean slate 28_07.xlsx|BD clean slate 28_07.xlsx|MAS clean slate 28_07.xlsx|MEX clean slate 28_07.xlsx|NZ clean slate 27_07.xlsx|PHL clean slate 28_07.xlsx|PNG clean slate 28_07.xlsx|PRC clean slate 28_07.xlsx|THA clean slate 28_07.xlsx|USA clean slate 28_07.xlsx|VN clean slate 28_07.xlsx|leap_export_template 03_CDA_COMP_GEN.xlsx|leap_export_template 04_CHL_COMP_GEN.xlsx|leap_export_template 06_HKC_COMP_GEN.xlsx|leap_export_template 07_INA_COMP_GEN.xlsx|leap_export_template 08_JPN_COMP_GEN.xlsx|leap_export_template 09_ROK_COMP_GEN.xlsx|leap_export_template 14_PE_COMP_GEN.xlsx|leap_export_template 16_RUS_COMP_GEN.xlsx|leap_export_template 17_SGP_COMP_GEN.xlsx|leap_export_template 18_CT_COMP_GEN.xlsx,False,branch_structure_only
Demand\Other loss and own use\Transmission and distribution loss\Natural gas,21,AUS clean slate 28_07.xlsx|BD clean slate 28_07.xlsx|MAS clean slate 28_07.xlsx|MEX clean slate 28_07.xlsx|NZ clean slate 27_07.xlsx|PHL clean slate 28_07.xlsx|PNG clean slate 28_07.xlsx|PRC clean slate 28_07.xlsx|THA clean slate 28_07.xlsx|USA clean slate 28_07.xlsx|VN clean slate 28_07.xlsx|leap_export_template 03_CDA_COMP_GEN.xlsx|leap_export_template 04_CHL_COMP_GEN.xlsx|leap_export_template 06_HKC_COMP_GEN.xlsx|leap_export_template 07_INA_COMP_GEN.xlsx|leap_export_template 08_JPN_COMP_GEN.xlsx|leap_export_template 09_ROK_COMP_GEN.xlsx|leap_export_template 14_PE_COMP_GEN.xlsx|leap_export_template 16_RUS_COMP_GEN.xlsx|leap_export_template 17_SGP_COMP_GEN.xlsx|leap_export_template 18_CT_COMP_GEN.xlsx,False,branch_structure_only
Demand\Other loss and own use\Transmission and distribution loss\Other recovered gases,21,AUS clean slate 28_07.xlsx|BD clean slate 28_07.xlsx|MAS clean slate 28_07.xlsx|MEX clean slate 28_07.xlsx|NZ clean slate 27_07.xlsx|PHL clean slate 28_07.xlsx|PNG clean slate 28_07.xlsx|PRC clean slate 28_07.xlsx|THA clean slate 28_07.xlsx|USA clean slate 28_07.xlsx|VN clean slate 28_07.xlsx|leap_export_template 03_CDA_COMP_GEN.xlsx|leap_export_template 04_CHL_COMP_GEN.xlsx|leap_export_template 06_HKC_COMP_GEN.xlsx|leap_export_template 07_INA_COMP_GEN.xlsx|leap_export_template 08_JPN_COMP_GEN.xlsx|leap_export_template 09_ROK_COMP_GEN.xlsx|leap_export_template 14_PE_COMP_GEN.xlsx|leap_export_template 16_RUS_COMP_GEN.xlsx|leap_export_template 17_SGP_COMP_GEN.xlsx|leap_export_template 18_CT_COMP_GEN.xlsx,False,branch_structure_only
Key\COMMERCIAL_SERVICES\DC_PUE,21,AUS clean slate 28_07.xlsx|BD clean slate 28_07.xlsx|MAS clean slate 28_07.xlsx|MEX clean slate 28_07.xlsx|NZ clean slate 27_07.xlsx|PHL clean slate 28_07.xlsx|PNG clean slate 28_07.xlsx|PRC clean slate 28_07.xlsx|THA clean slate 28_07.xlsx|USA clean slate 28_07.xlsx|VN clean slate 28_07.xlsx|leap_export_template 03_CDA_COMP_GEN.xlsx|leap_export_template 04_CHL_COMP_GEN.xlsx|leap_export_template 06_HKC_COMP_GEN.xlsx|leap_export_template 07_INA_COMP_GEN.xlsx|leap_export_template 08_JPN_COMP_GEN.xlsx|leap_export_template 09_ROK_COMP_GEN.xlsx|leap_export_template 14_PE_COMP_GEN.xlsx|leap_export_template 16_RUS_COMP_GEN.xlsx|leap_export_template 17_SGP_COMP_GEN.xlsx|leap_export_template 18_CT_COMP_GEN.xlsx,False,branch_structure_only
Key\COMMERCIAL_SERVICES\DC_capacity,21,AUS clean slate 28_07.xlsx|BD clean slate 28_07.xlsx|MAS clean slate 28_07.xlsx|MEX clean slate 28_07.xlsx|NZ clean slate 27_07.xlsx|PHL clean slate 28_07.xlsx|PNG clean slate 28_07.xlsx|PRC clean slate 28_07.xlsx|THA clean slate 28_07.xlsx|USA clean slate 28_07.xlsx|VN clean slate 28_07.xlsx|leap_export_template 03_CDA_COMP_GEN.xlsx|leap_export_template 04_CHL_COMP_GEN.xlsx|leap_export_template 06_HKC_COMP_GEN.xlsx|leap_export_template 07_INA_COMP_GEN.xlsx|leap_export_template 08_JPN_COMP_GEN.xlsx|leap_export_template 09_ROK_COMP_GEN.xlsx|leap_export_template 14_PE_COMP_GEN.xlsx|leap_export_template 16_RUS_COMP_GEN.xlsx|leap_export_template 17_SGP_COMP_GEN.xlsx|leap_export_template 18_CT_COMP_GEN.xlsx,False,branch_structure_only
Key\COMMERCIAL_SERVICES\DC_utilisation,21,AUS clean slate 28_07.xlsx|BD clean slate 28_07.xlsx|MAS clean slate 28_07.xlsx|MEX clean slate 28_07.xlsx|NZ clean slate 27_07.xlsx|PHL clean slate 28_07.xlsx|PNG clean slate 28_07.xlsx|PRC clean slate 28_07.xlsx|THA clean slate 28_07.xlsx|USA clean slate 28_07.xlsx|VN clean slate 28_07.xlsx|leap_export_template 03_CDA_COMP_GEN.xlsx|leap_export_template 04_CHL_COMP_GEN.xlsx|leap_export_template 06_HKC_COMP_GEN.xlsx|leap_export_template 07_INA_COMP_GEN.xlsx|leap_export_template 08_JPN_COMP_GEN.xlsx|leap_export_template 09_ROK_COMP_GEN.xlsx|leap_export_template 14_PE_COMP_GEN.xlsx|leap_export_template 16_RUS_COMP_GEN.xlsx|leap_export_template 17_SGP_COMP_GEN.xlsx|leap_export_template 18_CT_COMP_GEN.xlsx,False,branch_structure_only
Key\COMMERCIAL_SERVICES\FloorSpace,21,AUS clean slate 28_07.xlsx|BD clean slate 28_07.xlsx|MAS clean slate 28_07.xlsx|MEX clean slate 28_07.xlsx|NZ clean slate 27_07.xlsx|PHL clean slate 28_07.xlsx|PNG clean slate 28_07.xlsx|PRC clean slate 28_07.xlsx|THA clean slate 28_07.xlsx|USA clean slate 28_07.xlsx|VN clean slate 28_07.xlsx|leap_export_template 03_CDA_COMP_GEN.xlsx|leap_export_template 04_CHL_COMP_GEN.xlsx|leap_export_template 06_HKC_COMP_GEN.xlsx|leap_export_template 07_INA_COMP_GEN.xlsx|leap_export_template 08_JPN_COMP_GEN.xlsx|leap_export_template 09_ROK_COMP_GEN.xlsx|leap_export_template 14_PE_COMP_GEN.xlsx|leap_export_template 16_RUS_COMP_GEN.xlsx|leap_export_template 17_SGP_COMP_GEN.xlsx|leap_export_template 18_CT_COMP_GEN.xlsx,False,branch_structure_only
Key\COMMERCIAL_SERVICES\Percent_GDP_from_services,21,AUS clean slate 28_07.xlsx|BD clean slate 28_07.xlsx|MAS clean slate 28_07.xlsx|MEX clean slate 28_07.xlsx|NZ clean slate 27_07.xlsx|PHL clean slate 28_07.xlsx|PNG clean slate 28_07.xlsx|PRC clean slate 28_07.xlsx|THA clean slate 28_07.xlsx|USA clean slate 28_07.xlsx|VN clean slate 28_07.xlsx|leap_export_template 03_CDA_COMP_GEN.xlsx|leap_export_template 04_CHL_COMP_GEN.xlsx|leap_export_template 06_HKC_COMP_GEN.xlsx|leap_export_template 07_INA_COMP_GEN.xlsx|leap_export_template 08_JPN_COMP_GEN.xlsx|leap_export_template 09_ROK_COMP_GEN.xlsx|leap_export_template 14_PE_COMP_GEN.xlsx|leap_export_template 16_RUS_COMP_GEN.xlsx|leap_export_template 17_SGP_COMP_GEN.xlsx|leap_export_template 18_CT_COMP_GEN.xlsx,False,branch_structure_only
Key\COMMERCIAL_SERVICES\Services_GDP,21,AUS clean slate 28_07.xlsx|BD clean slate 28_07.xlsx|MAS clean slate 28_07.xlsx|MEX clean slate 28_07.xlsx|NZ clean slate 27_07.xlsx|PHL clean slate 28_07.xlsx|PNG clean slate 28_07.xlsx|PRC clean slate 28_07.xlsx|THA clean slate 28_07.xlsx|USA clean slate 28_07.xlsx|VN clean slate 28_07.xlsx|leap_export_template 03_CDA_COMP_GEN.xlsx|leap_export_template 04_CHL_COMP_GEN.xlsx|leap_export_template 06_HKC_COMP_GEN.xlsx|leap_export_template 07_INA_COMP_GEN.xlsx|leap_export_template 08_JPN_COMP_GEN.xlsx|leap_export_template 09_ROK_COMP_GEN.xlsx|leap_export_template 14_PE_COMP_GEN.xlsx|leap_export_template 16_RUS_COMP_GEN.xlsx|leap_export_template 17_SGP_COMP_GEN.xlsx|leap_export_template 18_CT_COMP_GEN.xlsx,False,branch_structure_only
Key\COMMERCIAL_SERVICES\Services_GDP_per_capita,21,AUS clean slate 28_07.xlsx|BD clean slate 28_07.xlsx|MAS clean slate 28_07.xlsx|MEX clean slate 28_07.xlsx|NZ clean slate 27_07.xlsx|PHL clean slate 28_07.xlsx|PNG clean slate 28_07.xlsx|PRC clean slate 28_07.xlsx|THA clean slate 28_07.xlsx|USA clean slate 28_07.xlsx|VN clean slate 28_07.xlsx|leap_export_template 03_CDA_COMP_GEN.xlsx|leap_export_template 04_CHL_COMP_GEN.xlsx|leap_export_template 06_HKC_COMP_GEN.xlsx|leap_export_template 07_INA_COMP_GEN.xlsx|leap_export_template 08_JPN_COMP_GEN.xlsx|leap_export_template 09_ROK_COMP_GEN.xlsx|leap_export_template 14_PE_COMP_GEN.xlsx|leap_export_template 16_RUS_COMP_GEN.xlsx|leap_export_template 17_SGP_COMP_GEN.xlsx|leap_export_template 18_CT_COMP_GEN.xlsx,False,branch_structure_only
Key\Climate Factors\HeatingDegreeAdjustment,21,AUS clean slate 28_07.xlsx|BD clean slate 28_07.xlsx|MAS clean slate 28_07.xlsx|MEX clean slate 28_07.xlsx|NZ clean slate 27_07.xlsx|PHL clean slate 28_07.xlsx|PNG clean slate 28_07.xlsx|PRC clean slate 28_07.xlsx|THA clean slate 28_07.xlsx|USA clean slate 28_07.xlsx|VN clean slate 28_07.xlsx|leap_export_template 03_CDA_COMP_GEN.xlsx|leap_export_template 04_CHL_COMP_GEN.xlsx|leap_export_template 06_HKC_COMP_GEN.xlsx|leap_export_template 07_INA_COMP_GEN.xlsx|leap_export_template 08_JPN_COMP_GEN.xlsx|leap_export_template 09_ROK_COMP_GEN.xlsx|leap_export_template 14_PE_COMP_GEN.xlsx|leap_export_template 16_RUS_COMP_GEN.xlsx|leap_export_template 17_SGP_COMP_GEN.xlsx|leap_export_template 18_CT_COMP_GEN.xlsx,False,branch_structure_only
Key\Climate Factors\HeatingDegree_nought,21,AUS clean slate 28_07.xlsx|BD clean slate 28_07.xlsx|MAS clean slate 28_07.xlsx|MEX clean slate 28_07.xlsx|NZ clean slate 27_07.xlsx|PHL clean slate 28_07.xlsx|PNG clean slate 28_07.xlsx|PRC clean slate 28_07.xlsx|THA clean slate 28_07.xlsx|USA clean slate 28_07.xlsx|VN clean slate 28_07.xlsx|leap_export_template 03_CDA_COMP_GEN.xlsx|leap_export_template 04_CHL_COMP_GEN.xlsx|leap_export_template 06_HKC_COMP_GEN.xlsx|leap_export_template 07_INA_COMP_GEN.xlsx|leap_export_template 08_JPN_COMP_GEN.xlsx|leap_export_template 09_ROK_COMP_GEN.xlsx|leap_export_template 14_PE_COMP_GEN.xlsx|leap_export_template 16_RUS_COMP_GEN.xlsx|leap_export_template 17_SGP_COMP_GEN.xlsx|leap_export_template 18_CT_COMP_GEN.xlsx,False,branch_structure_only
Key\Climate Factors\HeatingDegree_tseries,21,AUS clean slate 28_07.xlsx|BD clean slate 28_07.xlsx|MAS clean slate 28_07.xlsx|MEX clean slate 28_07.xlsx|NZ clean slate 27_07.xlsx|PHL clean slate 28_07.xlsx|PNG clean slate 28_07.xlsx|PRC clean slate 28_07.xlsx|THA clean slate 28_07.xlsx|USA clean slate 28_07.xlsx|VN clean slate 28_07.xlsx|leap_export_template 03_CDA_COMP_GEN.xlsx|leap_export_template 04_CHL_COMP_GEN.xlsx|leap_export_template 06_HKC_COMP_GEN.xlsx|leap_export_template 07_INA_COMP_GEN.xlsx|leap_export_template 08_JPN_COMP_GEN.xlsx|leap_export_template 09_ROK_COMP_GEN.xlsx|leap_export_template 14_PE_COMP_GEN.xlsx|leap_export_template 16_RUS_COMP_GEN.xlsx|leap_export_template 17_SGP_COMP_GEN.xlsx|leap_export_template 18_CT_COMP_GEN.xlsx,False,branch_structure_only
Key\Macro\GDP,21,AUS clean slate 28_07.xlsx|BD clean slate 28_07.xlsx|MAS clean slate 28_07.xlsx|MEX clean slate 28_07.xlsx|NZ clean slate 27_07.xlsx|PHL clean slate 28_07.xlsx|PNG clean slate 28_07.xlsx|PRC clean slate 28_07.xlsx|THA clean slate 28_07.xlsx|USA clean slate 28_07.xlsx|VN clean slate 28_07.xlsx|leap_export_template 03_CDA_COMP_GEN.xlsx|leap_export_template 04_CHL_COMP_GEN.xlsx|leap_export_template 06_HKC_COMP_GEN.xlsx|leap_export_template 07_INA_COMP_GEN.xlsx|leap_export_template 08_JPN_COMP_GEN.xlsx|leap_export_template 09_ROK_COMP_GEN.xlsx|leap_export_template 14_PE_COMP_GEN.xlsx|leap_export_template 16_RUS_COMP_GEN.xlsx|leap_export_template 17_SGP_COMP_GEN.xlsx|leap_export_template 18_CT_COMP_GEN.xlsx,False,branch_structure_only
Key\Macro\GDP per capita,21,AUS clean slate 28_07.xlsx|BD clean slate 28_07.xlsx|MAS clean slate 28_07.xlsx|MEX clean slate 28_07.xlsx|NZ clean slate 27_07.xlsx|PHL clean slate 28_07.xlsx|PNG clean slate 28_07.xlsx|PRC clean slate 28_07.xlsx|THA clean slate 28_07.xlsx|USA clean slate 28_07.xlsx|VN clean slate 28_07.xlsx|leap_export_template 03_CDA_COMP_GEN.xlsx|leap_export_template 04_CHL_COMP_GEN.xlsx|leap_export_template 06_HKC_COMP_GEN.xlsx|leap_export_template 07_INA_COMP_GEN.xlsx|leap_export_template 08_JPN_COMP_GEN.xlsx|leap_export_template 09_ROK_COMP_GEN.xlsx|leap_export_template 14_PE_COMP_GEN.xlsx|leap_export_template 16_RUS_COMP_GEN.xlsx|leap_export_template 17_SGP_COMP_GEN.xlsx|leap_export_template 18_CT_COMP_GEN.xlsx,False,branch_structure_only
Key\Macro\Population,21,AUS clean slate 28_07.xlsx|BD clean slate 28_07.xlsx|MAS clean slate 28_07.xlsx|MEX clean slate 28_07.xlsx|NZ clean slate 27_07.xlsx|PHL clean slate 28_07.xlsx|PNG clean slate 28_07.xlsx|PRC clean slate 28_07.xlsx|THA clean slate 28_07.xlsx|USA clean slate 28_07.xlsx|VN clean slate 28_07.xlsx|leap_export_template 03_CDA_COMP_GEN.xlsx|leap_export_template 04_CHL_COMP_GEN.xlsx|leap_export_template 06_HKC_COMP_GEN.xlsx|leap_export_template 07_INA_COMP_GEN.xlsx|leap_export_template 08_JPN_COMP_GEN.xlsx|leap_export_template 09_ROK_COMP_GEN.xlsx|leap_export_template 14_PE_COMP_GEN.xlsx|leap_export_template 16_RUS_COMP_GEN.xlsx|leap_export_template 17_SGP_COMP_GEN.xlsx|leap_export_template 18_CT_COMP_GEN.xlsx,False,branch_structure_only
Key\RESIDENTIAL\EnvelopeImprovementFactor,21,AUS clean slate 28_07.xlsx|BD clean slate 28_07.xlsx|MAS clean slate 28_07.xlsx|MEX clean slate 28_07.xlsx|NZ clean slate 27_07.xlsx|PHL clean slate 28_07.xlsx|PNG clean slate 28_07.xlsx|PRC clean slate 28_07.xlsx|THA clean slate 28_07.xlsx|USA clean slate 28_07.xlsx|VN clean slate 28_07.xlsx|leap_export_template 03_CDA_COMP_GEN.xlsx|leap_export_template 04_CHL_COMP_GEN.xlsx|leap_export_template 06_HKC_COMP_GEN.xlsx|leap_export_template 07_INA_COMP_GEN.xlsx|leap_export_template 08_JPN_COMP_GEN.xlsx|leap_export_template 09_ROK_COMP_GEN.xlsx|leap_export_template 14_PE_COMP_GEN.xlsx|leap_export_template 16_RUS_COMP_GEN.xlsx|leap_export_template 17_SGP_COMP_GEN.xlsx|leap_export_template 18_CT_COMP_GEN.xlsx,False,branch_structure_only
Key\RESIDENTIAL\HouseholdSize_sqm,21,AUS clean slate 28_07.xlsx|BD clean slate 28_07.xlsx|MAS clean slate 28_07.xlsx|MEX clean slate 28_07.xlsx|NZ clean slate 27_07.xlsx|PHL clean slate 28_07.xlsx|PNG clean slate 28_07.xlsx|PRC clean slate 28_07.xlsx|THA clean slate 28_07.xlsx|USA clean slate 28_07.xlsx|VN clean slate 28_07.xlsx|leap_export_template 03_CDA_COMP_GEN.xlsx|leap_export_template 04_CHL_COMP_GEN.xlsx|leap_export_template 06_HKC_COMP_GEN.xlsx|leap_export_template 07_INA_COMP_GEN.xlsx|leap_export_template 08_JPN_COMP_GEN.xlsx|leap_export_template 09_ROK_COMP_GEN.xlsx|leap_export_template 14_PE_COMP_GEN.xlsx|leap_export_template 16_RUS_COMP_GEN.xlsx|leap_export_template 17_SGP_COMP_GEN.xlsx|leap_export_template 18_CT_COMP_GEN.xlsx,False,branch_structure_only
Key\RESIDENTIAL\NewHouses,21,AUS clean slate 28_07.xlsx|BD clean slate 28_07.xlsx|MAS clean slate 28_07.xlsx|MEX clean slate 28_07.xlsx|NZ clean slate 27_07.xlsx|PHL clean slate 28_07.xlsx|PNG clean slate 28_07.xlsx|PRC clean slate 28_07.xlsx|THA clean slate 28_07.xlsx|USA clean slate 28_07.xlsx|VN clean slate 28_07.xlsx|leap_export_template 03_CDA_COMP_GEN.xlsx|leap_export_template 04_CHL_COMP_GEN.xlsx|leap_export_template 06_HKC_COMP_GEN.xlsx|leap_export_template 07_INA_COMP_GEN.xlsx|leap_export_template 08_JPN_COMP_GEN.xlsx|leap_export_template 09_ROK_COMP_GEN.xlsx|leap_export_template 14_PE_COMP_GEN.xlsx|leap_export_template 16_RUS_COMP_GEN.xlsx|leap_export_template 17_SGP_COMP_GEN.xlsx|leap_export_template 18_CT_COMP_GEN.xlsx,False,branch_structure_only
Key\RESIDENTIAL\PeoplePerHH,21,AUS clean slate 28_07.xlsx|BD clean slate 28_07.xlsx|MAS clean slate 28_07.xlsx|MEX clean slate 28_07.xlsx|NZ clean slate 27_07.xlsx|PHL clean slate 28_07.xlsx|PNG clean slate 28_07.xlsx|PRC clean slate 28_07.xlsx|THA clean slate 28_07.xlsx|USA clean slate 28_07.xlsx|VN clean slate 28_07.xlsx|leap_export_template 03_CDA_COMP_GEN.xlsx|leap_export_template 04_CHL_COMP_GEN.xlsx|leap_export_template 06_HKC_COMP_GEN.xlsx|leap_export_template 07_INA_COMP_GEN.xlsx|leap_export_template 08_JPN_COMP_GEN.xlsx|leap_export_template 09_ROK_COMP_GEN.xlsx|leap_export_template 14_PE_COMP_GEN.xlsx|leap_export_template 16_RUS_COMP_GEN.xlsx|leap_export_template 17_SGP_COMP_GEN.xlsx|leap_export_template 18_CT_COMP_GEN.xlsx,False,branch_structure_only
Key\RESIDENTIAL\TotalHouseholds,21,AUS clean slate 28_07.xlsx|BD clean slate 28_07.xlsx|MAS clean slate 28_07.xlsx|MEX clean slate 28_07.xlsx|NZ clean slate 27_07.xlsx|PHL clean slate 28_07.xlsx|PNG clean slate 28_07.xlsx|PRC clean slate 28_07.xlsx|THA clean slate 28_07.xlsx|USA clean slate 28_07.xlsx|VN clean slate 28_07.xlsx|leap_export_template 03_CDA_COMP_GEN.xlsx|leap_export_template 04_CHL_COMP_GEN.xlsx|leap_export_template 06_HKC_COMP_GEN.xlsx|leap_export_template 07_INA_COMP_GEN.xlsx|leap_export_template 08_JPN_COMP_GEN.xlsx|leap_export_template 09_ROK_COMP_GEN.xlsx|leap_export_template 14_PE_COMP_GEN.xlsx|leap_export_template 16_RUS_COMP_GEN.xlsx|leap_export_template 17_SGP_COMP_GEN.xlsx|leap_export_template 18_CT_COMP_GEN.xlsx,False,branch_structure_only
Key\RESIDENTIAL\TotalResidentialFloorArea,21,AUS clean slate 28_07.xlsx|BD clean slate 28_07.xlsx|MAS clean slate 28_07.xlsx|MEX clean slate 28_07.xlsx|NZ clean slate 27_07.xlsx|PHL clean slate 28_07.xlsx|PNG clean slate 28_07.xlsx|PRC clean slate 28_07.xlsx|THA clean slate 28_07.xlsx|USA clean slate 28_07.xlsx|VN clean slate 28_07.xlsx|leap_export_template 03_CDA_COMP_GEN.xlsx|leap_export_template 04_CHL_COMP_GEN.xlsx|leap_export_template 06_HKC_COMP_GEN.xlsx|leap_export_template 07_INA_COMP_GEN.xlsx|leap_export_template 08_JPN_COMP_GEN.xlsx|leap_export_template 09_ROK_COMP_GEN.xlsx|leap_export_template 14_PE_COMP_GEN.xlsx|leap_export_template 16_RUS_COMP_GEN.xlsx|leap_export_template 17_SGP_COMP_GEN.xlsx|leap_export_template 18_CT_COMP_GEN.xlsx,False,branch_structure_only
Load Shapes\Electricity,21,AUS clean slate 28_07.xlsx|BD clean slate 28_07.xlsx|MAS clean slate 28_07.xlsx|MEX clean slate 28_07.xlsx|NZ clean slate 27_07.xlsx|PHL clean slate 28_07.xlsx|PNG clean slate 28_07.xlsx|PRC clean slate 28_07.xlsx|THA clean slate 28_07.xlsx|USA clean slate 28_07.xlsx|VN clean slate 28_07.xlsx|leap_export_template 03_CDA_COMP_GEN.xlsx|leap_export_template 04_CHL_COMP_GEN.xlsx|leap_export_template 06_HKC_COMP_GEN.xlsx|leap_export_template 07_INA_COMP_GEN.xlsx|leap_export_template 08_JPN_COMP_GEN.xlsx|leap_export_template 09_ROK_COMP_GEN.xlsx|leap_export_template 14_PE_COMP_GEN.xlsx|leap_export_template 16_RUS_COMP_GEN.xlsx|leap_export_template 17_SGP_COMP_GEN.xlsx|leap_export_template 18_CT_COMP_GEN.xlsx,False,branch_structure_only
Resources\Primary\Additives and oxygenates,21,AUS clean slate 28_07.xlsx|BD clean slate 28_07.xlsx|MAS clean slate 28_07.xlsx|MEX clean slate 28_07.xlsx|NZ clean slate 27_07.xlsx|PHL clean slate 28_07.xlsx|PNG clean slate 28_07.xlsx|PRC clean slate 28_07.xlsx|THA clean slate 28_07.xlsx|USA clean slate 28_07.xlsx|VN clean slate 28_07.xlsx|leap_export_template 03_CDA_COMP_GEN.xlsx|leap_export_template 04_CHL_COMP_GEN.xlsx|leap_export_template 06_HKC_COMP_GEN.xlsx|leap_export_template 07_INA_COMP_GEN.xlsx|leap_export_template 08_JPN_COMP_GEN.xlsx|leap_export_template 09_ROK_COMP_GEN.xlsx|leap_export_template 14_PE_COMP_GEN.xlsx|leap_export_template 16_RUS_COMP_GEN.xlsx|leap_export_template 17_SGP_COMP_GEN.xlsx|leap_export_template 18_CT_COMP_GEN.xlsx,False,branch_structure_only
Resources\Primary\Ammonia,21,AUS clean slate 28_07.xlsx|BD clean slate 28_07.xlsx|MAS clean slate 28_07.xlsx|MEX clean slate 28_07.xlsx|NZ clean slate 27_07.xlsx|PHL clean slate 28_07.xlsx|PNG clean slate 28_07.xlsx|PRC clean slate 28_07.xlsx|THA clean slate 28_07.xlsx|USA clean slate 28_07.xlsx|VN clean slate 28_07.xlsx|leap_export_template 03_CDA_COMP_GEN.xlsx|leap_export_template 04_CHL_COMP_GEN.xlsx|leap_export_template 06_HKC_COMP_GEN.xlsx|leap_export_template 07_INA_COMP_GEN.xlsx|leap_export_template 08_JPN_COMP_GEN.xlsx|leap_export_template 09_ROK_COMP_GEN.xlsx|leap_export_template 14_PE_COMP_GEN.xlsx|leap_export_template 16_RUS_COMP_GEN.xlsx|leap_export_template 17_SGP_COMP_GEN.xlsx|leap_export_template 18_CT_COMP_GEN.xlsx,False,branch_structure_only
Resources\Primary\Anthracite,21,AUS clean slate 28_07.xlsx|BD clean slate 28_07.xlsx|MAS clean slate 28_07.xlsx|MEX clean slate 28_07.xlsx|NZ clean slate 27_07.xlsx|PHL clean slate 28_07.xlsx|PNG clean slate 28_07.xlsx|PRC clean slate 28_07.xlsx|THA clean slate 28_07.xlsx|USA clean slate 28_07.xlsx|VN clean slate 28_07.xlsx|leap_export_template 03_CDA_COMP_GEN.xlsx|leap_export_template 04_CHL_COMP_GEN.xlsx|leap_export_template 06_HKC_COMP_GEN.xlsx|leap_export_template 07_INA_COMP_GEN.xlsx|leap_export_template 08_JPN_COMP_GEN.xlsx|leap_export_template 09_ROK_COMP_GEN.xlsx|leap_export_template 14_PE_COMP_GEN.xlsx|leap_export_template 16_RUS_COMP_GEN.xlsx|leap_export_template 17_SGP_COMP_GEN.xlsx|leap_export_template 18_CT_COMP_GEN.xlsx,False,branch_structure_only
Resources\Primary\Bagasse,21,AUS clean slate 28_07.xlsx|BD clean slate 28_07.xlsx|MAS clean slate 28_07.xlsx|MEX clean slate 28_07.xlsx|NZ clean slate 27_07.xlsx|PHL clean slate 28_07.xlsx|PNG clean slate 28_07.xlsx|PRC clean slate 28_07.xlsx|THA clean slate 28_07.xlsx|USA clean slate 28_07.xlsx|VN clean slate 28_07.xlsx|leap_export_template 03_CDA_COMP_GEN.xlsx|leap_export_template 04_CHL_COMP_GEN.xlsx|leap_export_template 06_HKC_COMP_GEN.xlsx|leap_export_template 07_INA_COMP_GEN.xlsx|leap_export_template 08_JPN_COMP_GEN.xlsx|leap_export_template 09_ROK_COMP_GEN.xlsx|leap_export_template 14_PE_COMP_GEN.xlsx|leap_export_template 16_RUS_COMP_GEN.xlsx|leap_export_template 17_SGP_COMP_GEN.xlsx|leap_export_template 18_CT_COMP_GEN.xlsx,False,branch_structure_only
Resources\Primary\Bio jet kerosene,19,BD clean slate 28_07.xlsx|MAS clean slate 28_07.xlsx|NZ clean slate 27_07.xlsx|PHL clean slate 28_07.xlsx|PNG clean slate 28_07.xlsx|PRC clean slate 28_07.xlsx|THA clean slate 28_07.xlsx|USA clean slate 28_07.xlsx|VN clean slate 28_07.xlsx|leap_export_template 03_CDA_COMP_GEN.xlsx|leap_export_template 04_CHL_COMP_GEN.xlsx|leap_export_template 06_HKC_COMP_GEN.xlsx|leap_export_template 07_INA_COMP_GEN.xlsx|leap_export_template 08_JPN_COMP_GEN.xlsx|leap_export_template 09_ROK_COMP_GEN.xlsx|leap_export_template 14_PE_COMP_GEN.xlsx|leap_export_template 16_RUS_COMP_GEN.xlsx|leap_export_template 17_SGP_COMP_GEN.xlsx|leap_export_template 18_CT_COMP_GEN.xlsx,False,branch_structure_only
Resources\Primary\Biodiesel,21,AUS clean slate 28_07.xlsx|BD clean slate 28_07.xlsx|MAS clean slate 28_07.xlsx|MEX clean slate 28_07.xlsx|NZ clean slate 27_07.xlsx|PHL clean slate 28_07.xlsx|PNG clean slate 28_07.xlsx|PRC clean slate 28_07.xlsx|THA clean slate 28_07.xlsx|USA clean slate 28_07.xlsx|VN clean slate 28_07.xlsx|leap_export_template 03_CDA_COMP_GEN.xlsx|leap_export_template 04_CHL_COMP_GEN.xlsx|leap_export_template 06_HKC_COMP_GEN.xlsx|leap_export_template 07_INA_COMP_GEN.xlsx|leap_export_template 08_JPN_COMP_GEN.xlsx|leap_export_template 09_ROK_COMP_GEN.xlsx|leap_export_template 14_PE_COMP_GEN.xlsx|leap_export_template 16_RUS_COMP_GEN.xlsx|leap_export_template 17_SGP_COMP_GEN.xlsx|leap_export_template 18_CT_COMP_GEN.xlsx,False,branch_structure_only
Resources\Primary\Biogas,21,AUS clean slate 28_07.xlsx|BD clean slate 28_07.xlsx|MAS clean slate 28_07.xlsx|MEX clean slate 28_07.xlsx|NZ clean slate 27_07.xlsx|PHL clean slate 28_07.xlsx|PNG clean slate 28_07.xlsx|PRC clean slate 28_07.xlsx|THA clean slate 28_07.xlsx|USA clean slate 28_07.xlsx|VN clean slate 28_07.xlsx|leap_export_template 03_CDA_COMP_GEN.xlsx|leap_export_template 04_CHL_COMP_GEN.xlsx|leap_export_template 06_HKC_COMP_GEN.xlsx|leap_export_template 07_INA_COMP_GEN.xlsx|leap_export_template 08_JPN_COMP_GEN.xlsx|leap_export_template 09_ROK_COMP_GEN.xlsx|leap_export_template 14_PE_COMP_GEN.xlsx|leap_export_template 16_RUS_COMP_GEN.xlsx|leap_export_template 17_SGP_COMP_GEN.xlsx|leap_export_template 18_CT_COMP_GEN.xlsx,False,branch_structure_only
Resources\Primary\Biogasoline,21,AUS clean slate 28_07.xlsx|BD clean slate 28_07.xlsx|MAS clean slate 28_07.xlsx|MEX clean slate 28_07.xlsx|NZ clean slate 27_07.xlsx|PHL clean slate 28_07.xlsx|PNG clean slate 28_07.xlsx|PRC clean slate 28_07.xlsx|THA clean slate 28_07.xlsx|USA clean slate 28_07.xlsx|VN clean slate 28_07.xlsx|leap_export_template 03_CDA_COMP_GEN.xlsx|leap_export_template 04_CHL_COMP_GEN.xlsx|leap_export_template 06_HKC_COMP_GEN.xlsx|leap_export_template 07_INA_COMP_GEN.xlsx|leap_export_template 08_JPN_COMP_GEN.xlsx|leap_export_template 09_ROK_COMP_GEN.xlsx|leap_export_template 14_PE_COMP_GEN.xlsx|leap_export_template 16_RUS_COMP_GEN.xlsx|leap_export_template 17_SGP_COMP_GEN.xlsx|leap_export_template 18_CT_COMP_GEN.xlsx,False,branch_structure_only
Resources\Primary\Black liquor,21,AUS clean slate 28_07.xlsx|BD clean slate 28_07.xlsx|MAS clean slate 28_07.xlsx|MEX clean slate 28_07.xlsx|NZ clean slate 27_07.xlsx|PHL clean slate 28_07.xlsx|PNG clean slate 28_07.xlsx|PRC clean slate 28_07.xlsx|THA clean slate 28_07.xlsx|USA clean slate 28_07.xlsx|VN clean slate 28_07.xlsx|leap_export_template 03_CDA_COMP_GEN.xlsx|leap_export_template 04_CHL_COMP_GEN.xlsx|leap_export_template 06_HKC_COMP_GEN.xlsx|leap_export_template 07_INA_COMP_GEN.xlsx|leap_export_template 08_JPN_COMP_GEN.xlsx|leap_export_template 09_ROK_COMP_GEN.xlsx|leap_export_template 14_PE_COMP_GEN.xlsx|leap_export_template 16_RUS_COMP_GEN.xlsx|leap_export_template 17_SGP_COMP_GEN.xlsx|leap_export_template 18_CT_COMP_GEN.xlsx,False,branch_structure_only
Resources\Primary\Charcoal,21,AUS clean slate 28_07.xlsx|BD clean slate 28_07.xlsx|MAS clean slate 28_07.xlsx|MEX clean slate 28_07.xlsx|NZ clean slate 27_07.xlsx|PHL clean slate 28_07.xlsx|PNG clean slate 28_07.xlsx|PRC clean slate 28_07.xlsx|THA clean slate 28_07.xlsx|USA clean slate 28_07.xlsx|VN clean slate 28_07.xlsx|leap_export_template 03_CDA_COMP_GEN.xlsx|leap_export_template 04_CHL_COMP_GEN.xlsx|leap_export_template 06_HKC_COMP_GEN.xlsx|leap_export_template 07_INA_COMP_GEN.xlsx|leap_export_template 08_JPN_COMP_GEN.xlsx|leap_export_template 09_ROK_COMP_GEN.xlsx|leap_export_template 14_PE_COMP_GEN.xlsx|leap_export_template 16_RUS_COMP_GEN.xlsx|leap_export_template 17_SGP_COMP_GEN.xlsx|leap_export_template 18_CT_COMP_GEN.xlsx,False,branch_structure_only
Resources\Primary\Coal nonspecified,19,BD clean slate 28_07.xlsx|MAS clean slate 28_07.xlsx|NZ clean slate 27_07.xlsx|PHL clean slate 28_07.xlsx|PNG clean slate 28_07.xlsx|PRC clean slate 28_07.xlsx|THA clean slate 28_07.xlsx|USA clean slate 28_07.xlsx|VN clean slate 28_07.xlsx|leap_export_template 03_CDA_COMP_GEN.xlsx|leap_export_template 04_CHL_COMP_GEN.xlsx|leap_export_template 06_HKC_COMP_GEN.xlsx|leap_export_template 07_INA_COMP_GEN.xlsx|leap_export_template 08_JPN_COMP_GEN.xlsx|leap_export_template 09_ROK_COMP_GEN.xlsx|leap_export_template 14_PE_COMP_GEN.xlsx|leap_export_template 16_RUS_COMP_GEN.xlsx|leap_export_template 17_SGP_COMP_GEN.xlsx|leap_export_template 18_CT_COMP_GEN.xlsx,False,branch_structure_only
Resources\Primary\Coking coal,21,AUS clean slate 28_07.xlsx|BD clean slate 28_07.xlsx|MAS clean slate 28_07.xlsx|MEX clean slate 28_07.xlsx|NZ clean slate 27_07.xlsx|PHL clean slate 28_07.xlsx|PNG clean slate 28_07.xlsx|PRC clean slate 28_07.xlsx|THA clean slate 28_07.xlsx|USA clean slate 28_07.xlsx|VN clean slate 28_07.xlsx|leap_export_template 03_CDA_COMP_GEN.xlsx|leap_export_template 04_CHL_COMP_GEN.xlsx|leap_export_template 06_HKC_COMP_GEN.xlsx|leap_export_template 07_INA_COMP_GEN.xlsx|leap_export_template 08_JPN_COMP_GEN.xlsx|leap_export_template 09_ROK_COMP_GEN.xlsx|leap_export_template 14_PE_COMP_GEN.xlsx|leap_export_template 16_RUS_COMP_GEN.xlsx|leap_export_template 17_SGP_COMP_GEN.xlsx|leap_export_template 18_CT_COMP_GEN.xlsx,False,branch_structure_only
Resources\Primary\Crude oil,21,AUS clean slate 28_07.xlsx|BD clean slate 28_07.xlsx|MAS clean slate 28_07.xlsx|MEX clean slate 28_07.xlsx|NZ clean slate 27_07.xlsx|PHL clean slate 28_07.xlsx|PNG clean slate 28_07.xlsx|PRC clean slate 28_07.xlsx|THA clean slate 28_07.xlsx|USA clean slate 28_07.xlsx|VN clean slate 28_07.xlsx|leap_export_template 03_CDA_COMP_GEN.xlsx|leap_export_template 04_CHL_COMP_GEN.xlsx|leap_export_template 06_HKC_COMP_GEN.xlsx|leap_export_template 07_INA_COMP_GEN.xlsx|leap_export_template 08_JPN_COMP_GEN.xlsx|leap_export_template 09_ROK_COMP_GEN.xlsx|leap_export_template 14_PE_COMP_GEN.xlsx|leap_export_template 16_RUS_COMP_GEN.xlsx|leap_export_template 17_SGP_COMP_GEN.xlsx|leap_export_template 18_CT_COMP_GEN.xlsx,False,branch_structure_only
Resources\Primary\Efuel,21,AUS clean slate 28_07.xlsx|BD clean slate 28_07.xlsx|MAS clean slate 28_07.xlsx|MEX clean slate 28_07.xlsx|NZ clean slate 27_07.xlsx|PHL clean slate 28_07.xlsx|PNG clean slate 28_07.xlsx|PRC clean slate 28_07.xlsx|THA clean slate 28_07.xlsx|USA clean slate 28_07.xlsx|VN clean slate 28_07.xlsx|leap_export_template 03_CDA_COMP_GEN.xlsx|leap_export_template 04_CHL_COMP_GEN.xlsx|leap_export_template 06_HKC_COMP_GEN.xlsx|leap_export_template 07_INA_COMP_GEN.xlsx|leap_export_template 08_JPN_COMP_GEN.xlsx|leap_export_template 09_ROK_COMP_GEN.xlsx|leap_export_template 14_PE_COMP_GEN.xlsx|leap_export_template 16_RUS_COMP_GEN.xlsx|leap_export_template 17_SGP_COMP_GEN.xlsx|leap_export_template 18_CT_COMP_GEN.xlsx,False,branch_structure_only
Resources\Primary\Fuelwood and woodwaste,21,AUS clean slate 28_07.xlsx|BD clean slate 28_07.xlsx|MAS clean slate 28_07.xlsx|MEX clean slate 28_07.xlsx|NZ clean slate 27_07.xlsx|PHL clean slate 28_07.xlsx|PNG clean slate 28_07.xlsx|PRC clean slate 28_07.xlsx|THA clean slate 28_07.xlsx|USA clean slate 28_07.xlsx|VN clean slate 28_07.xlsx|leap_export_template 03_CDA_COMP_GEN.xlsx|leap_export_template 04_CHL_COMP_GEN.xlsx|leap_export_template 06_HKC_COMP_GEN.xlsx|leap_export_template 07_INA_COMP_GEN.xlsx|leap_export_template 08_JPN_COMP_GEN.xlsx|leap_export_template 09_ROK_COMP_GEN.xlsx|leap_export_template 14_PE_COMP_GEN.xlsx|leap_export_template 16_RUS_COMP_GEN.xlsx|leap_export_template 17_SGP_COMP_GEN.xlsx|leap_export_template 18_CT_COMP_GEN.xlsx,False,branch_structure_only
Resources\Primary\Gas nonspecified,10,leap_export_template 03_CDA_COMP_GEN.xlsx|leap_export_template 04_CHL_COMP_GEN.xlsx|leap_export_template 06_HKC_COMP_GEN.xlsx|leap_export_template 07_INA_COMP_GEN.xlsx|leap_export_template 08_JPN_COMP_GEN.xlsx|leap_export_template 09_ROK_COMP_GEN.xlsx|leap_export_template 14_PE_COMP_GEN.xlsx|leap_export_template 16_RUS_COMP_GEN.xlsx|leap_export_template 17_SGP_COMP_GEN.xlsx|leap_export_template 18_CT_COMP_GEN.xlsx,False,branch_structure_only
Resources\Primary\Geothermal,21,AUS clean slate 28_07.xlsx|BD clean slate 28_07.xlsx|MAS clean slate 28_07.xlsx|MEX clean slate 28_07.xlsx|NZ clean slate 27_07.xlsx|PHL clean slate 28_07.xlsx|PNG clean slate 28_07.xlsx|PRC clean slate 28_07.xlsx|THA clean slate 28_07.xlsx|USA clean slate 28_07.xlsx|VN clean slate 28_07.xlsx|leap_export_template 03_CDA_COMP_GEN.xlsx|leap_export_template 04_CHL_COMP_GEN.xlsx|leap_export_template 06_HKC_COMP_GEN.xlsx|leap_export_template 07_INA_COMP_GEN.xlsx|leap_export_template 08_JPN_COMP_GEN.xlsx|leap_export_template 09_ROK_COMP_GEN.xlsx|leap_export_template 14_PE_COMP_GEN.xlsx|leap_export_template 16_RUS_COMP_GEN.xlsx|leap_export_template 17_SGP_COMP_GEN.xlsx|leap_export_template 18_CT_COMP_GEN.xlsx,False,branch_structure_only
Resources\Primary\Hydro,21,AUS clean slate 28_07.xlsx|BD clean slate 28_07.xlsx|MAS clean slate 28_07.xlsx|MEX clean slate 28_07.xlsx|NZ clean slate 27_07.xlsx|PHL clean slate 28_07.xlsx|PNG clean slate 28_07.xlsx|PRC clean slate 28_07.xlsx|THA clean slate 28_07.xlsx|USA clean slate 28_07.xlsx|VN clean slate 28_07.xlsx|leap_export_template 03_CDA_COMP_GEN.xlsx|leap_export_template 04_CHL_COMP_GEN.xlsx|leap_export_template 06_HKC_COMP_GEN.xlsx|leap_export_template 07_INA_COMP_GEN.xlsx|leap_export_template 08_JPN_COMP_GEN.xlsx|leap_export_template 09_ROK_COMP_GEN.xlsx|leap_export_template 14_PE_COMP_GEN.xlsx|leap_export_template 16_RUS_COMP_GEN.xlsx|leap_export_template 17_SGP_COMP_GEN.xlsx|leap_export_template 18_CT_COMP_GEN.xlsx,False,branch_structure_only
Resources\Primary\Hydrogen,21,AUS clean slate 28_07.xlsx|BD clean slate 28_07.xlsx|MAS clean slate 28_07.xlsx|MEX clean slate 28_07.xlsx|NZ clean slate 27_07.xlsx|PHL clean slate 28_07.xlsx|PNG clean slate 28_07.xlsx|PRC clean slate 28_07.xlsx|THA clean slate 28_07.xlsx|USA clean slate 28_07.xlsx|VN clean slate 28_07.xlsx|leap_export_template 03_CDA_COMP_GEN.xlsx|leap_export_template 04_CHL_COMP_GEN.xlsx|leap_export_template 06_HKC_COMP_GEN.xlsx|leap_export_template 07_INA_COMP_GEN.xlsx|leap_export_template 08_JPN_COMP_GEN.xlsx|leap_export_template 09_ROK_COMP_GEN.xlsx|leap_export_template 14_PE_COMP_GEN.xlsx|leap_export_template 16_RUS_COMP_GEN.xlsx|leap_export_template 17_SGP_COMP_GEN.xlsx|leap_export_template 18_CT_COMP_GEN.xlsx,False,branch_structure_only
Resources\Primary\Lignite,21,AUS clean slate 28_07.xlsx|BD clean slate 28_07.xlsx|MAS clean slate 28_07.xlsx|MEX clean slate 28_07.xlsx|NZ clean slate 27_07.xlsx|PHL clean slate 28_07.xlsx|PNG clean slate 28_07.xlsx|PRC clean slate 28_07.xlsx|THA clean slate 28_07.xlsx|USA clean slate 28_07.xlsx|VN clean slate 28_07.xlsx|leap_export_template 03_CDA_COMP_GEN.xlsx|leap_export_template 04_CHL_COMP_GEN.xlsx|leap_export_template 06_HKC_COMP_GEN.xlsx|leap_export_template 07_INA_COMP_GEN.xlsx|leap_export_template 08_JPN_COMP_GEN.xlsx|leap_export_template 09_ROK_COMP_GEN.xlsx|leap_export_template 14_PE_COMP_GEN.xlsx|leap_export_template 16_RUS_COMP_GEN.xlsx|leap_export_template 17_SGP_COMP_GEN.xlsx|leap_export_template 18_CT_COMP_GEN.xlsx,False,branch_structure_only
Resources\Primary\Municipal solid waste renewable,21,AUS clean slate 28_07.xlsx|BD clean slate 28_07.xlsx|MAS clean slate 28_07.xlsx|MEX clean slate 28_07.xlsx|NZ clean slate 27_07.xlsx|PHL clean slate 28_07.xlsx|PNG clean slate 28_07.xlsx|PRC clean slate 28_07.xlsx|THA clean slate 28_07.xlsx|USA clean slate 28_07.xlsx|VN clean slate 28_07.xlsx|leap_export_template 03_CDA_COMP_GEN.xlsx|leap_export_template 04_CHL_COMP_GEN.xlsx|leap_export_template 06_HKC_COMP_GEN.xlsx|leap_export_template 07_INA_COMP_GEN.xlsx|leap_export_template 08_JPN_COMP_GEN.xlsx|leap_export_template 09_ROK_COMP_GEN.xlsx|leap_export_template 14_PE_COMP_GEN.xlsx|leap_export_template 16_RUS_COMP_GEN.xlsx|leap_export_template 17_SGP_COMP_GEN.xlsx|leap_export_template 18_CT_COMP_GEN.xlsx,False,branch_structure_only
Resources\Primary\Natural gas,21,AUS clean slate 28_07.xlsx|BD clean slate 28_07.xlsx|MAS clean slate 28_07.xlsx|MEX clean slate 28_07.xlsx|NZ clean slate 27_07.xlsx|PHL clean slate 28_07.xlsx|PNG clean slate 28_07.xlsx|PRC clean slate 28_07.xlsx|THA clean slate 28_07.xlsx|USA clean slate 28_07.xlsx|VN clean slate 28_07.xlsx|leap_export_template 03_CDA_COMP_GEN.xlsx|leap_export_template 04_CHL_COMP_GEN.xlsx|leap_export_template 06_HKC_COMP_GEN.xlsx|leap_export_template 07_INA_COMP_GEN.xlsx|leap_export_template 08_JPN_COMP_GEN.xlsx|leap_export_template 09_ROK_COMP_GEN.xlsx|leap_export_template 14_PE_COMP_GEN.xlsx|leap_export_template 16_RUS_COMP_GEN.xlsx|leap_export_template 17_SGP_COMP_GEN.xlsx|leap_export_template 18_CT_COMP_GEN.xlsx,False,branch_structure_only
Resources\Primary\Natural gas liquids,21,AUS clean slate 28_07.xlsx|BD clean slate 28_07.xlsx|MAS clean slate 28_07.xlsx|MEX clean slate 28_07.xlsx|NZ clean slate 27_07.xlsx|PHL clean slate 28_07.xlsx|PNG clean slate 28_07.xlsx|PRC clean slate 28_07.xlsx|THA clean slate 28_07.xlsx|USA clean slate 28_07.xlsx|VN clean slate 28_07.xlsx|leap_export_template 03_CDA_COMP_GEN.xlsx|leap_export_template 04_CHL_COMP_GEN.xlsx|leap_export_template 06_HKC_COMP_GEN.xlsx|leap_export_template 07_INA_COMP_GEN.xlsx|leap_export_template 08_JPN_COMP_GEN.xlsx|leap_export_template 09_ROK_COMP_GEN.xlsx|leap_export_template 14_PE_COMP_GEN.xlsx|leap_export_template 16_RUS_COMP_GEN.xlsx|leap_export_template 17_SGP_COMP_GEN.xlsx|leap_export_template 18_CT_COMP_GEN.xlsx,False,branch_structure_only
Resources\Primary\Nuclear,21,AUS clean slate 28_07.xlsx|BD clean slate 28_07.xlsx|MAS clean slate 28_07.xlsx|MEX clean slate 28_07.xlsx|NZ clean slate 27_07.xlsx|PHL clean slate 28_07.xlsx|PNG clean slate 28_07.xlsx|PRC clean slate 28_07.xlsx|THA clean slate 28_07.xlsx|USA clean slate 28_07.xlsx|VN clean slate 28_07.xlsx|leap_export_template 03_CDA_COMP_GEN.xlsx|leap_export_template 04_CHL_COMP_GEN.xlsx|leap_export_template 06_HKC_COMP_GEN.xlsx|leap_export_template 07_INA_COMP_GEN.xlsx|leap_export_template 08_JPN_COMP_GEN.xlsx|leap_export_template 09_ROK_COMP_GEN.xlsx|leap_export_template 14_PE_COMP_GEN.xlsx|leap_export_template 16_RUS_COMP_GEN.xlsx|leap_export_template 17_SGP_COMP_GEN.xlsx|leap_export_template 18_CT_COMP_GEN.xlsx,False,branch_structure_only
Resources\Primary\Oil shale and oil sands,10,leap_export_template 03_CDA_COMP_GEN.xlsx|leap_export_template 04_CHL_COMP_GEN.xlsx|leap_export_template 06_HKC_COMP_GEN.xlsx|leap_export_template 07_INA_COMP_GEN.xlsx|leap_export_template 08_JPN_COMP_GEN.xlsx|leap_export_template 09_ROK_COMP_GEN.xlsx|leap_export_template 14_PE_COMP_GEN.xlsx|leap_export_template 16_RUS_COMP_GEN.xlsx|leap_export_template 17_SGP_COMP_GEN.xlsx|leap_export_template 18_CT_COMP_GEN.xlsx,False,branch_structure_only
Resources\Primary\Other biomass,21,AUS clean slate 28_07.xlsx|BD clean slate 28_07.xlsx|MAS clean slate 28_07.xlsx|MEX clean slate 28_07.xlsx|NZ clean slate 27_07.xlsx|PHL clean slate 28_07.xlsx|PNG clean slate 28_07.xlsx|PRC clean slate 28_07.xlsx|THA clean slate 28_07.xlsx|USA clean slate 28_07.xlsx|VN clean slate 28_07.xlsx|leap_export_template 03_CDA_COMP_GEN.xlsx|leap_export_template 04_CHL_COMP_GEN.xlsx|leap_export_template 06_HKC_COMP_GEN.xlsx|leap_export_template 07_INA_COMP_GEN.xlsx|leap_export_template 08_JPN_COMP_GEN.xlsx|leap_export_template 09_ROK_COMP_GEN.xlsx|leap_export_template 14_PE_COMP_GEN.xlsx|leap_export_template 16_RUS_COMP_GEN.xlsx|leap_export_template 17_SGP_COMP_GEN.xlsx|leap_export_template 18_CT_COMP_GEN.xlsx,False,branch_structure_only
Resources\Primary\Other bituminous coal,21,AUS clean slate 28_07.xlsx|BD clean slate 28_07.xlsx|MAS clean slate 28_07.xlsx|MEX clean slate 28_07.xlsx|NZ clean slate 27_07.xlsx|PHL clean slate 28_07.xlsx|PNG clean slate 28_07.xlsx|PRC clean slate 28_07.xlsx|THA clean slate 28_07.xlsx|USA clean slate 28_07.xlsx|VN clean slate 28_07.xlsx|leap_export_template 03_CDA_COMP_GEN.xlsx|leap_export_template 04_CHL_COMP_GEN.xlsx|leap_export_template 06_HKC_COMP_GEN.xlsx|leap_export_template 07_INA_COMP_GEN.xlsx|leap_export_template 08_JPN_COMP_GEN.xlsx|leap_export_template 09_ROK_COMP_GEN.xlsx|leap_export_template 14_PE_COMP_GEN.xlsx|leap_export_template 16_RUS_COMP_GEN.xlsx|leap_export_template 17_SGP_COMP_GEN.xlsx|leap_export_template 18_CT_COMP_GEN.xlsx,False,branch_structure_only
Resources\Primary\Other liquid biofuels,21,AUS clean slate 28_07.xlsx|BD clean slate 28_07.xlsx|MAS clean slate 28_07.xlsx|MEX clean slate 28_07.xlsx|NZ clean slate 27_07.xlsx|PHL clean slate 28_07.xlsx|PNG clean slate 28_07.xlsx|PRC clean slate 28_07.xlsx|THA clean slate 28_07.xlsx|USA clean slate 28_07.xlsx|VN clean slate 28_07.xlsx|leap_export_template 03_CDA_COMP_GEN.xlsx|leap_export_template 04_CHL_COMP_GEN.xlsx|leap_export_template 06_HKC_COMP_GEN.xlsx|leap_export_template 07_INA_COMP_GEN.xlsx|leap_export_template 08_JPN_COMP_GEN.xlsx|leap_export_template 09_ROK_COMP_GEN.xlsx|leap_export_template 14_PE_COMP_GEN.xlsx|leap_export_template 16_RUS_COMP_GEN.xlsx|leap_export_template 17_SGP_COMP_GEN.xlsx|leap_export_template 18_CT_COMP_GEN.xlsx,False,branch_structure_only
Resources\Primary\Peat,21,AUS clean slate 28_07.xlsx|BD clean slate 28_07.xlsx|MAS clean slate 28_07.xlsx|MEX clean slate 28_07.xlsx|NZ clean slate 27_07.xlsx|PHL clean slate 28_07.xlsx|PNG clean slate 28_07.xlsx|PRC clean slate 28_07.xlsx|THA clean slate 28_07.xlsx|USA clean slate 28_07.xlsx|VN clean slate 28_07.xlsx|leap_export_template 03_CDA_COMP_GEN.xlsx|leap_export_template 04_CHL_COMP_GEN.xlsx|leap_export_template 06_HKC_COMP_GEN.xlsx|leap_export_template 07_INA_COMP_GEN.xlsx|leap_export_template 08_JPN_COMP_GEN.xlsx|leap_export_template 09_ROK_COMP_GEN.xlsx|leap_export_template 14_PE_COMP_GEN.xlsx|leap_export_template 16_RUS_COMP_GEN.xlsx|leap_export_template 17_SGP_COMP_GEN.xlsx|leap_export_template 18_CT_COMP_GEN.xlsx,False,branch_structure_only
Resources\Primary\Peat products,21,AUS clean slate 28_07.xlsx|BD clean slate 28_07.xlsx|MAS clean slate 28_07.xlsx|MEX clean slate 28_07.xlsx|NZ clean slate 27_07.xlsx|PHL clean slate 28_07.xlsx|PNG clean slate 28_07.xlsx|PRC clean slate 28_07.xlsx|THA clean slate 28_07.xlsx|USA clean slate 28_07.xlsx|VN clean slate 28_07.xlsx|leap_export_template 03_CDA_COMP_GEN.xlsx|leap_export_template 04_CHL_COMP_GEN.xlsx|leap_export_template 06_HKC_COMP_GEN.xlsx|leap_export_template 07_INA_COMP_GEN.xlsx|leap_export_template 08_JPN_COMP_GEN.xlsx|leap_export_template 09_ROK_COMP_GEN.xlsx|leap_export_template 14_PE_COMP_GEN.xlsx|leap_export_template 16_RUS_COMP_GEN.xlsx|leap_export_template 17_SGP_COMP_GEN.xlsx|leap_export_template 18_CT_COMP_GEN.xlsx,False,branch_structure_only
Resources\Primary\Refinery feedstocks,21,AUS clean slate 28_07.xlsx|BD clean slate 28_07.xlsx|MAS clean slate 28_07.xlsx|MEX clean slate 28_07.xlsx|NZ clean slate 27_07.xlsx|PHL clean slate 28_07.xlsx|PNG clean slate 28_07.xlsx|PRC clean slate 28_07.xlsx|THA clean slate 28_07.xlsx|USA clean slate 28_07.xlsx|VN clean slate 28_07.xlsx|leap_export_template 03_CDA_COMP_GEN.xlsx|leap_export_template 04_CHL_COMP_GEN.xlsx|leap_export_template 06_HKC_COMP_GEN.xlsx|leap_export_template 07_INA_COMP_GEN.xlsx|leap_export_template 08_JPN_COMP_GEN.xlsx|leap_export_template 09_ROK_COMP_GEN.xlsx|leap_export_template 14_PE_COMP_GEN.xlsx|leap_export_template 16_RUS_COMP_GEN.xlsx|leap_export_template 17_SGP_COMP_GEN.xlsx|leap_export_template 18_CT_COMP_GEN.xlsx,False,branch_structure_only
Resources\Primary\Solar Photovoltaics,4,PHL clean slate 28_07.xlsx|PNG clean slate 28_07.xlsx|THA clean slate 28_07.xlsx|VN clean slate 28_07.xlsx,False,branch_structure_only
Resources\Primary\Solar nonspecified,21,AUS clean slate 28_07.xlsx|BD clean slate 28_07.xlsx|MAS clean slate 28_07.xlsx|MEX clean slate 28_07.xlsx|NZ clean slate 27_07.xlsx|PHL clean slate 28_07.xlsx|PNG clean slate 28_07.xlsx|PRC clean slate 28_07.xlsx|THA clean slate 28_07.xlsx|USA clean slate 28_07.xlsx|VN clean slate 28_07.xlsx|leap_export_template 03_CDA_COMP_GEN.xlsx|leap_export_template 04_CHL_COMP_GEN.xlsx|leap_export_template 06_HKC_COMP_GEN.xlsx|leap_export_template 07_INA_COMP_GEN.xlsx|leap_export_template 08_JPN_COMP_GEN.xlsx|leap_export_template 09_ROK_COMP_GEN.xlsx|leap_export_template 14_PE_COMP_GEN.xlsx|leap_export_template 16_RUS_COMP_GEN.xlsx|leap_export_template 17_SGP_COMP_GEN.xlsx|leap_export_template 18_CT_COMP_GEN.xlsx,False,branch_structure_only
Resources\Primary\Solar photovoltaics,17,AUS clean slate 28_07.xlsx|BD clean slate 28_07.xlsx|MAS clean slate 28_07.xlsx|MEX clean slate 28_07.xlsx|NZ clean slate 27_07.xlsx|PRC clean slate 28_07.xlsx|USA clean slate 28_07.xlsx|leap_export_template 03_CDA_COMP_GEN.xlsx|leap_export_template 04_CHL_COMP_GEN.xlsx|leap_export_template 06_HKC_COMP_GEN.xlsx|leap_export_template 07_INA_COMP_GEN.xlsx|leap_export_template 08_JPN_COMP_GEN.xlsx|leap_export_template 09_ROK_COMP_GEN.xlsx|leap_export_template 14_PE_COMP_GEN.xlsx|leap_export_template 16_RUS_COMP_GEN.xlsx|leap_export_template 17_SGP_COMP_GEN.xlsx|leap_export_template 18_CT_COMP_GEN.xlsx,False,branch_structure_only
Resources\Primary\Sub bituminous coal,21,AUS clean slate 28_07.xlsx|BD clean slate 28_07.xlsx|MAS clean slate 28_07.xlsx|MEX clean slate 28_07.xlsx|NZ clean slate 27_07.xlsx|PHL clean slate 28_07.xlsx|PNG clean slate 28_07.xlsx|PRC clean slate 28_07.xlsx|THA clean slate 28_07.xlsx|USA clean slate 28_07.xlsx|VN clean slate 28_07.xlsx|leap_export_template 03_CDA_COMP_GEN.xlsx|leap_export_template 04_CHL_COMP_GEN.xlsx|leap_export_template 06_HKC_COMP_GEN.xlsx|leap_export_template 07_INA_COMP_GEN.xlsx|leap_export_template 08_JPN_COMP_GEN.xlsx|leap_export_template 09_ROK_COMP_GEN.xlsx|leap_export_template 14_PE_COMP_GEN.xlsx|leap_export_template 16_RUS_COMP_GEN.xlsx|leap_export_template 17_SGP_COMP_GEN.xlsx|leap_export_template 18_CT_COMP_GEN.xlsx,False,branch_structure_only
Resources\Primary\Tide wave ocean,21,AUS clean slate 28_07.xlsx|BD clean slate 28_07.xlsx|MAS clean slate 28_07.xlsx|MEX clean slate 28_07.xlsx|NZ clean slate 27_07.xlsx|PHL clean slate 28_07.xlsx|PNG clean slate 28_07.xlsx|PRC clean slate 28_07.xlsx|THA clean slate 28_07.xlsx|USA clean slate 28_07.xlsx|VN clean slate 28_07.xlsx|leap_export_template 03_CDA_COMP_GEN.xlsx|leap_export_template 04_CHL_COMP_GEN.xlsx|leap_export_template 06_HKC_COMP_GEN.xlsx|leap_export_template 07_INA_COMP_GEN.xlsx|leap_export_template 08_JPN_COMP_GEN.xlsx|leap_export_template 09_ROK_COMP_GEN.xlsx|leap_export_template 14_PE_COMP_GEN.xlsx|leap_export_template 16_RUS_COMP_GEN.xlsx|leap_export_template 17_SGP_COMP_GEN.xlsx|leap_export_template 18_CT_COMP_GEN.xlsx,False,branch_structure_only
Resources\Primary\Wind,21,AUS clean slate 28_07.xlsx|BD clean slate 28_07.xlsx|MAS clean slate 28_07.xlsx|MEX clean slate 28_07.xlsx|NZ clean slate 27_07.xlsx|PHL clean slate 28_07.xlsx|PNG clean slate 28_07.xlsx|PRC clean slate 28_07.xlsx|THA clean slate 28_07.xlsx|USA clean slate 28_07.xlsx|VN clean slate 28_07.xlsx|leap_export_template 03_CDA_COMP_GEN.xlsx|leap_export_template 04_CHL_COMP_GEN.xlsx|leap_export_template 06_HKC_COMP_GEN.xlsx|leap_export_template 07_INA_COMP_GEN.xlsx|leap_export_template 08_JPN_COMP_GEN.xlsx|leap_export_template 09_ROK_COMP_GEN.xlsx|leap_export_template 14_PE_COMP_GEN.xlsx|leap_export_template 16_RUS_COMP_GEN.xlsx|leap_export_template 17_SGP_COMP_GEN.xlsx|leap_export_template 18_CT_COMP_GEN.xlsx,False,branch_structure_only
Resources\Secondary\Aviation gasoline,21,AUS clean slate 28_07.xlsx|BD clean slate 28_07.xlsx|MAS clean slate 28_07.xlsx|MEX clean slate 28_07.xlsx|NZ clean slate 27_07.xlsx|PHL clean slate 28_07.xlsx|PNG clean slate 28_07.xlsx|PRC clean slate 28_07.xlsx|THA clean slate 28_07.xlsx|USA clean slate 28_07.xlsx|VN clean slate 28_07.xlsx|leap_export_template 03_CDA_COMP_GEN.xlsx|leap_export_template 04_CHL_COMP_GEN.xlsx|leap_export_template 06_HKC_COMP_GEN.xlsx|leap_export_template 07_INA_COMP_GEN.xlsx|leap_export_template 08_JPN_COMP_GEN.xlsx|leap_export_template 09_ROK_COMP_GEN.xlsx|leap_export_template 14_PE_COMP_GEN.xlsx|leap_export_template 16_RUS_COMP_GEN.xlsx|leap_export_template 17_SGP_COMP_GEN.xlsx|leap_export_template 18_CT_COMP_GEN.xlsx,False,branch_structure_only
Resources\Secondary\BKB and PB,21,AUS clean slate 28_07.xlsx|BD clean slate 28_07.xlsx|MAS clean slate 28_07.xlsx|MEX clean slate 28_07.xlsx|NZ clean slate 27_07.xlsx|PHL clean slate 28_07.xlsx|PNG clean slate 28_07.xlsx|PRC clean slate 28_07.xlsx|THA clean slate 28_07.xlsx|USA clean slate 28_07.xlsx|VN clean slate 28_07.xlsx|leap_export_template 03_CDA_COMP_GEN.xlsx|leap_export_template 04_CHL_COMP_GEN.xlsx|leap_export_template 06_HKC_COMP_GEN.xlsx|leap_export_template 07_INA_COMP_GEN.xlsx|leap_export_template 08_JPN_COMP_GEN.xlsx|leap_export_template 09_ROK_COMP_GEN.xlsx|leap_export_template 14_PE_COMP_GEN.xlsx|leap_export_template 16_RUS_COMP_GEN.xlsx|leap_export_template 17_SGP_COMP_GEN.xlsx|leap_export_template 18_CT_COMP_GEN.xlsx,False,branch_structure_only
Resources\Secondary\Bitumen,21,AUS clean slate 28_07.xlsx|BD clean slate 28_07.xlsx|MAS clean slate 28_07.xlsx|MEX clean slate 28_07.xlsx|NZ clean slate 27_07.xlsx|PHL clean slate 28_07.xlsx|PNG clean slate 28_07.xlsx|PRC clean slate 28_07.xlsx|THA clean slate 28_07.xlsx|USA clean slate 28_07.xlsx|VN clean slate 28_07.xlsx|leap_export_template 03_CDA_COMP_GEN.xlsx|leap_export_template 04_CHL_COMP_GEN.xlsx|leap_export_template 06_HKC_COMP_GEN.xlsx|leap_export_template 07_INA_COMP_GEN.xlsx|leap_export_template 08_JPN_COMP_GEN.xlsx|leap_export_template 09_ROK_COMP_GEN.xlsx|leap_export_template 14_PE_COMP_GEN.xlsx|leap_export_template 16_RUS_COMP_GEN.xlsx|leap_export_template 17_SGP_COMP_GEN.xlsx|leap_export_template 18_CT_COMP_GEN.xlsx,False,branch_structure_only
Resources\Secondary\Blast furnace gas,21,AUS clean slate 28_07.xlsx|BD clean slate 28_07.xlsx|MAS clean slate 28_07.xlsx|MEX clean slate 28_07.xlsx|NZ clean slate 27_07.xlsx|PHL clean slate 28_07.xlsx|PNG clean slate 28_07.xlsx|PRC clean slate 28_07.xlsx|THA clean slate 28_07.xlsx|USA clean slate 28_07.xlsx|VN clean slate 28_07.xlsx|leap_export_template 03_CDA_COMP_GEN.xlsx|leap_export_template 04_CHL_COMP_GEN.xlsx|leap_export_template 06_HKC_COMP_GEN.xlsx|leap_export_template 07_INA_COMP_GEN.xlsx|leap_export_template 08_JPN_COMP_GEN.xlsx|leap_export_template 09_ROK_COMP_GEN.xlsx|leap_export_template 14_PE_COMP_GEN.xlsx|leap_export_template 16_RUS_COMP_GEN.xlsx|leap_export_template 17_SGP_COMP_GEN.xlsx|leap_export_template 18_CT_COMP_GEN.xlsx,False,branch_structure_only
Resources\Secondary\Coal tar,21,AUS clean slate 28_07.xlsx|BD clean slate 28_07.xlsx|MAS clean slate 28_07.xlsx|MEX clean slate 28_07.xlsx|NZ clean slate 27_07.xlsx|PHL clean slate 28_07.xlsx|PNG clean slate 28_07.xlsx|PRC clean slate 28_07.xlsx|THA clean slate 28_07.xlsx|USA clean slate 28_07.xlsx|VN clean slate 28_07.xlsx|leap_export_template 03_CDA_COMP_GEN.xlsx|leap_export_template 04_CHL_COMP_GEN.xlsx|leap_export_template 06_HKC_COMP_GEN.xlsx|leap_export_template 07_INA_COMP_GEN.xlsx|leap_export_template 08_JPN_COMP_GEN.xlsx|leap_export_template 09_ROK_COMP_GEN.xlsx|leap_export_template 14_PE_COMP_GEN.xlsx|leap_export_template 16_RUS_COMP_GEN.xlsx|leap_export_template 17_SGP_COMP_GEN.xlsx|leap_export_template 18_CT_COMP_GEN.xlsx,False,branch_structure_only
Resources\Secondary\Coke oven coke,21,AUS clean slate 28_07.xlsx|BD clean slate 28_07.xlsx|MAS clean slate 28_07.xlsx|MEX clean slate 28_07.xlsx|NZ clean slate 27_07.xlsx|PHL clean slate 28_07.xlsx|PNG clean slate 28_07.xlsx|PRC clean slate 28_07.xlsx|THA clean slate 28_07.xlsx|USA clean slate 28_07.xlsx|VN clean slate 28_07.xlsx|leap_export_template 03_CDA_COMP_GEN.xlsx|leap_export_template 04_CHL_COMP_GEN.xlsx|leap_export_template 06_HKC_COMP_GEN.xlsx|leap_export_template 07_INA_COMP_GEN.xlsx|leap_export_template 08_JPN_COMP_GEN.xlsx|leap_export_template 09_ROK_COMP_GEN.xlsx|leap_export_template 14_PE_COMP_GEN.xlsx|leap_export_template 16_RUS_COMP_GEN.xlsx|leap_export_template 17_SGP_COMP_GEN.xlsx|leap_export_template 18_CT_COMP_GEN.xlsx,False,branch_structure_only
Resources\Secondary\Coke oven gas,21,AUS clean slate 28_07.xlsx|BD clean slate 28_07.xlsx|MAS clean slate 28_07.xlsx|MEX clean slate 28_07.xlsx|NZ clean slate 27_07.xlsx|PHL clean slate 28_07.xlsx|PNG clean slate 28_07.xlsx|PRC clean slate 28_07.xlsx|THA clean slate 28_07.xlsx|USA clean slate 28_07.xlsx|VN clean slate 28_07.xlsx|leap_export_template 03_CDA_COMP_GEN.xlsx|leap_export_template 04_CHL_COMP_GEN.xlsx|leap_export_template 06_HKC_COMP_GEN.xlsx|leap_export_template 07_INA_COMP_GEN.xlsx|leap_export_template 08_JPN_COMP_GEN.xlsx|leap_export_template 09_ROK_COMP_GEN.xlsx|leap_export_template 14_PE_COMP_GEN.xlsx|leap_export_template 16_RUS_COMP_GEN.xlsx|leap_export_template 17_SGP_COMP_GEN.xlsx|leap_export_template 18_CT_COMP_GEN.xlsx,False,branch_structure_only
Resources\Secondary\Electricity,21,AUS clean slate 28_07.xlsx|BD clean slate 28_07.xlsx|MAS clean slate 28_07.xlsx|MEX clean slate 28_07.xlsx|NZ clean slate 27_07.xlsx|PHL clean slate 28_07.xlsx|PNG clean slate 28_07.xlsx|PRC clean slate 28_07.xlsx|THA clean slate 28_07.xlsx|USA clean slate 28_07.xlsx|VN clean slate 28_07.xlsx|leap_export_template 03_CDA_COMP_GEN.xlsx|leap_export_template 04_CHL_COMP_GEN.xlsx|leap_export_template 06_HKC_COMP_GEN.xlsx|leap_export_template 07_INA_COMP_GEN.xlsx|leap_export_template 08_JPN_COMP_GEN.xlsx|leap_export_template 09_ROK_COMP_GEN.xlsx|leap_export_template 14_PE_COMP_GEN.xlsx|leap_export_template 16_RUS_COMP_GEN.xlsx|leap_export_template 17_SGP_COMP_GEN.xlsx|leap_export_template 18_CT_COMP_GEN.xlsx,False,branch_structure_only
Resources\Secondary\Ethane,21,AUS clean slate 28_07.xlsx|BD clean slate 28_07.xlsx|MAS clean slate 28_07.xlsx|MEX clean slate 28_07.xlsx|NZ clean slate 27_07.xlsx|PHL clean slate 28_07.xlsx|PNG clean slate 28_07.xlsx|PRC clean slate 28_07.xlsx|THA clean slate 28_07.xlsx|USA clean slate 28_07.xlsx|VN clean slate 28_07.xlsx|leap_export_template 03_CDA_COMP_GEN.xlsx|leap_export_template 04_CHL_COMP_GEN.xlsx|leap_export_template 06_HKC_COMP_GEN.xlsx|leap_export_template 07_INA_COMP_GEN.xlsx|leap_export_template 08_JPN_COMP_GEN.xlsx|leap_export_template 09_ROK_COMP_GEN.xlsx|leap_export_template 14_PE_COMP_GEN.xlsx|leap_export_template 16_RUS_COMP_GEN.xlsx|leap_export_template 17_SGP_COMP_GEN.xlsx|leap_export_template 18_CT_COMP_GEN.xlsx,False,branch_structure_only
Resources\Secondary\Fuel oil,21,AUS clean slate 28_07.xlsx|BD clean slate 28_07.xlsx|MAS clean slate 28_07.xlsx|MEX clean slate 28_07.xlsx|NZ clean slate 27_07.xlsx|PHL clean slate 28_07.xlsx|PNG clean slate 28_07.xlsx|PRC clean slate 28_07.xlsx|THA clean slate 28_07.xlsx|USA clean slate 28_07.xlsx|VN clean slate 28_07.xlsx|leap_export_template 03_CDA_COMP_GEN.xlsx|leap_export_template 04_CHL_COMP_GEN.xlsx|leap_export_template 06_HKC_COMP_GEN.xlsx|leap_export_template 07_INA_COMP_GEN.xlsx|leap_export_template 08_JPN_COMP_GEN.xlsx|leap_export_template 09_ROK_COMP_GEN.xlsx|leap_export_template 14_PE_COMP_GEN.xlsx|leap_export_template 16_RUS_COMP_GEN.xlsx|leap_export_template 17_SGP_COMP_GEN.xlsx|leap_export_template 18_CT_COMP_GEN.xlsx,False,branch_structure_only
Resources\Secondary\Gas and diesel oil,21,AUS clean slate 28_07.xlsx|BD clean slate 28_07.xlsx|MAS clean slate 28_07.xlsx|MEX clean slate 28_07.xlsx|NZ clean slate 27_07.xlsx|PHL clean slate 28_07.xlsx|PNG clean slate 28_07.xlsx|PRC clean slate 28_07.xlsx|THA clean slate 28_07.xlsx|USA clean slate 28_07.xlsx|VN clean slate 28_07.xlsx|leap_export_template 03_CDA_COMP_GEN.xlsx|leap_export_template 04_CHL_COMP_GEN.xlsx|leap_export_template 06_HKC_COMP_GEN.xlsx|leap_export_template 07_INA_COMP_GEN.xlsx|leap_export_template 08_JPN_COMP_GEN.xlsx|leap_export_template 09_ROK_COMP_GEN.xlsx|leap_export_template 14_PE_COMP_GEN.xlsx|leap_export_template 16_RUS_COMP_GEN.xlsx|leap_export_template 17_SGP_COMP_GEN.xlsx|leap_export_template 18_CT_COMP_GEN.xlsx,False,branch_structure_only
Resources\Secondary\Gas coke,19,BD clean slate 28_07.xlsx|MAS clean slate 28_07.xlsx|NZ clean slate 27_07.xlsx|PHL clean slate 28_07.xlsx|PNG clean slate 28_07.xlsx|PRC clean slate 28_07.xlsx|THA clean slate 28_07.xlsx|USA clean slate 28_07.xlsx|VN clean slate 28_07.xlsx|leap_export_template 03_CDA_COMP_GEN.xlsx|leap_export_template 04_CHL_COMP_GEN.xlsx|leap_export_template 06_HKC_COMP_GEN.xlsx|leap_export_template 07_INA_COMP_GEN.xlsx|leap_export_template 08_JPN_COMP_GEN.xlsx|leap_export_template 09_ROK_COMP_GEN.xlsx|leap_export_template 14_PE_COMP_GEN.xlsx|leap_export_template 16_RUS_COMP_GEN.xlsx|leap_export_template 17_SGP_COMP_GEN.xlsx|leap_export_template 18_CT_COMP_GEN.xlsx,False,branch_structure_only
Resources\Secondary\Gas works gas,21,AUS clean slate 28_07.xlsx|BD clean slate 28_07.xlsx|MAS clean slate 28_07.xlsx|MEX clean slate 28_07.xlsx|NZ clean slate 27_07.xlsx|PHL clean slate 28_07.xlsx|PNG clean slate 28_07.xlsx|PRC clean slate 28_07.xlsx|THA clean slate 28_07.xlsx|USA clean slate 28_07.xlsx|VN clean slate 28_07.xlsx|leap_export_template 03_CDA_COMP_GEN.xlsx|leap_export_template 04_CHL_COMP_GEN.xlsx|leap_export_template 06_HKC_COMP_GEN.xlsx|leap_export_template 07_INA_COMP_GEN.xlsx|leap_export_template 08_JPN_COMP_GEN.xlsx|leap_export_template 09_ROK_COMP_GEN.xlsx|leap_export_template 14_PE_COMP_GEN.xlsx|leap_export_template 16_RUS_COMP_GEN.xlsx|leap_export_template 17_SGP_COMP_GEN.xlsx|leap_export_template 18_CT_COMP_GEN.xlsx,False,branch_structure_only
Resources\Secondary\Gasoline type jet fuel,21,AUS clean slate 28_07.xlsx|BD clean slate 28_07.xlsx|MAS clean slate 28_07.xlsx|MEX clean slate 28_07.xlsx|NZ clean slate 27_07.xlsx|PHL clean slate 28_07.xlsx|PNG clean slate 28_07.xlsx|PRC clean slate 28_07.xlsx|THA clean slate 28_07.xlsx|USA clean slate 28_07.xlsx|VN clean slate 28_07.xlsx|leap_export_template 03_CDA_COMP_GEN.xlsx|leap_export_template 04_CHL_COMP_GEN.xlsx|leap_export_template 06_HKC_COMP_GEN.xlsx|leap_export_template 07_INA_COMP_GEN.xlsx|leap_export_template 08_JPN_COMP_GEN.xlsx|leap_export_template 09_ROK_COMP_GEN.xlsx|leap_export_template 14_PE_COMP_GEN.xlsx|leap_export_template 16_RUS_COMP_GEN.xlsx|leap_export_template 17_SGP_COMP_GEN.xlsx|leap_export_template 18_CT_COMP_GEN.xlsx,False,branch_structure_only
Resources\Secondary\Heat,21,AUS clean slate 28_07.xlsx|BD clean slate 28_07.xlsx|MAS clean slate 28_07.xlsx|MEX clean slate 28_07.xlsx|NZ clean slate 27_07.xlsx|PHL clean slate 28_07.xlsx|PNG clean slate 28_07.xlsx|PRC clean slate 28_07.xlsx|THA clean slate 28_07.xlsx|USA clean slate 28_07.xlsx|VN clean slate 28_07.xlsx|leap_export_template 03_CDA_COMP_GEN.xlsx|leap_export_template 04_CHL_COMP_GEN.xlsx|leap_export_template 06_HKC_COMP_GEN.xlsx|leap_export_template 07_INA_COMP_GEN.xlsx|leap_export_template 08_JPN_COMP_GEN.xlsx|leap_export_template 09_ROK_COMP_GEN.xlsx|leap_export_template 14_PE_COMP_GEN.xlsx|leap_export_template 16_RUS_COMP_GEN.xlsx|leap_export_template 17_SGP_COMP_GEN.xlsx|leap_export_template 18_CT_COMP_GEN.xlsx,False,branch_structure_only
Resources\Secondary\Industrial waste,21,AUS clean slate 28_07.xlsx|BD clean slate 28_07.xlsx|MAS clean slate 28_07.xlsx|MEX clean slate 28_07.xlsx|NZ clean slate 27_07.xlsx|PHL clean slate 28_07.xlsx|PNG clean slate 28_07.xlsx|PRC clean slate 28_07.xlsx|THA clean slate 28_07.xlsx|USA clean slate 28_07.xlsx|VN clean slate 28_07.xlsx|leap_export_template 03_CDA_COMP_GEN.xlsx|leap_export_template 04_CHL_COMP_GEN.xlsx|leap_export_template 06_HKC_COMP_GEN.xlsx|leap_export_template 07_INA_COMP_GEN.xlsx|leap_export_template 08_JPN_COMP_GEN.xlsx|leap_export_template 09_ROK_COMP_GEN.xlsx|leap_export_template 14_PE_COMP_GEN.xlsx|leap_export_template 16_RUS_COMP_GEN.xlsx|leap_export_template 17_SGP_COMP_GEN.xlsx|leap_export_template 18_CT_COMP_GEN.xlsx,False,branch_structure_only
Resources\Secondary\Kerosene,21,AUS clean slate 28_07.xlsx|BD clean slate 28_07.xlsx|MAS clean slate 28_07.xlsx|MEX clean slate 28_07.xlsx|NZ clean slate 27_07.xlsx|PHL clean slate 28_07.xlsx|PNG clean slate 28_07.xlsx|PRC clean slate 28_07.xlsx|THA clean slate 28_07.xlsx|USA clean slate 28_07.xlsx|VN clean slate 28_07.xlsx|leap_export_template 03_CDA_COMP_GEN.xlsx|leap_export_template 04_CHL_COMP_GEN.xlsx|leap_export_template 06_HKC_COMP_GEN.xlsx|leap_export_template 07_INA_COMP_GEN.xlsx|leap_export_template 08_JPN_COMP_GEN.xlsx|leap_export_template 09_ROK_COMP_GEN.xlsx|leap_export_template 14_PE_COMP_GEN.xlsx|leap_export_template 16_RUS_COMP_GEN.xlsx|leap_export_template 17_SGP_COMP_GEN.xlsx|leap_export_template 18_CT_COMP_GEN.xlsx,False,branch_structure_only
Resources\Secondary\Kerosene type jet fuel,21,AUS clean slate 28_07.xlsx|BD clean slate 28_07.xlsx|MAS clean slate 28_07.xlsx|MEX clean slate 28_07.xlsx|NZ clean slate 27_07.xlsx|PHL clean slate 28_07.xlsx|PNG clean slate 28_07.xlsx|PRC clean slate 28_07.xlsx|THA clean slate 28_07.xlsx|USA clean slate 28_07.xlsx|VN clean slate 28_07.xlsx|leap_export_template 03_CDA_COMP_GEN.xlsx|leap_export_template 04_CHL_COMP_GEN.xlsx|leap_export_template 06_HKC_COMP_GEN.xlsx|leap_export_template 07_INA_COMP_GEN.xlsx|leap_export_template 08_JPN_COMP_GEN.xlsx|leap_export_template 09_ROK_COMP_GEN.xlsx|leap_export_template 14_PE_COMP_GEN.xlsx|leap_export_template 16_RUS_COMP_GEN.xlsx|leap_export_template 17_SGP_COMP_GEN.xlsx|leap_export_template 18_CT_COMP_GEN.xlsx,False,branch_structure_only
Resources\Secondary\LNG,21,AUS clean slate 28_07.xlsx|BD clean slate 28_07.xlsx|MAS clean slate 28_07.xlsx|MEX clean slate 28_07.xlsx|NZ clean slate 27_07.xlsx|PHL clean slate 28_07.xlsx|PNG clean slate 28_07.xlsx|PRC clean slate 28_07.xlsx|THA clean slate 28_07.xlsx|USA clean slate 28_07.xlsx|VN clean slate 28_07.xlsx|leap_export_template 03_CDA_COMP_GEN.xlsx|leap_export_template 04_CHL_COMP_GEN.xlsx|leap_export_template 06_HKC_COMP_GEN.xlsx|leap_export_template 07_INA_COMP_GEN.xlsx|leap_export_template 08_JPN_COMP_GEN.xlsx|leap_export_template 09_ROK_COMP_GEN.xlsx|leap_export_template 14_PE_COMP_GEN.xlsx|leap_export_template 16_RUS_COMP_GEN.xlsx|leap_export_template 17_SGP_COMP_GEN.xlsx|leap_export_template 18_CT_COMP_GEN.xlsx,False,branch_structure_only
Resources\Secondary\LPG,21,AUS clean slate 28_07.xlsx|BD clean slate 28_07.xlsx|MAS clean slate 28_07.xlsx|MEX clean slate 28_07.xlsx|NZ clean slate 27_07.xlsx|PHL clean slate 28_07.xlsx|PNG clean slate 28_07.xlsx|PRC clean slate 28_07.xlsx|THA clean slate 28_07.xlsx|USA clean slate 28_07.xlsx|VN clean slate 28_07.xlsx|leap_export_template 03_CDA_COMP_GEN.xlsx|leap_export_template 04_CHL_COMP_GEN.xlsx|leap_export_template 06_HKC_COMP_GEN.xlsx|leap_export_template 07_INA_COMP_GEN.xlsx|leap_export_template 08_JPN_COMP_GEN.xlsx|leap_export_template 09_ROK_COMP_GEN.xlsx|leap_export_template 14_PE_COMP_GEN.xlsx|leap_export_template 16_RUS_COMP_GEN.xlsx|leap_export_template 17_SGP_COMP_GEN.xlsx|leap_export_template 18_CT_COMP_GEN.xlsx,False,branch_structure_only
Resources\Secondary\Lubricants,21,AUS clean slate 28_07.xlsx|BD clean slate 28_07.xlsx|MAS clean slate 28_07.xlsx|MEX clean slate 28_07.xlsx|NZ clean slate 27_07.xlsx|PHL clean slate 28_07.xlsx|PNG clean slate 28_07.xlsx|PRC clean slate 28_07.xlsx|THA clean slate 28_07.xlsx|USA clean slate 28_07.xlsx|VN clean slate 28_07.xlsx|leap_export_template 03_CDA_COMP_GEN.xlsx|leap_export_template 04_CHL_COMP_GEN.xlsx|leap_export_template 06_HKC_COMP_GEN.xlsx|leap_export_template 07_INA_COMP_GEN.xlsx|leap_export_template 08_JPN_COMP_GEN.xlsx|leap_export_template 09_ROK_COMP_GEN.xlsx|leap_export_template 14_PE_COMP_GEN.xlsx|leap_export_template 16_RUS_COMP_GEN.xlsx|leap_export_template 17_SGP_COMP_GEN.xlsx|leap_export_template 18_CT_COMP_GEN.xlsx,False,branch_structure_only
Resources\Secondary\Motor gasoline,21,AUS clean slate 28_07.xlsx|BD clean slate 28_07.xlsx|MAS clean slate 28_07.xlsx|MEX clean slate 28_07.xlsx|NZ clean slate 27_07.xlsx|PHL clean slate 28_07.xlsx|PNG clean slate 28_07.xlsx|PRC clean slate 28_07.xlsx|THA clean slate 28_07.xlsx|USA clean slate 28_07.xlsx|VN clean slate 28_07.xlsx|leap_export_template 03_CDA_COMP_GEN.xlsx|leap_export_template 04_CHL_COMP_GEN.xlsx|leap_export_template 06_HKC_COMP_GEN.xlsx|leap_export_template 07_INA_COMP_GEN.xlsx|leap_export_template 08_JPN_COMP_GEN.xlsx|leap_export_template 09_ROK_COMP_GEN.xlsx|leap_export_template 14_PE_COMP_GEN.xlsx|leap_export_template 16_RUS_COMP_GEN.xlsx|leap_export_template 17_SGP_COMP_GEN.xlsx|leap_export_template 18_CT_COMP_GEN.xlsx,False,branch_structure_only
Resources\Secondary\Municipal solid waste non renewable,21,AUS clean slate 28_07.xlsx|BD clean slate 28_07.xlsx|MAS clean slate 28_07.xlsx|MEX clean slate 28_07.xlsx|NZ clean slate 27_07.xlsx|PHL clean slate 28_07.xlsx|PNG clean slate 28_07.xlsx|PRC clean slate 28_07.xlsx|THA clean slate 28_07.xlsx|USA clean slate 28_07.xlsx|VN clean slate 28_07.xlsx|leap_export_template 03_CDA_COMP_GEN.xlsx|leap_export_template 04_CHL_COMP_GEN.xlsx|leap_export_template 06_HKC_COMP_GEN.xlsx|leap_export_template 07_INA_COMP_GEN.xlsx|leap_export_template 08_JPN_COMP_GEN.xlsx|leap_export_template 09_ROK_COMP_GEN.xlsx|leap_export_template 14_PE_COMP_GEN.xlsx|leap_export_template 16_RUS_COMP_GEN.xlsx|leap_export_template 17_SGP_COMP_GEN.xlsx|leap_export_template 18_CT_COMP_GEN.xlsx,False,branch_structure_only
Resources\Secondary\Naphtha,21,AUS clean slate 28_07.xlsx|BD clean slate 28_07.xlsx|MAS clean slate 28_07.xlsx|MEX clean slate 28_07.xlsx|NZ clean slate 27_07.xlsx|PHL clean slate 28_07.xlsx|PNG clean slate 28_07.xlsx|PRC clean slate 28_07.xlsx|THA clean slate 28_07.xlsx|USA clean slate 28_07.xlsx|VN clean slate 28_07.xlsx|leap_export_template 03_CDA_COMP_GEN.xlsx|leap_export_template 04_CHL_COMP_GEN.xlsx|leap_export_template 06_HKC_COMP_GEN.xlsx|leap_export_template 07_INA_COMP_GEN.xlsx|leap_export_template 08_JPN_COMP_GEN.xlsx|leap_export_template 09_ROK_COMP_GEN.xlsx|leap_export_template 14_PE_COMP_GEN.xlsx|leap_export_template 16_RUS_COMP_GEN.xlsx|leap_export_template 17_SGP_COMP_GEN.xlsx|leap_export_template 18_CT_COMP_GEN.xlsx,False,branch_structure_only
Resources\Secondary\Other hydrocarbons,21,AUS clean slate 28_07.xlsx|BD clean slate 28_07.xlsx|MAS clean slate 28_07.xlsx|MEX clean slate 28_07.xlsx|NZ clean slate 27_07.xlsx|PHL clean slate 28_07.xlsx|PNG clean slate 28_07.xlsx|PRC clean slate 28_07.xlsx|THA clean slate 28_07.xlsx|USA clean slate 28_07.xlsx|VN clean slate 28_07.xlsx|leap_export_template 03_CDA_COMP_GEN.xlsx|leap_export_template 04_CHL_COMP_GEN.xlsx|leap_export_template 06_HKC_COMP_GEN.xlsx|leap_export_template 07_INA_COMP_GEN.xlsx|leap_export_template 08_JPN_COMP_GEN.xlsx|leap_export_template 09_ROK_COMP_GEN.xlsx|leap_export_template 14_PE_COMP_GEN.xlsx|leap_export_template 16_RUS_COMP_GEN.xlsx|leap_export_template 17_SGP_COMP_GEN.xlsx|leap_export_template 18_CT_COMP_GEN.xlsx,False,branch_structure_only
Resources\Secondary\Other products,21,AUS clean slate 28_07.xlsx|BD clean slate 28_07.xlsx|MAS clean slate 28_07.xlsx|MEX clean slate 28_07.xlsx|NZ clean slate 27_07.xlsx|PHL clean slate 28_07.xlsx|PNG clean slate 28_07.xlsx|PRC clean slate 28_07.xlsx|THA clean slate 28_07.xlsx|USA clean slate 28_07.xlsx|VN clean slate 28_07.xlsx|leap_export_template 03_CDA_COMP_GEN.xlsx|leap_export_template 04_CHL_COMP_GEN.xlsx|leap_export_template 06_HKC_COMP_GEN.xlsx|leap_export_template 07_INA_COMP_GEN.xlsx|leap_export_template 08_JPN_COMP_GEN.xlsx|leap_export_template 09_ROK_COMP_GEN.xlsx|leap_export_template 14_PE_COMP_GEN.xlsx|leap_export_template 16_RUS_COMP_GEN.xlsx|leap_export_template 17_SGP_COMP_GEN.xlsx|leap_export_template 18_CT_COMP_GEN.xlsx,False,branch_structure_only
Resources\Secondary\Other recovered gases,21,AUS clean slate 28_07.xlsx|BD clean slate 28_07.xlsx|MAS clean slate 28_07.xlsx|MEX clean slate 28_07.xlsx|NZ clean slate 27_07.xlsx|PHL clean slate 28_07.xlsx|PNG clean slate 28_07.xlsx|PRC clean slate 28_07.xlsx|THA clean slate 28_07.xlsx|USA clean slate 28_07.xlsx|VN clean slate 28_07.xlsx|leap_export_template 03_CDA_COMP_GEN.xlsx|leap_export_template 04_CHL_COMP_GEN.xlsx|leap_export_template 06_HKC_COMP_GEN.xlsx|leap_export_template 07_INA_COMP_GEN.xlsx|leap_export_template 08_JPN_COMP_GEN.xlsx|leap_export_template 09_ROK_COMP_GEN.xlsx|leap_export_template 14_PE_COMP_GEN.xlsx|leap_export_template 16_RUS_COMP_GEN.xlsx|leap_export_template 17_SGP_COMP_GEN.xlsx|leap_export_template 18_CT_COMP_GEN.xlsx,False,branch_structure_only
Resources\Secondary\Other sources,21,AUS clean slate 28_07.xlsx|BD clean slate 28_07.xlsx|MAS clean slate 28_07.xlsx|MEX clean slate 28_07.xlsx|NZ clean slate 27_07.xlsx|PHL clean slate 28_07.xlsx|PNG clean slate 28_07.xlsx|PRC clean slate 28_07.xlsx|THA clean slate 28_07.xlsx|USA clean slate 28_07.xlsx|VN clean slate 28_07.xlsx|leap_export_template 03_CDA_COMP_GEN.xlsx|leap_export_template 04_CHL_COMP_GEN.xlsx|leap_export_template 06_HKC_COMP_GEN.xlsx|leap_export_template 07_INA_COMP_GEN.xlsx|leap_export_template 08_JPN_COMP_GEN.xlsx|leap_export_template 09_ROK_COMP_GEN.xlsx|leap_export_template 14_PE_COMP_GEN.xlsx|leap_export_template 16_RUS_COMP_GEN.xlsx|leap_export_template 17_SGP_COMP_GEN.xlsx|leap_export_template 18_CT_COMP_GEN.xlsx,False,branch_structure_only
Resources\Secondary\Paraffin waxes,21,AUS clean slate 28_07.xlsx|BD clean slate 28_07.xlsx|MAS clean slate 28_07.xlsx|MEX clean slate 28_07.xlsx|NZ clean slate 27_07.xlsx|PHL clean slate 28_07.xlsx|PNG clean slate 28_07.xlsx|PRC clean slate 28_07.xlsx|THA clean slate 28_07.xlsx|USA clean slate 28_07.xlsx|VN clean slate 28_07.xlsx|leap_export_template 03_CDA_COMP_GEN.xlsx|leap_export_template 04_CHL_COMP_GEN.xlsx|leap_export_template 06_HKC_COMP_GEN.xlsx|leap_export_template 07_INA_COMP_GEN.xlsx|leap_export_template 08_JPN_COMP_GEN.xlsx|leap_export_template 09_ROK_COMP_GEN.xlsx|leap_export_template 14_PE_COMP_GEN.xlsx|leap_export_template 16_RUS_COMP_GEN.xlsx|leap_export_template 17_SGP_COMP_GEN.xlsx|leap_export_template 18_CT_COMP_GEN.xlsx,False,branch_structure_only
Resources\Secondary\Patent fuel,21,AUS clean slate 28_07.xlsx|BD clean slate 28_07.xlsx|MAS clean slate 28_07.xlsx|MEX clean slate 28_07.xlsx|NZ clean slate 27_07.xlsx|PHL clean slate 28_07.xlsx|PNG clean slate 28_07.xlsx|PRC clean slate 28_07.xlsx|THA clean slate 28_07.xlsx|USA clean slate 28_07.xlsx|VN clean slate 28_07.xlsx|leap_export_template 03_CDA_COMP_GEN.xlsx|leap_export_template 04_CHL_COMP_GEN.xlsx|leap_export_template 06_HKC_COMP_GEN.xlsx|leap_export_template 07_INA_COMP_GEN.xlsx|leap_export_template 08_JPN_COMP_GEN.xlsx|leap_export_template 09_ROK_COMP_GEN.xlsx|leap_export_template 14_PE_COMP_GEN.xlsx|leap_export_template 16_RUS_COMP_GEN.xlsx|leap_export_template 17_SGP_COMP_GEN.xlsx|leap_export_template 18_CT_COMP_GEN.xlsx,False,branch_structure_only
Resources\Secondary\PetProd nonspecified,21,AUS clean slate 28_07.xlsx|BD clean slate 28_07.xlsx|MAS clean slate 28_07.xlsx|MEX clean slate 28_07.xlsx|NZ clean slate 27_07.xlsx|PHL clean slate 28_07.xlsx|PNG clean slate 28_07.xlsx|PRC clean slate 28_07.xlsx|THA clean slate 28_07.xlsx|USA clean slate 28_07.xlsx|VN clean slate 28_07.xlsx|leap_export_template 03_CDA_COMP_GEN.xlsx|leap_export_template 04_CHL_COMP_GEN.xlsx|leap_export_template 06_HKC_COMP_GEN.xlsx|leap_export_template 07_INA_COMP_GEN.xlsx|leap_export_template 08_JPN_COMP_GEN.xlsx|leap_export_template 09_ROK_COMP_GEN.xlsx|leap_export_template 14_PE_COMP_GEN.xlsx|leap_export_template 16_RUS_COMP_GEN.xlsx|leap_export_template 17_SGP_COMP_GEN.xlsx|leap_export_template 18_CT_COMP_GEN.xlsx,False,branch_structure_only
Resources\Secondary\Petroleum coke,21,AUS clean slate 28_07.xlsx|BD clean slate 28_07.xlsx|MAS clean slate 28_07.xlsx|MEX clean slate 28_07.xlsx|NZ clean slate 27_07.xlsx|PHL clean slate 28_07.xlsx|PNG clean slate 28_07.xlsx|PRC clean slate 28_07.xlsx|THA clean slate 28_07.xlsx|USA clean slate 28_07.xlsx|VN clean slate 28_07.xlsx|leap_export_template 03_CDA_COMP_GEN.xlsx|leap_export_template 04_CHL_COMP_GEN.xlsx|leap_export_template 06_HKC_COMP_GEN.xlsx|leap_export_template 07_INA_COMP_GEN.xlsx|leap_export_template 08_JPN_COMP_GEN.xlsx|leap_export_template 09_ROK_COMP_GEN.xlsx|leap_export_template 14_PE_COMP_GEN.xlsx|leap_export_template 16_RUS_COMP_GEN.xlsx|leap_export_template 17_SGP_COMP_GEN.xlsx|leap_export_template 18_CT_COMP_GEN.xlsx,False,branch_structure_only
Resources\Secondary\Refinery gas not liquefied,21,AUS clean slate 28_07.xlsx|BD clean slate 28_07.xlsx|MAS clean slate 28_07.xlsx|MEX clean slate 28_07.xlsx|NZ clean slate 27_07.xlsx|PHL clean slate 28_07.xlsx|PNG clean slate 28_07.xlsx|PRC clean slate 28_07.xlsx|THA clean slate 28_07.xlsx|USA clean slate 28_07.xlsx|VN clean slate 28_07.xlsx|leap_export_template 03_CDA_COMP_GEN.xlsx|leap_export_template 04_CHL_COMP_GEN.xlsx|leap_export_template 06_HKC_COMP_GEN.xlsx|leap_export_template 07_INA_COMP_GEN.xlsx|leap_export_template 08_JPN_COMP_GEN.xlsx|leap_export_template 09_ROK_COMP_GEN.xlsx|leap_export_template 14_PE_COMP_GEN.xlsx|leap_export_template 16_RUS_COMP_GEN.xlsx|leap_export_template 17_SGP_COMP_GEN.xlsx|leap_export_template 18_CT_COMP_GEN.xlsx,False,branch_structure_only
Resources\Secondary\White spirit SBP,21,AUS clean slate 28_07.xlsx|BD clean slate 28_07.xlsx|MAS clean slate 28_07.xlsx|MEX clean slate 28_07.xlsx|NZ clean slate 27_07.xlsx|PHL clean slate 28_07.xlsx|PNG clean slate 28_07.xlsx|PRC clean slate 28_07.xlsx|THA clean slate 28_07.xlsx|USA clean slate 28_07.xlsx|VN clean slate 28_07.xlsx|leap_export_template 03_CDA_COMP_GEN.xlsx|leap_export_template 04_CHL_COMP_GEN.xlsx|leap_export_template 06_HKC_COMP_GEN.xlsx|leap_export_template 07_INA_COMP_GEN.xlsx|leap_export_template 08_JPN_COMP_GEN.xlsx|leap_export_template 09_ROK_COMP_GEN.xlsx|leap_export_template 14_PE_COMP_GEN.xlsx|leap_export_template 16_RUS_COMP_GEN.xlsx|leap_export_template 17_SGP_COMP_GEN.xlsx|leap_export_template 18_CT_COMP_GEN.xlsx,False,branch_structure_only
Statistical Differences\Primary\Additives and oxygenates,11,AUS clean slate 28_07.xlsx|BD clean slate 28_07.xlsx|MAS clean slate 28_07.xlsx|MEX clean slate 28_07.xlsx|NZ clean slate 27_07.xlsx|PHL clean slate 28_07.xlsx|PNG clean slate 28_07.xlsx|PRC clean slate 28_07.xlsx|THA clean slate 28_07.xlsx|USA clean slate 28_07.xlsx|VN clean slate 28_07.xlsx,False,branch_structure_only
Statistical Differences\Primary\Ammonia,11,AUS clean slate 28_07.xlsx|BD clean slate 28_07.xlsx|MAS clean slate 28_07.xlsx|MEX clean slate 28_07.xlsx|NZ clean slate 27_07.xlsx|PHL clean slate 28_07.xlsx|PNG clean slate 28_07.xlsx|PRC clean slate 28_07.xlsx|THA clean slate 28_07.xlsx|USA clean slate 28_07.xlsx|VN clean slate 28_07.xlsx,False,branch_structure_only
Statistical Differences\Primary\Anthracite,11,AUS clean slate 28_07.xlsx|BD clean slate 28_07.xlsx|MAS clean slate 28_07.xlsx|MEX clean slate 28_07.xlsx|NZ clean slate 27_07.xlsx|PHL clean slate 28_07.xlsx|PNG clean slate 28_07.xlsx|PRC clean slate 28_07.xlsx|THA clean slate 28_07.xlsx|USA clean slate 28_07.xlsx|VN clean slate 28_07.xlsx,False,branch_structure_only
Statistical Differences\Primary\Bagasse,11,AUS clean slate 28_07.xlsx|BD clean slate 28_07.xlsx|MAS clean slate 28_07.xlsx|MEX clean slate 28_07.xlsx|NZ clean slate 27_07.xlsx|PHL clean slate 28_07.xlsx|PNG clean slate 28_07.xlsx|PRC clean slate 28_07.xlsx|THA clean slate 28_07.xlsx|USA clean slate 28_07.xlsx|VN clean slate 28_07.xlsx,False,branch_structure_only
Statistical Differences\Primary\Bio jet kerosene,9,BD clean slate 28_07.xlsx|MAS clean slate 28_07.xlsx|NZ clean slate 27_07.xlsx|PHL clean slate 28_07.xlsx|PNG clean slate 28_07.xlsx|PRC clean slate 28_07.xlsx|THA clean slate 28_07.xlsx|USA clean slate 28_07.xlsx|VN clean slate 28_07.xlsx,False,branch_structure_only
Statistical Differences\Primary\Biodiesel,11,AUS clean slate 28_07.xlsx|BD clean slate 28_07.xlsx|MAS clean slate 28_07.xlsx|MEX clean slate 28_07.xlsx|NZ clean slate 27_07.xlsx|PHL clean slate 28_07.xlsx|PNG clean slate 28_07.xlsx|PRC clean slate 28_07.xlsx|THA clean slate 28_07.xlsx|USA clean slate 28_07.xlsx|VN clean slate 28_07.xlsx,False,branch_structure_only
Statistical Differences\Primary\Biogas,11,AUS clean slate 28_07.xlsx|BD clean slate 28_07.xlsx|MAS clean slate 28_07.xlsx|MEX clean slate 28_07.xlsx|NZ clean slate 27_07.xlsx|PHL clean slate 28_07.xlsx|PNG clean slate 28_07.xlsx|PRC clean slate 28_07.xlsx|THA clean slate 28_07.xlsx|USA clean slate 28_07.xlsx|VN clean slate 28_07.xlsx,False,branch_structure_only
Statistical Differences\Primary\Biogasoline,11,AUS clean slate 28_07.xlsx|BD clean slate 28_07.xlsx|MAS clean slate 28_07.xlsx|MEX clean slate 28_07.xlsx|NZ clean slate 27_07.xlsx|PHL clean slate 28_07.xlsx|PNG clean slate 28_07.xlsx|PRC clean slate 28_07.xlsx|THA clean slate 28_07.xlsx|USA clean slate 28_07.xlsx|VN clean slate 28_07.xlsx,False,branch_structure_only
Statistical Differences\Primary\Black liquor,11,AUS clean slate 28_07.xlsx|BD clean slate 28_07.xlsx|MAS clean slate 28_07.xlsx|MEX clean slate 28_07.xlsx|NZ clean slate 27_07.xlsx|PHL clean slate 28_07.xlsx|PNG clean slate 28_07.xlsx|PRC clean slate 28_07.xlsx|THA clean slate 28_07.xlsx|USA clean slate 28_07.xlsx|VN clean slate 28_07.xlsx,False,branch_structure_only
Statistical Differences\Primary\Charcoal,11,AUS clean slate 28_07.xlsx|BD clean slate 28_07.xlsx|MAS clean slate 28_07.xlsx|MEX clean slate 28_07.xlsx|NZ clean slate 27_07.xlsx|PHL clean slate 28_07.xlsx|PNG clean slate 28_07.xlsx|PRC clean slate 28_07.xlsx|THA clean slate 28_07.xlsx|USA clean slate 28_07.xlsx|VN clean slate 28_07.xlsx,False,branch_structure_only
Statistical Differences\Primary\Coal nonspecified,9,BD clean slate 28_07.xlsx|MAS clean slate 28_07.xlsx|NZ clean slate 27_07.xlsx|PHL clean slate 28_07.xlsx|PNG clean slate 28_07.xlsx|PRC clean slate 28_07.xlsx|THA clean slate 28_07.xlsx|USA clean slate 28_07.xlsx|VN clean slate 28_07.xlsx,False,branch_structure_only
Statistical Differences\Primary\Coking coal,11,AUS clean slate 28_07.xlsx|BD clean slate 28_07.xlsx|MAS clean slate 28_07.xlsx|MEX clean slate 28_07.xlsx|NZ clean slate 27_07.xlsx|PHL clean slate 28_07.xlsx|PNG clean slate 28_07.xlsx|PRC clean slate 28_07.xlsx|THA clean slate 28_07.xlsx|USA clean slate 28_07.xlsx|VN clean slate 28_07.xlsx,False,branch_structure_only
Statistical Differences\Primary\Crude oil,11,AUS clean slate 28_07.xlsx|BD clean slate 28_07.xlsx|MAS clean slate 28_07.xlsx|MEX clean slate 28_07.xlsx|NZ clean slate 27_07.xlsx|PHL clean slate 28_07.xlsx|PNG clean slate 28_07.xlsx|PRC clean slate 28_07.xlsx|THA clean slate 28_07.xlsx|USA clean slate 28_07.xlsx|VN clean slate 28_07.xlsx,False,branch_structure_only
Statistical Differences\Primary\Efuel,11,AUS clean slate 28_07.xlsx|BD clean slate 28_07.xlsx|MAS clean slate 28_07.xlsx|MEX clean slate 28_07.xlsx|NZ clean slate 27_07.xlsx|PHL clean slate 28_07.xlsx|PNG clean slate 28_07.xlsx|PRC clean slate 28_07.xlsx|THA clean slate 28_07.xlsx|USA clean slate 28_07.xlsx|VN clean slate 28_07.xlsx,False,branch_structure_only
Statistical Differences\Primary\Fuelwood and woodwaste,11,AUS clean slate 28_07.xlsx|BD clean slate 28_07.xlsx|MAS clean slate 28_07.xlsx|MEX clean slate 28_07.xlsx|NZ clean slate 27_07.xlsx|PHL clean slate 28_07.xlsx|PNG clean slate 28_07.xlsx|PRC clean slate 28_07.xlsx|THA clean slate 28_07.xlsx|USA clean slate 28_07.xlsx|VN clean slate 28_07.xlsx,False,branch_structure_only
Statistical Differences\Primary\Geothermal,11,AUS clean slate 28_07.xlsx|BD clean slate 28_07.xlsx|MAS clean slate 28_07.xlsx|MEX clean slate 28_07.xlsx|NZ clean slate 27_07.xlsx|PHL clean slate 28_07.xlsx|PNG clean slate 28_07.xlsx|PRC clean slate 28_07.xlsx|THA clean slate 28_07.xlsx|USA clean slate 28_07.xlsx|VN clean slate 28_07.xlsx,False,branch_structure_only
Statistical Differences\Primary\Hydro,11,AUS clean slate 28_07.xlsx|BD clean slate 28_07.xlsx|MAS clean slate 28_07.xlsx|MEX clean slate 28_07.xlsx|NZ clean slate 27_07.xlsx|PHL clean slate 28_07.xlsx|PNG clean slate 28_07.xlsx|PRC clean slate 28_07.xlsx|THA clean slate 28_07.xlsx|USA clean slate 28_07.xlsx|VN clean slate 28_07.xlsx,False,branch_structure_only
Statistical Differences\Primary\Hydrogen,11,AUS clean slate 28_07.xlsx|BD clean slate 28_07.xlsx|MAS clean slate 28_07.xlsx|MEX clean slate 28_07.xlsx|NZ clean slate 27_07.xlsx|PHL clean slate 28_07.xlsx|PNG clean slate 28_07.xlsx|PRC clean slate 28_07.xlsx|THA clean slate 28_07.xlsx|USA clean slate 28_07.xlsx|VN clean slate 28_07.xlsx,False,branch_structure_only
Statistical Differences\Primary\Lignite,11,AUS clean slate 28_07.xlsx|BD clean slate 28_07.xlsx|MAS clean slate 28_07.xlsx|MEX clean slate 28_07.xlsx|NZ clean slate 27_07.xlsx|PHL clean slate 28_07.xlsx|PNG clean slate 28_07.xlsx|PRC clean slate 28_07.xlsx|THA clean slate 28_07.xlsx|USA clean slate 28_07.xlsx|VN clean slate 28_07.xlsx,False,branch_structure_only
Statistical Differences\Primary\Municipal solid waste renewable,11,AUS clean slate 28_07.xlsx|BD clean slate 28_07.xlsx|MAS clean slate 28_07.xlsx|MEX clean slate 28_07.xlsx|NZ clean slate 27_07.xlsx|PHL clean slate 28_07.xlsx|PNG clean slate 28_07.xlsx|PRC clean slate 28_07.xlsx|THA clean slate 28_07.xlsx|USA clean slate 28_07.xlsx|VN clean slate 28_07.xlsx,False,branch_structure_only
Statistical Differences\Primary\Natural gas,11,AUS clean slate 28_07.xlsx|BD clean slate 28_07.xlsx|MAS clean slate 28_07.xlsx|MEX clean slate 28_07.xlsx|NZ clean slate 27_07.xlsx|PHL clean slate 28_07.xlsx|PNG clean slate 28_07.xlsx|PRC clean slate 28_07.xlsx|THA clean slate 28_07.xlsx|USA clean slate 28_07.xlsx|VN clean slate 28_07.xlsx,False,branch_structure_only
Statistical Differences\Primary\Natural gas liquids,11,AUS clean slate 28_07.xlsx|BD clean slate 28_07.xlsx|MAS clean slate 28_07.xlsx|MEX clean slate 28_07.xlsx|NZ clean slate 27_07.xlsx|PHL clean slate 28_07.xlsx|PNG clean slate 28_07.xlsx|PRC clean slate 28_07.xlsx|THA clean slate 28_07.xlsx|USA clean slate 28_07.xlsx|VN clean slate 28_07.xlsx,False,branch_structure_only
Statistical Differences\Primary\Nuclear,11,AUS clean slate 28_07.xlsx|BD clean slate 28_07.xlsx|MAS clean slate 28_07.xlsx|MEX clean slate 28_07.xlsx|NZ clean slate 27_07.xlsx|PHL clean slate 28_07.xlsx|PNG clean slate 28_07.xlsx|PRC clean slate 28_07.xlsx|THA clean slate 28_07.xlsx|USA clean slate 28_07.xlsx|VN clean slate 28_07.xlsx,False,branch_structure_only
Statistical Differences\Primary\Other biomass,11,AUS clean slate 28_07.xlsx|BD clean slate 28_07.xlsx|MAS clean slate 28_07.xlsx|MEX clean slate 28_07.xlsx|NZ clean slate 27_07.xlsx|PHL clean slate 28_07.xlsx|PNG clean slate 28_07.xlsx|PRC clean slate 28_07.xlsx|THA clean slate 28_07.xlsx|USA clean slate 28_07.xlsx|VN clean slate 28_07.xlsx,False,branch_structure_only
Statistical Differences\Primary\Other bituminous coal,11,AUS clean slate 28_07.xlsx|BD clean slate 28_07.xlsx|MAS clean slate 28_07.xlsx|MEX clean slate 28_07.xlsx|NZ clean slate 27_07.xlsx|PHL clean slate 28_07.xlsx|PNG clean slate 28_07.xlsx|PRC clean slate 28_07.xlsx|THA clean slate 28_07.xlsx|USA clean slate 28_07.xlsx|VN clean slate 28_07.xlsx,False,branch_structure_only
Statistical Differences\Primary\Other liquid biofuels,11,AUS clean slate 28_07.xlsx|BD clean slate 28_07.xlsx|MAS clean slate 28_07.xlsx|MEX clean slate 28_07.xlsx|NZ clean slate 27_07.xlsx|PHL clean slate 28_07.xlsx|PNG clean slate 28_07.xlsx|PRC clean slate 28_07.xlsx|THA clean slate 28_07.xlsx|USA clean slate 28_07.xlsx|VN clean slate 28_07.xlsx,False,branch_structure_only
Statistical Differences\Primary\Peat,11,AUS clean slate 28_07.xlsx|BD clean slate 28_07.xlsx|MAS clean slate 28_07.xlsx|MEX clean slate 28_07.xlsx|NZ clean slate 27_07.xlsx|PHL clean slate 28_07.xlsx|PNG clean slate 28_07.xlsx|PRC clean slate 28_07.xlsx|THA clean slate 28_07.xlsx|USA clean slate 28_07.xlsx|VN clean slate 28_07.xlsx,False,branch_structure_only
Statistical Differences\Primary\Peat products,11,AUS clean slate 28_07.xlsx|BD clean slate 28_07.xlsx|MAS clean slate 28_07.xlsx|MEX clean slate 28_07.xlsx|NZ clean slate 27_07.xlsx|PHL clean slate 28_07.xlsx|PNG clean slate 28_07.xlsx|PRC clean slate 28_07.xlsx|THA clean slate 28_07.xlsx|USA clean slate 28_07.xlsx|VN clean slate 28_07.xlsx,False,branch_structure_only
Statistical Differences\Primary\Refinery feedstocks,11,AUS clean slate 28_07.xlsx|BD clean slate 28_07.xlsx|MAS clean slate 28_07.xlsx|MEX clean slate 28_07.xlsx|NZ clean slate 27_07.xlsx|PHL clean slate 28_07.xlsx|PNG clean slate 28_07.xlsx|PRC clean slate 28_07.xlsx|THA clean slate 28_07.xlsx|USA clean slate 28_07.xlsx|VN clean slate 28_07.xlsx,False,branch_structure_only
Statistical Differences\Primary\Solar Photovoltaics,4,PHL clean slate 28_07.xlsx|PNG clean slate 28_07.xlsx|THA clean slate 28_07.xlsx|VN clean slate 28_07.xlsx,False,branch_structure_only
Statistical Differences\Primary\Solar nonspecified,11,AUS clean slate 28_07.xlsx|BD clean slate 28_07.xlsx|MAS clean slate 28_07.xlsx|MEX clean slate 28_07.xlsx|NZ clean slate 27_07.xlsx|PHL clean slate 28_07.xlsx|PNG clean slate 28_07.xlsx|PRC clean slate 28_07.xlsx|THA clean slate 28_07.xlsx|USA clean slate 28_07.xlsx|VN clean slate 28_07.xlsx,False,branch_structure_only
Statistical Differences\Primary\Solar photovoltaics,7,AUS clean slate 28_07.xlsx|BD clean slate 28_07.xlsx|MAS clean slate 28_07.xlsx|MEX clean slate 28_07.xlsx|NZ clean slate 27_07.xlsx|PRC clean slate 28_07.xlsx|USA clean slate 28_07.xlsx,False,branch_structure_only
Statistical Differences\Primary\Sub bituminous coal,11,AUS clean slate 28_07.xlsx|BD clean slate 28_07.xlsx|MAS clean slate 28_07.xlsx|MEX clean slate 28_07.xlsx|NZ clean slate 27_07.xlsx|PHL clean slate 28_07.xlsx|PNG clean slate 28_07.xlsx|PRC clean slate 28_07.xlsx|THA clean slate 28_07.xlsx|USA clean slate 28_07.xlsx|VN clean slate 28_07.xlsx,False,branch_structure_only
Statistical Differences\Primary\Tide wave ocean,11,AUS clean slate 28_07.xlsx|BD clean slate 28_07.xlsx|MAS clean slate 28_07.xlsx|MEX clean slate 28_07.xlsx|NZ clean slate 27_07.xlsx|PHL clean slate 28_07.xlsx|PNG clean slate 28_07.xlsx|PRC clean slate 28_07.xlsx|THA clean slate 28_07.xlsx|USA clean slate 28_07.xlsx|VN clean slate 28_07.xlsx,False,branch_structure_only
Statistical Differences\Primary\Wind,11,AUS clean slate 28_07.xlsx|BD clean slate 28_07.xlsx|MAS clean slate 28_07.xlsx|MEX clean slate 28_07.xlsx|NZ clean slate 27_07.xlsx|PHL clean slate 28_07.xlsx|PNG clean slate 28_07.xlsx|PRC clean slate 28_07.xlsx|THA clean slate 28_07.xlsx|USA clean slate 28_07.xlsx|VN clean slate 28_07.xlsx,False,branch_structure_only
Statistical Differences\Secondary\Aviation gasoline,11,AUS clean slate 28_07.xlsx|BD clean slate 28_07.xlsx|MAS clean slate 28_07.xlsx|MEX clean slate 28_07.xlsx|NZ clean slate 27_07.xlsx|PHL clean slate 28_07.xlsx|PNG clean slate 28_07.xlsx|PRC clean slate 28_07.xlsx|THA clean slate 28_07.xlsx|USA clean slate 28_07.xlsx|VN clean slate 28_07.xlsx,False,branch_structure_only
Statistical Differences\Secondary\BKB and PB,11,AUS clean slate 28_07.xlsx|BD clean slate 28_07.xlsx|MAS clean slate 28_07.xlsx|MEX clean slate 28_07.xlsx|NZ clean slate 27_07.xlsx|PHL clean slate 28_07.xlsx|PNG clean slate 28_07.xlsx|PRC clean slate 28_07.xlsx|THA clean slate 28_07.xlsx|USA clean slate 28_07.xlsx|VN clean slate 28_07.xlsx,False,branch_structure_only
Statistical Differences\Secondary\Bitumen,11,AUS clean slate 28_07.xlsx|BD clean slate 28_07.xlsx|MAS clean slate 28_07.xlsx|MEX clean slate 28_07.xlsx|NZ clean slate 27_07.xlsx|PHL clean slate 28_07.xlsx|PNG clean slate 28_07.xlsx|PRC clean slate 28_07.xlsx|THA clean slate 28_07.xlsx|USA clean slate 28_07.xlsx|VN clean slate 28_07.xlsx,False,branch_structure_only
Statistical Differences\Secondary\Blast furnace gas,11,AUS clean slate 28_07.xlsx|BD clean slate 28_07.xlsx|MAS clean slate 28_07.xlsx|MEX clean slate 28_07.xlsx|NZ clean slate 27_07.xlsx|PHL clean slate 28_07.xlsx|PNG clean slate 28_07.xlsx|PRC clean slate 28_07.xlsx|THA clean slate 28_07.xlsx|USA clean slate 28_07.xlsx|VN clean slate 28_07.xlsx,False,branch_structure_only
Statistical Differences\Secondary\Coal tar,11,AUS clean slate 28_07.xlsx|BD clean slate 28_07.xlsx|MAS clean slate 28_07.xlsx|MEX clean slate 28_07.xlsx|NZ clean slate 27_07.xlsx|PHL clean slate 28_07.xlsx|PNG clean slate 28_07.xlsx|PRC clean slate 28_07.xlsx|THA clean slate 28_07.xlsx|USA clean slate 28_07.xlsx|VN clean slate 28_07.xlsx,False,branch_structure_only
Statistical Differences\Secondary\Coke oven coke,11,AUS clean slate 28_07.xlsx|BD clean slate 28_07.xlsx|MAS clean slate 28_07.xlsx|MEX clean slate 28_07.xlsx|NZ clean slate 27_07.xlsx|PHL clean slate 28_07.xlsx|PNG clean slate 28_07.xlsx|PRC clean slate 28_07.xlsx|THA clean slate 28_07.xlsx|USA clean slate 28_07.xlsx|VN clean slate 28_07.xlsx,False,branch_structure_only
Statistical Differences\Secondary\Coke oven gas,11,AUS clean slate 28_07.xlsx|BD clean slate 28_07.xlsx|MAS clean slate 28_07.xlsx|MEX clean slate 28_07.xlsx|NZ clean slate 27_07.xlsx|PHL clean slate 28_07.xlsx|PNG clean slate 28_07.xlsx|PRC clean slate 28_07.xlsx|THA clean slate 28_07.xlsx|USA clean slate 28_07.xlsx|VN clean slate 28_07.xlsx,False,branch_structure_only
Statistical Differences\Secondary\Electricity,11,AUS clean slate 28_07.xlsx|BD clean slate 28_07.xlsx|MAS clean slate 28_07.xlsx|MEX clean slate 28_07.xlsx|NZ clean slate 27_07.xlsx|PHL clean slate 28_07.xlsx|PNG clean slate 28_07.xlsx|PRC clean slate 28_07.xlsx|THA clean slate 28_07.xlsx|USA clean slate 28_07.xlsx|VN clean slate 28_07.xlsx,False,branch_structure_only
Statistical Differences\Secondary\Ethane,11,AUS clean slate 28_07.xlsx|BD clean slate 28_07.xlsx|MAS clean slate 28_07.xlsx|MEX clean slate 28_07.xlsx|NZ clean slate 27_07.xlsx|PHL clean slate 28_07.xlsx|PNG clean slate 28_07.xlsx|PRC clean slate 28_07.xlsx|THA clean slate 28_07.xlsx|USA clean slate 28_07.xlsx|VN clean slate 28_07.xlsx,False,branch_structure_only
Statistical Differences\Secondary\Fuel oil,11,AUS clean slate 28_07.xlsx|BD clean slate 28_07.xlsx|MAS clean slate 28_07.xlsx|MEX clean slate 28_07.xlsx|NZ clean slate 27_07.xlsx|PHL clean slate 28_07.xlsx|PNG clean slate 28_07.xlsx|PRC clean slate 28_07.xlsx|THA clean slate 28_07.xlsx|USA clean slate 28_07.xlsx|VN clean slate 28_07.xlsx,False,branch_structure_only
Statistical Differences\Secondary\Gas and diesel oil,11,AUS clean slate 28_07.xlsx|BD clean slate 28_07.xlsx|MAS clean slate 28_07.xlsx|MEX clean slate 28_07.xlsx|NZ clean slate 27_07.xlsx|PHL clean slate 28_07.xlsx|PNG clean slate 28_07.xlsx|PRC clean slate 28_07.xlsx|THA clean slate 28_07.xlsx|USA clean slate 28_07.xlsx|VN clean slate 28_07.xlsx,False,branch_structure_only
Statistical Differences\Secondary\Gas coke,9,BD clean slate 28_07.xlsx|MAS clean slate 28_07.xlsx|NZ clean slate 27_07.xlsx|PHL clean slate 28_07.xlsx|PNG clean slate 28_07.xlsx|PRC clean slate 28_07.xlsx|THA clean slate 28_07.xlsx|USA clean slate 28_07.xlsx|VN clean slate 28_07.xlsx,False,branch_structure_only
Statistical Differences\Secondary\Gas works gas,11,AUS clean slate 28_07.xlsx|BD clean slate 28_07.xlsx|MAS clean slate 28_07.xlsx|MEX clean slate 28_07.xlsx|NZ clean slate 27_07.xlsx|PHL clean slate 28_07.xlsx|PNG clean slate 28_07.xlsx|PRC clean slate 28_07.xlsx|THA clean slate 28_07.xlsx|USA clean slate 28_07.xlsx|VN clean slate 28_07.xlsx,False,branch_structure_only
Statistical Differences\Secondary\Gasoline type jet fuel,11,AUS clean slate 28_07.xlsx|BD clean slate 28_07.xlsx|MAS clean slate 28_07.xlsx|MEX clean slate 28_07.xlsx|NZ clean slate 27_07.xlsx|PHL clean slate 28_07.xlsx|PNG clean slate 28_07.xlsx|PRC clean slate 28_07.xlsx|THA clean slate 28_07.xlsx|USA clean slate 28_07.xlsx|VN clean slate 28_07.xlsx,False,branch_structure_only
Statistical Differences\Secondary\Heat,11,AUS clean slate 28_07.xlsx|BD clean slate 28_07.xlsx|MAS clean slate 28_07.xlsx|MEX clean slate 28_07.xlsx|NZ clean slate 27_07.xlsx|PHL clean slate 28_07.xlsx|PNG clean slate 28_07.xlsx|PRC clean slate 28_07.xlsx|THA clean slate 28_07.xlsx|USA clean slate 28_07.xlsx|VN clean slate 28_07.xlsx,False,branch_structure_only
Statistical Differences\Secondary\Industrial waste,11,AUS clean slate 28_07.xlsx|BD clean slate 28_07.xlsx|MAS clean slate 28_07.xlsx|MEX clean slate 28_07.xlsx|NZ clean slate 27_07.xlsx|PHL clean slate 28_07.xlsx|PNG clean slate 28_07.xlsx|PRC clean slate 28_07.xlsx|THA clean slate 28_07.xlsx|USA clean slate 28_07.xlsx|VN clean slate 28_07.xlsx,False,branch_structure_only
Statistical Differences\Secondary\Kerosene,11,AUS clean slate 28_07.xlsx|BD clean slate 28_07.xlsx|MAS clean slate 28_07.xlsx|MEX clean slate 28_07.xlsx|NZ clean slate 27_07.xlsx|PHL clean slate 28_07.xlsx|PNG clean slate 28_07.xlsx|PRC clean slate 28_07.xlsx|THA clean slate 28_07.xlsx|USA clean slate 28_07.xlsx|VN clean slate 28_07.xlsx,False,branch_structure_only
Statistical Differences\Secondary\Kerosene type jet fuel,11,AUS clean slate 28_07.xlsx|BD clean slate 28_07.xlsx|MAS clean slate 28_07.xlsx|MEX clean slate 28_07.xlsx|NZ clean slate 27_07.xlsx|PHL clean slate 28_07.xlsx|PNG clean slate 28_07.xlsx|PRC clean slate 28_07.xlsx|THA clean slate 28_07.xlsx|USA clean slate 28_07.xlsx|VN clean slate 28_07.xlsx,False,branch_structure_only
Statistical Differences\Secondary\LNG,11,AUS clean slate 28_07.xlsx|BD clean slate 28_07.xlsx|MAS clean slate 28_07.xlsx|MEX clean slate 28_07.xlsx|NZ clean slate 27_07.xlsx|PHL clean slate 28_07.xlsx|PNG clean slate 28_07.xlsx|PRC clean slate 28_07.xlsx|THA clean slate 28_07.xlsx|USA clean slate 28_07.xlsx|VN clean slate 28_07.xlsx,False,branch_structure_only
Statistical Differences\Secondary\LPG,11,AUS clean slate 28_07.xlsx|BD clean slate 28_07.xlsx|MAS clean slate 28_07.xlsx|MEX clean slate 28_07.xlsx|NZ clean slate 27_07.xlsx|PHL clean slate 28_07.xlsx|PNG clean slate 28_07.xlsx|PRC clean slate 28_07.xlsx|THA clean slate 28_07.xlsx|USA clean slate 28_07.xlsx|VN clean slate 28_07.xlsx,False,branch_structure_only
Statistical Differences\Secondary\Lubricants,11,AUS clean slate 28_07.xlsx|BD clean slate 28_07.xlsx|MAS clean slate 28_07.xlsx|MEX clean slate 28_07.xlsx|NZ clean slate 27_07.xlsx|PHL clean slate 28_07.xlsx|PNG clean slate 28_07.xlsx|PRC clean slate 28_07.xlsx|THA clean slate 28_07.xlsx|USA clean slate 28_07.xlsx|VN clean slate 28_07.xlsx,False,branch_structure_only
Statistical Differences\Secondary\Motor gasoline,11,AUS clean slate 28_07.xlsx|BD clean slate 28_07.xlsx|MAS clean slate 28_07.xlsx|MEX clean slate 28_07.xlsx|NZ clean slate 27_07.xlsx|PHL clean slate 28_07.xlsx|PNG clean slate 28_07.xlsx|PRC clean slate 28_07.xlsx|THA clean slate 28_07.xlsx|USA clean slate 28_07.xlsx|VN clean slate 28_07.xlsx,False,branch_structure_only
Statistical Differences\Secondary\Municipal solid waste non renewable,11,AUS clean slate 28_07.xlsx|BD clean slate 28_07.xlsx|MAS clean slate 28_07.xlsx|MEX clean slate 28_07.xlsx|NZ clean slate 27_07.xlsx|PHL clean slate 28_07.xlsx|PNG clean slate 28_07.xlsx|PRC clean slate 28_07.xlsx|THA clean slate 28_07.xlsx|USA clean slate 28_07.xlsx|VN clean slate 28_07.xlsx,False,branch_structure_only
Statistical Differences\Secondary\Naphtha,11,AUS clean slate 28_07.xlsx|BD clean slate 28_07.xlsx|MAS clean slate 28_07.xlsx|MEX clean slate 28_07.xlsx|NZ clean slate 27_07.xlsx|PHL clean slate 28_07.xlsx|PNG clean slate 28_07.xlsx|PRC clean slate 28_07.xlsx|THA clean slate 28_07.xlsx|USA clean slate 28_07.xlsx|VN clean slate 28_07.xlsx,False,branch_structure_only
Statistical Differences\Secondary\Other hydrocarbons,11,AUS clean slate 28_07.xlsx|BD clean slate 28_07.xlsx|MAS clean slate 28_07.xlsx|MEX clean slate 28_07.xlsx|NZ clean slate 27_07.xlsx|PHL clean slate 28_07.xlsx|PNG clean slate 28_07.xlsx|PRC clean slate 28_07.xlsx|THA clean slate 28_07.xlsx|USA clean slate 28_07.xlsx|VN clean slate 28_07.xlsx,False,branch_structure_only
Statistical Differences\Secondary\Other products,11,AUS clean slate 28_07.xlsx|BD clean slate 28_07.xlsx|MAS clean slate 28_07.xlsx|MEX clean slate 28_07.xlsx|NZ clean slate 27_07.xlsx|PHL clean slate 28_07.xlsx|PNG clean slate 28_07.xlsx|PRC clean slate 28_07.xlsx|THA clean slate 28_07.xlsx|USA clean slate 28_07.xlsx|VN clean slate 28_07.xlsx,False,branch_structure_only
Statistical Differences\Secondary\Other recovered gases,11,AUS clean slate 28_07.xlsx|BD clean slate 28_07.xlsx|MAS clean slate 28_07.xlsx|MEX clean slate 28_07.xlsx|NZ clean slate 27_07.xlsx|PHL clean slate 28_07.xlsx|PNG clean slate 28_07.xlsx|PRC clean slate 28_07.xlsx|THA clean slate 28_07.xlsx|USA clean slate 28_07.xlsx|VN clean slate 28_07.xlsx,False,branch_structure_only
Statistical Differences\Secondary\Other sources,11,AUS clean slate 28_07.xlsx|BD clean slate 28_07.xlsx|MAS clean slate 28_07.xlsx|MEX clean slate 28_07.xlsx|NZ clean slate 27_07.xlsx|PHL clean slate 28_07.xlsx|PNG clean slate 28_07.xlsx|PRC clean slate 28_07.xlsx|THA clean slate 28_07.xlsx|USA clean slate 28_07.xlsx|VN clean slate 28_07.xlsx,False,branch_structure_only
Statistical Differences\Secondary\Paraffin waxes,11,AUS clean slate 28_07.xlsx|BD clean slate 28_07.xlsx|MAS clean slate 28_07.xlsx|MEX clean slate 28_07.xlsx|NZ clean slate 27_07.xlsx|PHL clean slate 28_07.xlsx|PNG clean slate 28_07.xlsx|PRC clean slate 28_07.xlsx|THA clean slate 28_07.xlsx|USA clean slate 28_07.xlsx|VN clean slate 28_07.xlsx,False,branch_structure_only
Statistical Differences\Secondary\Patent fuel,11,AUS clean slate 28_07.xlsx|BD clean slate 28_07.xlsx|MAS clean slate 28_07.xlsx|MEX clean slate 28_07.xlsx|NZ clean slate 27_07.xlsx|PHL clean slate 28_07.xlsx|PNG clean slate 28_07.xlsx|PRC clean slate 28_07.xlsx|THA clean slate 28_07.xlsx|USA clean slate 28_07.xlsx|VN clean slate 28_07.xlsx,False,branch_structure_only
Statistical Differences\Secondary\PetProd nonspecified,11,AUS clean slate 28_07.xlsx|BD clean slate 28_07.xlsx|MAS clean slate 28_07.xlsx|MEX clean slate 28_07.xlsx|NZ clean slate 27_07.xlsx|PHL clean slate 28_07.xlsx|PNG clean slate 28_07.xlsx|PRC clean slate 28_07.xlsx|THA clean slate 28_07.xlsx|USA clean slate 28_07.xlsx|VN clean slate 28_07.xlsx,False,branch_structure_only
Statistical Differences\Secondary\Petroleum coke,11,AUS clean slate 28_07.xlsx|BD clean slate 28_07.xlsx|MAS clean slate 28_07.xlsx|MEX clean slate 28_07.xlsx|NZ clean slate 27_07.xlsx|PHL clean slate 28_07.xlsx|PNG clean slate 28_07.xlsx|PRC clean slate 28_07.xlsx|THA clean slate 28_07.xlsx|USA clean slate 28_07.xlsx|VN clean slate 28_07.xlsx,False,branch_structure_only
Statistical Differences\Secondary\Refinery gas not liquefied,11,AUS clean slate 28_07.xlsx|BD clean slate 28_07.xlsx|MAS clean slate 28_07.xlsx|MEX clean slate 28_07.xlsx|NZ clean slate 27_07.xlsx|PHL clean slate 28_07.xlsx|PNG clean slate 28_07.xlsx|PRC clean slate 28_07.xlsx|THA clean slate 28_07.xlsx|USA clean slate 28_07.xlsx|VN clean slate 28_07.xlsx,False,branch_structure_only
Statistical Differences\Secondary\White spirit SBP,11,AUS clean slate 28_07.xlsx|BD clean slate 28_07.xlsx|MAS clean slate 28_07.xlsx|MEX clean slate 28_07.xlsx|NZ clean slate 27_07.xlsx|PHL clean slate 28_07.xlsx|PNG clean slate 28_07.xlsx|PRC clean slate 28_07.xlsx|THA clean slate 28_07.xlsx|USA clean slate 28_07.xlsx|VN clean slate 28_07.xlsx,False,branch_structure_only
Stock Changes\Primary\Additives and oxygenates,11,AUS clean slate 28_07.xlsx|BD clean slate 28_07.xlsx|MAS clean slate 28_07.xlsx|MEX clean slate 28_07.xlsx|NZ clean slate 27_07.xlsx|PHL clean slate 28_07.xlsx|PNG clean slate 28_07.xlsx|PRC clean slate 28_07.xlsx|THA clean slate 28_07.xlsx|USA clean slate 28_07.xlsx|VN clean slate 28_07.xlsx,False,branch_structure_only
Stock Changes\Primary\Ammonia,11,AUS clean slate 28_07.xlsx|BD clean slate 28_07.xlsx|MAS clean slate 28_07.xlsx|MEX clean slate 28_07.xlsx|NZ clean slate 27_07.xlsx|PHL clean slate 28_07.xlsx|PNG clean slate 28_07.xlsx|PRC clean slate 28_07.xlsx|THA clean slate 28_07.xlsx|USA clean slate 28_07.xlsx|VN clean slate 28_07.xlsx,False,branch_structure_only
Stock Changes\Primary\Anthracite,11,AUS clean slate 28_07.xlsx|BD clean slate 28_07.xlsx|MAS clean slate 28_07.xlsx|MEX clean slate 28_07.xlsx|NZ clean slate 27_07.xlsx|PHL clean slate 28_07.xlsx|PNG clean slate 28_07.xlsx|PRC clean slate 28_07.xlsx|THA clean slate 28_07.xlsx|USA clean slate 28_07.xlsx|VN clean slate 28_07.xlsx,False,branch_structure_only
Stock Changes\Primary\Bagasse,11,AUS clean slate 28_07.xlsx|BD clean slate 28_07.xlsx|MAS clean slate 28_07.xlsx|MEX clean slate 28_07.xlsx|NZ clean slate 27_07.xlsx|PHL clean slate 28_07.xlsx|PNG clean slate 28_07.xlsx|PRC clean slate 28_07.xlsx|THA clean slate 28_07.xlsx|USA clean slate 28_07.xlsx|VN clean slate 28_07.xlsx,False,branch_structure_only
Stock Changes\Primary\Bio jet kerosene,9,BD clean slate 28_07.xlsx|MAS clean slate 28_07.xlsx|NZ clean slate 27_07.xlsx|PHL clean slate 28_07.xlsx|PNG clean slate 28_07.xlsx|PRC clean slate 28_07.xlsx|THA clean slate 28_07.xlsx|USA clean slate 28_07.xlsx|VN clean slate 28_07.xlsx,False,branch_structure_only
Stock Changes\Primary\Biodiesel,11,AUS clean slate 28_07.xlsx|BD clean slate 28_07.xlsx|MAS clean slate 28_07.xlsx|MEX clean slate 28_07.xlsx|NZ clean slate 27_07.xlsx|PHL clean slate 28_07.xlsx|PNG clean slate 28_07.xlsx|PRC clean slate 28_07.xlsx|THA clean slate 28_07.xlsx|USA clean slate 28_07.xlsx|VN clean slate 28_07.xlsx,False,branch_structure_only
Stock Changes\Primary\Biogas,11,AUS clean slate 28_07.xlsx|BD clean slate 28_07.xlsx|MAS clean slate 28_07.xlsx|MEX clean slate 28_07.xlsx|NZ clean slate 27_07.xlsx|PHL clean slate 28_07.xlsx|PNG clean slate 28_07.xlsx|PRC clean slate 28_07.xlsx|THA clean slate 28_07.xlsx|USA clean slate 28_07.xlsx|VN clean slate 28_07.xlsx,False,branch_structure_only
Stock Changes\Primary\Biogasoline,11,AUS clean slate 28_07.xlsx|BD clean slate 28_07.xlsx|MAS clean slate 28_07.xlsx|MEX clean slate 28_07.xlsx|NZ clean slate 27_07.xlsx|PHL clean slate 28_07.xlsx|PNG clean slate 28_07.xlsx|PRC clean slate 28_07.xlsx|THA clean slate 28_07.xlsx|USA clean slate 28_07.xlsx|VN clean slate 28_07.xlsx,False,branch_structure_only
Stock Changes\Primary\Black liquor,11,AUS clean slate 28_07.xlsx|BD clean slate 28_07.xlsx|MAS clean slate 28_07.xlsx|MEX clean slate 28_07.xlsx|NZ clean slate 27_07.xlsx|PHL clean slate 28_07.xlsx|PNG clean slate 28_07.xlsx|PRC clean slate 28_07.xlsx|THA clean slate 28_07.xlsx|USA clean slate 28_07.xlsx|VN clean slate 28_07.xlsx,False,branch_structure_only
Stock Changes\Primary\Charcoal,11,AUS clean slate 28_07.xlsx|BD clean slate 28_07.xlsx|MAS clean slate 28_07.xlsx|MEX clean slate 28_07.xlsx|NZ clean slate 27_07.xlsx|PHL clean slate 28_07.xlsx|PNG clean slate 28_07.xlsx|PRC clean slate 28_07.xlsx|THA clean slate 28_07.xlsx|USA clean slate 28_07.xlsx|VN clean slate 28_07.xlsx,False,branch_structure_only
Stock Changes\Primary\Coal nonspecified,9,BD clean slate 28_07.xlsx|MAS clean slate 28_07.xlsx|NZ clean slate 27_07.xlsx|PHL clean slate 28_07.xlsx|PNG clean slate 28_07.xlsx|PRC clean slate 28_07.xlsx|THA clean slate 28_07.xlsx|USA clean slate 28_07.xlsx|VN clean slate 28_07.xlsx,False,branch_structure_only
Stock Changes\Primary\Coking coal,11,AUS clean slate 28_07.xlsx|BD clean slate 28_07.xlsx|MAS clean slate 28_07.xlsx|MEX clean slate 28_07.xlsx|NZ clean slate 27_07.xlsx|PHL clean slate 28_07.xlsx|PNG clean slate 28_07.xlsx|PRC clean slate 28_07.xlsx|THA clean slate 28_07.xlsx|USA clean slate 28_07.xlsx|VN clean slate 28_07.xlsx,False,branch_structure_only
Stock Changes\Primary\Crude oil,11,AUS clean slate 28_07.xlsx|BD clean slate 28_07.xlsx|MAS clean slate 28_07.xlsx|MEX clean slate 28_07.xlsx|NZ clean slate 27_07.xlsx|PHL clean slate 28_07.xlsx|PNG clean slate 28_07.xlsx|PRC clean slate 28_07.xlsx|THA clean slate 28_07.xlsx|USA clean slate 28_07.xlsx|VN clean slate 28_07.xlsx,False,branch_structure_only
Stock Changes\Primary\Efuel,11,AUS clean slate 28_07.xlsx|BD clean slate 28_07.xlsx|MAS clean slate 28_07.xlsx|MEX clean slate 28_07.xlsx|NZ clean slate 27_07.xlsx|PHL clean slate 28_07.xlsx|PNG clean slate 28_07.xlsx|PRC clean slate 28_07.xlsx|THA clean slate 28_07.xlsx|USA clean slate 28_07.xlsx|VN clean slate 28_07.xlsx,False,branch_structure_only
Stock Changes\Primary\Fuelwood and woodwaste,11,AUS clean slate 28_07.xlsx|BD clean slate 28_07.xlsx|MAS clean slate 28_07.xlsx|MEX clean slate 28_07.xlsx|NZ clean slate 27_07.xlsx|PHL clean slate 28_07.xlsx|PNG clean slate 28_07.xlsx|PRC clean slate 28_07.xlsx|THA clean slate 28_07.xlsx|USA clean slate 28_07.xlsx|VN clean slate 28_07.xlsx,False,branch_structure_only
Stock Changes\Primary\Geothermal,11,AUS clean slate 28_07.xlsx|BD clean slate 28_07.xlsx|MAS clean slate 28_07.xlsx|MEX clean slate 28_07.xlsx|NZ clean slate 27_07.xlsx|PHL clean slate 28_07.xlsx|PNG clean slate 28_07.xlsx|PRC clean slate 28_07.xlsx|THA clean slate 28_07.xlsx|USA clean slate 28_07.xlsx|VN clean slate 28_07.xlsx,False,branch_structure_only
Stock Changes\Primary\Hydro,11,AUS clean slate 28_07.xlsx|BD clean slate 28_07.xlsx|MAS clean slate 28_07.xlsx|MEX clean slate 28_07.xlsx|NZ clean slate 27_07.xlsx|PHL clean slate 28_07.xlsx|PNG clean slate 28_07.xlsx|PRC clean slate 28_07.xlsx|THA clean slate 28_07.xlsx|USA clean slate 28_07.xlsx|VN clean slate 28_07.xlsx,False,branch_structure_only
Stock Changes\Primary\Hydrogen,11,AUS clean slate 28_07.xlsx|BD clean slate 28_07.xlsx|MAS clean slate 28_07.xlsx|MEX clean slate 28_07.xlsx|NZ clean slate 27_07.xlsx|PHL clean slate 28_07.xlsx|PNG clean slate 28_07.xlsx|PRC clean slate 28_07.xlsx|THA clean slate 28_07.xlsx|USA clean slate 28_07.xlsx|VN clean slate 28_07.xlsx,False,branch_structure_only
Stock Changes\Primary\Lignite,11,AUS clean slate 28_07.xlsx|BD clean slate 28_07.xlsx|MAS clean slate 28_07.xlsx|MEX clean slate 28_07.xlsx|NZ clean slate 27_07.xlsx|PHL clean slate 28_07.xlsx|PNG clean slate 28_07.xlsx|PRC clean slate 28_07.xlsx|THA clean slate 28_07.xlsx|USA clean slate 28_07.xlsx|VN clean slate 28_07.xlsx,False,branch_structure_only
Stock Changes\Primary\Municipal solid waste renewable,11,AUS clean slate 28_07.xlsx|BD clean slate 28_07.xlsx|MAS clean slate 28_07.xlsx|MEX clean slate 28_07.xlsx|NZ clean slate 27_07.xlsx|PHL clean slate 28_07.xlsx|PNG clean slate 28_07.xlsx|PRC clean slate 28_07.xlsx|THA clean slate 28_07.xlsx|USA clean slate 28_07.xlsx|VN clean slate 28_07.xlsx,False,branch_structure_only
Stock Changes\Primary\Natural gas,11,AUS clean slate 28_07.xlsx|BD clean slate 28_07.xlsx|MAS clean slate 28_07.xlsx|MEX clean slate 28_07.xlsx|NZ clean slate 27_07.xlsx|PHL clean slate 28_07.xlsx|PNG clean slate 28_07.xlsx|PRC clean slate 28_07.xlsx|THA clean slate 28_07.xlsx|USA clean slate 28_07.xlsx|VN clean slate 28_07.xlsx,False,branch_structure_only
Stock Changes\Primary\Natural gas liquids,11,AUS clean slate 28_07.xlsx|BD clean slate 28_07.xlsx|MAS clean slate 28_07.xlsx|MEX clean slate 28_07.xlsx|NZ clean slate 27_07.xlsx|PHL clean slate 28_07.xlsx|PNG clean slate 28_07.xlsx|PRC clean slate 28_07.xlsx|THA clean slate 28_07.xlsx|USA clean slate 28_07.xlsx|VN clean slate 28_07.xlsx,False,branch_structure_only
Stock Changes\Primary\Nuclear,11,AUS clean slate 28_07.xlsx|BD clean slate 28_07.xlsx|MAS clean slate 28_07.xlsx|MEX clean slate 28_07.xlsx|NZ clean slate 27_07.xlsx|PHL clean slate 28_07.xlsx|PNG clean slate 28_07.xlsx|PRC clean slate 28_07.xlsx|THA clean slate 28_07.xlsx|USA clean slate 28_07.xlsx|VN clean slate 28_07.xlsx,False,branch_structure_only
Stock Changes\Primary\Other biomass,11,AUS clean slate 28_07.xlsx|BD clean slate 28_07.xlsx|MAS clean slate 28_07.xlsx|MEX clean slate 28_07.xlsx|NZ clean slate 27_07.xlsx|PHL clean slate 28_07.xlsx|PNG clean slate 28_07.xlsx|PRC clean slate 28_07.xlsx|THA clean slate 28_07.xlsx|USA clean slate 28_07.xlsx|VN clean slate 28_07.xlsx,False,branch_structure_only
Stock Changes\Primary\Other bituminous coal,11,AUS clean slate 28_07.xlsx|BD clean slate 28_07.xlsx|MAS clean slate 28_07.xlsx|MEX clean slate 28_07.xlsx|NZ clean slate 27_07.xlsx|PHL clean slate 28_07.xlsx|PNG clean slate 28_07.xlsx|PRC clean slate 28_07.xlsx|THA clean slate 28_07.xlsx|USA clean slate 28_07.xlsx|VN clean slate 28_07.xlsx,False,branch_structure_only
Stock Changes\Primary\Other liquid biofuels,11,AUS clean slate 28_07.xlsx|BD clean slate 28_07.xlsx|MAS clean slate 28_07.xlsx|MEX clean slate 28_07.xlsx|NZ clean slate 27_07.xlsx|PHL clean slate 28_07.xlsx|PNG clean slate 28_07.xlsx|PRC clean slate 28_07.xlsx|THA clean slate 28_07.xlsx|USA clean slate 28_07.xlsx|VN clean slate 28_07.xlsx,False,branch_structure_only
Stock Changes\Primary\Peat,11,AUS clean slate 28_07.xlsx|BD clean slate 28_07.xlsx|MAS clean slate 28_07.xlsx|MEX clean slate 28_07.xlsx|NZ clean slate 27_07.xlsx|PHL clean slate 28_07.xlsx|PNG clean slate 28_07.xlsx|PRC clean slate 28_07.xlsx|THA clean slate 28_07.xlsx|USA clean slate 28_07.xlsx|VN clean slate 28_07.xlsx,False,branch_structure_only
Stock Changes\Primary\Peat products,11,AUS clean slate 28_07.xlsx|BD clean slate 28_07.xlsx|MAS clean slate 28_07.xlsx|MEX clean slate 28_07.xlsx|NZ clean slate 27_07.xlsx|PHL clean slate 28_07.xlsx|PNG clean slate 28_07.xlsx|PRC clean slate 28_07.xlsx|THA clean slate 28_07.xlsx|USA clean slate 28_07.xlsx|VN clean slate 28_07.xlsx,False,branch_structure_only
Stock Changes\Primary\Refinery feedstocks,11,AUS clean slate 28_07.xlsx|BD clean slate 28_07.xlsx|MAS clean slate 28_07.xlsx|MEX clean slate 28_07.xlsx|NZ clean slate 27_07.xlsx|PHL clean slate 28_07.xlsx|PNG clean slate 28_07.xlsx|PRC clean slate 28_07.xlsx|THA clean slate 28_07.xlsx|USA clean slate 28_07.xlsx|VN clean slate 28_07.xlsx,False,branch_structure_only
Stock Changes\Primary\Solar Photovoltaics,4,PHL clean slate 28_07.xlsx|PNG clean slate 28_07.xlsx|THA clean slate 28_07.xlsx|VN clean slate 28_07.xlsx,False,branch_structure_only
Stock Changes\Primary\Solar nonspecified,11,AUS clean slate 28_07.xlsx|BD clean slate 28_07.xlsx|MAS clean slate 28_07.xlsx|MEX clean slate 28_07.xlsx|NZ clean slate 27_07.xlsx|PHL clean slate 28_07.xlsx|PNG clean slate 28_07.xlsx|PRC clean slate 28_07.xlsx|THA clean slate 28_07.xlsx|USA clean slate 28_07.xlsx|VN clean slate 28_07.xlsx,False,branch_structure_only
Stock Changes\Primary\Solar photovoltaics,7,AUS clean slate 28_07.xlsx|BD clean slate 28_07.xlsx|MAS clean slate 28_07.xlsx|MEX clean slate 28_07.xlsx|NZ clean slate 27_07.xlsx|PRC clean slate 28_07.xlsx|USA clean slate 28_07.xlsx,False,branch_structure_only
Stock Changes\Primary\Sub bituminous coal,11,AUS clean slate 28_07.xlsx|BD clean slate 28_07.xlsx|MAS clean slate 28_07.xlsx|MEX clean slate 28_07.xlsx|NZ clean slate 27_07.xlsx|PHL clean slate 28_07.xlsx|PNG clean slate 28_07.xlsx|PRC clean slate 28_07.xlsx|THA clean slate 28_07.xlsx|USA clean slate 28_07.xlsx|VN clean slate 28_07.xlsx,False,branch_structure_only
Stock Changes\Primary\Tide wave ocean,11,AUS clean slate 28_07.xlsx|BD clean slate 28_07.xlsx|MAS clean slate 28_07.xlsx|MEX clean slate 28_07.xlsx|NZ clean slate 27_07.xlsx|PHL clean slate 28_07.xlsx|PNG clean slate 28_07.xlsx|PRC clean slate 28_07.xlsx|THA clean slate 28_07.xlsx|USA clean slate 28_07.xlsx|VN clean slate 28_07.xlsx,False,branch_structure_only
Stock Changes\Primary\Wind,11,AUS clean slate 28_07.xlsx|BD clean slate 28_07.xlsx|MAS clean slate 28_07.xlsx|MEX clean slate 28_07.xlsx|NZ clean slate 27_07.xlsx|PHL clean slate 28_07.xlsx|PNG clean slate 28_07.xlsx|PRC clean slate 28_07.xlsx|THA clean slate 28_07.xlsx|USA clean slate 28_07.xlsx|VN clean slate 28_07.xlsx,False,branch_structure_only
Stock Changes\Secondary\Aviation gasoline,11,AUS clean slate 28_07.xlsx|BD clean slate 28_07.xlsx|MAS clean slate 28_07.xlsx|MEX clean slate 28_07.xlsx|NZ clean slate 27_07.xlsx|PHL clean slate 28_07.xlsx|PNG clean slate 28_07.xlsx|PRC clean slate 28_07.xlsx|THA clean slate 28_07.xlsx|USA clean slate 28_07.xlsx|VN clean slate 28_07.xlsx,False,branch_structure_only
Stock Changes\Secondary\BKB and PB,11,AUS clean slate 28_07.xlsx|BD clean slate 28_07.xlsx|MAS clean slate 28_07.xlsx|MEX clean slate 28_07.xlsx|NZ clean slate 27_07.xlsx|PHL clean slate 28_07.xlsx|PNG clean slate 28_07.xlsx|PRC clean slate 28_07.xlsx|THA clean slate 28_07.xlsx|USA clean slate 28_07.xlsx|VN clean slate 28_07.xlsx,False,branch_structure_only
Stock Changes\Secondary\Bitumen,11,AUS clean slate 28_07.xlsx|BD clean slate 28_07.xlsx|MAS clean slate 28_07.xlsx|MEX clean slate 28_07.xlsx|NZ clean slate 27_07.xlsx|PHL clean slate 28_07.xlsx|PNG clean slate 28_07.xlsx|PRC clean slate 28_07.xlsx|THA clean slate 28_07.xlsx|USA clean slate 28_07.xlsx|VN clean slate 28_07.xlsx,False,branch_structure_only
Stock Changes\Secondary\Blast furnace gas,11,AUS clean slate 28_07.xlsx|BD clean slate 28_07.xlsx|MAS clean slate 28_07.xlsx|MEX clean slate 28_07.xlsx|NZ clean slate 27_07.xlsx|PHL clean slate 28_07.xlsx|PNG clean slate 28_07.xlsx|PRC clean slate 28_07.xlsx|THA clean slate 28_07.xlsx|USA clean slate 28_07.xlsx|VN clean slate 28_07.xlsx,False,branch_structure_only
Stock Changes\Secondary\Coal tar,11,AUS clean slate 28_07.xlsx|BD clean slate 28_07.xlsx|MAS clean slate 28_07.xlsx|MEX clean slate 28_07.xlsx|NZ clean slate 27_07.xlsx|PHL clean slate 28_07.xlsx|PNG clean slate 28_07.xlsx|PRC clean slate 28_07.xlsx|THA clean slate 28_07.xlsx|USA clean slate 28_07.xlsx|VN clean slate 28_07.xlsx,False,branch_structure_only
Stock Changes\Secondary\Coke oven coke,11,AUS clean slate 28_07.xlsx|BD clean slate 28_07.xlsx|MAS clean slate 28_07.xlsx|MEX clean slate 28_07.xlsx|NZ clean slate 27_07.xlsx|PHL clean slate 28_07.xlsx|PNG clean slate 28_07.xlsx|PRC clean slate 28_07.xlsx|THA clean slate 28_07.xlsx|USA clean slate 28_07.xlsx|VN clean slate 28_07.xlsx,False,branch_structure_only
Stock Changes\Secondary\Coke oven gas,11,AUS clean slate 28_07.xlsx|BD clean slate 28_07.xlsx|MAS clean slate 28_07.xlsx|MEX clean slate 28_07.xlsx|NZ clean slate 27_07.xlsx|PHL clean slate 28_07.xlsx|PNG clean slate 28_07.xlsx|PRC clean slate 28_07.xlsx|THA clean slate 28_07.xlsx|USA clean slate 28_07.xlsx|VN clean slate 28_07.xlsx,False,branch_structure_only
Stock Changes\Secondary\Electricity,11,AUS clean slate 28_07.xlsx|BD clean slate 28_07.xlsx|MAS clean slate 28_07.xlsx|MEX clean slate 28_07.xlsx|NZ clean slate 27_07.xlsx|PHL clean slate 28_07.xlsx|PNG clean slate 28_07.xlsx|PRC clean slate 28_07.xlsx|THA clean slate 28_07.xlsx|USA clean slate 28_07.xlsx|VN clean slate 28_07.xlsx,False,branch_structure_only
Stock Changes\Secondary\Ethane,11,AUS clean slate 28_07.xlsx|BD clean slate 28_07.xlsx|MAS clean slate 28_07.xlsx|MEX clean slate 28_07.xlsx|NZ clean slate 27_07.xlsx|PHL clean slate 28_07.xlsx|PNG clean slate 28_07.xlsx|PRC clean slate 28_07.xlsx|THA clean slate 28_07.xlsx|USA clean slate 28_07.xlsx|VN clean slate 28_07.xlsx,False,branch_structure_only
Stock Changes\Secondary\Fuel oil,11,AUS clean slate 28_07.xlsx|BD clean slate 28_07.xlsx|MAS clean slate 28_07.xlsx|MEX clean slate 28_07.xlsx|NZ clean slate 27_07.xlsx|PHL clean slate 28_07.xlsx|PNG clean slate 28_07.xlsx|PRC clean slate 28_07.xlsx|THA clean slate 28_07.xlsx|USA clean slate 28_07.xlsx|VN clean slate 28_07.xlsx,False,branch_structure_only
Stock Changes\Secondary\Gas and diesel oil,11,AUS clean slate 28_07.xlsx|BD clean slate 28_07.xlsx|MAS clean slate 28_07.xlsx|MEX clean slate 28_07.xlsx|NZ clean slate 27_07.xlsx|PHL clean slate 28_07.xlsx|PNG clean slate 28_07.xlsx|PRC clean slate 28_07.xlsx|THA clean slate 28_07.xlsx|USA clean slate 28_07.xlsx|VN clean slate 28_07.xlsx,False,branch_structure_only
Stock Changes\Secondary\Gas coke,9,BD clean slate 28_07.xlsx|MAS clean slate 28_07.xlsx|NZ clean slate 27_07.xlsx|PHL clean slate 28_07.xlsx|PNG clean slate 28_07.xlsx|PRC clean slate 28_07.xlsx|THA clean slate 28_07.xlsx|USA clean slate 28_07.xlsx|VN clean slate 28_07.xlsx,False,branch_structure_only
Stock Changes\Secondary\Gas works gas,11,AUS clean slate 28_07.xlsx|BD clean slate 28_07.xlsx|MAS clean slate 28_07.xlsx|MEX clean slate 28_07.xlsx|NZ clean slate 27_07.xlsx|PHL clean slate 28_07.xlsx|PNG clean slate 28_07.xlsx|PRC clean slate 28_07.xlsx|THA clean slate 28_07.xlsx|USA clean slate 28_07.xlsx|VN clean slate 28_07.xlsx,False,branch_structure_only
Stock Changes\Secondary\Gasoline type jet fuel,11,AUS clean slate 28_07.xlsx|BD clean slate 28_07.xlsx|MAS clean slate 28_07.xlsx|MEX clean slate 28_07.xlsx|NZ clean slate 27_07.xlsx|PHL clean slate 28_07.xlsx|PNG clean slate 28_07.xlsx|PRC clean slate 28_07.xlsx|THA clean slate 28_07.xlsx|USA clean slate 28_07.xlsx|VN clean slate 28_07.xlsx,False,branch_structure_only
Stock Changes\Secondary\Heat,11,AUS clean slate 28_07.xlsx|BD clean slate 28_07.xlsx|MAS clean slate 28_07.xlsx|MEX clean slate 28_07.xlsx|NZ clean slate 27_07.xlsx|PHL clean slate 28_07.xlsx|PNG clean slate 28_07.xlsx|PRC clean slate 28_07.xlsx|THA clean slate 28_07.xlsx|USA clean slate 28_07.xlsx|VN clean slate 28_07.xlsx,False,branch_structure_only
Stock Changes\Secondary\Industrial waste,11,AUS clean slate 28_07.xlsx|BD clean slate 28_07.xlsx|MAS clean slate 28_07.xlsx|MEX clean slate 28_07.xlsx|NZ clean slate 27_07.xlsx|PHL clean slate 28_07.xlsx|PNG clean slate 28_07.xlsx|PRC clean slate 28_07.xlsx|THA clean slate 28_07.xlsx|USA clean slate 28_07.xlsx|VN clean slate 28_07.xlsx,False,branch_structure_only
Stock Changes\Secondary\Kerosene,11,AUS clean slate 28_07.xlsx|BD clean slate 28_07.xlsx|MAS clean slate 28_07.xlsx|MEX clean slate 28_07.xlsx|NZ clean slate 27_07.xlsx|PHL clean slate 28_07.xlsx|PNG clean slate 28_07.xlsx|PRC clean slate 28_07.xlsx|THA clean slate 28_07.xlsx|USA clean slate 28_07.xlsx|VN clean slate 28_07.xlsx,False,branch_structure_only
Stock Changes\Secondary\Kerosene type jet fuel,11,AUS clean slate 28_07.xlsx|BD clean slate 28_07.xlsx|MAS clean slate 28_07.xlsx|MEX clean slate 28_07.xlsx|NZ clean slate 27_07.xlsx|PHL clean slate 28_07.xlsx|PNG clean slate 28_07.xlsx|PRC clean slate 28_07.xlsx|THA clean slate 28_07.xlsx|USA clean slate 28_07.xlsx|VN clean slate 28_07.xlsx,False,branch_structure_only
Stock Changes\Secondary\LNG,11,AUS clean slate 28_07.xlsx|BD clean slate 28_07.xlsx|MAS clean slate 28_07.xlsx|MEX clean slate 28_07.xlsx|NZ clean slate 27_07.xlsx|PHL clean slate 28_07.xlsx|PNG clean slate 28_07.xlsx|PRC clean slate 28_07.xlsx|THA clean slate 28_07.xlsx|USA clean slate 28_07.xlsx|VN clean slate 28_07.xlsx,False,branch_structure_only
Stock Changes\Secondary\LPG,11,AUS clean slate 28_07.xlsx|BD clean slate 28_07.xlsx|MAS clean slate 28_07.xlsx|MEX clean slate 28_07.xlsx|NZ clean slate 27_07.xlsx|PHL clean slate 28_07.xlsx|PNG clean slate 28_07.xlsx|PRC clean slate 28_07.xlsx|THA clean slate 28_07.xlsx|USA clean slate 28_07.xlsx|VN clean slate 28_07.xlsx,False,branch_structure_only
Stock Changes\Secondary\Lubricants,11,AUS clean slate 28_07.xlsx|BD clean slate 28_07.xlsx|MAS clean slate 28_07.xlsx|MEX clean slate 28_07.xlsx|NZ clean slate 27_07.xlsx|PHL clean slate 28_07.xlsx|PNG clean slate 28_07.xlsx|PRC clean slate 28_07.xlsx|THA clean slate 28_07.xlsx|USA clean slate 28_07.xlsx|VN clean slate 28_07.xlsx,False,branch_structure_only
Stock Changes\Secondary\Motor gasoline,11,AUS clean slate 28_07.xlsx|BD clean slate 28_07.xlsx|MAS clean slate 28_07.xlsx|MEX clean slate 28_07.xlsx|NZ clean slate 27_07.xlsx|PHL clean slate 28_07.xlsx|PNG clean slate 28_07.xlsx|PRC clean slate 28_07.xlsx|THA clean slate 28_07.xlsx|USA clean slate 28_07.xlsx|VN clean slate 28_07.xlsx,False,branch_structure_only
Stock Changes\Secondary\Municipal solid waste non renewable,11,AUS clean slate 28_07.xlsx|BD clean slate 28_07.xlsx|MAS clean slate 28_07.xlsx|MEX clean slate 28_07.xlsx|NZ clean slate 27_07.xlsx|PHL clean slate 28_07.xlsx|PNG clean slate 28_07.xlsx|PRC clean slate 28_07.xlsx|THA clean slate 28_07.xlsx|USA clean slate 28_07.xlsx|VN clean slate 28_07.xlsx,False,branch_structure_only
Stock Changes\Secondary\Naphtha,11,AUS clean slate 28_07.xlsx|BD clean slate 28_07.xlsx|MAS clean slate 28_07.xlsx|MEX clean slate 28_07.xlsx|NZ clean slate 27_07.xlsx|PHL clean slate 28_07.xlsx|PNG clean slate 28_07.xlsx|PRC clean slate 28_07.xlsx|THA clean slate 28_07.xlsx|USA clean slate 28_07.xlsx|VN clean slate 28_07.xlsx,False,branch_structure_only
Stock Changes\Secondary\Other hydrocarbons,11,AUS clean slate 28_07.xlsx|BD clean slate 28_07.xlsx|MAS clean slate 28_07.xlsx|MEX clean slate 28_07.xlsx|NZ clean slate 27_07.xlsx|PHL clean slate 28_07.xlsx|PNG clean slate 28_07.xlsx|PRC clean slate 28_07.xlsx|THA clean slate 28_07.xlsx|USA clean slate 28_07.xlsx|VN clean slate 28_07.xlsx,False,branch_structure_only
Stock Changes\Secondary\Other products,11,AUS clean slate 28_07.xlsx|BD clean slate 28_07.xlsx|MAS clean slate 28_07.xlsx|MEX clean slate 28_07.xlsx|NZ clean slate 27_07.xlsx|PHL clean slate 28_07.xlsx|PNG clean slate 28_07.xlsx|PRC clean slate 28_07.xlsx|THA clean slate 28_07.xlsx|USA clean slate 28_07.xlsx|VN clean slate 28_07.xlsx,False,branch_structure_only
Stock Changes\Secondary\Other recovered gases,11,AUS clean slate 28_07.xlsx|BD clean slate 28_07.xlsx|MAS clean slate 28_07.xlsx|MEX clean slate 28_07.xlsx|NZ clean slate 27_07.xlsx|PHL clean slate 28_07.xlsx|PNG clean slate 28_07.xlsx|PRC clean slate 28_07.xlsx|THA clean slate 28_07.xlsx|USA clean slate 28_07.xlsx|VN clean slate 28_07.xlsx,False,branch_structure_only
Stock Changes\Secondary\Other sources,11,AUS clean slate 28_07.xlsx|BD clean slate 28_07.xlsx|MAS clean slate 28_07.xlsx|MEX clean slate 28_07.xlsx|NZ clean slate 27_07.xlsx|PHL clean slate 28_07.xlsx|PNG clean slate 28_07.xlsx|PRC clean slate 28_07.xlsx|THA clean slate 28_07.xlsx|USA clean slate 28_07.xlsx|VN clean slate 28_07.xlsx,False,branch_structure_only
Stock Changes\Secondary\Paraffin waxes,11,AUS clean slate 28_07.xlsx|BD clean slate 28_07.xlsx|MAS clean slate 28_07.xlsx|MEX clean slate 28_07.xlsx|NZ clean slate 27_07.xlsx|PHL clean slate 28_07.xlsx|PNG clean slate 28_07.xlsx|PRC clean slate 28_07.xlsx|THA clean slate 28_07.xlsx|USA clean slate 28_07.xlsx|VN clean slate 28_07.xlsx,False,branch_structure_only
Stock Changes\Secondary\Patent fuel,11,AUS clean slate 28_07.xlsx|BD clean slate 28_07.xlsx|MAS clean slate 28_07.xlsx|MEX clean slate 28_07.xlsx|NZ clean slate 27_07.xlsx|PHL clean slate 28_07.xlsx|PNG clean slate 28_07.xlsx|PRC clean slate 28_07.xlsx|THA clean slate 28_07.xlsx|USA clean slate 28_07.xlsx|VN clean slate 28_07.xlsx,False,branch_structure_only
Stock Changes\Secondary\PetProd nonspecified,11,AUS clean slate 28_07.xlsx|BD clean slate 28_07.xlsx|MAS clean slate 28_07.xlsx|MEX clean slate 28_07.xlsx|NZ clean slate 27_07.xlsx|PHL clean slate 28_07.xlsx|PNG clean slate 28_07.xlsx|PRC clean slate 28_07.xlsx|THA clean slate 28_07.xlsx|USA clean slate 28_07.xlsx|VN clean slate 28_07.xlsx,False,branch_structure_only
Stock Changes\Secondary\Petroleum coke,11,AUS clean slate 28_07.xlsx|BD clean slate 28_07.xlsx|MAS clean slate 28_07.xlsx|MEX clean slate 28_07.xlsx|NZ clean slate 27_07.xlsx|PHL clean slate 28_07.xlsx|PNG clean slate 28_07.xlsx|PRC clean slate 28_07.xlsx|THA clean slate 28_07.xlsx|USA clean slate 28_07.xlsx|VN clean slate 28_07.xlsx,False,branch_structure_only
Stock Changes\Secondary\Refinery gas not liquefied,11,AUS clean slate 28_07.xlsx|BD clean slate 28_07.xlsx|MAS clean slate 28_07.xlsx|MEX clean slate 28_07.xlsx|NZ clean slate 27_07.xlsx|PHL clean slate 28_07.xlsx|PNG clean slate 28_07.xlsx|PRC clean slate 28_07.xlsx|THA clean slate 28_07.xlsx|USA clean slate 28_07.xlsx|VN clean slate 28_07.xlsx,False,branch_structure_only
Stock Changes\Secondary\White spirit SBP,11,AUS clean slate 28_07.xlsx|BD clean slate 28_07.xlsx|MAS clean slate 28_07.xlsx|MEX clean slate 28_07.xlsx|NZ clean slate 27_07.xlsx|PHL clean slate 28_07.xlsx|PNG clean slate 28_07.xlsx|PRC clean slate 28_07.xlsx|THA clean slate 28_07.xlsx|USA clean slate 28_07.xlsx|VN clean slate 28_07.xlsx,False,branch_structure_only
Transformation\BKB and PB plants,21,AUS clean slate 28_07.xlsx|BD clean slate 28_07.xlsx|MAS clean slate 28_07.xlsx|MEX clean slate 28_07.xlsx|NZ clean slate 27_07.xlsx|PHL clean slate 28_07.xlsx|PNG clean slate 28_07.xlsx|PRC clean slate 28_07.xlsx|THA clean slate 28_07.xlsx|USA clean slate 28_07.xlsx|VN clean slate 28_07.xlsx|leap_export_template 03_CDA_COMP_GEN.xlsx|leap_export_template 04_CHL_COMP_GEN.xlsx|leap_export_template 06_HKC_COMP_GEN.xlsx|leap_export_template 07_INA_COMP_GEN.xlsx|leap_export_template 08_JPN_COMP_GEN.xlsx|leap_export_template 09_ROK_COMP_GEN.xlsx|leap_export_template 14_PE_COMP_GEN.xlsx|leap_export_template 16_RUS_COMP_GEN.xlsx|leap_export_template 17_SGP_COMP_GEN.xlsx|leap_export_template 18_CT_COMP_GEN.xlsx,False,branch_structure_only
Transformation\BKB and PB plants\Output Fuels\BKB and PB,21,AUS clean slate 28_07.xlsx|BD clean slate 28_07.xlsx|MAS clean slate 28_07.xlsx|MEX clean slate 28_07.xlsx|NZ clean slate 27_07.xlsx|PHL clean slate 28_07.xlsx|PNG clean slate 28_07.xlsx|PRC clean slate 28_07.xlsx|THA clean slate 28_07.xlsx|USA clean slate 28_07.xlsx|VN clean slate 28_07.xlsx|leap_export_template 03_CDA_COMP_GEN.xlsx|leap_export_template 04_CHL_COMP_GEN.xlsx|leap_export_template 06_HKC_COMP_GEN.xlsx|leap_export_template 07_INA_COMP_GEN.xlsx|leap_export_template 08_JPN_COMP_GEN.xlsx|leap_export_template 09_ROK_COMP_GEN.xlsx|leap_export_template 14_PE_COMP_GEN.xlsx|leap_export_template 16_RUS_COMP_GEN.xlsx|leap_export_template 17_SGP_COMP_GEN.xlsx|leap_export_template 18_CT_COMP_GEN.xlsx,True,explicit_transformation_fuel_leaf_evidence
Transformation\BKB and PB plants\Output Fuels\Peat products,21,AUS clean slate 28_07.xlsx|BD clean slate 28_07.xlsx|MAS clean slate 28_07.xlsx|MEX clean slate 28_07.xlsx|NZ clean slate 27_07.xlsx|PHL clean slate 28_07.xlsx|PNG clean slate 28_07.xlsx|PRC clean slate 28_07.xlsx|THA clean slate 28_07.xlsx|USA clean slate 28_07.xlsx|VN clean slate 28_07.xlsx|leap_export_template 03_CDA_COMP_GEN.xlsx|leap_export_template 04_CHL_COMP_GEN.xlsx|leap_export_template 06_HKC_COMP_GEN.xlsx|leap_export_template 07_INA_COMP_GEN.xlsx|leap_export_template 08_JPN_COMP_GEN.xlsx|leap_export_template 09_ROK_COMP_GEN.xlsx|leap_export_template 14_PE_COMP_GEN.xlsx|leap_export_template 16_RUS_COMP_GEN.xlsx|leap_export_template 17_SGP_COMP_GEN.xlsx|leap_export_template 18_CT_COMP_GEN.xlsx,True,explicit_transformation_fuel_leaf_evidence
Transformation\BKB and PB plants\Processes\BKB and PB plants,21,AUS clean slate 28_07.xlsx|BD clean slate 28_07.xlsx|MAS clean slate 28_07.xlsx|MEX clean slate 28_07.xlsx|NZ clean slate 27_07.xlsx|PHL clean slate 28_07.xlsx|PNG clean slate 28_07.xlsx|PRC clean slate 28_07.xlsx|THA clean slate 28_07.xlsx|USA clean slate 28_07.xlsx|VN clean slate 28_07.xlsx|leap_export_template 03_CDA_COMP_GEN.xlsx|leap_export_template 04_CHL_COMP_GEN.xlsx|leap_export_template 06_HKC_COMP_GEN.xlsx|leap_export_template 07_INA_COMP_GEN.xlsx|leap_export_template 08_JPN_COMP_GEN.xlsx|leap_export_template 09_ROK_COMP_GEN.xlsx|leap_export_template 14_PE_COMP_GEN.xlsx|leap_export_template 16_RUS_COMP_GEN.xlsx|leap_export_template 17_SGP_COMP_GEN.xlsx|leap_export_template 18_CT_COMP_GEN.xlsx,False,branch_structure_only
Transformation\BKB and PB plants\Processes\BKB and PB plants\Feedstock Fuels\Other bituminous coal,21,AUS clean slate 28_07.xlsx|BD clean slate 28_07.xlsx|MAS clean slate 28_07.xlsx|MEX clean slate 28_07.xlsx|NZ clean slate 27_07.xlsx|PHL clean slate 28_07.xlsx|PNG clean slate 28_07.xlsx|PRC clean slate 28_07.xlsx|THA clean slate 28_07.xlsx|USA clean slate 28_07.xlsx|VN clean slate 28_07.xlsx|leap_export_template 03_CDA_COMP_GEN.xlsx|leap_export_template 04_CHL_COMP_GEN.xlsx|leap_export_template 06_HKC_COMP_GEN.xlsx|leap_export_template 07_INA_COMP_GEN.xlsx|leap_export_template 08_JPN_COMP_GEN.xlsx|leap_export_template 09_ROK_COMP_GEN.xlsx|leap_export_template 14_PE_COMP_GEN.xlsx|leap_export_template 16_RUS_COMP_GEN.xlsx|leap_export_template 17_SGP_COMP_GEN.xlsx|leap_export_template 18_CT_COMP_GEN.xlsx,True,explicit_transformation_fuel_leaf_evidence
Transformation\BKB and PB plants\Processes\BKB and PB plants\Feedstock Fuels\Peat,21,AUS clean slate 28_07.xlsx|BD clean slate 28_07.xlsx|MAS clean slate 28_07.xlsx|MEX clean slate 28_07.xlsx|NZ clean slate 27_07.xlsx|PHL clean slate 28_07.xlsx|PNG clean slate 28_07.xlsx|PRC clean slate 28_07.xlsx|THA clean slate 28_07.xlsx|USA clean slate 28_07.xlsx|VN clean slate 28_07.xlsx|leap_export_template 03_CDA_COMP_GEN.xlsx|leap_export_template 04_CHL_COMP_GEN.xlsx|leap_export_template 06_HKC_COMP_GEN.xlsx|leap_export_template 07_INA_COMP_GEN.xlsx|leap_export_template 08_JPN_COMP_GEN.xlsx|leap_export_template 09_ROK_COMP_GEN.xlsx|leap_export_template 14_PE_COMP_GEN.xlsx|leap_export_template 16_RUS_COMP_GEN.xlsx|leap_export_template 17_SGP_COMP_GEN.xlsx|leap_export_template 18_CT_COMP_GEN.xlsx,True,explicit_transformation_fuel_leaf_evidence
Transformation\Blast furnaces,21,AUS clean slate 28_07.xlsx|BD clean slate 28_07.xlsx|MAS clean slate 28_07.xlsx|MEX clean slate 28_07.xlsx|NZ clean slate 27_07.xlsx|PHL clean slate 28_07.xlsx|PNG clean slate 28_07.xlsx|PRC clean slate 28_07.xlsx|THA clean slate 28_07.xlsx|USA clean slate 28_07.xlsx|VN clean slate 28_07.xlsx|leap_export_template 03_CDA_COMP_GEN.xlsx|leap_export_template 04_CHL_COMP_GEN.xlsx|leap_export_template 06_HKC_COMP_GEN.xlsx|leap_export_template 07_INA_COMP_GEN.xlsx|leap_export_template 08_JPN_COMP_GEN.xlsx|leap_export_template 09_ROK_COMP_GEN.xlsx|leap_export_template 14_PE_COMP_GEN.xlsx|leap_export_template 16_RUS_COMP_GEN.xlsx|leap_export_template 17_SGP_COMP_GEN.xlsx|leap_export_template 18_CT_COMP_GEN.xlsx,False,branch_structure_only
Transformation\Blast furnaces\Output Fuels\Blast furnace gas,21,AUS clean slate 28_07.xlsx|BD clean slate 28_07.xlsx|MAS clean slate 28_07.xlsx|MEX clean slate 28_07.xlsx|NZ clean slate 27_07.xlsx|PHL clean slate 28_07.xlsx|PNG clean slate 28_07.xlsx|PRC clean slate 28_07.xlsx|THA clean slate 28_07.xlsx|USA clean slate 28_07.xlsx|VN clean slate 28_07.xlsx|leap_export_template 03_CDA_COMP_GEN.xlsx|leap_export_template 04_CHL_COMP_GEN.xlsx|leap_export_template 06_HKC_COMP_GEN.xlsx|leap_export_template 07_INA_COMP_GEN.xlsx|leap_export_template 08_JPN_COMP_GEN.xlsx|leap_export_template 09_ROK_COMP_GEN.xlsx|leap_export_template 14_PE_COMP_GEN.xlsx|leap_export_template 16_RUS_COMP_GEN.xlsx|leap_export_template 17_SGP_COMP_GEN.xlsx|leap_export_template 18_CT_COMP_GEN.xlsx,True,explicit_transformation_fuel_leaf_evidence
Transformation\Blast furnaces\Output Fuels\Coke oven coke,21,AUS clean slate 28_07.xlsx|BD clean slate 28_07.xlsx|MAS clean slate 28_07.xlsx|MEX clean slate 28_07.xlsx|NZ clean slate 27_07.xlsx|PHL clean slate 28_07.xlsx|PNG clean slate 28_07.xlsx|PRC clean slate 28_07.xlsx|THA clean slate 28_07.xlsx|USA clean slate 28_07.xlsx|VN clean slate 28_07.xlsx|leap_export_template 03_CDA_COMP_GEN.xlsx|leap_export_template 04_CHL_COMP_GEN.xlsx|leap_export_template 06_HKC_COMP_GEN.xlsx|leap_export_template 07_INA_COMP_GEN.xlsx|leap_export_template 08_JPN_COMP_GEN.xlsx|leap_export_template 09_ROK_COMP_GEN.xlsx|leap_export_template 14_PE_COMP_GEN.xlsx|leap_export_template 16_RUS_COMP_GEN.xlsx|leap_export_template 17_SGP_COMP_GEN.xlsx|leap_export_template 18_CT_COMP_GEN.xlsx,True,explicit_transformation_fuel_leaf_evidence
Transformation\Blast furnaces\Output Fuels\Other recovered gases,21,AUS clean slate 28_07.xlsx|BD clean slate 28_07.xlsx|MAS clean slate 28_07.xlsx|MEX clean slate 28_07.xlsx|NZ clean slate 27_07.xlsx|PHL clean slate 28_07.xlsx|PNG clean slate 28_07.xlsx|PRC clean slate 28_07.xlsx|THA clean slate 28_07.xlsx|USA clean slate 28_07.xlsx|VN clean slate 28_07.xlsx|leap_export_template 03_CDA_COMP_GEN.xlsx|leap_export_template 04_CHL_COMP_GEN.xlsx|leap_export_template 06_HKC_COMP_GEN.xlsx|leap_export_template 07_INA_COMP_GEN.xlsx|leap_export_template 08_JPN_COMP_GEN.xlsx|leap_export_template 09_ROK_COMP_GEN.xlsx|leap_export_template 14_PE_COMP_GEN.xlsx|leap_export_template 16_RUS_COMP_GEN.xlsx|leap_export_template 17_SGP_COMP_GEN.xlsx|leap_export_template 18_CT_COMP_GEN.xlsx,True,explicit_transformation_fuel_leaf_evidence
Transformation\Blast furnaces\Processes\Blast furnaces,21,AUS clean slate 28_07.xlsx|BD clean slate 28_07.xlsx|MAS clean slate 28_07.xlsx|MEX clean slate 28_07.xlsx|NZ clean slate 27_07.xlsx|PHL clean slate 28_07.xlsx|PNG clean slate 28_07.xlsx|PRC clean slate 28_07.xlsx|THA clean slate 28_07.xlsx|USA clean slate 28_07.xlsx|VN clean slate 28_07.xlsx|leap_export_template 03_CDA_COMP_GEN.xlsx|leap_export_template 04_CHL_COMP_GEN.xlsx|leap_export_template 06_HKC_COMP_GEN.xlsx|leap_export_template 07_INA_COMP_GEN.xlsx|leap_export_template 08_JPN_COMP_GEN.xlsx|leap_export_template 09_ROK_COMP_GEN.xlsx|leap_export_template 14_PE_COMP_GEN.xlsx|leap_export_template 16_RUS_COMP_GEN.xlsx|leap_export_template 17_SGP_COMP_GEN.xlsx|leap_export_template 18_CT_COMP_GEN.xlsx,False,branch_structure_only
Transformation\Blast furnaces\Processes\Blast furnaces\Auxiliary Fuels\Blast furnace gas,21,AUS clean slate 28_07.xlsx|BD clean slate 28_07.xlsx|MAS clean slate 28_07.xlsx|MEX clean slate 28_07.xlsx|NZ clean slate 27_07.xlsx|PHL clean slate 28_07.xlsx|PNG clean slate 28_07.xlsx|PRC clean slate 28_07.xlsx|THA clean slate 28_07.xlsx|USA clean slate 28_07.xlsx|VN clean slate 28_07.xlsx|leap_export_template 03_CDA_COMP_GEN.xlsx|leap_export_template 04_CHL_COMP_GEN.xlsx|leap_export_template 06_HKC_COMP_GEN.xlsx|leap_export_template 07_INA_COMP_GEN.xlsx|leap_export_template 08_JPN_COMP_GEN.xlsx|leap_export_template 09_ROK_COMP_GEN.xlsx|leap_export_template 14_PE_COMP_GEN.xlsx|leap_export_template 16_RUS_COMP_GEN.xlsx|leap_export_template 17_SGP_COMP_GEN.xlsx|leap_export_template 18_CT_COMP_GEN.xlsx,True,explicit_transformation_fuel_leaf_evidence
Transformation\Blast furnaces\Processes\Blast furnaces\Auxiliary Fuels\Coke oven gas,21,AUS clean slate 28_07.xlsx|BD clean slate 28_07.xlsx|MAS clean slate 28_07.xlsx|MEX clean slate 28_07.xlsx|NZ clean slate 27_07.xlsx|PHL clean slate 28_07.xlsx|PNG clean slate 28_07.xlsx|PRC clean slate 28_07.xlsx|THA clean slate 28_07.xlsx|USA clean slate 28_07.xlsx|VN clean slate 28_07.xlsx|leap_export_template 03_CDA_COMP_GEN.xlsx|leap_export_template 04_CHL_COMP_GEN.xlsx|leap_export_template 06_HKC_COMP_GEN.xlsx|leap_export_template 07_INA_COMP_GEN.xlsx|leap_export_template 08_JPN_COMP_GEN.xlsx|leap_export_template 09_ROK_COMP_GEN.xlsx|leap_export_template 14_PE_COMP_GEN.xlsx|leap_export_template 16_RUS_COMP_GEN.xlsx|leap_export_template 17_SGP_COMP_GEN.xlsx|leap_export_template 18_CT_COMP_GEN.xlsx,True,explicit_transformation_fuel_leaf_evidence
Transformation\Blast furnaces\Processes\Blast furnaces\Auxiliary Fuels\Electricity,21,AUS clean slate 28_07.xlsx|BD clean slate 28_07.xlsx|MAS clean slate 28_07.xlsx|MEX clean slate 28_07.xlsx|NZ clean slate 27_07.xlsx|PHL clean slate 28_07.xlsx|PNG clean slate 28_07.xlsx|PRC clean slate 28_07.xlsx|THA clean slate 28_07.xlsx|USA clean slate 28_07.xlsx|VN clean slate 28_07.xlsx|leap_export_template 03_CDA_COMP_GEN.xlsx|leap_export_template 04_CHL_COMP_GEN.xlsx|leap_export_template 06_HKC_COMP_GEN.xlsx|leap_export_template 07_INA_COMP_GEN.xlsx|leap_export_template 08_JPN_COMP_GEN.xlsx|leap_export_template 09_ROK_COMP_GEN.xlsx|leap_export_template 14_PE_COMP_GEN.xlsx|leap_export_template 16_RUS_COMP_GEN.xlsx|leap_export_template 17_SGP_COMP_GEN.xlsx|leap_export_template 18_CT_COMP_GEN.xlsx,True,explicit_transformation_fuel_leaf_evidence
Transformation\Blast furnaces\Processes\Blast furnaces\Auxiliary Fuels\Fuel oil,21,AUS clean slate 28_07.xlsx|BD clean slate 28_07.xlsx|MAS clean slate 28_07.xlsx|MEX clean slate 28_07.xlsx|NZ clean slate 27_07.xlsx|PHL clean slate 28_07.xlsx|PNG clean slate 28_07.xlsx|PRC clean slate 28_07.xlsx|THA clean slate 28_07.xlsx|USA clean slate 28_07.xlsx|VN clean slate 28_07.xlsx|leap_export_template 03_CDA_COMP_GEN.xlsx|leap_export_template 04_CHL_COMP_GEN.xlsx|leap_export_template 06_HKC_COMP_GEN.xlsx|leap_export_template 07_INA_COMP_GEN.xlsx|leap_export_template 08_JPN_COMP_GEN.xlsx|leap_export_template 09_ROK_COMP_GEN.xlsx|leap_export_template 14_PE_COMP_GEN.xlsx|leap_export_template 16_RUS_COMP_GEN.xlsx|leap_export_template 17_SGP_COMP_GEN.xlsx|leap_export_template 18_CT_COMP_GEN.xlsx,True,explicit_transformation_fuel_leaf_evidence
Transformation\Blast furnaces\Processes\Blast furnaces\Auxiliary Fuels\Natural gas,21,AUS clean slate 28_07.xlsx|BD clean slate 28_07.xlsx|MAS clean slate 28_07.xlsx|MEX clean slate 28_07.xlsx|NZ clean slate 27_07.xlsx|PHL clean slate 28_07.xlsx|PNG clean slate 28_07.xlsx|PRC clean slate 28_07.xlsx|THA clean slate 28_07.xlsx|USA clean slate 28_07.xlsx|VN clean slate 28_07.xlsx|leap_export_template 03_CDA_COMP_GEN.xlsx|leap_export_template 04_CHL_COMP_GEN.xlsx|leap_export_template 06_HKC_COMP_GEN.xlsx|leap_export_template 07_INA_COMP_GEN.xlsx|leap_export_template 08_JPN_COMP_GEN.xlsx|leap_export_template 09_ROK_COMP_GEN.xlsx|leap_export_template 14_PE_COMP_GEN.xlsx|leap_export_template 16_RUS_COMP_GEN.xlsx|leap_export_template 17_SGP_COMP_GEN.xlsx|leap_export_template 18_CT_COMP_GEN.xlsx,True,explicit_transformation_fuel_leaf_evidence
Transformation\Blast furnaces\Processes\Blast furnaces\Feedstock Fuels\Coal tar,21,AUS clean slate 28_07.xlsx|BD clean slate 28_07.xlsx|MAS clean slate 28_07.xlsx|MEX clean slate 28_07.xlsx|NZ clean slate 27_07.xlsx|PHL clean slate 28_07.xlsx|PNG clean slate 28_07.xlsx|PRC clean slate 28_07.xlsx|THA clean slate 28_07.xlsx|USA clean slate 28_07.xlsx|VN clean slate 28_07.xlsx|leap_export_template 03_CDA_COMP_GEN.xlsx|leap_export_template 04_CHL_COMP_GEN.xlsx|leap_export_template 06_HKC_COMP_GEN.xlsx|leap_export_template 07_INA_COMP_GEN.xlsx|leap_export_template 08_JPN_COMP_GEN.xlsx|leap_export_template 09_ROK_COMP_GEN.xlsx|leap_export_template 14_PE_COMP_GEN.xlsx|leap_export_template 16_RUS_COMP_GEN.xlsx|leap_export_template 17_SGP_COMP_GEN.xlsx|leap_export_template 18_CT_COMP_GEN.xlsx,True,explicit_transformation_fuel_leaf_evidence
Transformation\Blast furnaces\Processes\Blast furnaces\Feedstock Fuels\Coke oven coke,21,AUS clean slate 28_07.xlsx|BD clean slate 28_07.xlsx|MAS clean slate 28_07.xlsx|MEX clean slate 28_07.xlsx|NZ clean slate 27_07.xlsx|PHL clean slate 28_07.xlsx|PNG clean slate 28_07.xlsx|PRC clean slate 28_07.xlsx|THA clean slate 28_07.xlsx|USA clean slate 28_07.xlsx|VN clean slate 28_07.xlsx|leap_export_template 03_CDA_COMP_GEN.xlsx|leap_export_template 04_CHL_COMP_GEN.xlsx|leap_export_template 06_HKC_COMP_GEN.xlsx|leap_export_template 07_INA_COMP_GEN.xlsx|leap_export_template 08_JPN_COMP_GEN.xlsx|leap_export_template 09_ROK_COMP_GEN.xlsx|leap_export_template 14_PE_COMP_GEN.xlsx|leap_export_template 16_RUS_COMP_GEN.xlsx|leap_export_template 17_SGP_COMP_GEN.xlsx|leap_export_template 18_CT_COMP_GEN.xlsx,True,explicit_transformation_fuel_leaf_evidence
Transformation\Blast furnaces\Processes\Blast furnaces\Feedstock Fuels\Coke oven gas,21,AUS clean slate 28_07.xlsx|BD clean slate 28_07.xlsx|MAS clean slate 28_07.xlsx|MEX clean slate 28_07.xlsx|NZ clean slate 27_07.xlsx|PHL clean slate 28_07.xlsx|PNG clean slate 28_07.xlsx|PRC clean slate 28_07.xlsx|THA clean slate 28_07.xlsx|USA clean slate 28_07.xlsx|VN clean slate 28_07.xlsx|leap_export_template 03_CDA_COMP_GEN.xlsx|leap_export_template 04_CHL_COMP_GEN.xlsx|leap_export_template 06_HKC_COMP_GEN.xlsx|leap_export_template 07_INA_COMP_GEN.xlsx|leap_export_template 08_JPN_COMP_GEN.xlsx|leap_export_template 09_ROK_COMP_GEN.xlsx|leap_export_template 14_PE_COMP_GEN.xlsx|leap_export_template 16_RUS_COMP_GEN.xlsx|leap_export_template 17_SGP_COMP_GEN.xlsx|leap_export_template 18_CT_COMP_GEN.xlsx,True,explicit_transformation_fuel_leaf_evidence
Transformation\Blast furnaces\Processes\Blast furnaces\Feedstock Fuels\Coking coal,21,AUS clean slate 28_07.xlsx|BD clean slate 28_07.xlsx|MAS clean slate 28_07.xlsx|MEX clean slate 28_07.xlsx|NZ clean slate 27_07.xlsx|PHL clean slate 28_07.xlsx|PNG clean slate 28_07.xlsx|PRC clean slate 28_07.xlsx|THA clean slate 28_07.xlsx|USA clean slate 28_07.xlsx|VN clean slate 28_07.xlsx|leap_export_template 03_CDA_COMP_GEN.xlsx|leap_export_template 04_CHL_COMP_GEN.xlsx|leap_export_template 06_HKC_COMP_GEN.xlsx|leap_export_template 07_INA_COMP_GEN.xlsx|leap_export_template 08_JPN_COMP_GEN.xlsx|leap_export_template 09_ROK_COMP_GEN.xlsx|leap_export_template 14_PE_COMP_GEN.xlsx|leap_export_template 16_RUS_COMP_GEN.xlsx|leap_export_template 17_SGP_COMP_GEN.xlsx|leap_export_template 18_CT_COMP_GEN.xlsx,True,explicit_transformation_fuel_leaf_evidence
Transformation\Blast furnaces\Processes\Blast furnaces\Feedstock Fuels\Other bituminous coal,21,AUS clean slate 28_07.xlsx|BD clean slate 28_07.xlsx|MAS clean slate 28_07.xlsx|MEX clean slate 28_07.xlsx|NZ clean slate 27_07.xlsx|PHL clean slate 28_07.xlsx|PNG clean slate 28_07.xlsx|PRC clean slate 28_07.xlsx|THA clean slate 28_07.xlsx|USA clean slate 28_07.xlsx|VN clean slate 28_07.xlsx|leap_export_template 03_CDA_COMP_GEN.xlsx|leap_export_template 04_CHL_COMP_GEN.xlsx|leap_export_template 06_HKC_COMP_GEN.xlsx|leap_export_template 07_INA_COMP_GEN.xlsx|leap_export_template 08_JPN_COMP_GEN.xlsx|leap_export_template 09_ROK_COMP_GEN.xlsx|leap_export_template 14_PE_COMP_GEN.xlsx|leap_export_template 16_RUS_COMP_GEN.xlsx|leap_export_template 17_SGP_COMP_GEN.xlsx|leap_export_template 18_CT_COMP_GEN.xlsx,True,explicit_transformation_fuel_leaf_evidence
Transformation\CHP interim,21,AUS clean slate 28_07.xlsx|BD clean slate 28_07.xlsx|MAS clean slate 28_07.xlsx|MEX clean slate 28_07.xlsx|NZ clean slate 27_07.xlsx|PHL clean slate 28_07.xlsx|PNG clean slate 28_07.xlsx|PRC clean slate 28_07.xlsx|THA clean slate 28_07.xlsx|USA clean slate 28_07.xlsx|VN clean slate 28_07.xlsx|leap_export_template 03_CDA_COMP_GEN.xlsx|leap_export_template 04_CHL_COMP_GEN.xlsx|leap_export_template 06_HKC_COMP_GEN.xlsx|leap_export_template 07_INA_COMP_GEN.xlsx|leap_export_template 08_JPN_COMP_GEN.xlsx|leap_export_template 09_ROK_COMP_GEN.xlsx|leap_export_template 14_PE_COMP_GEN.xlsx|leap_export_template 16_RUS_COMP_GEN.xlsx|leap_export_template 17_SGP_COMP_GEN.xlsx|leap_export_template 18_CT_COMP_GEN.xlsx,False,branch_structure_only
Transformation\CHP interim\Output Fuels\Electricity,21,AUS clean slate 28_07.xlsx|BD clean slate 28_07.xlsx|MAS clean slate 28_07.xlsx|MEX clean slate 28_07.xlsx|NZ clean slate 27_07.xlsx|PHL clean slate 28_07.xlsx|PNG clean slate 28_07.xlsx|PRC clean slate 28_07.xlsx|THA clean slate 28_07.xlsx|USA clean slate 28_07.xlsx|VN clean slate 28_07.xlsx|leap_export_template 03_CDA_COMP_GEN.xlsx|leap_export_template 04_CHL_COMP_GEN.xlsx|leap_export_template 06_HKC_COMP_GEN.xlsx|leap_export_template 07_INA_COMP_GEN.xlsx|leap_export_template 08_JPN_COMP_GEN.xlsx|leap_export_template 09_ROK_COMP_GEN.xlsx|leap_export_template 14_PE_COMP_GEN.xlsx|leap_export_template 16_RUS_COMP_GEN.xlsx|leap_export_template 17_SGP_COMP_GEN.xlsx|leap_export_template 18_CT_COMP_GEN.xlsx,True,explicit_transformation_fuel_leaf_evidence
Transformation\CHP interim\Output Fuels\Heat,21,AUS clean slate 28_07.xlsx|BD clean slate 28_07.xlsx|MAS clean slate 28_07.xlsx|MEX clean slate 28_07.xlsx|NZ clean slate 27_07.xlsx|PHL clean slate 28_07.xlsx|PNG clean slate 28_07.xlsx|PRC clean slate 28_07.xlsx|THA clean slate 28_07.xlsx|USA clean slate 28_07.xlsx|VN clean slate 28_07.xlsx|leap_export_template 03_CDA_COMP_GEN.xlsx|leap_export_template 04_CHL_COMP_GEN.xlsx|leap_export_template 06_HKC_COMP_GEN.xlsx|leap_export_template 07_INA_COMP_GEN.xlsx|leap_export_template 08_JPN_COMP_GEN.xlsx|leap_export_template 09_ROK_COMP_GEN.xlsx|leap_export_template 14_PE_COMP_GEN.xlsx|leap_export_template 16_RUS_COMP_GEN.xlsx|leap_export_template 17_SGP_COMP_GEN.xlsx|leap_export_template 18_CT_COMP_GEN.xlsx,True,explicit_transformation_fuel_leaf_evidence
Transformation\CHP interim\Processes\CHP interim,21,AUS clean slate 28_07.xlsx|BD clean slate 28_07.xlsx|MAS clean slate 28_07.xlsx|MEX clean slate 28_07.xlsx|NZ clean slate 27_07.xlsx|PHL clean slate 28_07.xlsx|PNG clean slate 28_07.xlsx|PRC clean slate 28_07.xlsx|THA clean slate 28_07.xlsx|USA clean slate 28_07.xlsx|VN clean slate 28_07.xlsx|leap_export_template 03_CDA_COMP_GEN.xlsx|leap_export_template 04_CHL_COMP_GEN.xlsx|leap_export_template 06_HKC_COMP_GEN.xlsx|leap_export_template 07_INA_COMP_GEN.xlsx|leap_export_template 08_JPN_COMP_GEN.xlsx|leap_export_template 09_ROK_COMP_GEN.xlsx|leap_export_template 14_PE_COMP_GEN.xlsx|leap_export_template 16_RUS_COMP_GEN.xlsx|leap_export_template 17_SGP_COMP_GEN.xlsx|leap_export_template 18_CT_COMP_GEN.xlsx,False,branch_structure_only
Transformation\CHP interim\Processes\CHP interim\Feedstock Fuels\Ammonia,21,AUS clean slate 28_07.xlsx|BD clean slate 28_07.xlsx|MAS clean slate 28_07.xlsx|MEX clean slate 28_07.xlsx|NZ clean slate 27_07.xlsx|PHL clean slate 28_07.xlsx|PNG clean slate 28_07.xlsx|PRC clean slate 28_07.xlsx|THA clean slate 28_07.xlsx|USA clean slate 28_07.xlsx|VN clean slate 28_07.xlsx|leap_export_template 03_CDA_COMP_GEN.xlsx|leap_export_template 04_CHL_COMP_GEN.xlsx|leap_export_template 06_HKC_COMP_GEN.xlsx|leap_export_template 07_INA_COMP_GEN.xlsx|leap_export_template 08_JPN_COMP_GEN.xlsx|leap_export_template 09_ROK_COMP_GEN.xlsx|leap_export_template 14_PE_COMP_GEN.xlsx|leap_export_template 16_RUS_COMP_GEN.xlsx|leap_export_template 17_SGP_COMP_GEN.xlsx|leap_export_template 18_CT_COMP_GEN.xlsx,True,explicit_transformation_fuel_leaf_evidence
Transformation\CHP interim\Processes\CHP interim\Feedstock Fuels\Anthracite,21,AUS clean slate 28_07.xlsx|BD clean slate 28_07.xlsx|MAS clean slate 28_07.xlsx|MEX clean slate 28_07.xlsx|NZ clean slate 27_07.xlsx|PHL clean slate 28_07.xlsx|PNG clean slate 28_07.xlsx|PRC clean slate 28_07.xlsx|THA clean slate 28_07.xlsx|USA clean slate 28_07.xlsx|VN clean slate 28_07.xlsx|leap_export_template 03_CDA_COMP_GEN.xlsx|leap_export_template 04_CHL_COMP_GEN.xlsx|leap_export_template 06_HKC_COMP_GEN.xlsx|leap_export_template 07_INA_COMP_GEN.xlsx|leap_export_template 08_JPN_COMP_GEN.xlsx|leap_export_template 09_ROK_COMP_GEN.xlsx|leap_export_template 14_PE_COMP_GEN.xlsx|leap_export_template 16_RUS_COMP_GEN.xlsx|leap_export_template 17_SGP_COMP_GEN.xlsx|leap_export_template 18_CT_COMP_GEN.xlsx,True,explicit_transformation_fuel_leaf_evidence
Transformation\CHP interim\Processes\CHP interim\Feedstock Fuels\Bagasse,21,AUS clean slate 28_07.xlsx|BD clean slate 28_07.xlsx|MAS clean slate 28_07.xlsx|MEX clean slate 28_07.xlsx|NZ clean slate 27_07.xlsx|PHL clean slate 28_07.xlsx|PNG clean slate 28_07.xlsx|PRC clean slate 28_07.xlsx|THA clean slate 28_07.xlsx|USA clean slate 28_07.xlsx|VN clean slate 28_07.xlsx|leap_export_template 03_CDA_COMP_GEN.xlsx|leap_export_template 04_CHL_COMP_GEN.xlsx|leap_export_template 06_HKC_COMP_GEN.xlsx|leap_export_template 07_INA_COMP_GEN.xlsx|leap_export_template 08_JPN_COMP_GEN.xlsx|leap_export_template 09_ROK_COMP_GEN.xlsx|leap_export_template 14_PE_COMP_GEN.xlsx|leap_export_template 16_RUS_COMP_GEN.xlsx|leap_export_template 17_SGP_COMP_GEN.xlsx|leap_export_template 18_CT_COMP_GEN.xlsx,True,explicit_transformation_fuel_leaf_evidence
Transformation\CHP interim\Processes\CHP interim\Feedstock Fuels\Biodiesel,21,AUS clean slate 28_07.xlsx|BD clean slate 28_07.xlsx|MAS clean slate 28_07.xlsx|MEX clean slate 28_07.xlsx|NZ clean slate 27_07.xlsx|PHL clean slate 28_07.xlsx|PNG clean slate 28_07.xlsx|PRC clean slate 28_07.xlsx|THA clean slate 28_07.xlsx|USA clean slate 28_07.xlsx|VN clean slate 28_07.xlsx|leap_export_template 03_CDA_COMP_GEN.xlsx|leap_export_template 04_CHL_COMP_GEN.xlsx|leap_export_template 06_HKC_COMP_GEN.xlsx|leap_export_template 07_INA_COMP_GEN.xlsx|leap_export_template 08_JPN_COMP_GEN.xlsx|leap_export_template 09_ROK_COMP_GEN.xlsx|leap_export_template 14_PE_COMP_GEN.xlsx|leap_export_template 16_RUS_COMP_GEN.xlsx|leap_export_template 17_SGP_COMP_GEN.xlsx|leap_export_template 18_CT_COMP_GEN.xlsx,True,explicit_transformation_fuel_leaf_evidence
Transformation\CHP interim\Processes\CHP interim\Feedstock Fuels\Biogas,21,AUS clean slate 28_07.xlsx|BD clean slate 28_07.xlsx|MAS clean slate 28_07.xlsx|MEX clean slate 28_07.xlsx|NZ clean slate 27_07.xlsx|PHL clean slate 28_07.xlsx|PNG clean slate 28_07.xlsx|PRC clean slate 28_07.xlsx|THA clean slate 28_07.xlsx|USA clean slate 28_07.xlsx|VN clean slate 28_07.xlsx|leap_export_template 03_CDA_COMP_GEN.xlsx|leap_export_template 04_CHL_COMP_GEN.xlsx|leap_export_template 06_HKC_COMP_GEN.xlsx|leap_export_template 07_INA_COMP_GEN.xlsx|leap_export_template 08_JPN_COMP_GEN.xlsx|leap_export_template 09_ROK_COMP_GEN.xlsx|leap_export_template 14_PE_COMP_GEN.xlsx|leap_export_template 16_RUS_COMP_GEN.xlsx|leap_export_template 17_SGP_COMP_GEN.xlsx|leap_export_template 18_CT_COMP_GEN.xlsx,True,explicit_transformation_fuel_leaf_evidence
Transformation\CHP interim\Processes\CHP interim\Feedstock Fuels\Bitumen,21,AUS clean slate 28_07.xlsx|BD clean slate 28_07.xlsx|MAS clean slate 28_07.xlsx|MEX clean slate 28_07.xlsx|NZ clean slate 27_07.xlsx|PHL clean slate 28_07.xlsx|PNG clean slate 28_07.xlsx|PRC clean slate 28_07.xlsx|THA clean slate 28_07.xlsx|USA clean slate 28_07.xlsx|VN clean slate 28_07.xlsx|leap_export_template 03_CDA_COMP_GEN.xlsx|leap_export_template 04_CHL_COMP_GEN.xlsx|leap_export_template 06_HKC_COMP_GEN.xlsx|leap_export_template 07_INA_COMP_GEN.xlsx|leap_export_template 08_JPN_COMP_GEN.xlsx|leap_export_template 09_ROK_COMP_GEN.xlsx|leap_export_template 14_PE_COMP_GEN.xlsx|leap_export_template 16_RUS_COMP_GEN.xlsx|leap_export_template 17_SGP_COMP_GEN.xlsx|leap_export_template 18_CT_COMP_GEN.xlsx,True,explicit_transformation_fuel_leaf_evidence
Transformation\CHP interim\Processes\CHP interim\Feedstock Fuels\Black liquor,21,AUS clean slate 28_07.xlsx|BD clean slate 28_07.xlsx|MAS clean slate 28_07.xlsx|MEX clean slate 28_07.xlsx|NZ clean slate 27_07.xlsx|PHL clean slate 28_07.xlsx|PNG clean slate 28_07.xlsx|PRC clean slate 28_07.xlsx|THA clean slate 28_07.xlsx|USA clean slate 28_07.xlsx|VN clean slate 28_07.xlsx|leap_export_template 03_CDA_COMP_GEN.xlsx|leap_export_template 04_CHL_COMP_GEN.xlsx|leap_export_template 06_HKC_COMP_GEN.xlsx|leap_export_template 07_INA_COMP_GEN.xlsx|leap_export_template 08_JPN_COMP_GEN.xlsx|leap_export_template 09_ROK_COMP_GEN.xlsx|leap_export_template 14_PE_COMP_GEN.xlsx|leap_export_template 16_RUS_COMP_GEN.xlsx|leap_export_template 17_SGP_COMP_GEN.xlsx|leap_export_template 18_CT_COMP_GEN.xlsx,True,explicit_transformation_fuel_leaf_evidence
Transformation\CHP interim\Processes\CHP interim\Feedstock Fuels\Coke oven coke,21,AUS clean slate 28_07.xlsx|BD clean slate 28_07.xlsx|MAS clean slate 28_07.xlsx|MEX clean slate 28_07.xlsx|NZ clean slate 27_07.xlsx|PHL clean slate 28_07.xlsx|PNG clean slate 28_07.xlsx|PRC clean slate 28_07.xlsx|THA clean slate 28_07.xlsx|USA clean slate 28_07.xlsx|VN clean slate 28_07.xlsx|leap_export_template 03_CDA_COMP_GEN.xlsx|leap_export_template 04_CHL_COMP_GEN.xlsx|leap_export_template 06_HKC_COMP_GEN.xlsx|leap_export_template 07_INA_COMP_GEN.xlsx|leap_export_template 08_JPN_COMP_GEN.xlsx|leap_export_template 09_ROK_COMP_GEN.xlsx|leap_export_template 14_PE_COMP_GEN.xlsx|leap_export_template 16_RUS_COMP_GEN.xlsx|leap_export_template 17_SGP_COMP_GEN.xlsx|leap_export_template 18_CT_COMP_GEN.xlsx,True,explicit_transformation_fuel_leaf_evidence
Transformation\CHP interim\Processes\CHP interim\Feedstock Fuels\Crude oil,21,AUS clean slate 28_07.xlsx|BD clean slate 28_07.xlsx|MAS clean slate 28_07.xlsx|MEX clean slate 28_07.xlsx|NZ clean slate 27_07.xlsx|PHL clean slate 28_07.xlsx|PNG clean slate 28_07.xlsx|PRC clean slate 28_07.xlsx|THA clean slate 28_07.xlsx|USA clean slate 28_07.xlsx|VN clean slate 28_07.xlsx|leap_export_template 03_CDA_COMP_GEN.xlsx|leap_export_template 04_CHL_COMP_GEN.xlsx|leap_export_template 06_HKC_COMP_GEN.xlsx|leap_export_template 07_INA_COMP_GEN.xlsx|leap_export_template 08_JPN_COMP_GEN.xlsx|leap_export_template 09_ROK_COMP_GEN.xlsx|leap_export_template 14_PE_COMP_GEN.xlsx|leap_export_template 16_RUS_COMP_GEN.xlsx|leap_export_template 17_SGP_COMP_GEN.xlsx|leap_export_template 18_CT_COMP_GEN.xlsx,True,explicit_transformation_fuel_leaf_evidence
Transformation\CHP interim\Processes\CHP interim\Feedstock Fuels\Fuel oil,21,AUS clean slate 28_07.xlsx|BD clean slate 28_07.xlsx|MAS clean slate 28_07.xlsx|MEX clean slate 28_07.xlsx|NZ clean slate 27_07.xlsx|PHL clean slate 28_07.xlsx|PNG clean slate 28_07.xlsx|PRC clean slate 28_07.xlsx|THA clean slate 28_07.xlsx|USA clean slate 28_07.xlsx|VN clean slate 28_07.xlsx|leap_export_template 03_CDA_COMP_GEN.xlsx|leap_export_template 04_CHL_COMP_GEN.xlsx|leap_export_template 06_HKC_COMP_GEN.xlsx|leap_export_template 07_INA_COMP_GEN.xlsx|leap_export_template 08_JPN_COMP_GEN.xlsx|leap_export_template 09_ROK_COMP_GEN.xlsx|leap_export_template 14_PE_COMP_GEN.xlsx|leap_export_template 16_RUS_COMP_GEN.xlsx|leap_export_template 17_SGP_COMP_GEN.xlsx|leap_export_template 18_CT_COMP_GEN.xlsx,True,explicit_transformation_fuel_leaf_evidence
Transformation\CHP interim\Processes\CHP interim\Feedstock Fuels\Fuelwood and woodwaste,21,AUS clean slate 28_07.xlsx|BD clean slate 28_07.xlsx|MAS clean slate 28_07.xlsx|MEX clean slate 28_07.xlsx|NZ clean slate 27_07.xlsx|PHL clean slate 28_07.xlsx|PNG clean slate 28_07.xlsx|PRC clean slate 28_07.xlsx|THA clean slate 28_07.xlsx|USA clean slate 28_07.xlsx|VN clean slate 28_07.xlsx|leap_export_template 03_CDA_COMP_GEN.xlsx|leap_export_template 04_CHL_COMP_GEN.xlsx|leap_export_template 06_HKC_COMP_GEN.xlsx|leap_export_template 07_INA_COMP_GEN.xlsx|leap_export_template 08_JPN_COMP_GEN.xlsx|leap_export_template 09_ROK_COMP_GEN.xlsx|leap_export_template 14_PE_COMP_GEN.xlsx|leap_export_template 16_RUS_COMP_GEN.xlsx|leap_export_template 17_SGP_COMP_GEN.xlsx|leap_export_template 18_CT_COMP_GEN.xlsx,True,explicit_transformation_fuel_leaf_evidence
Transformation\CHP interim\Processes\CHP interim\Feedstock Fuels\Gas and diesel oil,21,AUS clean slate 28_07.xlsx|BD clean slate 28_07.xlsx|MAS clean slate 28_07.xlsx|MEX clean slate 28_07.xlsx|NZ clean slate 27_07.xlsx|PHL clean slate 28_07.xlsx|PNG clean slate 28_07.xlsx|PRC clean slate 28_07.xlsx|THA clean slate 28_07.xlsx|USA clean slate 28_07.xlsx|VN clean slate 28_07.xlsx|leap_export_template 03_CDA_COMP_GEN.xlsx|leap_export_template 04_CHL_COMP_GEN.xlsx|leap_export_template 06_HKC_COMP_GEN.xlsx|leap_export_template 07_INA_COMP_GEN.xlsx|leap_export_template 08_JPN_COMP_GEN.xlsx|leap_export_template 09_ROK_COMP_GEN.xlsx|leap_export_template 14_PE_COMP_GEN.xlsx|leap_export_template 16_RUS_COMP_GEN.xlsx|leap_export_template 17_SGP_COMP_GEN.xlsx|leap_export_template 18_CT_COMP_GEN.xlsx,True,explicit_transformation_fuel_leaf_evidence
Transformation\CHP interim\Processes\CHP interim\Feedstock Fuels\Geothermal,21,AUS clean slate 28_07.xlsx|BD clean slate 28_07.xlsx|MAS clean slate 28_07.xlsx|MEX clean slate 28_07.xlsx|NZ clean slate 27_07.xlsx|PHL clean slate 28_07.xlsx|PNG clean slate 28_07.xlsx|PRC clean slate 28_07.xlsx|THA clean slate 28_07.xlsx|USA clean slate 28_07.xlsx|VN clean slate 28_07.xlsx|leap_export_template 03_CDA_COMP_GEN.xlsx|leap_export_template 04_CHL_COMP_GEN.xlsx|leap_export_template 06_HKC_COMP_GEN.xlsx|leap_export_template 07_INA_COMP_GEN.xlsx|leap_export_template 08_JPN_COMP_GEN.xlsx|leap_export_template 09_ROK_COMP_GEN.xlsx|leap_export_template 14_PE_COMP_GEN.xlsx|leap_export_template 16_RUS_COMP_GEN.xlsx|leap_export_template 17_SGP_COMP_GEN.xlsx|leap_export_template 18_CT_COMP_GEN.xlsx,True,explicit_transformation_fuel_leaf_evidence
Transformation\CHP interim\Processes\CHP interim\Feedstock Fuels\Hydrogen,21,AUS clean slate 28_07.xlsx|BD clean slate 28_07.xlsx|MAS clean slate 28_07.xlsx|MEX clean slate 28_07.xlsx|NZ clean slate 27_07.xlsx|PHL clean slate 28_07.xlsx|PNG clean slate 28_07.xlsx|PRC clean slate 28_07.xlsx|THA clean slate 28_07.xlsx|USA clean slate 28_07.xlsx|VN clean slate 28_07.xlsx|leap_export_template 03_CDA_COMP_GEN.xlsx|leap_export_template 04_CHL_COMP_GEN.xlsx|leap_export_template 06_HKC_COMP_GEN.xlsx|leap_export_template 07_INA_COMP_GEN.xlsx|leap_export_template 08_JPN_COMP_GEN.xlsx|leap_export_template 09_ROK_COMP_GEN.xlsx|leap_export_template 14_PE_COMP_GEN.xlsx|leap_export_template 16_RUS_COMP_GEN.xlsx|leap_export_template 17_SGP_COMP_GEN.xlsx|leap_export_template 18_CT_COMP_GEN.xlsx,True,explicit_transformation_fuel_leaf_evidence
Transformation\CHP interim\Processes\CHP interim\Feedstock Fuels\Industrial waste,21,AUS clean slate 28_07.xlsx|BD clean slate 28_07.xlsx|MAS clean slate 28_07.xlsx|MEX clean slate 28_07.xlsx|NZ clean slate 27_07.xlsx|PHL clean slate 28_07.xlsx|PNG clean slate 28_07.xlsx|PRC clean slate 28_07.xlsx|THA clean slate 28_07.xlsx|USA clean slate 28_07.xlsx|VN clean slate 28_07.xlsx|leap_export_template 03_CDA_COMP_GEN.xlsx|leap_export_template 04_CHL_COMP_GEN.xlsx|leap_export_template 06_HKC_COMP_GEN.xlsx|leap_export_template 07_INA_COMP_GEN.xlsx|leap_export_template 08_JPN_COMP_GEN.xlsx|leap_export_template 09_ROK_COMP_GEN.xlsx|leap_export_template 14_PE_COMP_GEN.xlsx|leap_export_template 16_RUS_COMP_GEN.xlsx|leap_export_template 17_SGP_COMP_GEN.xlsx|leap_export_template 18_CT_COMP_GEN.xlsx,True,explicit_transformation_fuel_leaf_evidence
Transformation\CHP interim\Processes\CHP interim\Feedstock Fuels\Kerosene,21,AUS clean slate 28_07.xlsx|BD clean slate 28_07.xlsx|MAS clean slate 28_07.xlsx|MEX clean slate 28_07.xlsx|NZ clean slate 27_07.xlsx|PHL clean slate 28_07.xlsx|PNG clean slate 28_07.xlsx|PRC clean slate 28_07.xlsx|THA clean slate 28_07.xlsx|USA clean slate 28_07.xlsx|VN clean slate 28_07.xlsx|leap_export_template 03_CDA_COMP_GEN.xlsx|leap_export_template 04_CHL_COMP_GEN.xlsx|leap_export_template 06_HKC_COMP_GEN.xlsx|leap_export_template 07_INA_COMP_GEN.xlsx|leap_export_template 08_JPN_COMP_GEN.xlsx|leap_export_template 09_ROK_COMP_GEN.xlsx|leap_export_template 14_PE_COMP_GEN.xlsx|leap_export_template 16_RUS_COMP_GEN.xlsx|leap_export_template 17_SGP_COMP_GEN.xlsx|leap_export_template 18_CT_COMP_GEN.xlsx,True,explicit_transformation_fuel_leaf_evidence
Transformation\CHP interim\Processes\CHP interim\Feedstock Fuels\LPG,21,AUS clean slate 28_07.xlsx|BD clean slate 28_07.xlsx|MAS clean slate 28_07.xlsx|MEX clean slate 28_07.xlsx|NZ clean slate 27_07.xlsx|PHL clean slate 28_07.xlsx|PNG clean slate 28_07.xlsx|PRC clean slate 28_07.xlsx|THA clean slate 28_07.xlsx|USA clean slate 28_07.xlsx|VN clean slate 28_07.xlsx|leap_export_template 03_CDA_COMP_GEN.xlsx|leap_export_template 04_CHL_COMP_GEN.xlsx|leap_export_template 06_HKC_COMP_GEN.xlsx|leap_export_template 07_INA_COMP_GEN.xlsx|leap_export_template 08_JPN_COMP_GEN.xlsx|leap_export_template 09_ROK_COMP_GEN.xlsx|leap_export_template 14_PE_COMP_GEN.xlsx|leap_export_template 16_RUS_COMP_GEN.xlsx|leap_export_template 17_SGP_COMP_GEN.xlsx|leap_export_template 18_CT_COMP_GEN.xlsx,True,explicit_transformation_fuel_leaf_evidence
Transformation\CHP interim\Processes\CHP interim\Feedstock Fuels\Lignite,21,AUS clean slate 28_07.xlsx|BD clean slate 28_07.xlsx|MAS clean slate 28_07.xlsx|MEX clean slate 28_07.xlsx|NZ clean slate 27_07.xlsx|PHL clean slate 28_07.xlsx|PNG clean slate 28_07.xlsx|PRC clean slate 28_07.xlsx|THA clean slate 28_07.xlsx|USA clean slate 28_07.xlsx|VN clean slate 28_07.xlsx|leap_export_template 03_CDA_COMP_GEN.xlsx|leap_export_template 04_CHL_COMP_GEN.xlsx|leap_export_template 06_HKC_COMP_GEN.xlsx|leap_export_template 07_INA_COMP_GEN.xlsx|leap_export_template 08_JPN_COMP_GEN.xlsx|leap_export_template 09_ROK_COMP_GEN.xlsx|leap_export_template 14_PE_COMP_GEN.xlsx|leap_export_template 16_RUS_COMP_GEN.xlsx|leap_export_template 17_SGP_COMP_GEN.xlsx|leap_export_template 18_CT_COMP_GEN.xlsx,True,explicit_transformation_fuel_leaf_evidence
Transformation\CHP interim\Processes\CHP interim\Feedstock Fuels\Municipal solid waste non renewable,21,AUS clean slate 28_07.xlsx|BD clean slate 28_07.xlsx|MAS clean slate 28_07.xlsx|MEX clean slate 28_07.xlsx|NZ clean slate 27_07.xlsx|PHL clean slate 28_07.xlsx|PNG clean slate 28_07.xlsx|PRC clean slate 28_07.xlsx|THA clean slate 28_07.xlsx|USA clean slate 28_07.xlsx|VN clean slate 28_07.xlsx|leap_export_template 03_CDA_COMP_GEN.xlsx|leap_export_template 04_CHL_COMP_GEN.xlsx|leap_export_template 06_HKC_COMP_GEN.xlsx|leap_export_template 07_INA_COMP_GEN.xlsx|leap_export_template 08_JPN_COMP_GEN.xlsx|leap_export_template 09_ROK_COMP_GEN.xlsx|leap_export_template 14_PE_COMP_GEN.xlsx|leap_export_template 16_RUS_COMP_GEN.xlsx|leap_export_template 17_SGP_COMP_GEN.xlsx|leap_export_template 18_CT_COMP_GEN.xlsx,True,explicit_transformation_fuel_leaf_evidence
Transformation\CHP interim\Processes\CHP interim\Feedstock Fuels\Municipal solid waste renewable,21,AUS clean slate 28_07.xlsx|BD clean slate 28_07.xlsx|MAS clean slate 28_07.xlsx|MEX clean slate 28_07.xlsx|NZ clean slate 27_07.xlsx|PHL clean slate 28_07.xlsx|PNG clean slate 28_07.xlsx|PRC clean slate 28_07.xlsx|THA clean slate 28_07.xlsx|USA clean slate 28_07.xlsx|VN clean slate 28_07.xlsx|leap_export_template 03_CDA_COMP_GEN.xlsx|leap_export_template 04_CHL_COMP_GEN.xlsx|leap_export_template 06_HKC_COMP_GEN.xlsx|leap_export_template 07_INA_COMP_GEN.xlsx|leap_export_template 08_JPN_COMP_GEN.xlsx|leap_export_template 09_ROK_COMP_GEN.xlsx|leap_export_template 14_PE_COMP_GEN.xlsx|leap_export_template 16_RUS_COMP_GEN.xlsx|leap_export_template 17_SGP_COMP_GEN.xlsx|leap_export_template 18_CT_COMP_GEN.xlsx,True,explicit_transformation_fuel_leaf_evidence
Transformation\CHP interim\Processes\CHP interim\Feedstock Fuels\Naphtha,21,AUS clean slate 28_07.xlsx|BD clean slate 28_07.xlsx|MAS clean slate 28_07.xlsx|MEX clean slate 28_07.xlsx|NZ clean slate 27_07.xlsx|PHL clean slate 28_07.xlsx|PNG clean slate 28_07.xlsx|PRC clean slate 28_07.xlsx|THA clean slate 28_07.xlsx|USA clean slate 28_07.xlsx|VN clean slate 28_07.xlsx|leap_export_template 03_CDA_COMP_GEN.xlsx|leap_export_template 04_CHL_COMP_GEN.xlsx|leap_export_template 06_HKC_COMP_GEN.xlsx|leap_export_template 07_INA_COMP_GEN.xlsx|leap_export_template 08_JPN_COMP_GEN.xlsx|leap_export_template 09_ROK_COMP_GEN.xlsx|leap_export_template 14_PE_COMP_GEN.xlsx|leap_export_template 16_RUS_COMP_GEN.xlsx|leap_export_template 17_SGP_COMP_GEN.xlsx|leap_export_template 18_CT_COMP_GEN.xlsx,True,explicit_transformation_fuel_leaf_evidence
Transformation\CHP interim\Processes\CHP interim\Feedstock Fuels\Natural gas,21,AUS clean slate 28_07.xlsx|BD clean slate 28_07.xlsx|MAS clean slate 28_07.xlsx|MEX clean slate 28_07.xlsx|NZ clean slate 27_07.xlsx|PHL clean slate 28_07.xlsx|PNG clean slate 28_07.xlsx|PRC clean slate 28_07.xlsx|THA clean slate 28_07.xlsx|USA clean slate 28_07.xlsx|VN clean slate 28_07.xlsx|leap_export_template 03_CDA_COMP_GEN.xlsx|leap_export_template 04_CHL_COMP_GEN.xlsx|leap_export_template 06_HKC_COMP_GEN.xlsx|leap_export_template 07_INA_COMP_GEN.xlsx|leap_export_template 08_JPN_COMP_GEN.xlsx|leap_export_template 09_ROK_COMP_GEN.xlsx|leap_export_template 14_PE_COMP_GEN.xlsx|leap_export_template 16_RUS_COMP_GEN.xlsx|leap_export_template 17_SGP_COMP_GEN.xlsx|leap_export_template 18_CT_COMP_GEN.xlsx,True,explicit_transformation_fuel_leaf_evidence
Transformation\CHP interim\Processes\CHP interim\Feedstock Fuels\Nuclear,21,AUS clean slate 28_07.xlsx|BD clean slate 28_07.xlsx|MAS clean slate 28_07.xlsx|MEX clean slate 28_07.xlsx|NZ clean slate 27_07.xlsx|PHL clean slate 28_07.xlsx|PNG clean slate 28_07.xlsx|PRC clean slate 28_07.xlsx|THA clean slate 28_07.xlsx|USA clean slate 28_07.xlsx|VN clean slate 28_07.xlsx|leap_export_template 03_CDA_COMP_GEN.xlsx|leap_export_template 04_CHL_COMP_GEN.xlsx|leap_export_template 06_HKC_COMP_GEN.xlsx|leap_export_template 07_INA_COMP_GEN.xlsx|leap_export_template 08_JPN_COMP_GEN.xlsx|leap_export_template 09_ROK_COMP_GEN.xlsx|leap_export_template 14_PE_COMP_GEN.xlsx|leap_export_template 16_RUS_COMP_GEN.xlsx|leap_export_template 17_SGP_COMP_GEN.xlsx|leap_export_template 18_CT_COMP_GEN.xlsx,True,explicit_transformation_fuel_leaf_evidence
Transformation\CHP interim\Processes\CHP interim\Feedstock Fuels\Other biomass,21,AUS clean slate 28_07.xlsx|BD clean slate 28_07.xlsx|MAS clean slate 28_07.xlsx|MEX clean slate 28_07.xlsx|NZ clean slate 27_07.xlsx|PHL clean slate 28_07.xlsx|PNG clean slate 28_07.xlsx|PRC clean slate 28_07.xlsx|THA clean slate 28_07.xlsx|USA clean slate 28_07.xlsx|VN clean slate 28_07.xlsx|leap_export_template 03_CDA_COMP_GEN.xlsx|leap_export_template 04_CHL_COMP_GEN.xlsx|leap_export_template 06_HKC_COMP_GEN.xlsx|leap_export_template 07_INA_COMP_GEN.xlsx|leap_export_template 08_JPN_COMP_GEN.xlsx|leap_export_template 09_ROK_COMP_GEN.xlsx|leap_export_template 14_PE_COMP_GEN.xlsx|leap_export_template 16_RUS_COMP_GEN.xlsx|leap_export_template 17_SGP_COMP_GEN.xlsx|leap_export_template 18_CT_COMP_GEN.xlsx,True,explicit_transformation_fuel_leaf_evidence
Transformation\CHP interim\Processes\CHP interim\Feedstock Fuels\Other bituminous coal,21,AUS clean slate 28_07.xlsx|BD clean slate 28_07.xlsx|MAS clean slate 28_07.xlsx|MEX clean slate 28_07.xlsx|NZ clean slate 27_07.xlsx|PHL clean slate 28_07.xlsx|PNG clean slate 28_07.xlsx|PRC clean slate 28_07.xlsx|THA clean slate 28_07.xlsx|USA clean slate 28_07.xlsx|VN clean slate 28_07.xlsx|leap_export_template 03_CDA_COMP_GEN.xlsx|leap_export_template 04_CHL_COMP_GEN.xlsx|leap_export_template 06_HKC_COMP_GEN.xlsx|leap_export_template 07_INA_COMP_GEN.xlsx|leap_export_template 08_JPN_COMP_GEN.xlsx|leap_export_template 09_ROK_COMP_GEN.xlsx|leap_export_template 14_PE_COMP_GEN.xlsx|leap_export_template 16_RUS_COMP_GEN.xlsx|leap_export_template 17_SGP_COMP_GEN.xlsx|leap_export_template 18_CT_COMP_GEN.xlsx,True,explicit_transformation_fuel_leaf_evidence
Transformation\CHP interim\Processes\CHP interim\Feedstock Fuels\Other liquid biofuels,21,AUS clean slate 28_07.xlsx|BD clean slate 28_07.xlsx|MAS clean slate 28_07.xlsx|MEX clean slate 28_07.xlsx|NZ clean slate 27_07.xlsx|PHL clean slate 28_07.xlsx|PNG clean slate 28_07.xlsx|PRC clean slate 28_07.xlsx|THA clean slate 28_07.xlsx|USA clean slate 28_07.xlsx|VN clean slate 28_07.xlsx|leap_export_template 03_CDA_COMP_GEN.xlsx|leap_export_template 04_CHL_COMP_GEN.xlsx|leap_export_template 06_HKC_COMP_GEN.xlsx|leap_export_template 07_INA_COMP_GEN.xlsx|leap_export_template 08_JPN_COMP_GEN.xlsx|leap_export_template 09_ROK_COMP_GEN.xlsx|leap_export_template 14_PE_COMP_GEN.xlsx|leap_export_template 16_RUS_COMP_GEN.xlsx|leap_export_template 17_SGP_COMP_GEN.xlsx|leap_export_template 18_CT_COMP_GEN.xlsx,True,explicit_transformation_fuel_leaf_evidence
Transformation\CHP interim\Processes\CHP interim\Feedstock Fuels\Other products,21,AUS clean slate 28_07.xlsx|BD clean slate 28_07.xlsx|MAS clean slate 28_07.xlsx|MEX clean slate 28_07.xlsx|NZ clean slate 27_07.xlsx|PHL clean slate 28_07.xlsx|PNG clean slate 28_07.xlsx|PRC clean slate 28_07.xlsx|THA clean slate 28_07.xlsx|USA clean slate 28_07.xlsx|VN clean slate 28_07.xlsx|leap_export_template 03_CDA_COMP_GEN.xlsx|leap_export_template 04_CHL_COMP_GEN.xlsx|leap_export_template 06_HKC_COMP_GEN.xlsx|leap_export_template 07_INA_COMP_GEN.xlsx|leap_export_template 08_JPN_COMP_GEN.xlsx|leap_export_template 09_ROK_COMP_GEN.xlsx|leap_export_template 14_PE_COMP_GEN.xlsx|leap_export_template 16_RUS_COMP_GEN.xlsx|leap_export_template 17_SGP_COMP_GEN.xlsx|leap_export_template 18_CT_COMP_GEN.xlsx,True,explicit_transformation_fuel_leaf_evidence
Transformation\CHP interim\Processes\CHP interim\Feedstock Fuels\Other sources,21,AUS clean slate 28_07.xlsx|BD clean slate 28_07.xlsx|MAS clean slate 28_07.xlsx|MEX clean slate 28_07.xlsx|NZ clean slate 27_07.xlsx|PHL clean slate 28_07.xlsx|PNG clean slate 28_07.xlsx|PRC clean slate 28_07.xlsx|THA clean slate 28_07.xlsx|USA clean slate 28_07.xlsx|VN clean slate 28_07.xlsx|leap_export_template 03_CDA_COMP_GEN.xlsx|leap_export_template 04_CHL_COMP_GEN.xlsx|leap_export_template 06_HKC_COMP_GEN.xlsx|leap_export_template 07_INA_COMP_GEN.xlsx|leap_export_template 08_JPN_COMP_GEN.xlsx|leap_export_template 09_ROK_COMP_GEN.xlsx|leap_export_template 14_PE_COMP_GEN.xlsx|leap_export_template 16_RUS_COMP_GEN.xlsx|leap_export_template 17_SGP_COMP_GEN.xlsx|leap_export_template 18_CT_COMP_GEN.xlsx,True,explicit_transformation_fuel_leaf_evidence
Transformation\CHP interim\Processes\CHP interim\Feedstock Fuels\Refinery gas not liquefied,21,AUS clean slate 28_07.xlsx|BD clean slate 28_07.xlsx|MAS clean slate 28_07.xlsx|MEX clean slate 28_07.xlsx|NZ clean slate 27_07.xlsx|PHL clean slate 28_07.xlsx|PNG clean slate 28_07.xlsx|PRC clean slate 28_07.xlsx|THA clean slate 28_07.xlsx|USA clean slate 28_07.xlsx|VN clean slate 28_07.xlsx|leap_export_template 03_CDA_COMP_GEN.xlsx|leap_export_template 04_CHL_COMP_GEN.xlsx|leap_export_template 06_HKC_COMP_GEN.xlsx|leap_export_template 07_INA_COMP_GEN.xlsx|leap_export_template 08_JPN_COMP_GEN.xlsx|leap_export_template 09_ROK_COMP_GEN.xlsx|leap_export_template 14_PE_COMP_GEN.xlsx|leap_export_template 16_RUS_COMP_GEN.xlsx|leap_export_template 17_SGP_COMP_GEN.xlsx|leap_export_template 18_CT_COMP_GEN.xlsx,True,explicit_transformation_fuel_leaf_evidence
Transformation\CHP interim\Processes\CHP interim\Feedstock Fuels\Sub bituminous coal,20,AUS clean slate 28_07.xlsx|BD clean slate 28_07.xlsx|MAS clean slate 28_07.xlsx|MEX clean slate 28_07.xlsx|NZ clean slate 27_07.xlsx|PNG clean slate 28_07.xlsx|PRC clean slate 28_07.xlsx|THA clean slate 28_07.xlsx|USA clean slate 28_07.xlsx|VN clean slate 28_07.xlsx|leap_export_template 03_CDA_COMP_GEN.xlsx|leap_export_template 04_CHL_COMP_GEN.xlsx|leap_export_template 06_HKC_COMP_GEN.xlsx|leap_export_template 07_INA_COMP_GEN.xlsx|leap_export_template 08_JPN_COMP_GEN.xlsx|leap_export_template 09_ROK_COMP_GEN.xlsx|leap_export_template 14_PE_COMP_GEN.xlsx|leap_export_template 16_RUS_COMP_GEN.xlsx|leap_export_template 17_SGP_COMP_GEN.xlsx|leap_export_template 18_CT_COMP_GEN.xlsx,True,explicit_transformation_fuel_leaf_evidence
Transformation\CHP interim\Processes\CHP interim\Feedstock Fuels\Sub bituminous coal #2,2,PHL clean slate 28_07.xlsx|VN clean slate 28_07.xlsx,True,explicit_transformation_fuel_leaf_evidence
Transformation\CHP plants,11,USA clean slate 28_07.xlsx|leap_export_template 03_CDA_COMP_GEN.xlsx|leap_export_template 04_CHL_COMP_GEN.xlsx|leap_export_template 06_HKC_COMP_GEN.xlsx|leap_export_template 07_INA_COMP_GEN.xlsx|leap_export_template 08_JPN_COMP_GEN.xlsx|leap_export_template 09_ROK_COMP_GEN.xlsx|leap_export_template 14_PE_COMP_GEN.xlsx|leap_export_template 16_RUS_COMP_GEN.xlsx|leap_export_template 17_SGP_COMP_GEN.xlsx|leap_export_template 18_CT_COMP_GEN.xlsx,False,branch_structure_only
Transformation\CHP plants\Output Fuels\Heat,11,USA clean slate 28_07.xlsx|leap_export_template 03_CDA_COMP_GEN.xlsx|leap_export_template 04_CHL_COMP_GEN.xlsx|leap_export_template 06_HKC_COMP_GEN.xlsx|leap_export_template 07_INA_COMP_GEN.xlsx|leap_export_template 08_JPN_COMP_GEN.xlsx|leap_export_template 09_ROK_COMP_GEN.xlsx|leap_export_template 14_PE_COMP_GEN.xlsx|leap_export_template 16_RUS_COMP_GEN.xlsx|leap_export_template 17_SGP_COMP_GEN.xlsx|leap_export_template 18_CT_COMP_GEN.xlsx,True,explicit_transformation_fuel_leaf_evidence
Transformation\CHP plants\Processes\Coal CHP,11,USA clean slate 28_07.xlsx|leap_export_template 03_CDA_COMP_GEN.xlsx|leap_export_template 04_CHL_COMP_GEN.xlsx|leap_export_template 06_HKC_COMP_GEN.xlsx|leap_export_template 07_INA_COMP_GEN.xlsx|leap_export_template 08_JPN_COMP_GEN.xlsx|leap_export_template 09_ROK_COMP_GEN.xlsx|leap_export_template 14_PE_COMP_GEN.xlsx|leap_export_template 16_RUS_COMP_GEN.xlsx|leap_export_template 17_SGP_COMP_GEN.xlsx|leap_export_template 18_CT_COMP_GEN.xlsx,False,branch_structure_only
Transformation\CHP plants\Processes\Coal CHP\Auxiliary Fuels\Electricity,11,USA clean slate 28_07.xlsx|leap_export_template 03_CDA_COMP_GEN.xlsx|leap_export_template 04_CHL_COMP_GEN.xlsx|leap_export_template 06_HKC_COMP_GEN.xlsx|leap_export_template 07_INA_COMP_GEN.xlsx|leap_export_template 08_JPN_COMP_GEN.xlsx|leap_export_template 09_ROK_COMP_GEN.xlsx|leap_export_template 14_PE_COMP_GEN.xlsx|leap_export_template 16_RUS_COMP_GEN.xlsx|leap_export_template 17_SGP_COMP_GEN.xlsx|leap_export_template 18_CT_COMP_GEN.xlsx,True,explicit_transformation_fuel_leaf_evidence
Transformation\CHP plants\Processes\Coal CHP\Feedstock Fuels\Anthracite,11,USA clean slate 28_07.xlsx|leap_export_template 03_CDA_COMP_GEN.xlsx|leap_export_template 04_CHL_COMP_GEN.xlsx|leap_export_template 06_HKC_COMP_GEN.xlsx|leap_export_template 07_INA_COMP_GEN.xlsx|leap_export_template 08_JPN_COMP_GEN.xlsx|leap_export_template 09_ROK_COMP_GEN.xlsx|leap_export_template 14_PE_COMP_GEN.xlsx|leap_export_template 16_RUS_COMP_GEN.xlsx|leap_export_template 17_SGP_COMP_GEN.xlsx|leap_export_template 18_CT_COMP_GEN.xlsx,True,explicit_transformation_fuel_leaf_evidence
Transformation\CHP plants\Processes\Coal CHP\Feedstock Fuels\Blast furnace gas,11,USA clean slate 28_07.xlsx|leap_export_template 03_CDA_COMP_GEN.xlsx|leap_export_template 04_CHL_COMP_GEN.xlsx|leap_export_template 06_HKC_COMP_GEN.xlsx|leap_export_template 07_INA_COMP_GEN.xlsx|leap_export_template 08_JPN_COMP_GEN.xlsx|leap_export_template 09_ROK_COMP_GEN.xlsx|leap_export_template 14_PE_COMP_GEN.xlsx|leap_export_template 16_RUS_COMP_GEN.xlsx|leap_export_template 17_SGP_COMP_GEN.xlsx|leap_export_template 18_CT_COMP_GEN.xlsx,True,explicit_transformation_fuel_leaf_evidence
Transformation\CHP plants\Processes\Coal CHP\Feedstock Fuels\Other bituminous coal,11,USA clean slate 28_07.xlsx|leap_export_template 03_CDA_COMP_GEN.xlsx|leap_export_template 04_CHL_COMP_GEN.xlsx|leap_export_template 06_HKC_COMP_GEN.xlsx|leap_export_template 07_INA_COMP_GEN.xlsx|leap_export_template 08_JPN_COMP_GEN.xlsx|leap_export_template 09_ROK_COMP_GEN.xlsx|leap_export_template 14_PE_COMP_GEN.xlsx|leap_export_template 16_RUS_COMP_GEN.xlsx|leap_export_template 17_SGP_COMP_GEN.xlsx|leap_export_template 18_CT_COMP_GEN.xlsx,True,explicit_transformation_fuel_leaf_evidence
Transformation\CHP plants\Processes\Coal CHP\Feedstock Fuels\Sub bituminous coal,11,USA clean slate 28_07.xlsx|leap_export_template 03_CDA_COMP_GEN.xlsx|leap_export_template 04_CHL_COMP_GEN.xlsx|leap_export_template 06_HKC_COMP_GEN.xlsx|leap_export_template 07_INA_COMP_GEN.xlsx|leap_export_template 08_JPN_COMP_GEN.xlsx|leap_export_template 09_ROK_COMP_GEN.xlsx|leap_export_template 14_PE_COMP_GEN.xlsx|leap_export_template 16_RUS_COMP_GEN.xlsx|leap_export_template 17_SGP_COMP_GEN.xlsx|leap_export_template 18_CT_COMP_GEN.xlsx,True,explicit_transformation_fuel_leaf_evidence
Transformation\CHP plants\Processes\Gas CHP,11,USA clean slate 28_07.xlsx|leap_export_template 03_CDA_COMP_GEN.xlsx|leap_export_template 04_CHL_COMP_GEN.xlsx|leap_export_template 06_HKC_COMP_GEN.xlsx|leap_export_template 07_INA_COMP_GEN.xlsx|leap_export_template 08_JPN_COMP_GEN.xlsx|leap_export_template 09_ROK_COMP_GEN.xlsx|leap_export_template 14_PE_COMP_GEN.xlsx|leap_export_template 16_RUS_COMP_GEN.xlsx|leap_export_template 17_SGP_COMP_GEN.xlsx|leap_export_template 18_CT_COMP_GEN.xlsx,False,branch_structure_only
Transformation\CHP plants\Processes\Gas CHP\Auxiliary Fuels\Electricity,11,USA clean slate 28_07.xlsx|leap_export_template 03_CDA_COMP_GEN.xlsx|leap_export_template 04_CHL_COMP_GEN.xlsx|leap_export_template 06_HKC_COMP_GEN.xlsx|leap_export_template 07_INA_COMP_GEN.xlsx|leap_export_template 08_JPN_COMP_GEN.xlsx|leap_export_template 09_ROK_COMP_GEN.xlsx|leap_export_template 14_PE_COMP_GEN.xlsx|leap_export_template 16_RUS_COMP_GEN.xlsx|leap_export_template 17_SGP_COMP_GEN.xlsx|leap_export_template 18_CT_COMP_GEN.xlsx,True,explicit_transformation_fuel_leaf_evidence
Transformation\CHP plants\Processes\Gas CHP\Feedstock Fuels\Natural gas,11,USA clean slate 28_07.xlsx|leap_export_template 03_CDA_COMP_GEN.xlsx|leap_export_template 04_CHL_COMP_GEN.xlsx|leap_export_template 06_HKC_COMP_GEN.xlsx|leap_export_template 07_INA_COMP_GEN.xlsx|leap_export_template 08_JPN_COMP_GEN.xlsx|leap_export_template 09_ROK_COMP_GEN.xlsx|leap_export_template 14_PE_COMP_GEN.xlsx|leap_export_template 16_RUS_COMP_GEN.xlsx|leap_export_template 17_SGP_COMP_GEN.xlsx|leap_export_template 18_CT_COMP_GEN.xlsx,True,explicit_transformation_fuel_leaf_evidence
Transformation\CHP plants\Processes\Others CHP,11,USA clean slate 28_07.xlsx|leap_export_template 03_CDA_COMP_GEN.xlsx|leap_export_template 04_CHL_COMP_GEN.xlsx|leap_export_template 06_HKC_COMP_GEN.xlsx|leap_export_template 07_INA_COMP_GEN.xlsx|leap_export_template 08_JPN_COMP_GEN.xlsx|leap_export_template 09_ROK_COMP_GEN.xlsx|leap_export_template 14_PE_COMP_GEN.xlsx|leap_export_template 16_RUS_COMP_GEN.xlsx|leap_export_template 17_SGP_COMP_GEN.xlsx|leap_export_template 18_CT_COMP_GEN.xlsx,False,branch_structure_only
Transformation\CHP plants\Processes\Others CHP\Auxiliary Fuels\Electricity,11,USA clean slate 28_07.xlsx|leap_export_template 03_CDA_COMP_GEN.xlsx|leap_export_template 04_CHL_COMP_GEN.xlsx|leap_export_template 06_HKC_COMP_GEN.xlsx|leap_export_template 07_INA_COMP_GEN.xlsx|leap_export_template 08_JPN_COMP_GEN.xlsx|leap_export_template 09_ROK_COMP_GEN.xlsx|leap_export_template 14_PE_COMP_GEN.xlsx|leap_export_template 16_RUS_COMP_GEN.xlsx|leap_export_template 17_SGP_COMP_GEN.xlsx|leap_export_template 18_CT_COMP_GEN.xlsx,True,explicit_transformation_fuel_leaf_evidence
Transformation\CHP plants\Processes\Others CHP\Feedstock Fuels\Biodiesel,11,USA clean slate 28_07.xlsx|leap_export_template 03_CDA_COMP_GEN.xlsx|leap_export_template 04_CHL_COMP_GEN.xlsx|leap_export_template 06_HKC_COMP_GEN.xlsx|leap_export_template 07_INA_COMP_GEN.xlsx|leap_export_template 08_JPN_COMP_GEN.xlsx|leap_export_template 09_ROK_COMP_GEN.xlsx|leap_export_template 14_PE_COMP_GEN.xlsx|leap_export_template 16_RUS_COMP_GEN.xlsx|leap_export_template 17_SGP_COMP_GEN.xlsx|leap_export_template 18_CT_COMP_GEN.xlsx,True,explicit_transformation_fuel_leaf_evidence
Transformation\CHP plants\Processes\Others CHP\Feedstock Fuels\Biogas,11,USA clean slate 28_07.xlsx|leap_export_template 03_CDA_COMP_GEN.xlsx|leap_export_template 04_CHL_COMP_GEN.xlsx|leap_export_template 06_HKC_COMP_GEN.xlsx|leap_export_template 07_INA_COMP_GEN.xlsx|leap_export_template 08_JPN_COMP_GEN.xlsx|leap_export_template 09_ROK_COMP_GEN.xlsx|leap_export_template 14_PE_COMP_GEN.xlsx|leap_export_template 16_RUS_COMP_GEN.xlsx|leap_export_template 17_SGP_COMP_GEN.xlsx|leap_export_template 18_CT_COMP_GEN.xlsx,True,explicit_transformation_fuel_leaf_evidence
Transformation\CHP plants\Processes\Others CHP\Feedstock Fuels\Industrial waste,11,USA clean slate 28_07.xlsx|leap_export_template 03_CDA_COMP_GEN.xlsx|leap_export_template 04_CHL_COMP_GEN.xlsx|leap_export_template 06_HKC_COMP_GEN.xlsx|leap_export_template 07_INA_COMP_GEN.xlsx|leap_export_template 08_JPN_COMP_GEN.xlsx|leap_export_template 09_ROK_COMP_GEN.xlsx|leap_export_template 14_PE_COMP_GEN.xlsx|leap_export_template 16_RUS_COMP_GEN.xlsx|leap_export_template 17_SGP_COMP_GEN.xlsx|leap_export_template 18_CT_COMP_GEN.xlsx,True,explicit_transformation_fuel_leaf_evidence
Transformation\CHP plants\Processes\Others CHP\Feedstock Fuels\Municipal solid waste non renewable,11,USA clean slate 28_07.xlsx|leap_export_template 03_CDA_COMP_GEN.xlsx|leap_export_template 04_CHL_COMP_GEN.xlsx|leap_export_template 06_HKC_COMP_GEN.xlsx|leap_export_template 07_INA_COMP_GEN.xlsx|leap_export_template 08_JPN_COMP_GEN.xlsx|leap_export_template 09_ROK_COMP_GEN.xlsx|leap_export_template 14_PE_COMP_GEN.xlsx|leap_export_template 16_RUS_COMP_GEN.xlsx|leap_export_template 17_SGP_COMP_GEN.xlsx|leap_export_template 18_CT_COMP_GEN.xlsx,True,explicit_transformation_fuel_leaf_evidence
Transformation\CHP plants\Processes\Others CHP\Feedstock Fuels\Municipal solid waste renewable,11,USA clean slate 28_07.xlsx|leap_export_template 03_CDA_COMP_GEN.xlsx|leap_export_template 04_CHL_COMP_GEN.xlsx|leap_export_template 06_HKC_COMP_GEN.xlsx|leap_export_template 07_INA_COMP_GEN.xlsx|leap_export_template 08_JPN_COMP_GEN.xlsx|leap_export_template 09_ROK_COMP_GEN.xlsx|leap_export_template 14_PE_COMP_GEN.xlsx|leap_export_template 16_RUS_COMP_GEN.xlsx|leap_export_template 17_SGP_COMP_GEN.xlsx|leap_export_template 18_CT_COMP_GEN.xlsx,True,explicit_transformation_fuel_leaf_evidence
Transformation\CHP plants\Processes\Others CHP\Feedstock Fuels\Other biomass,11,USA clean slate 28_07.xlsx|leap_export_template 03_CDA_COMP_GEN.xlsx|leap_export_template 04_CHL_COMP_GEN.xlsx|leap_export_template 06_HKC_COMP_GEN.xlsx|leap_export_template 07_INA_COMP_GEN.xlsx|leap_export_template 08_JPN_COMP_GEN.xlsx|leap_export_template 09_ROK_COMP_GEN.xlsx|leap_export_template 14_PE_COMP_GEN.xlsx|leap_export_template 16_RUS_COMP_GEN.xlsx|leap_export_template 17_SGP_COMP_GEN.xlsx|leap_export_template 18_CT_COMP_GEN.xlsx,True,explicit_transformation_fuel_leaf_evidence
Transformation\CHP plants\Processes\Petroleum products CHP,11,USA clean slate 28_07.xlsx|leap_export_template 03_CDA_COMP_GEN.xlsx|leap_export_template 04_CHL_COMP_GEN.xlsx|leap_export_template 06_HKC_COMP_GEN.xlsx|leap_export_template 07_INA_COMP_GEN.xlsx|leap_export_template 08_JPN_COMP_GEN.xlsx|leap_export_template 09_ROK_COMP_GEN.xlsx|leap_export_template 14_PE_COMP_GEN.xlsx|leap_export_template 16_RUS_COMP_GEN.xlsx|leap_export_template 17_SGP_COMP_GEN.xlsx|leap_export_template 18_CT_COMP_GEN.xlsx,False,branch_structure_only
Transformation\CHP plants\Processes\Petroleum products CHP\Auxiliary Fuels\Electricity,11,USA clean slate 28_07.xlsx|leap_export_template 03_CDA_COMP_GEN.xlsx|leap_export_template 04_CHL_COMP_GEN.xlsx|leap_export_template 06_HKC_COMP_GEN.xlsx|leap_export_template 07_INA_COMP_GEN.xlsx|leap_export_template 08_JPN_COMP_GEN.xlsx|leap_export_template 09_ROK_COMP_GEN.xlsx|leap_export_template 14_PE_COMP_GEN.xlsx|leap_export_template 16_RUS_COMP_GEN.xlsx|leap_export_template 17_SGP_COMP_GEN.xlsx|leap_export_template 18_CT_COMP_GEN.xlsx,True,explicit_transformation_fuel_leaf_evidence
Transformation\CHP plants\Processes\Petroleum products CHP\Feedstock Fuels\Fuel oil,11,USA clean slate 28_07.xlsx|leap_export_template 03_CDA_COMP_GEN.xlsx|leap_export_template 04_CHL_COMP_GEN.xlsx|leap_export_template 06_HKC_COMP_GEN.xlsx|leap_export_template 07_INA_COMP_GEN.xlsx|leap_export_template 08_JPN_COMP_GEN.xlsx|leap_export_template 09_ROK_COMP_GEN.xlsx|leap_export_template 14_PE_COMP_GEN.xlsx|leap_export_template 16_RUS_COMP_GEN.xlsx|leap_export_template 17_SGP_COMP_GEN.xlsx|leap_export_template 18_CT_COMP_GEN.xlsx,True,explicit_transformation_fuel_leaf_evidence
Transformation\CHP plants\Processes\Petroleum products CHP\Feedstock Fuels\Gas and diesel oil,11,USA clean slate 28_07.xlsx|leap_export_template 03_CDA_COMP_GEN.xlsx|leap_export_template 04_CHL_COMP_GEN.xlsx|leap_export_template 06_HKC_COMP_GEN.xlsx|leap_export_template 07_INA_COMP_GEN.xlsx|leap_export_template 08_JPN_COMP_GEN.xlsx|leap_export_template 09_ROK_COMP_GEN.xlsx|leap_export_template 14_PE_COMP_GEN.xlsx|leap_export_template 16_RUS_COMP_GEN.xlsx|leap_export_template 17_SGP_COMP_GEN.xlsx|leap_export_template 18_CT_COMP_GEN.xlsx,True,explicit_transformation_fuel_leaf_evidence
Transformation\CHP plants\Processes\Petroleum products CHP\Feedstock Fuels\Petroleum coke,11,USA clean slate 28_07.xlsx|leap_export_template 03_CDA_COMP_GEN.xlsx|leap_export_template 04_CHL_COMP_GEN.xlsx|leap_export_template 06_HKC_COMP_GEN.xlsx|leap_export_template 07_INA_COMP_GEN.xlsx|leap_export_template 08_JPN_COMP_GEN.xlsx|leap_export_template 09_ROK_COMP_GEN.xlsx|leap_export_template 14_PE_COMP_GEN.xlsx|leap_export_template 16_RUS_COMP_GEN.xlsx|leap_export_template 17_SGP_COMP_GEN.xlsx|leap_export_template 18_CT_COMP_GEN.xlsx,True,explicit_transformation_fuel_leaf_evidence
Transformation\Charcoal processing,21,AUS clean slate 28_07.xlsx|BD clean slate 28_07.xlsx|MAS clean slate 28_07.xlsx|MEX clean slate 28_07.xlsx|NZ clean slate 27_07.xlsx|PHL clean slate 28_07.xlsx|PNG clean slate 28_07.xlsx|PRC clean slate 28_07.xlsx|THA clean slate 28_07.xlsx|USA clean slate 28_07.xlsx|VN clean slate 28_07.xlsx|leap_export_template 03_CDA_COMP_GEN.xlsx|leap_export_template 04_CHL_COMP_GEN.xlsx|leap_export_template 06_HKC_COMP_GEN.xlsx|leap_export_template 07_INA_COMP_GEN.xlsx|leap_export_template 08_JPN_COMP_GEN.xlsx|leap_export_template 09_ROK_COMP_GEN.xlsx|leap_export_template 14_PE_COMP_GEN.xlsx|leap_export_template 16_RUS_COMP_GEN.xlsx|leap_export_template 17_SGP_COMP_GEN.xlsx|leap_export_template 18_CT_COMP_GEN.xlsx,False,branch_structure_only
Transformation\Charcoal processing\Output Fuels\Charcoal,21,AUS clean slate 28_07.xlsx|BD clean slate 28_07.xlsx|MAS clean slate 28_07.xlsx|MEX clean slate 28_07.xlsx|NZ clean slate 27_07.xlsx|PHL clean slate 28_07.xlsx|PNG clean slate 28_07.xlsx|PRC clean slate 28_07.xlsx|THA clean slate 28_07.xlsx|USA clean slate 28_07.xlsx|VN clean slate 28_07.xlsx|leap_export_template 03_CDA_COMP_GEN.xlsx|leap_export_template 04_CHL_COMP_GEN.xlsx|leap_export_template 06_HKC_COMP_GEN.xlsx|leap_export_template 07_INA_COMP_GEN.xlsx|leap_export_template 08_JPN_COMP_GEN.xlsx|leap_export_template 09_ROK_COMP_GEN.xlsx|leap_export_template 14_PE_COMP_GEN.xlsx|leap_export_template 16_RUS_COMP_GEN.xlsx|leap_export_template 17_SGP_COMP_GEN.xlsx|leap_export_template 18_CT_COMP_GEN.xlsx,True,explicit_transformation_fuel_leaf_evidence
Transformation\Charcoal processing\Processes\Charcoal processing,21,AUS clean slate 28_07.xlsx|BD clean slate 28_07.xlsx|MAS clean slate 28_07.xlsx|MEX clean slate 28_07.xlsx|NZ clean slate 27_07.xlsx|PHL clean slate 28_07.xlsx|PNG clean slate 28_07.xlsx|PRC clean slate 28_07.xlsx|THA clean slate 28_07.xlsx|USA clean slate 28_07.xlsx|VN clean slate 28_07.xlsx|leap_export_template 03_CDA_COMP_GEN.xlsx|leap_export_template 04_CHL_COMP_GEN.xlsx|leap_export_template 06_HKC_COMP_GEN.xlsx|leap_export_template 07_INA_COMP_GEN.xlsx|leap_export_template 08_JPN_COMP_GEN.xlsx|leap_export_template 09_ROK_COMP_GEN.xlsx|leap_export_template 14_PE_COMP_GEN.xlsx|leap_export_template 16_RUS_COMP_GEN.xlsx|leap_export_template 17_SGP_COMP_GEN.xlsx|leap_export_template 18_CT_COMP_GEN.xlsx,False,branch_structure_only
Transformation\Charcoal processing\Processes\Charcoal processing\Feedstock Fuels\Fuelwood and woodwaste,21,AUS clean slate 28_07.xlsx|BD clean slate 28_07.xlsx|MAS clean slate 28_07.xlsx|MEX clean slate 28_07.xlsx|NZ clean slate 27_07.xlsx|PHL clean slate 28_07.xlsx|PNG clean slate 28_07.xlsx|PRC clean slate 28_07.xlsx|THA clean slate 28_07.xlsx|USA clean slate 28_07.xlsx|VN clean slate 28_07.xlsx|leap_export_template 03_CDA_COMP_GEN.xlsx|leap_export_template 04_CHL_COMP_GEN.xlsx|leap_export_template 06_HKC_COMP_GEN.xlsx|leap_export_template 07_INA_COMP_GEN.xlsx|leap_export_template 08_JPN_COMP_GEN.xlsx|leap_export_template 09_ROK_COMP_GEN.xlsx|leap_export_template 14_PE_COMP_GEN.xlsx|leap_export_template 16_RUS_COMP_GEN.xlsx|leap_export_template 17_SGP_COMP_GEN.xlsx|leap_export_template 18_CT_COMP_GEN.xlsx,True,explicit_transformation_fuel_leaf_evidence
Transformation\Charcoal processing\Processes\Charcoal processing\Feedstock Fuels\Other biomass,21,AUS clean slate 28_07.xlsx|BD clean slate 28_07.xlsx|MAS clean slate 28_07.xlsx|MEX clean slate 28_07.xlsx|NZ clean slate 27_07.xlsx|PHL clean slate 28_07.xlsx|PNG clean slate 28_07.xlsx|PRC clean slate 28_07.xlsx|THA clean slate 28_07.xlsx|USA clean slate 28_07.xlsx|VN clean slate 28_07.xlsx|leap_export_template 03_CDA_COMP_GEN.xlsx|leap_export_template 04_CHL_COMP_GEN.xlsx|leap_export_template 06_HKC_COMP_GEN.xlsx|leap_export_template 07_INA_COMP_GEN.xlsx|leap_export_template 08_JPN_COMP_GEN.xlsx|leap_export_template 09_ROK_COMP_GEN.xlsx|leap_export_template 14_PE_COMP_GEN.xlsx|leap_export_template 16_RUS_COMP_GEN.xlsx|leap_export_template 17_SGP_COMP_GEN.xlsx|leap_export_template 18_CT_COMP_GEN.xlsx,True,explicit_transformation_fuel_leaf_evidence
Transformation\Chemical heat for electricity production,21,AUS clean slate 28_07.xlsx|BD clean slate 28_07.xlsx|MAS clean slate 28_07.xlsx|MEX clean slate 28_07.xlsx|NZ clean slate 27_07.xlsx|PHL clean slate 28_07.xlsx|PNG clean slate 28_07.xlsx|PRC clean slate 28_07.xlsx|THA clean slate 28_07.xlsx|USA clean slate 28_07.xlsx|VN clean slate 28_07.xlsx|leap_export_template 03_CDA_COMP_GEN.xlsx|leap_export_template 04_CHL_COMP_GEN.xlsx|leap_export_template 06_HKC_COMP_GEN.xlsx|leap_export_template 07_INA_COMP_GEN.xlsx|leap_export_template 08_JPN_COMP_GEN.xlsx|leap_export_template 09_ROK_COMP_GEN.xlsx|leap_export_template 14_PE_COMP_GEN.xlsx|leap_export_template 16_RUS_COMP_GEN.xlsx|leap_export_template 17_SGP_COMP_GEN.xlsx|leap_export_template 18_CT_COMP_GEN.xlsx,False,branch_structure_only
Transformation\Chemical heat for electricity production\Output Fuels\Electricity,21,AUS clean slate 28_07.xlsx|BD clean slate 28_07.xlsx|MAS clean slate 28_07.xlsx|MEX clean slate 28_07.xlsx|NZ clean slate 27_07.xlsx|PHL clean slate 28_07.xlsx|PNG clean slate 28_07.xlsx|PRC clean slate 28_07.xlsx|THA clean slate 28_07.xlsx|USA clean slate 28_07.xlsx|VN clean slate 28_07.xlsx|leap_export_template 03_CDA_COMP_GEN.xlsx|leap_export_template 04_CHL_COMP_GEN.xlsx|leap_export_template 06_HKC_COMP_GEN.xlsx|leap_export_template 07_INA_COMP_GEN.xlsx|leap_export_template 08_JPN_COMP_GEN.xlsx|leap_export_template 09_ROK_COMP_GEN.xlsx|leap_export_template 14_PE_COMP_GEN.xlsx|leap_export_template 16_RUS_COMP_GEN.xlsx|leap_export_template 17_SGP_COMP_GEN.xlsx|leap_export_template 18_CT_COMP_GEN.xlsx,True,explicit_transformation_fuel_leaf_evidence
Transformation\Chemical heat for electricity production\Processes\Chemical heat for electricity production,21,AUS clean slate 28_07.xlsx|BD clean slate 28_07.xlsx|MAS clean slate 28_07.xlsx|MEX clean slate 28_07.xlsx|NZ clean slate 27_07.xlsx|PHL clean slate 28_07.xlsx|PNG clean slate 28_07.xlsx|PRC clean slate 28_07.xlsx|THA clean slate 28_07.xlsx|USA clean slate 28_07.xlsx|VN clean slate 28_07.xlsx|leap_export_template 03_CDA_COMP_GEN.xlsx|leap_export_template 04_CHL_COMP_GEN.xlsx|leap_export_template 06_HKC_COMP_GEN.xlsx|leap_export_template 07_INA_COMP_GEN.xlsx|leap_export_template 08_JPN_COMP_GEN.xlsx|leap_export_template 09_ROK_COMP_GEN.xlsx|leap_export_template 14_PE_COMP_GEN.xlsx|leap_export_template 16_RUS_COMP_GEN.xlsx|leap_export_template 17_SGP_COMP_GEN.xlsx|leap_export_template 18_CT_COMP_GEN.xlsx,False,branch_structure_only
Transformation\Chemical heat for electricity production\Processes\Chemical heat for electricity production\Feedstock Fuels\Heat,21,AUS clean slate 28_07.xlsx|BD clean slate 28_07.xlsx|MAS clean slate 28_07.xlsx|MEX clean slate 28_07.xlsx|NZ clean slate 27_07.xlsx|PHL clean slate 28_07.xlsx|PNG clean slate 28_07.xlsx|PRC clean slate 28_07.xlsx|THA clean slate 28_07.xlsx|USA clean slate 28_07.xlsx|VN clean slate 28_07.xlsx|leap_export_template 03_CDA_COMP_GEN.xlsx|leap_export_template 04_CHL_COMP_GEN.xlsx|leap_export_template 06_HKC_COMP_GEN.xlsx|leap_export_template 07_INA_COMP_GEN.xlsx|leap_export_template 08_JPN_COMP_GEN.xlsx|leap_export_template 09_ROK_COMP_GEN.xlsx|leap_export_template 14_PE_COMP_GEN.xlsx|leap_export_template 16_RUS_COMP_GEN.xlsx|leap_export_template 17_SGP_COMP_GEN.xlsx|leap_export_template 18_CT_COMP_GEN.xlsx,True,explicit_transformation_fuel_leaf_evidence
Transformation\Coke ovens,21,AUS clean slate 28_07.xlsx|BD clean slate 28_07.xlsx|MAS clean slate 28_07.xlsx|MEX clean slate 28_07.xlsx|NZ clean slate 27_07.xlsx|PHL clean slate 28_07.xlsx|PNG clean slate 28_07.xlsx|PRC clean slate 28_07.xlsx|THA clean slate 28_07.xlsx|USA clean slate 28_07.xlsx|VN clean slate 28_07.xlsx|leap_export_template 03_CDA_COMP_GEN.xlsx|leap_export_template 04_CHL_COMP_GEN.xlsx|leap_export_template 06_HKC_COMP_GEN.xlsx|leap_export_template 07_INA_COMP_GEN.xlsx|leap_export_template 08_JPN_COMP_GEN.xlsx|leap_export_template 09_ROK_COMP_GEN.xlsx|leap_export_template 14_PE_COMP_GEN.xlsx|leap_export_template 16_RUS_COMP_GEN.xlsx|leap_export_template 17_SGP_COMP_GEN.xlsx|leap_export_template 18_CT_COMP_GEN.xlsx,False,branch_structure_only
Transformation\Coke ovens\Output Fuels\Coal tar,21,AUS clean slate 28_07.xlsx|BD clean slate 28_07.xlsx|MAS clean slate 28_07.xlsx|MEX clean slate 28_07.xlsx|NZ clean slate 27_07.xlsx|PHL clean slate 28_07.xlsx|PNG clean slate 28_07.xlsx|PRC clean slate 28_07.xlsx|THA clean slate 28_07.xlsx|USA clean slate 28_07.xlsx|VN clean slate 28_07.xlsx|leap_export_template 03_CDA_COMP_GEN.xlsx|leap_export_template 04_CHL_COMP_GEN.xlsx|leap_export_template 06_HKC_COMP_GEN.xlsx|leap_export_template 07_INA_COMP_GEN.xlsx|leap_export_template 08_JPN_COMP_GEN.xlsx|leap_export_template 09_ROK_COMP_GEN.xlsx|leap_export_template 14_PE_COMP_GEN.xlsx|leap_export_template 16_RUS_COMP_GEN.xlsx|leap_export_template 17_SGP_COMP_GEN.xlsx|leap_export_template 18_CT_COMP_GEN.xlsx,True,explicit_transformation_fuel_leaf_evidence
Transformation\Coke ovens\Output Fuels\Coke oven coke,21,AUS clean slate 28_07.xlsx|BD clean slate 28_07.xlsx|MAS clean slate 28_07.xlsx|MEX clean slate 28_07.xlsx|NZ clean slate 27_07.xlsx|PHL clean slate 28_07.xlsx|PNG clean slate 28_07.xlsx|PRC clean slate 28_07.xlsx|THA clean slate 28_07.xlsx|USA clean slate 28_07.xlsx|VN clean slate 28_07.xlsx|leap_export_template 03_CDA_COMP_GEN.xlsx|leap_export_template 04_CHL_COMP_GEN.xlsx|leap_export_template 06_HKC_COMP_GEN.xlsx|leap_export_template 07_INA_COMP_GEN.xlsx|leap_export_template 08_JPN_COMP_GEN.xlsx|leap_export_template 09_ROK_COMP_GEN.xlsx|leap_export_template 14_PE_COMP_GEN.xlsx|leap_export_template 16_RUS_COMP_GEN.xlsx|leap_export_template 17_SGP_COMP_GEN.xlsx|leap_export_template 18_CT_COMP_GEN.xlsx,True,explicit_transformation_fuel_leaf_evidence
Transformation\Coke ovens\Output Fuels\Coke oven gas,21,AUS clean slate 28_07.xlsx|BD clean slate 28_07.xlsx|MAS clean slate 28_07.xlsx|MEX clean slate 28_07.xlsx|NZ clean slate 27_07.xlsx|PHL clean slate 28_07.xlsx|PNG clean slate 28_07.xlsx|PRC clean slate 28_07.xlsx|THA clean slate 28_07.xlsx|USA clean slate 28_07.xlsx|VN clean slate 28_07.xlsx|leap_export_template 03_CDA_COMP_GEN.xlsx|leap_export_template 04_CHL_COMP_GEN.xlsx|leap_export_template 06_HKC_COMP_GEN.xlsx|leap_export_template 07_INA_COMP_GEN.xlsx|leap_export_template 08_JPN_COMP_GEN.xlsx|leap_export_template 09_ROK_COMP_GEN.xlsx|leap_export_template 14_PE_COMP_GEN.xlsx|leap_export_template 16_RUS_COMP_GEN.xlsx|leap_export_template 17_SGP_COMP_GEN.xlsx|leap_export_template 18_CT_COMP_GEN.xlsx,True,explicit_transformation_fuel_leaf_evidence
Transformation\Coke ovens\Processes\Coke ovens,21,AUS clean slate 28_07.xlsx|BD clean slate 28_07.xlsx|MAS clean slate 28_07.xlsx|MEX clean slate 28_07.xlsx|NZ clean slate 27_07.xlsx|PHL clean slate 28_07.xlsx|PNG clean slate 28_07.xlsx|PRC clean slate 28_07.xlsx|THA clean slate 28_07.xlsx|USA clean slate 28_07.xlsx|VN clean slate 28_07.xlsx|leap_export_template 03_CDA_COMP_GEN.xlsx|leap_export_template 04_CHL_COMP_GEN.xlsx|leap_export_template 06_HKC_COMP_GEN.xlsx|leap_export_template 07_INA_COMP_GEN.xlsx|leap_export_template 08_JPN_COMP_GEN.xlsx|leap_export_template 09_ROK_COMP_GEN.xlsx|leap_export_template 14_PE_COMP_GEN.xlsx|leap_export_template 16_RUS_COMP_GEN.xlsx|leap_export_template 17_SGP_COMP_GEN.xlsx|leap_export_template 18_CT_COMP_GEN.xlsx,False,branch_structure_only
Transformation\Coke ovens\Processes\Coke ovens\Auxiliary Fuels\BKB and PB,21,AUS clean slate 28_07.xlsx|BD clean slate 28_07.xlsx|MAS clean slate 28_07.xlsx|MEX clean slate 28_07.xlsx|NZ clean slate 27_07.xlsx|PHL clean slate 28_07.xlsx|PNG clean slate 28_07.xlsx|PRC clean slate 28_07.xlsx|THA clean slate 28_07.xlsx|USA clean slate 28_07.xlsx|VN clean slate 28_07.xlsx|leap_export_template 03_CDA_COMP_GEN.xlsx|leap_export_template 04_CHL_COMP_GEN.xlsx|leap_export_template 06_HKC_COMP_GEN.xlsx|leap_export_template 07_INA_COMP_GEN.xlsx|leap_export_template 08_JPN_COMP_GEN.xlsx|leap_export_template 09_ROK_COMP_GEN.xlsx|leap_export_template 14_PE_COMP_GEN.xlsx|leap_export_template 16_RUS_COMP_GEN.xlsx|leap_export_template 17_SGP_COMP_GEN.xlsx|leap_export_template 18_CT_COMP_GEN.xlsx,True,explicit_transformation_fuel_leaf_evidence
Transformation\Coke ovens\Processes\Coke ovens\Auxiliary Fuels\Blast furnace gas,21,AUS clean slate 28_07.xlsx|BD clean slate 28_07.xlsx|MAS clean slate 28_07.xlsx|MEX clean slate 28_07.xlsx|NZ clean slate 27_07.xlsx|PHL clean slate 28_07.xlsx|PNG clean slate 28_07.xlsx|PRC clean slate 28_07.xlsx|THA clean slate 28_07.xlsx|USA clean slate 28_07.xlsx|VN clean slate 28_07.xlsx|leap_export_template 03_CDA_COMP_GEN.xlsx|leap_export_template 04_CHL_COMP_GEN.xlsx|leap_export_template 06_HKC_COMP_GEN.xlsx|leap_export_template 07_INA_COMP_GEN.xlsx|leap_export_template 08_JPN_COMP_GEN.xlsx|leap_export_template 09_ROK_COMP_GEN.xlsx|leap_export_template 14_PE_COMP_GEN.xlsx|leap_export_template 16_RUS_COMP_GEN.xlsx|leap_export_template 17_SGP_COMP_GEN.xlsx|leap_export_template 18_CT_COMP_GEN.xlsx,True,explicit_transformation_fuel_leaf_evidence
Transformation\Coke ovens\Processes\Coke ovens\Auxiliary Fuels\Coke oven coke,21,AUS clean slate 28_07.xlsx|BD clean slate 28_07.xlsx|MAS clean slate 28_07.xlsx|MEX clean slate 28_07.xlsx|NZ clean slate 27_07.xlsx|PHL clean slate 28_07.xlsx|PNG clean slate 28_07.xlsx|PRC clean slate 28_07.xlsx|THA clean slate 28_07.xlsx|USA clean slate 28_07.xlsx|VN clean slate 28_07.xlsx|leap_export_template 03_CDA_COMP_GEN.xlsx|leap_export_template 04_CHL_COMP_GEN.xlsx|leap_export_template 06_HKC_COMP_GEN.xlsx|leap_export_template 07_INA_COMP_GEN.xlsx|leap_export_template 08_JPN_COMP_GEN.xlsx|leap_export_template 09_ROK_COMP_GEN.xlsx|leap_export_template 14_PE_COMP_GEN.xlsx|leap_export_template 16_RUS_COMP_GEN.xlsx|leap_export_template 17_SGP_COMP_GEN.xlsx|leap_export_template 18_CT_COMP_GEN.xlsx,True,explicit_transformation_fuel_leaf_evidence
Transformation\Coke ovens\Processes\Coke ovens\Auxiliary Fuels\Coke oven gas,21,AUS clean slate 28_07.xlsx|BD clean slate 28_07.xlsx|MAS clean slate 28_07.xlsx|MEX clean slate 28_07.xlsx|NZ clean slate 27_07.xlsx|PHL clean slate 28_07.xlsx|PNG clean slate 28_07.xlsx|PRC clean slate 28_07.xlsx|THA clean slate 28_07.xlsx|USA clean slate 28_07.xlsx|VN clean slate 28_07.xlsx|leap_export_template 03_CDA_COMP_GEN.xlsx|leap_export_template 04_CHL_COMP_GEN.xlsx|leap_export_template 06_HKC_COMP_GEN.xlsx|leap_export_template 07_INA_COMP_GEN.xlsx|leap_export_template 08_JPN_COMP_GEN.xlsx|leap_export_template 09_ROK_COMP_GEN.xlsx|leap_export_template 14_PE_COMP_GEN.xlsx|leap_export_template 16_RUS_COMP_GEN.xlsx|leap_export_template 17_SGP_COMP_GEN.xlsx|leap_export_template 18_CT_COMP_GEN.xlsx,True,explicit_transformation_fuel_leaf_evidence
Transformation\Coke ovens\Processes\Coke ovens\Auxiliary Fuels\Coking coal,21,AUS clean slate 28_07.xlsx|BD clean slate 28_07.xlsx|MAS clean slate 28_07.xlsx|MEX clean slate 28_07.xlsx|NZ clean slate 27_07.xlsx|PHL clean slate 28_07.xlsx|PNG clean slate 28_07.xlsx|PRC clean slate 28_07.xlsx|THA clean slate 28_07.xlsx|USA clean slate 28_07.xlsx|VN clean slate 28_07.xlsx|leap_export_template 03_CDA_COMP_GEN.xlsx|leap_export_template 04_CHL_COMP_GEN.xlsx|leap_export_template 06_HKC_COMP_GEN.xlsx|leap_export_template 07_INA_COMP_GEN.xlsx|leap_export_template 08_JPN_COMP_GEN.xlsx|leap_export_template 09_ROK_COMP_GEN.xlsx|leap_export_template 14_PE_COMP_GEN.xlsx|leap_export_template 16_RUS_COMP_GEN.xlsx|leap_export_template 17_SGP_COMP_GEN.xlsx|leap_export_template 18_CT_COMP_GEN.xlsx,True,explicit_transformation_fuel_leaf_evidence
Transformation\Coke ovens\Processes\Coke ovens\Auxiliary Fuels\Electricity,21,AUS clean slate 28_07.xlsx|BD clean slate 28_07.xlsx|MAS clean slate 28_07.xlsx|MEX clean slate 28_07.xlsx|NZ clean slate 27_07.xlsx|PHL clean slate 28_07.xlsx|PNG clean slate 28_07.xlsx|PRC clean slate 28_07.xlsx|THA clean slate 28_07.xlsx|USA clean slate 28_07.xlsx|VN clean slate 28_07.xlsx|leap_export_template 03_CDA_COMP_GEN.xlsx|leap_export_template 04_CHL_COMP_GEN.xlsx|leap_export_template 06_HKC_COMP_GEN.xlsx|leap_export_template 07_INA_COMP_GEN.xlsx|leap_export_template 08_JPN_COMP_GEN.xlsx|leap_export_template 09_ROK_COMP_GEN.xlsx|leap_export_template 14_PE_COMP_GEN.xlsx|leap_export_template 16_RUS_COMP_GEN.xlsx|leap_export_template 17_SGP_COMP_GEN.xlsx|leap_export_template 18_CT_COMP_GEN.xlsx,True,explicit_transformation_fuel_leaf_evidence
Transformation\Coke ovens\Processes\Coke ovens\Auxiliary Fuels\Fuel oil,21,AUS clean slate 28_07.xlsx|BD clean slate 28_07.xlsx|MAS clean slate 28_07.xlsx|MEX clean slate 28_07.xlsx|NZ clean slate 27_07.xlsx|PHL clean slate 28_07.xlsx|PNG clean slate 28_07.xlsx|PRC clean slate 28_07.xlsx|THA clean slate 28_07.xlsx|USA clean slate 28_07.xlsx|VN clean slate 28_07.xlsx|leap_export_template 03_CDA_COMP_GEN.xlsx|leap_export_template 04_CHL_COMP_GEN.xlsx|leap_export_template 06_HKC_COMP_GEN.xlsx|leap_export_template 07_INA_COMP_GEN.xlsx|leap_export_template 08_JPN_COMP_GEN.xlsx|leap_export_template 09_ROK_COMP_GEN.xlsx|leap_export_template 14_PE_COMP_GEN.xlsx|leap_export_template 16_RUS_COMP_GEN.xlsx|leap_export_template 17_SGP_COMP_GEN.xlsx|leap_export_template 18_CT_COMP_GEN.xlsx,True,explicit_transformation_fuel_leaf_evidence
Transformation\Coke ovens\Processes\Coke ovens\Auxiliary Fuels\Gas and diesel oil,21,AUS clean slate 28_07.xlsx|BD clean slate 28_07.xlsx|MAS clean slate 28_07.xlsx|MEX clean slate 28_07.xlsx|NZ clean slate 27_07.xlsx|PHL clean slate 28_07.xlsx|PNG clean slate 28_07.xlsx|PRC clean slate 28_07.xlsx|THA clean slate 28_07.xlsx|USA clean slate 28_07.xlsx|VN clean slate 28_07.xlsx|leap_export_template 03_CDA_COMP_GEN.xlsx|leap_export_template 04_CHL_COMP_GEN.xlsx|leap_export_template 06_HKC_COMP_GEN.xlsx|leap_export_template 07_INA_COMP_GEN.xlsx|leap_export_template 08_JPN_COMP_GEN.xlsx|leap_export_template 09_ROK_COMP_GEN.xlsx|leap_export_template 14_PE_COMP_GEN.xlsx|leap_export_template 16_RUS_COMP_GEN.xlsx|leap_export_template 17_SGP_COMP_GEN.xlsx|leap_export_template 18_CT_COMP_GEN.xlsx,True,explicit_transformation_fuel_leaf_evidence
Transformation\Coke ovens\Processes\Coke ovens\Auxiliary Fuels\Gas works gas,21,AUS clean slate 28_07.xlsx|BD clean slate 28_07.xlsx|MAS clean slate 28_07.xlsx|MEX clean slate 28_07.xlsx|NZ clean slate 27_07.xlsx|PHL clean slate 28_07.xlsx|PNG clean slate 28_07.xlsx|PRC clean slate 28_07.xlsx|THA clean slate 28_07.xlsx|USA clean slate 28_07.xlsx|VN clean slate 28_07.xlsx|leap_export_template 03_CDA_COMP_GEN.xlsx|leap_export_template 04_CHL_COMP_GEN.xlsx|leap_export_template 06_HKC_COMP_GEN.xlsx|leap_export_template 07_INA_COMP_GEN.xlsx|leap_export_template 08_JPN_COMP_GEN.xlsx|leap_export_template 09_ROK_COMP_GEN.xlsx|leap_export_template 14_PE_COMP_GEN.xlsx|leap_export_template 16_RUS_COMP_GEN.xlsx|leap_export_template 17_SGP_COMP_GEN.xlsx|leap_export_template 18_CT_COMP_GEN.xlsx,True,explicit_transformation_fuel_leaf_evidence
Transformation\Coke ovens\Processes\Coke ovens\Auxiliary Fuels\Kerosene,21,AUS clean slate 28_07.xlsx|BD clean slate 28_07.xlsx|MAS clean slate 28_07.xlsx|MEX clean slate 28_07.xlsx|NZ clean slate 27_07.xlsx|PHL clean slate 28_07.xlsx|PNG clean slate 28_07.xlsx|PRC clean slate 28_07.xlsx|THA clean slate 28_07.xlsx|USA clean slate 28_07.xlsx|VN clean slate 28_07.xlsx|leap_export_template 03_CDA_COMP_GEN.xlsx|leap_export_template 04_CHL_COMP_GEN.xlsx|leap_export_template 06_HKC_COMP_GEN.xlsx|leap_export_template 07_INA_COMP_GEN.xlsx|leap_export_template 08_JPN_COMP_GEN.xlsx|leap_export_template 09_ROK_COMP_GEN.xlsx|leap_export_template 14_PE_COMP_GEN.xlsx|leap_export_template 16_RUS_COMP_GEN.xlsx|leap_export_template 17_SGP_COMP_GEN.xlsx|leap_export_template 18_CT_COMP_GEN.xlsx,True,explicit_transformation_fuel_leaf_evidence
Transformation\Coke ovens\Processes\Coke ovens\Auxiliary Fuels\LPG,21,AUS clean slate 28_07.xlsx|BD clean slate 28_07.xlsx|MAS clean slate 28_07.xlsx|MEX clean slate 28_07.xlsx|NZ clean slate 27_07.xlsx|PHL clean slate 28_07.xlsx|PNG clean slate 28_07.xlsx|PRC clean slate 28_07.xlsx|THA clean slate 28_07.xlsx|USA clean slate 28_07.xlsx|VN clean slate 28_07.xlsx|leap_export_template 03_CDA_COMP_GEN.xlsx|leap_export_template 04_CHL_COMP_GEN.xlsx|leap_export_template 06_HKC_COMP_GEN.xlsx|leap_export_template 07_INA_COMP_GEN.xlsx|leap_export_template 08_JPN_COMP_GEN.xlsx|leap_export_template 09_ROK_COMP_GEN.xlsx|leap_export_template 14_PE_COMP_GEN.xlsx|leap_export_template 16_RUS_COMP_GEN.xlsx|leap_export_template 17_SGP_COMP_GEN.xlsx|leap_export_template 18_CT_COMP_GEN.xlsx,True,explicit_transformation_fuel_leaf_evidence
Transformation\Coke ovens\Processes\Coke ovens\Auxiliary Fuels\Natural gas,21,AUS clean slate 28_07.xlsx|BD clean slate 28_07.xlsx|MAS clean slate 28_07.xlsx|MEX clean slate 28_07.xlsx|NZ clean slate 27_07.xlsx|PHL clean slate 28_07.xlsx|PNG clean slate 28_07.xlsx|PRC clean slate 28_07.xlsx|THA clean slate 28_07.xlsx|USA clean slate 28_07.xlsx|VN clean slate 28_07.xlsx|leap_export_template 03_CDA_COMP_GEN.xlsx|leap_export_template 04_CHL_COMP_GEN.xlsx|leap_export_template 06_HKC_COMP_GEN.xlsx|leap_export_template 07_INA_COMP_GEN.xlsx|leap_export_template 08_JPN_COMP_GEN.xlsx|leap_export_template 09_ROK_COMP_GEN.xlsx|leap_export_template 14_PE_COMP_GEN.xlsx|leap_export_template 16_RUS_COMP_GEN.xlsx|leap_export_template 17_SGP_COMP_GEN.xlsx|leap_export_template 18_CT_COMP_GEN.xlsx,True,explicit_transformation_fuel_leaf_evidence
Transformation\Coke ovens\Processes\Coke ovens\Auxiliary Fuels\Other bituminous coal,21,AUS clean slate 28_07.xlsx|BD clean slate 28_07.xlsx|MAS clean slate 28_07.xlsx|MEX clean slate 28_07.xlsx|NZ clean slate 27_07.xlsx|PHL clean slate 28_07.xlsx|PNG clean slate 28_07.xlsx|PRC clean slate 28_07.xlsx|THA clean slate 28_07.xlsx|USA clean slate 28_07.xlsx|VN clean slate 28_07.xlsx|leap_export_template 03_CDA_COMP_GEN.xlsx|leap_export_template 04_CHL_COMP_GEN.xlsx|leap_export_template 06_HKC_COMP_GEN.xlsx|leap_export_template 07_INA_COMP_GEN.xlsx|leap_export_template 08_JPN_COMP_GEN.xlsx|leap_export_template 09_ROK_COMP_GEN.xlsx|leap_export_template 14_PE_COMP_GEN.xlsx|leap_export_template 16_RUS_COMP_GEN.xlsx|leap_export_template 17_SGP_COMP_GEN.xlsx|leap_export_template 18_CT_COMP_GEN.xlsx,True,explicit_transformation_fuel_leaf_evidence
Transformation\Coke ovens\Processes\Coke ovens\Auxiliary Fuels\Other recovered gases,21,AUS clean slate 28_07.xlsx|BD clean slate 28_07.xlsx|MAS clean slate 28_07.xlsx|MEX clean slate 28_07.xlsx|NZ clean slate 27_07.xlsx|PHL clean slate 28_07.xlsx|PNG clean slate 28_07.xlsx|PRC clean slate 28_07.xlsx|THA clean slate 28_07.xlsx|USA clean slate 28_07.xlsx|VN clean slate 28_07.xlsx|leap_export_template 03_CDA_COMP_GEN.xlsx|leap_export_template 04_CHL_COMP_GEN.xlsx|leap_export_template 06_HKC_COMP_GEN.xlsx|leap_export_template 07_INA_COMP_GEN.xlsx|leap_export_template 08_JPN_COMP_GEN.xlsx|leap_export_template 09_ROK_COMP_GEN.xlsx|leap_export_template 14_PE_COMP_GEN.xlsx|leap_export_template 16_RUS_COMP_GEN.xlsx|leap_export_template 17_SGP_COMP_GEN.xlsx|leap_export_template 18_CT_COMP_GEN.xlsx,True,explicit_transformation_fuel_leaf_evidence
Transformation\Coke ovens\Processes\Coke ovens\Feedstock Fuels\Anthracite,21,AUS clean slate 28_07.xlsx|BD clean slate 28_07.xlsx|MAS clean slate 28_07.xlsx|MEX clean slate 28_07.xlsx|NZ clean slate 27_07.xlsx|PHL clean slate 28_07.xlsx|PNG clean slate 28_07.xlsx|PRC clean slate 28_07.xlsx|THA clean slate 28_07.xlsx|USA clean slate 28_07.xlsx|VN clean slate 28_07.xlsx|leap_export_template 03_CDA_COMP_GEN.xlsx|leap_export_template 04_CHL_COMP_GEN.xlsx|leap_export_template 06_HKC_COMP_GEN.xlsx|leap_export_template 07_INA_COMP_GEN.xlsx|leap_export_template 08_JPN_COMP_GEN.xlsx|leap_export_template 09_ROK_COMP_GEN.xlsx|leap_export_template 14_PE_COMP_GEN.xlsx|leap_export_template 16_RUS_COMP_GEN.xlsx|leap_export_template 17_SGP_COMP_GEN.xlsx|leap_export_template 18_CT_COMP_GEN.xlsx,True,explicit_transformation_fuel_leaf_evidence
Transformation\Coke ovens\Processes\Coke ovens\Feedstock Fuels\Coking coal,21,AUS clean slate 28_07.xlsx|BD clean slate 28_07.xlsx|MAS clean slate 28_07.xlsx|MEX clean slate 28_07.xlsx|NZ clean slate 27_07.xlsx|PHL clean slate 28_07.xlsx|PNG clean slate 28_07.xlsx|PRC clean slate 28_07.xlsx|THA clean slate 28_07.xlsx|USA clean slate 28_07.xlsx|VN clean slate 28_07.xlsx|leap_export_template 03_CDA_COMP_GEN.xlsx|leap_export_template 04_CHL_COMP_GEN.xlsx|leap_export_template 06_HKC_COMP_GEN.xlsx|leap_export_template 07_INA_COMP_GEN.xlsx|leap_export_template 08_JPN_COMP_GEN.xlsx|leap_export_template 09_ROK_COMP_GEN.xlsx|leap_export_template 14_PE_COMP_GEN.xlsx|leap_export_template 16_RUS_COMP_GEN.xlsx|leap_export_template 17_SGP_COMP_GEN.xlsx|leap_export_template 18_CT_COMP_GEN.xlsx,True,explicit_transformation_fuel_leaf_evidence
Transformation\Coke ovens\Processes\Coke ovens\Feedstock Fuels\Industrial waste,21,AUS clean slate 28_07.xlsx|BD clean slate 28_07.xlsx|MAS clean slate 28_07.xlsx|MEX clean slate 28_07.xlsx|NZ clean slate 27_07.xlsx|PHL clean slate 28_07.xlsx|PNG clean slate 28_07.xlsx|PRC clean slate 28_07.xlsx|THA clean slate 28_07.xlsx|USA clean slate 28_07.xlsx|VN clean slate 28_07.xlsx|leap_export_template 03_CDA_COMP_GEN.xlsx|leap_export_template 04_CHL_COMP_GEN.xlsx|leap_export_template 06_HKC_COMP_GEN.xlsx|leap_export_template 07_INA_COMP_GEN.xlsx|leap_export_template 08_JPN_COMP_GEN.xlsx|leap_export_template 09_ROK_COMP_GEN.xlsx|leap_export_template 14_PE_COMP_GEN.xlsx|leap_export_template 16_RUS_COMP_GEN.xlsx|leap_export_template 17_SGP_COMP_GEN.xlsx|leap_export_template 18_CT_COMP_GEN.xlsx,True,explicit_transformation_fuel_leaf_evidence
Transformation\Coke ovens\Processes\Coke ovens\Feedstock Fuels\Natural gas,21,AUS clean slate 28_07.xlsx|BD clean slate 28_07.xlsx|MAS clean slate 28_07.xlsx|MEX clean slate 28_07.xlsx|NZ clean slate 27_07.xlsx|PHL clean slate 28_07.xlsx|PNG clean slate 28_07.xlsx|PRC clean slate 28_07.xlsx|THA clean slate 28_07.xlsx|USA clean slate 28_07.xlsx|VN clean slate 28_07.xlsx|leap_export_template 03_CDA_COMP_GEN.xlsx|leap_export_template 04_CHL_COMP_GEN.xlsx|leap_export_template 06_HKC_COMP_GEN.xlsx|leap_export_template 07_INA_COMP_GEN.xlsx|leap_export_template 08_JPN_COMP_GEN.xlsx|leap_export_template 09_ROK_COMP_GEN.xlsx|leap_export_template 14_PE_COMP_GEN.xlsx|leap_export_template 16_RUS_COMP_GEN.xlsx|leap_export_template 17_SGP_COMP_GEN.xlsx|leap_export_template 18_CT_COMP_GEN.xlsx,True,explicit_transformation_fuel_leaf_evidence
Transformation\Coke ovens\Processes\Coke ovens\Feedstock Fuels\Other bituminous coal,21,AUS clean slate 28_07.xlsx|BD clean slate 28_07.xlsx|MAS clean slate 28_07.xlsx|MEX clean slate 28_07.xlsx|NZ clean slate 27_07.xlsx|PHL clean slate 28_07.xlsx|PNG clean slate 28_07.xlsx|PRC clean slate 28_07.xlsx|THA clean slate 28_07.xlsx|USA clean slate 28_07.xlsx|VN clean slate 28_07.xlsx|leap_export_template 03_CDA_COMP_GEN.xlsx|leap_export_template 04_CHL_COMP_GEN.xlsx|leap_export_template 06_HKC_COMP_GEN.xlsx|leap_export_template 07_INA_COMP_GEN.xlsx|leap_export_template 08_JPN_COMP_GEN.xlsx|leap_export_template 09_ROK_COMP_GEN.xlsx|leap_export_template 14_PE_COMP_GEN.xlsx|leap_export_template 16_RUS_COMP_GEN.xlsx|leap_export_template 17_SGP_COMP_GEN.xlsx|leap_export_template 18_CT_COMP_GEN.xlsx,True,explicit_transformation_fuel_leaf_evidence
Transformation\Coke ovens\Processes\Coke ovens\Feedstock Fuels\Other products,21,AUS clean slate 28_07.xlsx|BD clean slate 28_07.xlsx|MAS clean slate 28_07.xlsx|MEX clean slate 28_07.xlsx|NZ clean slate 27_07.xlsx|PHL clean slate 28_07.xlsx|PNG clean slate 28_07.xlsx|PRC clean slate 28_07.xlsx|THA clean slate 28_07.xlsx|USA clean slate 28_07.xlsx|VN clean slate 28_07.xlsx|leap_export_template 03_CDA_COMP_GEN.xlsx|leap_export_template 04_CHL_COMP_GEN.xlsx|leap_export_template 06_HKC_COMP_GEN.xlsx|leap_export_template 07_INA_COMP_GEN.xlsx|leap_export_template 08_JPN_COMP_GEN.xlsx|leap_export_template 09_ROK_COMP_GEN.xlsx|leap_export_template 14_PE_COMP_GEN.xlsx|leap_export_template 16_RUS_COMP_GEN.xlsx|leap_export_template 17_SGP_COMP_GEN.xlsx|leap_export_template 18_CT_COMP_GEN.xlsx,True,explicit_transformation_fuel_leaf_evidence
Transformation\Coke ovens\Processes\Coke ovens\Feedstock Fuels\Petroleum coke,21,AUS clean slate 28_07.xlsx|BD clean slate 28_07.xlsx|MAS clean slate 28_07.xlsx|MEX clean slate 28_07.xlsx|NZ clean slate 27_07.xlsx|PHL clean slate 28_07.xlsx|PNG clean slate 28_07.xlsx|PRC clean slate 28_07.xlsx|THA clean slate 28_07.xlsx|USA clean slate 28_07.xlsx|VN clean slate 28_07.xlsx|leap_export_template 03_CDA_COMP_GEN.xlsx|leap_export_template 04_CHL_COMP_GEN.xlsx|leap_export_template 06_HKC_COMP_GEN.xlsx|leap_export_template 07_INA_COMP_GEN.xlsx|leap_export_template 08_JPN_COMP_GEN.xlsx|leap_export_template 09_ROK_COMP_GEN.xlsx|leap_export_template 14_PE_COMP_GEN.xlsx|leap_export_template 16_RUS_COMP_GEN.xlsx|leap_export_template 17_SGP_COMP_GEN.xlsx|leap_export_template 18_CT_COMP_GEN.xlsx,True,explicit_transformation_fuel_leaf_evidence
Transformation\Coke ovens\Processes\Coke ovens\Feedstock Fuels\Sub bituminous coal,21,AUS clean slate 28_07.xlsx|BD clean slate 28_07.xlsx|MAS clean slate 28_07.xlsx|MEX clean slate 28_07.xlsx|NZ clean slate 27_07.xlsx|PHL clean slate 28_07.xlsx|PNG clean slate 28_07.xlsx|PRC clean slate 28_07.xlsx|THA clean slate 28_07.xlsx|USA clean slate 28_07.xlsx|VN clean slate 28_07.xlsx|leap_export_template 03_CDA_COMP_GEN.xlsx|leap_export_template 04_CHL_COMP_GEN.xlsx|leap_export_template 06_HKC_COMP_GEN.xlsx|leap_export_template 07_INA_COMP_GEN.xlsx|leap_export_template 08_JPN_COMP_GEN.xlsx|leap_export_template 09_ROK_COMP_GEN.xlsx|leap_export_template 14_PE_COMP_GEN.xlsx|leap_export_template 16_RUS_COMP_GEN.xlsx|leap_export_template 17_SGP_COMP_GEN.xlsx|leap_export_template 18_CT_COMP_GEN.xlsx,True,explicit_transformation_fuel_leaf_evidence
Transformation\Electric boilers,21,AUS clean slate 28_07.xlsx|BD clean slate 28_07.xlsx|MAS clean slate 28_07.xlsx|MEX clean slate 28_07.xlsx|NZ clean slate 27_07.xlsx|PHL clean slate 28_07.xlsx|PNG clean slate 28_07.xlsx|PRC clean slate 28_07.xlsx|THA clean slate 28_07.xlsx|USA clean slate 28_07.xlsx|VN clean slate 28_07.xlsx|leap_export_template 03_CDA_COMP_GEN.xlsx|leap_export_template 04_CHL_COMP_GEN.xlsx|leap_export_template 06_HKC_COMP_GEN.xlsx|leap_export_template 07_INA_COMP_GEN.xlsx|leap_export_template 08_JPN_COMP_GEN.xlsx|leap_export_template 09_ROK_COMP_GEN.xlsx|leap_export_template 14_PE_COMP_GEN.xlsx|leap_export_template 16_RUS_COMP_GEN.xlsx|leap_export_template 17_SGP_COMP_GEN.xlsx|leap_export_template 18_CT_COMP_GEN.xlsx,False,branch_structure_only
Transformation\Electric boilers\Output Fuels\Heat,21,AUS clean slate 28_07.xlsx|BD clean slate 28_07.xlsx|MAS clean slate 28_07.xlsx|MEX clean slate 28_07.xlsx|NZ clean slate 27_07.xlsx|PHL clean slate 28_07.xlsx|PNG clean slate 28_07.xlsx|PRC clean slate 28_07.xlsx|THA clean slate 28_07.xlsx|USA clean slate 28_07.xlsx|VN clean slate 28_07.xlsx|leap_export_template 03_CDA_COMP_GEN.xlsx|leap_export_template 04_CHL_COMP_GEN.xlsx|leap_export_template 06_HKC_COMP_GEN.xlsx|leap_export_template 07_INA_COMP_GEN.xlsx|leap_export_template 08_JPN_COMP_GEN.xlsx|leap_export_template 09_ROK_COMP_GEN.xlsx|leap_export_template 14_PE_COMP_GEN.xlsx|leap_export_template 16_RUS_COMP_GEN.xlsx|leap_export_template 17_SGP_COMP_GEN.xlsx|leap_export_template 18_CT_COMP_GEN.xlsx,True,explicit_transformation_fuel_leaf_evidence
Transformation\Electric boilers\Processes\Electric boilers,21,AUS clean slate 28_07.xlsx|BD clean slate 28_07.xlsx|MAS clean slate 28_07.xlsx|MEX clean slate 28_07.xlsx|NZ clean slate 27_07.xlsx|PHL clean slate 28_07.xlsx|PNG clean slate 28_07.xlsx|PRC clean slate 28_07.xlsx|THA clean slate 28_07.xlsx|USA clean slate 28_07.xlsx|VN clean slate 28_07.xlsx|leap_export_template 03_CDA_COMP_GEN.xlsx|leap_export_template 04_CHL_COMP_GEN.xlsx|leap_export_template 06_HKC_COMP_GEN.xlsx|leap_export_template 07_INA_COMP_GEN.xlsx|leap_export_template 08_JPN_COMP_GEN.xlsx|leap_export_template 09_ROK_COMP_GEN.xlsx|leap_export_template 14_PE_COMP_GEN.xlsx|leap_export_template 16_RUS_COMP_GEN.xlsx|leap_export_template 17_SGP_COMP_GEN.xlsx|leap_export_template 18_CT_COMP_GEN.xlsx,False,branch_structure_only
Transformation\Electric boilers\Processes\Electric boilers\Feedstock Fuels\Electricity,21,AUS clean slate 28_07.xlsx|BD clean slate 28_07.xlsx|MAS clean slate 28_07.xlsx|MEX clean slate 28_07.xlsx|NZ clean slate 27_07.xlsx|PHL clean slate 28_07.xlsx|PNG clean slate 28_07.xlsx|PRC clean slate 28_07.xlsx|THA clean slate 28_07.xlsx|USA clean slate 28_07.xlsx|VN clean slate 28_07.xlsx|leap_export_template 03_CDA_COMP_GEN.xlsx|leap_export_template 04_CHL_COMP_GEN.xlsx|leap_export_template 06_HKC_COMP_GEN.xlsx|leap_export_template 07_INA_COMP_GEN.xlsx|leap_export_template 08_JPN_COMP_GEN.xlsx|leap_export_template 09_ROK_COMP_GEN.xlsx|leap_export_template 14_PE_COMP_GEN.xlsx|leap_export_template 16_RUS_COMP_GEN.xlsx|leap_export_template 17_SGP_COMP_GEN.xlsx|leap_export_template 18_CT_COMP_GEN.xlsx,True,explicit_transformation_fuel_leaf_evidence
Transformation\Electricity interim,21,AUS clean slate 28_07.xlsx|BD clean slate 28_07.xlsx|MAS clean slate 28_07.xlsx|MEX clean slate 28_07.xlsx|NZ clean slate 27_07.xlsx|PHL clean slate 28_07.xlsx|PNG clean slate 28_07.xlsx|PRC clean slate 28_07.xlsx|THA clean slate 28_07.xlsx|USA clean slate 28_07.xlsx|VN clean slate 28_07.xlsx|leap_export_template 03_CDA_COMP_GEN.xlsx|leap_export_template 04_CHL_COMP_GEN.xlsx|leap_export_template 06_HKC_COMP_GEN.xlsx|leap_export_template 07_INA_COMP_GEN.xlsx|leap_export_template 08_JPN_COMP_GEN.xlsx|leap_export_template 09_ROK_COMP_GEN.xlsx|leap_export_template 14_PE_COMP_GEN.xlsx|leap_export_template 16_RUS_COMP_GEN.xlsx|leap_export_template 17_SGP_COMP_GEN.xlsx|leap_export_template 18_CT_COMP_GEN.xlsx,False,branch_structure_only
Transformation\Electricity interim\Output Fuels\Electricity,21,AUS clean slate 28_07.xlsx|BD clean slate 28_07.xlsx|MAS clean slate 28_07.xlsx|MEX clean slate 28_07.xlsx|NZ clean slate 27_07.xlsx|PHL clean slate 28_07.xlsx|PNG clean slate 28_07.xlsx|PRC clean slate 28_07.xlsx|THA clean slate 28_07.xlsx|USA clean slate 28_07.xlsx|VN clean slate 28_07.xlsx|leap_export_template 03_CDA_COMP_GEN.xlsx|leap_export_template 04_CHL_COMP_GEN.xlsx|leap_export_template 06_HKC_COMP_GEN.xlsx|leap_export_template 07_INA_COMP_GEN.xlsx|leap_export_template 08_JPN_COMP_GEN.xlsx|leap_export_template 09_ROK_COMP_GEN.xlsx|leap_export_template 14_PE_COMP_GEN.xlsx|leap_export_template 16_RUS_COMP_GEN.xlsx|leap_export_template 17_SGP_COMP_GEN.xlsx|leap_export_template 18_CT_COMP_GEN.xlsx,True,explicit_transformation_fuel_leaf_evidence
Transformation\Electricity interim\Processes\Electricity interim,21,AUS clean slate 28_07.xlsx|BD clean slate 28_07.xlsx|MAS clean slate 28_07.xlsx|MEX clean slate 28_07.xlsx|NZ clean slate 27_07.xlsx|PHL clean slate 28_07.xlsx|PNG clean slate 28_07.xlsx|PRC clean slate 28_07.xlsx|THA clean slate 28_07.xlsx|USA clean slate 28_07.xlsx|VN clean slate 28_07.xlsx|leap_export_template 03_CDA_COMP_GEN.xlsx|leap_export_template 04_CHL_COMP_GEN.xlsx|leap_export_template 06_HKC_COMP_GEN.xlsx|leap_export_template 07_INA_COMP_GEN.xlsx|leap_export_template 08_JPN_COMP_GEN.xlsx|leap_export_template 09_ROK_COMP_GEN.xlsx|leap_export_template 14_PE_COMP_GEN.xlsx|leap_export_template 16_RUS_COMP_GEN.xlsx|leap_export_template 17_SGP_COMP_GEN.xlsx|leap_export_template 18_CT_COMP_GEN.xlsx,False,branch_structure_only
Transformation\Electricity interim\Processes\Electricity interim\Feedstock Fuels\Ammonia,21,AUS clean slate 28_07.xlsx|BD clean slate 28_07.xlsx|MAS clean slate 28_07.xlsx|MEX clean slate 28_07.xlsx|NZ clean slate 27_07.xlsx|PHL clean slate 28_07.xlsx|PNG clean slate 28_07.xlsx|PRC clean slate 28_07.xlsx|THA clean slate 28_07.xlsx|USA clean slate 28_07.xlsx|VN clean slate 28_07.xlsx|leap_export_template 03_CDA_COMP_GEN.xlsx|leap_export_template 04_CHL_COMP_GEN.xlsx|leap_export_template 06_HKC_COMP_GEN.xlsx|leap_export_template 07_INA_COMP_GEN.xlsx|leap_export_template 08_JPN_COMP_GEN.xlsx|leap_export_template 09_ROK_COMP_GEN.xlsx|leap_export_template 14_PE_COMP_GEN.xlsx|leap_export_template 16_RUS_COMP_GEN.xlsx|leap_export_template 17_SGP_COMP_GEN.xlsx|leap_export_template 18_CT_COMP_GEN.xlsx,True,explicit_transformation_fuel_leaf_evidence
Transformation\Electricity interim\Processes\Electricity interim\Feedstock Fuels\Anthracite,21,AUS clean slate 28_07.xlsx|BD clean slate 28_07.xlsx|MAS clean slate 28_07.xlsx|MEX clean slate 28_07.xlsx|NZ clean slate 27_07.xlsx|PHL clean slate 28_07.xlsx|PNG clean slate 28_07.xlsx|PRC clean slate 28_07.xlsx|THA clean slate 28_07.xlsx|USA clean slate 28_07.xlsx|VN clean slate 28_07.xlsx|leap_export_template 03_CDA_COMP_GEN.xlsx|leap_export_template 04_CHL_COMP_GEN.xlsx|leap_export_template 06_HKC_COMP_GEN.xlsx|leap_export_template 07_INA_COMP_GEN.xlsx|leap_export_template 08_JPN_COMP_GEN.xlsx|leap_export_template 09_ROK_COMP_GEN.xlsx|leap_export_template 14_PE_COMP_GEN.xlsx|leap_export_template 16_RUS_COMP_GEN.xlsx|leap_export_template 17_SGP_COMP_GEN.xlsx|leap_export_template 18_CT_COMP_GEN.xlsx,True,explicit_transformation_fuel_leaf_evidence
Transformation\Electricity interim\Processes\Electricity interim\Feedstock Fuels\Bagasse,21,AUS clean slate 28_07.xlsx|BD clean slate 28_07.xlsx|MAS clean slate 28_07.xlsx|MEX clean slate 28_07.xlsx|NZ clean slate 27_07.xlsx|PHL clean slate 28_07.xlsx|PNG clean slate 28_07.xlsx|PRC clean slate 28_07.xlsx|THA clean slate 28_07.xlsx|USA clean slate 28_07.xlsx|VN clean slate 28_07.xlsx|leap_export_template 03_CDA_COMP_GEN.xlsx|leap_export_template 04_CHL_COMP_GEN.xlsx|leap_export_template 06_HKC_COMP_GEN.xlsx|leap_export_template 07_INA_COMP_GEN.xlsx|leap_export_template 08_JPN_COMP_GEN.xlsx|leap_export_template 09_ROK_COMP_GEN.xlsx|leap_export_template 14_PE_COMP_GEN.xlsx|leap_export_template 16_RUS_COMP_GEN.xlsx|leap_export_template 17_SGP_COMP_GEN.xlsx|leap_export_template 18_CT_COMP_GEN.xlsx,True,explicit_transformation_fuel_leaf_evidence
Transformation\Electricity interim\Processes\Electricity interim\Feedstock Fuels\Biodiesel,21,AUS clean slate 28_07.xlsx|BD clean slate 28_07.xlsx|MAS clean slate 28_07.xlsx|MEX clean slate 28_07.xlsx|NZ clean slate 27_07.xlsx|PHL clean slate 28_07.xlsx|PNG clean slate 28_07.xlsx|PRC clean slate 28_07.xlsx|THA clean slate 28_07.xlsx|USA clean slate 28_07.xlsx|VN clean slate 28_07.xlsx|leap_export_template 03_CDA_COMP_GEN.xlsx|leap_export_template 04_CHL_COMP_GEN.xlsx|leap_export_template 06_HKC_COMP_GEN.xlsx|leap_export_template 07_INA_COMP_GEN.xlsx|leap_export_template 08_JPN_COMP_GEN.xlsx|leap_export_template 09_ROK_COMP_GEN.xlsx|leap_export_template 14_PE_COMP_GEN.xlsx|leap_export_template 16_RUS_COMP_GEN.xlsx|leap_export_template 17_SGP_COMP_GEN.xlsx|leap_export_template 18_CT_COMP_GEN.xlsx,True,explicit_transformation_fuel_leaf_evidence
Transformation\Electricity interim\Processes\Electricity interim\Feedstock Fuels\Biogas,21,AUS clean slate 28_07.xlsx|BD clean slate 28_07.xlsx|MAS clean slate 28_07.xlsx|MEX clean slate 28_07.xlsx|NZ clean slate 27_07.xlsx|PHL clean slate 28_07.xlsx|PNG clean slate 28_07.xlsx|PRC clean slate 28_07.xlsx|THA clean slate 28_07.xlsx|USA clean slate 28_07.xlsx|VN clean slate 28_07.xlsx|leap_export_template 03_CDA_COMP_GEN.xlsx|leap_export_template 04_CHL_COMP_GEN.xlsx|leap_export_template 06_HKC_COMP_GEN.xlsx|leap_export_template 07_INA_COMP_GEN.xlsx|leap_export_template 08_JPN_COMP_GEN.xlsx|leap_export_template 09_ROK_COMP_GEN.xlsx|leap_export_template 14_PE_COMP_GEN.xlsx|leap_export_template 16_RUS_COMP_GEN.xlsx|leap_export_template 17_SGP_COMP_GEN.xlsx|leap_export_template 18_CT_COMP_GEN.xlsx,True,explicit_transformation_fuel_leaf_evidence
Transformation\Electricity interim\Processes\Electricity interim\Feedstock Fuels\Bitumen,21,AUS clean slate 28_07.xlsx|BD clean slate 28_07.xlsx|MAS clean slate 28_07.xlsx|MEX clean slate 28_07.xlsx|NZ clean slate 27_07.xlsx|PHL clean slate 28_07.xlsx|PNG clean slate 28_07.xlsx|PRC clean slate 28_07.xlsx|THA clean slate 28_07.xlsx|USA clean slate 28_07.xlsx|VN clean slate 28_07.xlsx|leap_export_template 03_CDA_COMP_GEN.xlsx|leap_export_template 04_CHL_COMP_GEN.xlsx|leap_export_template 06_HKC_COMP_GEN.xlsx|leap_export_template 07_INA_COMP_GEN.xlsx|leap_export_template 08_JPN_COMP_GEN.xlsx|leap_export_template 09_ROK_COMP_GEN.xlsx|leap_export_template 14_PE_COMP_GEN.xlsx|leap_export_template 16_RUS_COMP_GEN.xlsx|leap_export_template 17_SGP_COMP_GEN.xlsx|leap_export_template 18_CT_COMP_GEN.xlsx,True,explicit_transformation_fuel_leaf_evidence
Transformation\Electricity interim\Processes\Electricity interim\Feedstock Fuels\Black liquor,21,AUS clean slate 28_07.xlsx|BD clean slate 28_07.xlsx|MAS clean slate 28_07.xlsx|MEX clean slate 28_07.xlsx|NZ clean slate 27_07.xlsx|PHL clean slate 28_07.xlsx|PNG clean slate 28_07.xlsx|PRC clean slate 28_07.xlsx|THA clean slate 28_07.xlsx|USA clean slate 28_07.xlsx|VN clean slate 28_07.xlsx|leap_export_template 03_CDA_COMP_GEN.xlsx|leap_export_template 04_CHL_COMP_GEN.xlsx|leap_export_template 06_HKC_COMP_GEN.xlsx|leap_export_template 07_INA_COMP_GEN.xlsx|leap_export_template 08_JPN_COMP_GEN.xlsx|leap_export_template 09_ROK_COMP_GEN.xlsx|leap_export_template 14_PE_COMP_GEN.xlsx|leap_export_template 16_RUS_COMP_GEN.xlsx|leap_export_template 17_SGP_COMP_GEN.xlsx|leap_export_template 18_CT_COMP_GEN.xlsx,True,explicit_transformation_fuel_leaf_evidence
Transformation\Electricity interim\Processes\Electricity interim\Feedstock Fuels\Coke oven coke,21,AUS clean slate 28_07.xlsx|BD clean slate 28_07.xlsx|MAS clean slate 28_07.xlsx|MEX clean slate 28_07.xlsx|NZ clean slate 27_07.xlsx|PHL clean slate 28_07.xlsx|PNG clean slate 28_07.xlsx|PRC clean slate 28_07.xlsx|THA clean slate 28_07.xlsx|USA clean slate 28_07.xlsx|VN clean slate 28_07.xlsx|leap_export_template 03_CDA_COMP_GEN.xlsx|leap_export_template 04_CHL_COMP_GEN.xlsx|leap_export_template 06_HKC_COMP_GEN.xlsx|leap_export_template 07_INA_COMP_GEN.xlsx|leap_export_template 08_JPN_COMP_GEN.xlsx|leap_export_template 09_ROK_COMP_GEN.xlsx|leap_export_template 14_PE_COMP_GEN.xlsx|leap_export_template 16_RUS_COMP_GEN.xlsx|leap_export_template 17_SGP_COMP_GEN.xlsx|leap_export_template 18_CT_COMP_GEN.xlsx,True,explicit_transformation_fuel_leaf_evidence
Transformation\Electricity interim\Processes\Electricity interim\Feedstock Fuels\Crude oil,21,AUS clean slate 28_07.xlsx|BD clean slate 28_07.xlsx|MAS clean slate 28_07.xlsx|MEX clean slate 28_07.xlsx|NZ clean slate 27_07.xlsx|PHL clean slate 28_07.xlsx|PNG clean slate 28_07.xlsx|PRC clean slate 28_07.xlsx|THA clean slate 28_07.xlsx|USA clean slate 28_07.xlsx|VN clean slate 28_07.xlsx|leap_export_template 03_CDA_COMP_GEN.xlsx|leap_export_template 04_CHL_COMP_GEN.xlsx|leap_export_template 06_HKC_COMP_GEN.xlsx|leap_export_template 07_INA_COMP_GEN.xlsx|leap_export_template 08_JPN_COMP_GEN.xlsx|leap_export_template 09_ROK_COMP_GEN.xlsx|leap_export_template 14_PE_COMP_GEN.xlsx|leap_export_template 16_RUS_COMP_GEN.xlsx|leap_export_template 17_SGP_COMP_GEN.xlsx|leap_export_template 18_CT_COMP_GEN.xlsx,True,explicit_transformation_fuel_leaf_evidence
Transformation\Electricity interim\Processes\Electricity interim\Feedstock Fuels\Fuel oil,21,AUS clean slate 28_07.xlsx|BD clean slate 28_07.xlsx|MAS clean slate 28_07.xlsx|MEX clean slate 28_07.xlsx|NZ clean slate 27_07.xlsx|PHL clean slate 28_07.xlsx|PNG clean slate 28_07.xlsx|PRC clean slate 28_07.xlsx|THA clean slate 28_07.xlsx|USA clean slate 28_07.xlsx|VN clean slate 28_07.xlsx|leap_export_template 03_CDA_COMP_GEN.xlsx|leap_export_template 04_CHL_COMP_GEN.xlsx|leap_export_template 06_HKC_COMP_GEN.xlsx|leap_export_template 07_INA_COMP_GEN.xlsx|leap_export_template 08_JPN_COMP_GEN.xlsx|leap_export_template 09_ROK_COMP_GEN.xlsx|leap_export_template 14_PE_COMP_GEN.xlsx|leap_export_template 16_RUS_COMP_GEN.xlsx|leap_export_template 17_SGP_COMP_GEN.xlsx|leap_export_template 18_CT_COMP_GEN.xlsx,True,explicit_transformation_fuel_leaf_evidence
Transformation\Electricity interim\Processes\Electricity interim\Feedstock Fuels\Fuelwood and woodwaste,21,AUS clean slate 28_07.xlsx|BD clean slate 28_07.xlsx|MAS clean slate 28_07.xlsx|MEX clean slate 28_07.xlsx|NZ clean slate 27_07.xlsx|PHL clean slate 28_07.xlsx|PNG clean slate 28_07.xlsx|PRC clean slate 28_07.xlsx|THA clean slate 28_07.xlsx|USA clean slate 28_07.xlsx|VN clean slate 28_07.xlsx|leap_export_template 03_CDA_COMP_GEN.xlsx|leap_export_template 04_CHL_COMP_GEN.xlsx|leap_export_template 06_HKC_COMP_GEN.xlsx|leap_export_template 07_INA_COMP_GEN.xlsx|leap_export_template 08_JPN_COMP_GEN.xlsx|leap_export_template 09_ROK_COMP_GEN.xlsx|leap_export_template 14_PE_COMP_GEN.xlsx|leap_export_template 16_RUS_COMP_GEN.xlsx|leap_export_template 17_SGP_COMP_GEN.xlsx|leap_export_template 18_CT_COMP_GEN.xlsx,True,explicit_transformation_fuel_leaf_evidence
Transformation\Electricity interim\Processes\Electricity interim\Feedstock Fuels\Gas and diesel oil,21,AUS clean slate 28_07.xlsx|BD clean slate 28_07.xlsx|MAS clean slate 28_07.xlsx|MEX clean slate 28_07.xlsx|NZ clean slate 27_07.xlsx|PHL clean slate 28_07.xlsx|PNG clean slate 28_07.xlsx|PRC clean slate 28_07.xlsx|THA clean slate 28_07.xlsx|USA clean slate 28_07.xlsx|VN clean slate 28_07.xlsx|leap_export_template 03_CDA_COMP_GEN.xlsx|leap_export_template 04_CHL_COMP_GEN.xlsx|leap_export_template 06_HKC_COMP_GEN.xlsx|leap_export_template 07_INA_COMP_GEN.xlsx|leap_export_template 08_JPN_COMP_GEN.xlsx|leap_export_template 09_ROK_COMP_GEN.xlsx|leap_export_template 14_PE_COMP_GEN.xlsx|leap_export_template 16_RUS_COMP_GEN.xlsx|leap_export_template 17_SGP_COMP_GEN.xlsx|leap_export_template 18_CT_COMP_GEN.xlsx,True,explicit_transformation_fuel_leaf_evidence
Transformation\Electricity interim\Processes\Electricity interim\Feedstock Fuels\Gas works gas,21,AUS clean slate 28_07.xlsx|BD clean slate 28_07.xlsx|MAS clean slate 28_07.xlsx|MEX clean slate 28_07.xlsx|NZ clean slate 27_07.xlsx|PHL clean slate 28_07.xlsx|PNG clean slate 28_07.xlsx|PRC clean slate 28_07.xlsx|THA clean slate 28_07.xlsx|USA clean slate 28_07.xlsx|VN clean slate 28_07.xlsx|leap_export_template 03_CDA_COMP_GEN.xlsx|leap_export_template 04_CHL_COMP_GEN.xlsx|leap_export_template 06_HKC_COMP_GEN.xlsx|leap_export_template 07_INA_COMP_GEN.xlsx|leap_export_template 08_JPN_COMP_GEN.xlsx|leap_export_template 09_ROK_COMP_GEN.xlsx|leap_export_template 14_PE_COMP_GEN.xlsx|leap_export_template 16_RUS_COMP_GEN.xlsx|leap_export_template 17_SGP_COMP_GEN.xlsx|leap_export_template 18_CT_COMP_GEN.xlsx,True,explicit_transformation_fuel_leaf_evidence
Transformation\Electricity interim\Processes\Electricity interim\Feedstock Fuels\Gasoline type jet fuel,21,AUS clean slate 28_07.xlsx|BD clean slate 28_07.xlsx|MAS clean slate 28_07.xlsx|MEX clean slate 28_07.xlsx|NZ clean slate 27_07.xlsx|PHL clean slate 28_07.xlsx|PNG clean slate 28_07.xlsx|PRC clean slate 28_07.xlsx|THA clean slate 28_07.xlsx|USA clean slate 28_07.xlsx|VN clean slate 28_07.xlsx|leap_export_template 03_CDA_COMP_GEN.xlsx|leap_export_template 04_CHL_COMP_GEN.xlsx|leap_export_template 06_HKC_COMP_GEN.xlsx|leap_export_template 07_INA_COMP_GEN.xlsx|leap_export_template 08_JPN_COMP_GEN.xlsx|leap_export_template 09_ROK_COMP_GEN.xlsx|leap_export_template 14_PE_COMP_GEN.xlsx|leap_export_template 16_RUS_COMP_GEN.xlsx|leap_export_template 17_SGP_COMP_GEN.xlsx|leap_export_template 18_CT_COMP_GEN.xlsx,True,explicit_transformation_fuel_leaf_evidence
Transformation\Electricity interim\Processes\Electricity interim\Feedstock Fuels\Geothermal,21,AUS clean slate 28_07.xlsx|BD clean slate 28_07.xlsx|MAS clean slate 28_07.xlsx|MEX clean slate 28_07.xlsx|NZ clean slate 27_07.xlsx|PHL clean slate 28_07.xlsx|PNG clean slate 28_07.xlsx|PRC clean slate 28_07.xlsx|THA clean slate 28_07.xlsx|USA clean slate 28_07.xlsx|VN clean slate 28_07.xlsx|leap_export_template 03_CDA_COMP_GEN.xlsx|leap_export_template 04_CHL_COMP_GEN.xlsx|leap_export_template 06_HKC_COMP_GEN.xlsx|leap_export_template 07_INA_COMP_GEN.xlsx|leap_export_template 08_JPN_COMP_GEN.xlsx|leap_export_template 09_ROK_COMP_GEN.xlsx|leap_export_template 14_PE_COMP_GEN.xlsx|leap_export_template 16_RUS_COMP_GEN.xlsx|leap_export_template 17_SGP_COMP_GEN.xlsx|leap_export_template 18_CT_COMP_GEN.xlsx,True,explicit_transformation_fuel_leaf_evidence
Transformation\Electricity interim\Processes\Electricity interim\Feedstock Fuels\Hydro,21,AUS clean slate 28_07.xlsx|BD clean slate 28_07.xlsx|MAS clean slate 28_07.xlsx|MEX clean slate 28_07.xlsx|NZ clean slate 27_07.xlsx|PHL clean slate 28_07.xlsx|PNG clean slate 28_07.xlsx|PRC clean slate 28_07.xlsx|THA clean slate 28_07.xlsx|USA clean slate 28_07.xlsx|VN clean slate 28_07.xlsx|leap_export_template 03_CDA_COMP_GEN.xlsx|leap_export_template 04_CHL_COMP_GEN.xlsx|leap_export_template 06_HKC_COMP_GEN.xlsx|leap_export_template 07_INA_COMP_GEN.xlsx|leap_export_template 08_JPN_COMP_GEN.xlsx|leap_export_template 09_ROK_COMP_GEN.xlsx|leap_export_template 14_PE_COMP_GEN.xlsx|leap_export_template 16_RUS_COMP_GEN.xlsx|leap_export_template 17_SGP_COMP_GEN.xlsx|leap_export_template 18_CT_COMP_GEN.xlsx,True,explicit_transformation_fuel_leaf_evidence
Transformation\Electricity interim\Processes\Electricity interim\Feedstock Fuels\Hydrogen,21,AUS clean slate 28_07.xlsx|BD clean slate 28_07.xlsx|MAS clean slate 28_07.xlsx|MEX clean slate 28_07.xlsx|NZ clean slate 27_07.xlsx|PHL clean slate 28_07.xlsx|PNG clean slate 28_07.xlsx|PRC clean slate 28_07.xlsx|THA clean slate 28_07.xlsx|USA clean slate 28_07.xlsx|VN clean slate 28_07.xlsx|leap_export_template 03_CDA_COMP_GEN.xlsx|leap_export_template 04_CHL_COMP_GEN.xlsx|leap_export_template 06_HKC_COMP_GEN.xlsx|leap_export_template 07_INA_COMP_GEN.xlsx|leap_export_template 08_JPN_COMP_GEN.xlsx|leap_export_template 09_ROK_COMP_GEN.xlsx|leap_export_template 14_PE_COMP_GEN.xlsx|leap_export_template 16_RUS_COMP_GEN.xlsx|leap_export_template 17_SGP_COMP_GEN.xlsx|leap_export_template 18_CT_COMP_GEN.xlsx,True,explicit_transformation_fuel_leaf_evidence
Transformation\Electricity interim\Processes\Electricity interim\Feedstock Fuels\Industrial waste,21,AUS clean slate 28_07.xlsx|BD clean slate 28_07.xlsx|MAS clean slate 28_07.xlsx|MEX clean slate 28_07.xlsx|NZ clean slate 27_07.xlsx|PHL clean slate 28_07.xlsx|PNG clean slate 28_07.xlsx|PRC clean slate 28_07.xlsx|THA clean slate 28_07.xlsx|USA clean slate 28_07.xlsx|VN clean slate 28_07.xlsx|leap_export_template 03_CDA_COMP_GEN.xlsx|leap_export_template 04_CHL_COMP_GEN.xlsx|leap_export_template 06_HKC_COMP_GEN.xlsx|leap_export_template 07_INA_COMP_GEN.xlsx|leap_export_template 08_JPN_COMP_GEN.xlsx|leap_export_template 09_ROK_COMP_GEN.xlsx|leap_export_template 14_PE_COMP_GEN.xlsx|leap_export_template 16_RUS_COMP_GEN.xlsx|leap_export_template 17_SGP_COMP_GEN.xlsx|leap_export_template 18_CT_COMP_GEN.xlsx,True,explicit_transformation_fuel_leaf_evidence
Transformation\Electricity interim\Processes\Electricity interim\Feedstock Fuels\Kerosene,21,AUS clean slate 28_07.xlsx|BD clean slate 28_07.xlsx|MAS clean slate 28_07.xlsx|MEX clean slate 28_07.xlsx|NZ clean slate 27_07.xlsx|PHL clean slate 28_07.xlsx|PNG clean slate 28_07.xlsx|PRC clean slate 28_07.xlsx|THA clean slate 28_07.xlsx|USA clean slate 28_07.xlsx|VN clean slate 28_07.xlsx|leap_export_template 03_CDA_COMP_GEN.xlsx|leap_export_template 04_CHL_COMP_GEN.xlsx|leap_export_template 06_HKC_COMP_GEN.xlsx|leap_export_template 07_INA_COMP_GEN.xlsx|leap_export_template 08_JPN_COMP_GEN.xlsx|leap_export_template 09_ROK_COMP_GEN.xlsx|leap_export_template 14_PE_COMP_GEN.xlsx|leap_export_template 16_RUS_COMP_GEN.xlsx|leap_export_template 17_SGP_COMP_GEN.xlsx|leap_export_template 18_CT_COMP_GEN.xlsx,True,explicit_transformation_fuel_leaf_evidence
Transformation\Electricity interim\Processes\Electricity interim\Feedstock Fuels\Kerosene type jet fuel,21,AUS clean slate 28_07.xlsx|BD clean slate 28_07.xlsx|MAS clean slate 28_07.xlsx|MEX clean slate 28_07.xlsx|NZ clean slate 27_07.xlsx|PHL clean slate 28_07.xlsx|PNG clean slate 28_07.xlsx|PRC clean slate 28_07.xlsx|THA clean slate 28_07.xlsx|USA clean slate 28_07.xlsx|VN clean slate 28_07.xlsx|leap_export_template 03_CDA_COMP_GEN.xlsx|leap_export_template 04_CHL_COMP_GEN.xlsx|leap_export_template 06_HKC_COMP_GEN.xlsx|leap_export_template 07_INA_COMP_GEN.xlsx|leap_export_template 08_JPN_COMP_GEN.xlsx|leap_export_template 09_ROK_COMP_GEN.xlsx|leap_export_template 14_PE_COMP_GEN.xlsx|leap_export_template 16_RUS_COMP_GEN.xlsx|leap_export_template 17_SGP_COMP_GEN.xlsx|leap_export_template 18_CT_COMP_GEN.xlsx,True,explicit_transformation_fuel_leaf_evidence
Transformation\Electricity interim\Processes\Electricity interim\Feedstock Fuels\LNG,21,AUS clean slate 28_07.xlsx|BD clean slate 28_07.xlsx|MAS clean slate 28_07.xlsx|MEX clean slate 28_07.xlsx|NZ clean slate 27_07.xlsx|PHL clean slate 28_07.xlsx|PNG clean slate 28_07.xlsx|PRC clean slate 28_07.xlsx|THA clean slate 28_07.xlsx|USA clean slate 28_07.xlsx|VN clean slate 28_07.xlsx|leap_export_template 03_CDA_COMP_GEN.xlsx|leap_export_template 04_CHL_COMP_GEN.xlsx|leap_export_template 06_HKC_COMP_GEN.xlsx|leap_export_template 07_INA_COMP_GEN.xlsx|leap_export_template 08_JPN_COMP_GEN.xlsx|leap_export_template 09_ROK_COMP_GEN.xlsx|leap_export_template 14_PE_COMP_GEN.xlsx|leap_export_template 16_RUS_COMP_GEN.xlsx|leap_export_template 17_SGP_COMP_GEN.xlsx|leap_export_template 18_CT_COMP_GEN.xlsx,True,explicit_transformation_fuel_leaf_evidence
Transformation\Electricity interim\Processes\Electricity interim\Feedstock Fuels\LPG,21,AUS clean slate 28_07.xlsx|BD clean slate 28_07.xlsx|MAS clean slate 28_07.xlsx|MEX clean slate 28_07.xlsx|NZ clean slate 27_07.xlsx|PHL clean slate 28_07.xlsx|PNG clean slate 28_07.xlsx|PRC clean slate 28_07.xlsx|THA clean slate 28_07.xlsx|USA clean slate 28_07.xlsx|VN clean slate 28_07.xlsx|leap_export_template 03_CDA_COMP_GEN.xlsx|leap_export_template 04_CHL_COMP_GEN.xlsx|leap_export_template 06_HKC_COMP_GEN.xlsx|leap_export_template 07_INA_COMP_GEN.xlsx|leap_export_template 08_JPN_COMP_GEN.xlsx|leap_export_template 09_ROK_COMP_GEN.xlsx|leap_export_template 14_PE_COMP_GEN.xlsx|leap_export_template 16_RUS_COMP_GEN.xlsx|leap_export_template 17_SGP_COMP_GEN.xlsx|leap_export_template 18_CT_COMP_GEN.xlsx,True,explicit_transformation_fuel_leaf_evidence
Transformation\Electricity interim\Processes\Electricity interim\Feedstock Fuels\Lignite,21,AUS clean slate 28_07.xlsx|BD clean slate 28_07.xlsx|MAS clean slate 28_07.xlsx|MEX clean slate 28_07.xlsx|NZ clean slate 27_07.xlsx|PHL clean slate 28_07.xlsx|PNG clean slate 28_07.xlsx|PRC clean slate 28_07.xlsx|THA clean slate 28_07.xlsx|USA clean slate 28_07.xlsx|VN clean slate 28_07.xlsx|leap_export_template 03_CDA_COMP_GEN.xlsx|leap_export_template 04_CHL_COMP_GEN.xlsx|leap_export_template 06_HKC_COMP_GEN.xlsx|leap_export_template 07_INA_COMP_GEN.xlsx|leap_export_template 08_JPN_COMP_GEN.xlsx|leap_export_template 09_ROK_COMP_GEN.xlsx|leap_export_template 14_PE_COMP_GEN.xlsx|leap_export_template 16_RUS_COMP_GEN.xlsx|leap_export_template 17_SGP_COMP_GEN.xlsx|leap_export_template 18_CT_COMP_GEN.xlsx,True,explicit_transformation_fuel_leaf_evidence
Transformation\Electricity interim\Processes\Electricity interim\Feedstock Fuels\Motor gasoline,21,AUS clean slate 28_07.xlsx|BD clean slate 28_07.xlsx|MAS clean slate 28_07.xlsx|MEX clean slate 28_07.xlsx|NZ clean slate 27_07.xlsx|PHL clean slate 28_07.xlsx|PNG clean slate 28_07.xlsx|PRC clean slate 28_07.xlsx|THA clean slate 28_07.xlsx|USA clean slate 28_07.xlsx|VN clean slate 28_07.xlsx|leap_export_template 03_CDA_COMP_GEN.xlsx|leap_export_template 04_CHL_COMP_GEN.xlsx|leap_export_template 06_HKC_COMP_GEN.xlsx|leap_export_template 07_INA_COMP_GEN.xlsx|leap_export_template 08_JPN_COMP_GEN.xlsx|leap_export_template 09_ROK_COMP_GEN.xlsx|leap_export_template 14_PE_COMP_GEN.xlsx|leap_export_template 16_RUS_COMP_GEN.xlsx|leap_export_template 17_SGP_COMP_GEN.xlsx|leap_export_template 18_CT_COMP_GEN.xlsx,True,explicit_transformation_fuel_leaf_evidence
Transformation\Electricity interim\Processes\Electricity interim\Feedstock Fuels\Municipal solid waste non renewable,21,AUS clean slate 28_07.xlsx|BD clean slate 28_07.xlsx|MAS clean slate 28_07.xlsx|MEX clean slate 28_07.xlsx|NZ clean slate 27_07.xlsx|PHL clean slate 28_07.xlsx|PNG clean slate 28_07.xlsx|PRC clean slate 28_07.xlsx|THA clean slate 28_07.xlsx|USA clean slate 28_07.xlsx|VN clean slate 28_07.xlsx|leap_export_template 03_CDA_COMP_GEN.xlsx|leap_export_template 04_CHL_COMP_GEN.xlsx|leap_export_template 06_HKC_COMP_GEN.xlsx|leap_export_template 07_INA_COMP_GEN.xlsx|leap_export_template 08_JPN_COMP_GEN.xlsx|leap_export_template 09_ROK_COMP_GEN.xlsx|leap_export_template 14_PE_COMP_GEN.xlsx|leap_export_template 16_RUS_COMP_GEN.xlsx|leap_export_template 17_SGP_COMP_GEN.xlsx|leap_export_template 18_CT_COMP_GEN.xlsx,True,explicit_transformation_fuel_leaf_evidence
Transformation\Electricity interim\Processes\Electricity interim\Feedstock Fuels\Municipal solid waste renewable,21,AUS clean slate 28_07.xlsx|BD clean slate 28_07.xlsx|MAS clean slate 28_07.xlsx|MEX clean slate 28_07.xlsx|NZ clean slate 27_07.xlsx|PHL clean slate 28_07.xlsx|PNG clean slate 28_07.xlsx|PRC clean slate 28_07.xlsx|THA clean slate 28_07.xlsx|USA clean slate 28_07.xlsx|VN clean slate 28_07.xlsx|leap_export_template 03_CDA_COMP_GEN.xlsx|leap_export_template 04_CHL_COMP_GEN.xlsx|leap_export_template 06_HKC_COMP_GEN.xlsx|leap_export_template 07_INA_COMP_GEN.xlsx|leap_export_template 08_JPN_COMP_GEN.xlsx|leap_export_template 09_ROK_COMP_GEN.xlsx|leap_export_template 14_PE_COMP_GEN.xlsx|leap_export_template 16_RUS_COMP_GEN.xlsx|leap_export_template 17_SGP_COMP_GEN.xlsx|leap_export_template 18_CT_COMP_GEN.xlsx,True,explicit_transformation_fuel_leaf_evidence
Transformation\Electricity interim\Processes\Electricity interim\Feedstock Fuels\Naphtha,21,AUS clean slate 28_07.xlsx|BD clean slate 28_07.xlsx|MAS clean slate 28_07.xlsx|MEX clean slate 28_07.xlsx|NZ clean slate 27_07.xlsx|PHL clean slate 28_07.xlsx|PNG clean slate 28_07.xlsx|PRC clean slate 28_07.xlsx|THA clean slate 28_07.xlsx|USA clean slate 28_07.xlsx|VN clean slate 28_07.xlsx|leap_export_template 03_CDA_COMP_GEN.xlsx|leap_export_template 04_CHL_COMP_GEN.xlsx|leap_export_template 06_HKC_COMP_GEN.xlsx|leap_export_template 07_INA_COMP_GEN.xlsx|leap_export_template 08_JPN_COMP_GEN.xlsx|leap_export_template 09_ROK_COMP_GEN.xlsx|leap_export_template 14_PE_COMP_GEN.xlsx|leap_export_template 16_RUS_COMP_GEN.xlsx|leap_export_template 17_SGP_COMP_GEN.xlsx|leap_export_template 18_CT_COMP_GEN.xlsx,True,explicit_transformation_fuel_leaf_evidence
Transformation\Electricity interim\Processes\Electricity interim\Feedstock Fuels\Natural gas,21,AUS clean slate 28_07.xlsx|BD clean slate 28_07.xlsx|MAS clean slate 28_07.xlsx|MEX clean slate 28_07.xlsx|NZ clean slate 27_07.xlsx|PHL clean slate 28_07.xlsx|PNG clean slate 28_07.xlsx|PRC clean slate 28_07.xlsx|THA clean slate 28_07.xlsx|USA clean slate 28_07.xlsx|VN clean slate 28_07.xlsx|leap_export_template 03_CDA_COMP_GEN.xlsx|leap_export_template 04_CHL_COMP_GEN.xlsx|leap_export_template 06_HKC_COMP_GEN.xlsx|leap_export_template 07_INA_COMP_GEN.xlsx|leap_export_template 08_JPN_COMP_GEN.xlsx|leap_export_template 09_ROK_COMP_GEN.xlsx|leap_export_template 14_PE_COMP_GEN.xlsx|leap_export_template 16_RUS_COMP_GEN.xlsx|leap_export_template 17_SGP_COMP_GEN.xlsx|leap_export_template 18_CT_COMP_GEN.xlsx,True,explicit_transformation_fuel_leaf_evidence
Transformation\Electricity interim\Processes\Electricity interim\Feedstock Fuels\Natural gas liquids,21,AUS clean slate 28_07.xlsx|BD clean slate 28_07.xlsx|MAS clean slate 28_07.xlsx|MEX clean slate 28_07.xlsx|NZ clean slate 27_07.xlsx|PHL clean slate 28_07.xlsx|PNG clean slate 28_07.xlsx|PRC clean slate 28_07.xlsx|THA clean slate 28_07.xlsx|USA clean slate 28_07.xlsx|VN clean slate 28_07.xlsx|leap_export_template 03_CDA_COMP_GEN.xlsx|leap_export_template 04_CHL_COMP_GEN.xlsx|leap_export_template 06_HKC_COMP_GEN.xlsx|leap_export_template 07_INA_COMP_GEN.xlsx|leap_export_template 08_JPN_COMP_GEN.xlsx|leap_export_template 09_ROK_COMP_GEN.xlsx|leap_export_template 14_PE_COMP_GEN.xlsx|leap_export_template 16_RUS_COMP_GEN.xlsx|leap_export_template 17_SGP_COMP_GEN.xlsx|leap_export_template 18_CT_COMP_GEN.xlsx,True,explicit_transformation_fuel_leaf_evidence
Transformation\Electricity interim\Processes\Electricity interim\Feedstock Fuels\Nuclear,21,AUS clean slate 28_07.xlsx|BD clean slate 28_07.xlsx|MAS clean slate 28_07.xlsx|MEX clean slate 28_07.xlsx|NZ clean slate 27_07.xlsx|PHL clean slate 28_07.xlsx|PNG clean slate 28_07.xlsx|PRC clean slate 28_07.xlsx|THA clean slate 28_07.xlsx|USA clean slate 28_07.xlsx|VN clean slate 28_07.xlsx|leap_export_template 03_CDA_COMP_GEN.xlsx|leap_export_template 04_CHL_COMP_GEN.xlsx|leap_export_template 06_HKC_COMP_GEN.xlsx|leap_export_template 07_INA_COMP_GEN.xlsx|leap_export_template 08_JPN_COMP_GEN.xlsx|leap_export_template 09_ROK_COMP_GEN.xlsx|leap_export_template 14_PE_COMP_GEN.xlsx|leap_export_template 16_RUS_COMP_GEN.xlsx|leap_export_template 17_SGP_COMP_GEN.xlsx|leap_export_template 18_CT_COMP_GEN.xlsx,True,explicit_transformation_fuel_leaf_evidence
Transformation\Electricity interim\Processes\Electricity interim\Feedstock Fuels\Other biomass,21,AUS clean slate 28_07.xlsx|BD clean slate 28_07.xlsx|MAS clean slate 28_07.xlsx|MEX clean slate 28_07.xlsx|NZ clean slate 27_07.xlsx|PHL clean slate 28_07.xlsx|PNG clean slate 28_07.xlsx|PRC clean slate 28_07.xlsx|THA clean slate 28_07.xlsx|USA clean slate 28_07.xlsx|VN clean slate 28_07.xlsx|leap_export_template 03_CDA_COMP_GEN.xlsx|leap_export_template 04_CHL_COMP_GEN.xlsx|leap_export_template 06_HKC_COMP_GEN.xlsx|leap_export_template 07_INA_COMP_GEN.xlsx|leap_export_template 08_JPN_COMP_GEN.xlsx|leap_export_template 09_ROK_COMP_GEN.xlsx|leap_export_template 14_PE_COMP_GEN.xlsx|leap_export_template 16_RUS_COMP_GEN.xlsx|leap_export_template 17_SGP_COMP_GEN.xlsx|leap_export_template 18_CT_COMP_GEN.xlsx,True,explicit_transformation_fuel_leaf_evidence
Transformation\Electricity interim\Processes\Electricity interim\Feedstock Fuels\Other bituminous coal,21,AUS clean slate 28_07.xlsx|BD clean slate 28_07.xlsx|MAS clean slate 28_07.xlsx|MEX clean slate 28_07.xlsx|NZ clean slate 27_07.xlsx|PHL clean slate 28_07.xlsx|PNG clean slate 28_07.xlsx|PRC clean slate 28_07.xlsx|THA clean slate 28_07.xlsx|USA clean slate 28_07.xlsx|VN clean slate 28_07.xlsx|leap_export_template 03_CDA_COMP_GEN.xlsx|leap_export_template 04_CHL_COMP_GEN.xlsx|leap_export_template 06_HKC_COMP_GEN.xlsx|leap_export_template 07_INA_COMP_GEN.xlsx|leap_export_template 08_JPN_COMP_GEN.xlsx|leap_export_template 09_ROK_COMP_GEN.xlsx|leap_export_template 14_PE_COMP_GEN.xlsx|leap_export_template 16_RUS_COMP_GEN.xlsx|leap_export_template 17_SGP_COMP_GEN.xlsx|leap_export_template 18_CT_COMP_GEN.xlsx,True,explicit_transformation_fuel_leaf_evidence
Transformation\Electricity interim\Processes\Electricity interim\Feedstock Fuels\Other hydrocarbons,21,AUS clean slate 28_07.xlsx|BD clean slate 28_07.xlsx|MAS clean slate 28_07.xlsx|MEX clean slate 28_07.xlsx|NZ clean slate 27_07.xlsx|PHL clean slate 28_07.xlsx|PNG clean slate 28_07.xlsx|PRC clean slate 28_07.xlsx|THA clean slate 28_07.xlsx|USA clean slate 28_07.xlsx|VN clean slate 28_07.xlsx|leap_export_template 03_CDA_COMP_GEN.xlsx|leap_export_template 04_CHL_COMP_GEN.xlsx|leap_export_template 06_HKC_COMP_GEN.xlsx|leap_export_template 07_INA_COMP_GEN.xlsx|leap_export_template 08_JPN_COMP_GEN.xlsx|leap_export_template 09_ROK_COMP_GEN.xlsx|leap_export_template 14_PE_COMP_GEN.xlsx|leap_export_template 16_RUS_COMP_GEN.xlsx|leap_export_template 17_SGP_COMP_GEN.xlsx|leap_export_template 18_CT_COMP_GEN.xlsx,True,explicit_transformation_fuel_leaf_evidence
Transformation\Electricity interim\Processes\Electricity interim\Feedstock Fuels\Other liquid biofuels,21,AUS clean slate 28_07.xlsx|BD clean slate 28_07.xlsx|MAS clean slate 28_07.xlsx|MEX clean slate 28_07.xlsx|NZ clean slate 27_07.xlsx|PHL clean slate 28_07.xlsx|PNG clean slate 28_07.xlsx|PRC clean slate 28_07.xlsx|THA clean slate 28_07.xlsx|USA clean slate 28_07.xlsx|VN clean slate 28_07.xlsx|leap_export_template 03_CDA_COMP_GEN.xlsx|leap_export_template 04_CHL_COMP_GEN.xlsx|leap_export_template 06_HKC_COMP_GEN.xlsx|leap_export_template 07_INA_COMP_GEN.xlsx|leap_export_template 08_JPN_COMP_GEN.xlsx|leap_export_template 09_ROK_COMP_GEN.xlsx|leap_export_template 14_PE_COMP_GEN.xlsx|leap_export_template 16_RUS_COMP_GEN.xlsx|leap_export_template 17_SGP_COMP_GEN.xlsx|leap_export_template 18_CT_COMP_GEN.xlsx,True,explicit_transformation_fuel_leaf_evidence
Transformation\Electricity interim\Processes\Electricity interim\Feedstock Fuels\Other products,21,AUS clean slate 28_07.xlsx|BD clean slate 28_07.xlsx|MAS clean slate 28_07.xlsx|MEX clean slate 28_07.xlsx|NZ clean slate 27_07.xlsx|PHL clean slate 28_07.xlsx|PNG clean slate 28_07.xlsx|PRC clean slate 28_07.xlsx|THA clean slate 28_07.xlsx|USA clean slate 28_07.xlsx|VN clean slate 28_07.xlsx|leap_export_template 03_CDA_COMP_GEN.xlsx|leap_export_template 04_CHL_COMP_GEN.xlsx|leap_export_template 06_HKC_COMP_GEN.xlsx|leap_export_template 07_INA_COMP_GEN.xlsx|leap_export_template 08_JPN_COMP_GEN.xlsx|leap_export_template 09_ROK_COMP_GEN.xlsx|leap_export_template 14_PE_COMP_GEN.xlsx|leap_export_template 16_RUS_COMP_GEN.xlsx|leap_export_template 17_SGP_COMP_GEN.xlsx|leap_export_template 18_CT_COMP_GEN.xlsx,True,explicit_transformation_fuel_leaf_evidence
Transformation\Electricity interim\Processes\Electricity interim\Feedstock Fuels\Other sources,21,AUS clean slate 28_07.xlsx|BD clean slate 28_07.xlsx|MAS clean slate 28_07.xlsx|MEX clean slate 28_07.xlsx|NZ clean slate 27_07.xlsx|PHL clean slate 28_07.xlsx|PNG clean slate 28_07.xlsx|PRC clean slate 28_07.xlsx|THA clean slate 28_07.xlsx|USA clean slate 28_07.xlsx|VN clean slate 28_07.xlsx|leap_export_template 03_CDA_COMP_GEN.xlsx|leap_export_template 04_CHL_COMP_GEN.xlsx|leap_export_template 06_HKC_COMP_GEN.xlsx|leap_export_template 07_INA_COMP_GEN.xlsx|leap_export_template 08_JPN_COMP_GEN.xlsx|leap_export_template 09_ROK_COMP_GEN.xlsx|leap_export_template 14_PE_COMP_GEN.xlsx|leap_export_template 16_RUS_COMP_GEN.xlsx|leap_export_template 17_SGP_COMP_GEN.xlsx|leap_export_template 18_CT_COMP_GEN.xlsx,True,explicit_transformation_fuel_leaf_evidence
Transformation\Electricity interim\Processes\Electricity interim\Feedstock Fuels\Refinery gas not liquefied,21,AUS clean slate 28_07.xlsx|BD clean slate 28_07.xlsx|MAS clean slate 28_07.xlsx|MEX clean slate 28_07.xlsx|NZ clean slate 27_07.xlsx|PHL clean slate 28_07.xlsx|PNG clean slate 28_07.xlsx|PRC clean slate 28_07.xlsx|THA clean slate 28_07.xlsx|USA clean slate 28_07.xlsx|VN clean slate 28_07.xlsx|leap_export_template 03_CDA_COMP_GEN.xlsx|leap_export_template 04_CHL_COMP_GEN.xlsx|leap_export_template 06_HKC_COMP_GEN.xlsx|leap_export_template 07_INA_COMP_GEN.xlsx|leap_export_template 08_JPN_COMP_GEN.xlsx|leap_export_template 09_ROK_COMP_GEN.xlsx|leap_export_template 14_PE_COMP_GEN.xlsx|leap_export_template 16_RUS_COMP_GEN.xlsx|leap_export_template 17_SGP_COMP_GEN.xlsx|leap_export_template 18_CT_COMP_GEN.xlsx,True,explicit_transformation_fuel_leaf_evidence
Transformation\Electricity interim\Processes\Electricity interim\Feedstock Fuels\Solar Photovoltaics,4,PHL clean slate 28_07.xlsx|PNG clean slate 28_07.xlsx|THA clean slate 28_07.xlsx|VN clean slate 28_07.xlsx,True,explicit_transformation_fuel_leaf_evidence
Transformation\Electricity interim\Processes\Electricity interim\Feedstock Fuels\Solar nonspecified,21,AUS clean slate 28_07.xlsx|BD clean slate 28_07.xlsx|MAS clean slate 28_07.xlsx|MEX clean slate 28_07.xlsx|NZ clean slate 27_07.xlsx|PHL clean slate 28_07.xlsx|PNG clean slate 28_07.xlsx|PRC clean slate 28_07.xlsx|THA clean slate 28_07.xlsx|USA clean slate 28_07.xlsx|VN clean slate 28_07.xlsx|leap_export_template 03_CDA_COMP_GEN.xlsx|leap_export_template 04_CHL_COMP_GEN.xlsx|leap_export_template 06_HKC_COMP_GEN.xlsx|leap_export_template 07_INA_COMP_GEN.xlsx|leap_export_template 08_JPN_COMP_GEN.xlsx|leap_export_template 09_ROK_COMP_GEN.xlsx|leap_export_template 14_PE_COMP_GEN.xlsx|leap_export_template 16_RUS_COMP_GEN.xlsx|leap_export_template 17_SGP_COMP_GEN.xlsx|leap_export_template 18_CT_COMP_GEN.xlsx,True,explicit_transformation_fuel_leaf_evidence
Transformation\Electricity interim\Processes\Electricity interim\Feedstock Fuels\Solar photovoltaics,17,AUS clean slate 28_07.xlsx|BD clean slate 28_07.xlsx|MAS clean slate 28_07.xlsx|MEX clean slate 28_07.xlsx|NZ clean slate 27_07.xlsx|PRC clean slate 28_07.xlsx|USA clean slate 28_07.xlsx|leap_export_template 03_CDA_COMP_GEN.xlsx|leap_export_template 04_CHL_COMP_GEN.xlsx|leap_export_template 06_HKC_COMP_GEN.xlsx|leap_export_template 07_INA_COMP_GEN.xlsx|leap_export_template 08_JPN_COMP_GEN.xlsx|leap_export_template 09_ROK_COMP_GEN.xlsx|leap_export_template 14_PE_COMP_GEN.xlsx|leap_export_template 16_RUS_COMP_GEN.xlsx|leap_export_template 17_SGP_COMP_GEN.xlsx|leap_export_template 18_CT_COMP_GEN.xlsx,True,explicit_transformation_fuel_leaf_evidence
Transformation\Electricity interim\Processes\Electricity interim\Feedstock Fuels\Sub bituminous coal,20,AUS clean slate 28_07.xlsx|BD clean slate 28_07.xlsx|MAS clean slate 28_07.xlsx|MEX clean slate 28_07.xlsx|NZ clean slate 27_07.xlsx|PHL clean slate 28_07.xlsx|PNG clean slate 28_07.xlsx|PRC clean slate 28_07.xlsx|THA clean slate 28_07.xlsx|USA clean slate 28_07.xlsx|leap_export_template 03_CDA_COMP_GEN.xlsx|leap_export_template 04_CHL_COMP_GEN.xlsx|leap_export_template 06_HKC_COMP_GEN.xlsx|leap_export_template 07_INA_COMP_GEN.xlsx|leap_export_template 08_JPN_COMP_GEN.xlsx|leap_export_template 09_ROK_COMP_GEN.xlsx|leap_export_template 14_PE_COMP_GEN.xlsx|leap_export_template 16_RUS_COMP_GEN.xlsx|leap_export_template 17_SGP_COMP_GEN.xlsx|leap_export_template 18_CT_COMP_GEN.xlsx,True,explicit_transformation_fuel_leaf_evidence
Transformation\Electricity interim\Processes\Electricity interim\Feedstock Fuels\Tide wave ocean,21,AUS clean slate 28_07.xlsx|BD clean slate 28_07.xlsx|MAS clean slate 28_07.xlsx|MEX clean slate 28_07.xlsx|NZ clean slate 27_07.xlsx|PHL clean slate 28_07.xlsx|PNG clean slate 28_07.xlsx|PRC clean slate 28_07.xlsx|THA clean slate 28_07.xlsx|USA clean slate 28_07.xlsx|VN clean slate 28_07.xlsx|leap_export_template 03_CDA_COMP_GEN.xlsx|leap_export_template 04_CHL_COMP_GEN.xlsx|leap_export_template 06_HKC_COMP_GEN.xlsx|leap_export_template 07_INA_COMP_GEN.xlsx|leap_export_template 08_JPN_COMP_GEN.xlsx|leap_export_template 09_ROK_COMP_GEN.xlsx|leap_export_template 14_PE_COMP_GEN.xlsx|leap_export_template 16_RUS_COMP_GEN.xlsx|leap_export_template 17_SGP_COMP_GEN.xlsx|leap_export_template 18_CT_COMP_GEN.xlsx,True,explicit_transformation_fuel_leaf_evidence
Transformation\Electricity interim\Processes\Electricity interim\Feedstock Fuels\Wind,21,AUS clean slate 28_07.xlsx|BD clean slate 28_07.xlsx|MAS clean slate 28_07.xlsx|MEX clean slate 28_07.xlsx|NZ clean slate 27_07.xlsx|PHL clean slate 28_07.xlsx|PNG clean slate 28_07.xlsx|PRC clean slate 28_07.xlsx|THA clean slate 28_07.xlsx|USA clean slate 28_07.xlsx|VN clean slate 28_07.xlsx|leap_export_template 03_CDA_COMP_GEN.xlsx|leap_export_template 04_CHL_COMP_GEN.xlsx|leap_export_template 06_HKC_COMP_GEN.xlsx|leap_export_template 07_INA_COMP_GEN.xlsx|leap_export_template 08_JPN_COMP_GEN.xlsx|leap_export_template 09_ROK_COMP_GEN.xlsx|leap_export_template 14_PE_COMP_GEN.xlsx|leap_export_template 16_RUS_COMP_GEN.xlsx|leap_export_template 17_SGP_COMP_GEN.xlsx|leap_export_template 18_CT_COMP_GEN.xlsx,True,explicit_transformation_fuel_leaf_evidence
Transformation\Gas to liquids plants,21,AUS clean slate 28_07.xlsx|BD clean slate 28_07.xlsx|MAS clean slate 28_07.xlsx|MEX clean slate 28_07.xlsx|NZ clean slate 27_07.xlsx|PHL clean slate 28_07.xlsx|PNG clean slate 28_07.xlsx|PRC clean slate 28_07.xlsx|THA clean slate 28_07.xlsx|USA clean slate 28_07.xlsx|VN clean slate 28_07.xlsx|leap_export_template 03_CDA_COMP_GEN.xlsx|leap_export_template 04_CHL_COMP_GEN.xlsx|leap_export_template 06_HKC_COMP_GEN.xlsx|leap_export_template 07_INA_COMP_GEN.xlsx|leap_export_template 08_JPN_COMP_GEN.xlsx|leap_export_template 09_ROK_COMP_GEN.xlsx|leap_export_template 14_PE_COMP_GEN.xlsx|leap_export_template 16_RUS_COMP_GEN.xlsx|leap_export_template 17_SGP_COMP_GEN.xlsx|leap_export_template 18_CT_COMP_GEN.xlsx,False,branch_structure_only
Transformation\Gas to liquids plants\Output Fuels\Gas and diesel oil,21,AUS clean slate 28_07.xlsx|BD clean slate 28_07.xlsx|MAS clean slate 28_07.xlsx|MEX clean slate 28_07.xlsx|NZ clean slate 27_07.xlsx|PHL clean slate 28_07.xlsx|PNG clean slate 28_07.xlsx|PRC clean slate 28_07.xlsx|THA clean slate 28_07.xlsx|USA clean slate 28_07.xlsx|VN clean slate 28_07.xlsx|leap_export_template 03_CDA_COMP_GEN.xlsx|leap_export_template 04_CHL_COMP_GEN.xlsx|leap_export_template 06_HKC_COMP_GEN.xlsx|leap_export_template 07_INA_COMP_GEN.xlsx|leap_export_template 08_JPN_COMP_GEN.xlsx|leap_export_template 09_ROK_COMP_GEN.xlsx|leap_export_template 14_PE_COMP_GEN.xlsx|leap_export_template 16_RUS_COMP_GEN.xlsx|leap_export_template 17_SGP_COMP_GEN.xlsx|leap_export_template 18_CT_COMP_GEN.xlsx,True,explicit_transformation_fuel_leaf_evidence
Transformation\Gas to liquids plants\Output Fuels\Kerosene,21,AUS clean slate 28_07.xlsx|BD clean slate 28_07.xlsx|MAS clean slate 28_07.xlsx|MEX clean slate 28_07.xlsx|NZ clean slate 27_07.xlsx|PHL clean slate 28_07.xlsx|PNG clean slate 28_07.xlsx|PRC clean slate 28_07.xlsx|THA clean slate 28_07.xlsx|USA clean slate 28_07.xlsx|VN clean slate 28_07.xlsx|leap_export_template 03_CDA_COMP_GEN.xlsx|leap_export_template 04_CHL_COMP_GEN.xlsx|leap_export_template 06_HKC_COMP_GEN.xlsx|leap_export_template 07_INA_COMP_GEN.xlsx|leap_export_template 08_JPN_COMP_GEN.xlsx|leap_export_template 09_ROK_COMP_GEN.xlsx|leap_export_template 14_PE_COMP_GEN.xlsx|leap_export_template 16_RUS_COMP_GEN.xlsx|leap_export_template 17_SGP_COMP_GEN.xlsx|leap_export_template 18_CT_COMP_GEN.xlsx,True,explicit_transformation_fuel_leaf_evidence
Transformation\Gas to liquids plants\Output Fuels\LPG,21,AUS clean slate 28_07.xlsx|BD clean slate 28_07.xlsx|MAS clean slate 28_07.xlsx|MEX clean slate 28_07.xlsx|NZ clean slate 27_07.xlsx|PHL clean slate 28_07.xlsx|PNG clean slate 28_07.xlsx|PRC clean slate 28_07.xlsx|THA clean slate 28_07.xlsx|USA clean slate 28_07.xlsx|VN clean slate 28_07.xlsx|leap_export_template 03_CDA_COMP_GEN.xlsx|leap_export_template 04_CHL_COMP_GEN.xlsx|leap_export_template 06_HKC_COMP_GEN.xlsx|leap_export_template 07_INA_COMP_GEN.xlsx|leap_export_template 08_JPN_COMP_GEN.xlsx|leap_export_template 09_ROK_COMP_GEN.xlsx|leap_export_template 14_PE_COMP_GEN.xlsx|leap_export_template 16_RUS_COMP_GEN.xlsx|leap_export_template 17_SGP_COMP_GEN.xlsx|leap_export_template 18_CT_COMP_GEN.xlsx,True,explicit_transformation_fuel_leaf_evidence
Transformation\Gas to liquids plants\Output Fuels\Other products,21,AUS clean slate 28_07.xlsx|BD clean slate 28_07.xlsx|MAS clean slate 28_07.xlsx|MEX clean slate 28_07.xlsx|NZ clean slate 27_07.xlsx|PHL clean slate 28_07.xlsx|PNG clean slate 28_07.xlsx|PRC clean slate 28_07.xlsx|THA clean slate 28_07.xlsx|USA clean slate 28_07.xlsx|VN clean slate 28_07.xlsx|leap_export_template 03_CDA_COMP_GEN.xlsx|leap_export_template 04_CHL_COMP_GEN.xlsx|leap_export_template 06_HKC_COMP_GEN.xlsx|leap_export_template 07_INA_COMP_GEN.xlsx|leap_export_template 08_JPN_COMP_GEN.xlsx|leap_export_template 09_ROK_COMP_GEN.xlsx|leap_export_template 14_PE_COMP_GEN.xlsx|leap_export_template 16_RUS_COMP_GEN.xlsx|leap_export_template 17_SGP_COMP_GEN.xlsx|leap_export_template 18_CT_COMP_GEN.xlsx,True,explicit_transformation_fuel_leaf_evidence
Transformation\Gas to liquids plants\Processes\Gas to liquids plants,21,AUS clean slate 28_07.xlsx|BD clean slate 28_07.xlsx|MAS clean slate 28_07.xlsx|MEX clean slate 28_07.xlsx|NZ clean slate 27_07.xlsx|PHL clean slate 28_07.xlsx|PNG clean slate 28_07.xlsx|PRC clean slate 28_07.xlsx|THA clean slate 28_07.xlsx|USA clean slate 28_07.xlsx|VN clean slate 28_07.xlsx|leap_export_template 03_CDA_COMP_GEN.xlsx|leap_export_template 04_CHL_COMP_GEN.xlsx|leap_export_template 06_HKC_COMP_GEN.xlsx|leap_export_template 07_INA_COMP_GEN.xlsx|leap_export_template 08_JPN_COMP_GEN.xlsx|leap_export_template 09_ROK_COMP_GEN.xlsx|leap_export_template 14_PE_COMP_GEN.xlsx|leap_export_template 16_RUS_COMP_GEN.xlsx|leap_export_template 17_SGP_COMP_GEN.xlsx|leap_export_template 18_CT_COMP_GEN.xlsx,False,branch_structure_only
Transformation\Gas to liquids plants\Processes\Gas to liquids plants\Feedstock Fuels\Natural gas,21,AUS clean slate 28_07.xlsx|BD clean slate 28_07.xlsx|MAS clean slate 28_07.xlsx|MEX clean slate 28_07.xlsx|NZ clean slate 27_07.xlsx|PHL clean slate 28_07.xlsx|PNG clean slate 28_07.xlsx|PRC clean slate 28_07.xlsx|THA clean slate 28_07.xlsx|USA clean slate 28_07.xlsx|VN clean slate 28_07.xlsx|leap_export_template 03_CDA_COMP_GEN.xlsx|leap_export_template 04_CHL_COMP_GEN.xlsx|leap_export_template 06_HKC_COMP_GEN.xlsx|leap_export_template 07_INA_COMP_GEN.xlsx|leap_export_template 08_JPN_COMP_GEN.xlsx|leap_export_template 09_ROK_COMP_GEN.xlsx|leap_export_template 14_PE_COMP_GEN.xlsx|leap_export_template 16_RUS_COMP_GEN.xlsx|leap_export_template 17_SGP_COMP_GEN.xlsx|leap_export_template 18_CT_COMP_GEN.xlsx,True,explicit_transformation_fuel_leaf_evidence
Transformation\Gas works plants,21,AUS clean slate 28_07.xlsx|BD clean slate 28_07.xlsx|MAS clean slate 28_07.xlsx|MEX clean slate 28_07.xlsx|NZ clean slate 27_07.xlsx|PHL clean slate 28_07.xlsx|PNG clean slate 28_07.xlsx|PRC clean slate 28_07.xlsx|THA clean slate 28_07.xlsx|USA clean slate 28_07.xlsx|VN clean slate 28_07.xlsx|leap_export_template 03_CDA_COMP_GEN.xlsx|leap_export_template 04_CHL_COMP_GEN.xlsx|leap_export_template 06_HKC_COMP_GEN.xlsx|leap_export_template 07_INA_COMP_GEN.xlsx|leap_export_template 08_JPN_COMP_GEN.xlsx|leap_export_template 09_ROK_COMP_GEN.xlsx|leap_export_template 14_PE_COMP_GEN.xlsx|leap_export_template 16_RUS_COMP_GEN.xlsx|leap_export_template 17_SGP_COMP_GEN.xlsx|leap_export_template 18_CT_COMP_GEN.xlsx,False,branch_structure_only
Transformation\Gas works plants\Output Fuels\Gas works gas,21,AUS clean slate 28_07.xlsx|BD clean slate 28_07.xlsx|MAS clean slate 28_07.xlsx|MEX clean slate 28_07.xlsx|NZ clean slate 27_07.xlsx|PHL clean slate 28_07.xlsx|PNG clean slate 28_07.xlsx|PRC clean slate 28_07.xlsx|THA clean slate 28_07.xlsx|USA clean slate 28_07.xlsx|VN clean slate 28_07.xlsx|leap_export_template 03_CDA_COMP_GEN.xlsx|leap_export_template 04_CHL_COMP_GEN.xlsx|leap_export_template 06_HKC_COMP_GEN.xlsx|leap_export_template 07_INA_COMP_GEN.xlsx|leap_export_template 08_JPN_COMP_GEN.xlsx|leap_export_template 09_ROK_COMP_GEN.xlsx|leap_export_template 14_PE_COMP_GEN.xlsx|leap_export_template 16_RUS_COMP_GEN.xlsx|leap_export_template 17_SGP_COMP_GEN.xlsx|leap_export_template 18_CT_COMP_GEN.xlsx,True,explicit_transformation_fuel_leaf_evidence
Transformation\Gas works plants\Processes\Gas works plants,21,AUS clean slate 28_07.xlsx|BD clean slate 28_07.xlsx|MAS clean slate 28_07.xlsx|MEX clean slate 28_07.xlsx|NZ clean slate 27_07.xlsx|PHL clean slate 28_07.xlsx|PNG clean slate 28_07.xlsx|PRC clean slate 28_07.xlsx|THA clean slate 28_07.xlsx|USA clean slate 28_07.xlsx|VN clean slate 28_07.xlsx|leap_export_template 03_CDA_COMP_GEN.xlsx|leap_export_template 04_CHL_COMP_GEN.xlsx|leap_export_template 06_HKC_COMP_GEN.xlsx|leap_export_template 07_INA_COMP_GEN.xlsx|leap_export_template 08_JPN_COMP_GEN.xlsx|leap_export_template 09_ROK_COMP_GEN.xlsx|leap_export_template 14_PE_COMP_GEN.xlsx|leap_export_template 16_RUS_COMP_GEN.xlsx|leap_export_template 17_SGP_COMP_GEN.xlsx|leap_export_template 18_CT_COMP_GEN.xlsx,False,branch_structure_only
Transformation\Gas works plants\Processes\Gas works plants\Auxiliary Fuels\Blast furnace gas,21,AUS clean slate 28_07.xlsx|BD clean slate 28_07.xlsx|MAS clean slate 28_07.xlsx|MEX clean slate 28_07.xlsx|NZ clean slate 27_07.xlsx|PHL clean slate 28_07.xlsx|PNG clean slate 28_07.xlsx|PRC clean slate 28_07.xlsx|THA clean slate 28_07.xlsx|USA clean slate 28_07.xlsx|VN clean slate 28_07.xlsx|leap_export_template 03_CDA_COMP_GEN.xlsx|leap_export_template 04_CHL_COMP_GEN.xlsx|leap_export_template 06_HKC_COMP_GEN.xlsx|leap_export_template 07_INA_COMP_GEN.xlsx|leap_export_template 08_JPN_COMP_GEN.xlsx|leap_export_template 09_ROK_COMP_GEN.xlsx|leap_export_template 14_PE_COMP_GEN.xlsx|leap_export_template 16_RUS_COMP_GEN.xlsx|leap_export_template 17_SGP_COMP_GEN.xlsx|leap_export_template 18_CT_COMP_GEN.xlsx,True,explicit_transformation_fuel_leaf_evidence
Transformation\Gas works plants\Processes\Gas works plants\Auxiliary Fuels\Coke oven gas,21,AUS clean slate 28_07.xlsx|BD clean slate 28_07.xlsx|MAS clean slate 28_07.xlsx|MEX clean slate 28_07.xlsx|NZ clean slate 27_07.xlsx|PHL clean slate 28_07.xlsx|PNG clean slate 28_07.xlsx|PRC clean slate 28_07.xlsx|THA clean slate 28_07.xlsx|USA clean slate 28_07.xlsx|VN clean slate 28_07.xlsx|leap_export_template 03_CDA_COMP_GEN.xlsx|leap_export_template 04_CHL_COMP_GEN.xlsx|leap_export_template 06_HKC_COMP_GEN.xlsx|leap_export_template 07_INA_COMP_GEN.xlsx|leap_export_template 08_JPN_COMP_GEN.xlsx|leap_export_template 09_ROK_COMP_GEN.xlsx|leap_export_template 14_PE_COMP_GEN.xlsx|leap_export_template 16_RUS_COMP_GEN.xlsx|leap_export_template 17_SGP_COMP_GEN.xlsx|leap_export_template 18_CT_COMP_GEN.xlsx,True,explicit_transformation_fuel_leaf_evidence
Transformation\Gas works plants\Processes\Gas works plants\Auxiliary Fuels\Electricity,21,AUS clean slate 28_07.xlsx|BD clean slate 28_07.xlsx|MAS clean slate 28_07.xlsx|MEX clean slate 28_07.xlsx|NZ clean slate 27_07.xlsx|PHL clean slate 28_07.xlsx|PNG clean slate 28_07.xlsx|PRC clean slate 28_07.xlsx|THA clean slate 28_07.xlsx|USA clean slate 28_07.xlsx|VN clean slate 28_07.xlsx|leap_export_template 03_CDA_COMP_GEN.xlsx|leap_export_template 04_CHL_COMP_GEN.xlsx|leap_export_template 06_HKC_COMP_GEN.xlsx|leap_export_template 07_INA_COMP_GEN.xlsx|leap_export_template 08_JPN_COMP_GEN.xlsx|leap_export_template 09_ROK_COMP_GEN.xlsx|leap_export_template 14_PE_COMP_GEN.xlsx|leap_export_template 16_RUS_COMP_GEN.xlsx|leap_export_template 17_SGP_COMP_GEN.xlsx|leap_export_template 18_CT_COMP_GEN.xlsx,True,explicit_transformation_fuel_leaf_evidence
Transformation\Gas works plants\Processes\Gas works plants\Auxiliary Fuels\Fuel oil,21,AUS clean slate 28_07.xlsx|BD clean slate 28_07.xlsx|MAS clean slate 28_07.xlsx|MEX clean slate 28_07.xlsx|NZ clean slate 27_07.xlsx|PHL clean slate 28_07.xlsx|PNG clean slate 28_07.xlsx|PRC clean slate 28_07.xlsx|THA clean slate 28_07.xlsx|USA clean slate 28_07.xlsx|VN clean slate 28_07.xlsx|leap_export_template 03_CDA_COMP_GEN.xlsx|leap_export_template 04_CHL_COMP_GEN.xlsx|leap_export_template 06_HKC_COMP_GEN.xlsx|leap_export_template 07_INA_COMP_GEN.xlsx|leap_export_template 08_JPN_COMP_GEN.xlsx|leap_export_template 09_ROK_COMP_GEN.xlsx|leap_export_template 14_PE_COMP_GEN.xlsx|leap_export_template 16_RUS_COMP_GEN.xlsx|leap_export_template 17_SGP_COMP_GEN.xlsx|leap_export_template 18_CT_COMP_GEN.xlsx,True,explicit_transformation_fuel_leaf_evidence
Transformation\Gas works plants\Processes\Gas works plants\Auxiliary Fuels\Gas and diesel oil,21,AUS clean slate 28_07.xlsx|BD clean slate 28_07.xlsx|MAS clean slate 28_07.xlsx|MEX clean slate 28_07.xlsx|NZ clean slate 27_07.xlsx|PHL clean slate 28_07.xlsx|PNG clean slate 28_07.xlsx|PRC clean slate 28_07.xlsx|THA clean slate 28_07.xlsx|USA clean slate 28_07.xlsx|VN clean slate 28_07.xlsx|leap_export_template 03_CDA_COMP_GEN.xlsx|leap_export_template 04_CHL_COMP_GEN.xlsx|leap_export_template 06_HKC_COMP_GEN.xlsx|leap_export_template 07_INA_COMP_GEN.xlsx|leap_export_template 08_JPN_COMP_GEN.xlsx|leap_export_template 09_ROK_COMP_GEN.xlsx|leap_export_template 14_PE_COMP_GEN.xlsx|leap_export_template 16_RUS_COMP_GEN.xlsx|leap_export_template 17_SGP_COMP_GEN.xlsx|leap_export_template 18_CT_COMP_GEN.xlsx,True,explicit_transformation_fuel_leaf_evidence
Transformation\Gas works plants\Processes\Gas works plants\Auxiliary Fuels\Gas works gas,21,AUS clean slate 28_07.xlsx|BD clean slate 28_07.xlsx|MAS clean slate 28_07.xlsx|MEX clean slate 28_07.xlsx|NZ clean slate 27_07.xlsx|PHL clean slate 28_07.xlsx|PNG clean slate 28_07.xlsx|PRC clean slate 28_07.xlsx|THA clean slate 28_07.xlsx|USA clean slate 28_07.xlsx|VN clean slate 28_07.xlsx|leap_export_template 03_CDA_COMP_GEN.xlsx|leap_export_template 04_CHL_COMP_GEN.xlsx|leap_export_template 06_HKC_COMP_GEN.xlsx|leap_export_template 07_INA_COMP_GEN.xlsx|leap_export_template 08_JPN_COMP_GEN.xlsx|leap_export_template 09_ROK_COMP_GEN.xlsx|leap_export_template 14_PE_COMP_GEN.xlsx|leap_export_template 16_RUS_COMP_GEN.xlsx|leap_export_template 17_SGP_COMP_GEN.xlsx|leap_export_template 18_CT_COMP_GEN.xlsx,True,explicit_transformation_fuel_leaf_evidence
Transformation\Gas works plants\Processes\Gas works plants\Auxiliary Fuels\Heat,21,AUS clean slate 28_07.xlsx|BD clean slate 28_07.xlsx|MAS clean slate 28_07.xlsx|MEX clean slate 28_07.xlsx|NZ clean slate 27_07.xlsx|PHL clean slate 28_07.xlsx|PNG clean slate 28_07.xlsx|PRC clean slate 28_07.xlsx|THA clean slate 28_07.xlsx|USA clean slate 28_07.xlsx|VN clean slate 28_07.xlsx|leap_export_template 03_CDA_COMP_GEN.xlsx|leap_export_template 04_CHL_COMP_GEN.xlsx|leap_export_template 06_HKC_COMP_GEN.xlsx|leap_export_template 07_INA_COMP_GEN.xlsx|leap_export_template 08_JPN_COMP_GEN.xlsx|leap_export_template 09_ROK_COMP_GEN.xlsx|leap_export_template 14_PE_COMP_GEN.xlsx|leap_export_template 16_RUS_COMP_GEN.xlsx|leap_export_template 17_SGP_COMP_GEN.xlsx|leap_export_template 18_CT_COMP_GEN.xlsx,True,explicit_transformation_fuel_leaf_evidence
Transformation\Gas works plants\Processes\Gas works plants\Auxiliary Fuels\LPG,21,AUS clean slate 28_07.xlsx|BD clean slate 28_07.xlsx|MAS clean slate 28_07.xlsx|MEX clean slate 28_07.xlsx|NZ clean slate 27_07.xlsx|PHL clean slate 28_07.xlsx|PNG clean slate 28_07.xlsx|PRC clean slate 28_07.xlsx|THA clean slate 28_07.xlsx|USA clean slate 28_07.xlsx|VN clean slate 28_07.xlsx|leap_export_template 03_CDA_COMP_GEN.xlsx|leap_export_template 04_CHL_COMP_GEN.xlsx|leap_export_template 06_HKC_COMP_GEN.xlsx|leap_export_template 07_INA_COMP_GEN.xlsx|leap_export_template 08_JPN_COMP_GEN.xlsx|leap_export_template 09_ROK_COMP_GEN.xlsx|leap_export_template 14_PE_COMP_GEN.xlsx|leap_export_template 16_RUS_COMP_GEN.xlsx|leap_export_template 17_SGP_COMP_GEN.xlsx|leap_export_template 18_CT_COMP_GEN.xlsx,True,explicit_transformation_fuel_leaf_evidence
Transformation\Gas works plants\Processes\Gas works plants\Auxiliary Fuels\Motor gasoline,21,AUS clean slate 28_07.xlsx|BD clean slate 28_07.xlsx|MAS clean slate 28_07.xlsx|MEX clean slate 28_07.xlsx|NZ clean slate 27_07.xlsx|PHL clean slate 28_07.xlsx|PNG clean slate 28_07.xlsx|PRC clean slate 28_07.xlsx|THA clean slate 28_07.xlsx|USA clean slate 28_07.xlsx|VN clean slate 28_07.xlsx|leap_export_template 03_CDA_COMP_GEN.xlsx|leap_export_template 04_CHL_COMP_GEN.xlsx|leap_export_template 06_HKC_COMP_GEN.xlsx|leap_export_template 07_INA_COMP_GEN.xlsx|leap_export_template 08_JPN_COMP_GEN.xlsx|leap_export_template 09_ROK_COMP_GEN.xlsx|leap_export_template 14_PE_COMP_GEN.xlsx|leap_export_template 16_RUS_COMP_GEN.xlsx|leap_export_template 17_SGP_COMP_GEN.xlsx|leap_export_template 18_CT_COMP_GEN.xlsx,True,explicit_transformation_fuel_leaf_evidence
Transformation\Gas works plants\Processes\Gas works plants\Auxiliary Fuels\Natural gas,21,AUS clean slate 28_07.xlsx|BD clean slate 28_07.xlsx|MAS clean slate 28_07.xlsx|MEX clean slate 28_07.xlsx|NZ clean slate 27_07.xlsx|PHL clean slate 28_07.xlsx|PNG clean slate 28_07.xlsx|PRC clean slate 28_07.xlsx|THA clean slate 28_07.xlsx|USA clean slate 28_07.xlsx|VN clean slate 28_07.xlsx|leap_export_template 03_CDA_COMP_GEN.xlsx|leap_export_template 04_CHL_COMP_GEN.xlsx|leap_export_template 06_HKC_COMP_GEN.xlsx|leap_export_template 07_INA_COMP_GEN.xlsx|leap_export_template 08_JPN_COMP_GEN.xlsx|leap_export_template 09_ROK_COMP_GEN.xlsx|leap_export_template 14_PE_COMP_GEN.xlsx|leap_export_template 16_RUS_COMP_GEN.xlsx|leap_export_template 17_SGP_COMP_GEN.xlsx|leap_export_template 18_CT_COMP_GEN.xlsx,True,explicit_transformation_fuel_leaf_evidence
Transformation\Gas works plants\Processes\Gas works plants\Auxiliary Fuels\Other bituminous coal,21,AUS clean slate 28_07.xlsx|BD clean slate 28_07.xlsx|MAS clean slate 28_07.xlsx|MEX clean slate 28_07.xlsx|NZ clean slate 27_07.xlsx|PHL clean slate 28_07.xlsx|PNG clean slate 28_07.xlsx|PRC clean slate 28_07.xlsx|THA clean slate 28_07.xlsx|USA clean slate 28_07.xlsx|VN clean slate 28_07.xlsx|leap_export_template 03_CDA_COMP_GEN.xlsx|leap_export_template 04_CHL_COMP_GEN.xlsx|leap_export_template 06_HKC_COMP_GEN.xlsx|leap_export_template 07_INA_COMP_GEN.xlsx|leap_export_template 08_JPN_COMP_GEN.xlsx|leap_export_template 09_ROK_COMP_GEN.xlsx|leap_export_template 14_PE_COMP_GEN.xlsx|leap_export_template 16_RUS_COMP_GEN.xlsx|leap_export_template 17_SGP_COMP_GEN.xlsx|leap_export_template 18_CT_COMP_GEN.xlsx,True,explicit_transformation_fuel_leaf_evidence
Transformation\Gas works plants\Processes\Gas works plants\Auxiliary Fuels\Other products,21,AUS clean slate 28_07.xlsx|BD clean slate 28_07.xlsx|MAS clean slate 28_07.xlsx|MEX clean slate 28_07.xlsx|NZ clean slate 27_07.xlsx|PHL clean slate 28_07.xlsx|PNG clean slate 28_07.xlsx|PRC clean slate 28_07.xlsx|THA clean slate 28_07.xlsx|USA clean slate 28_07.xlsx|VN clean slate 28_07.xlsx|leap_export_template 03_CDA_COMP_GEN.xlsx|leap_export_template 04_CHL_COMP_GEN.xlsx|leap_export_template 06_HKC_COMP_GEN.xlsx|leap_export_template 07_INA_COMP_GEN.xlsx|leap_export_template 08_JPN_COMP_GEN.xlsx|leap_export_template 09_ROK_COMP_GEN.xlsx|leap_export_template 14_PE_COMP_GEN.xlsx|leap_export_template 16_RUS_COMP_GEN.xlsx|leap_export_template 17_SGP_COMP_GEN.xlsx|leap_export_template 18_CT_COMP_GEN.xlsx,True,explicit_transformation_fuel_leaf_evidence
Transformation\Gas works plants\Processes\Gas works plants\Auxiliary Fuels\Other recovered gases,21,AUS clean slate 28_07.xlsx|BD clean slate 28_07.xlsx|MAS clean slate 28_07.xlsx|MEX clean slate 28_07.xlsx|NZ clean slate 27_07.xlsx|PHL clean slate 28_07.xlsx|PNG clean slate 28_07.xlsx|PRC clean slate 28_07.xlsx|THA clean slate 28_07.xlsx|USA clean slate 28_07.xlsx|VN clean slate 28_07.xlsx|leap_export_template 03_CDA_COMP_GEN.xlsx|leap_export_template 04_CHL_COMP_GEN.xlsx|leap_export_template 06_HKC_COMP_GEN.xlsx|leap_export_template 07_INA_COMP_GEN.xlsx|leap_export_template 08_JPN_COMP_GEN.xlsx|leap_export_template 09_ROK_COMP_GEN.xlsx|leap_export_template 14_PE_COMP_GEN.xlsx|leap_export_template 16_RUS_COMP_GEN.xlsx|leap_export_template 17_SGP_COMP_GEN.xlsx|leap_export_template 18_CT_COMP_GEN.xlsx,True,explicit_transformation_fuel_leaf_evidence
Transformation\Gas works plants\Processes\Gas works plants\Feedstock Fuels\Coal tar,21,AUS clean slate 28_07.xlsx|BD clean slate 28_07.xlsx|MAS clean slate 28_07.xlsx|MEX clean slate 28_07.xlsx|NZ clean slate 27_07.xlsx|PHL clean slate 28_07.xlsx|PNG clean slate 28_07.xlsx|PRC clean slate 28_07.xlsx|THA clean slate 28_07.xlsx|USA clean slate 28_07.xlsx|VN clean slate 28_07.xlsx|leap_export_template 03_CDA_COMP_GEN.xlsx|leap_export_template 04_CHL_COMP_GEN.xlsx|leap_export_template 06_HKC_COMP_GEN.xlsx|leap_export_template 07_INA_COMP_GEN.xlsx|leap_export_template 08_JPN_COMP_GEN.xlsx|leap_export_template 09_ROK_COMP_GEN.xlsx|leap_export_template 14_PE_COMP_GEN.xlsx|leap_export_template 16_RUS_COMP_GEN.xlsx|leap_export_template 17_SGP_COMP_GEN.xlsx|leap_export_template 18_CT_COMP_GEN.xlsx,True,explicit_transformation_fuel_leaf_evidence
Transformation\Gas works plants\Processes\Gas works plants\Feedstock Fuels\Coke oven coke,21,AUS clean slate 28_07.xlsx|BD clean slate 28_07.xlsx|MAS clean slate 28_07.xlsx|MEX clean slate 28_07.xlsx|NZ clean slate 27_07.xlsx|PHL clean slate 28_07.xlsx|PNG clean slate 28_07.xlsx|PRC clean slate 28_07.xlsx|THA clean slate 28_07.xlsx|USA clean slate 28_07.xlsx|VN clean slate 28_07.xlsx|leap_export_template 03_CDA_COMP_GEN.xlsx|leap_export_template 04_CHL_COMP_GEN.xlsx|leap_export_template 06_HKC_COMP_GEN.xlsx|leap_export_template 07_INA_COMP_GEN.xlsx|leap_export_template 08_JPN_COMP_GEN.xlsx|leap_export_template 09_ROK_COMP_GEN.xlsx|leap_export_template 14_PE_COMP_GEN.xlsx|leap_export_template 16_RUS_COMP_GEN.xlsx|leap_export_template 17_SGP_COMP_GEN.xlsx|leap_export_template 18_CT_COMP_GEN.xlsx,True,explicit_transformation_fuel_leaf_evidence
Transformation\Gas works plants\Processes\Gas works plants\Feedstock Fuels\Coke oven gas,21,AUS clean slate 28_07.xlsx|BD clean slate 28_07.xlsx|MAS clean slate 28_07.xlsx|MEX clean slate 28_07.xlsx|NZ clean slate 27_07.xlsx|PHL clean slate 28_07.xlsx|PNG clean slate 28_07.xlsx|PRC clean slate 28_07.xlsx|THA clean slate 28_07.xlsx|USA clean slate 28_07.xlsx|VN clean slate 28_07.xlsx|leap_export_template 03_CDA_COMP_GEN.xlsx|leap_export_template 04_CHL_COMP_GEN.xlsx|leap_export_template 06_HKC_COMP_GEN.xlsx|leap_export_template 07_INA_COMP_GEN.xlsx|leap_export_template 08_JPN_COMP_GEN.xlsx|leap_export_template 09_ROK_COMP_GEN.xlsx|leap_export_template 14_PE_COMP_GEN.xlsx|leap_export_template 16_RUS_COMP_GEN.xlsx|leap_export_template 17_SGP_COMP_GEN.xlsx|leap_export_template 18_CT_COMP_GEN.xlsx,True,explicit_transformation_fuel_leaf_evidence
Transformation\Gas works plants\Processes\Gas works plants\Feedstock Fuels\LPG,21,AUS clean slate 28_07.xlsx|BD clean slate 28_07.xlsx|MAS clean slate 28_07.xlsx|MEX clean slate 28_07.xlsx|NZ clean slate 27_07.xlsx|PHL clean slate 28_07.xlsx|PNG clean slate 28_07.xlsx|PRC clean slate 28_07.xlsx|THA clean slate 28_07.xlsx|USA clean slate 28_07.xlsx|VN clean slate 28_07.xlsx|leap_export_template 03_CDA_COMP_GEN.xlsx|leap_export_template 04_CHL_COMP_GEN.xlsx|leap_export_template 06_HKC_COMP_GEN.xlsx|leap_export_template 07_INA_COMP_GEN.xlsx|leap_export_template 08_JPN_COMP_GEN.xlsx|leap_export_template 09_ROK_COMP_GEN.xlsx|leap_export_template 14_PE_COMP_GEN.xlsx|leap_export_template 16_RUS_COMP_GEN.xlsx|leap_export_template 17_SGP_COMP_GEN.xlsx|leap_export_template 18_CT_COMP_GEN.xlsx,True,explicit_transformation_fuel_leaf_evidence
Transformation\Gas works plants\Processes\Gas works plants\Feedstock Fuels\Lignite,21,AUS clean slate 28_07.xlsx|BD clean slate 28_07.xlsx|MAS clean slate 28_07.xlsx|MEX clean slate 28_07.xlsx|NZ clean slate 27_07.xlsx|PHL clean slate 28_07.xlsx|PNG clean slate 28_07.xlsx|PRC clean slate 28_07.xlsx|THA clean slate 28_07.xlsx|USA clean slate 28_07.xlsx|VN clean slate 28_07.xlsx|leap_export_template 03_CDA_COMP_GEN.xlsx|leap_export_template 04_CHL_COMP_GEN.xlsx|leap_export_template 06_HKC_COMP_GEN.xlsx|leap_export_template 07_INA_COMP_GEN.xlsx|leap_export_template 08_JPN_COMP_GEN.xlsx|leap_export_template 09_ROK_COMP_GEN.xlsx|leap_export_template 14_PE_COMP_GEN.xlsx|leap_export_template 16_RUS_COMP_GEN.xlsx|leap_export_template 17_SGP_COMP_GEN.xlsx|leap_export_template 18_CT_COMP_GEN.xlsx,True,explicit_transformation_fuel_leaf_evidence
Transformation\Gas works plants\Processes\Gas works plants\Feedstock Fuels\Naphtha,21,AUS clean slate 28_07.xlsx|BD clean slate 28_07.xlsx|MAS clean slate 28_07.xlsx|MEX clean slate 28_07.xlsx|NZ clean slate 27_07.xlsx|PHL clean slate 28_07.xlsx|PNG clean slate 28_07.xlsx|PRC clean slate 28_07.xlsx|THA clean slate 28_07.xlsx|USA clean slate 28_07.xlsx|VN clean slate 28_07.xlsx|leap_export_template 03_CDA_COMP_GEN.xlsx|leap_export_template 04_CHL_COMP_GEN.xlsx|leap_export_template 06_HKC_COMP_GEN.xlsx|leap_export_template 07_INA_COMP_GEN.xlsx|leap_export_template 08_JPN_COMP_GEN.xlsx|leap_export_template 09_ROK_COMP_GEN.xlsx|leap_export_template 14_PE_COMP_GEN.xlsx|leap_export_template 16_RUS_COMP_GEN.xlsx|leap_export_template 17_SGP_COMP_GEN.xlsx|leap_export_template 18_CT_COMP_GEN.xlsx,True,explicit_transformation_fuel_leaf_evidence
Transformation\Gas works plants\Processes\Gas works plants\Feedstock Fuels\Natural gas,21,AUS clean slate 28_07.xlsx|BD clean slate 28_07.xlsx|MAS clean slate 28_07.xlsx|MEX clean slate 28_07.xlsx|NZ clean slate 27_07.xlsx|PHL clean slate 28_07.xlsx|PNG clean slate 28_07.xlsx|PRC clean slate 28_07.xlsx|THA clean slate 28_07.xlsx|USA clean slate 28_07.xlsx|VN clean slate 28_07.xlsx|leap_export_template 03_CDA_COMP_GEN.xlsx|leap_export_template 04_CHL_COMP_GEN.xlsx|leap_export_template 06_HKC_COMP_GEN.xlsx|leap_export_template 07_INA_COMP_GEN.xlsx|leap_export_template 08_JPN_COMP_GEN.xlsx|leap_export_template 09_ROK_COMP_GEN.xlsx|leap_export_template 14_PE_COMP_GEN.xlsx|leap_export_template 16_RUS_COMP_GEN.xlsx|leap_export_template 17_SGP_COMP_GEN.xlsx|leap_export_template 18_CT_COMP_GEN.xlsx,True,explicit_transformation_fuel_leaf_evidence
Transformation\Gas works plants\Processes\Gas works plants\Feedstock Fuels\Other bituminous coal,21,AUS clean slate 28_07.xlsx|BD clean slate 28_07.xlsx|MAS clean slate 28_07.xlsx|MEX clean slate 28_07.xlsx|NZ clean slate 27_07.xlsx|PHL clean slate 28_07.xlsx|PNG clean slate 28_07.xlsx|PRC clean slate 28_07.xlsx|THA clean slate 28_07.xlsx|USA clean slate 28_07.xlsx|VN clean slate 28_07.xlsx|leap_export_template 03_CDA_COMP_GEN.xlsx|leap_export_template 04_CHL_COMP_GEN.xlsx|leap_export_template 06_HKC_COMP_GEN.xlsx|leap_export_template 07_INA_COMP_GEN.xlsx|leap_export_template 08_JPN_COMP_GEN.xlsx|leap_export_template 09_ROK_COMP_GEN.xlsx|leap_export_template 14_PE_COMP_GEN.xlsx|leap_export_template 16_RUS_COMP_GEN.xlsx|leap_export_template 17_SGP_COMP_GEN.xlsx|leap_export_template 18_CT_COMP_GEN.xlsx,True,explicit_transformation_fuel_leaf_evidence
Transformation\Gas works plants\Processes\Gas works plants\Feedstock Fuels\Petroleum coke,21,AUS clean slate 28_07.xlsx|BD clean slate 28_07.xlsx|MAS clean slate 28_07.xlsx|MEX clean slate 28_07.xlsx|NZ clean slate 27_07.xlsx|PHL clean slate 28_07.xlsx|PNG clean slate 28_07.xlsx|PRC clean slate 28_07.xlsx|THA clean slate 28_07.xlsx|USA clean slate 28_07.xlsx|VN clean slate 28_07.xlsx|leap_export_template 03_CDA_COMP_GEN.xlsx|leap_export_template 04_CHL_COMP_GEN.xlsx|leap_export_template 06_HKC_COMP_GEN.xlsx|leap_export_template 07_INA_COMP_GEN.xlsx|leap_export_template 08_JPN_COMP_GEN.xlsx|leap_export_template 09_ROK_COMP_GEN.xlsx|leap_export_template 14_PE_COMP_GEN.xlsx|leap_export_template 16_RUS_COMP_GEN.xlsx|leap_export_template 17_SGP_COMP_GEN.xlsx|leap_export_template 18_CT_COMP_GEN.xlsx,True,explicit_transformation_fuel_leaf_evidence
Transformation\Gas works plants\Processes\Gas works plants\Feedstock Fuels\Refinery gas not liquefied,21,AUS clean slate 28_07.xlsx|BD clean slate 28_07.xlsx|MAS clean slate 28_07.xlsx|MEX clean slate 28_07.xlsx|NZ clean slate 27_07.xlsx|PHL clean slate 28_07.xlsx|PNG clean slate 28_07.xlsx|PRC clean slate 28_07.xlsx|THA clean slate 28_07.xlsx|USA clean slate 28_07.xlsx|VN clean slate 28_07.xlsx|leap_export_template 03_CDA_COMP_GEN.xlsx|leap_export_template 04_CHL_COMP_GEN.xlsx|leap_export_template 06_HKC_COMP_GEN.xlsx|leap_export_template 07_INA_COMP_GEN.xlsx|leap_export_template 08_JPN_COMP_GEN.xlsx|leap_export_template 09_ROK_COMP_GEN.xlsx|leap_export_template 14_PE_COMP_GEN.xlsx|leap_export_template 16_RUS_COMP_GEN.xlsx|leap_export_template 17_SGP_COMP_GEN.xlsx|leap_export_template 18_CT_COMP_GEN.xlsx,True,explicit_transformation_fuel_leaf_evidence
Transformation\Heat plant interim,21,AUS clean slate 28_07.xlsx|BD clean slate 28_07.xlsx|MAS clean slate 28_07.xlsx|MEX clean slate 28_07.xlsx|NZ clean slate 27_07.xlsx|PHL clean slate 28_07.xlsx|PNG clean slate 28_07.xlsx|PRC clean slate 28_07.xlsx|THA clean slate 28_07.xlsx|USA clean slate 28_07.xlsx|VN clean slate 28_07.xlsx|leap_export_template 03_CDA_COMP_GEN.xlsx|leap_export_template 04_CHL_COMP_GEN.xlsx|leap_export_template 06_HKC_COMP_GEN.xlsx|leap_export_template 07_INA_COMP_GEN.xlsx|leap_export_template 08_JPN_COMP_GEN.xlsx|leap_export_template 09_ROK_COMP_GEN.xlsx|leap_export_template 14_PE_COMP_GEN.xlsx|leap_export_template 16_RUS_COMP_GEN.xlsx|leap_export_template 17_SGP_COMP_GEN.xlsx|leap_export_template 18_CT_COMP_GEN.xlsx,False,branch_structure_only
Transformation\Heat plant interim\Output Fuels\Heat,21,AUS clean slate 28_07.xlsx|BD clean slate 28_07.xlsx|MAS clean slate 28_07.xlsx|MEX clean slate 28_07.xlsx|NZ clean slate 27_07.xlsx|PHL clean slate 28_07.xlsx|PNG clean slate 28_07.xlsx|PRC clean slate 28_07.xlsx|THA clean slate 28_07.xlsx|USA clean slate 28_07.xlsx|VN clean slate 28_07.xlsx|leap_export_template 03_CDA_COMP_GEN.xlsx|leap_export_template 04_CHL_COMP_GEN.xlsx|leap_export_template 06_HKC_COMP_GEN.xlsx|leap_export_template 07_INA_COMP_GEN.xlsx|leap_export_template 08_JPN_COMP_GEN.xlsx|leap_export_template 09_ROK_COMP_GEN.xlsx|leap_export_template 14_PE_COMP_GEN.xlsx|leap_export_template 16_RUS_COMP_GEN.xlsx|leap_export_template 17_SGP_COMP_GEN.xlsx|leap_export_template 18_CT_COMP_GEN.xlsx,True,explicit_transformation_fuel_leaf_evidence
Transformation\Heat plant interim\Processes\Heat plant interim,21,AUS clean slate 28_07.xlsx|BD clean slate 28_07.xlsx|MAS clean slate 28_07.xlsx|MEX clean slate 28_07.xlsx|NZ clean slate 27_07.xlsx|PHL clean slate 28_07.xlsx|PNG clean slate 28_07.xlsx|PRC clean slate 28_07.xlsx|THA clean slate 28_07.xlsx|USA clean slate 28_07.xlsx|VN clean slate 28_07.xlsx|leap_export_template 03_CDA_COMP_GEN.xlsx|leap_export_template 04_CHL_COMP_GEN.xlsx|leap_export_template 06_HKC_COMP_GEN.xlsx|leap_export_template 07_INA_COMP_GEN.xlsx|leap_export_template 08_JPN_COMP_GEN.xlsx|leap_export_template 09_ROK_COMP_GEN.xlsx|leap_export_template 14_PE_COMP_GEN.xlsx|leap_export_template 16_RUS_COMP_GEN.xlsx|leap_export_template 17_SGP_COMP_GEN.xlsx|leap_export_template 18_CT_COMP_GEN.xlsx,False,branch_structure_only
Transformation\Heat plant interim\Processes\Heat plant interim\Feedstock Fuels\Anthracite,21,AUS clean slate 28_07.xlsx|BD clean slate 28_07.xlsx|MAS clean slate 28_07.xlsx|MEX clean slate 28_07.xlsx|NZ clean slate 27_07.xlsx|PHL clean slate 28_07.xlsx|PNG clean slate 28_07.xlsx|PRC clean slate 28_07.xlsx|THA clean slate 28_07.xlsx|USA clean slate 28_07.xlsx|VN clean slate 28_07.xlsx|leap_export_template 03_CDA_COMP_GEN.xlsx|leap_export_template 04_CHL_COMP_GEN.xlsx|leap_export_template 06_HKC_COMP_GEN.xlsx|leap_export_template 07_INA_COMP_GEN.xlsx|leap_export_template 08_JPN_COMP_GEN.xlsx|leap_export_template 09_ROK_COMP_GEN.xlsx|leap_export_template 14_PE_COMP_GEN.xlsx|leap_export_template 16_RUS_COMP_GEN.xlsx|leap_export_template 17_SGP_COMP_GEN.xlsx|leap_export_template 18_CT_COMP_GEN.xlsx,True,explicit_transformation_fuel_leaf_evidence
Transformation\Heat plant interim\Processes\Heat plant interim\Feedstock Fuels\Biogas,21,AUS clean slate 28_07.xlsx|BD clean slate 28_07.xlsx|MAS clean slate 28_07.xlsx|MEX clean slate 28_07.xlsx|NZ clean slate 27_07.xlsx|PHL clean slate 28_07.xlsx|PNG clean slate 28_07.xlsx|PRC clean slate 28_07.xlsx|THA clean slate 28_07.xlsx|USA clean slate 28_07.xlsx|VN clean slate 28_07.xlsx|leap_export_template 03_CDA_COMP_GEN.xlsx|leap_export_template 04_CHL_COMP_GEN.xlsx|leap_export_template 06_HKC_COMP_GEN.xlsx|leap_export_template 07_INA_COMP_GEN.xlsx|leap_export_template 08_JPN_COMP_GEN.xlsx|leap_export_template 09_ROK_COMP_GEN.xlsx|leap_export_template 14_PE_COMP_GEN.xlsx|leap_export_template 16_RUS_COMP_GEN.xlsx|leap_export_template 17_SGP_COMP_GEN.xlsx|leap_export_template 18_CT_COMP_GEN.xlsx,True,explicit_transformation_fuel_leaf_evidence
Transformation\Heat plant interim\Processes\Heat plant interim\Feedstock Fuels\Bitumen,21,AUS clean slate 28_07.xlsx|BD clean slate 28_07.xlsx|MAS clean slate 28_07.xlsx|MEX clean slate 28_07.xlsx|NZ clean slate 27_07.xlsx|PHL clean slate 28_07.xlsx|PNG clean slate 28_07.xlsx|PRC clean slate 28_07.xlsx|THA clean slate 28_07.xlsx|USA clean slate 28_07.xlsx|VN clean slate 28_07.xlsx|leap_export_template 03_CDA_COMP_GEN.xlsx|leap_export_template 04_CHL_COMP_GEN.xlsx|leap_export_template 06_HKC_COMP_GEN.xlsx|leap_export_template 07_INA_COMP_GEN.xlsx|leap_export_template 08_JPN_COMP_GEN.xlsx|leap_export_template 09_ROK_COMP_GEN.xlsx|leap_export_template 14_PE_COMP_GEN.xlsx|leap_export_template 16_RUS_COMP_GEN.xlsx|leap_export_template 17_SGP_COMP_GEN.xlsx|leap_export_template 18_CT_COMP_GEN.xlsx,True,explicit_transformation_fuel_leaf_evidence
Transformation\Heat plant interim\Processes\Heat plant interim\Feedstock Fuels\Coke oven coke,21,AUS clean slate 28_07.xlsx|BD clean slate 28_07.xlsx|MAS clean slate 28_07.xlsx|MEX clean slate 28_07.xlsx|NZ clean slate 27_07.xlsx|PHL clean slate 28_07.xlsx|PNG clean slate 28_07.xlsx|PRC clean slate 28_07.xlsx|THA clean slate 28_07.xlsx|USA clean slate 28_07.xlsx|VN clean slate 28_07.xlsx|leap_export_template 03_CDA_COMP_GEN.xlsx|leap_export_template 04_CHL_COMP_GEN.xlsx|leap_export_template 06_HKC_COMP_GEN.xlsx|leap_export_template 07_INA_COMP_GEN.xlsx|leap_export_template 08_JPN_COMP_GEN.xlsx|leap_export_template 09_ROK_COMP_GEN.xlsx|leap_export_template 14_PE_COMP_GEN.xlsx|leap_export_template 16_RUS_COMP_GEN.xlsx|leap_export_template 17_SGP_COMP_GEN.xlsx|leap_export_template 18_CT_COMP_GEN.xlsx,True,explicit_transformation_fuel_leaf_evidence
Transformation\Heat plant interim\Processes\Heat plant interim\Feedstock Fuels\Crude oil,21,AUS clean slate 28_07.xlsx|BD clean slate 28_07.xlsx|MAS clean slate 28_07.xlsx|MEX clean slate 28_07.xlsx|NZ clean slate 27_07.xlsx|PHL clean slate 28_07.xlsx|PNG clean slate 28_07.xlsx|PRC clean slate 28_07.xlsx|THA clean slate 28_07.xlsx|USA clean slate 28_07.xlsx|VN clean slate 28_07.xlsx|leap_export_template 03_CDA_COMP_GEN.xlsx|leap_export_template 04_CHL_COMP_GEN.xlsx|leap_export_template 06_HKC_COMP_GEN.xlsx|leap_export_template 07_INA_COMP_GEN.xlsx|leap_export_template 08_JPN_COMP_GEN.xlsx|leap_export_template 09_ROK_COMP_GEN.xlsx|leap_export_template 14_PE_COMP_GEN.xlsx|leap_export_template 16_RUS_COMP_GEN.xlsx|leap_export_template 17_SGP_COMP_GEN.xlsx|leap_export_template 18_CT_COMP_GEN.xlsx,True,explicit_transformation_fuel_leaf_evidence
Transformation\Heat plant interim\Processes\Heat plant interim\Feedstock Fuels\Electricity,21,AUS clean slate 28_07.xlsx|BD clean slate 28_07.xlsx|MAS clean slate 28_07.xlsx|MEX clean slate 28_07.xlsx|NZ clean slate 27_07.xlsx|PHL clean slate 28_07.xlsx|PNG clean slate 28_07.xlsx|PRC clean slate 28_07.xlsx|THA clean slate 28_07.xlsx|USA clean slate 28_07.xlsx|VN clean slate 28_07.xlsx|leap_export_template 03_CDA_COMP_GEN.xlsx|leap_export_template 04_CHL_COMP_GEN.xlsx|leap_export_template 06_HKC_COMP_GEN.xlsx|leap_export_template 07_INA_COMP_GEN.xlsx|leap_export_template 08_JPN_COMP_GEN.xlsx|leap_export_template 09_ROK_COMP_GEN.xlsx|leap_export_template 14_PE_COMP_GEN.xlsx|leap_export_template 16_RUS_COMP_GEN.xlsx|leap_export_template 17_SGP_COMP_GEN.xlsx|leap_export_template 18_CT_COMP_GEN.xlsx,True,explicit_transformation_fuel_leaf_evidence
Transformation\Heat plant interim\Processes\Heat plant interim\Feedstock Fuels\Fuel oil,21,AUS clean slate 28_07.xlsx|BD clean slate 28_07.xlsx|MAS clean slate 28_07.xlsx|MEX clean slate 28_07.xlsx|NZ clean slate 27_07.xlsx|PHL clean slate 28_07.xlsx|PNG clean slate 28_07.xlsx|PRC clean slate 28_07.xlsx|THA clean slate 28_07.xlsx|USA clean slate 28_07.xlsx|VN clean slate 28_07.xlsx|leap_export_template 03_CDA_COMP_GEN.xlsx|leap_export_template 04_CHL_COMP_GEN.xlsx|leap_export_template 06_HKC_COMP_GEN.xlsx|leap_export_template 07_INA_COMP_GEN.xlsx|leap_export_template 08_JPN_COMP_GEN.xlsx|leap_export_template 09_ROK_COMP_GEN.xlsx|leap_export_template 14_PE_COMP_GEN.xlsx|leap_export_template 16_RUS_COMP_GEN.xlsx|leap_export_template 17_SGP_COMP_GEN.xlsx|leap_export_template 18_CT_COMP_GEN.xlsx,True,explicit_transformation_fuel_leaf_evidence
Transformation\Heat plant interim\Processes\Heat plant interim\Feedstock Fuels\Gas and diesel oil,21,AUS clean slate 28_07.xlsx|BD clean slate 28_07.xlsx|MAS clean slate 28_07.xlsx|MEX clean slate 28_07.xlsx|NZ clean slate 27_07.xlsx|PHL clean slate 28_07.xlsx|PNG clean slate 28_07.xlsx|PRC clean slate 28_07.xlsx|THA clean slate 28_07.xlsx|USA clean slate 28_07.xlsx|VN clean slate 28_07.xlsx|leap_export_template 03_CDA_COMP_GEN.xlsx|leap_export_template 04_CHL_COMP_GEN.xlsx|leap_export_template 06_HKC_COMP_GEN.xlsx|leap_export_template 07_INA_COMP_GEN.xlsx|leap_export_template 08_JPN_COMP_GEN.xlsx|leap_export_template 09_ROK_COMP_GEN.xlsx|leap_export_template 14_PE_COMP_GEN.xlsx|leap_export_template 16_RUS_COMP_GEN.xlsx|leap_export_template 17_SGP_COMP_GEN.xlsx|leap_export_template 18_CT_COMP_GEN.xlsx,True,explicit_transformation_fuel_leaf_evidence
Transformation\Heat plant interim\Processes\Heat plant interim\Feedstock Fuels\Gas works gas,21,AUS clean slate 28_07.xlsx|BD clean slate 28_07.xlsx|MAS clean slate 28_07.xlsx|MEX clean slate 28_07.xlsx|NZ clean slate 27_07.xlsx|PHL clean slate 28_07.xlsx|PNG clean slate 28_07.xlsx|PRC clean slate 28_07.xlsx|THA clean slate 28_07.xlsx|USA clean slate 28_07.xlsx|VN clean slate 28_07.xlsx|leap_export_template 03_CDA_COMP_GEN.xlsx|leap_export_template 04_CHL_COMP_GEN.xlsx|leap_export_template 06_HKC_COMP_GEN.xlsx|leap_export_template 07_INA_COMP_GEN.xlsx|leap_export_template 08_JPN_COMP_GEN.xlsx|leap_export_template 09_ROK_COMP_GEN.xlsx|leap_export_template 14_PE_COMP_GEN.xlsx|leap_export_template 16_RUS_COMP_GEN.xlsx|leap_export_template 17_SGP_COMP_GEN.xlsx|leap_export_template 18_CT_COMP_GEN.xlsx,True,explicit_transformation_fuel_leaf_evidence
Transformation\Heat plant interim\Processes\Heat plant interim\Feedstock Fuels\Industrial waste,21,AUS clean slate 28_07.xlsx|BD clean slate 28_07.xlsx|MAS clean slate 28_07.xlsx|MEX clean slate 28_07.xlsx|NZ clean slate 27_07.xlsx|PHL clean slate 28_07.xlsx|PNG clean slate 28_07.xlsx|PRC clean slate 28_07.xlsx|THA clean slate 28_07.xlsx|USA clean slate 28_07.xlsx|VN clean slate 28_07.xlsx|leap_export_template 03_CDA_COMP_GEN.xlsx|leap_export_template 04_CHL_COMP_GEN.xlsx|leap_export_template 06_HKC_COMP_GEN.xlsx|leap_export_template 07_INA_COMP_GEN.xlsx|leap_export_template 08_JPN_COMP_GEN.xlsx|leap_export_template 09_ROK_COMP_GEN.xlsx|leap_export_template 14_PE_COMP_GEN.xlsx|leap_export_template 16_RUS_COMP_GEN.xlsx|leap_export_template 17_SGP_COMP_GEN.xlsx|leap_export_template 18_CT_COMP_GEN.xlsx,True,explicit_transformation_fuel_leaf_evidence
Transformation\Heat plant interim\Processes\Heat plant interim\Feedstock Fuels\Kerosene,21,AUS clean slate 28_07.xlsx|BD clean slate 28_07.xlsx|MAS clean slate 28_07.xlsx|MEX clean slate 28_07.xlsx|NZ clean slate 27_07.xlsx|PHL clean slate 28_07.xlsx|PNG clean slate 28_07.xlsx|PRC clean slate 28_07.xlsx|THA clean slate 28_07.xlsx|USA clean slate 28_07.xlsx|VN clean slate 28_07.xlsx|leap_export_template 03_CDA_COMP_GEN.xlsx|leap_export_template 04_CHL_COMP_GEN.xlsx|leap_export_template 06_HKC_COMP_GEN.xlsx|leap_export_template 07_INA_COMP_GEN.xlsx|leap_export_template 08_JPN_COMP_GEN.xlsx|leap_export_template 09_ROK_COMP_GEN.xlsx|leap_export_template 14_PE_COMP_GEN.xlsx|leap_export_template 16_RUS_COMP_GEN.xlsx|leap_export_template 17_SGP_COMP_GEN.xlsx|leap_export_template 18_CT_COMP_GEN.xlsx,True,explicit_transformation_fuel_leaf_evidence
Transformation\Heat plant interim\Processes\Heat plant interim\Feedstock Fuels\LPG,21,AUS clean slate 28_07.xlsx|BD clean slate 28_07.xlsx|MAS clean slate 28_07.xlsx|MEX clean slate 28_07.xlsx|NZ clean slate 27_07.xlsx|PHL clean slate 28_07.xlsx|PNG clean slate 28_07.xlsx|PRC clean slate 28_07.xlsx|THA clean slate 28_07.xlsx|USA clean slate 28_07.xlsx|VN clean slate 28_07.xlsx|leap_export_template 03_CDA_COMP_GEN.xlsx|leap_export_template 04_CHL_COMP_GEN.xlsx|leap_export_template 06_HKC_COMP_GEN.xlsx|leap_export_template 07_INA_COMP_GEN.xlsx|leap_export_template 08_JPN_COMP_GEN.xlsx|leap_export_template 09_ROK_COMP_GEN.xlsx|leap_export_template 14_PE_COMP_GEN.xlsx|leap_export_template 16_RUS_COMP_GEN.xlsx|leap_export_template 17_SGP_COMP_GEN.xlsx|leap_export_template 18_CT_COMP_GEN.xlsx,True,explicit_transformation_fuel_leaf_evidence
Transformation\Heat plant interim\Processes\Heat plant interim\Feedstock Fuels\Lignite,21,AUS clean slate 28_07.xlsx|BD clean slate 28_07.xlsx|MAS clean slate 28_07.xlsx|MEX clean slate 28_07.xlsx|NZ clean slate 27_07.xlsx|PHL clean slate 28_07.xlsx|PNG clean slate 28_07.xlsx|PRC clean slate 28_07.xlsx|THA clean slate 28_07.xlsx|USA clean slate 28_07.xlsx|VN clean slate 28_07.xlsx|leap_export_template 03_CDA_COMP_GEN.xlsx|leap_export_template 04_CHL_COMP_GEN.xlsx|leap_export_template 06_HKC_COMP_GEN.xlsx|leap_export_template 07_INA_COMP_GEN.xlsx|leap_export_template 08_JPN_COMP_GEN.xlsx|leap_export_template 09_ROK_COMP_GEN.xlsx|leap_export_template 14_PE_COMP_GEN.xlsx|leap_export_template 16_RUS_COMP_GEN.xlsx|leap_export_template 17_SGP_COMP_GEN.xlsx|leap_export_template 18_CT_COMP_GEN.xlsx,True,explicit_transformation_fuel_leaf_evidence
Transformation\Heat plant interim\Processes\Heat plant interim\Feedstock Fuels\Municipal solid waste non renewable,21,AUS clean slate 28_07.xlsx|BD clean slate 28_07.xlsx|MAS clean slate 28_07.xlsx|MEX clean slate 28_07.xlsx|NZ clean slate 27_07.xlsx|PHL clean slate 28_07.xlsx|PNG clean slate 28_07.xlsx|PRC clean slate 28_07.xlsx|THA clean slate 28_07.xlsx|USA clean slate 28_07.xlsx|VN clean slate 28_07.xlsx|leap_export_template 03_CDA_COMP_GEN.xlsx|leap_export_template 04_CHL_COMP_GEN.xlsx|leap_export_template 06_HKC_COMP_GEN.xlsx|leap_export_template 07_INA_COMP_GEN.xlsx|leap_export_template 08_JPN_COMP_GEN.xlsx|leap_export_template 09_ROK_COMP_GEN.xlsx|leap_export_template 14_PE_COMP_GEN.xlsx|leap_export_template 16_RUS_COMP_GEN.xlsx|leap_export_template 17_SGP_COMP_GEN.xlsx|leap_export_template 18_CT_COMP_GEN.xlsx,True,explicit_transformation_fuel_leaf_evidence
Transformation\Heat plant interim\Processes\Heat plant interim\Feedstock Fuels\Municipal solid waste renewable,21,AUS clean slate 28_07.xlsx|BD clean slate 28_07.xlsx|MAS clean slate 28_07.xlsx|MEX clean slate 28_07.xlsx|NZ clean slate 27_07.xlsx|PHL clean slate 28_07.xlsx|PNG clean slate 28_07.xlsx|PRC clean slate 28_07.xlsx|THA clean slate 28_07.xlsx|USA clean slate 28_07.xlsx|VN clean slate 28_07.xlsx|leap_export_template 03_CDA_COMP_GEN.xlsx|leap_export_template 04_CHL_COMP_GEN.xlsx|leap_export_template 06_HKC_COMP_GEN.xlsx|leap_export_template 07_INA_COMP_GEN.xlsx|leap_export_template 08_JPN_COMP_GEN.xlsx|leap_export_template 09_ROK_COMP_GEN.xlsx|leap_export_template 14_PE_COMP_GEN.xlsx|leap_export_template 16_RUS_COMP_GEN.xlsx|leap_export_template 17_SGP_COMP_GEN.xlsx|leap_export_template 18_CT_COMP_GEN.xlsx,True,explicit_transformation_fuel_leaf_evidence
Transformation\Heat plant interim\Processes\Heat plant interim\Feedstock Fuels\Naphtha,21,AUS clean slate 28_07.xlsx|BD clean slate 28_07.xlsx|MAS clean slate 28_07.xlsx|MEX clean slate 28_07.xlsx|NZ clean slate 27_07.xlsx|PHL clean slate 28_07.xlsx|PNG clean slate 28_07.xlsx|PRC clean slate 28_07.xlsx|THA clean slate 28_07.xlsx|USA clean slate 28_07.xlsx|VN clean slate 28_07.xlsx|leap_export_template 03_CDA_COMP_GEN.xlsx|leap_export_template 04_CHL_COMP_GEN.xlsx|leap_export_template 06_HKC_COMP_GEN.xlsx|leap_export_template 07_INA_COMP_GEN.xlsx|leap_export_template 08_JPN_COMP_GEN.xlsx|leap_export_template 09_ROK_COMP_GEN.xlsx|leap_export_template 14_PE_COMP_GEN.xlsx|leap_export_template 16_RUS_COMP_GEN.xlsx|leap_export_template 17_SGP_COMP_GEN.xlsx|leap_export_template 18_CT_COMP_GEN.xlsx,True,explicit_transformation_fuel_leaf_evidence
Transformation\Heat plant interim\Processes\Heat plant interim\Feedstock Fuels\Natural gas,21,AUS clean slate 28_07.xlsx|BD clean slate 28_07.xlsx|MAS clean slate 28_07.xlsx|MEX clean slate 28_07.xlsx|NZ clean slate 27_07.xlsx|PHL clean slate 28_07.xlsx|PNG clean slate 28_07.xlsx|PRC clean slate 28_07.xlsx|THA clean slate 28_07.xlsx|USA clean slate 28_07.xlsx|VN clean slate 28_07.xlsx|leap_export_template 03_CDA_COMP_GEN.xlsx|leap_export_template 04_CHL_COMP_GEN.xlsx|leap_export_template 06_HKC_COMP_GEN.xlsx|leap_export_template 07_INA_COMP_GEN.xlsx|leap_export_template 08_JPN_COMP_GEN.xlsx|leap_export_template 09_ROK_COMP_GEN.xlsx|leap_export_template 14_PE_COMP_GEN.xlsx|leap_export_template 16_RUS_COMP_GEN.xlsx|leap_export_template 17_SGP_COMP_GEN.xlsx|leap_export_template 18_CT_COMP_GEN.xlsx,True,explicit_transformation_fuel_leaf_evidence
Transformation\Heat plant interim\Processes\Heat plant interim\Feedstock Fuels\Natural gas liquids,21,AUS clean slate 28_07.xlsx|BD clean slate 28_07.xlsx|MAS clean slate 28_07.xlsx|MEX clean slate 28_07.xlsx|NZ clean slate 27_07.xlsx|PHL clean slate 28_07.xlsx|PNG clean slate 28_07.xlsx|PRC clean slate 28_07.xlsx|THA clean slate 28_07.xlsx|USA clean slate 28_07.xlsx|VN clean slate 28_07.xlsx|leap_export_template 03_CDA_COMP_GEN.xlsx|leap_export_template 04_CHL_COMP_GEN.xlsx|leap_export_template 06_HKC_COMP_GEN.xlsx|leap_export_template 07_INA_COMP_GEN.xlsx|leap_export_template 08_JPN_COMP_GEN.xlsx|leap_export_template 09_ROK_COMP_GEN.xlsx|leap_export_template 14_PE_COMP_GEN.xlsx|leap_export_template 16_RUS_COMP_GEN.xlsx|leap_export_template 17_SGP_COMP_GEN.xlsx|leap_export_template 18_CT_COMP_GEN.xlsx,True,explicit_transformation_fuel_leaf_evidence
Transformation\Heat plant interim\Processes\Heat plant interim\Feedstock Fuels\Other biomass,21,AUS clean slate 28_07.xlsx|BD clean slate 28_07.xlsx|MAS clean slate 28_07.xlsx|MEX clean slate 28_07.xlsx|NZ clean slate 27_07.xlsx|PHL clean slate 28_07.xlsx|PNG clean slate 28_07.xlsx|PRC clean slate 28_07.xlsx|THA clean slate 28_07.xlsx|USA clean slate 28_07.xlsx|VN clean slate 28_07.xlsx|leap_export_template 03_CDA_COMP_GEN.xlsx|leap_export_template 04_CHL_COMP_GEN.xlsx|leap_export_template 06_HKC_COMP_GEN.xlsx|leap_export_template 07_INA_COMP_GEN.xlsx|leap_export_template 08_JPN_COMP_GEN.xlsx|leap_export_template 09_ROK_COMP_GEN.xlsx|leap_export_template 14_PE_COMP_GEN.xlsx|leap_export_template 16_RUS_COMP_GEN.xlsx|leap_export_template 17_SGP_COMP_GEN.xlsx|leap_export_template 18_CT_COMP_GEN.xlsx,True,explicit_transformation_fuel_leaf_evidence
Transformation\Heat plant interim\Processes\Heat plant interim\Feedstock Fuels\Other bituminous coal,21,AUS clean slate 28_07.xlsx|BD clean slate 28_07.xlsx|MAS clean slate 28_07.xlsx|MEX clean slate 28_07.xlsx|NZ clean slate 27_07.xlsx|PHL clean slate 28_07.xlsx|PNG clean slate 28_07.xlsx|PRC clean slate 28_07.xlsx|THA clean slate 28_07.xlsx|USA clean slate 28_07.xlsx|VN clean slate 28_07.xlsx|leap_export_template 03_CDA_COMP_GEN.xlsx|leap_export_template 04_CHL_COMP_GEN.xlsx|leap_export_template 06_HKC_COMP_GEN.xlsx|leap_export_template 07_INA_COMP_GEN.xlsx|leap_export_template 08_JPN_COMP_GEN.xlsx|leap_export_template 09_ROK_COMP_GEN.xlsx|leap_export_template 14_PE_COMP_GEN.xlsx|leap_export_template 16_RUS_COMP_GEN.xlsx|leap_export_template 17_SGP_COMP_GEN.xlsx|leap_export_template 18_CT_COMP_GEN.xlsx,True,explicit_transformation_fuel_leaf_evidence
Transformation\Heat plant interim\Processes\Heat plant interim\Feedstock Fuels\Other hydrocarbons,21,AUS clean slate 28_07.xlsx|BD clean slate 28_07.xlsx|MAS clean slate 28_07.xlsx|MEX clean slate 28_07.xlsx|NZ clean slate 27_07.xlsx|PHL clean slate 28_07.xlsx|PNG clean slate 28_07.xlsx|PRC clean slate 28_07.xlsx|THA clean slate 28_07.xlsx|USA clean slate 28_07.xlsx|VN clean slate 28_07.xlsx|leap_export_template 03_CDA_COMP_GEN.xlsx|leap_export_template 04_CHL_COMP_GEN.xlsx|leap_export_template 06_HKC_COMP_GEN.xlsx|leap_export_template 07_INA_COMP_GEN.xlsx|leap_export_template 08_JPN_COMP_GEN.xlsx|leap_export_template 09_ROK_COMP_GEN.xlsx|leap_export_template 14_PE_COMP_GEN.xlsx|leap_export_template 16_RUS_COMP_GEN.xlsx|leap_export_template 17_SGP_COMP_GEN.xlsx|leap_export_template 18_CT_COMP_GEN.xlsx,True,explicit_transformation_fuel_leaf_evidence
Transformation\Heat plant interim\Processes\Heat plant interim\Feedstock Fuels\Other products,21,AUS clean slate 28_07.xlsx|BD clean slate 28_07.xlsx|MAS clean slate 28_07.xlsx|MEX clean slate 28_07.xlsx|NZ clean slate 27_07.xlsx|PHL clean slate 28_07.xlsx|PNG clean slate 28_07.xlsx|PRC clean slate 28_07.xlsx|THA clean slate 28_07.xlsx|USA clean slate 28_07.xlsx|VN clean slate 28_07.xlsx|leap_export_template 03_CDA_COMP_GEN.xlsx|leap_export_template 04_CHL_COMP_GEN.xlsx|leap_export_template 06_HKC_COMP_GEN.xlsx|leap_export_template 07_INA_COMP_GEN.xlsx|leap_export_template 08_JPN_COMP_GEN.xlsx|leap_export_template 09_ROK_COMP_GEN.xlsx|leap_export_template 14_PE_COMP_GEN.xlsx|leap_export_template 16_RUS_COMP_GEN.xlsx|leap_export_template 17_SGP_COMP_GEN.xlsx|leap_export_template 18_CT_COMP_GEN.xlsx,True,explicit_transformation_fuel_leaf_evidence
Transformation\Heat plant interim\Processes\Heat plant interim\Feedstock Fuels\Other sources,21,AUS clean slate 28_07.xlsx|BD clean slate 28_07.xlsx|MAS clean slate 28_07.xlsx|MEX clean slate 28_07.xlsx|NZ clean slate 27_07.xlsx|PHL clean slate 28_07.xlsx|PNG clean slate 28_07.xlsx|PRC clean slate 28_07.xlsx|THA clean slate 28_07.xlsx|USA clean slate 28_07.xlsx|VN clean slate 28_07.xlsx|leap_export_template 03_CDA_COMP_GEN.xlsx|leap_export_template 04_CHL_COMP_GEN.xlsx|leap_export_template 06_HKC_COMP_GEN.xlsx|leap_export_template 07_INA_COMP_GEN.xlsx|leap_export_template 08_JPN_COMP_GEN.xlsx|leap_export_template 09_ROK_COMP_GEN.xlsx|leap_export_template 14_PE_COMP_GEN.xlsx|leap_export_template 16_RUS_COMP_GEN.xlsx|leap_export_template 17_SGP_COMP_GEN.xlsx|leap_export_template 18_CT_COMP_GEN.xlsx,True,explicit_transformation_fuel_leaf_evidence
Transformation\Heat plant interim\Processes\Heat plant interim\Feedstock Fuels\Refinery gas not liquefied,21,AUS clean slate 28_07.xlsx|BD clean slate 28_07.xlsx|MAS clean slate 28_07.xlsx|MEX clean slate 28_07.xlsx|NZ clean slate 27_07.xlsx|PHL clean slate 28_07.xlsx|PNG clean slate 28_07.xlsx|PRC clean slate 28_07.xlsx|THA clean slate 28_07.xlsx|USA clean slate 28_07.xlsx|VN clean slate 28_07.xlsx|leap_export_template 03_CDA_COMP_GEN.xlsx|leap_export_template 04_CHL_COMP_GEN.xlsx|leap_export_template 06_HKC_COMP_GEN.xlsx|leap_export_template 07_INA_COMP_GEN.xlsx|leap_export_template 08_JPN_COMP_GEN.xlsx|leap_export_template 09_ROK_COMP_GEN.xlsx|leap_export_template 14_PE_COMP_GEN.xlsx|leap_export_template 16_RUS_COMP_GEN.xlsx|leap_export_template 17_SGP_COMP_GEN.xlsx|leap_export_template 18_CT_COMP_GEN.xlsx,True,explicit_transformation_fuel_leaf_evidence
Transformation\Heat plants,11,USA clean slate 28_07.xlsx|leap_export_template 03_CDA_COMP_GEN.xlsx|leap_export_template 04_CHL_COMP_GEN.xlsx|leap_export_template 06_HKC_COMP_GEN.xlsx|leap_export_template 07_INA_COMP_GEN.xlsx|leap_export_template 08_JPN_COMP_GEN.xlsx|leap_export_template 09_ROK_COMP_GEN.xlsx|leap_export_template 14_PE_COMP_GEN.xlsx|leap_export_template 16_RUS_COMP_GEN.xlsx|leap_export_template 17_SGP_COMP_GEN.xlsx|leap_export_template 18_CT_COMP_GEN.xlsx,False,branch_structure_only
Transformation\Heat plants\Output Fuels\Heat,11,USA clean slate 28_07.xlsx|leap_export_template 03_CDA_COMP_GEN.xlsx|leap_export_template 04_CHL_COMP_GEN.xlsx|leap_export_template 06_HKC_COMP_GEN.xlsx|leap_export_template 07_INA_COMP_GEN.xlsx|leap_export_template 08_JPN_COMP_GEN.xlsx|leap_export_template 09_ROK_COMP_GEN.xlsx|leap_export_template 14_PE_COMP_GEN.xlsx|leap_export_template 16_RUS_COMP_GEN.xlsx|leap_export_template 17_SGP_COMP_GEN.xlsx|leap_export_template 18_CT_COMP_GEN.xlsx,True,explicit_transformation_fuel_leaf_evidence
Transformation\Heat plants\Processes\Coal HP,11,USA clean slate 28_07.xlsx|leap_export_template 03_CDA_COMP_GEN.xlsx|leap_export_template 04_CHL_COMP_GEN.xlsx|leap_export_template 06_HKC_COMP_GEN.xlsx|leap_export_template 07_INA_COMP_GEN.xlsx|leap_export_template 08_JPN_COMP_GEN.xlsx|leap_export_template 09_ROK_COMP_GEN.xlsx|leap_export_template 14_PE_COMP_GEN.xlsx|leap_export_template 16_RUS_COMP_GEN.xlsx|leap_export_template 17_SGP_COMP_GEN.xlsx|leap_export_template 18_CT_COMP_GEN.xlsx,False,branch_structure_only
Transformation\Heat plants\Processes\Coal HP\Auxiliary Fuels\Electricity,11,USA clean slate 28_07.xlsx|leap_export_template 03_CDA_COMP_GEN.xlsx|leap_export_template 04_CHL_COMP_GEN.xlsx|leap_export_template 06_HKC_COMP_GEN.xlsx|leap_export_template 07_INA_COMP_GEN.xlsx|leap_export_template 08_JPN_COMP_GEN.xlsx|leap_export_template 09_ROK_COMP_GEN.xlsx|leap_export_template 14_PE_COMP_GEN.xlsx|leap_export_template 16_RUS_COMP_GEN.xlsx|leap_export_template 17_SGP_COMP_GEN.xlsx|leap_export_template 18_CT_COMP_GEN.xlsx,True,explicit_transformation_fuel_leaf_evidence
Transformation\Heat plants\Processes\Coal HP\Feedstock Fuels\Blast furnace gas,11,USA clean slate 28_07.xlsx|leap_export_template 03_CDA_COMP_GEN.xlsx|leap_export_template 04_CHL_COMP_GEN.xlsx|leap_export_template 06_HKC_COMP_GEN.xlsx|leap_export_template 07_INA_COMP_GEN.xlsx|leap_export_template 08_JPN_COMP_GEN.xlsx|leap_export_template 09_ROK_COMP_GEN.xlsx|leap_export_template 14_PE_COMP_GEN.xlsx|leap_export_template 16_RUS_COMP_GEN.xlsx|leap_export_template 17_SGP_COMP_GEN.xlsx|leap_export_template 18_CT_COMP_GEN.xlsx,True,explicit_transformation_fuel_leaf_evidence
Transformation\Heat plants\Processes\Coal HP\Feedstock Fuels\Coke oven coke,11,USA clean slate 28_07.xlsx|leap_export_template 03_CDA_COMP_GEN.xlsx|leap_export_template 04_CHL_COMP_GEN.xlsx|leap_export_template 06_HKC_COMP_GEN.xlsx|leap_export_template 07_INA_COMP_GEN.xlsx|leap_export_template 08_JPN_COMP_GEN.xlsx|leap_export_template 09_ROK_COMP_GEN.xlsx|leap_export_template 14_PE_COMP_GEN.xlsx|leap_export_template 16_RUS_COMP_GEN.xlsx|leap_export_template 17_SGP_COMP_GEN.xlsx|leap_export_template 18_CT_COMP_GEN.xlsx,True,explicit_transformation_fuel_leaf_evidence
Transformation\Heat plants\Processes\Coal HP\Feedstock Fuels\Coke oven gas,11,USA clean slate 28_07.xlsx|leap_export_template 03_CDA_COMP_GEN.xlsx|leap_export_template 04_CHL_COMP_GEN.xlsx|leap_export_template 06_HKC_COMP_GEN.xlsx|leap_export_template 07_INA_COMP_GEN.xlsx|leap_export_template 08_JPN_COMP_GEN.xlsx|leap_export_template 09_ROK_COMP_GEN.xlsx|leap_export_template 14_PE_COMP_GEN.xlsx|leap_export_template 16_RUS_COMP_GEN.xlsx|leap_export_template 17_SGP_COMP_GEN.xlsx|leap_export_template 18_CT_COMP_GEN.xlsx,True,explicit_transformation_fuel_leaf_evidence
Transformation\Heat plants\Processes\Coal HP\Feedstock Fuels\Other bituminous coal,11,USA clean slate 28_07.xlsx|leap_export_template 03_CDA_COMP_GEN.xlsx|leap_export_template 04_CHL_COMP_GEN.xlsx|leap_export_template 06_HKC_COMP_GEN.xlsx|leap_export_template 07_INA_COMP_GEN.xlsx|leap_export_template 08_JPN_COMP_GEN.xlsx|leap_export_template 09_ROK_COMP_GEN.xlsx|leap_export_template 14_PE_COMP_GEN.xlsx|leap_export_template 16_RUS_COMP_GEN.xlsx|leap_export_template 17_SGP_COMP_GEN.xlsx|leap_export_template 18_CT_COMP_GEN.xlsx,True,explicit_transformation_fuel_leaf_evidence
Transformation\Heat plants\Processes\Coal HP\Feedstock Fuels\Other recovered gases,11,USA clean slate 28_07.xlsx|leap_export_template 03_CDA_COMP_GEN.xlsx|leap_export_template 04_CHL_COMP_GEN.xlsx|leap_export_template 06_HKC_COMP_GEN.xlsx|leap_export_template 07_INA_COMP_GEN.xlsx|leap_export_template 08_JPN_COMP_GEN.xlsx|leap_export_template 09_ROK_COMP_GEN.xlsx|leap_export_template 14_PE_COMP_GEN.xlsx|leap_export_template 16_RUS_COMP_GEN.xlsx|leap_export_template 17_SGP_COMP_GEN.xlsx|leap_export_template 18_CT_COMP_GEN.xlsx,True,explicit_transformation_fuel_leaf_evidence
Transformation\Heat plants\Processes\Gas HP,11,USA clean slate 28_07.xlsx|leap_export_template 03_CDA_COMP_GEN.xlsx|leap_export_template 04_CHL_COMP_GEN.xlsx|leap_export_template 06_HKC_COMP_GEN.xlsx|leap_export_template 07_INA_COMP_GEN.xlsx|leap_export_template 08_JPN_COMP_GEN.xlsx|leap_export_template 09_ROK_COMP_GEN.xlsx|leap_export_template 14_PE_COMP_GEN.xlsx|leap_export_template 16_RUS_COMP_GEN.xlsx|leap_export_template 17_SGP_COMP_GEN.xlsx|leap_export_template 18_CT_COMP_GEN.xlsx,False,branch_structure_only
Transformation\Heat plants\Processes\Gas HP\Auxiliary Fuels\Electricity,11,USA clean slate 28_07.xlsx|leap_export_template 03_CDA_COMP_GEN.xlsx|leap_export_template 04_CHL_COMP_GEN.xlsx|leap_export_template 06_HKC_COMP_GEN.xlsx|leap_export_template 07_INA_COMP_GEN.xlsx|leap_export_template 08_JPN_COMP_GEN.xlsx|leap_export_template 09_ROK_COMP_GEN.xlsx|leap_export_template 14_PE_COMP_GEN.xlsx|leap_export_template 16_RUS_COMP_GEN.xlsx|leap_export_template 17_SGP_COMP_GEN.xlsx|leap_export_template 18_CT_COMP_GEN.xlsx,True,explicit_transformation_fuel_leaf_evidence
Transformation\Heat plants\Processes\Gas HP\Feedstock Fuels\Gas works gas,11,USA clean slate 28_07.xlsx|leap_export_template 03_CDA_COMP_GEN.xlsx|leap_export_template 04_CHL_COMP_GEN.xlsx|leap_export_template 06_HKC_COMP_GEN.xlsx|leap_export_template 07_INA_COMP_GEN.xlsx|leap_export_template 08_JPN_COMP_GEN.xlsx|leap_export_template 09_ROK_COMP_GEN.xlsx|leap_export_template 14_PE_COMP_GEN.xlsx|leap_export_template 16_RUS_COMP_GEN.xlsx|leap_export_template 17_SGP_COMP_GEN.xlsx|leap_export_template 18_CT_COMP_GEN.xlsx,True,explicit_transformation_fuel_leaf_evidence
Transformation\Heat plants\Processes\Gas HP\Feedstock Fuels\Natural gas,11,USA clean slate 28_07.xlsx|leap_export_template 03_CDA_COMP_GEN.xlsx|leap_export_template 04_CHL_COMP_GEN.xlsx|leap_export_template 06_HKC_COMP_GEN.xlsx|leap_export_template 07_INA_COMP_GEN.xlsx|leap_export_template 08_JPN_COMP_GEN.xlsx|leap_export_template 09_ROK_COMP_GEN.xlsx|leap_export_template 14_PE_COMP_GEN.xlsx|leap_export_template 16_RUS_COMP_GEN.xlsx|leap_export_template 17_SGP_COMP_GEN.xlsx|leap_export_template 18_CT_COMP_GEN.xlsx,True,explicit_transformation_fuel_leaf_evidence
Transformation\Heat plants\Processes\Others HP,11,USA clean slate 28_07.xlsx|leap_export_template 03_CDA_COMP_GEN.xlsx|leap_export_template 04_CHL_COMP_GEN.xlsx|leap_export_template 06_HKC_COMP_GEN.xlsx|leap_export_template 07_INA_COMP_GEN.xlsx|leap_export_template 08_JPN_COMP_GEN.xlsx|leap_export_template 09_ROK_COMP_GEN.xlsx|leap_export_template 14_PE_COMP_GEN.xlsx|leap_export_template 16_RUS_COMP_GEN.xlsx|leap_export_template 17_SGP_COMP_GEN.xlsx|leap_export_template 18_CT_COMP_GEN.xlsx,False,branch_structure_only
Transformation\Heat plants\Processes\Others HP\Auxiliary Fuels\Electricity,11,USA clean slate 28_07.xlsx|leap_export_template 03_CDA_COMP_GEN.xlsx|leap_export_template 04_CHL_COMP_GEN.xlsx|leap_export_template 06_HKC_COMP_GEN.xlsx|leap_export_template 07_INA_COMP_GEN.xlsx|leap_export_template 08_JPN_COMP_GEN.xlsx|leap_export_template 09_ROK_COMP_GEN.xlsx|leap_export_template 14_PE_COMP_GEN.xlsx|leap_export_template 16_RUS_COMP_GEN.xlsx|leap_export_template 17_SGP_COMP_GEN.xlsx|leap_export_template 18_CT_COMP_GEN.xlsx,True,explicit_transformation_fuel_leaf_evidence
Transformation\Heat plants\Processes\Others HP\Feedstock Fuels\Other biomass,11,USA clean slate 28_07.xlsx|leap_export_template 03_CDA_COMP_GEN.xlsx|leap_export_template 04_CHL_COMP_GEN.xlsx|leap_export_template 06_HKC_COMP_GEN.xlsx|leap_export_template 07_INA_COMP_GEN.xlsx|leap_export_template 08_JPN_COMP_GEN.xlsx|leap_export_template 09_ROK_COMP_GEN.xlsx|leap_export_template 14_PE_COMP_GEN.xlsx|leap_export_template 16_RUS_COMP_GEN.xlsx|leap_export_template 17_SGP_COMP_GEN.xlsx|leap_export_template 18_CT_COMP_GEN.xlsx,True,explicit_transformation_fuel_leaf_evidence
Transformation\Heat plants\Processes\Petroleum products HP,11,USA clean slate 28_07.xlsx|leap_export_template 03_CDA_COMP_GEN.xlsx|leap_export_template 04_CHL_COMP_GEN.xlsx|leap_export_template 06_HKC_COMP_GEN.xlsx|leap_export_template 07_INA_COMP_GEN.xlsx|leap_export_template 08_JPN_COMP_GEN.xlsx|leap_export_template 09_ROK_COMP_GEN.xlsx|leap_export_template 14_PE_COMP_GEN.xlsx|leap_export_template 16_RUS_COMP_GEN.xlsx|leap_export_template 17_SGP_COMP_GEN.xlsx|leap_export_template 18_CT_COMP_GEN.xlsx,False,branch_structure_only
Transformation\Heat plants\Processes\Petroleum products HP\Auxiliary Fuels\Electricity,11,USA clean slate 28_07.xlsx|leap_export_template 03_CDA_COMP_GEN.xlsx|leap_export_template 04_CHL_COMP_GEN.xlsx|leap_export_template 06_HKC_COMP_GEN.xlsx|leap_export_template 07_INA_COMP_GEN.xlsx|leap_export_template 08_JPN_COMP_GEN.xlsx|leap_export_template 09_ROK_COMP_GEN.xlsx|leap_export_template 14_PE_COMP_GEN.xlsx|leap_export_template 16_RUS_COMP_GEN.xlsx|leap_export_template 17_SGP_COMP_GEN.xlsx|leap_export_template 18_CT_COMP_GEN.xlsx,True,explicit_transformation_fuel_leaf_evidence
Transformation\Heat plants\Processes\Petroleum products HP\Feedstock Fuels\Fuel oil,11,USA clean slate 28_07.xlsx|leap_export_template 03_CDA_COMP_GEN.xlsx|leap_export_template 04_CHL_COMP_GEN.xlsx|leap_export_template 06_HKC_COMP_GEN.xlsx|leap_export_template 07_INA_COMP_GEN.xlsx|leap_export_template 08_JPN_COMP_GEN.xlsx|leap_export_template 09_ROK_COMP_GEN.xlsx|leap_export_template 14_PE_COMP_GEN.xlsx|leap_export_template 16_RUS_COMP_GEN.xlsx|leap_export_template 17_SGP_COMP_GEN.xlsx|leap_export_template 18_CT_COMP_GEN.xlsx,True,explicit_transformation_fuel_leaf_evidence
Transformation\Heat plants\Processes\Petroleum products HP\Feedstock Fuels\Gas and diesel oil,11,USA clean slate 28_07.xlsx|leap_export_template 03_CDA_COMP_GEN.xlsx|leap_export_template 04_CHL_COMP_GEN.xlsx|leap_export_template 06_HKC_COMP_GEN.xlsx|leap_export_template 07_INA_COMP_GEN.xlsx|leap_export_template 08_JPN_COMP_GEN.xlsx|leap_export_template 09_ROK_COMP_GEN.xlsx|leap_export_template 14_PE_COMP_GEN.xlsx|leap_export_template 16_RUS_COMP_GEN.xlsx|leap_export_template 17_SGP_COMP_GEN.xlsx|leap_export_template 18_CT_COMP_GEN.xlsx,True,explicit_transformation_fuel_leaf_evidence
Transformation\Heat plants\Processes\Petroleum products HP\Feedstock Fuels\LPG,11,USA clean slate 28_07.xlsx|leap_export_template 03_CDA_COMP_GEN.xlsx|leap_export_template 04_CHL_COMP_GEN.xlsx|leap_export_template 06_HKC_COMP_GEN.xlsx|leap_export_template 07_INA_COMP_GEN.xlsx|leap_export_template 08_JPN_COMP_GEN.xlsx|leap_export_template 09_ROK_COMP_GEN.xlsx|leap_export_template 14_PE_COMP_GEN.xlsx|leap_export_template 16_RUS_COMP_GEN.xlsx|leap_export_template 17_SGP_COMP_GEN.xlsx|leap_export_template 18_CT_COMP_GEN.xlsx,True,explicit_transformation_fuel_leaf_evidence
Transformation\Heat plants\Processes\Petroleum products HP\Feedstock Fuels\Other products,11,USA clean slate 28_07.xlsx|leap_export_template 03_CDA_COMP_GEN.xlsx|leap_export_template 04_CHL_COMP_GEN.xlsx|leap_export_template 06_HKC_COMP_GEN.xlsx|leap_export_template 07_INA_COMP_GEN.xlsx|leap_export_template 08_JPN_COMP_GEN.xlsx|leap_export_template 09_ROK_COMP_GEN.xlsx|leap_export_template 14_PE_COMP_GEN.xlsx|leap_export_template 16_RUS_COMP_GEN.xlsx|leap_export_template 17_SGP_COMP_GEN.xlsx|leap_export_template 18_CT_COMP_GEN.xlsx,True,explicit_transformation_fuel_leaf_evidence
Transformation\Heat plants\Processes\Petroleum products HP\Feedstock Fuels\Petroleum coke,11,USA clean slate 28_07.xlsx|leap_export_template 03_CDA_COMP_GEN.xlsx|leap_export_template 04_CHL_COMP_GEN.xlsx|leap_export_template 06_HKC_COMP_GEN.xlsx|leap_export_template 07_INA_COMP_GEN.xlsx|leap_export_template 08_JPN_COMP_GEN.xlsx|leap_export_template 09_ROK_COMP_GEN.xlsx|leap_export_template 14_PE_COMP_GEN.xlsx|leap_export_template 16_RUS_COMP_GEN.xlsx|leap_export_template 17_SGP_COMP_GEN.xlsx|leap_export_template 18_CT_COMP_GEN.xlsx,True,explicit_transformation_fuel_leaf_evidence
Transformation\Heat plants\Processes\Petroleum products HP\Feedstock Fuels\Refinery gas not liquefied,11,USA clean slate 28_07.xlsx|leap_export_template 03_CDA_COMP_GEN.xlsx|leap_export_template 04_CHL_COMP_GEN.xlsx|leap_export_template 06_HKC_COMP_GEN.xlsx|leap_export_template 07_INA_COMP_GEN.xlsx|leap_export_template 08_JPN_COMP_GEN.xlsx|leap_export_template 09_ROK_COMP_GEN.xlsx|leap_export_template 14_PE_COMP_GEN.xlsx|leap_export_template 16_RUS_COMP_GEN.xlsx|leap_export_template 17_SGP_COMP_GEN.xlsx|leap_export_template 18_CT_COMP_GEN.xlsx,True,explicit_transformation_fuel_leaf_evidence
Transformation\Hydrogen transformation,21,AUS clean slate 28_07.xlsx|BD clean slate 28_07.xlsx|MAS clean slate 28_07.xlsx|MEX clean slate 28_07.xlsx|NZ clean slate 27_07.xlsx|PHL clean slate 28_07.xlsx|PNG clean slate 28_07.xlsx|PRC clean slate 28_07.xlsx|THA clean slate 28_07.xlsx|USA clean slate 28_07.xlsx|VN clean slate 28_07.xlsx|leap_export_template 03_CDA_COMP_GEN.xlsx|leap_export_template 04_CHL_COMP_GEN.xlsx|leap_export_template 06_HKC_COMP_GEN.xlsx|leap_export_template 07_INA_COMP_GEN.xlsx|leap_export_template 08_JPN_COMP_GEN.xlsx|leap_export_template 09_ROK_COMP_GEN.xlsx|leap_export_template 14_PE_COMP_GEN.xlsx|leap_export_template 16_RUS_COMP_GEN.xlsx|leap_export_template 17_SGP_COMP_GEN.xlsx|leap_export_template 18_CT_COMP_GEN.xlsx,False,branch_structure_only
Transformation\Hydrogen transformation\Output Fuels\Ammonia,21,AUS clean slate 28_07.xlsx|BD clean slate 28_07.xlsx|MAS clean slate 28_07.xlsx|MEX clean slate 28_07.xlsx|NZ clean slate 27_07.xlsx|PHL clean slate 28_07.xlsx|PNG clean slate 28_07.xlsx|PRC clean slate 28_07.xlsx|THA clean slate 28_07.xlsx|USA clean slate 28_07.xlsx|VN clean slate 28_07.xlsx|leap_export_template 03_CDA_COMP_GEN.xlsx|leap_export_template 04_CHL_COMP_GEN.xlsx|leap_export_template 06_HKC_COMP_GEN.xlsx|leap_export_template 07_INA_COMP_GEN.xlsx|leap_export_template 08_JPN_COMP_GEN.xlsx|leap_export_template 09_ROK_COMP_GEN.xlsx|leap_export_template 14_PE_COMP_GEN.xlsx|leap_export_template 16_RUS_COMP_GEN.xlsx|leap_export_template 17_SGP_COMP_GEN.xlsx|leap_export_template 18_CT_COMP_GEN.xlsx,True,explicit_transformation_fuel_leaf_evidence
Transformation\Hydrogen transformation\Output Fuels\Efuel,21,AUS clean slate 28_07.xlsx|BD clean slate 28_07.xlsx|MAS clean slate 28_07.xlsx|MEX clean slate 28_07.xlsx|NZ clean slate 27_07.xlsx|PHL clean slate 28_07.xlsx|PNG clean slate 28_07.xlsx|PRC clean slate 28_07.xlsx|THA clean slate 28_07.xlsx|USA clean slate 28_07.xlsx|VN clean slate 28_07.xlsx|leap_export_template 03_CDA_COMP_GEN.xlsx|leap_export_template 04_CHL_COMP_GEN.xlsx|leap_export_template 06_HKC_COMP_GEN.xlsx|leap_export_template 07_INA_COMP_GEN.xlsx|leap_export_template 08_JPN_COMP_GEN.xlsx|leap_export_template 09_ROK_COMP_GEN.xlsx|leap_export_template 14_PE_COMP_GEN.xlsx|leap_export_template 16_RUS_COMP_GEN.xlsx|leap_export_template 17_SGP_COMP_GEN.xlsx|leap_export_template 18_CT_COMP_GEN.xlsx,True,explicit_transformation_fuel_leaf_evidence
Transformation\Hydrogen transformation\Output Fuels\Hydrogen,21,AUS clean slate 28_07.xlsx|BD clean slate 28_07.xlsx|MAS clean slate 28_07.xlsx|MEX clean slate 28_07.xlsx|NZ clean slate 27_07.xlsx|PHL clean slate 28_07.xlsx|PNG clean slate 28_07.xlsx|PRC clean slate 28_07.xlsx|THA clean slate 28_07.xlsx|USA clean slate 28_07.xlsx|VN clean slate 28_07.xlsx|leap_export_template 03_CDA_COMP_GEN.xlsx|leap_export_template 04_CHL_COMP_GEN.xlsx|leap_export_template 06_HKC_COMP_GEN.xlsx|leap_export_template 07_INA_COMP_GEN.xlsx|leap_export_template 08_JPN_COMP_GEN.xlsx|leap_export_template 09_ROK_COMP_GEN.xlsx|leap_export_template 14_PE_COMP_GEN.xlsx|leap_export_template 16_RUS_COMP_GEN.xlsx|leap_export_template 17_SGP_COMP_GEN.xlsx|leap_export_template 18_CT_COMP_GEN.xlsx,True,explicit_transformation_fuel_leaf_evidence
Transformation\Hydrogen transformation\Processes\Electrolysers,21,AUS clean slate 28_07.xlsx|BD clean slate 28_07.xlsx|MAS clean slate 28_07.xlsx|MEX clean slate 28_07.xlsx|NZ clean slate 27_07.xlsx|PHL clean slate 28_07.xlsx|PNG clean slate 28_07.xlsx|PRC clean slate 28_07.xlsx|THA clean slate 28_07.xlsx|USA clean slate 28_07.xlsx|VN clean slate 28_07.xlsx|leap_export_template 03_CDA_COMP_GEN.xlsx|leap_export_template 04_CHL_COMP_GEN.xlsx|leap_export_template 06_HKC_COMP_GEN.xlsx|leap_export_template 07_INA_COMP_GEN.xlsx|leap_export_template 08_JPN_COMP_GEN.xlsx|leap_export_template 09_ROK_COMP_GEN.xlsx|leap_export_template 14_PE_COMP_GEN.xlsx|leap_export_template 16_RUS_COMP_GEN.xlsx|leap_export_template 17_SGP_COMP_GEN.xlsx|leap_export_template 18_CT_COMP_GEN.xlsx,False,branch_structure_only
Transformation\Hydrogen transformation\Processes\Electrolysers\Feedstock Fuels\Electricity,21,AUS clean slate 28_07.xlsx|BD clean slate 28_07.xlsx|MAS clean slate 28_07.xlsx|MEX clean slate 28_07.xlsx|NZ clean slate 27_07.xlsx|PHL clean slate 28_07.xlsx|PNG clean slate 28_07.xlsx|PRC clean slate 28_07.xlsx|THA clean slate 28_07.xlsx|USA clean slate 28_07.xlsx|VN clean slate 28_07.xlsx|leap_export_template 03_CDA_COMP_GEN.xlsx|leap_export_template 04_CHL_COMP_GEN.xlsx|leap_export_template 06_HKC_COMP_GEN.xlsx|leap_export_template 07_INA_COMP_GEN.xlsx|leap_export_template 08_JPN_COMP_GEN.xlsx|leap_export_template 09_ROK_COMP_GEN.xlsx|leap_export_template 14_PE_COMP_GEN.xlsx|leap_export_template 16_RUS_COMP_GEN.xlsx|leap_export_template 17_SGP_COMP_GEN.xlsx|leap_export_template 18_CT_COMP_GEN.xlsx,True,explicit_transformation_fuel_leaf_evidence
Transformation\Hydrogen transformation\Processes\SMR with CCS,21,AUS clean slate 28_07.xlsx|BD clean slate 28_07.xlsx|MAS clean slate 28_07.xlsx|MEX clean slate 28_07.xlsx|NZ clean slate 27_07.xlsx|PHL clean slate 28_07.xlsx|PNG clean slate 28_07.xlsx|PRC clean slate 28_07.xlsx|THA clean slate 28_07.xlsx|USA clean slate 28_07.xlsx|VN clean slate 28_07.xlsx|leap_export_template 03_CDA_COMP_GEN.xlsx|leap_export_template 04_CHL_COMP_GEN.xlsx|leap_export_template 06_HKC_COMP_GEN.xlsx|leap_export_template 07_INA_COMP_GEN.xlsx|leap_export_template 08_JPN_COMP_GEN.xlsx|leap_export_template 09_ROK_COMP_GEN.xlsx|leap_export_template 14_PE_COMP_GEN.xlsx|leap_export_template 16_RUS_COMP_GEN.xlsx|leap_export_template 17_SGP_COMP_GEN.xlsx|leap_export_template 18_CT_COMP_GEN.xlsx,False,branch_structure_only
Transformation\Hydrogen transformation\Processes\SMR with CCS\Feedstock Fuels\Natural gas,21,AUS clean slate 28_07.xlsx|BD clean slate 28_07.xlsx|MAS clean slate 28_07.xlsx|MEX clean slate 28_07.xlsx|NZ clean slate 27_07.xlsx|PHL clean slate 28_07.xlsx|PNG clean slate 28_07.xlsx|PRC clean slate 28_07.xlsx|THA clean slate 28_07.xlsx|USA clean slate 28_07.xlsx|VN clean slate 28_07.xlsx|leap_export_template 03_CDA_COMP_GEN.xlsx|leap_export_template 04_CHL_COMP_GEN.xlsx|leap_export_template 06_HKC_COMP_GEN.xlsx|leap_export_template 07_INA_COMP_GEN.xlsx|leap_export_template 08_JPN_COMP_GEN.xlsx|leap_export_template 09_ROK_COMP_GEN.xlsx|leap_export_template 14_PE_COMP_GEN.xlsx|leap_export_template 16_RUS_COMP_GEN.xlsx|leap_export_template 17_SGP_COMP_GEN.xlsx|leap_export_template 18_CT_COMP_GEN.xlsx,True,explicit_transformation_fuel_leaf_evidence
Transformation\LNG regasification,21,AUS clean slate 28_07.xlsx|BD clean slate 28_07.xlsx|MAS clean slate 28_07.xlsx|MEX clean slate 28_07.xlsx|NZ clean slate 27_07.xlsx|PHL clean slate 28_07.xlsx|PNG clean slate 28_07.xlsx|PRC clean slate 28_07.xlsx|THA clean slate 28_07.xlsx|USA clean slate 28_07.xlsx|VN clean slate 28_07.xlsx|leap_export_template 03_CDA_COMP_GEN.xlsx|leap_export_template 04_CHL_COMP_GEN.xlsx|leap_export_template 06_HKC_COMP_GEN.xlsx|leap_export_template 07_INA_COMP_GEN.xlsx|leap_export_template 08_JPN_COMP_GEN.xlsx|leap_export_template 09_ROK_COMP_GEN.xlsx|leap_export_template 14_PE_COMP_GEN.xlsx|leap_export_template 16_RUS_COMP_GEN.xlsx|leap_export_template 17_SGP_COMP_GEN.xlsx|leap_export_template 18_CT_COMP_GEN.xlsx,False,branch_structure_only
Transformation\LNG regasification\Output Fuels\LPG,21,AUS clean slate 28_07.xlsx|BD clean slate 28_07.xlsx|MAS clean slate 28_07.xlsx|MEX clean slate 28_07.xlsx|NZ clean slate 27_07.xlsx|PHL clean slate 28_07.xlsx|PNG clean slate 28_07.xlsx|PRC clean slate 28_07.xlsx|THA clean slate 28_07.xlsx|USA clean slate 28_07.xlsx|VN clean slate 28_07.xlsx|leap_export_template 03_CDA_COMP_GEN.xlsx|leap_export_template 04_CHL_COMP_GEN.xlsx|leap_export_template 06_HKC_COMP_GEN.xlsx|leap_export_template 07_INA_COMP_GEN.xlsx|leap_export_template 08_JPN_COMP_GEN.xlsx|leap_export_template 09_ROK_COMP_GEN.xlsx|leap_export_template 14_PE_COMP_GEN.xlsx|leap_export_template 16_RUS_COMP_GEN.xlsx|leap_export_template 17_SGP_COMP_GEN.xlsx|leap_export_template 18_CT_COMP_GEN.xlsx,True,explicit_transformation_fuel_leaf_evidence
Transformation\LNG regasification\Output Fuels\Naphtha,21,AUS clean slate 28_07.xlsx|BD clean slate 28_07.xlsx|MAS clean slate 28_07.xlsx|MEX clean slate 28_07.xlsx|NZ clean slate 27_07.xlsx|PHL clean slate 28_07.xlsx|PNG clean slate 28_07.xlsx|PRC clean slate 28_07.xlsx|THA clean slate 28_07.xlsx|USA clean slate 28_07.xlsx|VN clean slate 28_07.xlsx|leap_export_template 03_CDA_COMP_GEN.xlsx|leap_export_template 04_CHL_COMP_GEN.xlsx|leap_export_template 06_HKC_COMP_GEN.xlsx|leap_export_template 07_INA_COMP_GEN.xlsx|leap_export_template 08_JPN_COMP_GEN.xlsx|leap_export_template 09_ROK_COMP_GEN.xlsx|leap_export_template 14_PE_COMP_GEN.xlsx|leap_export_template 16_RUS_COMP_GEN.xlsx|leap_export_template 17_SGP_COMP_GEN.xlsx|leap_export_template 18_CT_COMP_GEN.xlsx,True,explicit_transformation_fuel_leaf_evidence
Transformation\LNG regasification\Output Fuels\Natural gas,21,AUS clean slate 28_07.xlsx|BD clean slate 28_07.xlsx|MAS clean slate 28_07.xlsx|MEX clean slate 28_07.xlsx|NZ clean slate 27_07.xlsx|PHL clean slate 28_07.xlsx|PNG clean slate 28_07.xlsx|PRC clean slate 28_07.xlsx|THA clean slate 28_07.xlsx|USA clean slate 28_07.xlsx|VN clean slate 28_07.xlsx|leap_export_template 03_CDA_COMP_GEN.xlsx|leap_export_template 04_CHL_COMP_GEN.xlsx|leap_export_template 06_HKC_COMP_GEN.xlsx|leap_export_template 07_INA_COMP_GEN.xlsx|leap_export_template 08_JPN_COMP_GEN.xlsx|leap_export_template 09_ROK_COMP_GEN.xlsx|leap_export_template 14_PE_COMP_GEN.xlsx|leap_export_template 16_RUS_COMP_GEN.xlsx|leap_export_template 17_SGP_COMP_GEN.xlsx|leap_export_template 18_CT_COMP_GEN.xlsx,True,explicit_transformation_fuel_leaf_evidence
Transformation\LNG regasification\Processes\Regasification,21,AUS clean slate 28_07.xlsx|BD clean slate 28_07.xlsx|MAS clean slate 28_07.xlsx|MEX clean slate 28_07.xlsx|NZ clean slate 27_07.xlsx|PHL clean slate 28_07.xlsx|PNG clean slate 28_07.xlsx|PRC clean slate 28_07.xlsx|THA clean slate 28_07.xlsx|USA clean slate 28_07.xlsx|VN clean slate 28_07.xlsx|leap_export_template 03_CDA_COMP_GEN.xlsx|leap_export_template 04_CHL_COMP_GEN.xlsx|leap_export_template 06_HKC_COMP_GEN.xlsx|leap_export_template 07_INA_COMP_GEN.xlsx|leap_export_template 08_JPN_COMP_GEN.xlsx|leap_export_template 09_ROK_COMP_GEN.xlsx|leap_export_template 14_PE_COMP_GEN.xlsx|leap_export_template 16_RUS_COMP_GEN.xlsx|leap_export_template 17_SGP_COMP_GEN.xlsx|leap_export_template 18_CT_COMP_GEN.xlsx,False,branch_structure_only
Transformation\LNG regasification\Processes\Regasification\Auxiliary Fuels\Electricity,21,AUS clean slate 28_07.xlsx|BD clean slate 28_07.xlsx|MAS clean slate 28_07.xlsx|MEX clean slate 28_07.xlsx|NZ clean slate 27_07.xlsx|PHL clean slate 28_07.xlsx|PNG clean slate 28_07.xlsx|PRC clean slate 28_07.xlsx|THA clean slate 28_07.xlsx|USA clean slate 28_07.xlsx|VN clean slate 28_07.xlsx|leap_export_template 03_CDA_COMP_GEN.xlsx|leap_export_template 04_CHL_COMP_GEN.xlsx|leap_export_template 06_HKC_COMP_GEN.xlsx|leap_export_template 07_INA_COMP_GEN.xlsx|leap_export_template 08_JPN_COMP_GEN.xlsx|leap_export_template 09_ROK_COMP_GEN.xlsx|leap_export_template 14_PE_COMP_GEN.xlsx|leap_export_template 16_RUS_COMP_GEN.xlsx|leap_export_template 17_SGP_COMP_GEN.xlsx|leap_export_template 18_CT_COMP_GEN.xlsx,True,explicit_transformation_fuel_leaf_evidence
Transformation\LNG regasification\Processes\Regasification\Auxiliary Fuels\Natural gas,21,AUS clean slate 28_07.xlsx|BD clean slate 28_07.xlsx|MAS clean slate 28_07.xlsx|MEX clean slate 28_07.xlsx|NZ clean slate 27_07.xlsx|PHL clean slate 28_07.xlsx|PNG clean slate 28_07.xlsx|PRC clean slate 28_07.xlsx|THA clean slate 28_07.xlsx|USA clean slate 28_07.xlsx|VN clean slate 28_07.xlsx|leap_export_template 03_CDA_COMP_GEN.xlsx|leap_export_template 04_CHL_COMP_GEN.xlsx|leap_export_template 06_HKC_COMP_GEN.xlsx|leap_export_template 07_INA_COMP_GEN.xlsx|leap_export_template 08_JPN_COMP_GEN.xlsx|leap_export_template 09_ROK_COMP_GEN.xlsx|leap_export_template 14_PE_COMP_GEN.xlsx|leap_export_template 16_RUS_COMP_GEN.xlsx|leap_export_template 17_SGP_COMP_GEN.xlsx|leap_export_template 18_CT_COMP_GEN.xlsx,True,explicit_transformation_fuel_leaf_evidence
Transformation\LNG regasification\Processes\Regasification\Feedstock Fuels\LNG,21,AUS clean slate 28_07.xlsx|BD clean slate 28_07.xlsx|MAS clean slate 28_07.xlsx|MEX clean slate 28_07.xlsx|NZ clean slate 27_07.xlsx|PHL clean slate 28_07.xlsx|PNG clean slate 28_07.xlsx|PRC clean slate 28_07.xlsx|THA clean slate 28_07.xlsx|USA clean slate 28_07.xlsx|VN clean slate 28_07.xlsx|leap_export_template 03_CDA_COMP_GEN.xlsx|leap_export_template 04_CHL_COMP_GEN.xlsx|leap_export_template 06_HKC_COMP_GEN.xlsx|leap_export_template 07_INA_COMP_GEN.xlsx|leap_export_template 08_JPN_COMP_GEN.xlsx|leap_export_template 09_ROK_COMP_GEN.xlsx|leap_export_template 14_PE_COMP_GEN.xlsx|leap_export_template 16_RUS_COMP_GEN.xlsx|leap_export_template 17_SGP_COMP_GEN.xlsx|leap_export_template 18_CT_COMP_GEN.xlsx,True,explicit_transformation_fuel_leaf_evidence
Transformation\Liquefaction coal to oil,21,AUS clean slate 28_07.xlsx|BD clean slate 28_07.xlsx|MAS clean slate 28_07.xlsx|MEX clean slate 28_07.xlsx|NZ clean slate 27_07.xlsx|PHL clean slate 28_07.xlsx|PNG clean slate 28_07.xlsx|PRC clean slate 28_07.xlsx|THA clean slate 28_07.xlsx|USA clean slate 28_07.xlsx|VN clean slate 28_07.xlsx|leap_export_template 03_CDA_COMP_GEN.xlsx|leap_export_template 04_CHL_COMP_GEN.xlsx|leap_export_template 06_HKC_COMP_GEN.xlsx|leap_export_template 07_INA_COMP_GEN.xlsx|leap_export_template 08_JPN_COMP_GEN.xlsx|leap_export_template 09_ROK_COMP_GEN.xlsx|leap_export_template 14_PE_COMP_GEN.xlsx|leap_export_template 16_RUS_COMP_GEN.xlsx|leap_export_template 17_SGP_COMP_GEN.xlsx|leap_export_template 18_CT_COMP_GEN.xlsx,False,branch_structure_only
Transformation\Liquefaction coal to oil\Output Fuels\Coal tar,21,AUS clean slate 28_07.xlsx|BD clean slate 28_07.xlsx|MAS clean slate 28_07.xlsx|MEX clean slate 28_07.xlsx|NZ clean slate 27_07.xlsx|PHL clean slate 28_07.xlsx|PNG clean slate 28_07.xlsx|PRC clean slate 28_07.xlsx|THA clean slate 28_07.xlsx|USA clean slate 28_07.xlsx|VN clean slate 28_07.xlsx|leap_export_template 03_CDA_COMP_GEN.xlsx|leap_export_template 04_CHL_COMP_GEN.xlsx|leap_export_template 06_HKC_COMP_GEN.xlsx|leap_export_template 07_INA_COMP_GEN.xlsx|leap_export_template 08_JPN_COMP_GEN.xlsx|leap_export_template 09_ROK_COMP_GEN.xlsx|leap_export_template 14_PE_COMP_GEN.xlsx|leap_export_template 16_RUS_COMP_GEN.xlsx|leap_export_template 17_SGP_COMP_GEN.xlsx|leap_export_template 18_CT_COMP_GEN.xlsx,True,explicit_transformation_fuel_leaf_evidence
Transformation\Liquefaction coal to oil\Output Fuels\Other bituminous coal,21,AUS clean slate 28_07.xlsx|BD clean slate 28_07.xlsx|MAS clean slate 28_07.xlsx|MEX clean slate 28_07.xlsx|NZ clean slate 27_07.xlsx|PHL clean slate 28_07.xlsx|PNG clean slate 28_07.xlsx|PRC clean slate 28_07.xlsx|THA clean slate 28_07.xlsx|USA clean slate 28_07.xlsx|VN clean slate 28_07.xlsx|leap_export_template 03_CDA_COMP_GEN.xlsx|leap_export_template 04_CHL_COMP_GEN.xlsx|leap_export_template 06_HKC_COMP_GEN.xlsx|leap_export_template 07_INA_COMP_GEN.xlsx|leap_export_template 08_JPN_COMP_GEN.xlsx|leap_export_template 09_ROK_COMP_GEN.xlsx|leap_export_template 14_PE_COMP_GEN.xlsx|leap_export_template 16_RUS_COMP_GEN.xlsx|leap_export_template 17_SGP_COMP_GEN.xlsx|leap_export_template 18_CT_COMP_GEN.xlsx,True,explicit_transformation_fuel_leaf_evidence
Transformation\Liquefaction coal to oil\Processes\Liquefaction coal to oil,21,AUS clean slate 28_07.xlsx|BD clean slate 28_07.xlsx|MAS clean slate 28_07.xlsx|MEX clean slate 28_07.xlsx|NZ clean slate 27_07.xlsx|PHL clean slate 28_07.xlsx|PNG clean slate 28_07.xlsx|PRC clean slate 28_07.xlsx|THA clean slate 28_07.xlsx|USA clean slate 28_07.xlsx|VN clean slate 28_07.xlsx|leap_export_template 03_CDA_COMP_GEN.xlsx|leap_export_template 04_CHL_COMP_GEN.xlsx|leap_export_template 06_HKC_COMP_GEN.xlsx|leap_export_template 07_INA_COMP_GEN.xlsx|leap_export_template 08_JPN_COMP_GEN.xlsx|leap_export_template 09_ROK_COMP_GEN.xlsx|leap_export_template 14_PE_COMP_GEN.xlsx|leap_export_template 16_RUS_COMP_GEN.xlsx|leap_export_template 17_SGP_COMP_GEN.xlsx|leap_export_template 18_CT_COMP_GEN.xlsx,False,branch_structure_only
Transformation\Liquefaction coal to oil\Processes\Liquefaction coal to oil\Feedstock Fuels\Coal tar,21,AUS clean slate 28_07.xlsx|BD clean slate 28_07.xlsx|MAS clean slate 28_07.xlsx|MEX clean slate 28_07.xlsx|NZ clean slate 27_07.xlsx|PHL clean slate 28_07.xlsx|PNG clean slate 28_07.xlsx|PRC clean slate 28_07.xlsx|THA clean slate 28_07.xlsx|USA clean slate 28_07.xlsx|VN clean slate 28_07.xlsx|leap_export_template 03_CDA_COMP_GEN.xlsx|leap_export_template 04_CHL_COMP_GEN.xlsx|leap_export_template 06_HKC_COMP_GEN.xlsx|leap_export_template 07_INA_COMP_GEN.xlsx|leap_export_template 08_JPN_COMP_GEN.xlsx|leap_export_template 09_ROK_COMP_GEN.xlsx|leap_export_template 14_PE_COMP_GEN.xlsx|leap_export_template 16_RUS_COMP_GEN.xlsx|leap_export_template 17_SGP_COMP_GEN.xlsx|leap_export_template 18_CT_COMP_GEN.xlsx,True,explicit_transformation_fuel_leaf_evidence
Transformation\Liquefaction coal to oil\Processes\Liquefaction coal to oil\Feedstock Fuels\Other bituminous coal,21,AUS clean slate 28_07.xlsx|BD clean slate 28_07.xlsx|MAS clean slate 28_07.xlsx|MEX clean slate 28_07.xlsx|NZ clean slate 27_07.xlsx|PHL clean slate 28_07.xlsx|PNG clean slate 28_07.xlsx|PRC clean slate 28_07.xlsx|THA clean slate 28_07.xlsx|USA clean slate 28_07.xlsx|VN clean slate 28_07.xlsx|leap_export_template 03_CDA_COMP_GEN.xlsx|leap_export_template 04_CHL_COMP_GEN.xlsx|leap_export_template 06_HKC_COMP_GEN.xlsx|leap_export_template 07_INA_COMP_GEN.xlsx|leap_export_template 08_JPN_COMP_GEN.xlsx|leap_export_template 09_ROK_COMP_GEN.xlsx|leap_export_template 14_PE_COMP_GEN.xlsx|leap_export_template 16_RUS_COMP_GEN.xlsx|leap_export_template 17_SGP_COMP_GEN.xlsx|leap_export_template 18_CT_COMP_GEN.xlsx,True,explicit_transformation_fuel_leaf_evidence
Transformation\NG Liquefaction,21,AUS clean slate 28_07.xlsx|BD clean slate 28_07.xlsx|MAS clean slate 28_07.xlsx|MEX clean slate 28_07.xlsx|NZ clean slate 27_07.xlsx|PHL clean slate 28_07.xlsx|PNG clean slate 28_07.xlsx|PRC clean slate 28_07.xlsx|THA clean slate 28_07.xlsx|USA clean slate 28_07.xlsx|VN clean slate 28_07.xlsx|leap_export_template 03_CDA_COMP_GEN.xlsx|leap_export_template 04_CHL_COMP_GEN.xlsx|leap_export_template 06_HKC_COMP_GEN.xlsx|leap_export_template 07_INA_COMP_GEN.xlsx|leap_export_template 08_JPN_COMP_GEN.xlsx|leap_export_template 09_ROK_COMP_GEN.xlsx|leap_export_template 14_PE_COMP_GEN.xlsx|leap_export_template 16_RUS_COMP_GEN.xlsx|leap_export_template 17_SGP_COMP_GEN.xlsx|leap_export_template 18_CT_COMP_GEN.xlsx,False,branch_structure_only
Transformation\NG Liquefaction\Output Fuels\LNG,21,AUS clean slate 28_07.xlsx|BD clean slate 28_07.xlsx|MAS clean slate 28_07.xlsx|MEX clean slate 28_07.xlsx|NZ clean slate 27_07.xlsx|PHL clean slate 28_07.xlsx|PNG clean slate 28_07.xlsx|PRC clean slate 28_07.xlsx|THA clean slate 28_07.xlsx|USA clean slate 28_07.xlsx|VN clean slate 28_07.xlsx|leap_export_template 03_CDA_COMP_GEN.xlsx|leap_export_template 04_CHL_COMP_GEN.xlsx|leap_export_template 06_HKC_COMP_GEN.xlsx|leap_export_template 07_INA_COMP_GEN.xlsx|leap_export_template 08_JPN_COMP_GEN.xlsx|leap_export_template 09_ROK_COMP_GEN.xlsx|leap_export_template 14_PE_COMP_GEN.xlsx|leap_export_template 16_RUS_COMP_GEN.xlsx|leap_export_template 17_SGP_COMP_GEN.xlsx|leap_export_template 18_CT_COMP_GEN.xlsx,True,explicit_transformation_fuel_leaf_evidence
Transformation\NG Liquefaction\Output Fuels\LPG,21,AUS clean slate 28_07.xlsx|BD clean slate 28_07.xlsx|MAS clean slate 28_07.xlsx|MEX clean slate 28_07.xlsx|NZ clean slate 27_07.xlsx|PHL clean slate 28_07.xlsx|PNG clean slate 28_07.xlsx|PRC clean slate 28_07.xlsx|THA clean slate 28_07.xlsx|USA clean slate 28_07.xlsx|VN clean slate 28_07.xlsx|leap_export_template 03_CDA_COMP_GEN.xlsx|leap_export_template 04_CHL_COMP_GEN.xlsx|leap_export_template 06_HKC_COMP_GEN.xlsx|leap_export_template 07_INA_COMP_GEN.xlsx|leap_export_template 08_JPN_COMP_GEN.xlsx|leap_export_template 09_ROK_COMP_GEN.xlsx|leap_export_template 14_PE_COMP_GEN.xlsx|leap_export_template 16_RUS_COMP_GEN.xlsx|leap_export_template 17_SGP_COMP_GEN.xlsx|leap_export_template 18_CT_COMP_GEN.xlsx,True,explicit_transformation_fuel_leaf_evidence
Transformation\NG Liquefaction\Output Fuels\Naphtha,21,AUS clean slate 28_07.xlsx|BD clean slate 28_07.xlsx|MAS clean slate 28_07.xlsx|MEX clean slate 28_07.xlsx|NZ clean slate 27_07.xlsx|PHL clean slate 28_07.xlsx|PNG clean slate 28_07.xlsx|PRC clean slate 28_07.xlsx|THA clean slate 28_07.xlsx|USA clean slate 28_07.xlsx|VN clean slate 28_07.xlsx|leap_export_template 03_CDA_COMP_GEN.xlsx|leap_export_template 04_CHL_COMP_GEN.xlsx|leap_export_template 06_HKC_COMP_GEN.xlsx|leap_export_template 07_INA_COMP_GEN.xlsx|leap_export_template 08_JPN_COMP_GEN.xlsx|leap_export_template 09_ROK_COMP_GEN.xlsx|leap_export_template 14_PE_COMP_GEN.xlsx|leap_export_template 16_RUS_COMP_GEN.xlsx|leap_export_template 17_SGP_COMP_GEN.xlsx|leap_export_template 18_CT_COMP_GEN.xlsx,True,explicit_transformation_fuel_leaf_evidence
Transformation\NG Liquefaction\Processes\Liquefaction,21,AUS clean slate 28_07.xlsx|BD clean slate 28_07.xlsx|MAS clean slate 28_07.xlsx|MEX clean slate 28_07.xlsx|NZ clean slate 27_07.xlsx|PHL clean slate 28_07.xlsx|PNG clean slate 28_07.xlsx|PRC clean slate 28_07.xlsx|THA clean slate 28_07.xlsx|USA clean slate 28_07.xlsx|VN clean slate 28_07.xlsx|leap_export_template 03_CDA_COMP_GEN.xlsx|leap_export_template 04_CHL_COMP_GEN.xlsx|leap_export_template 06_HKC_COMP_GEN.xlsx|leap_export_template 07_INA_COMP_GEN.xlsx|leap_export_template 08_JPN_COMP_GEN.xlsx|leap_export_template 09_ROK_COMP_GEN.xlsx|leap_export_template 14_PE_COMP_GEN.xlsx|leap_export_template 16_RUS_COMP_GEN.xlsx|leap_export_template 17_SGP_COMP_GEN.xlsx|leap_export_template 18_CT_COMP_GEN.xlsx,False,branch_structure_only
Transformation\NG Liquefaction\Processes\Liquefaction\Auxiliary Fuels\Electricity,21,AUS clean slate 28_07.xlsx|BD clean slate 28_07.xlsx|MAS clean slate 28_07.xlsx|MEX clean slate 28_07.xlsx|NZ clean slate 27_07.xlsx|PHL clean slate 28_07.xlsx|PNG clean slate 28_07.xlsx|PRC clean slate 28_07.xlsx|THA clean slate 28_07.xlsx|USA clean slate 28_07.xlsx|VN clean slate 28_07.xlsx|leap_export_template 03_CDA_COMP_GEN.xlsx|leap_export_template 04_CHL_COMP_GEN.xlsx|leap_export_template 06_HKC_COMP_GEN.xlsx|leap_export_template 07_INA_COMP_GEN.xlsx|leap_export_template 08_JPN_COMP_GEN.xlsx|leap_export_template 09_ROK_COMP_GEN.xlsx|leap_export_template 14_PE_COMP_GEN.xlsx|leap_export_template 16_RUS_COMP_GEN.xlsx|leap_export_template 17_SGP_COMP_GEN.xlsx|leap_export_template 18_CT_COMP_GEN.xlsx,True,explicit_transformation_fuel_leaf_evidence
Transformation\NG Liquefaction\Processes\Liquefaction\Auxiliary Fuels\Natural gas,21,AUS clean slate 28_07.xlsx|BD clean slate 28_07.xlsx|MAS clean slate 28_07.xlsx|MEX clean slate 28_07.xlsx|NZ clean slate 27_07.xlsx|PHL clean slate 28_07.xlsx|PNG clean slate 28_07.xlsx|PRC clean slate 28_07.xlsx|THA clean slate 28_07.xlsx|USA clean slate 28_07.xlsx|VN clean slate 28_07.xlsx|leap_export_template 03_CDA_COMP_GEN.xlsx|leap_export_template 04_CHL_COMP_GEN.xlsx|leap_export_template 06_HKC_COMP_GEN.xlsx|leap_export_template 07_INA_COMP_GEN.xlsx|leap_export_template 08_JPN_COMP_GEN.xlsx|leap_export_template 09_ROK_COMP_GEN.xlsx|leap_export_template 14_PE_COMP_GEN.xlsx|leap_export_template 16_RUS_COMP_GEN.xlsx|leap_export_template 17_SGP_COMP_GEN.xlsx|leap_export_template 18_CT_COMP_GEN.xlsx,True,explicit_transformation_fuel_leaf_evidence
Transformation\NG Liquefaction\Processes\Liquefaction\Feedstock Fuels\Natural Gas,1,MEX clean slate 28_07.xlsx,True,explicit_transformation_fuel_leaf_evidence
Transformation\NG Liquefaction\Processes\Liquefaction\Feedstock Fuels\Natural gas,20,AUS clean slate 28_07.xlsx|BD clean slate 28_07.xlsx|MAS clean slate 28_07.xlsx|NZ clean slate 27_07.xlsx|PHL clean slate 28_07.xlsx|PNG clean slate 28_07.xlsx|PRC clean slate 28_07.xlsx|THA clean slate 28_07.xlsx|USA clean slate 28_07.xlsx|VN clean slate 28_07.xlsx|leap_export_template 03_CDA_COMP_GEN.xlsx|leap_export_template 04_CHL_COMP_GEN.xlsx|leap_export_template 06_HKC_COMP_GEN.xlsx|leap_export_template 07_INA_COMP_GEN.xlsx|leap_export_template 08_JPN_COMP_GEN.xlsx|leap_export_template 09_ROK_COMP_GEN.xlsx|leap_export_template 14_PE_COMP_GEN.xlsx|leap_export_template 16_RUS_COMP_GEN.xlsx|leap_export_template 17_SGP_COMP_GEN.xlsx|leap_export_template 18_CT_COMP_GEN.xlsx,True,explicit_transformation_fuel_leaf_evidence
Transformation\Natural gas blending plants,21,AUS clean slate 28_07.xlsx|BD clean slate 28_07.xlsx|MAS clean slate 28_07.xlsx|MEX clean slate 28_07.xlsx|NZ clean slate 27_07.xlsx|PHL clean slate 28_07.xlsx|PNG clean slate 28_07.xlsx|PRC clean slate 28_07.xlsx|THA clean slate 28_07.xlsx|USA clean slate 28_07.xlsx|VN clean slate 28_07.xlsx|leap_export_template 03_CDA_COMP_GEN.xlsx|leap_export_template 04_CHL_COMP_GEN.xlsx|leap_export_template 06_HKC_COMP_GEN.xlsx|leap_export_template 07_INA_COMP_GEN.xlsx|leap_export_template 08_JPN_COMP_GEN.xlsx|leap_export_template 09_ROK_COMP_GEN.xlsx|leap_export_template 14_PE_COMP_GEN.xlsx|leap_export_template 16_RUS_COMP_GEN.xlsx|leap_export_template 17_SGP_COMP_GEN.xlsx|leap_export_template 18_CT_COMP_GEN.xlsx,False,branch_structure_only
Transformation\Natural gas blending plants\Output Fuels\Natural gas,21,AUS clean slate 28_07.xlsx|BD clean slate 28_07.xlsx|MAS clean slate 28_07.xlsx|MEX clean slate 28_07.xlsx|NZ clean slate 27_07.xlsx|PHL clean slate 28_07.xlsx|PNG clean slate 28_07.xlsx|PRC clean slate 28_07.xlsx|THA clean slate 28_07.xlsx|USA clean slate 28_07.xlsx|VN clean slate 28_07.xlsx|leap_export_template 03_CDA_COMP_GEN.xlsx|leap_export_template 04_CHL_COMP_GEN.xlsx|leap_export_template 06_HKC_COMP_GEN.xlsx|leap_export_template 07_INA_COMP_GEN.xlsx|leap_export_template 08_JPN_COMP_GEN.xlsx|leap_export_template 09_ROK_COMP_GEN.xlsx|leap_export_template 14_PE_COMP_GEN.xlsx|leap_export_template 16_RUS_COMP_GEN.xlsx|leap_export_template 17_SGP_COMP_GEN.xlsx|leap_export_template 18_CT_COMP_GEN.xlsx,True,explicit_transformation_fuel_leaf_evidence
Transformation\Natural gas blending plants\Processes\Natural gas blending plants,21,AUS clean slate 28_07.xlsx|BD clean slate 28_07.xlsx|MAS clean slate 28_07.xlsx|MEX clean slate 28_07.xlsx|NZ clean slate 27_07.xlsx|PHL clean slate 28_07.xlsx|PNG clean slate 28_07.xlsx|PRC clean slate 28_07.xlsx|THA clean slate 28_07.xlsx|USA clean slate 28_07.xlsx|VN clean slate 28_07.xlsx|leap_export_template 03_CDA_COMP_GEN.xlsx|leap_export_template 04_CHL_COMP_GEN.xlsx|leap_export_template 06_HKC_COMP_GEN.xlsx|leap_export_template 07_INA_COMP_GEN.xlsx|leap_export_template 08_JPN_COMP_GEN.xlsx|leap_export_template 09_ROK_COMP_GEN.xlsx|leap_export_template 14_PE_COMP_GEN.xlsx|leap_export_template 16_RUS_COMP_GEN.xlsx|leap_export_template 17_SGP_COMP_GEN.xlsx|leap_export_template 18_CT_COMP_GEN.xlsx,False,branch_structure_only
Transformation\Natural gas blending plants\Processes\Natural gas blending plants\Feedstock Fuels\Biogas,21,AUS clean slate 28_07.xlsx|BD clean slate 28_07.xlsx|MAS clean slate 28_07.xlsx|MEX clean slate 28_07.xlsx|NZ clean slate 27_07.xlsx|PHL clean slate 28_07.xlsx|PNG clean slate 28_07.xlsx|PRC clean slate 28_07.xlsx|THA clean slate 28_07.xlsx|USA clean slate 28_07.xlsx|VN clean slate 28_07.xlsx|leap_export_template 03_CDA_COMP_GEN.xlsx|leap_export_template 04_CHL_COMP_GEN.xlsx|leap_export_template 06_HKC_COMP_GEN.xlsx|leap_export_template 07_INA_COMP_GEN.xlsx|leap_export_template 08_JPN_COMP_GEN.xlsx|leap_export_template 09_ROK_COMP_GEN.xlsx|leap_export_template 14_PE_COMP_GEN.xlsx|leap_export_template 16_RUS_COMP_GEN.xlsx|leap_export_template 17_SGP_COMP_GEN.xlsx|leap_export_template 18_CT_COMP_GEN.xlsx,True,explicit_transformation_fuel_leaf_evidence
Transformation\Natural gas blending plants\Processes\Natural gas blending plants\Feedstock Fuels\Fuel oil,21,AUS clean slate 28_07.xlsx|BD clean slate 28_07.xlsx|MAS clean slate 28_07.xlsx|MEX clean slate 28_07.xlsx|NZ clean slate 27_07.xlsx|PHL clean slate 28_07.xlsx|PNG clean slate 28_07.xlsx|PRC clean slate 28_07.xlsx|THA clean slate 28_07.xlsx|USA clean slate 28_07.xlsx|VN clean slate 28_07.xlsx|leap_export_template 03_CDA_COMP_GEN.xlsx|leap_export_template 04_CHL_COMP_GEN.xlsx|leap_export_template 06_HKC_COMP_GEN.xlsx|leap_export_template 07_INA_COMP_GEN.xlsx|leap_export_template 08_JPN_COMP_GEN.xlsx|leap_export_template 09_ROK_COMP_GEN.xlsx|leap_export_template 14_PE_COMP_GEN.xlsx|leap_export_template 16_RUS_COMP_GEN.xlsx|leap_export_template 17_SGP_COMP_GEN.xlsx|leap_export_template 18_CT_COMP_GEN.xlsx,True,explicit_transformation_fuel_leaf_evidence
Transformation\Natural gas blending plants\Processes\Natural gas blending plants\Feedstock Fuels\Gas works gas,21,AUS clean slate 28_07.xlsx|BD clean slate 28_07.xlsx|MAS clean slate 28_07.xlsx|MEX clean slate 28_07.xlsx|NZ clean slate 27_07.xlsx|PHL clean slate 28_07.xlsx|PNG clean slate 28_07.xlsx|PRC clean slate 28_07.xlsx|THA clean slate 28_07.xlsx|USA clean slate 28_07.xlsx|VN clean slate 28_07.xlsx|leap_export_template 03_CDA_COMP_GEN.xlsx|leap_export_template 04_CHL_COMP_GEN.xlsx|leap_export_template 06_HKC_COMP_GEN.xlsx|leap_export_template 07_INA_COMP_GEN.xlsx|leap_export_template 08_JPN_COMP_GEN.xlsx|leap_export_template 09_ROK_COMP_GEN.xlsx|leap_export_template 14_PE_COMP_GEN.xlsx|leap_export_template 16_RUS_COMP_GEN.xlsx|leap_export_template 17_SGP_COMP_GEN.xlsx|leap_export_template 18_CT_COMP_GEN.xlsx,True,explicit_transformation_fuel_leaf_evidence
Transformation\Natural gas blending plants\Processes\Natural gas blending plants\Feedstock Fuels\LPG,21,AUS clean slate 28_07.xlsx|BD clean slate 28_07.xlsx|MAS clean slate 28_07.xlsx|MEX clean slate 28_07.xlsx|NZ clean slate 27_07.xlsx|PHL clean slate 28_07.xlsx|PNG clean slate 28_07.xlsx|PRC clean slate 28_07.xlsx|THA clean slate 28_07.xlsx|USA clean slate 28_07.xlsx|VN clean slate 28_07.xlsx|leap_export_template 03_CDA_COMP_GEN.xlsx|leap_export_template 04_CHL_COMP_GEN.xlsx|leap_export_template 06_HKC_COMP_GEN.xlsx|leap_export_template 07_INA_COMP_GEN.xlsx|leap_export_template 08_JPN_COMP_GEN.xlsx|leap_export_template 09_ROK_COMP_GEN.xlsx|leap_export_template 14_PE_COMP_GEN.xlsx|leap_export_template 16_RUS_COMP_GEN.xlsx|leap_export_template 17_SGP_COMP_GEN.xlsx|leap_export_template 18_CT_COMP_GEN.xlsx,True,explicit_transformation_fuel_leaf_evidence
Transformation\Natural gas blending plants\Processes\Natural gas blending plants\Feedstock Fuels\Naphtha,21,AUS clean slate 28_07.xlsx|BD clean slate 28_07.xlsx|MAS clean slate 28_07.xlsx|MEX clean slate 28_07.xlsx|NZ clean slate 27_07.xlsx|PHL clean slate 28_07.xlsx|PNG clean slate 28_07.xlsx|PRC clean slate 28_07.xlsx|THA clean slate 28_07.xlsx|USA clean slate 28_07.xlsx|VN clean slate 28_07.xlsx|leap_export_template 03_CDA_COMP_GEN.xlsx|leap_export_template 04_CHL_COMP_GEN.xlsx|leap_export_template 06_HKC_COMP_GEN.xlsx|leap_export_template 07_INA_COMP_GEN.xlsx|leap_export_template 08_JPN_COMP_GEN.xlsx|leap_export_template 09_ROK_COMP_GEN.xlsx|leap_export_template 14_PE_COMP_GEN.xlsx|leap_export_template 16_RUS_COMP_GEN.xlsx|leap_export_template 17_SGP_COMP_GEN.xlsx|leap_export_template 18_CT_COMP_GEN.xlsx,True,explicit_transformation_fuel_leaf_evidence
Transformation\Natural gas blending plants\Processes\Natural gas blending plants\Feedstock Fuels\Refinery gas not liquefied,21,AUS clean slate 28_07.xlsx|BD clean slate 28_07.xlsx|MAS clean slate 28_07.xlsx|MEX clean slate 28_07.xlsx|NZ clean slate 27_07.xlsx|PHL clean slate 28_07.xlsx|PNG clean slate 28_07.xlsx|PRC clean slate 28_07.xlsx|THA clean slate 28_07.xlsx|USA clean slate 28_07.xlsx|VN clean slate 28_07.xlsx|leap_export_template 03_CDA_COMP_GEN.xlsx|leap_export_template 04_CHL_COMP_GEN.xlsx|leap_export_template 06_HKC_COMP_GEN.xlsx|leap_export_template 07_INA_COMP_GEN.xlsx|leap_export_template 08_JPN_COMP_GEN.xlsx|leap_export_template 09_ROK_COMP_GEN.xlsx|leap_export_template 14_PE_COMP_GEN.xlsx|leap_export_template 16_RUS_COMP_GEN.xlsx|leap_export_template 17_SGP_COMP_GEN.xlsx|leap_export_template 18_CT_COMP_GEN.xlsx,True,explicit_transformation_fuel_leaf_evidence
Transformation\Non specified transformation,21,AUS clean slate 28_07.xlsx|BD clean slate 28_07.xlsx|MAS clean slate 28_07.xlsx|MEX clean slate 28_07.xlsx|NZ clean slate 27_07.xlsx|PHL clean slate 28_07.xlsx|PNG clean slate 28_07.xlsx|PRC clean slate 28_07.xlsx|THA clean slate 28_07.xlsx|USA clean slate 28_07.xlsx|VN clean slate 28_07.xlsx|leap_export_template 03_CDA_COMP_GEN.xlsx|leap_export_template 04_CHL_COMP_GEN.xlsx|leap_export_template 06_HKC_COMP_GEN.xlsx|leap_export_template 07_INA_COMP_GEN.xlsx|leap_export_template 08_JPN_COMP_GEN.xlsx|leap_export_template 09_ROK_COMP_GEN.xlsx|leap_export_template 14_PE_COMP_GEN.xlsx|leap_export_template 16_RUS_COMP_GEN.xlsx|leap_export_template 17_SGP_COMP_GEN.xlsx|leap_export_template 18_CT_COMP_GEN.xlsx,False,branch_structure_only
Transformation\Non specified transformation\Output Fuels\Ethane,21,AUS clean slate 28_07.xlsx|BD clean slate 28_07.xlsx|MAS clean slate 28_07.xlsx|MEX clean slate 28_07.xlsx|NZ clean slate 27_07.xlsx|PHL clean slate 28_07.xlsx|PNG clean slate 28_07.xlsx|PRC clean slate 28_07.xlsx|THA clean slate 28_07.xlsx|USA clean slate 28_07.xlsx|VN clean slate 28_07.xlsx|leap_export_template 03_CDA_COMP_GEN.xlsx|leap_export_template 04_CHL_COMP_GEN.xlsx|leap_export_template 06_HKC_COMP_GEN.xlsx|leap_export_template 07_INA_COMP_GEN.xlsx|leap_export_template 08_JPN_COMP_GEN.xlsx|leap_export_template 09_ROK_COMP_GEN.xlsx|leap_export_template 14_PE_COMP_GEN.xlsx|leap_export_template 16_RUS_COMP_GEN.xlsx|leap_export_template 17_SGP_COMP_GEN.xlsx|leap_export_template 18_CT_COMP_GEN.xlsx,True,explicit_transformation_fuel_leaf_evidence
Transformation\Non specified transformation\Output Fuels\LPG,19,AUS clean slate 28_07.xlsx|BD clean slate 28_07.xlsx|MAS clean slate 28_07.xlsx|NZ clean slate 27_07.xlsx|PNG clean slate 28_07.xlsx|PRC clean slate 28_07.xlsx|THA clean slate 28_07.xlsx|USA clean slate 28_07.xlsx|VN clean slate 28_07.xlsx|leap_export_template 03_CDA_COMP_GEN.xlsx|leap_export_template 04_CHL_COMP_GEN.xlsx|leap_export_template 06_HKC_COMP_GEN.xlsx|leap_export_template 07_INA_COMP_GEN.xlsx|leap_export_template 08_JPN_COMP_GEN.xlsx|leap_export_template 09_ROK_COMP_GEN.xlsx|leap_export_template 14_PE_COMP_GEN.xlsx|leap_export_template 16_RUS_COMP_GEN.xlsx|leap_export_template 17_SGP_COMP_GEN.xlsx|leap_export_template 18_CT_COMP_GEN.xlsx,True,explicit_transformation_fuel_leaf_evidence
Transformation\Non specified transformation\Output Fuels\Natural gas liquids,21,AUS clean slate 28_07.xlsx|BD clean slate 28_07.xlsx|MAS clean slate 28_07.xlsx|MEX clean slate 28_07.xlsx|NZ clean slate 27_07.xlsx|PHL clean slate 28_07.xlsx|PNG clean slate 28_07.xlsx|PRC clean slate 28_07.xlsx|THA clean slate 28_07.xlsx|USA clean slate 28_07.xlsx|VN clean slate 28_07.xlsx|leap_export_template 03_CDA_COMP_GEN.xlsx|leap_export_template 04_CHL_COMP_GEN.xlsx|leap_export_template 06_HKC_COMP_GEN.xlsx|leap_export_template 07_INA_COMP_GEN.xlsx|leap_export_template 08_JPN_COMP_GEN.xlsx|leap_export_template 09_ROK_COMP_GEN.xlsx|leap_export_template 14_PE_COMP_GEN.xlsx|leap_export_template 16_RUS_COMP_GEN.xlsx|leap_export_template 17_SGP_COMP_GEN.xlsx|leap_export_template 18_CT_COMP_GEN.xlsx,True,explicit_transformation_fuel_leaf_evidence
Transformation\Non specified transformation\Output Fuels\Other hydrocarbons,21,AUS clean slate 28_07.xlsx|BD clean slate 28_07.xlsx|MAS clean slate 28_07.xlsx|MEX clean slate 28_07.xlsx|NZ clean slate 27_07.xlsx|PHL clean slate 28_07.xlsx|PNG clean slate 28_07.xlsx|PRC clean slate 28_07.xlsx|THA clean slate 28_07.xlsx|USA clean slate 28_07.xlsx|VN clean slate 28_07.xlsx|leap_export_template 03_CDA_COMP_GEN.xlsx|leap_export_template 04_CHL_COMP_GEN.xlsx|leap_export_template 06_HKC_COMP_GEN.xlsx|leap_export_template 07_INA_COMP_GEN.xlsx|leap_export_template 08_JPN_COMP_GEN.xlsx|leap_export_template 09_ROK_COMP_GEN.xlsx|leap_export_template 14_PE_COMP_GEN.xlsx|leap_export_template 16_RUS_COMP_GEN.xlsx|leap_export_template 17_SGP_COMP_GEN.xlsx|leap_export_template 18_CT_COMP_GEN.xlsx,True,explicit_transformation_fuel_leaf_evidence
Transformation\Non specified transformation\Processes\Non specified transformation,21,AUS clean slate 28_07.xlsx|BD clean slate 28_07.xlsx|MAS clean slate 28_07.xlsx|MEX clean slate 28_07.xlsx|NZ clean slate 27_07.xlsx|PHL clean slate 28_07.xlsx|PNG clean slate 28_07.xlsx|PRC clean slate 28_07.xlsx|THA clean slate 28_07.xlsx|USA clean slate 28_07.xlsx|VN clean slate 28_07.xlsx|leap_export_template 03_CDA_COMP_GEN.xlsx|leap_export_template 04_CHL_COMP_GEN.xlsx|leap_export_template 06_HKC_COMP_GEN.xlsx|leap_export_template 07_INA_COMP_GEN.xlsx|leap_export_template 08_JPN_COMP_GEN.xlsx|leap_export_template 09_ROK_COMP_GEN.xlsx|leap_export_template 14_PE_COMP_GEN.xlsx|leap_export_template 16_RUS_COMP_GEN.xlsx|leap_export_template 17_SGP_COMP_GEN.xlsx|leap_export_template 18_CT_COMP_GEN.xlsx,False,branch_structure_only
Transformation\Non specified transformation\Processes\Non specified transformation\Auxiliary Fuels\Biogasoline,10,leap_export_template 03_CDA_COMP_GEN.xlsx|leap_export_template 04_CHL_COMP_GEN.xlsx|leap_export_template 06_HKC_COMP_GEN.xlsx|leap_export_template 07_INA_COMP_GEN.xlsx|leap_export_template 08_JPN_COMP_GEN.xlsx|leap_export_template 09_ROK_COMP_GEN.xlsx|leap_export_template 14_PE_COMP_GEN.xlsx|leap_export_template 16_RUS_COMP_GEN.xlsx|leap_export_template 17_SGP_COMP_GEN.xlsx|leap_export_template 18_CT_COMP_GEN.xlsx,True,explicit_transformation_fuel_leaf_evidence
Transformation\Non specified transformation\Processes\Non specified transformation\Auxiliary Fuels\Electricity,10,leap_export_template 03_CDA_COMP_GEN.xlsx|leap_export_template 04_CHL_COMP_GEN.xlsx|leap_export_template 06_HKC_COMP_GEN.xlsx|leap_export_template 07_INA_COMP_GEN.xlsx|leap_export_template 08_JPN_COMP_GEN.xlsx|leap_export_template 09_ROK_COMP_GEN.xlsx|leap_export_template 14_PE_COMP_GEN.xlsx|leap_export_template 16_RUS_COMP_GEN.xlsx|leap_export_template 17_SGP_COMP_GEN.xlsx|leap_export_template 18_CT_COMP_GEN.xlsx,True,explicit_transformation_fuel_leaf_evidence
Transformation\Non specified transformation\Processes\Non specified transformation\Auxiliary Fuels\Fuel oil,10,leap_export_template 03_CDA_COMP_GEN.xlsx|leap_export_template 04_CHL_COMP_GEN.xlsx|leap_export_template 06_HKC_COMP_GEN.xlsx|leap_export_template 07_INA_COMP_GEN.xlsx|leap_export_template 08_JPN_COMP_GEN.xlsx|leap_export_template 09_ROK_COMP_GEN.xlsx|leap_export_template 14_PE_COMP_GEN.xlsx|leap_export_template 16_RUS_COMP_GEN.xlsx|leap_export_template 17_SGP_COMP_GEN.xlsx|leap_export_template 18_CT_COMP_GEN.xlsx,True,explicit_transformation_fuel_leaf_evidence
Transformation\Non specified transformation\Processes\Non specified transformation\Auxiliary Fuels\Gas and diesel oil,10,leap_export_template 03_CDA_COMP_GEN.xlsx|leap_export_template 04_CHL_COMP_GEN.xlsx|leap_export_template 06_HKC_COMP_GEN.xlsx|leap_export_template 07_INA_COMP_GEN.xlsx|leap_export_template 08_JPN_COMP_GEN.xlsx|leap_export_template 09_ROK_COMP_GEN.xlsx|leap_export_template 14_PE_COMP_GEN.xlsx|leap_export_template 16_RUS_COMP_GEN.xlsx|leap_export_template 17_SGP_COMP_GEN.xlsx|leap_export_template 18_CT_COMP_GEN.xlsx,True,explicit_transformation_fuel_leaf_evidence
Transformation\Non specified transformation\Processes\Non specified transformation\Auxiliary Fuels\Heat,10,leap_export_template 03_CDA_COMP_GEN.xlsx|leap_export_template 04_CHL_COMP_GEN.xlsx|leap_export_template 06_HKC_COMP_GEN.xlsx|leap_export_template 07_INA_COMP_GEN.xlsx|leap_export_template 08_JPN_COMP_GEN.xlsx|leap_export_template 09_ROK_COMP_GEN.xlsx|leap_export_template 14_PE_COMP_GEN.xlsx|leap_export_template 16_RUS_COMP_GEN.xlsx|leap_export_template 17_SGP_COMP_GEN.xlsx|leap_export_template 18_CT_COMP_GEN.xlsx,True,explicit_transformation_fuel_leaf_evidence
Transformation\Non specified transformation\Processes\Non specified transformation\Auxiliary Fuels\Kerosene,10,leap_export_template 03_CDA_COMP_GEN.xlsx|leap_export_template 04_CHL_COMP_GEN.xlsx|leap_export_template 06_HKC_COMP_GEN.xlsx|leap_export_template 07_INA_COMP_GEN.xlsx|leap_export_template 08_JPN_COMP_GEN.xlsx|leap_export_template 09_ROK_COMP_GEN.xlsx|leap_export_template 14_PE_COMP_GEN.xlsx|leap_export_template 16_RUS_COMP_GEN.xlsx|leap_export_template 17_SGP_COMP_GEN.xlsx|leap_export_template 18_CT_COMP_GEN.xlsx,True,explicit_transformation_fuel_leaf_evidence
Transformation\Non specified transformation\Processes\Non specified transformation\Auxiliary Fuels\LPG,10,leap_export_template 03_CDA_COMP_GEN.xlsx|leap_export_template 04_CHL_COMP_GEN.xlsx|leap_export_template 06_HKC_COMP_GEN.xlsx|leap_export_template 07_INA_COMP_GEN.xlsx|leap_export_template 08_JPN_COMP_GEN.xlsx|leap_export_template 09_ROK_COMP_GEN.xlsx|leap_export_template 14_PE_COMP_GEN.xlsx|leap_export_template 16_RUS_COMP_GEN.xlsx|leap_export_template 17_SGP_COMP_GEN.xlsx|leap_export_template 18_CT_COMP_GEN.xlsx,True,explicit_transformation_fuel_leaf_evidence
Transformation\Non specified transformation\Processes\Non specified transformation\Auxiliary Fuels\Motor gasoline,10,leap_export_template 03_CDA_COMP_GEN.xlsx|leap_export_template 04_CHL_COMP_GEN.xlsx|leap_export_template 06_HKC_COMP_GEN.xlsx|leap_export_template 07_INA_COMP_GEN.xlsx|leap_export_template 08_JPN_COMP_GEN.xlsx|leap_export_template 09_ROK_COMP_GEN.xlsx|leap_export_template 14_PE_COMP_GEN.xlsx|leap_export_template 16_RUS_COMP_GEN.xlsx|leap_export_template 17_SGP_COMP_GEN.xlsx|leap_export_template 18_CT_COMP_GEN.xlsx,True,explicit_transformation_fuel_leaf_evidence
Transformation\Non specified transformation\Processes\Non specified transformation\Auxiliary Fuels\Natural gas,10,leap_export_template 03_CDA_COMP_GEN.xlsx|leap_export_template 04_CHL_COMP_GEN.xlsx|leap_export_template 06_HKC_COMP_GEN.xlsx|leap_export_template 07_INA_COMP_GEN.xlsx|leap_export_template 08_JPN_COMP_GEN.xlsx|leap_export_template 09_ROK_COMP_GEN.xlsx|leap_export_template 14_PE_COMP_GEN.xlsx|leap_export_template 16_RUS_COMP_GEN.xlsx|leap_export_template 17_SGP_COMP_GEN.xlsx|leap_export_template 18_CT_COMP_GEN.xlsx,True,explicit_transformation_fuel_leaf_evidence
Transformation\Non specified transformation\Processes\Non specified transformation\Auxiliary Fuels\Other biomass,10,leap_export_template 03_CDA_COMP_GEN.xlsx|leap_export_template 04_CHL_COMP_GEN.xlsx|leap_export_template 06_HKC_COMP_GEN.xlsx|leap_export_template 07_INA_COMP_GEN.xlsx|leap_export_template 08_JPN_COMP_GEN.xlsx|leap_export_template 09_ROK_COMP_GEN.xlsx|leap_export_template 14_PE_COMP_GEN.xlsx|leap_export_template 16_RUS_COMP_GEN.xlsx|leap_export_template 17_SGP_COMP_GEN.xlsx|leap_export_template 18_CT_COMP_GEN.xlsx,True,explicit_transformation_fuel_leaf_evidence
Transformation\Non specified transformation\Processes\Non specified transformation\Auxiliary Fuels\Other products,10,leap_export_template 03_CDA_COMP_GEN.xlsx|leap_export_template 04_CHL_COMP_GEN.xlsx|leap_export_template 06_HKC_COMP_GEN.xlsx|leap_export_template 07_INA_COMP_GEN.xlsx|leap_export_template 08_JPN_COMP_GEN.xlsx|leap_export_template 09_ROK_COMP_GEN.xlsx|leap_export_template 14_PE_COMP_GEN.xlsx|leap_export_template 16_RUS_COMP_GEN.xlsx|leap_export_template 17_SGP_COMP_GEN.xlsx|leap_export_template 18_CT_COMP_GEN.xlsx,True,explicit_transformation_fuel_leaf_evidence
Transformation\Non specified transformation\Processes\Non specified transformation\Feedstock Fuels\Biogas,21,AUS clean slate 28_07.xlsx|BD clean slate 28_07.xlsx|MAS clean slate 28_07.xlsx|MEX clean slate 28_07.xlsx|NZ clean slate 27_07.xlsx|PHL clean slate 28_07.xlsx|PNG clean slate 28_07.xlsx|PRC clean slate 28_07.xlsx|THA clean slate 28_07.xlsx|USA clean slate 28_07.xlsx|VN clean slate 28_07.xlsx|leap_export_template 03_CDA_COMP_GEN.xlsx|leap_export_template 04_CHL_COMP_GEN.xlsx|leap_export_template 06_HKC_COMP_GEN.xlsx|leap_export_template 07_INA_COMP_GEN.xlsx|leap_export_template 08_JPN_COMP_GEN.xlsx|leap_export_template 09_ROK_COMP_GEN.xlsx|leap_export_template 14_PE_COMP_GEN.xlsx|leap_export_template 16_RUS_COMP_GEN.xlsx|leap_export_template 17_SGP_COMP_GEN.xlsx|leap_export_template 18_CT_COMP_GEN.xlsx,True,explicit_transformation_fuel_leaf_evidence
Transformation\Non specified transformation\Processes\Non specified transformation\Feedstock Fuels\Electricity,21,AUS clean slate 28_07.xlsx|BD clean slate 28_07.xlsx|MAS clean slate 28_07.xlsx|MEX clean slate 28_07.xlsx|NZ clean slate 27_07.xlsx|PHL clean slate 28_07.xlsx|PNG clean slate 28_07.xlsx|PRC clean slate 28_07.xlsx|THA clean slate 28_07.xlsx|USA clean slate 28_07.xlsx|VN clean slate 28_07.xlsx|leap_export_template 03_CDA_COMP_GEN.xlsx|leap_export_template 04_CHL_COMP_GEN.xlsx|leap_export_template 06_HKC_COMP_GEN.xlsx|leap_export_template 07_INA_COMP_GEN.xlsx|leap_export_template 08_JPN_COMP_GEN.xlsx|leap_export_template 09_ROK_COMP_GEN.xlsx|leap_export_template 14_PE_COMP_GEN.xlsx|leap_export_template 16_RUS_COMP_GEN.xlsx|leap_export_template 17_SGP_COMP_GEN.xlsx|leap_export_template 18_CT_COMP_GEN.xlsx,True,explicit_transformation_fuel_leaf_evidence
Transformation\Non specified transformation\Processes\Non specified transformation\Feedstock Fuels\Natural gas,21,AUS clean slate 28_07.xlsx|BD clean slate 28_07.xlsx|MAS clean slate 28_07.xlsx|MEX clean slate 28_07.xlsx|NZ clean slate 27_07.xlsx|PHL clean slate 28_07.xlsx|PNG clean slate 28_07.xlsx|PRC clean slate 28_07.xlsx|THA clean slate 28_07.xlsx|USA clean slate 28_07.xlsx|VN clean slate 28_07.xlsx|leap_export_template 03_CDA_COMP_GEN.xlsx|leap_export_template 04_CHL_COMP_GEN.xlsx|leap_export_template 06_HKC_COMP_GEN.xlsx|leap_export_template 07_INA_COMP_GEN.xlsx|leap_export_template 08_JPN_COMP_GEN.xlsx|leap_export_template 09_ROK_COMP_GEN.xlsx|leap_export_template 14_PE_COMP_GEN.xlsx|leap_export_template 16_RUS_COMP_GEN.xlsx|leap_export_template 17_SGP_COMP_GEN.xlsx|leap_export_template 18_CT_COMP_GEN.xlsx,True,explicit_transformation_fuel_leaf_evidence
Transformation\Non specified transformation\Processes\Non specified transformation\Feedstock Fuels\Other bituminous coal,21,AUS clean slate 28_07.xlsx|BD clean slate 28_07.xlsx|MAS clean slate 28_07.xlsx|MEX clean slate 28_07.xlsx|NZ clean slate 27_07.xlsx|PHL clean slate 28_07.xlsx|PNG clean slate 28_07.xlsx|PRC clean slate 28_07.xlsx|THA clean slate 28_07.xlsx|USA clean slate 28_07.xlsx|VN clean slate 28_07.xlsx|leap_export_template 03_CDA_COMP_GEN.xlsx|leap_export_template 04_CHL_COMP_GEN.xlsx|leap_export_template 06_HKC_COMP_GEN.xlsx|leap_export_template 07_INA_COMP_GEN.xlsx|leap_export_template 08_JPN_COMP_GEN.xlsx|leap_export_template 09_ROK_COMP_GEN.xlsx|leap_export_template 14_PE_COMP_GEN.xlsx|leap_export_template 16_RUS_COMP_GEN.xlsx|leap_export_template 17_SGP_COMP_GEN.xlsx|leap_export_template 18_CT_COMP_GEN.xlsx,True,explicit_transformation_fuel_leaf_evidence
Transformation\Oil Refining,21,AUS clean slate 28_07.xlsx|BD clean slate 28_07.xlsx|MAS clean slate 28_07.xlsx|MEX clean slate 28_07.xlsx|NZ clean slate 27_07.xlsx|PHL clean slate 28_07.xlsx|PNG clean slate 28_07.xlsx|PRC clean slate 28_07.xlsx|THA clean slate 28_07.xlsx|USA clean slate 28_07.xlsx|VN clean slate 28_07.xlsx|leap_export_template 03_CDA_COMP_GEN.xlsx|leap_export_template 04_CHL_COMP_GEN.xlsx|leap_export_template 06_HKC_COMP_GEN.xlsx|leap_export_template 07_INA_COMP_GEN.xlsx|leap_export_template 08_JPN_COMP_GEN.xlsx|leap_export_template 09_ROK_COMP_GEN.xlsx|leap_export_template 14_PE_COMP_GEN.xlsx|leap_export_template 16_RUS_COMP_GEN.xlsx|leap_export_template 17_SGP_COMP_GEN.xlsx|leap_export_template 18_CT_COMP_GEN.xlsx,False,branch_structure_only
Transformation\Oil Refining\Output Fuels\Aviation gasoline,21,AUS clean slate 28_07.xlsx|BD clean slate 28_07.xlsx|MAS clean slate 28_07.xlsx|MEX clean slate 28_07.xlsx|NZ clean slate 27_07.xlsx|PHL clean slate 28_07.xlsx|PNG clean slate 28_07.xlsx|PRC clean slate 28_07.xlsx|THA clean slate 28_07.xlsx|USA clean slate 28_07.xlsx|VN clean slate 28_07.xlsx|leap_export_template 03_CDA_COMP_GEN.xlsx|leap_export_template 04_CHL_COMP_GEN.xlsx|leap_export_template 06_HKC_COMP_GEN.xlsx|leap_export_template 07_INA_COMP_GEN.xlsx|leap_export_template 08_JPN_COMP_GEN.xlsx|leap_export_template 09_ROK_COMP_GEN.xlsx|leap_export_template 14_PE_COMP_GEN.xlsx|leap_export_template 16_RUS_COMP_GEN.xlsx|leap_export_template 17_SGP_COMP_GEN.xlsx|leap_export_template 18_CT_COMP_GEN.xlsx,True,explicit_transformation_fuel_leaf_evidence
Transformation\Oil Refining\Output Fuels\Bitumen,21,AUS clean slate 28_07.xlsx|BD clean slate 28_07.xlsx|MAS clean slate 28_07.xlsx|MEX clean slate 28_07.xlsx|NZ clean slate 27_07.xlsx|PHL clean slate 28_07.xlsx|PNG clean slate 28_07.xlsx|PRC clean slate 28_07.xlsx|THA clean slate 28_07.xlsx|USA clean slate 28_07.xlsx|VN clean slate 28_07.xlsx|leap_export_template 03_CDA_COMP_GEN.xlsx|leap_export_template 04_CHL_COMP_GEN.xlsx|leap_export_template 06_HKC_COMP_GEN.xlsx|leap_export_template 07_INA_COMP_GEN.xlsx|leap_export_template 08_JPN_COMP_GEN.xlsx|leap_export_template 09_ROK_COMP_GEN.xlsx|leap_export_template 14_PE_COMP_GEN.xlsx|leap_export_template 16_RUS_COMP_GEN.xlsx|leap_export_template 17_SGP_COMP_GEN.xlsx|leap_export_template 18_CT_COMP_GEN.xlsx,True,explicit_transformation_fuel_leaf_evidence
Transformation\Oil Refining\Output Fuels\Ethane,21,AUS clean slate 28_07.xlsx|BD clean slate 28_07.xlsx|MAS clean slate 28_07.xlsx|MEX clean slate 28_07.xlsx|NZ clean slate 27_07.xlsx|PHL clean slate 28_07.xlsx|PNG clean slate 28_07.xlsx|PRC clean slate 28_07.xlsx|THA clean slate 28_07.xlsx|USA clean slate 28_07.xlsx|VN clean slate 28_07.xlsx|leap_export_template 03_CDA_COMP_GEN.xlsx|leap_export_template 04_CHL_COMP_GEN.xlsx|leap_export_template 06_HKC_COMP_GEN.xlsx|leap_export_template 07_INA_COMP_GEN.xlsx|leap_export_template 08_JPN_COMP_GEN.xlsx|leap_export_template 09_ROK_COMP_GEN.xlsx|leap_export_template 14_PE_COMP_GEN.xlsx|leap_export_template 16_RUS_COMP_GEN.xlsx|leap_export_template 17_SGP_COMP_GEN.xlsx|leap_export_template 18_CT_COMP_GEN.xlsx,True,explicit_transformation_fuel_leaf_evidence
Transformation\Oil Refining\Output Fuels\Fuel oil,21,AUS clean slate 28_07.xlsx|BD clean slate 28_07.xlsx|MAS clean slate 28_07.xlsx|MEX clean slate 28_07.xlsx|NZ clean slate 27_07.xlsx|PHL clean slate 28_07.xlsx|PNG clean slate 28_07.xlsx|PRC clean slate 28_07.xlsx|THA clean slate 28_07.xlsx|USA clean slate 28_07.xlsx|VN clean slate 28_07.xlsx|leap_export_template 03_CDA_COMP_GEN.xlsx|leap_export_template 04_CHL_COMP_GEN.xlsx|leap_export_template 06_HKC_COMP_GEN.xlsx|leap_export_template 07_INA_COMP_GEN.xlsx|leap_export_template 08_JPN_COMP_GEN.xlsx|leap_export_template 09_ROK_COMP_GEN.xlsx|leap_export_template 14_PE_COMP_GEN.xlsx|leap_export_template 16_RUS_COMP_GEN.xlsx|leap_export_template 17_SGP_COMP_GEN.xlsx|leap_export_template 18_CT_COMP_GEN.xlsx,True,explicit_transformation_fuel_leaf_evidence
Transformation\Oil Refining\Output Fuels\Gas and diesel oil,21,AUS clean slate 28_07.xlsx|BD clean slate 28_07.xlsx|MAS clean slate 28_07.xlsx|MEX clean slate 28_07.xlsx|NZ clean slate 27_07.xlsx|PHL clean slate 28_07.xlsx|PNG clean slate 28_07.xlsx|PRC clean slate 28_07.xlsx|THA clean slate 28_07.xlsx|USA clean slate 28_07.xlsx|VN clean slate 28_07.xlsx|leap_export_template 03_CDA_COMP_GEN.xlsx|leap_export_template 04_CHL_COMP_GEN.xlsx|leap_export_template 06_HKC_COMP_GEN.xlsx|leap_export_template 07_INA_COMP_GEN.xlsx|leap_export_template 08_JPN_COMP_GEN.xlsx|leap_export_template 09_ROK_COMP_GEN.xlsx|leap_export_template 14_PE_COMP_GEN.xlsx|leap_export_template 16_RUS_COMP_GEN.xlsx|leap_export_template 17_SGP_COMP_GEN.xlsx|leap_export_template 18_CT_COMP_GEN.xlsx,True,explicit_transformation_fuel_leaf_evidence
Transformation\Oil Refining\Output Fuels\Kerosene,21,AUS clean slate 28_07.xlsx|BD clean slate 28_07.xlsx|MAS clean slate 28_07.xlsx|MEX clean slate 28_07.xlsx|NZ clean slate 27_07.xlsx|PHL clean slate 28_07.xlsx|PNG clean slate 28_07.xlsx|PRC clean slate 28_07.xlsx|THA clean slate 28_07.xlsx|USA clean slate 28_07.xlsx|VN clean slate 28_07.xlsx|leap_export_template 03_CDA_COMP_GEN.xlsx|leap_export_template 04_CHL_COMP_GEN.xlsx|leap_export_template 06_HKC_COMP_GEN.xlsx|leap_export_template 07_INA_COMP_GEN.xlsx|leap_export_template 08_JPN_COMP_GEN.xlsx|leap_export_template 09_ROK_COMP_GEN.xlsx|leap_export_template 14_PE_COMP_GEN.xlsx|leap_export_template 16_RUS_COMP_GEN.xlsx|leap_export_template 17_SGP_COMP_GEN.xlsx|leap_export_template 18_CT_COMP_GEN.xlsx,True,explicit_transformation_fuel_leaf_evidence
Transformation\Oil Refining\Output Fuels\Kerosene type jet fuel,21,AUS clean slate 28_07.xlsx|BD clean slate 28_07.xlsx|MAS clean slate 28_07.xlsx|MEX clean slate 28_07.xlsx|NZ clean slate 27_07.xlsx|PHL clean slate 28_07.xlsx|PNG clean slate 28_07.xlsx|PRC clean slate 28_07.xlsx|THA clean slate 28_07.xlsx|USA clean slate 28_07.xlsx|VN clean slate 28_07.xlsx|leap_export_template 03_CDA_COMP_GEN.xlsx|leap_export_template 04_CHL_COMP_GEN.xlsx|leap_export_template 06_HKC_COMP_GEN.xlsx|leap_export_template 07_INA_COMP_GEN.xlsx|leap_export_template 08_JPN_COMP_GEN.xlsx|leap_export_template 09_ROK_COMP_GEN.xlsx|leap_export_template 14_PE_COMP_GEN.xlsx|leap_export_template 16_RUS_COMP_GEN.xlsx|leap_export_template 17_SGP_COMP_GEN.xlsx|leap_export_template 18_CT_COMP_GEN.xlsx,True,explicit_transformation_fuel_leaf_evidence
Transformation\Oil Refining\Output Fuels\LPG,21,AUS clean slate 28_07.xlsx|BD clean slate 28_07.xlsx|MAS clean slate 28_07.xlsx|MEX clean slate 28_07.xlsx|NZ clean slate 27_07.xlsx|PHL clean slate 28_07.xlsx|PNG clean slate 28_07.xlsx|PRC clean slate 28_07.xlsx|THA clean slate 28_07.xlsx|USA clean slate 28_07.xlsx|VN clean slate 28_07.xlsx|leap_export_template 03_CDA_COMP_GEN.xlsx|leap_export_template 04_CHL_COMP_GEN.xlsx|leap_export_template 06_HKC_COMP_GEN.xlsx|leap_export_template 07_INA_COMP_GEN.xlsx|leap_export_template 08_JPN_COMP_GEN.xlsx|leap_export_template 09_ROK_COMP_GEN.xlsx|leap_export_template 14_PE_COMP_GEN.xlsx|leap_export_template 16_RUS_COMP_GEN.xlsx|leap_export_template 17_SGP_COMP_GEN.xlsx|leap_export_template 18_CT_COMP_GEN.xlsx,True,explicit_transformation_fuel_leaf_evidence
Transformation\Oil Refining\Output Fuels\Lubricants,21,AUS clean slate 28_07.xlsx|BD clean slate 28_07.xlsx|MAS clean slate 28_07.xlsx|MEX clean slate 28_07.xlsx|NZ clean slate 27_07.xlsx|PHL clean slate 28_07.xlsx|PNG clean slate 28_07.xlsx|PRC clean slate 28_07.xlsx|THA clean slate 28_07.xlsx|USA clean slate 28_07.xlsx|VN clean slate 28_07.xlsx|leap_export_template 03_CDA_COMP_GEN.xlsx|leap_export_template 04_CHL_COMP_GEN.xlsx|leap_export_template 06_HKC_COMP_GEN.xlsx|leap_export_template 07_INA_COMP_GEN.xlsx|leap_export_template 08_JPN_COMP_GEN.xlsx|leap_export_template 09_ROK_COMP_GEN.xlsx|leap_export_template 14_PE_COMP_GEN.xlsx|leap_export_template 16_RUS_COMP_GEN.xlsx|leap_export_template 17_SGP_COMP_GEN.xlsx|leap_export_template 18_CT_COMP_GEN.xlsx,True,explicit_transformation_fuel_leaf_evidence
Transformation\Oil Refining\Output Fuels\Motor gasoline,21,AUS clean slate 28_07.xlsx|BD clean slate 28_07.xlsx|MAS clean slate 28_07.xlsx|MEX clean slate 28_07.xlsx|NZ clean slate 27_07.xlsx|PHL clean slate 28_07.xlsx|PNG clean slate 28_07.xlsx|PRC clean slate 28_07.xlsx|THA clean slate 28_07.xlsx|USA clean slate 28_07.xlsx|VN clean slate 28_07.xlsx|leap_export_template 03_CDA_COMP_GEN.xlsx|leap_export_template 04_CHL_COMP_GEN.xlsx|leap_export_template 06_HKC_COMP_GEN.xlsx|leap_export_template 07_INA_COMP_GEN.xlsx|leap_export_template 08_JPN_COMP_GEN.xlsx|leap_export_template 09_ROK_COMP_GEN.xlsx|leap_export_template 14_PE_COMP_GEN.xlsx|leap_export_template 16_RUS_COMP_GEN.xlsx|leap_export_template 17_SGP_COMP_GEN.xlsx|leap_export_template 18_CT_COMP_GEN.xlsx,True,explicit_transformation_fuel_leaf_evidence
Transformation\Oil Refining\Output Fuels\Naphtha,21,AUS clean slate 28_07.xlsx|BD clean slate 28_07.xlsx|MAS clean slate 28_07.xlsx|MEX clean slate 28_07.xlsx|NZ clean slate 27_07.xlsx|PHL clean slate 28_07.xlsx|PNG clean slate 28_07.xlsx|PRC clean slate 28_07.xlsx|THA clean slate 28_07.xlsx|USA clean slate 28_07.xlsx|VN clean slate 28_07.xlsx|leap_export_template 03_CDA_COMP_GEN.xlsx|leap_export_template 04_CHL_COMP_GEN.xlsx|leap_export_template 06_HKC_COMP_GEN.xlsx|leap_export_template 07_INA_COMP_GEN.xlsx|leap_export_template 08_JPN_COMP_GEN.xlsx|leap_export_template 09_ROK_COMP_GEN.xlsx|leap_export_template 14_PE_COMP_GEN.xlsx|leap_export_template 16_RUS_COMP_GEN.xlsx|leap_export_template 17_SGP_COMP_GEN.xlsx|leap_export_template 18_CT_COMP_GEN.xlsx,True,explicit_transformation_fuel_leaf_evidence
Transformation\Oil Refining\Output Fuels\Other products,21,AUS clean slate 28_07.xlsx|BD clean slate 28_07.xlsx|MAS clean slate 28_07.xlsx|MEX clean slate 28_07.xlsx|NZ clean slate 27_07.xlsx|PHL clean slate 28_07.xlsx|PNG clean slate 28_07.xlsx|PRC clean slate 28_07.xlsx|THA clean slate 28_07.xlsx|USA clean slate 28_07.xlsx|VN clean slate 28_07.xlsx|leap_export_template 03_CDA_COMP_GEN.xlsx|leap_export_template 04_CHL_COMP_GEN.xlsx|leap_export_template 06_HKC_COMP_GEN.xlsx|leap_export_template 07_INA_COMP_GEN.xlsx|leap_export_template 08_JPN_COMP_GEN.xlsx|leap_export_template 09_ROK_COMP_GEN.xlsx|leap_export_template 14_PE_COMP_GEN.xlsx|leap_export_template 16_RUS_COMP_GEN.xlsx|leap_export_template 17_SGP_COMP_GEN.xlsx|leap_export_template 18_CT_COMP_GEN.xlsx,True,explicit_transformation_fuel_leaf_evidence
Transformation\Oil Refining\Output Fuels\Paraffin waxes,21,AUS clean slate 28_07.xlsx|BD clean slate 28_07.xlsx|MAS clean slate 28_07.xlsx|MEX clean slate 28_07.xlsx|NZ clean slate 27_07.xlsx|PHL clean slate 28_07.xlsx|PNG clean slate 28_07.xlsx|PRC clean slate 28_07.xlsx|THA clean slate 28_07.xlsx|USA clean slate 28_07.xlsx|VN clean slate 28_07.xlsx|leap_export_template 03_CDA_COMP_GEN.xlsx|leap_export_template 04_CHL_COMP_GEN.xlsx|leap_export_template 06_HKC_COMP_GEN.xlsx|leap_export_template 07_INA_COMP_GEN.xlsx|leap_export_template 08_JPN_COMP_GEN.xlsx|leap_export_template 09_ROK_COMP_GEN.xlsx|leap_export_template 14_PE_COMP_GEN.xlsx|leap_export_template 16_RUS_COMP_GEN.xlsx|leap_export_template 17_SGP_COMP_GEN.xlsx|leap_export_template 18_CT_COMP_GEN.xlsx,True,explicit_transformation_fuel_leaf_evidence
Transformation\Oil Refining\Output Fuels\PetProd nonspecified,21,AUS clean slate 28_07.xlsx|BD clean slate 28_07.xlsx|MAS clean slate 28_07.xlsx|MEX clean slate 28_07.xlsx|NZ clean slate 27_07.xlsx|PHL clean slate 28_07.xlsx|PNG clean slate 28_07.xlsx|PRC clean slate 28_07.xlsx|THA clean slate 28_07.xlsx|USA clean slate 28_07.xlsx|VN clean slate 28_07.xlsx|leap_export_template 03_CDA_COMP_GEN.xlsx|leap_export_template 04_CHL_COMP_GEN.xlsx|leap_export_template 06_HKC_COMP_GEN.xlsx|leap_export_template 07_INA_COMP_GEN.xlsx|leap_export_template 08_JPN_COMP_GEN.xlsx|leap_export_template 09_ROK_COMP_GEN.xlsx|leap_export_template 14_PE_COMP_GEN.xlsx|leap_export_template 16_RUS_COMP_GEN.xlsx|leap_export_template 17_SGP_COMP_GEN.xlsx|leap_export_template 18_CT_COMP_GEN.xlsx,True,explicit_transformation_fuel_leaf_evidence
Transformation\Oil Refining\Output Fuels\Petroleum coke,21,AUS clean slate 28_07.xlsx|BD clean slate 28_07.xlsx|MAS clean slate 28_07.xlsx|MEX clean slate 28_07.xlsx|NZ clean slate 27_07.xlsx|PHL clean slate 28_07.xlsx|PNG clean slate 28_07.xlsx|PRC clean slate 28_07.xlsx|THA clean slate 28_07.xlsx|USA clean slate 28_07.xlsx|VN clean slate 28_07.xlsx|leap_export_template 03_CDA_COMP_GEN.xlsx|leap_export_template 04_CHL_COMP_GEN.xlsx|leap_export_template 06_HKC_COMP_GEN.xlsx|leap_export_template 07_INA_COMP_GEN.xlsx|leap_export_template 08_JPN_COMP_GEN.xlsx|leap_export_template 09_ROK_COMP_GEN.xlsx|leap_export_template 14_PE_COMP_GEN.xlsx|leap_export_template 16_RUS_COMP_GEN.xlsx|leap_export_template 17_SGP_COMP_GEN.xlsx|leap_export_template 18_CT_COMP_GEN.xlsx,True,explicit_transformation_fuel_leaf_evidence
Transformation\Oil Refining\Output Fuels\Refinery gas not liquefied,21,AUS clean slate 28_07.xlsx|BD clean slate 28_07.xlsx|MAS clean slate 28_07.xlsx|MEX clean slate 28_07.xlsx|NZ clean slate 27_07.xlsx|PHL clean slate 28_07.xlsx|PNG clean slate 28_07.xlsx|PRC clean slate 28_07.xlsx|THA clean slate 28_07.xlsx|USA clean slate 28_07.xlsx|VN clean slate 28_07.xlsx|leap_export_template 03_CDA_COMP_GEN.xlsx|leap_export_template 04_CHL_COMP_GEN.xlsx|leap_export_template 06_HKC_COMP_GEN.xlsx|leap_export_template 07_INA_COMP_GEN.xlsx|leap_export_template 08_JPN_COMP_GEN.xlsx|leap_export_template 09_ROK_COMP_GEN.xlsx|leap_export_template 14_PE_COMP_GEN.xlsx|leap_export_template 16_RUS_COMP_GEN.xlsx|leap_export_template 17_SGP_COMP_GEN.xlsx|leap_export_template 18_CT_COMP_GEN.xlsx,True,explicit_transformation_fuel_leaf_evidence
Transformation\Oil Refining\Output Fuels\White spirit SBP,21,AUS clean slate 28_07.xlsx|BD clean slate 28_07.xlsx|MAS clean slate 28_07.xlsx|MEX clean slate 28_07.xlsx|NZ clean slate 27_07.xlsx|PHL clean slate 28_07.xlsx|PNG clean slate 28_07.xlsx|PRC clean slate 28_07.xlsx|THA clean slate 28_07.xlsx|USA clean slate 28_07.xlsx|VN clean slate 28_07.xlsx|leap_export_template 03_CDA_COMP_GEN.xlsx|leap_export_template 04_CHL_COMP_GEN.xlsx|leap_export_template 06_HKC_COMP_GEN.xlsx|leap_export_template 07_INA_COMP_GEN.xlsx|leap_export_template 08_JPN_COMP_GEN.xlsx|leap_export_template 09_ROK_COMP_GEN.xlsx|leap_export_template 14_PE_COMP_GEN.xlsx|leap_export_template 16_RUS_COMP_GEN.xlsx|leap_export_template 17_SGP_COMP_GEN.xlsx|leap_export_template 18_CT_COMP_GEN.xlsx,True,explicit_transformation_fuel_leaf_evidence
Transformation\Oil Refining\Processes\Oil Refining,21,AUS clean slate 28_07.xlsx|BD clean slate 28_07.xlsx|MAS clean slate 28_07.xlsx|MEX clean slate 28_07.xlsx|NZ clean slate 27_07.xlsx|PHL clean slate 28_07.xlsx|PNG clean slate 28_07.xlsx|PRC clean slate 28_07.xlsx|THA clean slate 28_07.xlsx|USA clean slate 28_07.xlsx|VN clean slate 28_07.xlsx|leap_export_template 03_CDA_COMP_GEN.xlsx|leap_export_template 04_CHL_COMP_GEN.xlsx|leap_export_template 06_HKC_COMP_GEN.xlsx|leap_export_template 07_INA_COMP_GEN.xlsx|leap_export_template 08_JPN_COMP_GEN.xlsx|leap_export_template 09_ROK_COMP_GEN.xlsx|leap_export_template 14_PE_COMP_GEN.xlsx|leap_export_template 16_RUS_COMP_GEN.xlsx|leap_export_template 17_SGP_COMP_GEN.xlsx|leap_export_template 18_CT_COMP_GEN.xlsx,False,branch_structure_only
Transformation\Oil Refining\Processes\Oil Refining\Auxiliary Fuels\Aviation gasoline,21,AUS clean slate 28_07.xlsx|BD clean slate 28_07.xlsx|MAS clean slate 28_07.xlsx|MEX clean slate 28_07.xlsx|NZ clean slate 27_07.xlsx|PHL clean slate 28_07.xlsx|PNG clean slate 28_07.xlsx|PRC clean slate 28_07.xlsx|THA clean slate 28_07.xlsx|USA clean slate 28_07.xlsx|VN clean slate 28_07.xlsx|leap_export_template 03_CDA_COMP_GEN.xlsx|leap_export_template 04_CHL_COMP_GEN.xlsx|leap_export_template 06_HKC_COMP_GEN.xlsx|leap_export_template 07_INA_COMP_GEN.xlsx|leap_export_template 08_JPN_COMP_GEN.xlsx|leap_export_template 09_ROK_COMP_GEN.xlsx|leap_export_template 14_PE_COMP_GEN.xlsx|leap_export_template 16_RUS_COMP_GEN.xlsx|leap_export_template 17_SGP_COMP_GEN.xlsx|leap_export_template 18_CT_COMP_GEN.xlsx,True,explicit_transformation_fuel_leaf_evidence
Transformation\Oil Refining\Processes\Oil Refining\Auxiliary Fuels\Bitumen,21,AUS clean slate 28_07.xlsx|BD clean slate 28_07.xlsx|MAS clean slate 28_07.xlsx|MEX clean slate 28_07.xlsx|NZ clean slate 27_07.xlsx|PHL clean slate 28_07.xlsx|PNG clean slate 28_07.xlsx|PRC clean slate 28_07.xlsx|THA clean slate 28_07.xlsx|USA clean slate 28_07.xlsx|VN clean slate 28_07.xlsx|leap_export_template 03_CDA_COMP_GEN.xlsx|leap_export_template 04_CHL_COMP_GEN.xlsx|leap_export_template 06_HKC_COMP_GEN.xlsx|leap_export_template 07_INA_COMP_GEN.xlsx|leap_export_template 08_JPN_COMP_GEN.xlsx|leap_export_template 09_ROK_COMP_GEN.xlsx|leap_export_template 14_PE_COMP_GEN.xlsx|leap_export_template 16_RUS_COMP_GEN.xlsx|leap_export_template 17_SGP_COMP_GEN.xlsx|leap_export_template 18_CT_COMP_GEN.xlsx,True,explicit_transformation_fuel_leaf_evidence
Transformation\Oil Refining\Processes\Oil Refining\Auxiliary Fuels\Buildings,1,NZ clean slate 27_07.xlsx,True,explicit_transformation_fuel_leaf_evidence
Transformation\Oil Refining\Processes\Oil Refining\Auxiliary Fuels\Crude oil,21,AUS clean slate 28_07.xlsx|BD clean slate 28_07.xlsx|MAS clean slate 28_07.xlsx|MEX clean slate 28_07.xlsx|NZ clean slate 27_07.xlsx|PHL clean slate 28_07.xlsx|PNG clean slate 28_07.xlsx|PRC clean slate 28_07.xlsx|THA clean slate 28_07.xlsx|USA clean slate 28_07.xlsx|VN clean slate 28_07.xlsx|leap_export_template 03_CDA_COMP_GEN.xlsx|leap_export_template 04_CHL_COMP_GEN.xlsx|leap_export_template 06_HKC_COMP_GEN.xlsx|leap_export_template 07_INA_COMP_GEN.xlsx|leap_export_template 08_JPN_COMP_GEN.xlsx|leap_export_template 09_ROK_COMP_GEN.xlsx|leap_export_template 14_PE_COMP_GEN.xlsx|leap_export_template 16_RUS_COMP_GEN.xlsx|leap_export_template 17_SGP_COMP_GEN.xlsx|leap_export_template 18_CT_COMP_GEN.xlsx,True,explicit_transformation_fuel_leaf_evidence
Transformation\Oil Refining\Processes\Oil Refining\Auxiliary Fuels\Electricity,21,AUS clean slate 28_07.xlsx|BD clean slate 28_07.xlsx|MAS clean slate 28_07.xlsx|MEX clean slate 28_07.xlsx|NZ clean slate 27_07.xlsx|PHL clean slate 28_07.xlsx|PNG clean slate 28_07.xlsx|PRC clean slate 28_07.xlsx|THA clean slate 28_07.xlsx|USA clean slate 28_07.xlsx|VN clean slate 28_07.xlsx|leap_export_template 03_CDA_COMP_GEN.xlsx|leap_export_template 04_CHL_COMP_GEN.xlsx|leap_export_template 06_HKC_COMP_GEN.xlsx|leap_export_template 07_INA_COMP_GEN.xlsx|leap_export_template 08_JPN_COMP_GEN.xlsx|leap_export_template 09_ROK_COMP_GEN.xlsx|leap_export_template 14_PE_COMP_GEN.xlsx|leap_export_template 16_RUS_COMP_GEN.xlsx|leap_export_template 17_SGP_COMP_GEN.xlsx|leap_export_template 18_CT_COMP_GEN.xlsx,True,explicit_transformation_fuel_leaf_evidence
Transformation\Oil Refining\Processes\Oil Refining\Auxiliary Fuels\Ethane,21,AUS clean slate 28_07.xlsx|BD clean slate 28_07.xlsx|MAS clean slate 28_07.xlsx|MEX clean slate 28_07.xlsx|NZ clean slate 27_07.xlsx|PHL clean slate 28_07.xlsx|PNG clean slate 28_07.xlsx|PRC clean slate 28_07.xlsx|THA clean slate 28_07.xlsx|USA clean slate 28_07.xlsx|VN clean slate 28_07.xlsx|leap_export_template 03_CDA_COMP_GEN.xlsx|leap_export_template 04_CHL_COMP_GEN.xlsx|leap_export_template 06_HKC_COMP_GEN.xlsx|leap_export_template 07_INA_COMP_GEN.xlsx|leap_export_template 08_JPN_COMP_GEN.xlsx|leap_export_template 09_ROK_COMP_GEN.xlsx|leap_export_template 14_PE_COMP_GEN.xlsx|leap_export_template 16_RUS_COMP_GEN.xlsx|leap_export_template 17_SGP_COMP_GEN.xlsx|leap_export_template 18_CT_COMP_GEN.xlsx,True,explicit_transformation_fuel_leaf_evidence
Transformation\Oil Refining\Processes\Oil Refining\Auxiliary Fuels\Fuel oil,21,AUS clean slate 28_07.xlsx|BD clean slate 28_07.xlsx|MAS clean slate 28_07.xlsx|MEX clean slate 28_07.xlsx|NZ clean slate 27_07.xlsx|PHL clean slate 28_07.xlsx|PNG clean slate 28_07.xlsx|PRC clean slate 28_07.xlsx|THA clean slate 28_07.xlsx|USA clean slate 28_07.xlsx|VN clean slate 28_07.xlsx|leap_export_template 03_CDA_COMP_GEN.xlsx|leap_export_template 04_CHL_COMP_GEN.xlsx|leap_export_template 06_HKC_COMP_GEN.xlsx|leap_export_template 07_INA_COMP_GEN.xlsx|leap_export_template 08_JPN_COMP_GEN.xlsx|leap_export_template 09_ROK_COMP_GEN.xlsx|leap_export_template 14_PE_COMP_GEN.xlsx|leap_export_template 16_RUS_COMP_GEN.xlsx|leap_export_template 17_SGP_COMP_GEN.xlsx|leap_export_template 18_CT_COMP_GEN.xlsx,True,explicit_transformation_fuel_leaf_evidence
Transformation\Oil Refining\Processes\Oil Refining\Auxiliary Fuels\Gas and diesel oil,21,AUS clean slate 28_07.xlsx|BD clean slate 28_07.xlsx|MAS clean slate 28_07.xlsx|MEX clean slate 28_07.xlsx|NZ clean slate 27_07.xlsx|PHL clean slate 28_07.xlsx|PNG clean slate 28_07.xlsx|PRC clean slate 28_07.xlsx|THA clean slate 28_07.xlsx|USA clean slate 28_07.xlsx|VN clean slate 28_07.xlsx|leap_export_template 03_CDA_COMP_GEN.xlsx|leap_export_template 04_CHL_COMP_GEN.xlsx|leap_export_template 06_HKC_COMP_GEN.xlsx|leap_export_template 07_INA_COMP_GEN.xlsx|leap_export_template 08_JPN_COMP_GEN.xlsx|leap_export_template 09_ROK_COMP_GEN.xlsx|leap_export_template 14_PE_COMP_GEN.xlsx|leap_export_template 16_RUS_COMP_GEN.xlsx|leap_export_template 17_SGP_COMP_GEN.xlsx|leap_export_template 18_CT_COMP_GEN.xlsx,True,explicit_transformation_fuel_leaf_evidence
Transformation\Oil Refining\Processes\Oil Refining\Auxiliary Fuels\Heat,21,AUS clean slate 28_07.xlsx|BD clean slate 28_07.xlsx|MAS clean slate 28_07.xlsx|MEX clean slate 28_07.xlsx|NZ clean slate 27_07.xlsx|PHL clean slate 28_07.xlsx|PNG clean slate 28_07.xlsx|PRC clean slate 28_07.xlsx|THA clean slate 28_07.xlsx|USA clean slate 28_07.xlsx|VN clean slate 28_07.xlsx|leap_export_template 03_CDA_COMP_GEN.xlsx|leap_export_template 04_CHL_COMP_GEN.xlsx|leap_export_template 06_HKC_COMP_GEN.xlsx|leap_export_template 07_INA_COMP_GEN.xlsx|leap_export_template 08_JPN_COMP_GEN.xlsx|leap_export_template 09_ROK_COMP_GEN.xlsx|leap_export_template 14_PE_COMP_GEN.xlsx|leap_export_template 16_RUS_COMP_GEN.xlsx|leap_export_template 17_SGP_COMP_GEN.xlsx|leap_export_template 18_CT_COMP_GEN.xlsx,True,explicit_transformation_fuel_leaf_evidence
Transformation\Oil Refining\Processes\Oil Refining\Auxiliary Fuels\Industrial waste,21,AUS clean slate 28_07.xlsx|BD clean slate 28_07.xlsx|MAS clean slate 28_07.xlsx|MEX clean slate 28_07.xlsx|NZ clean slate 27_07.xlsx|PHL clean slate 28_07.xlsx|PNG clean slate 28_07.xlsx|PRC clean slate 28_07.xlsx|THA clean slate 28_07.xlsx|USA clean slate 28_07.xlsx|VN clean slate 28_07.xlsx|leap_export_template 03_CDA_COMP_GEN.xlsx|leap_export_template 04_CHL_COMP_GEN.xlsx|leap_export_template 06_HKC_COMP_GEN.xlsx|leap_export_template 07_INA_COMP_GEN.xlsx|leap_export_template 08_JPN_COMP_GEN.xlsx|leap_export_template 09_ROK_COMP_GEN.xlsx|leap_export_template 14_PE_COMP_GEN.xlsx|leap_export_template 16_RUS_COMP_GEN.xlsx|leap_export_template 17_SGP_COMP_GEN.xlsx|leap_export_template 18_CT_COMP_GEN.xlsx,True,explicit_transformation_fuel_leaf_evidence
Transformation\Oil Refining\Processes\Oil Refining\Auxiliary Fuels\Kerosene,21,AUS clean slate 28_07.xlsx|BD clean slate 28_07.xlsx|MAS clean slate 28_07.xlsx|MEX clean slate 28_07.xlsx|NZ clean slate 27_07.xlsx|PHL clean slate 28_07.xlsx|PNG clean slate 28_07.xlsx|PRC clean slate 28_07.xlsx|THA clean slate 28_07.xlsx|USA clean slate 28_07.xlsx|VN clean slate 28_07.xlsx|leap_export_template 03_CDA_COMP_GEN.xlsx|leap_export_template 04_CHL_COMP_GEN.xlsx|leap_export_template 06_HKC_COMP_GEN.xlsx|leap_export_template 07_INA_COMP_GEN.xlsx|leap_export_template 08_JPN_COMP_GEN.xlsx|leap_export_template 09_ROK_COMP_GEN.xlsx|leap_export_template 14_PE_COMP_GEN.xlsx|leap_export_template 16_RUS_COMP_GEN.xlsx|leap_export_template 17_SGP_COMP_GEN.xlsx|leap_export_template 18_CT_COMP_GEN.xlsx,True,explicit_transformation_fuel_leaf_evidence
Transformation\Oil Refining\Processes\Oil Refining\Auxiliary Fuels\Kerosene type jet fuel,21,AUS clean slate 28_07.xlsx|BD clean slate 28_07.xlsx|MAS clean slate 28_07.xlsx|MEX clean slate 28_07.xlsx|NZ clean slate 27_07.xlsx|PHL clean slate 28_07.xlsx|PNG clean slate 28_07.xlsx|PRC clean slate 28_07.xlsx|THA clean slate 28_07.xlsx|USA clean slate 28_07.xlsx|VN clean slate 28_07.xlsx|leap_export_template 03_CDA_COMP_GEN.xlsx|leap_export_template 04_CHL_COMP_GEN.xlsx|leap_export_template 06_HKC_COMP_GEN.xlsx|leap_export_template 07_INA_COMP_GEN.xlsx|leap_export_template 08_JPN_COMP_GEN.xlsx|leap_export_template 09_ROK_COMP_GEN.xlsx|leap_export_template 14_PE_COMP_GEN.xlsx|leap_export_template 16_RUS_COMP_GEN.xlsx|leap_export_template 17_SGP_COMP_GEN.xlsx|leap_export_template 18_CT_COMP_GEN.xlsx,True,explicit_transformation_fuel_leaf_evidence
Transformation\Oil Refining\Processes\Oil Refining\Auxiliary Fuels\LPG,21,AUS clean slate 28_07.xlsx|BD clean slate 28_07.xlsx|MAS clean slate 28_07.xlsx|MEX clean slate 28_07.xlsx|NZ clean slate 27_07.xlsx|PHL clean slate 28_07.xlsx|PNG clean slate 28_07.xlsx|PRC clean slate 28_07.xlsx|THA clean slate 28_07.xlsx|USA clean slate 28_07.xlsx|VN clean slate 28_07.xlsx|leap_export_template 03_CDA_COMP_GEN.xlsx|leap_export_template 04_CHL_COMP_GEN.xlsx|leap_export_template 06_HKC_COMP_GEN.xlsx|leap_export_template 07_INA_COMP_GEN.xlsx|leap_export_template 08_JPN_COMP_GEN.xlsx|leap_export_template 09_ROK_COMP_GEN.xlsx|leap_export_template 14_PE_COMP_GEN.xlsx|leap_export_template 16_RUS_COMP_GEN.xlsx|leap_export_template 17_SGP_COMP_GEN.xlsx|leap_export_template 18_CT_COMP_GEN.xlsx,True,explicit_transformation_fuel_leaf_evidence
Transformation\Oil Refining\Processes\Oil Refining\Auxiliary Fuels\Lubricants,21,AUS clean slate 28_07.xlsx|BD clean slate 28_07.xlsx|MAS clean slate 28_07.xlsx|MEX clean slate 28_07.xlsx|NZ clean slate 27_07.xlsx|PHL clean slate 28_07.xlsx|PNG clean slate 28_07.xlsx|PRC clean slate 28_07.xlsx|THA clean slate 28_07.xlsx|USA clean slate 28_07.xlsx|VN clean slate 28_07.xlsx|leap_export_template 03_CDA_COMP_GEN.xlsx|leap_export_template 04_CHL_COMP_GEN.xlsx|leap_export_template 06_HKC_COMP_GEN.xlsx|leap_export_template 07_INA_COMP_GEN.xlsx|leap_export_template 08_JPN_COMP_GEN.xlsx|leap_export_template 09_ROK_COMP_GEN.xlsx|leap_export_template 14_PE_COMP_GEN.xlsx|leap_export_template 16_RUS_COMP_GEN.xlsx|leap_export_template 17_SGP_COMP_GEN.xlsx|leap_export_template 18_CT_COMP_GEN.xlsx,True,explicit_transformation_fuel_leaf_evidence
Transformation\Oil Refining\Processes\Oil Refining\Auxiliary Fuels\Motor gasoline,21,AUS clean slate 28_07.xlsx|BD clean slate 28_07.xlsx|MAS clean slate 28_07.xlsx|MEX clean slate 28_07.xlsx|NZ clean slate 27_07.xlsx|PHL clean slate 28_07.xlsx|PNG clean slate 28_07.xlsx|PRC clean slate 28_07.xlsx|THA clean slate 28_07.xlsx|USA clean slate 28_07.xlsx|VN clean slate 28_07.xlsx|leap_export_template 03_CDA_COMP_GEN.xlsx|leap_export_template 04_CHL_COMP_GEN.xlsx|leap_export_template 06_HKC_COMP_GEN.xlsx|leap_export_template 07_INA_COMP_GEN.xlsx|leap_export_template 08_JPN_COMP_GEN.xlsx|leap_export_template 09_ROK_COMP_GEN.xlsx|leap_export_template 14_PE_COMP_GEN.xlsx|leap_export_template 16_RUS_COMP_GEN.xlsx|leap_export_template 17_SGP_COMP_GEN.xlsx|leap_export_template 18_CT_COMP_GEN.xlsx,True,explicit_transformation_fuel_leaf_evidence
Transformation\Oil Refining\Processes\Oil Refining\Auxiliary Fuels\Naphtha,21,AUS clean slate 28_07.xlsx|BD clean slate 28_07.xlsx|MAS clean slate 28_07.xlsx|MEX clean slate 28_07.xlsx|NZ clean slate 27_07.xlsx|PHL clean slate 28_07.xlsx|PNG clean slate 28_07.xlsx|PRC clean slate 28_07.xlsx|THA clean slate 28_07.xlsx|USA clean slate 28_07.xlsx|VN clean slate 28_07.xlsx|leap_export_template 03_CDA_COMP_GEN.xlsx|leap_export_template 04_CHL_COMP_GEN.xlsx|leap_export_template 06_HKC_COMP_GEN.xlsx|leap_export_template 07_INA_COMP_GEN.xlsx|leap_export_template 08_JPN_COMP_GEN.xlsx|leap_export_template 09_ROK_COMP_GEN.xlsx|leap_export_template 14_PE_COMP_GEN.xlsx|leap_export_template 16_RUS_COMP_GEN.xlsx|leap_export_template 17_SGP_COMP_GEN.xlsx|leap_export_template 18_CT_COMP_GEN.xlsx,True,explicit_transformation_fuel_leaf_evidence
Transformation\Oil Refining\Processes\Oil Refining\Auxiliary Fuels\Natural gas,20,AUS clean slate 28_07.xlsx|BD clean slate 28_07.xlsx|MAS clean slate 28_07.xlsx|MEX clean slate 28_07.xlsx|PHL clean slate 28_07.xlsx|PNG clean slate 28_07.xlsx|PRC clean slate 28_07.xlsx|THA clean slate 28_07.xlsx|USA clean slate 28_07.xlsx|VN clean slate 28_07.xlsx|leap_export_template 03_CDA_COMP_GEN.xlsx|leap_export_template 04_CHL_COMP_GEN.xlsx|leap_export_template 06_HKC_COMP_GEN.xlsx|leap_export_template 07_INA_COMP_GEN.xlsx|leap_export_template 08_JPN_COMP_GEN.xlsx|leap_export_template 09_ROK_COMP_GEN.xlsx|leap_export_template 14_PE_COMP_GEN.xlsx|leap_export_template 16_RUS_COMP_GEN.xlsx|leap_export_template 17_SGP_COMP_GEN.xlsx|leap_export_template 18_CT_COMP_GEN.xlsx,True,explicit_transformation_fuel_leaf_evidence
Transformation\Oil Refining\Processes\Oil Refining\Auxiliary Fuels\Other bituminous coal,21,AUS clean slate 28_07.xlsx|BD clean slate 28_07.xlsx|MAS clean slate 28_07.xlsx|MEX clean slate 28_07.xlsx|NZ clean slate 27_07.xlsx|PHL clean slate 28_07.xlsx|PNG clean slate 28_07.xlsx|PRC clean slate 28_07.xlsx|THA clean slate 28_07.xlsx|USA clean slate 28_07.xlsx|VN clean slate 28_07.xlsx|leap_export_template 03_CDA_COMP_GEN.xlsx|leap_export_template 04_CHL_COMP_GEN.xlsx|leap_export_template 06_HKC_COMP_GEN.xlsx|leap_export_template 07_INA_COMP_GEN.xlsx|leap_export_template 08_JPN_COMP_GEN.xlsx|leap_export_template 09_ROK_COMP_GEN.xlsx|leap_export_template 14_PE_COMP_GEN.xlsx|leap_export_template 16_RUS_COMP_GEN.xlsx|leap_export_template 17_SGP_COMP_GEN.xlsx|leap_export_template 18_CT_COMP_GEN.xlsx,True,explicit_transformation_fuel_leaf_evidence
Transformation\Oil Refining\Processes\Oil Refining\Auxiliary Fuels\Other products,21,AUS clean slate 28_07.xlsx|BD clean slate 28_07.xlsx|MAS clean slate 28_07.xlsx|MEX clean slate 28_07.xlsx|NZ clean slate 27_07.xlsx|PHL clean slate 28_07.xlsx|PNG clean slate 28_07.xlsx|PRC clean slate 28_07.xlsx|THA clean slate 28_07.xlsx|USA clean slate 28_07.xlsx|VN clean slate 28_07.xlsx|leap_export_template 03_CDA_COMP_GEN.xlsx|leap_export_template 04_CHL_COMP_GEN.xlsx|leap_export_template 06_HKC_COMP_GEN.xlsx|leap_export_template 07_INA_COMP_GEN.xlsx|leap_export_template 08_JPN_COMP_GEN.xlsx|leap_export_template 09_ROK_COMP_GEN.xlsx|leap_export_template 14_PE_COMP_GEN.xlsx|leap_export_template 16_RUS_COMP_GEN.xlsx|leap_export_template 17_SGP_COMP_GEN.xlsx|leap_export_template 18_CT_COMP_GEN.xlsx,True,explicit_transformation_fuel_leaf_evidence
Transformation\Oil Refining\Processes\Oil Refining\Auxiliary Fuels\Petroleum coke,21,AUS clean slate 28_07.xlsx|BD clean slate 28_07.xlsx|MAS clean slate 28_07.xlsx|MEX clean slate 28_07.xlsx|NZ clean slate 27_07.xlsx|PHL clean slate 28_07.xlsx|PNG clean slate 28_07.xlsx|PRC clean slate 28_07.xlsx|THA clean slate 28_07.xlsx|USA clean slate 28_07.xlsx|VN clean slate 28_07.xlsx|leap_export_template 03_CDA_COMP_GEN.xlsx|leap_export_template 04_CHL_COMP_GEN.xlsx|leap_export_template 06_HKC_COMP_GEN.xlsx|leap_export_template 07_INA_COMP_GEN.xlsx|leap_export_template 08_JPN_COMP_GEN.xlsx|leap_export_template 09_ROK_COMP_GEN.xlsx|leap_export_template 14_PE_COMP_GEN.xlsx|leap_export_template 16_RUS_COMP_GEN.xlsx|leap_export_template 17_SGP_COMP_GEN.xlsx|leap_export_template 18_CT_COMP_GEN.xlsx,True,explicit_transformation_fuel_leaf_evidence
Transformation\Oil Refining\Processes\Oil Refining\Auxiliary Fuels\Refinery feedstocks,21,AUS clean slate 28_07.xlsx|BD clean slate 28_07.xlsx|MAS clean slate 28_07.xlsx|MEX clean slate 28_07.xlsx|NZ clean slate 27_07.xlsx|PHL clean slate 28_07.xlsx|PNG clean slate 28_07.xlsx|PRC clean slate 28_07.xlsx|THA clean slate 28_07.xlsx|USA clean slate 28_07.xlsx|VN clean slate 28_07.xlsx|leap_export_template 03_CDA_COMP_GEN.xlsx|leap_export_template 04_CHL_COMP_GEN.xlsx|leap_export_template 06_HKC_COMP_GEN.xlsx|leap_export_template 07_INA_COMP_GEN.xlsx|leap_export_template 08_JPN_COMP_GEN.xlsx|leap_export_template 09_ROK_COMP_GEN.xlsx|leap_export_template 14_PE_COMP_GEN.xlsx|leap_export_template 16_RUS_COMP_GEN.xlsx|leap_export_template 17_SGP_COMP_GEN.xlsx|leap_export_template 18_CT_COMP_GEN.xlsx,True,explicit_transformation_fuel_leaf_evidence
Transformation\Oil Refining\Processes\Oil Refining\Auxiliary Fuels\Refinery gas not liquefied,21,AUS clean slate 28_07.xlsx|BD clean slate 28_07.xlsx|MAS clean slate 28_07.xlsx|MEX clean slate 28_07.xlsx|NZ clean slate 27_07.xlsx|PHL clean slate 28_07.xlsx|PNG clean slate 28_07.xlsx|PRC clean slate 28_07.xlsx|THA clean slate 28_07.xlsx|USA clean slate 28_07.xlsx|VN clean slate 28_07.xlsx|leap_export_template 03_CDA_COMP_GEN.xlsx|leap_export_template 04_CHL_COMP_GEN.xlsx|leap_export_template 06_HKC_COMP_GEN.xlsx|leap_export_template 07_INA_COMP_GEN.xlsx|leap_export_template 08_JPN_COMP_GEN.xlsx|leap_export_template 09_ROK_COMP_GEN.xlsx|leap_export_template 14_PE_COMP_GEN.xlsx|leap_export_template 16_RUS_COMP_GEN.xlsx|leap_export_template 17_SGP_COMP_GEN.xlsx|leap_export_template 18_CT_COMP_GEN.xlsx,True,explicit_transformation_fuel_leaf_evidence
Transformation\Oil Refining\Processes\Oil Refining\Auxiliary Fuels\Sub bituminous coal,21,AUS clean slate 28_07.xlsx|BD clean slate 28_07.xlsx|MAS clean slate 28_07.xlsx|MEX clean slate 28_07.xlsx|NZ clean slate 27_07.xlsx|PHL clean slate 28_07.xlsx|PNG clean slate 28_07.xlsx|PRC clean slate 28_07.xlsx|THA clean slate 28_07.xlsx|USA clean slate 28_07.xlsx|VN clean slate 28_07.xlsx|leap_export_template 03_CDA_COMP_GEN.xlsx|leap_export_template 04_CHL_COMP_GEN.xlsx|leap_export_template 06_HKC_COMP_GEN.xlsx|leap_export_template 07_INA_COMP_GEN.xlsx|leap_export_template 08_JPN_COMP_GEN.xlsx|leap_export_template 09_ROK_COMP_GEN.xlsx|leap_export_template 14_PE_COMP_GEN.xlsx|leap_export_template 16_RUS_COMP_GEN.xlsx|leap_export_template 17_SGP_COMP_GEN.xlsx|leap_export_template 18_CT_COMP_GEN.xlsx,True,explicit_transformation_fuel_leaf_evidence
Transformation\Oil Refining\Processes\Oil Refining\Auxiliary Fuels\White spirit SBP,21,AUS clean slate 28_07.xlsx|BD clean slate 28_07.xlsx|MAS clean slate 28_07.xlsx|MEX clean slate 28_07.xlsx|NZ clean slate 27_07.xlsx|PHL clean slate 28_07.xlsx|PNG clean slate 28_07.xlsx|PRC clean slate 28_07.xlsx|THA clean slate 28_07.xlsx|USA clean slate 28_07.xlsx|VN clean slate 28_07.xlsx|leap_export_template 03_CDA_COMP_GEN.xlsx|leap_export_template 04_CHL_COMP_GEN.xlsx|leap_export_template 06_HKC_COMP_GEN.xlsx|leap_export_template 07_INA_COMP_GEN.xlsx|leap_export_template 08_JPN_COMP_GEN.xlsx|leap_export_template 09_ROK_COMP_GEN.xlsx|leap_export_template 14_PE_COMP_GEN.xlsx|leap_export_template 16_RUS_COMP_GEN.xlsx|leap_export_template 17_SGP_COMP_GEN.xlsx|leap_export_template 18_CT_COMP_GEN.xlsx,True,explicit_transformation_fuel_leaf_evidence
Transformation\Oil Refining\Processes\Oil Refining\Feedstock Fuels\Additives and oxygenates,21,AUS clean slate 28_07.xlsx|BD clean slate 28_07.xlsx|MAS clean slate 28_07.xlsx|MEX clean slate 28_07.xlsx|NZ clean slate 27_07.xlsx|PHL clean slate 28_07.xlsx|PNG clean slate 28_07.xlsx|PRC clean slate 28_07.xlsx|THA clean slate 28_07.xlsx|USA clean slate 28_07.xlsx|VN clean slate 28_07.xlsx|leap_export_template 03_CDA_COMP_GEN.xlsx|leap_export_template 04_CHL_COMP_GEN.xlsx|leap_export_template 06_HKC_COMP_GEN.xlsx|leap_export_template 07_INA_COMP_GEN.xlsx|leap_export_template 08_JPN_COMP_GEN.xlsx|leap_export_template 09_ROK_COMP_GEN.xlsx|leap_export_template 14_PE_COMP_GEN.xlsx|leap_export_template 16_RUS_COMP_GEN.xlsx|leap_export_template 17_SGP_COMP_GEN.xlsx|leap_export_template 18_CT_COMP_GEN.xlsx,True,explicit_transformation_fuel_leaf_evidence
Transformation\Oil Refining\Processes\Oil Refining\Feedstock Fuels\Crude oil,21,AUS clean slate 28_07.xlsx|BD clean slate 28_07.xlsx|MAS clean slate 28_07.xlsx|MEX clean slate 28_07.xlsx|NZ clean slate 27_07.xlsx|PHL clean slate 28_07.xlsx|PNG clean slate 28_07.xlsx|PRC clean slate 28_07.xlsx|THA clean slate 28_07.xlsx|USA clean slate 28_07.xlsx|VN clean slate 28_07.xlsx|leap_export_template 03_CDA_COMP_GEN.xlsx|leap_export_template 04_CHL_COMP_GEN.xlsx|leap_export_template 06_HKC_COMP_GEN.xlsx|leap_export_template 07_INA_COMP_GEN.xlsx|leap_export_template 08_JPN_COMP_GEN.xlsx|leap_export_template 09_ROK_COMP_GEN.xlsx|leap_export_template 14_PE_COMP_GEN.xlsx|leap_export_template 16_RUS_COMP_GEN.xlsx|leap_export_template 17_SGP_COMP_GEN.xlsx|leap_export_template 18_CT_COMP_GEN.xlsx,True,explicit_transformation_fuel_leaf_evidence
Transformation\Oil Refining\Processes\Oil Refining\Feedstock Fuels\Natural gas liquids,21,AUS clean slate 28_07.xlsx|BD clean slate 28_07.xlsx|MAS clean slate 28_07.xlsx|MEX clean slate 28_07.xlsx|NZ clean slate 27_07.xlsx|PHL clean slate 28_07.xlsx|PNG clean slate 28_07.xlsx|PRC clean slate 28_07.xlsx|THA clean slate 28_07.xlsx|USA clean slate 28_07.xlsx|VN clean slate 28_07.xlsx|leap_export_template 03_CDA_COMP_GEN.xlsx|leap_export_template 04_CHL_COMP_GEN.xlsx|leap_export_template 06_HKC_COMP_GEN.xlsx|leap_export_template 07_INA_COMP_GEN.xlsx|leap_export_template 08_JPN_COMP_GEN.xlsx|leap_export_template 09_ROK_COMP_GEN.xlsx|leap_export_template 14_PE_COMP_GEN.xlsx|leap_export_template 16_RUS_COMP_GEN.xlsx|leap_export_template 17_SGP_COMP_GEN.xlsx|leap_export_template 18_CT_COMP_GEN.xlsx,True,explicit_transformation_fuel_leaf_evidence
Transformation\Oil Refining\Processes\Oil Refining\Feedstock Fuels\Other hydrocarbons,21,AUS clean slate 28_07.xlsx|BD clean slate 28_07.xlsx|MAS clean slate 28_07.xlsx|MEX clean slate 28_07.xlsx|NZ clean slate 27_07.xlsx|PHL clean slate 28_07.xlsx|PNG clean slate 28_07.xlsx|PRC clean slate 28_07.xlsx|THA clean slate 28_07.xlsx|USA clean slate 28_07.xlsx|VN clean slate 28_07.xlsx|leap_export_template 03_CDA_COMP_GEN.xlsx|leap_export_template 04_CHL_COMP_GEN.xlsx|leap_export_template 06_HKC_COMP_GEN.xlsx|leap_export_template 07_INA_COMP_GEN.xlsx|leap_export_template 08_JPN_COMP_GEN.xlsx|leap_export_template 09_ROK_COMP_GEN.xlsx|leap_export_template 14_PE_COMP_GEN.xlsx|leap_export_template 16_RUS_COMP_GEN.xlsx|leap_export_template 17_SGP_COMP_GEN.xlsx|leap_export_template 18_CT_COMP_GEN.xlsx,True,explicit_transformation_fuel_leaf_evidence
Transformation\Oil Refining\Processes\Oil Refining\Feedstock Fuels\Refinery feedstocks,21,AUS clean slate 28_07.xlsx|BD clean slate 28_07.xlsx|MAS clean slate 28_07.xlsx|MEX clean slate 28_07.xlsx|NZ clean slate 27_07.xlsx|PHL clean slate 28_07.xlsx|PNG clean slate 28_07.xlsx|PRC clean slate 28_07.xlsx|THA clean slate 28_07.xlsx|USA clean slate 28_07.xlsx|VN clean slate 28_07.xlsx|leap_export_template 03_CDA_COMP_GEN.xlsx|leap_export_template 04_CHL_COMP_GEN.xlsx|leap_export_template 06_HKC_COMP_GEN.xlsx|leap_export_template 07_INA_COMP_GEN.xlsx|leap_export_template 08_JPN_COMP_GEN.xlsx|leap_export_template 09_ROK_COMP_GEN.xlsx|leap_export_template 14_PE_COMP_GEN.xlsx|leap_export_template 16_RUS_COMP_GEN.xlsx|leap_export_template 17_SGP_COMP_GEN.xlsx|leap_export_template 18_CT_COMP_GEN.xlsx,True,explicit_transformation_fuel_leaf_evidence
Transformation\Patent fuel plants,21,AUS clean slate 28_07.xlsx|BD clean slate 28_07.xlsx|MAS clean slate 28_07.xlsx|MEX clean slate 28_07.xlsx|NZ clean slate 27_07.xlsx|PHL clean slate 28_07.xlsx|PNG clean slate 28_07.xlsx|PRC clean slate 28_07.xlsx|THA clean slate 28_07.xlsx|USA clean slate 28_07.xlsx|VN clean slate 28_07.xlsx|leap_export_template 03_CDA_COMP_GEN.xlsx|leap_export_template 04_CHL_COMP_GEN.xlsx|leap_export_template 06_HKC_COMP_GEN.xlsx|leap_export_template 07_INA_COMP_GEN.xlsx|leap_export_template 08_JPN_COMP_GEN.xlsx|leap_export_template 09_ROK_COMP_GEN.xlsx|leap_export_template 14_PE_COMP_GEN.xlsx|leap_export_template 16_RUS_COMP_GEN.xlsx|leap_export_template 17_SGP_COMP_GEN.xlsx|leap_export_template 18_CT_COMP_GEN.xlsx,False,branch_structure_only
Transformation\Patent fuel plants\Output Fuels\Patent fuel,21,AUS clean slate 28_07.xlsx|BD clean slate 28_07.xlsx|MAS clean slate 28_07.xlsx|MEX clean slate 28_07.xlsx|NZ clean slate 27_07.xlsx|PHL clean slate 28_07.xlsx|PNG clean slate 28_07.xlsx|PRC clean slate 28_07.xlsx|THA clean slate 28_07.xlsx|USA clean slate 28_07.xlsx|VN clean slate 28_07.xlsx|leap_export_template 03_CDA_COMP_GEN.xlsx|leap_export_template 04_CHL_COMP_GEN.xlsx|leap_export_template 06_HKC_COMP_GEN.xlsx|leap_export_template 07_INA_COMP_GEN.xlsx|leap_export_template 08_JPN_COMP_GEN.xlsx|leap_export_template 09_ROK_COMP_GEN.xlsx|leap_export_template 14_PE_COMP_GEN.xlsx|leap_export_template 16_RUS_COMP_GEN.xlsx|leap_export_template 17_SGP_COMP_GEN.xlsx|leap_export_template 18_CT_COMP_GEN.xlsx,True,explicit_transformation_fuel_leaf_evidence
Transformation\Patent fuel plants\Processes\Patent fuel plants,21,AUS clean slate 28_07.xlsx|BD clean slate 28_07.xlsx|MAS clean slate 28_07.xlsx|MEX clean slate 28_07.xlsx|NZ clean slate 27_07.xlsx|PHL clean slate 28_07.xlsx|PNG clean slate 28_07.xlsx|PRC clean slate 28_07.xlsx|THA clean slate 28_07.xlsx|USA clean slate 28_07.xlsx|VN clean slate 28_07.xlsx|leap_export_template 03_CDA_COMP_GEN.xlsx|leap_export_template 04_CHL_COMP_GEN.xlsx|leap_export_template 06_HKC_COMP_GEN.xlsx|leap_export_template 07_INA_COMP_GEN.xlsx|leap_export_template 08_JPN_COMP_GEN.xlsx|leap_export_template 09_ROK_COMP_GEN.xlsx|leap_export_template 14_PE_COMP_GEN.xlsx|leap_export_template 16_RUS_COMP_GEN.xlsx|leap_export_template 17_SGP_COMP_GEN.xlsx|leap_export_template 18_CT_COMP_GEN.xlsx,False,branch_structure_only
Transformation\Patent fuel plants\Processes\Patent fuel plants\Feedstock Fuels\Anthracite,21,AUS clean slate 28_07.xlsx|BD clean slate 28_07.xlsx|MAS clean slate 28_07.xlsx|MEX clean slate 28_07.xlsx|NZ clean slate 27_07.xlsx|PHL clean slate 28_07.xlsx|PNG clean slate 28_07.xlsx|PRC clean slate 28_07.xlsx|THA clean slate 28_07.xlsx|USA clean slate 28_07.xlsx|VN clean slate 28_07.xlsx|leap_export_template 03_CDA_COMP_GEN.xlsx|leap_export_template 04_CHL_COMP_GEN.xlsx|leap_export_template 06_HKC_COMP_GEN.xlsx|leap_export_template 07_INA_COMP_GEN.xlsx|leap_export_template 08_JPN_COMP_GEN.xlsx|leap_export_template 09_ROK_COMP_GEN.xlsx|leap_export_template 14_PE_COMP_GEN.xlsx|leap_export_template 16_RUS_COMP_GEN.xlsx|leap_export_template 17_SGP_COMP_GEN.xlsx|leap_export_template 18_CT_COMP_GEN.xlsx,True,explicit_transformation_fuel_leaf_evidence
Transformation\Petrochemical industry,21,AUS clean slate 28_07.xlsx|BD clean slate 28_07.xlsx|MAS clean slate 28_07.xlsx|MEX clean slate 28_07.xlsx|NZ clean slate 27_07.xlsx|PHL clean slate 28_07.xlsx|PNG clean slate 28_07.xlsx|PRC clean slate 28_07.xlsx|THA clean slate 28_07.xlsx|USA clean slate 28_07.xlsx|VN clean slate 28_07.xlsx|leap_export_template 03_CDA_COMP_GEN.xlsx|leap_export_template 04_CHL_COMP_GEN.xlsx|leap_export_template 06_HKC_COMP_GEN.xlsx|leap_export_template 07_INA_COMP_GEN.xlsx|leap_export_template 08_JPN_COMP_GEN.xlsx|leap_export_template 09_ROK_COMP_GEN.xlsx|leap_export_template 14_PE_COMP_GEN.xlsx|leap_export_template 16_RUS_COMP_GEN.xlsx|leap_export_template 17_SGP_COMP_GEN.xlsx|leap_export_template 18_CT_COMP_GEN.xlsx,False,branch_structure_only
Transformation\Petrochemical industry\Output Fuels\Refinery feedstocks,21,AUS clean slate 28_07.xlsx|BD clean slate 28_07.xlsx|MAS clean slate 28_07.xlsx|MEX clean slate 28_07.xlsx|NZ clean slate 27_07.xlsx|PHL clean slate 28_07.xlsx|PNG clean slate 28_07.xlsx|PRC clean slate 28_07.xlsx|THA clean slate 28_07.xlsx|USA clean slate 28_07.xlsx|VN clean slate 28_07.xlsx|leap_export_template 03_CDA_COMP_GEN.xlsx|leap_export_template 04_CHL_COMP_GEN.xlsx|leap_export_template 06_HKC_COMP_GEN.xlsx|leap_export_template 07_INA_COMP_GEN.xlsx|leap_export_template 08_JPN_COMP_GEN.xlsx|leap_export_template 09_ROK_COMP_GEN.xlsx|leap_export_template 14_PE_COMP_GEN.xlsx|leap_export_template 16_RUS_COMP_GEN.xlsx|leap_export_template 17_SGP_COMP_GEN.xlsx|leap_export_template 18_CT_COMP_GEN.xlsx,True,explicit_transformation_fuel_leaf_evidence
Transformation\Petrochemical industry\Processes\Petrochemical industry,21,AUS clean slate 28_07.xlsx|BD clean slate 28_07.xlsx|MAS clean slate 28_07.xlsx|MEX clean slate 28_07.xlsx|NZ clean slate 27_07.xlsx|PHL clean slate 28_07.xlsx|PNG clean slate 28_07.xlsx|PRC clean slate 28_07.xlsx|THA clean slate 28_07.xlsx|USA clean slate 28_07.xlsx|VN clean slate 28_07.xlsx|leap_export_template 03_CDA_COMP_GEN.xlsx|leap_export_template 04_CHL_COMP_GEN.xlsx|leap_export_template 06_HKC_COMP_GEN.xlsx|leap_export_template 07_INA_COMP_GEN.xlsx|leap_export_template 08_JPN_COMP_GEN.xlsx|leap_export_template 09_ROK_COMP_GEN.xlsx|leap_export_template 14_PE_COMP_GEN.xlsx|leap_export_template 16_RUS_COMP_GEN.xlsx|leap_export_template 17_SGP_COMP_GEN.xlsx|leap_export_template 18_CT_COMP_GEN.xlsx,False,branch_structure_only
Transformation\Petrochemical industry\Processes\Petrochemical industry\Feedstock Fuels\LPG,21,AUS clean slate 28_07.xlsx|BD clean slate 28_07.xlsx|MAS clean slate 28_07.xlsx|MEX clean slate 28_07.xlsx|NZ clean slate 27_07.xlsx|PHL clean slate 28_07.xlsx|PNG clean slate 28_07.xlsx|PRC clean slate 28_07.xlsx|THA clean slate 28_07.xlsx|USA clean slate 28_07.xlsx|VN clean slate 28_07.xlsx|leap_export_template 03_CDA_COMP_GEN.xlsx|leap_export_template 04_CHL_COMP_GEN.xlsx|leap_export_template 06_HKC_COMP_GEN.xlsx|leap_export_template 07_INA_COMP_GEN.xlsx|leap_export_template 08_JPN_COMP_GEN.xlsx|leap_export_template 09_ROK_COMP_GEN.xlsx|leap_export_template 14_PE_COMP_GEN.xlsx|leap_export_template 16_RUS_COMP_GEN.xlsx|leap_export_template 17_SGP_COMP_GEN.xlsx|leap_export_template 18_CT_COMP_GEN.xlsx,True,explicit_transformation_fuel_leaf_evidence
Transformation\Petrochemical industry\Processes\Petrochemical industry\Feedstock Fuels\Naphtha,21,AUS clean slate 28_07.xlsx|BD clean slate 28_07.xlsx|MAS clean slate 28_07.xlsx|MEX clean slate 28_07.xlsx|NZ clean slate 27_07.xlsx|PHL clean slate 28_07.xlsx|PNG clean slate 28_07.xlsx|PRC clean slate 28_07.xlsx|THA clean slate 28_07.xlsx|USA clean slate 28_07.xlsx|VN clean slate 28_07.xlsx|leap_export_template 03_CDA_COMP_GEN.xlsx|leap_export_template 04_CHL_COMP_GEN.xlsx|leap_export_template 06_HKC_COMP_GEN.xlsx|leap_export_template 07_INA_COMP_GEN.xlsx|leap_export_template 08_JPN_COMP_GEN.xlsx|leap_export_template 09_ROK_COMP_GEN.xlsx|leap_export_template 14_PE_COMP_GEN.xlsx|leap_export_template 16_RUS_COMP_GEN.xlsx|leap_export_template 17_SGP_COMP_GEN.xlsx|leap_export_template 18_CT_COMP_GEN.xlsx,True,explicit_transformation_fuel_leaf_evidence
Transformation\Petrochemical industry\Processes\Petrochemical industry\Feedstock Fuels\Other products,21,AUS clean slate 28_07.xlsx|BD clean slate 28_07.xlsx|MAS clean slate 28_07.xlsx|MEX clean slate 28_07.xlsx|NZ clean slate 27_07.xlsx|PHL clean slate 28_07.xlsx|PNG clean slate 28_07.xlsx|PRC clean slate 28_07.xlsx|THA clean slate 28_07.xlsx|USA clean slate 28_07.xlsx|VN clean slate 28_07.xlsx|leap_export_template 03_CDA_COMP_GEN.xlsx|leap_export_template 04_CHL_COMP_GEN.xlsx|leap_export_template 06_HKC_COMP_GEN.xlsx|leap_export_template 07_INA_COMP_GEN.xlsx|leap_export_template 08_JPN_COMP_GEN.xlsx|leap_export_template 09_ROK_COMP_GEN.xlsx|leap_export_template 14_PE_COMP_GEN.xlsx|leap_export_template 16_RUS_COMP_GEN.xlsx|leap_export_template 17_SGP_COMP_GEN.xlsx|leap_export_template 18_CT_COMP_GEN.xlsx,True,explicit_transformation_fuel_leaf_evidence
Transformation\Petrochemical industry\Processes\Petrochemical industry\Feedstock Fuels\Refinery gas not liquefied,21,AUS clean slate 28_07.xlsx|BD clean slate 28_07.xlsx|MAS clean slate 28_07.xlsx|MEX clean slate 28_07.xlsx|NZ clean slate 27_07.xlsx|PHL clean slate 28_07.xlsx|PNG clean slate 28_07.xlsx|PRC clean slate 28_07.xlsx|THA clean slate 28_07.xlsx|USA clean slate 28_07.xlsx|VN clean slate 28_07.xlsx|leap_export_template 03_CDA_COMP_GEN.xlsx|leap_export_template 04_CHL_COMP_GEN.xlsx|leap_export_template 06_HKC_COMP_GEN.xlsx|leap_export_template 07_INA_COMP_GEN.xlsx|leap_export_template 08_JPN_COMP_GEN.xlsx|leap_export_template 09_ROK_COMP_GEN.xlsx|leap_export_template 14_PE_COMP_GEN.xlsx|leap_export_template 16_RUS_COMP_GEN.xlsx|leap_export_template 17_SGP_COMP_GEN.xlsx|leap_export_template 18_CT_COMP_GEN.xlsx,True,explicit_transformation_fuel_leaf_evidence
Transformation\Refinery and blending transfers,21,AUS clean slate 28_07.xlsx|BD clean slate 28_07.xlsx|MAS clean slate 28_07.xlsx|MEX clean slate 28_07.xlsx|NZ clean slate 27_07.xlsx|PHL clean slate 28_07.xlsx|PNG clean slate 28_07.xlsx|PRC clean slate 28_07.xlsx|THA clean slate 28_07.xlsx|USA clean slate 28_07.xlsx|VN clean slate 28_07.xlsx|leap_export_template 03_CDA_COMP_GEN.xlsx|leap_export_template 04_CHL_COMP_GEN.xlsx|leap_export_template 06_HKC_COMP_GEN.xlsx|leap_export_template 07_INA_COMP_GEN.xlsx|leap_export_template 08_JPN_COMP_GEN.xlsx|leap_export_template 09_ROK_COMP_GEN.xlsx|leap_export_template 14_PE_COMP_GEN.xlsx|leap_export_template 16_RUS_COMP_GEN.xlsx|leap_export_template 17_SGP_COMP_GEN.xlsx|leap_export_template 18_CT_COMP_GEN.xlsx,False,branch_structure_only
Transformation\Refinery and blending transfers\Output Fuels\Additives and oxygenates,21,AUS clean slate 28_07.xlsx|BD clean slate 28_07.xlsx|MAS clean slate 28_07.xlsx|MEX clean slate 28_07.xlsx|NZ clean slate 27_07.xlsx|PHL clean slate 28_07.xlsx|PNG clean slate 28_07.xlsx|PRC clean slate 28_07.xlsx|THA clean slate 28_07.xlsx|USA clean slate 28_07.xlsx|VN clean slate 28_07.xlsx|leap_export_template 03_CDA_COMP_GEN.xlsx|leap_export_template 04_CHL_COMP_GEN.xlsx|leap_export_template 06_HKC_COMP_GEN.xlsx|leap_export_template 07_INA_COMP_GEN.xlsx|leap_export_template 08_JPN_COMP_GEN.xlsx|leap_export_template 09_ROK_COMP_GEN.xlsx|leap_export_template 14_PE_COMP_GEN.xlsx|leap_export_template 16_RUS_COMP_GEN.xlsx|leap_export_template 17_SGP_COMP_GEN.xlsx|leap_export_template 18_CT_COMP_GEN.xlsx,True,explicit_transformation_fuel_leaf_evidence
Transformation\Refinery and blending transfers\Output Fuels\Aviation gasoline,21,AUS clean slate 28_07.xlsx|BD clean slate 28_07.xlsx|MAS clean slate 28_07.xlsx|MEX clean slate 28_07.xlsx|NZ clean slate 27_07.xlsx|PHL clean slate 28_07.xlsx|PNG clean slate 28_07.xlsx|PRC clean slate 28_07.xlsx|THA clean slate 28_07.xlsx|USA clean slate 28_07.xlsx|VN clean slate 28_07.xlsx|leap_export_template 03_CDA_COMP_GEN.xlsx|leap_export_template 04_CHL_COMP_GEN.xlsx|leap_export_template 06_HKC_COMP_GEN.xlsx|leap_export_template 07_INA_COMP_GEN.xlsx|leap_export_template 08_JPN_COMP_GEN.xlsx|leap_export_template 09_ROK_COMP_GEN.xlsx|leap_export_template 14_PE_COMP_GEN.xlsx|leap_export_template 16_RUS_COMP_GEN.xlsx|leap_export_template 17_SGP_COMP_GEN.xlsx|leap_export_template 18_CT_COMP_GEN.xlsx,True,explicit_transformation_fuel_leaf_evidence
Transformation\Refinery and blending transfers\Output Fuels\Bitumen,21,AUS clean slate 28_07.xlsx|BD clean slate 28_07.xlsx|MAS clean slate 28_07.xlsx|MEX clean slate 28_07.xlsx|NZ clean slate 27_07.xlsx|PHL clean slate 28_07.xlsx|PNG clean slate 28_07.xlsx|PRC clean slate 28_07.xlsx|THA clean slate 28_07.xlsx|USA clean slate 28_07.xlsx|VN clean slate 28_07.xlsx|leap_export_template 03_CDA_COMP_GEN.xlsx|leap_export_template 04_CHL_COMP_GEN.xlsx|leap_export_template 06_HKC_COMP_GEN.xlsx|leap_export_template 07_INA_COMP_GEN.xlsx|leap_export_template 08_JPN_COMP_GEN.xlsx|leap_export_template 09_ROK_COMP_GEN.xlsx|leap_export_template 14_PE_COMP_GEN.xlsx|leap_export_template 16_RUS_COMP_GEN.xlsx|leap_export_template 17_SGP_COMP_GEN.xlsx|leap_export_template 18_CT_COMP_GEN.xlsx,True,explicit_transformation_fuel_leaf_evidence
Transformation\Refinery and blending transfers\Output Fuels\Crude oil,21,AUS clean slate 28_07.xlsx|BD clean slate 28_07.xlsx|MAS clean slate 28_07.xlsx|MEX clean slate 28_07.xlsx|NZ clean slate 27_07.xlsx|PHL clean slate 28_07.xlsx|PNG clean slate 28_07.xlsx|PRC clean slate 28_07.xlsx|THA clean slate 28_07.xlsx|USA clean slate 28_07.xlsx|VN clean slate 28_07.xlsx|leap_export_template 03_CDA_COMP_GEN.xlsx|leap_export_template 04_CHL_COMP_GEN.xlsx|leap_export_template 06_HKC_COMP_GEN.xlsx|leap_export_template 07_INA_COMP_GEN.xlsx|leap_export_template 08_JPN_COMP_GEN.xlsx|leap_export_template 09_ROK_COMP_GEN.xlsx|leap_export_template 14_PE_COMP_GEN.xlsx|leap_export_template 16_RUS_COMP_GEN.xlsx|leap_export_template 17_SGP_COMP_GEN.xlsx|leap_export_template 18_CT_COMP_GEN.xlsx,True,explicit_transformation_fuel_leaf_evidence
Transformation\Refinery and blending transfers\Output Fuels\Ethane,21,AUS clean slate 28_07.xlsx|BD clean slate 28_07.xlsx|MAS clean slate 28_07.xlsx|MEX clean slate 28_07.xlsx|NZ clean slate 27_07.xlsx|PHL clean slate 28_07.xlsx|PNG clean slate 28_07.xlsx|PRC clean slate 28_07.xlsx|THA clean slate 28_07.xlsx|USA clean slate 28_07.xlsx|VN clean slate 28_07.xlsx|leap_export_template 03_CDA_COMP_GEN.xlsx|leap_export_template 04_CHL_COMP_GEN.xlsx|leap_export_template 06_HKC_COMP_GEN.xlsx|leap_export_template 07_INA_COMP_GEN.xlsx|leap_export_template 08_JPN_COMP_GEN.xlsx|leap_export_template 09_ROK_COMP_GEN.xlsx|leap_export_template 14_PE_COMP_GEN.xlsx|leap_export_template 16_RUS_COMP_GEN.xlsx|leap_export_template 17_SGP_COMP_GEN.xlsx|leap_export_template 18_CT_COMP_GEN.xlsx,True,explicit_transformation_fuel_leaf_evidence
Transformation\Refinery and blending transfers\Output Fuels\Gas and diesel oil,21,AUS clean slate 28_07.xlsx|BD clean slate 28_07.xlsx|MAS clean slate 28_07.xlsx|MEX clean slate 28_07.xlsx|NZ clean slate 27_07.xlsx|PHL clean slate 28_07.xlsx|PNG clean slate 28_07.xlsx|PRC clean slate 28_07.xlsx|THA clean slate 28_07.xlsx|USA clean slate 28_07.xlsx|VN clean slate 28_07.xlsx|leap_export_template 03_CDA_COMP_GEN.xlsx|leap_export_template 04_CHL_COMP_GEN.xlsx|leap_export_template 06_HKC_COMP_GEN.xlsx|leap_export_template 07_INA_COMP_GEN.xlsx|leap_export_template 08_JPN_COMP_GEN.xlsx|leap_export_template 09_ROK_COMP_GEN.xlsx|leap_export_template 14_PE_COMP_GEN.xlsx|leap_export_template 16_RUS_COMP_GEN.xlsx|leap_export_template 17_SGP_COMP_GEN.xlsx|leap_export_template 18_CT_COMP_GEN.xlsx,True,explicit_transformation_fuel_leaf_evidence
Transformation\Refinery and blending transfers\Output Fuels\Kerosene type jet fuel,21,AUS clean slate 28_07.xlsx|BD clean slate 28_07.xlsx|MAS clean slate 28_07.xlsx|MEX clean slate 28_07.xlsx|NZ clean slate 27_07.xlsx|PHL clean slate 28_07.xlsx|PNG clean slate 28_07.xlsx|PRC clean slate 28_07.xlsx|THA clean slate 28_07.xlsx|USA clean slate 28_07.xlsx|VN clean slate 28_07.xlsx|leap_export_template 03_CDA_COMP_GEN.xlsx|leap_export_template 04_CHL_COMP_GEN.xlsx|leap_export_template 06_HKC_COMP_GEN.xlsx|leap_export_template 07_INA_COMP_GEN.xlsx|leap_export_template 08_JPN_COMP_GEN.xlsx|leap_export_template 09_ROK_COMP_GEN.xlsx|leap_export_template 14_PE_COMP_GEN.xlsx|leap_export_template 16_RUS_COMP_GEN.xlsx|leap_export_template 17_SGP_COMP_GEN.xlsx|leap_export_template 18_CT_COMP_GEN.xlsx,True,explicit_transformation_fuel_leaf_evidence
Transformation\Refinery and blending transfers\Output Fuels\LPG,21,AUS clean slate 28_07.xlsx|BD clean slate 28_07.xlsx|MAS clean slate 28_07.xlsx|MEX clean slate 28_07.xlsx|NZ clean slate 27_07.xlsx|PHL clean slate 28_07.xlsx|PNG clean slate 28_07.xlsx|PRC clean slate 28_07.xlsx|THA clean slate 28_07.xlsx|USA clean slate 28_07.xlsx|VN clean slate 28_07.xlsx|leap_export_template 03_CDA_COMP_GEN.xlsx|leap_export_template 04_CHL_COMP_GEN.xlsx|leap_export_template 06_HKC_COMP_GEN.xlsx|leap_export_template 07_INA_COMP_GEN.xlsx|leap_export_template 08_JPN_COMP_GEN.xlsx|leap_export_template 09_ROK_COMP_GEN.xlsx|leap_export_template 14_PE_COMP_GEN.xlsx|leap_export_template 16_RUS_COMP_GEN.xlsx|leap_export_template 17_SGP_COMP_GEN.xlsx|leap_export_template 18_CT_COMP_GEN.xlsx,True,explicit_transformation_fuel_leaf_evidence
Transformation\Refinery and blending transfers\Output Fuels\Lubricants,21,AUS clean slate 28_07.xlsx|BD clean slate 28_07.xlsx|MAS clean slate 28_07.xlsx|MEX clean slate 28_07.xlsx|NZ clean slate 27_07.xlsx|PHL clean slate 28_07.xlsx|PNG clean slate 28_07.xlsx|PRC clean slate 28_07.xlsx|THA clean slate 28_07.xlsx|USA clean slate 28_07.xlsx|VN clean slate 28_07.xlsx|leap_export_template 03_CDA_COMP_GEN.xlsx|leap_export_template 04_CHL_COMP_GEN.xlsx|leap_export_template 06_HKC_COMP_GEN.xlsx|leap_export_template 07_INA_COMP_GEN.xlsx|leap_export_template 08_JPN_COMP_GEN.xlsx|leap_export_template 09_ROK_COMP_GEN.xlsx|leap_export_template 14_PE_COMP_GEN.xlsx|leap_export_template 16_RUS_COMP_GEN.xlsx|leap_export_template 17_SGP_COMP_GEN.xlsx|leap_export_template 18_CT_COMP_GEN.xlsx,True,explicit_transformation_fuel_leaf_evidence
Transformation\Refinery and blending transfers\Output Fuels\Motor gasoline,21,AUS clean slate 28_07.xlsx|BD clean slate 28_07.xlsx|MAS clean slate 28_07.xlsx|MEX clean slate 28_07.xlsx|NZ clean slate 27_07.xlsx|PHL clean slate 28_07.xlsx|PNG clean slate 28_07.xlsx|PRC clean slate 28_07.xlsx|THA clean slate 28_07.xlsx|USA clean slate 28_07.xlsx|VN clean slate 28_07.xlsx|leap_export_template 03_CDA_COMP_GEN.xlsx|leap_export_template 04_CHL_COMP_GEN.xlsx|leap_export_template 06_HKC_COMP_GEN.xlsx|leap_export_template 07_INA_COMP_GEN.xlsx|leap_export_template 08_JPN_COMP_GEN.xlsx|leap_export_template 09_ROK_COMP_GEN.xlsx|leap_export_template 14_PE_COMP_GEN.xlsx|leap_export_template 16_RUS_COMP_GEN.xlsx|leap_export_template 17_SGP_COMP_GEN.xlsx|leap_export_template 18_CT_COMP_GEN.xlsx,True,explicit_transformation_fuel_leaf_evidence
Transformation\Refinery and blending transfers\Output Fuels\Naphtha,20,AUS clean slate 28_07.xlsx|BD clean slate 28_07.xlsx|MAS clean slate 28_07.xlsx|NZ clean slate 27_07.xlsx|PHL clean slate 28_07.xlsx|PNG clean slate 28_07.xlsx|PRC clean slate 28_07.xlsx|THA clean slate 28_07.xlsx|USA clean slate 28_07.xlsx|VN clean slate 28_07.xlsx|leap_export_template 03_CDA_COMP_GEN.xlsx|leap_export_template 04_CHL_COMP_GEN.xlsx|leap_export_template 06_HKC_COMP_GEN.xlsx|leap_export_template 07_INA_COMP_GEN.xlsx|leap_export_template 08_JPN_COMP_GEN.xlsx|leap_export_template 09_ROK_COMP_GEN.xlsx|leap_export_template 14_PE_COMP_GEN.xlsx|leap_export_template 16_RUS_COMP_GEN.xlsx|leap_export_template 17_SGP_COMP_GEN.xlsx|leap_export_template 18_CT_COMP_GEN.xlsx,True,explicit_transformation_fuel_leaf_evidence
Transformation\Refinery and blending transfers\Output Fuels\Other hydrocarbons,21,AUS clean slate 28_07.xlsx|BD clean slate 28_07.xlsx|MAS clean slate 28_07.xlsx|MEX clean slate 28_07.xlsx|NZ clean slate 27_07.xlsx|PHL clean slate 28_07.xlsx|PNG clean slate 28_07.xlsx|PRC clean slate 28_07.xlsx|THA clean slate 28_07.xlsx|USA clean slate 28_07.xlsx|VN clean slate 28_07.xlsx|leap_export_template 03_CDA_COMP_GEN.xlsx|leap_export_template 04_CHL_COMP_GEN.xlsx|leap_export_template 06_HKC_COMP_GEN.xlsx|leap_export_template 07_INA_COMP_GEN.xlsx|leap_export_template 08_JPN_COMP_GEN.xlsx|leap_export_template 09_ROK_COMP_GEN.xlsx|leap_export_template 14_PE_COMP_GEN.xlsx|leap_export_template 16_RUS_COMP_GEN.xlsx|leap_export_template 17_SGP_COMP_GEN.xlsx|leap_export_template 18_CT_COMP_GEN.xlsx,True,explicit_transformation_fuel_leaf_evidence
Transformation\Refinery and blending transfers\Output Fuels\Other products,21,AUS clean slate 28_07.xlsx|BD clean slate 28_07.xlsx|MAS clean slate 28_07.xlsx|MEX clean slate 28_07.xlsx|NZ clean slate 27_07.xlsx|PHL clean slate 28_07.xlsx|PNG clean slate 28_07.xlsx|PRC clean slate 28_07.xlsx|THA clean slate 28_07.xlsx|USA clean slate 28_07.xlsx|VN clean slate 28_07.xlsx|leap_export_template 03_CDA_COMP_GEN.xlsx|leap_export_template 04_CHL_COMP_GEN.xlsx|leap_export_template 06_HKC_COMP_GEN.xlsx|leap_export_template 07_INA_COMP_GEN.xlsx|leap_export_template 08_JPN_COMP_GEN.xlsx|leap_export_template 09_ROK_COMP_GEN.xlsx|leap_export_template 14_PE_COMP_GEN.xlsx|leap_export_template 16_RUS_COMP_GEN.xlsx|leap_export_template 17_SGP_COMP_GEN.xlsx|leap_export_template 18_CT_COMP_GEN.xlsx,True,explicit_transformation_fuel_leaf_evidence
Transformation\Refinery and blending transfers\Output Fuels\Petroleum coke,21,AUS clean slate 28_07.xlsx|BD clean slate 28_07.xlsx|MAS clean slate 28_07.xlsx|MEX clean slate 28_07.xlsx|NZ clean slate 27_07.xlsx|PHL clean slate 28_07.xlsx|PNG clean slate 28_07.xlsx|PRC clean slate 28_07.xlsx|THA clean slate 28_07.xlsx|USA clean slate 28_07.xlsx|VN clean slate 28_07.xlsx|leap_export_template 03_CDA_COMP_GEN.xlsx|leap_export_template 04_CHL_COMP_GEN.xlsx|leap_export_template 06_HKC_COMP_GEN.xlsx|leap_export_template 07_INA_COMP_GEN.xlsx|leap_export_template 08_JPN_COMP_GEN.xlsx|leap_export_template 09_ROK_COMP_GEN.xlsx|leap_export_template 14_PE_COMP_GEN.xlsx|leap_export_template 16_RUS_COMP_GEN.xlsx|leap_export_template 17_SGP_COMP_GEN.xlsx|leap_export_template 18_CT_COMP_GEN.xlsx,True,explicit_transformation_fuel_leaf_evidence
Transformation\Refinery and blending transfers\Output Fuels\Refinery feedstocks,21,AUS clean slate 28_07.xlsx|BD clean slate 28_07.xlsx|MAS clean slate 28_07.xlsx|MEX clean slate 28_07.xlsx|NZ clean slate 27_07.xlsx|PHL clean slate 28_07.xlsx|PNG clean slate 28_07.xlsx|PRC clean slate 28_07.xlsx|THA clean slate 28_07.xlsx|USA clean slate 28_07.xlsx|VN clean slate 28_07.xlsx|leap_export_template 03_CDA_COMP_GEN.xlsx|leap_export_template 04_CHL_COMP_GEN.xlsx|leap_export_template 06_HKC_COMP_GEN.xlsx|leap_export_template 07_INA_COMP_GEN.xlsx|leap_export_template 08_JPN_COMP_GEN.xlsx|leap_export_template 09_ROK_COMP_GEN.xlsx|leap_export_template 14_PE_COMP_GEN.xlsx|leap_export_template 16_RUS_COMP_GEN.xlsx|leap_export_template 17_SGP_COMP_GEN.xlsx|leap_export_template 18_CT_COMP_GEN.xlsx,True,explicit_transformation_fuel_leaf_evidence
Transformation\Refinery and blending transfers\Output Fuels\Refinery gas not liquefied,21,AUS clean slate 28_07.xlsx|BD clean slate 28_07.xlsx|MAS clean slate 28_07.xlsx|MEX clean slate 28_07.xlsx|NZ clean slate 27_07.xlsx|PHL clean slate 28_07.xlsx|PNG clean slate 28_07.xlsx|PRC clean slate 28_07.xlsx|THA clean slate 28_07.xlsx|USA clean slate 28_07.xlsx|VN clean slate 28_07.xlsx|leap_export_template 03_CDA_COMP_GEN.xlsx|leap_export_template 04_CHL_COMP_GEN.xlsx|leap_export_template 06_HKC_COMP_GEN.xlsx|leap_export_template 07_INA_COMP_GEN.xlsx|leap_export_template 08_JPN_COMP_GEN.xlsx|leap_export_template 09_ROK_COMP_GEN.xlsx|leap_export_template 14_PE_COMP_GEN.xlsx|leap_export_template 16_RUS_COMP_GEN.xlsx|leap_export_template 17_SGP_COMP_GEN.xlsx|leap_export_template 18_CT_COMP_GEN.xlsx,True,explicit_transformation_fuel_leaf_evidence
Transformation\Refinery and blending transfers\Processes\Refinery and blending transfers,21,AUS clean slate 28_07.xlsx|BD clean slate 28_07.xlsx|MAS clean slate 28_07.xlsx|MEX clean slate 28_07.xlsx|NZ clean slate 27_07.xlsx|PHL clean slate 28_07.xlsx|PNG clean slate 28_07.xlsx|PRC clean slate 28_07.xlsx|THA clean slate 28_07.xlsx|USA clean slate 28_07.xlsx|VN clean slate 28_07.xlsx|leap_export_template 03_CDA_COMP_GEN.xlsx|leap_export_template 04_CHL_COMP_GEN.xlsx|leap_export_template 06_HKC_COMP_GEN.xlsx|leap_export_template 07_INA_COMP_GEN.xlsx|leap_export_template 08_JPN_COMP_GEN.xlsx|leap_export_template 09_ROK_COMP_GEN.xlsx|leap_export_template 14_PE_COMP_GEN.xlsx|leap_export_template 16_RUS_COMP_GEN.xlsx|leap_export_template 17_SGP_COMP_GEN.xlsx|leap_export_template 18_CT_COMP_GEN.xlsx,False,branch_structure_only
Transformation\Refinery and blending transfers\Processes\Refinery and blending transfers\Auxiliary Fuels\Aviation gasoline,21,AUS clean slate 28_07.xlsx|BD clean slate 28_07.xlsx|MAS clean slate 28_07.xlsx|MEX clean slate 28_07.xlsx|NZ clean slate 27_07.xlsx|PHL clean slate 28_07.xlsx|PNG clean slate 28_07.xlsx|PRC clean slate 28_07.xlsx|THA clean slate 28_07.xlsx|USA clean slate 28_07.xlsx|VN clean slate 28_07.xlsx|leap_export_template 03_CDA_COMP_GEN.xlsx|leap_export_template 04_CHL_COMP_GEN.xlsx|leap_export_template 06_HKC_COMP_GEN.xlsx|leap_export_template 07_INA_COMP_GEN.xlsx|leap_export_template 08_JPN_COMP_GEN.xlsx|leap_export_template 09_ROK_COMP_GEN.xlsx|leap_export_template 14_PE_COMP_GEN.xlsx|leap_export_template 16_RUS_COMP_GEN.xlsx|leap_export_template 17_SGP_COMP_GEN.xlsx|leap_export_template 18_CT_COMP_GEN.xlsx,True,explicit_transformation_fuel_leaf_evidence
Transformation\Refinery and blending transfers\Processes\Refinery and blending transfers\Auxiliary Fuels\Bitumen,21,AUS clean slate 28_07.xlsx|BD clean slate 28_07.xlsx|MAS clean slate 28_07.xlsx|MEX clean slate 28_07.xlsx|NZ clean slate 27_07.xlsx|PHL clean slate 28_07.xlsx|PNG clean slate 28_07.xlsx|PRC clean slate 28_07.xlsx|THA clean slate 28_07.xlsx|USA clean slate 28_07.xlsx|VN clean slate 28_07.xlsx|leap_export_template 03_CDA_COMP_GEN.xlsx|leap_export_template 04_CHL_COMP_GEN.xlsx|leap_export_template 06_HKC_COMP_GEN.xlsx|leap_export_template 07_INA_COMP_GEN.xlsx|leap_export_template 08_JPN_COMP_GEN.xlsx|leap_export_template 09_ROK_COMP_GEN.xlsx|leap_export_template 14_PE_COMP_GEN.xlsx|leap_export_template 16_RUS_COMP_GEN.xlsx|leap_export_template 17_SGP_COMP_GEN.xlsx|leap_export_template 18_CT_COMP_GEN.xlsx,True,explicit_transformation_fuel_leaf_evidence
Transformation\Refinery and blending transfers\Processes\Refinery and blending transfers\Auxiliary Fuels\Fuel oil,21,AUS clean slate 28_07.xlsx|BD clean slate 28_07.xlsx|MAS clean slate 28_07.xlsx|MEX clean slate 28_07.xlsx|NZ clean slate 27_07.xlsx|PHL clean slate 28_07.xlsx|PNG clean slate 28_07.xlsx|PRC clean slate 28_07.xlsx|THA clean slate 28_07.xlsx|USA clean slate 28_07.xlsx|VN clean slate 28_07.xlsx|leap_export_template 03_CDA_COMP_GEN.xlsx|leap_export_template 04_CHL_COMP_GEN.xlsx|leap_export_template 06_HKC_COMP_GEN.xlsx|leap_export_template 07_INA_COMP_GEN.xlsx|leap_export_template 08_JPN_COMP_GEN.xlsx|leap_export_template 09_ROK_COMP_GEN.xlsx|leap_export_template 14_PE_COMP_GEN.xlsx|leap_export_template 16_RUS_COMP_GEN.xlsx|leap_export_template 17_SGP_COMP_GEN.xlsx|leap_export_template 18_CT_COMP_GEN.xlsx,True,explicit_transformation_fuel_leaf_evidence
Transformation\Refinery and blending transfers\Processes\Refinery and blending transfers\Auxiliary Fuels\Kerosene,21,AUS clean slate 28_07.xlsx|BD clean slate 28_07.xlsx|MAS clean slate 28_07.xlsx|MEX clean slate 28_07.xlsx|NZ clean slate 27_07.xlsx|PHL clean slate 28_07.xlsx|PNG clean slate 28_07.xlsx|PRC clean slate 28_07.xlsx|THA clean slate 28_07.xlsx|USA clean slate 28_07.xlsx|VN clean slate 28_07.xlsx|leap_export_template 03_CDA_COMP_GEN.xlsx|leap_export_template 04_CHL_COMP_GEN.xlsx|leap_export_template 06_HKC_COMP_GEN.xlsx|leap_export_template 07_INA_COMP_GEN.xlsx|leap_export_template 08_JPN_COMP_GEN.xlsx|leap_export_template 09_ROK_COMP_GEN.xlsx|leap_export_template 14_PE_COMP_GEN.xlsx|leap_export_template 16_RUS_COMP_GEN.xlsx|leap_export_template 17_SGP_COMP_GEN.xlsx|leap_export_template 18_CT_COMP_GEN.xlsx,True,explicit_transformation_fuel_leaf_evidence
Transformation\Refinery and blending transfers\Processes\Refinery and blending transfers\Auxiliary Fuels\Naphtha,21,AUS clean slate 28_07.xlsx|BD clean slate 28_07.xlsx|MAS clean slate 28_07.xlsx|MEX clean slate 28_07.xlsx|NZ clean slate 27_07.xlsx|PHL clean slate 28_07.xlsx|PNG clean slate 28_07.xlsx|PRC clean slate 28_07.xlsx|THA clean slate 28_07.xlsx|USA clean slate 28_07.xlsx|VN clean slate 28_07.xlsx|leap_export_template 03_CDA_COMP_GEN.xlsx|leap_export_template 04_CHL_COMP_GEN.xlsx|leap_export_template 06_HKC_COMP_GEN.xlsx|leap_export_template 07_INA_COMP_GEN.xlsx|leap_export_template 08_JPN_COMP_GEN.xlsx|leap_export_template 09_ROK_COMP_GEN.xlsx|leap_export_template 14_PE_COMP_GEN.xlsx|leap_export_template 16_RUS_COMP_GEN.xlsx|leap_export_template 17_SGP_COMP_GEN.xlsx|leap_export_template 18_CT_COMP_GEN.xlsx,True,explicit_transformation_fuel_leaf_evidence
Transformation\Refinery and blending transfers\Processes\Refinery and blending transfers\Auxiliary Fuels\Other products,21,AUS clean slate 28_07.xlsx|BD clean slate 28_07.xlsx|MAS clean slate 28_07.xlsx|MEX clean slate 28_07.xlsx|NZ clean slate 27_07.xlsx|PHL clean slate 28_07.xlsx|PNG clean slate 28_07.xlsx|PRC clean slate 28_07.xlsx|THA clean slate 28_07.xlsx|USA clean slate 28_07.xlsx|VN clean slate 28_07.xlsx|leap_export_template 03_CDA_COMP_GEN.xlsx|leap_export_template 04_CHL_COMP_GEN.xlsx|leap_export_template 06_HKC_COMP_GEN.xlsx|leap_export_template 07_INA_COMP_GEN.xlsx|leap_export_template 08_JPN_COMP_GEN.xlsx|leap_export_template 09_ROK_COMP_GEN.xlsx|leap_export_template 14_PE_COMP_GEN.xlsx|leap_export_template 16_RUS_COMP_GEN.xlsx|leap_export_template 17_SGP_COMP_GEN.xlsx|leap_export_template 18_CT_COMP_GEN.xlsx,True,explicit_transformation_fuel_leaf_evidence
Transformation\Refinery and blending transfers\Processes\Refinery and blending transfers\Auxiliary Fuels\Paraffin waxes,21,AUS clean slate 28_07.xlsx|BD clean slate 28_07.xlsx|MAS clean slate 28_07.xlsx|MEX clean slate 28_07.xlsx|NZ clean slate 27_07.xlsx|PHL clean slate 28_07.xlsx|PNG clean slate 28_07.xlsx|PRC clean slate 28_07.xlsx|THA clean slate 28_07.xlsx|USA clean slate 28_07.xlsx|VN clean slate 28_07.xlsx|leap_export_template 03_CDA_COMP_GEN.xlsx|leap_export_template 04_CHL_COMP_GEN.xlsx|leap_export_template 06_HKC_COMP_GEN.xlsx|leap_export_template 07_INA_COMP_GEN.xlsx|leap_export_template 08_JPN_COMP_GEN.xlsx|leap_export_template 09_ROK_COMP_GEN.xlsx|leap_export_template 14_PE_COMP_GEN.xlsx|leap_export_template 16_RUS_COMP_GEN.xlsx|leap_export_template 17_SGP_COMP_GEN.xlsx|leap_export_template 18_CT_COMP_GEN.xlsx,True,explicit_transformation_fuel_leaf_evidence
Transformation\Refinery and blending transfers\Processes\Refinery and blending transfers\Auxiliary Fuels\White spirit SBP,21,AUS clean slate 28_07.xlsx|BD clean slate 28_07.xlsx|MAS clean slate 28_07.xlsx|MEX clean slate 28_07.xlsx|NZ clean slate 27_07.xlsx|PHL clean slate 28_07.xlsx|PNG clean slate 28_07.xlsx|PRC clean slate 28_07.xlsx|THA clean slate 28_07.xlsx|USA clean slate 28_07.xlsx|VN clean slate 28_07.xlsx|leap_export_template 03_CDA_COMP_GEN.xlsx|leap_export_template 04_CHL_COMP_GEN.xlsx|leap_export_template 06_HKC_COMP_GEN.xlsx|leap_export_template 07_INA_COMP_GEN.xlsx|leap_export_template 08_JPN_COMP_GEN.xlsx|leap_export_template 09_ROK_COMP_GEN.xlsx|leap_export_template 14_PE_COMP_GEN.xlsx|leap_export_template 16_RUS_COMP_GEN.xlsx|leap_export_template 17_SGP_COMP_GEN.xlsx|leap_export_template 18_CT_COMP_GEN.xlsx,True,explicit_transformation_fuel_leaf_evidence
Transformation\Refinery and blending transfers\Processes\Refinery and blending transfers\Feedstock Fuels\Aviation gasoline,21,AUS clean slate 28_07.xlsx|BD clean slate 28_07.xlsx|MAS clean slate 28_07.xlsx|MEX clean slate 28_07.xlsx|NZ clean slate 27_07.xlsx|PHL clean slate 28_07.xlsx|PNG clean slate 28_07.xlsx|PRC clean slate 28_07.xlsx|THA clean slate 28_07.xlsx|USA clean slate 28_07.xlsx|VN clean slate 28_07.xlsx|leap_export_template 03_CDA_COMP_GEN.xlsx|leap_export_template 04_CHL_COMP_GEN.xlsx|leap_export_template 06_HKC_COMP_GEN.xlsx|leap_export_template 07_INA_COMP_GEN.xlsx|leap_export_template 08_JPN_COMP_GEN.xlsx|leap_export_template 09_ROK_COMP_GEN.xlsx|leap_export_template 14_PE_COMP_GEN.xlsx|leap_export_template 16_RUS_COMP_GEN.xlsx|leap_export_template 17_SGP_COMP_GEN.xlsx|leap_export_template 18_CT_COMP_GEN.xlsx,True,explicit_transformation_fuel_leaf_evidence
Transformation\Refinery and blending transfers\Processes\Refinery and blending transfers\Feedstock Fuels\Bitumen,21,AUS clean slate 28_07.xlsx|BD clean slate 28_07.xlsx|MAS clean slate 28_07.xlsx|MEX clean slate 28_07.xlsx|NZ clean slate 27_07.xlsx|PHL clean slate 28_07.xlsx|PNG clean slate 28_07.xlsx|PRC clean slate 28_07.xlsx|THA clean slate 28_07.xlsx|USA clean slate 28_07.xlsx|VN clean slate 28_07.xlsx|leap_export_template 03_CDA_COMP_GEN.xlsx|leap_export_template 04_CHL_COMP_GEN.xlsx|leap_export_template 06_HKC_COMP_GEN.xlsx|leap_export_template 07_INA_COMP_GEN.xlsx|leap_export_template 08_JPN_COMP_GEN.xlsx|leap_export_template 09_ROK_COMP_GEN.xlsx|leap_export_template 14_PE_COMP_GEN.xlsx|leap_export_template 16_RUS_COMP_GEN.xlsx|leap_export_template 17_SGP_COMP_GEN.xlsx|leap_export_template 18_CT_COMP_GEN.xlsx,True,explicit_transformation_fuel_leaf_evidence
Transformation\Refinery and blending transfers\Processes\Refinery and blending transfers\Feedstock Fuels\Fuel oil,21,AUS clean slate 28_07.xlsx|BD clean slate 28_07.xlsx|MAS clean slate 28_07.xlsx|MEX clean slate 28_07.xlsx|NZ clean slate 27_07.xlsx|PHL clean slate 28_07.xlsx|PNG clean slate 28_07.xlsx|PRC clean slate 28_07.xlsx|THA clean slate 28_07.xlsx|USA clean slate 28_07.xlsx|VN clean slate 28_07.xlsx|leap_export_template 03_CDA_COMP_GEN.xlsx|leap_export_template 04_CHL_COMP_GEN.xlsx|leap_export_template 06_HKC_COMP_GEN.xlsx|leap_export_template 07_INA_COMP_GEN.xlsx|leap_export_template 08_JPN_COMP_GEN.xlsx|leap_export_template 09_ROK_COMP_GEN.xlsx|leap_export_template 14_PE_COMP_GEN.xlsx|leap_export_template 16_RUS_COMP_GEN.xlsx|leap_export_template 17_SGP_COMP_GEN.xlsx|leap_export_template 18_CT_COMP_GEN.xlsx,True,explicit_transformation_fuel_leaf_evidence
Transformation\Refinery and blending transfers\Processes\Refinery and blending transfers\Feedstock Fuels\Gas and diesel oil,20,AUS clean slate 28_07.xlsx|BD clean slate 28_07.xlsx|MAS clean slate 28_07.xlsx|NZ clean slate 27_07.xlsx|PHL clean slate 28_07.xlsx|PNG clean slate 28_07.xlsx|PRC clean slate 28_07.xlsx|THA clean slate 28_07.xlsx|USA clean slate 28_07.xlsx|VN clean slate 28_07.xlsx|leap_export_template 03_CDA_COMP_GEN.xlsx|leap_export_template 04_CHL_COMP_GEN.xlsx|leap_export_template 06_HKC_COMP_GEN.xlsx|leap_export_template 07_INA_COMP_GEN.xlsx|leap_export_template 08_JPN_COMP_GEN.xlsx|leap_export_template 09_ROK_COMP_GEN.xlsx|leap_export_template 14_PE_COMP_GEN.xlsx|leap_export_template 16_RUS_COMP_GEN.xlsx|leap_export_template 17_SGP_COMP_GEN.xlsx|leap_export_template 18_CT_COMP_GEN.xlsx,True,explicit_transformation_fuel_leaf_evidence
Transformation\Refinery and blending transfers\Processes\Refinery and blending transfers\Feedstock Fuels\Kerosene,21,AUS clean slate 28_07.xlsx|BD clean slate 28_07.xlsx|MAS clean slate 28_07.xlsx|MEX clean slate 28_07.xlsx|NZ clean slate 27_07.xlsx|PHL clean slate 28_07.xlsx|PNG clean slate 28_07.xlsx|PRC clean slate 28_07.xlsx|THA clean slate 28_07.xlsx|USA clean slate 28_07.xlsx|VN clean slate 28_07.xlsx|leap_export_template 03_CDA_COMP_GEN.xlsx|leap_export_template 04_CHL_COMP_GEN.xlsx|leap_export_template 06_HKC_COMP_GEN.xlsx|leap_export_template 07_INA_COMP_GEN.xlsx|leap_export_template 08_JPN_COMP_GEN.xlsx|leap_export_template 09_ROK_COMP_GEN.xlsx|leap_export_template 14_PE_COMP_GEN.xlsx|leap_export_template 16_RUS_COMP_GEN.xlsx|leap_export_template 17_SGP_COMP_GEN.xlsx|leap_export_template 18_CT_COMP_GEN.xlsx,True,explicit_transformation_fuel_leaf_evidence
Transformation\Refinery and blending transfers\Processes\Refinery and blending transfers\Feedstock Fuels\Kerosene type jet fuel,20,AUS clean slate 28_07.xlsx|BD clean slate 28_07.xlsx|MAS clean slate 28_07.xlsx|NZ clean slate 27_07.xlsx|PHL clean slate 28_07.xlsx|PNG clean slate 28_07.xlsx|PRC clean slate 28_07.xlsx|THA clean slate 28_07.xlsx|USA clean slate 28_07.xlsx|VN clean slate 28_07.xlsx|leap_export_template 03_CDA_COMP_GEN.xlsx|leap_export_template 04_CHL_COMP_GEN.xlsx|leap_export_template 06_HKC_COMP_GEN.xlsx|leap_export_template 07_INA_COMP_GEN.xlsx|leap_export_template 08_JPN_COMP_GEN.xlsx|leap_export_template 09_ROK_COMP_GEN.xlsx|leap_export_template 14_PE_COMP_GEN.xlsx|leap_export_template 16_RUS_COMP_GEN.xlsx|leap_export_template 17_SGP_COMP_GEN.xlsx|leap_export_template 18_CT_COMP_GEN.xlsx,True,explicit_transformation_fuel_leaf_evidence
Transformation\Refinery and blending transfers\Processes\Refinery and blending transfers\Feedstock Fuels\Motor gasoline,21,AUS clean slate 28_07.xlsx|BD clean slate 28_07.xlsx|MAS clean slate 28_07.xlsx|MEX clean slate 28_07.xlsx|NZ clean slate 27_07.xlsx|PHL clean slate 28_07.xlsx|PNG clean slate 28_07.xlsx|PRC clean slate 28_07.xlsx|THA clean slate 28_07.xlsx|USA clean slate 28_07.xlsx|VN clean slate 28_07.xlsx|leap_export_template 03_CDA_COMP_GEN.xlsx|leap_export_template 04_CHL_COMP_GEN.xlsx|leap_export_template 06_HKC_COMP_GEN.xlsx|leap_export_template 07_INA_COMP_GEN.xlsx|leap_export_template 08_JPN_COMP_GEN.xlsx|leap_export_template 09_ROK_COMP_GEN.xlsx|leap_export_template 14_PE_COMP_GEN.xlsx|leap_export_template 16_RUS_COMP_GEN.xlsx|leap_export_template 17_SGP_COMP_GEN.xlsx|leap_export_template 18_CT_COMP_GEN.xlsx,True,explicit_transformation_fuel_leaf_evidence
Transformation\Refinery and blending transfers\Processes\Refinery and blending transfers\Feedstock Fuels\Naphtha,21,AUS clean slate 28_07.xlsx|BD clean slate 28_07.xlsx|MAS clean slate 28_07.xlsx|MEX clean slate 28_07.xlsx|NZ clean slate 27_07.xlsx|PHL clean slate 28_07.xlsx|PNG clean slate 28_07.xlsx|PRC clean slate 28_07.xlsx|THA clean slate 28_07.xlsx|USA clean slate 28_07.xlsx|VN clean slate 28_07.xlsx|leap_export_template 03_CDA_COMP_GEN.xlsx|leap_export_template 04_CHL_COMP_GEN.xlsx|leap_export_template 06_HKC_COMP_GEN.xlsx|leap_export_template 07_INA_COMP_GEN.xlsx|leap_export_template 08_JPN_COMP_GEN.xlsx|leap_export_template 09_ROK_COMP_GEN.xlsx|leap_export_template 14_PE_COMP_GEN.xlsx|leap_export_template 16_RUS_COMP_GEN.xlsx|leap_export_template 17_SGP_COMP_GEN.xlsx|leap_export_template 18_CT_COMP_GEN.xlsx,True,explicit_transformation_fuel_leaf_evidence
Transformation\Refinery and blending transfers\Processes\Refinery and blending transfers\Feedstock Fuels\Other products,21,AUS clean slate 28_07.xlsx|BD clean slate 28_07.xlsx|MAS clean slate 28_07.xlsx|MEX clean slate 28_07.xlsx|NZ clean slate 27_07.xlsx|PHL clean slate 28_07.xlsx|PNG clean slate 28_07.xlsx|PRC clean slate 28_07.xlsx|THA clean slate 28_07.xlsx|USA clean slate 28_07.xlsx|VN clean slate 28_07.xlsx|leap_export_template 03_CDA_COMP_GEN.xlsx|leap_export_template 04_CHL_COMP_GEN.xlsx|leap_export_template 06_HKC_COMP_GEN.xlsx|leap_export_template 07_INA_COMP_GEN.xlsx|leap_export_template 08_JPN_COMP_GEN.xlsx|leap_export_template 09_ROK_COMP_GEN.xlsx|leap_export_template 14_PE_COMP_GEN.xlsx|leap_export_template 16_RUS_COMP_GEN.xlsx|leap_export_template 17_SGP_COMP_GEN.xlsx|leap_export_template 18_CT_COMP_GEN.xlsx,True,explicit_transformation_fuel_leaf_evidence
Transformation\Refinery and blending transfers\Processes\Refinery and blending transfers\Feedstock Fuels\Paraffin waxes,21,AUS clean slate 28_07.xlsx|BD clean slate 28_07.xlsx|MAS clean slate 28_07.xlsx|MEX clean slate 28_07.xlsx|NZ clean slate 27_07.xlsx|PHL clean slate 28_07.xlsx|PNG clean slate 28_07.xlsx|PRC clean slate 28_07.xlsx|THA clean slate 28_07.xlsx|USA clean slate 28_07.xlsx|VN clean slate 28_07.xlsx|leap_export_template 03_CDA_COMP_GEN.xlsx|leap_export_template 04_CHL_COMP_GEN.xlsx|leap_export_template 06_HKC_COMP_GEN.xlsx|leap_export_template 07_INA_COMP_GEN.xlsx|leap_export_template 08_JPN_COMP_GEN.xlsx|leap_export_template 09_ROK_COMP_GEN.xlsx|leap_export_template 14_PE_COMP_GEN.xlsx|leap_export_template 16_RUS_COMP_GEN.xlsx|leap_export_template 17_SGP_COMP_GEN.xlsx|leap_export_template 18_CT_COMP_GEN.xlsx,True,explicit_transformation_fuel_leaf_evidence
Transformation\Refinery and blending transfers\Processes\Refinery and blending transfers\Feedstock Fuels\White spirit SBP,21,AUS clean slate 28_07.xlsx|BD clean slate 28_07.xlsx|MAS clean slate 28_07.xlsx|MEX clean slate 28_07.xlsx|NZ clean slate 27_07.xlsx|PHL clean slate 28_07.xlsx|PNG clean slate 28_07.xlsx|PRC clean slate 28_07.xlsx|THA clean slate 28_07.xlsx|USA clean slate 28_07.xlsx|VN clean slate 28_07.xlsx|leap_export_template 03_CDA_COMP_GEN.xlsx|leap_export_template 04_CHL_COMP_GEN.xlsx|leap_export_template 06_HKC_COMP_GEN.xlsx|leap_export_template 07_INA_COMP_GEN.xlsx|leap_export_template 08_JPN_COMP_GEN.xlsx|leap_export_template 09_ROK_COMP_GEN.xlsx|leap_export_template 14_PE_COMP_GEN.xlsx|leap_export_template 16_RUS_COMP_GEN.xlsx|leap_export_template 17_SGP_COMP_GEN.xlsx|leap_export_template 18_CT_COMP_GEN.xlsx,True,explicit_transformation_fuel_leaf_evidence
Transformation\Transfers unallocated,21,AUS clean slate 28_07.xlsx|BD clean slate 28_07.xlsx|MAS clean slate 28_07.xlsx|MEX clean slate 28_07.xlsx|NZ clean slate 27_07.xlsx|PHL clean slate 28_07.xlsx|PNG clean slate 28_07.xlsx|PRC clean slate 28_07.xlsx|THA clean slate 28_07.xlsx|USA clean slate 28_07.xlsx|VN clean slate 28_07.xlsx|leap_export_template 03_CDA_COMP_GEN.xlsx|leap_export_template 04_CHL_COMP_GEN.xlsx|leap_export_template 06_HKC_COMP_GEN.xlsx|leap_export_template 07_INA_COMP_GEN.xlsx|leap_export_template 08_JPN_COMP_GEN.xlsx|leap_export_template 09_ROK_COMP_GEN.xlsx|leap_export_template 14_PE_COMP_GEN.xlsx|leap_export_template 16_RUS_COMP_GEN.xlsx|leap_export_template 17_SGP_COMP_GEN.xlsx|leap_export_template 18_CT_COMP_GEN.xlsx,False,branch_structure_only
Transformation\Transfers unallocated\Output Fuels\Additives and oxygenates,21,AUS clean slate 28_07.xlsx|BD clean slate 28_07.xlsx|MAS clean slate 28_07.xlsx|MEX clean slate 28_07.xlsx|NZ clean slate 27_07.xlsx|PHL clean slate 28_07.xlsx|PNG clean slate 28_07.xlsx|PRC clean slate 28_07.xlsx|THA clean slate 28_07.xlsx|USA clean slate 28_07.xlsx|VN clean slate 28_07.xlsx|leap_export_template 03_CDA_COMP_GEN.xlsx|leap_export_template 04_CHL_COMP_GEN.xlsx|leap_export_template 06_HKC_COMP_GEN.xlsx|leap_export_template 07_INA_COMP_GEN.xlsx|leap_export_template 08_JPN_COMP_GEN.xlsx|leap_export_template 09_ROK_COMP_GEN.xlsx|leap_export_template 14_PE_COMP_GEN.xlsx|leap_export_template 16_RUS_COMP_GEN.xlsx|leap_export_template 17_SGP_COMP_GEN.xlsx|leap_export_template 18_CT_COMP_GEN.xlsx,True,explicit_transformation_fuel_leaf_evidence
Transformation\Transfers unallocated\Output Fuels\Aviation gasoline,21,AUS clean slate 28_07.xlsx|BD clean slate 28_07.xlsx|MAS clean slate 28_07.xlsx|MEX clean slate 28_07.xlsx|NZ clean slate 27_07.xlsx|PHL clean slate 28_07.xlsx|PNG clean slate 28_07.xlsx|PRC clean slate 28_07.xlsx|THA clean slate 28_07.xlsx|USA clean slate 28_07.xlsx|VN clean slate 28_07.xlsx|leap_export_template 03_CDA_COMP_GEN.xlsx|leap_export_template 04_CHL_COMP_GEN.xlsx|leap_export_template 06_HKC_COMP_GEN.xlsx|leap_export_template 07_INA_COMP_GEN.xlsx|leap_export_template 08_JPN_COMP_GEN.xlsx|leap_export_template 09_ROK_COMP_GEN.xlsx|leap_export_template 14_PE_COMP_GEN.xlsx|leap_export_template 16_RUS_COMP_GEN.xlsx|leap_export_template 17_SGP_COMP_GEN.xlsx|leap_export_template 18_CT_COMP_GEN.xlsx,True,explicit_transformation_fuel_leaf_evidence
Transformation\Transfers unallocated\Output Fuels\Bitumen,21,AUS clean slate 28_07.xlsx|BD clean slate 28_07.xlsx|MAS clean slate 28_07.xlsx|MEX clean slate 28_07.xlsx|NZ clean slate 27_07.xlsx|PHL clean slate 28_07.xlsx|PNG clean slate 28_07.xlsx|PRC clean slate 28_07.xlsx|THA clean slate 28_07.xlsx|USA clean slate 28_07.xlsx|VN clean slate 28_07.xlsx|leap_export_template 03_CDA_COMP_GEN.xlsx|leap_export_template 04_CHL_COMP_GEN.xlsx|leap_export_template 06_HKC_COMP_GEN.xlsx|leap_export_template 07_INA_COMP_GEN.xlsx|leap_export_template 08_JPN_COMP_GEN.xlsx|leap_export_template 09_ROK_COMP_GEN.xlsx|leap_export_template 14_PE_COMP_GEN.xlsx|leap_export_template 16_RUS_COMP_GEN.xlsx|leap_export_template 17_SGP_COMP_GEN.xlsx|leap_export_template 18_CT_COMP_GEN.xlsx,True,explicit_transformation_fuel_leaf_evidence
Transformation\Transfers unallocated\Output Fuels\Crude oil,21,AUS clean slate 28_07.xlsx|BD clean slate 28_07.xlsx|MAS clean slate 28_07.xlsx|MEX clean slate 28_07.xlsx|NZ clean slate 27_07.xlsx|PHL clean slate 28_07.xlsx|PNG clean slate 28_07.xlsx|PRC clean slate 28_07.xlsx|THA clean slate 28_07.xlsx|USA clean slate 28_07.xlsx|VN clean slate 28_07.xlsx|leap_export_template 03_CDA_COMP_GEN.xlsx|leap_export_template 04_CHL_COMP_GEN.xlsx|leap_export_template 06_HKC_COMP_GEN.xlsx|leap_export_template 07_INA_COMP_GEN.xlsx|leap_export_template 08_JPN_COMP_GEN.xlsx|leap_export_template 09_ROK_COMP_GEN.xlsx|leap_export_template 14_PE_COMP_GEN.xlsx|leap_export_template 16_RUS_COMP_GEN.xlsx|leap_export_template 17_SGP_COMP_GEN.xlsx|leap_export_template 18_CT_COMP_GEN.xlsx,True,explicit_transformation_fuel_leaf_evidence
Transformation\Transfers unallocated\Output Fuels\Ethane,21,AUS clean slate 28_07.xlsx|BD clean slate 28_07.xlsx|MAS clean slate 28_07.xlsx|MEX clean slate 28_07.xlsx|NZ clean slate 27_07.xlsx|PHL clean slate 28_07.xlsx|PNG clean slate 28_07.xlsx|PRC clean slate 28_07.xlsx|THA clean slate 28_07.xlsx|USA clean slate 28_07.xlsx|VN clean slate 28_07.xlsx|leap_export_template 03_CDA_COMP_GEN.xlsx|leap_export_template 04_CHL_COMP_GEN.xlsx|leap_export_template 06_HKC_COMP_GEN.xlsx|leap_export_template 07_INA_COMP_GEN.xlsx|leap_export_template 08_JPN_COMP_GEN.xlsx|leap_export_template 09_ROK_COMP_GEN.xlsx|leap_export_template 14_PE_COMP_GEN.xlsx|leap_export_template 16_RUS_COMP_GEN.xlsx|leap_export_template 17_SGP_COMP_GEN.xlsx|leap_export_template 18_CT_COMP_GEN.xlsx,True,explicit_transformation_fuel_leaf_evidence
Transformation\Transfers unallocated\Output Fuels\Gas and diesel oil,21,AUS clean slate 28_07.xlsx|BD clean slate 28_07.xlsx|MAS clean slate 28_07.xlsx|MEX clean slate 28_07.xlsx|NZ clean slate 27_07.xlsx|PHL clean slate 28_07.xlsx|PNG clean slate 28_07.xlsx|PRC clean slate 28_07.xlsx|THA clean slate 28_07.xlsx|USA clean slate 28_07.xlsx|VN clean slate 28_07.xlsx|leap_export_template 03_CDA_COMP_GEN.xlsx|leap_export_template 04_CHL_COMP_GEN.xlsx|leap_export_template 06_HKC_COMP_GEN.xlsx|leap_export_template 07_INA_COMP_GEN.xlsx|leap_export_template 08_JPN_COMP_GEN.xlsx|leap_export_template 09_ROK_COMP_GEN.xlsx|leap_export_template 14_PE_COMP_GEN.xlsx|leap_export_template 16_RUS_COMP_GEN.xlsx|leap_export_template 17_SGP_COMP_GEN.xlsx|leap_export_template 18_CT_COMP_GEN.xlsx,True,explicit_transformation_fuel_leaf_evidence
Transformation\Transfers unallocated\Output Fuels\Kerosene,20,AUS clean slate 28_07.xlsx|BD clean slate 28_07.xlsx|MAS clean slate 28_07.xlsx|NZ clean slate 27_07.xlsx|PHL clean slate 28_07.xlsx|PNG clean slate 28_07.xlsx|PRC clean slate 28_07.xlsx|THA clean slate 28_07.xlsx|USA clean slate 28_07.xlsx|VN clean slate 28_07.xlsx|leap_export_template 03_CDA_COMP_GEN.xlsx|leap_export_template 04_CHL_COMP_GEN.xlsx|leap_export_template 06_HKC_COMP_GEN.xlsx|leap_export_template 07_INA_COMP_GEN.xlsx|leap_export_template 08_JPN_COMP_GEN.xlsx|leap_export_template 09_ROK_COMP_GEN.xlsx|leap_export_template 14_PE_COMP_GEN.xlsx|leap_export_template 16_RUS_COMP_GEN.xlsx|leap_export_template 17_SGP_COMP_GEN.xlsx|leap_export_template 18_CT_COMP_GEN.xlsx,True,explicit_transformation_fuel_leaf_evidence
Transformation\Transfers unallocated\Output Fuels\Kerosene type jet fuel,21,AUS clean slate 28_07.xlsx|BD clean slate 28_07.xlsx|MAS clean slate 28_07.xlsx|MEX clean slate 28_07.xlsx|NZ clean slate 27_07.xlsx|PHL clean slate 28_07.xlsx|PNG clean slate 28_07.xlsx|PRC clean slate 28_07.xlsx|THA clean slate 28_07.xlsx|USA clean slate 28_07.xlsx|VN clean slate 28_07.xlsx|leap_export_template 03_CDA_COMP_GEN.xlsx|leap_export_template 04_CHL_COMP_GEN.xlsx|leap_export_template 06_HKC_COMP_GEN.xlsx|leap_export_template 07_INA_COMP_GEN.xlsx|leap_export_template 08_JPN_COMP_GEN.xlsx|leap_export_template 09_ROK_COMP_GEN.xlsx|leap_export_template 14_PE_COMP_GEN.xlsx|leap_export_template 16_RUS_COMP_GEN.xlsx|leap_export_template 17_SGP_COMP_GEN.xlsx|leap_export_template 18_CT_COMP_GEN.xlsx,True,explicit_transformation_fuel_leaf_evidence
Transformation\Transfers unallocated\Output Fuels\LPG,21,AUS clean slate 28_07.xlsx|BD clean slate 28_07.xlsx|MAS clean slate 28_07.xlsx|MEX clean slate 28_07.xlsx|NZ clean slate 27_07.xlsx|PHL clean slate 28_07.xlsx|PNG clean slate 28_07.xlsx|PRC clean slate 28_07.xlsx|THA clean slate 28_07.xlsx|USA clean slate 28_07.xlsx|VN clean slate 28_07.xlsx|leap_export_template 03_CDA_COMP_GEN.xlsx|leap_export_template 04_CHL_COMP_GEN.xlsx|leap_export_template 06_HKC_COMP_GEN.xlsx|leap_export_template 07_INA_COMP_GEN.xlsx|leap_export_template 08_JPN_COMP_GEN.xlsx|leap_export_template 09_ROK_COMP_GEN.xlsx|leap_export_template 14_PE_COMP_GEN.xlsx|leap_export_template 16_RUS_COMP_GEN.xlsx|leap_export_template 17_SGP_COMP_GEN.xlsx|leap_export_template 18_CT_COMP_GEN.xlsx,True,explicit_transformation_fuel_leaf_evidence
Transformation\Transfers unallocated\Output Fuels\Lubricants,21,AUS clean slate 28_07.xlsx|BD clean slate 28_07.xlsx|MAS clean slate 28_07.xlsx|MEX clean slate 28_07.xlsx|NZ clean slate 27_07.xlsx|PHL clean slate 28_07.xlsx|PNG clean slate 28_07.xlsx|PRC clean slate 28_07.xlsx|THA clean slate 28_07.xlsx|USA clean slate 28_07.xlsx|VN clean slate 28_07.xlsx|leap_export_template 03_CDA_COMP_GEN.xlsx|leap_export_template 04_CHL_COMP_GEN.xlsx|leap_export_template 06_HKC_COMP_GEN.xlsx|leap_export_template 07_INA_COMP_GEN.xlsx|leap_export_template 08_JPN_COMP_GEN.xlsx|leap_export_template 09_ROK_COMP_GEN.xlsx|leap_export_template 14_PE_COMP_GEN.xlsx|leap_export_template 16_RUS_COMP_GEN.xlsx|leap_export_template 17_SGP_COMP_GEN.xlsx|leap_export_template 18_CT_COMP_GEN.xlsx,True,explicit_transformation_fuel_leaf_evidence
Transformation\Transfers unallocated\Output Fuels\Motor gasoline,21,AUS clean slate 28_07.xlsx|BD clean slate 28_07.xlsx|MAS clean slate 28_07.xlsx|MEX clean slate 28_07.xlsx|NZ clean slate 27_07.xlsx|PHL clean slate 28_07.xlsx|PNG clean slate 28_07.xlsx|PRC clean slate 28_07.xlsx|THA clean slate 28_07.xlsx|USA clean slate 28_07.xlsx|VN clean slate 28_07.xlsx|leap_export_template 03_CDA_COMP_GEN.xlsx|leap_export_template 04_CHL_COMP_GEN.xlsx|leap_export_template 06_HKC_COMP_GEN.xlsx|leap_export_template 07_INA_COMP_GEN.xlsx|leap_export_template 08_JPN_COMP_GEN.xlsx|leap_export_template 09_ROK_COMP_GEN.xlsx|leap_export_template 14_PE_COMP_GEN.xlsx|leap_export_template 16_RUS_COMP_GEN.xlsx|leap_export_template 17_SGP_COMP_GEN.xlsx|leap_export_template 18_CT_COMP_GEN.xlsx,True,explicit_transformation_fuel_leaf_evidence
Transformation\Transfers unallocated\Output Fuels\Naphtha,20,AUS clean slate 28_07.xlsx|BD clean slate 28_07.xlsx|MAS clean slate 28_07.xlsx|NZ clean slate 27_07.xlsx|PHL clean slate 28_07.xlsx|PNG clean slate 28_07.xlsx|PRC clean slate 28_07.xlsx|THA clean slate 28_07.xlsx|USA clean slate 28_07.xlsx|VN clean slate 28_07.xlsx|leap_export_template 03_CDA_COMP_GEN.xlsx|leap_export_template 04_CHL_COMP_GEN.xlsx|leap_export_template 06_HKC_COMP_GEN.xlsx|leap_export_template 07_INA_COMP_GEN.xlsx|leap_export_template 08_JPN_COMP_GEN.xlsx|leap_export_template 09_ROK_COMP_GEN.xlsx|leap_export_template 14_PE_COMP_GEN.xlsx|leap_export_template 16_RUS_COMP_GEN.xlsx|leap_export_template 17_SGP_COMP_GEN.xlsx|leap_export_template 18_CT_COMP_GEN.xlsx,True,explicit_transformation_fuel_leaf_evidence
Transformation\Transfers unallocated\Output Fuels\Other hydrocarbons,21,AUS clean slate 28_07.xlsx|BD clean slate 28_07.xlsx|MAS clean slate 28_07.xlsx|MEX clean slate 28_07.xlsx|NZ clean slate 27_07.xlsx|PHL clean slate 28_07.xlsx|PNG clean slate 28_07.xlsx|PRC clean slate 28_07.xlsx|THA clean slate 28_07.xlsx|USA clean slate 28_07.xlsx|VN clean slate 28_07.xlsx|leap_export_template 03_CDA_COMP_GEN.xlsx|leap_export_template 04_CHL_COMP_GEN.xlsx|leap_export_template 06_HKC_COMP_GEN.xlsx|leap_export_template 07_INA_COMP_GEN.xlsx|leap_export_template 08_JPN_COMP_GEN.xlsx|leap_export_template 09_ROK_COMP_GEN.xlsx|leap_export_template 14_PE_COMP_GEN.xlsx|leap_export_template 16_RUS_COMP_GEN.xlsx|leap_export_template 17_SGP_COMP_GEN.xlsx|leap_export_template 18_CT_COMP_GEN.xlsx,True,explicit_transformation_fuel_leaf_evidence
Transformation\Transfers unallocated\Output Fuels\Other products,21,AUS clean slate 28_07.xlsx|BD clean slate 28_07.xlsx|MAS clean slate 28_07.xlsx|MEX clean slate 28_07.xlsx|NZ clean slate 27_07.xlsx|PHL clean slate 28_07.xlsx|PNG clean slate 28_07.xlsx|PRC clean slate 28_07.xlsx|THA clean slate 28_07.xlsx|USA clean slate 28_07.xlsx|VN clean slate 28_07.xlsx|leap_export_template 03_CDA_COMP_GEN.xlsx|leap_export_template 04_CHL_COMP_GEN.xlsx|leap_export_template 06_HKC_COMP_GEN.xlsx|leap_export_template 07_INA_COMP_GEN.xlsx|leap_export_template 08_JPN_COMP_GEN.xlsx|leap_export_template 09_ROK_COMP_GEN.xlsx|leap_export_template 14_PE_COMP_GEN.xlsx|leap_export_template 16_RUS_COMP_GEN.xlsx|leap_export_template 17_SGP_COMP_GEN.xlsx|leap_export_template 18_CT_COMP_GEN.xlsx,True,explicit_transformation_fuel_leaf_evidence
Transformation\Transfers unallocated\Output Fuels\Petroleum coke,21,AUS clean slate 28_07.xlsx|BD clean slate 28_07.xlsx|MAS clean slate 28_07.xlsx|MEX clean slate 28_07.xlsx|NZ clean slate 27_07.xlsx|PHL clean slate 28_07.xlsx|PNG clean slate 28_07.xlsx|PRC clean slate 28_07.xlsx|THA clean slate 28_07.xlsx|USA clean slate 28_07.xlsx|VN clean slate 28_07.xlsx|leap_export_template 03_CDA_COMP_GEN.xlsx|leap_export_template 04_CHL_COMP_GEN.xlsx|leap_export_template 06_HKC_COMP_GEN.xlsx|leap_export_template 07_INA_COMP_GEN.xlsx|leap_export_template 08_JPN_COMP_GEN.xlsx|leap_export_template 09_ROK_COMP_GEN.xlsx|leap_export_template 14_PE_COMP_GEN.xlsx|leap_export_template 16_RUS_COMP_GEN.xlsx|leap_export_template 17_SGP_COMP_GEN.xlsx|leap_export_template 18_CT_COMP_GEN.xlsx,True,explicit_transformation_fuel_leaf_evidence
Transformation\Transfers unallocated\Output Fuels\Refinery feedstocks,21,AUS clean slate 28_07.xlsx|BD clean slate 28_07.xlsx|MAS clean slate 28_07.xlsx|MEX clean slate 28_07.xlsx|NZ clean slate 27_07.xlsx|PHL clean slate 28_07.xlsx|PNG clean slate 28_07.xlsx|PRC clean slate 28_07.xlsx|THA clean slate 28_07.xlsx|USA clean slate 28_07.xlsx|VN clean slate 28_07.xlsx|leap_export_template 03_CDA_COMP_GEN.xlsx|leap_export_template 04_CHL_COMP_GEN.xlsx|leap_export_template 06_HKC_COMP_GEN.xlsx|leap_export_template 07_INA_COMP_GEN.xlsx|leap_export_template 08_JPN_COMP_GEN.xlsx|leap_export_template 09_ROK_COMP_GEN.xlsx|leap_export_template 14_PE_COMP_GEN.xlsx|leap_export_template 16_RUS_COMP_GEN.xlsx|leap_export_template 17_SGP_COMP_GEN.xlsx|leap_export_template 18_CT_COMP_GEN.xlsx,True,explicit_transformation_fuel_leaf_evidence
Transformation\Transfers unallocated\Output Fuels\Refinery gas not liquefied,21,AUS clean slate 28_07.xlsx|BD clean slate 28_07.xlsx|MAS clean slate 28_07.xlsx|MEX clean slate 28_07.xlsx|NZ clean slate 27_07.xlsx|PHL clean slate 28_07.xlsx|PNG clean slate 28_07.xlsx|PRC clean slate 28_07.xlsx|THA clean slate 28_07.xlsx|USA clean slate 28_07.xlsx|VN clean slate 28_07.xlsx|leap_export_template 03_CDA_COMP_GEN.xlsx|leap_export_template 04_CHL_COMP_GEN.xlsx|leap_export_template 06_HKC_COMP_GEN.xlsx|leap_export_template 07_INA_COMP_GEN.xlsx|leap_export_template 08_JPN_COMP_GEN.xlsx|leap_export_template 09_ROK_COMP_GEN.xlsx|leap_export_template 14_PE_COMP_GEN.xlsx|leap_export_template 16_RUS_COMP_GEN.xlsx|leap_export_template 17_SGP_COMP_GEN.xlsx|leap_export_template 18_CT_COMP_GEN.xlsx,True,explicit_transformation_fuel_leaf_evidence
Transformation\Transfers unallocated\Processes\Transfers unallocated,21,AUS clean slate 28_07.xlsx|BD clean slate 28_07.xlsx|MAS clean slate 28_07.xlsx|MEX clean slate 28_07.xlsx|NZ clean slate 27_07.xlsx|PHL clean slate 28_07.xlsx|PNG clean slate 28_07.xlsx|PRC clean slate 28_07.xlsx|THA clean slate 28_07.xlsx|USA clean slate 28_07.xlsx|VN clean slate 28_07.xlsx|leap_export_template 03_CDA_COMP_GEN.xlsx|leap_export_template 04_CHL_COMP_GEN.xlsx|leap_export_template 06_HKC_COMP_GEN.xlsx|leap_export_template 07_INA_COMP_GEN.xlsx|leap_export_template 08_JPN_COMP_GEN.xlsx|leap_export_template 09_ROK_COMP_GEN.xlsx|leap_export_template 14_PE_COMP_GEN.xlsx|leap_export_template 16_RUS_COMP_GEN.xlsx|leap_export_template 17_SGP_COMP_GEN.xlsx|leap_export_template 18_CT_COMP_GEN.xlsx,False,branch_structure_only
Transformation\Transfers unallocated\Processes\Transfers unallocated\Auxiliary Fuels\Fuel oil,21,AUS clean slate 28_07.xlsx|BD clean slate 28_07.xlsx|MAS clean slate 28_07.xlsx|MEX clean slate 28_07.xlsx|NZ clean slate 27_07.xlsx|PHL clean slate 28_07.xlsx|PNG clean slate 28_07.xlsx|PRC clean slate 28_07.xlsx|THA clean slate 28_07.xlsx|USA clean slate 28_07.xlsx|VN clean slate 28_07.xlsx|leap_export_template 03_CDA_COMP_GEN.xlsx|leap_export_template 04_CHL_COMP_GEN.xlsx|leap_export_template 06_HKC_COMP_GEN.xlsx|leap_export_template 07_INA_COMP_GEN.xlsx|leap_export_template 08_JPN_COMP_GEN.xlsx|leap_export_template 09_ROK_COMP_GEN.xlsx|leap_export_template 14_PE_COMP_GEN.xlsx|leap_export_template 16_RUS_COMP_GEN.xlsx|leap_export_template 17_SGP_COMP_GEN.xlsx|leap_export_template 18_CT_COMP_GEN.xlsx,True,explicit_transformation_fuel_leaf_evidence
Transformation\Transfers unallocated\Processes\Transfers unallocated\Auxiliary Fuels\Other products,21,AUS clean slate 28_07.xlsx|BD clean slate 28_07.xlsx|MAS clean slate 28_07.xlsx|MEX clean slate 28_07.xlsx|NZ clean slate 27_07.xlsx|PHL clean slate 28_07.xlsx|PNG clean slate 28_07.xlsx|PRC clean slate 28_07.xlsx|THA clean slate 28_07.xlsx|USA clean slate 28_07.xlsx|VN clean slate 28_07.xlsx|leap_export_template 03_CDA_COMP_GEN.xlsx|leap_export_template 04_CHL_COMP_GEN.xlsx|leap_export_template 06_HKC_COMP_GEN.xlsx|leap_export_template 07_INA_COMP_GEN.xlsx|leap_export_template 08_JPN_COMP_GEN.xlsx|leap_export_template 09_ROK_COMP_GEN.xlsx|leap_export_template 14_PE_COMP_GEN.xlsx|leap_export_template 16_RUS_COMP_GEN.xlsx|leap_export_template 17_SGP_COMP_GEN.xlsx|leap_export_template 18_CT_COMP_GEN.xlsx,True,explicit_transformation_fuel_leaf_evidence
Transformation\Transfers unallocated\Processes\Transfers unallocated\Feedstock Fuels\Aviation gasoline,21,AUS clean slate 28_07.xlsx|BD clean slate 28_07.xlsx|MAS clean slate 28_07.xlsx|MEX clean slate 28_07.xlsx|NZ clean slate 27_07.xlsx|PHL clean slate 28_07.xlsx|PNG clean slate 28_07.xlsx|PRC clean slate 28_07.xlsx|THA clean slate 28_07.xlsx|USA clean slate 28_07.xlsx|VN clean slate 28_07.xlsx|leap_export_template 03_CDA_COMP_GEN.xlsx|leap_export_template 04_CHL_COMP_GEN.xlsx|leap_export_template 06_HKC_COMP_GEN.xlsx|leap_export_template 07_INA_COMP_GEN.xlsx|leap_export_template 08_JPN_COMP_GEN.xlsx|leap_export_template 09_ROK_COMP_GEN.xlsx|leap_export_template 14_PE_COMP_GEN.xlsx|leap_export_template 16_RUS_COMP_GEN.xlsx|leap_export_template 17_SGP_COMP_GEN.xlsx|leap_export_template 18_CT_COMP_GEN.xlsx,True,explicit_transformation_fuel_leaf_evidence
Transformation\Transfers unallocated\Processes\Transfers unallocated\Feedstock Fuels\Bitumen,21,AUS clean slate 28_07.xlsx|BD clean slate 28_07.xlsx|MAS clean slate 28_07.xlsx|MEX clean slate 28_07.xlsx|NZ clean slate 27_07.xlsx|PHL clean slate 28_07.xlsx|PNG clean slate 28_07.xlsx|PRC clean slate 28_07.xlsx|THA clean slate 28_07.xlsx|USA clean slate 28_07.xlsx|VN clean slate 28_07.xlsx|leap_export_template 03_CDA_COMP_GEN.xlsx|leap_export_template 04_CHL_COMP_GEN.xlsx|leap_export_template 06_HKC_COMP_GEN.xlsx|leap_export_template 07_INA_COMP_GEN.xlsx|leap_export_template 08_JPN_COMP_GEN.xlsx|leap_export_template 09_ROK_COMP_GEN.xlsx|leap_export_template 14_PE_COMP_GEN.xlsx|leap_export_template 16_RUS_COMP_GEN.xlsx|leap_export_template 17_SGP_COMP_GEN.xlsx|leap_export_template 18_CT_COMP_GEN.xlsx,True,explicit_transformation_fuel_leaf_evidence
Transformation\Transfers unallocated\Processes\Transfers unallocated\Feedstock Fuels\Fuel oil,21,AUS clean slate 28_07.xlsx|BD clean slate 28_07.xlsx|MAS clean slate 28_07.xlsx|MEX clean slate 28_07.xlsx|NZ clean slate 27_07.xlsx|PHL clean slate 28_07.xlsx|PNG clean slate 28_07.xlsx|PRC clean slate 28_07.xlsx|THA clean slate 28_07.xlsx|USA clean slate 28_07.xlsx|VN clean slate 28_07.xlsx|leap_export_template 03_CDA_COMP_GEN.xlsx|leap_export_template 04_CHL_COMP_GEN.xlsx|leap_export_template 06_HKC_COMP_GEN.xlsx|leap_export_template 07_INA_COMP_GEN.xlsx|leap_export_template 08_JPN_COMP_GEN.xlsx|leap_export_template 09_ROK_COMP_GEN.xlsx|leap_export_template 14_PE_COMP_GEN.xlsx|leap_export_template 16_RUS_COMP_GEN.xlsx|leap_export_template 17_SGP_COMP_GEN.xlsx|leap_export_template 18_CT_COMP_GEN.xlsx,True,explicit_transformation_fuel_leaf_evidence
Transformation\Transfers unallocated\Processes\Transfers unallocated\Feedstock Fuels\Gas and diesel oil,20,AUS clean slate 28_07.xlsx|BD clean slate 28_07.xlsx|MAS clean slate 28_07.xlsx|NZ clean slate 27_07.xlsx|PHL clean slate 28_07.xlsx|PNG clean slate 28_07.xlsx|PRC clean slate 28_07.xlsx|THA clean slate 28_07.xlsx|USA clean slate 28_07.xlsx|VN clean slate 28_07.xlsx|leap_export_template 03_CDA_COMP_GEN.xlsx|leap_export_template 04_CHL_COMP_GEN.xlsx|leap_export_template 06_HKC_COMP_GEN.xlsx|leap_export_template 07_INA_COMP_GEN.xlsx|leap_export_template 08_JPN_COMP_GEN.xlsx|leap_export_template 09_ROK_COMP_GEN.xlsx|leap_export_template 14_PE_COMP_GEN.xlsx|leap_export_template 16_RUS_COMP_GEN.xlsx|leap_export_template 17_SGP_COMP_GEN.xlsx|leap_export_template 18_CT_COMP_GEN.xlsx,True,explicit_transformation_fuel_leaf_evidence
Transformation\Transfers unallocated\Processes\Transfers unallocated\Feedstock Fuels\Kerosene,21,AUS clean slate 28_07.xlsx|BD clean slate 28_07.xlsx|MAS clean slate 28_07.xlsx|MEX clean slate 28_07.xlsx|NZ clean slate 27_07.xlsx|PHL clean slate 28_07.xlsx|PNG clean slate 28_07.xlsx|PRC clean slate 28_07.xlsx|THA clean slate 28_07.xlsx|USA clean slate 28_07.xlsx|VN clean slate 28_07.xlsx|leap_export_template 03_CDA_COMP_GEN.xlsx|leap_export_template 04_CHL_COMP_GEN.xlsx|leap_export_template 06_HKC_COMP_GEN.xlsx|leap_export_template 07_INA_COMP_GEN.xlsx|leap_export_template 08_JPN_COMP_GEN.xlsx|leap_export_template 09_ROK_COMP_GEN.xlsx|leap_export_template 14_PE_COMP_GEN.xlsx|leap_export_template 16_RUS_COMP_GEN.xlsx|leap_export_template 17_SGP_COMP_GEN.xlsx|leap_export_template 18_CT_COMP_GEN.xlsx,True,explicit_transformation_fuel_leaf_evidence
Transformation\Transfers unallocated\Processes\Transfers unallocated\Feedstock Fuels\Kerosene type jet fuel,20,AUS clean slate 28_07.xlsx|BD clean slate 28_07.xlsx|MAS clean slate 28_07.xlsx|NZ clean slate 27_07.xlsx|PHL clean slate 28_07.xlsx|PNG clean slate 28_07.xlsx|PRC clean slate 28_07.xlsx|THA clean slate 28_07.xlsx|USA clean slate 28_07.xlsx|VN clean slate 28_07.xlsx|leap_export_template 03_CDA_COMP_GEN.xlsx|leap_export_template 04_CHL_COMP_GEN.xlsx|leap_export_template 06_HKC_COMP_GEN.xlsx|leap_export_template 07_INA_COMP_GEN.xlsx|leap_export_template 08_JPN_COMP_GEN.xlsx|leap_export_template 09_ROK_COMP_GEN.xlsx|leap_export_template 14_PE_COMP_GEN.xlsx|leap_export_template 16_RUS_COMP_GEN.xlsx|leap_export_template 17_SGP_COMP_GEN.xlsx|leap_export_template 18_CT_COMP_GEN.xlsx,True,explicit_transformation_fuel_leaf_evidence
Transformation\Transfers unallocated\Processes\Transfers unallocated\Feedstock Fuels\LPG,20,AUS clean slate 28_07.xlsx|BD clean slate 28_07.xlsx|MAS clean slate 28_07.xlsx|NZ clean slate 27_07.xlsx|PHL clean slate 28_07.xlsx|PNG clean slate 28_07.xlsx|PRC clean slate 28_07.xlsx|THA clean slate 28_07.xlsx|USA clean slate 28_07.xlsx|VN clean slate 28_07.xlsx|leap_export_template 03_CDA_COMP_GEN.xlsx|leap_export_template 04_CHL_COMP_GEN.xlsx|leap_export_template 06_HKC_COMP_GEN.xlsx|leap_export_template 07_INA_COMP_GEN.xlsx|leap_export_template 08_JPN_COMP_GEN.xlsx|leap_export_template 09_ROK_COMP_GEN.xlsx|leap_export_template 14_PE_COMP_GEN.xlsx|leap_export_template 16_RUS_COMP_GEN.xlsx|leap_export_template 17_SGP_COMP_GEN.xlsx|leap_export_template 18_CT_COMP_GEN.xlsx,True,explicit_transformation_fuel_leaf_evidence
Transformation\Transfers unallocated\Processes\Transfers unallocated\Feedstock Fuels\Lubricants,20,AUS clean slate 28_07.xlsx|BD clean slate 28_07.xlsx|MAS clean slate 28_07.xlsx|NZ clean slate 27_07.xlsx|PHL clean slate 28_07.xlsx|PNG clean slate 28_07.xlsx|PRC clean slate 28_07.xlsx|THA clean slate 28_07.xlsx|USA clean slate 28_07.xlsx|VN clean slate 28_07.xlsx|leap_export_template 03_CDA_COMP_GEN.xlsx|leap_export_template 04_CHL_COMP_GEN.xlsx|leap_export_template 06_HKC_COMP_GEN.xlsx|leap_export_template 07_INA_COMP_GEN.xlsx|leap_export_template 08_JPN_COMP_GEN.xlsx|leap_export_template 09_ROK_COMP_GEN.xlsx|leap_export_template 14_PE_COMP_GEN.xlsx|leap_export_template 16_RUS_COMP_GEN.xlsx|leap_export_template 17_SGP_COMP_GEN.xlsx|leap_export_template 18_CT_COMP_GEN.xlsx,True,explicit_transformation_fuel_leaf_evidence
Transformation\Transfers unallocated\Processes\Transfers unallocated\Feedstock Fuels\Motor gasoline,20,AUS clean slate 28_07.xlsx|BD clean slate 28_07.xlsx|MAS clean slate 28_07.xlsx|NZ clean slate 27_07.xlsx|PHL clean slate 28_07.xlsx|PNG clean slate 28_07.xlsx|PRC clean slate 28_07.xlsx|THA clean slate 28_07.xlsx|USA clean slate 28_07.xlsx|VN clean slate 28_07.xlsx|leap_export_template 03_CDA_COMP_GEN.xlsx|leap_export_template 04_CHL_COMP_GEN.xlsx|leap_export_template 06_HKC_COMP_GEN.xlsx|leap_export_template 07_INA_COMP_GEN.xlsx|leap_export_template 08_JPN_COMP_GEN.xlsx|leap_export_template 09_ROK_COMP_GEN.xlsx|leap_export_template 14_PE_COMP_GEN.xlsx|leap_export_template 16_RUS_COMP_GEN.xlsx|leap_export_template 17_SGP_COMP_GEN.xlsx|leap_export_template 18_CT_COMP_GEN.xlsx,True,explicit_transformation_fuel_leaf_evidence
Transformation\Transfers unallocated\Processes\Transfers unallocated\Feedstock Fuels\Naphtha,21,AUS clean slate 28_07.xlsx|BD clean slate 28_07.xlsx|MAS clean slate 28_07.xlsx|MEX clean slate 28_07.xlsx|NZ clean slate 27_07.xlsx|PHL clean slate 28_07.xlsx|PNG clean slate 28_07.xlsx|PRC clean slate 28_07.xlsx|THA clean slate 28_07.xlsx|USA clean slate 28_07.xlsx|VN clean slate 28_07.xlsx|leap_export_template 03_CDA_COMP_GEN.xlsx|leap_export_template 04_CHL_COMP_GEN.xlsx|leap_export_template 06_HKC_COMP_GEN.xlsx|leap_export_template 07_INA_COMP_GEN.xlsx|leap_export_template 08_JPN_COMP_GEN.xlsx|leap_export_template 09_ROK_COMP_GEN.xlsx|leap_export_template 14_PE_COMP_GEN.xlsx|leap_export_template 16_RUS_COMP_GEN.xlsx|leap_export_template 17_SGP_COMP_GEN.xlsx|leap_export_template 18_CT_COMP_GEN.xlsx,True,explicit_transformation_fuel_leaf_evidence
Transformation\Transfers unallocated\Processes\Transfers unallocated\Feedstock Fuels\Natural gas liquids,21,AUS clean slate 28_07.xlsx|BD clean slate 28_07.xlsx|MAS clean slate 28_07.xlsx|MEX clean slate 28_07.xlsx|NZ clean slate 27_07.xlsx|PHL clean slate 28_07.xlsx|PNG clean slate 28_07.xlsx|PRC clean slate 28_07.xlsx|THA clean slate 28_07.xlsx|USA clean slate 28_07.xlsx|VN clean slate 28_07.xlsx|leap_export_template 03_CDA_COMP_GEN.xlsx|leap_export_template 04_CHL_COMP_GEN.xlsx|leap_export_template 06_HKC_COMP_GEN.xlsx|leap_export_template 07_INA_COMP_GEN.xlsx|leap_export_template 08_JPN_COMP_GEN.xlsx|leap_export_template 09_ROK_COMP_GEN.xlsx|leap_export_template 14_PE_COMP_GEN.xlsx|leap_export_template 16_RUS_COMP_GEN.xlsx|leap_export_template 17_SGP_COMP_GEN.xlsx|leap_export_template 18_CT_COMP_GEN.xlsx,True,explicit_transformation_fuel_leaf_evidence
Transformation\Transfers unallocated\Processes\Transfers unallocated\Feedstock Fuels\Other hydrocarbons,20,AUS clean slate 28_07.xlsx|BD clean slate 28_07.xlsx|MAS clean slate 28_07.xlsx|NZ clean slate 27_07.xlsx|PHL clean slate 28_07.xlsx|PNG clean slate 28_07.xlsx|PRC clean slate 28_07.xlsx|THA clean slate 28_07.xlsx|USA clean slate 28_07.xlsx|VN clean slate 28_07.xlsx|leap_export_template 03_CDA_COMP_GEN.xlsx|leap_export_template 04_CHL_COMP_GEN.xlsx|leap_export_template 06_HKC_COMP_GEN.xlsx|leap_export_template 07_INA_COMP_GEN.xlsx|leap_export_template 08_JPN_COMP_GEN.xlsx|leap_export_template 09_ROK_COMP_GEN.xlsx|leap_export_template 14_PE_COMP_GEN.xlsx|leap_export_template 16_RUS_COMP_GEN.xlsx|leap_export_template 17_SGP_COMP_GEN.xlsx|leap_export_template 18_CT_COMP_GEN.xlsx,True,explicit_transformation_fuel_leaf_evidence
Transformation\Transfers unallocated\Processes\Transfers unallocated\Feedstock Fuels\Other products,21,AUS clean slate 28_07.xlsx|BD clean slate 28_07.xlsx|MAS clean slate 28_07.xlsx|MEX clean slate 28_07.xlsx|NZ clean slate 27_07.xlsx|PHL clean slate 28_07.xlsx|PNG clean slate 28_07.xlsx|PRC clean slate 28_07.xlsx|THA clean slate 28_07.xlsx|USA clean slate 28_07.xlsx|VN clean slate 28_07.xlsx|leap_export_template 03_CDA_COMP_GEN.xlsx|leap_export_template 04_CHL_COMP_GEN.xlsx|leap_export_template 06_HKC_COMP_GEN.xlsx|leap_export_template 07_INA_COMP_GEN.xlsx|leap_export_template 08_JPN_COMP_GEN.xlsx|leap_export_template 09_ROK_COMP_GEN.xlsx|leap_export_template 14_PE_COMP_GEN.xlsx|leap_export_template 16_RUS_COMP_GEN.xlsx|leap_export_template 17_SGP_COMP_GEN.xlsx|leap_export_template 18_CT_COMP_GEN.xlsx,True,explicit_transformation_fuel_leaf_evidence
Transformation\Transfers unallocated\Processes\Transfers unallocated\Feedstock Fuels\Paraffin waxes,21,AUS clean slate 28_07.xlsx|BD clean slate 28_07.xlsx|MAS clean slate 28_07.xlsx|MEX clean slate 28_07.xlsx|NZ clean slate 27_07.xlsx|PHL clean slate 28_07.xlsx|PNG clean slate 28_07.xlsx|PRC clean slate 28_07.xlsx|THA clean slate 28_07.xlsx|USA clean slate 28_07.xlsx|VN clean slate 28_07.xlsx|leap_export_template 03_CDA_COMP_GEN.xlsx|leap_export_template 04_CHL_COMP_GEN.xlsx|leap_export_template 06_HKC_COMP_GEN.xlsx|leap_export_template 07_INA_COMP_GEN.xlsx|leap_export_template 08_JPN_COMP_GEN.xlsx|leap_export_template 09_ROK_COMP_GEN.xlsx|leap_export_template 14_PE_COMP_GEN.xlsx|leap_export_template 16_RUS_COMP_GEN.xlsx|leap_export_template 17_SGP_COMP_GEN.xlsx|leap_export_template 18_CT_COMP_GEN.xlsx,True,explicit_transformation_fuel_leaf_evidence
Transformation\Transfers unallocated\Processes\Transfers unallocated\Feedstock Fuels\White spirit SBP,21,AUS clean slate 28_07.xlsx|BD clean slate 28_07.xlsx|MAS clean slate 28_07.xlsx|MEX clean slate 28_07.xlsx|NZ clean slate 27_07.xlsx|PHL clean slate 28_07.xlsx|PNG clean slate 28_07.xlsx|PRC clean slate 28_07.xlsx|THA clean slate 28_07.xlsx|USA clean slate 28_07.xlsx|VN clean slate 28_07.xlsx|leap_export_template 03_CDA_COMP_GEN.xlsx|leap_export_template 04_CHL_COMP_GEN.xlsx|leap_export_template 06_HKC_COMP_GEN.xlsx|leap_export_template 07_INA_COMP_GEN.xlsx|leap_export_template 08_JPN_COMP_GEN.xlsx|leap_export_template 09_ROK_COMP_GEN.xlsx|leap_export_template 14_PE_COMP_GEN.xlsx|leap_export_template 16_RUS_COMP_GEN.xlsx|leap_export_template 17_SGP_COMP_GEN.xlsx|leap_export_template 18_CT_COMP_GEN.xlsx,True,explicit_transformation_fuel_leaf_evidence
Transformation\Transmission and Distribution\Processes\Electricity,1,PRC clean slate 28_07.xlsx,False,branch_structure_only
Transformation\Transmission and Distribution\Processes\Electricity\Feedstock Fuels\Electricity,1,PRC clean slate 28_07.xlsx,True,explicit_transformation_fuel_leaf_evidence
Transformation\Upstream liquids transfers,21,AUS clean slate 28_07.xlsx|BD clean slate 28_07.xlsx|MAS clean slate 28_07.xlsx|MEX clean slate 28_07.xlsx|NZ clean slate 27_07.xlsx|PHL clean slate 28_07.xlsx|PNG clean slate 28_07.xlsx|PRC clean slate 28_07.xlsx|THA clean slate 28_07.xlsx|USA clean slate 28_07.xlsx|VN clean slate 28_07.xlsx|leap_export_template 03_CDA_COMP_GEN.xlsx|leap_export_template 04_CHL_COMP_GEN.xlsx|leap_export_template 06_HKC_COMP_GEN.xlsx|leap_export_template 07_INA_COMP_GEN.xlsx|leap_export_template 08_JPN_COMP_GEN.xlsx|leap_export_template 09_ROK_COMP_GEN.xlsx|leap_export_template 14_PE_COMP_GEN.xlsx|leap_export_template 16_RUS_COMP_GEN.xlsx|leap_export_template 17_SGP_COMP_GEN.xlsx|leap_export_template 18_CT_COMP_GEN.xlsx,False,branch_structure_only
Transformation\Upstream liquids transfers\Output Fuels\Additives and oxygenates,21,AUS clean slate 28_07.xlsx|BD clean slate 28_07.xlsx|MAS clean slate 28_07.xlsx|MEX clean slate 28_07.xlsx|NZ clean slate 27_07.xlsx|PHL clean slate 28_07.xlsx|PNG clean slate 28_07.xlsx|PRC clean slate 28_07.xlsx|THA clean slate 28_07.xlsx|USA clean slate 28_07.xlsx|VN clean slate 28_07.xlsx|leap_export_template 03_CDA_COMP_GEN.xlsx|leap_export_template 04_CHL_COMP_GEN.xlsx|leap_export_template 06_HKC_COMP_GEN.xlsx|leap_export_template 07_INA_COMP_GEN.xlsx|leap_export_template 08_JPN_COMP_GEN.xlsx|leap_export_template 09_ROK_COMP_GEN.xlsx|leap_export_template 14_PE_COMP_GEN.xlsx|leap_export_template 16_RUS_COMP_GEN.xlsx|leap_export_template 17_SGP_COMP_GEN.xlsx|leap_export_template 18_CT_COMP_GEN.xlsx,True,explicit_transformation_fuel_leaf_evidence
Transformation\Upstream liquids transfers\Output Fuels\Aviation gasoline,21,AUS clean slate 28_07.xlsx|BD clean slate 28_07.xlsx|MAS clean slate 28_07.xlsx|MEX clean slate 28_07.xlsx|NZ clean slate 27_07.xlsx|PHL clean slate 28_07.xlsx|PNG clean slate 28_07.xlsx|PRC clean slate 28_07.xlsx|THA clean slate 28_07.xlsx|USA clean slate 28_07.xlsx|VN clean slate 28_07.xlsx|leap_export_template 03_CDA_COMP_GEN.xlsx|leap_export_template 04_CHL_COMP_GEN.xlsx|leap_export_template 06_HKC_COMP_GEN.xlsx|leap_export_template 07_INA_COMP_GEN.xlsx|leap_export_template 08_JPN_COMP_GEN.xlsx|leap_export_template 09_ROK_COMP_GEN.xlsx|leap_export_template 14_PE_COMP_GEN.xlsx|leap_export_template 16_RUS_COMP_GEN.xlsx|leap_export_template 17_SGP_COMP_GEN.xlsx|leap_export_template 18_CT_COMP_GEN.xlsx,True,explicit_transformation_fuel_leaf_evidence
Transformation\Upstream liquids transfers\Output Fuels\Bitumen,21,AUS clean slate 28_07.xlsx|BD clean slate 28_07.xlsx|MAS clean slate 28_07.xlsx|MEX clean slate 28_07.xlsx|NZ clean slate 27_07.xlsx|PHL clean slate 28_07.xlsx|PNG clean slate 28_07.xlsx|PRC clean slate 28_07.xlsx|THA clean slate 28_07.xlsx|USA clean slate 28_07.xlsx|VN clean slate 28_07.xlsx|leap_export_template 03_CDA_COMP_GEN.xlsx|leap_export_template 04_CHL_COMP_GEN.xlsx|leap_export_template 06_HKC_COMP_GEN.xlsx|leap_export_template 07_INA_COMP_GEN.xlsx|leap_export_template 08_JPN_COMP_GEN.xlsx|leap_export_template 09_ROK_COMP_GEN.xlsx|leap_export_template 14_PE_COMP_GEN.xlsx|leap_export_template 16_RUS_COMP_GEN.xlsx|leap_export_template 17_SGP_COMP_GEN.xlsx|leap_export_template 18_CT_COMP_GEN.xlsx,True,explicit_transformation_fuel_leaf_evidence
Transformation\Upstream liquids transfers\Output Fuels\Crude oil,21,AUS clean slate 28_07.xlsx|BD clean slate 28_07.xlsx|MAS clean slate 28_07.xlsx|MEX clean slate 28_07.xlsx|NZ clean slate 27_07.xlsx|PHL clean slate 28_07.xlsx|PNG clean slate 28_07.xlsx|PRC clean slate 28_07.xlsx|THA clean slate 28_07.xlsx|USA clean slate 28_07.xlsx|VN clean slate 28_07.xlsx|leap_export_template 03_CDA_COMP_GEN.xlsx|leap_export_template 04_CHL_COMP_GEN.xlsx|leap_export_template 06_HKC_COMP_GEN.xlsx|leap_export_template 07_INA_COMP_GEN.xlsx|leap_export_template 08_JPN_COMP_GEN.xlsx|leap_export_template 09_ROK_COMP_GEN.xlsx|leap_export_template 14_PE_COMP_GEN.xlsx|leap_export_template 16_RUS_COMP_GEN.xlsx|leap_export_template 17_SGP_COMP_GEN.xlsx|leap_export_template 18_CT_COMP_GEN.xlsx,True,explicit_transformation_fuel_leaf_evidence
Transformation\Upstream liquids transfers\Output Fuels\Ethane,21,AUS clean slate 28_07.xlsx|BD clean slate 28_07.xlsx|MAS clean slate 28_07.xlsx|MEX clean slate 28_07.xlsx|NZ clean slate 27_07.xlsx|PHL clean slate 28_07.xlsx|PNG clean slate 28_07.xlsx|PRC clean slate 28_07.xlsx|THA clean slate 28_07.xlsx|USA clean slate 28_07.xlsx|VN clean slate 28_07.xlsx|leap_export_template 03_CDA_COMP_GEN.xlsx|leap_export_template 04_CHL_COMP_GEN.xlsx|leap_export_template 06_HKC_COMP_GEN.xlsx|leap_export_template 07_INA_COMP_GEN.xlsx|leap_export_template 08_JPN_COMP_GEN.xlsx|leap_export_template 09_ROK_COMP_GEN.xlsx|leap_export_template 14_PE_COMP_GEN.xlsx|leap_export_template 16_RUS_COMP_GEN.xlsx|leap_export_template 17_SGP_COMP_GEN.xlsx|leap_export_template 18_CT_COMP_GEN.xlsx,True,explicit_transformation_fuel_leaf_evidence
Transformation\Upstream liquids transfers\Output Fuels\Gas and diesel oil,21,AUS clean slate 28_07.xlsx|BD clean slate 28_07.xlsx|MAS clean slate 28_07.xlsx|MEX clean slate 28_07.xlsx|NZ clean slate 27_07.xlsx|PHL clean slate 28_07.xlsx|PNG clean slate 28_07.xlsx|PRC clean slate 28_07.xlsx|THA clean slate 28_07.xlsx|USA clean slate 28_07.xlsx|VN clean slate 28_07.xlsx|leap_export_template 03_CDA_COMP_GEN.xlsx|leap_export_template 04_CHL_COMP_GEN.xlsx|leap_export_template 06_HKC_COMP_GEN.xlsx|leap_export_template 07_INA_COMP_GEN.xlsx|leap_export_template 08_JPN_COMP_GEN.xlsx|leap_export_template 09_ROK_COMP_GEN.xlsx|leap_export_template 14_PE_COMP_GEN.xlsx|leap_export_template 16_RUS_COMP_GEN.xlsx|leap_export_template 17_SGP_COMP_GEN.xlsx|leap_export_template 18_CT_COMP_GEN.xlsx,True,explicit_transformation_fuel_leaf_evidence
Transformation\Upstream liquids transfers\Output Fuels\Kerosene type jet fuel,21,AUS clean slate 28_07.xlsx|BD clean slate 28_07.xlsx|MAS clean slate 28_07.xlsx|MEX clean slate 28_07.xlsx|NZ clean slate 27_07.xlsx|PHL clean slate 28_07.xlsx|PNG clean slate 28_07.xlsx|PRC clean slate 28_07.xlsx|THA clean slate 28_07.xlsx|USA clean slate 28_07.xlsx|VN clean slate 28_07.xlsx|leap_export_template 03_CDA_COMP_GEN.xlsx|leap_export_template 04_CHL_COMP_GEN.xlsx|leap_export_template 06_HKC_COMP_GEN.xlsx|leap_export_template 07_INA_COMP_GEN.xlsx|leap_export_template 08_JPN_COMP_GEN.xlsx|leap_export_template 09_ROK_COMP_GEN.xlsx|leap_export_template 14_PE_COMP_GEN.xlsx|leap_export_template 16_RUS_COMP_GEN.xlsx|leap_export_template 17_SGP_COMP_GEN.xlsx|leap_export_template 18_CT_COMP_GEN.xlsx,True,explicit_transformation_fuel_leaf_evidence
Transformation\Upstream liquids transfers\Output Fuels\LPG,21,AUS clean slate 28_07.xlsx|BD clean slate 28_07.xlsx|MAS clean slate 28_07.xlsx|MEX clean slate 28_07.xlsx|NZ clean slate 27_07.xlsx|PHL clean slate 28_07.xlsx|PNG clean slate 28_07.xlsx|PRC clean slate 28_07.xlsx|THA clean slate 28_07.xlsx|USA clean slate 28_07.xlsx|VN clean slate 28_07.xlsx|leap_export_template 03_CDA_COMP_GEN.xlsx|leap_export_template 04_CHL_COMP_GEN.xlsx|leap_export_template 06_HKC_COMP_GEN.xlsx|leap_export_template 07_INA_COMP_GEN.xlsx|leap_export_template 08_JPN_COMP_GEN.xlsx|leap_export_template 09_ROK_COMP_GEN.xlsx|leap_export_template 14_PE_COMP_GEN.xlsx|leap_export_template 16_RUS_COMP_GEN.xlsx|leap_export_template 17_SGP_COMP_GEN.xlsx|leap_export_template 18_CT_COMP_GEN.xlsx,True,explicit_transformation_fuel_leaf_evidence
Transformation\Upstream liquids transfers\Output Fuels\Lubricants,21,AUS clean slate 28_07.xlsx|BD clean slate 28_07.xlsx|MAS clean slate 28_07.xlsx|MEX clean slate 28_07.xlsx|NZ clean slate 27_07.xlsx|PHL clean slate 28_07.xlsx|PNG clean slate 28_07.xlsx|PRC clean slate 28_07.xlsx|THA clean slate 28_07.xlsx|USA clean slate 28_07.xlsx|VN clean slate 28_07.xlsx|leap_export_template 03_CDA_COMP_GEN.xlsx|leap_export_template 04_CHL_COMP_GEN.xlsx|leap_export_template 06_HKC_COMP_GEN.xlsx|leap_export_template 07_INA_COMP_GEN.xlsx|leap_export_template 08_JPN_COMP_GEN.xlsx|leap_export_template 09_ROK_COMP_GEN.xlsx|leap_export_template 14_PE_COMP_GEN.xlsx|leap_export_template 16_RUS_COMP_GEN.xlsx|leap_export_template 17_SGP_COMP_GEN.xlsx|leap_export_template 18_CT_COMP_GEN.xlsx,True,explicit_transformation_fuel_leaf_evidence
Transformation\Upstream liquids transfers\Output Fuels\Motor gasoline,21,AUS clean slate 28_07.xlsx|BD clean slate 28_07.xlsx|MAS clean slate 28_07.xlsx|MEX clean slate 28_07.xlsx|NZ clean slate 27_07.xlsx|PHL clean slate 28_07.xlsx|PNG clean slate 28_07.xlsx|PRC clean slate 28_07.xlsx|THA clean slate 28_07.xlsx|USA clean slate 28_07.xlsx|VN clean slate 28_07.xlsx|leap_export_template 03_CDA_COMP_GEN.xlsx|leap_export_template 04_CHL_COMP_GEN.xlsx|leap_export_template 06_HKC_COMP_GEN.xlsx|leap_export_template 07_INA_COMP_GEN.xlsx|leap_export_template 08_JPN_COMP_GEN.xlsx|leap_export_template 09_ROK_COMP_GEN.xlsx|leap_export_template 14_PE_COMP_GEN.xlsx|leap_export_template 16_RUS_COMP_GEN.xlsx|leap_export_template 17_SGP_COMP_GEN.xlsx|leap_export_template 18_CT_COMP_GEN.xlsx,True,explicit_transformation_fuel_leaf_evidence
Transformation\Upstream liquids transfers\Output Fuels\Other hydrocarbons,21,AUS clean slate 28_07.xlsx|BD clean slate 28_07.xlsx|MAS clean slate 28_07.xlsx|MEX clean slate 28_07.xlsx|NZ clean slate 27_07.xlsx|PHL clean slate 28_07.xlsx|PNG clean slate 28_07.xlsx|PRC clean slate 28_07.xlsx|THA clean slate 28_07.xlsx|USA clean slate 28_07.xlsx|VN clean slate 28_07.xlsx|leap_export_template 03_CDA_COMP_GEN.xlsx|leap_export_template 04_CHL_COMP_GEN.xlsx|leap_export_template 06_HKC_COMP_GEN.xlsx|leap_export_template 07_INA_COMP_GEN.xlsx|leap_export_template 08_JPN_COMP_GEN.xlsx|leap_export_template 09_ROK_COMP_GEN.xlsx|leap_export_template 14_PE_COMP_GEN.xlsx|leap_export_template 16_RUS_COMP_GEN.xlsx|leap_export_template 17_SGP_COMP_GEN.xlsx|leap_export_template 18_CT_COMP_GEN.xlsx,True,explicit_transformation_fuel_leaf_evidence
Transformation\Upstream liquids transfers\Output Fuels\Other products,21,AUS clean slate 28_07.xlsx|BD clean slate 28_07.xlsx|MAS clean slate 28_07.xlsx|MEX clean slate 28_07.xlsx|NZ clean slate 27_07.xlsx|PHL clean slate 28_07.xlsx|PNG clean slate 28_07.xlsx|PRC clean slate 28_07.xlsx|THA clean slate 28_07.xlsx|USA clean slate 28_07.xlsx|VN clean slate 28_07.xlsx|leap_export_template 03_CDA_COMP_GEN.xlsx|leap_export_template 04_CHL_COMP_GEN.xlsx|leap_export_template 06_HKC_COMP_GEN.xlsx|leap_export_template 07_INA_COMP_GEN.xlsx|leap_export_template 08_JPN_COMP_GEN.xlsx|leap_export_template 09_ROK_COMP_GEN.xlsx|leap_export_template 14_PE_COMP_GEN.xlsx|leap_export_template 16_RUS_COMP_GEN.xlsx|leap_export_template 17_SGP_COMP_GEN.xlsx|leap_export_template 18_CT_COMP_GEN.xlsx,True,explicit_transformation_fuel_leaf_evidence
Transformation\Upstream liquids transfers\Output Fuels\Petroleum coke,21,AUS clean slate 28_07.xlsx|BD clean slate 28_07.xlsx|MAS clean slate 28_07.xlsx|MEX clean slate 28_07.xlsx|NZ clean slate 27_07.xlsx|PHL clean slate 28_07.xlsx|PNG clean slate 28_07.xlsx|PRC clean slate 28_07.xlsx|THA clean slate 28_07.xlsx|USA clean slate 28_07.xlsx|VN clean slate 28_07.xlsx|leap_export_template 03_CDA_COMP_GEN.xlsx|leap_export_template 04_CHL_COMP_GEN.xlsx|leap_export_template 06_HKC_COMP_GEN.xlsx|leap_export_template 07_INA_COMP_GEN.xlsx|leap_export_template 08_JPN_COMP_GEN.xlsx|leap_export_template 09_ROK_COMP_GEN.xlsx|leap_export_template 14_PE_COMP_GEN.xlsx|leap_export_template 16_RUS_COMP_GEN.xlsx|leap_export_template 17_SGP_COMP_GEN.xlsx|leap_export_template 18_CT_COMP_GEN.xlsx,True,explicit_transformation_fuel_leaf_evidence
Transformation\Upstream liquids transfers\Output Fuels\Refinery feedstocks,21,AUS clean slate 28_07.xlsx|BD clean slate 28_07.xlsx|MAS clean slate 28_07.xlsx|MEX clean slate 28_07.xlsx|NZ clean slate 27_07.xlsx|PHL clean slate 28_07.xlsx|PNG clean slate 28_07.xlsx|PRC clean slate 28_07.xlsx|THA clean slate 28_07.xlsx|USA clean slate 28_07.xlsx|VN clean slate 28_07.xlsx|leap_export_template 03_CDA_COMP_GEN.xlsx|leap_export_template 04_CHL_COMP_GEN.xlsx|leap_export_template 06_HKC_COMP_GEN.xlsx|leap_export_template 07_INA_COMP_GEN.xlsx|leap_export_template 08_JPN_COMP_GEN.xlsx|leap_export_template 09_ROK_COMP_GEN.xlsx|leap_export_template 14_PE_COMP_GEN.xlsx|leap_export_template 16_RUS_COMP_GEN.xlsx|leap_export_template 17_SGP_COMP_GEN.xlsx|leap_export_template 18_CT_COMP_GEN.xlsx,True,explicit_transformation_fuel_leaf_evidence
Transformation\Upstream liquids transfers\Output Fuels\Refinery gas not liquefied,21,AUS clean slate 28_07.xlsx|BD clean slate 28_07.xlsx|MAS clean slate 28_07.xlsx|MEX clean slate 28_07.xlsx|NZ clean slate 27_07.xlsx|PHL clean slate 28_07.xlsx|PNG clean slate 28_07.xlsx|PRC clean slate 28_07.xlsx|THA clean slate 28_07.xlsx|USA clean slate 28_07.xlsx|VN clean slate 28_07.xlsx|leap_export_template 03_CDA_COMP_GEN.xlsx|leap_export_template 04_CHL_COMP_GEN.xlsx|leap_export_template 06_HKC_COMP_GEN.xlsx|leap_export_template 07_INA_COMP_GEN.xlsx|leap_export_template 08_JPN_COMP_GEN.xlsx|leap_export_template 09_ROK_COMP_GEN.xlsx|leap_export_template 14_PE_COMP_GEN.xlsx|leap_export_template 16_RUS_COMP_GEN.xlsx|leap_export_template 17_SGP_COMP_GEN.xlsx|leap_export_template 18_CT_COMP_GEN.xlsx,True,explicit_transformation_fuel_leaf_evidence
Transformation\Upstream liquids transfers\Processes\Upstream liquids transfers,21,AUS clean slate 28_07.xlsx|BD clean slate 28_07.xlsx|MAS clean slate 28_07.xlsx|MEX clean slate 28_07.xlsx|NZ clean slate 27_07.xlsx|PHL clean slate 28_07.xlsx|PNG clean slate 28_07.xlsx|PRC clean slate 28_07.xlsx|THA clean slate 28_07.xlsx|USA clean slate 28_07.xlsx|VN clean slate 28_07.xlsx|leap_export_template 03_CDA_COMP_GEN.xlsx|leap_export_template 04_CHL_COMP_GEN.xlsx|leap_export_template 06_HKC_COMP_GEN.xlsx|leap_export_template 07_INA_COMP_GEN.xlsx|leap_export_template 08_JPN_COMP_GEN.xlsx|leap_export_template 09_ROK_COMP_GEN.xlsx|leap_export_template 14_PE_COMP_GEN.xlsx|leap_export_template 16_RUS_COMP_GEN.xlsx|leap_export_template 17_SGP_COMP_GEN.xlsx|leap_export_template 18_CT_COMP_GEN.xlsx,False,branch_structure_only
Transformation\Upstream liquids transfers\Processes\Upstream liquids transfers\Auxiliary Fuels\Other hydrocarbons,21,AUS clean slate 28_07.xlsx|BD clean slate 28_07.xlsx|MAS clean slate 28_07.xlsx|MEX clean slate 28_07.xlsx|NZ clean slate 27_07.xlsx|PHL clean slate 28_07.xlsx|PNG clean slate 28_07.xlsx|PRC clean slate 28_07.xlsx|THA clean slate 28_07.xlsx|USA clean slate 28_07.xlsx|VN clean slate 28_07.xlsx|leap_export_template 03_CDA_COMP_GEN.xlsx|leap_export_template 04_CHL_COMP_GEN.xlsx|leap_export_template 06_HKC_COMP_GEN.xlsx|leap_export_template 07_INA_COMP_GEN.xlsx|leap_export_template 08_JPN_COMP_GEN.xlsx|leap_export_template 09_ROK_COMP_GEN.xlsx|leap_export_template 14_PE_COMP_GEN.xlsx|leap_export_template 16_RUS_COMP_GEN.xlsx|leap_export_template 17_SGP_COMP_GEN.xlsx|leap_export_template 18_CT_COMP_GEN.xlsx,True,explicit_transformation_fuel_leaf_evidence
Transformation\Upstream liquids transfers\Processes\Upstream liquids transfers\Feedstock Fuels\Natural gas liquids,21,AUS clean slate 28_07.xlsx|BD clean slate 28_07.xlsx|MAS clean slate 28_07.xlsx|MEX clean slate 28_07.xlsx|NZ clean slate 27_07.xlsx|PHL clean slate 28_07.xlsx|PNG clean slate 28_07.xlsx|PRC clean slate 28_07.xlsx|THA clean slate 28_07.xlsx|USA clean slate 28_07.xlsx|VN clean slate 28_07.xlsx|leap_export_template 03_CDA_COMP_GEN.xlsx|leap_export_template 04_CHL_COMP_GEN.xlsx|leap_export_template 06_HKC_COMP_GEN.xlsx|leap_export_template 07_INA_COMP_GEN.xlsx|leap_export_template 08_JPN_COMP_GEN.xlsx|leap_export_template 09_ROK_COMP_GEN.xlsx|leap_export_template 14_PE_COMP_GEN.xlsx|leap_export_template 16_RUS_COMP_GEN.xlsx|leap_export_template 17_SGP_COMP_GEN.xlsx|leap_export_template 18_CT_COMP_GEN.xlsx,True,explicit_transformation_fuel_leaf_evidence
Transformation\Upstream liquids transfers\Processes\Upstream liquids transfers\Feedstock Fuels\Other hydrocarbons,21,AUS clean slate 28_07.xlsx|BD clean slate 28_07.xlsx|MAS clean slate 28_07.xlsx|MEX clean slate 28_07.xlsx|NZ clean slate 27_07.xlsx|PHL clean slate 28_07.xlsx|PNG clean slate 28_07.xlsx|PRC clean slate 28_07.xlsx|THA clean slate 28_07.xlsx|USA clean slate 28_07.xlsx|VN clean slate 28_07.xlsx|leap_export_template 03_CDA_COMP_GEN.xlsx|leap_export_template 04_CHL_COMP_GEN.xlsx|leap_export_template 06_HKC_COMP_GEN.xlsx|leap_export_template 07_INA_COMP_GEN.xlsx|leap_export_template 08_JPN_COMP_GEN.xlsx|leap_export_template 09_ROK_COMP_GEN.xlsx|leap_export_template 14_PE_COMP_GEN.xlsx|leap_export_template 16_RUS_COMP_GEN.xlsx|leap_export_template 17_SGP_COMP_GEN.xlsx|leap_export_template 18_CT_COMP_GEN.xlsx,True,explicit_transformation_fuel_leaf_evidence
new area  integration,21,AUS clean slate 28_07.xlsx|BD clean slate 28_07.xlsx|MAS clean slate 28_07.xlsx|MEX clean slate 28_07.xlsx|NZ clean slate 27_07.xlsx|PHL clean slate 28_07.xlsx|PNG clean slate 28_07.xlsx|PRC clean slate 28_07.xlsx|THA clean slate 28_07.xlsx|USA clean slate 28_07.xlsx|VN clean slate 28_07.xlsx|leap_export_template 03_CDA_COMP_GEN.xlsx|leap_export_template 04_CHL_COMP_GEN.xlsx|leap_export_template 06_HKC_COMP_GEN.xlsx|leap_export_template 07_INA_COMP_GEN.xlsx|leap_export_template 08_JPN_COMP_GEN.xlsx|leap_export_template 09_ROK_COMP_GEN.xlsx|leap_export_template 14_PE_COMP_GEN.xlsx|leap_export_template 16_RUS_COMP_GEN.xlsx|leap_export_template 17_SGP_COMP_GEN.xlsx|leap_export_template 18_CT_COMP_GEN.xlsx,False,branch_structure_only
